time,target_deg,actual_deg,error_deg,p1_cmd_MPa,p2_cmd_MPa,ps_cmd_MPa,pd_cmd_MPa
7.581710815429688e-05,0.0,-0.17619942382680115,0.17619942382680115,0.6381173254514578,0.6608227266650646,1.2989400521165224,-0.022705401213606757
0.020209789276123047,0.0,-0.17611578906144093,0.17611578906144093,0.6381173254514578,0.6608227266650646,1.2989400521165224,-0.022705401213606757
0.04018139839172363,0.0,-0.17604888124915274,0.17604888124915274,0.6381173254514578,0.6608227266650646,1.2989400521165224,-0.022705401213606757
0.06017708778381348,0.0,-0.17599535499932223,0.17599535499932223,0.6381173254514578,0.6608227266650646,1.2989400521165224,-0.022705401213606757
0.08017826080322266,0.0,-0.1759525339994578,0.1759525339994578,0.6381173254514578,0.6608227266650646,1.2989400521165224,-0.022705401213606757
0.10016584396362305,0.0,-0.17591827719956624,0.17591827719956624,0.6381173254514578,0.6608227266650646,1.2989400521165224,-0.022705401213606757
0.12019538879394531,0.0,-0.17589087175965298,0.17589087175965298,0.6381173254514578,0.6608227266650646,1.2989400521165224,-0.022705401213606757
0.14017081260681152,0.0,-0.17586894740772238,0.17586894740772238,0.5681173254514578,0.6601373440306633,1.228254669482121,-0.0920200185792055
0.16017556190490723,0.0,-0.17585140792617793,0.17585140792617793,0.5681173254514578,0.6601373440306633,1.228254669482121,-0.0920200185792055
0.1801607608795166,0.0,-0.17585140792617793,0.17585140792617793,0.5681173254514578,0.6601373440306633,1.228254669482121,-0.0920200185792055
0.20015263557434082,0.0,-0.17583737634094235,0.17583737634094235,0.5681173254514578,0.6601373440306633,1.228254669482121,-0.0920200185792055
0.2201530933380127,0.0,-0.1758261510727539,0.1758261510727539,0.5681173254514578,0.6601373440306633,1.228254669482121,-0.0920200185792055
0.24014663696289062,0.0,-0.17581717085820311,0.17581717085820311,0.5681173254514578,0.6601373440306633,1.228254669482121,-0.0920200185792055
0.26018190383911133,0.0,-0.1758099866865625,0.1758099866865625,0.5681173254514578,0.6601373440306633,1.228254669482121,-0.0920200185792055
0.28017163276672363,0.0,-0.17580423934925,0.17580423934925,0.5681173254514578,0.6601373440306633,1.228254669482121,-0.0920200185792055
0.30014848709106445,0.0,-0.15822151647940003,0.15822151647940003,0.5681173254514578,0.6601373440306633,1.228254669482121,-0.0920200185792055
0.3201873302459717,0.0,-0.14415533818352003,0.14415533818352003,0.5487163637543562,0.6325851062964647,1.1813014700508209,-0.08386874254210852
0.34018707275390625,0.0,-0.13290239554681602,0.13290239554681602,0.5487163637543562,0.6325851062964647,1.1813014700508209,-0.08386874254210852
0.36017727851867676,0.0,-0.10632191643745281,0.10632191643745281,0.5487163637543562,0.6325851062964647,1.1813014700508209,-0.08386874254210852
0.38016629219055176,0.0,-0.10263565814996226,0.10263565814996226,0.5487163637543562,0.6325851062964647,1.1813014700508209,-0.08386874254210852
0.400162935256958,0.0,-0.10263565814996226,0.10263565814996226,0.5487163637543562,0.6325851062964647,1.1813014700508209,-0.08386874254210852
0.4201548099517822,0.0,-0.08210852651996982,0.08210852651996982,0.5487163637543562,0.6325851062964647,1.1813014700508209,-0.08386874254210852
0.4401431083679199,0.0,-0.06568682121597585,0.06568682121597585,0.5487163637543562,0.6325851062964647,1.1813014700508209,-0.08386874254210852
0.460160493850708,0.0,-0.052549456972780684,0.052549456972780684,0.5487163637543562,0.6325851062964647,1.1813014700508209,-0.08386874254210852
0.4801502227783203,0.0,-0.042039565578224546,0.042039565578224546,0.5487163637543562,0.6325851062964647,1.1813014700508209,-0.08386874254210852
0.5001530647277832,0.0,-0.03363165246257964,0.03363165246257964,0.5487163637543562,0.6325851062964647,1.1813014700508209,-0.08386874254210852
0.5201687812805176,0.0,-0.009327196970063715,0.009327196970063715,0.5358117793465498,0.657929329080507,1.1937411084270568,-0.12211754973395728
0.5401742458343506,0.0,0.010116367423949028,-0.010116367423949028,0.5358117793465498,0.657929329080507,1.1937411084270568,-0.12211754973395728
0.5601489543914795,0.0,0.02567121893915922,-0.02567121893915922,0.5358117793465498,0.657929329080507,1.1937411084270568,-0.12211754973395728
0.5801510810852051,0.0,0.03811510015132738,-0.03811510015132738,0.5358117793465498,0.657929329080507,1.1937411084270568,-0.12211754973395728
0.6001548767089844,0.0,0.04807020512106191,-0.04807020512106191,0.5358117793465498,0.657929329080507,1.1937411084270568,-0.12211754973395728
0.6201541423797607,0.0,0.04807020512106191,-0.04807020512106191,0.5358117793465498,0.657929329080507,1.1937411084270568,-0.12211754973395728
0.6401450634002686,0.0,0.056034289096849536,-0.056034289096849536,0.5358117793465498,0.657929329080507,1.1937411084270568,-0.12211754973395728
0.6601436138153076,0.0,0.06240555627747963,-0.06240555627747963,0.5358117793465498,0.657929329080507,1.1937411084270568,-0.12211754973395728
0.6801519393920898,0.0,0.06750257002198372,-0.06750257002198372,0.5358117793465498,0.657929329080507,1.1937411084270568,-0.12211754973395728
0.7001543045043945,0.0,0.07158018101758698,-0.07158018101758698,0.49088679745444086,0.6664247139077633,1.1573115113622041,-0.1755379164533224
0.7201876640319824,0.0,0.07484226981406958,-0.07484226981406958,0.49088679745444086,0.6664247139077633,1.1573115113622041,-0.1755379164533224
0.7401556968688965,0.0,0.07745194085125567,-0.07745194085125567,0.49088679745444086,0.6664247139077633,1.1573115113622041,-0.1755379164533224
0.7601413726806641,0.0,0.07953967768100453,-0.07953967768100453,0.49088679745444086,0.6664247139077633,1.1573115113622041,-0.1755379164533224
0.7801401615142822,0.0,0.08120986714480363,-0.08120986714480363,0.49088679745444086,0.6664247139077633,1.1573115113622041,-0.1755379164533224
0.8001503944396973,0.0,0.08254601871584291,-0.08254601871584291,0.49088679745444086,0.6664247139077633,1.1573115113622041,-0.1755379164533224
0.8201587200164795,0.0,0.10119306497267433,-0.10119306497267433,0.49088679745444086,0.6664247139077633,1.1573115113622041,-0.1755379164533224
0.8401470184326172,0.0,0.10119306497267433,-0.10119306497267433,0.49088679745444086,0.6664247139077633,1.1573115113622041,-0.1755379164533224
0.8601512908935547,0.0,0.11611070197813947,-0.11611070197813947,0.49088679745444086,0.6664247139077633,1.1573115113622041,-0.1755379164533224
0.8801603317260742,0.0,0.14562293658251158,-0.14562293658251158,0.49088679745444086,0.6664247139077633,1.1573115113622041,-0.1755379164533224
0.9001703262329102,0.0,0.15165459926600927,-0.15165459926600927,0.4871719999017658,0.6846978849451988,1.1718698848469646,-0.197525885043433
0.9201710224151611,0.0,0.15647992941280742,-0.15647992941280742,0.4871719999017658,0.6846978849451988,1.1718698848469646,-0.197525885043433
0.9401624202728271,0.0,0.16034019353024595,-0.16034019353024595,0.4871719999017658,0.6846978849451988,1.1718698848469646,-0.197525885043433
0.9601583480834961,0.0,0.16342840482419677,-0.16342840482419677,0.4871719999017658,0.6846978849451988,1.1718698848469646,-0.197525885043433
0.9801681041717529,0.0,0.16589897385935742,-0.16589897385935742,0.4871719999017658,0.6846978849451988,1.1718698848469646,-0.197525885043433
1.0001683235168457,0.0,0.16787542908748596,-0.16787542908748596,0.4871719999017658,0.6846978849451988,1.1718698848469646,-0.197525885043433
1.0201680660247803,0.0,0.16945659326998877,-0.16945659326998877,0.4871719999017658,0.6846978849451988,1.1718698848469646,-0.197525885043433
1.0401663780212402,0.0,0.17072152461599102,-0.17072152461599102,0.4871719999017658,0.6846978849451988,1.1718698848469646,-0.197525885043433
1.0602405071258545,0.0,0.17072152461599102,-0.17072152461599102,0.4871719999017658,0.6846978849451988,1.1718698848469646,-0.197525885043433
1.0803918838500977,0.0,0.17173346969279285,-0.17173346969279285,0.5571719999017659,0.6244929506164043,1.1816649505181702,-0.0673209507146384
1.100236177444458,0.0,0.17254302575423427,-0.17254302575423427,0.5571719999017659,0.6244929506164043,1.1816649505181702,-0.0673209507146384
1.120168685913086,0.0,0.17319067060338741,-0.17319067060338741,0.5571719999017659,0.6244929506164043,1.1816649505181702,-0.0673209507146384
1.14015531539917,0.0,0.17370878648270993,-0.17370878648270993,0.5571719999017659,0.6244929506164043,1.1816649505181702,-0.0673209507146384
1.1601831912994385,0.0,0.17412327918616796,-0.17412327918616796,0.5571719999017659,0.6244929506164043,1.1816649505181702,-0.0673209507146384
1.180187702178955,0.0,0.17445487334893436,-0.17445487334893436,0.5571719999017659,0.6244929506164043,1.1816649505181702,-0.0673209507146384
1.2001488208770752,0.0,0.1747201486791475,-0.1747201486791475,0.5571719999017659,0.6244929506164043,1.1816649505181702,-0.0673209507146384
1.2201519012451172,0.0,0.174932368943318,-0.174932368943318,0.5571719999017659,0.6244929506164043,1.1816649505181702,-0.0673209507146384
1.2401440143585205,0.0,0.17510214515465441,-0.17510214515465441,0.5571719999017659,0.6244929506164043,1.1816649505181702,-0.0673209507146384
1.2601525783538818,0.0,0.17523796612372355,-0.17523796612372355,0.5571719999017659,0.6244929506164043,1.1816649505181702,-0.0673209507146384
1.2801554203033447,0.0,0.17523796612372355,-0.17523796612372355,0.6227550725045148,0.5782264022808521,1.2009814747853669,0.04452867022366269
1.300175428390503,0.0,0.17534662289897884,-0.17534662289897884,0.6227550725045148,0.5782264022808521,1.2009814747853669,0.04452867022366269
1.3201701641082764,0.0,0.1754335483191831,-0.1754335483191831,0.6227550725045148,0.5782264022808521,1.2009814747853669,0.04452867022366269
1.3401522636413574,0.0,0.17550308865534647,-0.17550308865534647,0.6227550725045148,0.5782264022808521,1.2009814747853669,0.04452867022366269
1.3601479530334473,0.0,0.1579805959242772,-0.1579805959242772,0.6227550725045148,0.5782264022808521,1.2009814747853669,0.04452867022366269
1.3801512718200684,0.0,0.14396260173942177,-0.14396260173942177,0.6227550725045148,0.5782264022808521,1.2009814747853669,0.04452867022366269
1.400146484375,0.0,0.13274820639153742,-0.13274820639153742,0.6227550725045148,0.5782264022808521,1.2009814747853669,0.04452867022366269
1.4201514720916748,0.0,0.12377669011322995,-0.12377669011322995,0.6227550725045148,0.5782264022808521,1.2009814747853669,0.04452867022366269
1.4401705265045166,0.0,0.11659947709058395,-0.11659947709058395,0.6227550725045148,0.5782264022808521,1.2009814747853669,0.04452867022366269
1.4601564407348633,0.0,0.11085770667246715,-0.11085770667246715,0.6227550725045148,0.5782264022808521,1.2009814747853669,0.04452867022366269
1.4801356792449951,0.0,0.10626429033797373,-0.10626429033797373,0.6227550725045148,0.5782264022808521,1.2009814747853669,0.04452867022366269
1.5001773834228516,0.0,0.10626429033797373,-0.10626429033797373,0.6227550725045148,0.5782264022808521,1.2009814747853669,0.04452867022366269
1.5201528072357178,0.0,0.085011432270379,-0.085011432270379,0.6227550725045148,0.5782264022808521,1.2009814747853669,0.04452867022366269
1.5401434898376465,0.0,0.0680091458163032,-0.0680091458163032,0.5527550725045147,0.5859152212459593,1.138670293750474,-0.03316014874144457
1.5601768493652344,0.0,0.05440731665304256,-0.05440731665304256,0.5527550725045147,0.5859152212459593,1.138670293750474,-0.03316014874144457
1.58016037940979,0.0,0.04352585332243405,-0.04352585332243405,0.5527550725045147,0.5859152212459593,1.138670293750474,-0.03316014874144457
1.6001417636871338,0.0,0.034820682657947244,-0.034820682657947244,0.5527550725045147,0.5859152212459593,1.138670293750474,-0.03316014874144457
1.6201410293579102,0.0,0.027856546126357795,-0.027856546126357795,0.5527550725045147,0.5859152212459593,1.138670293750474,-0.03316014874144457
1.6401455402374268,0.0,0.022285236901086237,-0.022285236901086237,0.5527550725045147,0.5859152212459593,1.138670293750474,-0.03316014874144457
1.6601436138153076,0.0,0.017828189520868988,-0.017828189520868988,0.5527550725045147,0.5859152212459593,1.138670293750474,-0.03316014874144457
1.6801445484161377,0.0,0.031840676616695186,-0.031840676616695186,0.5527550725045147,0.5859152212459593,1.138670293750474,-0.03316014874144457
1.7001402378082275,0.0,0.04305066629335615,-0.04305066629335615,0.5527550725045147,0.5859152212459593,1.138670293750474,-0.03316014874144457
1.7201855182647705,0.0,0.04305066629335615,-0.04305066629335615,0.5452655309590044,0.6051755960751324,1.1504411270341368,-0.05991006511612795
1.7402923107147217,0.0,0.052018658034684924,-0.052018658034684924,0.5452655309590044,0.6051755960751324,1.1504411270341368,-0.05991006511612795
1.7602596282958984,0.0,0.07677117642774794,-0.07677117642774794,0.5452655309590044,0.6051755960751324,1.1504411270341368,-0.05991006511612795
1.78019380569458,0.0,0.09657319114219835,-0.09657319114219835,0.5452655309590044,0.6051755960751324,1.1504411270341368,-0.05991006511612795
1.8001484870910645,0.0,0.11241480291375869,-0.11241480291375869,0.5452655309590044,0.6051755960751324,1.1504411270341368,-0.05991006511612795
1.820143699645996,0.0,0.12508809233100693,-0.12508809233100693,0.5452655309590044,0.6051755960751324,1.1504411270341368,-0.05991006511612795
1.8401427268981934,0.0,0.13522672386480555,-0.13522672386480555,0.5452655309590044,0.6051755960751324,1.1504411270341368,-0.05991006511612795
1.860151767730713,0.0,0.14333762909184444,-0.14333762909184444,0.5452655309590044,0.6051755960751324,1.1504411270341368,-0.05991006511612795
1.8801510334014893,0.0,0.13224822827347557,-0.13224822827347557,0.5452655309590044,0.6051755960751324,1.1504411270341368,-0.05991006511612795
1.900139331817627,0.0,0.14095483261878047,-0.14095483261878047,0.5452655309590044,0.6051755960751324,1.1504411270341368,-0.05991006511612795
1.9201641082763672,0.0,0.14095483261878047,-0.14095483261878047,0.6142449432762804,0.6009048822987824,1.2151498255750628,0.01334006097749807
1.9401881694793701,0.0,0.1303419910950244,-0.1303419910950244,0.6142449432762804,0.6009048822987824,1.2151498255750628,0.01334006097749807
1.9601614475250244,0.0,0.1218517178760195,-0.1218517178760195,0.6142449432762804,0.6009048822987824,1.2151498255750628,0.01334006097749807
1.9801452159881592,0.0,0.11505949930081562,-0.11505949930081562,0.6142449432762804,0.6009048822987824,1.2151498255750628,0.01334006097749807
2.000148296356201,0.0,0.1096257244406525,-0.1096257244406525,0.6142449432762804,0.6009048822987824,1.2151498255750628,0.01334006097749807
2.0201642513275146,0.0,0.105278704552522,-0.105278704552522,0.6142449432762804,0.6009048822987824,1.2151498255750628,0.01334006097749807
2.0401532649993896,0.0,0.10180108864201762,-0.10180108864201762,0.6142449432762804,0.6009048822987824,1.2151498255750628,0.01334006097749807
2.0601515769958496,0.0,0.0990189959136141,-0.0990189959136141,0.6142449432762804,0.6009048822987824,1.2151498255750628,0.01334006097749807
2.0801422595977783,0.0,0.09679332173089128,-0.09679332173089128,0.6142449432762804,0.6009048822987824,1.2151498255750628,0.01334006097749807
2.1002323627471924,0.0,0.09501278238471303,-0.09501278238471303,0.5592458562704268,0.6604382250178604,1.2196840812882872,-0.10119236874743365
2.120182514190674,0.0,0.09358835090777043,-0.09358835090777043,0.5592458562704268,0.6604382250178604,1.2196840812882872,-0.10119236874743365
2.140170097351074,0.0,0.09244880572621635,-0.09244880572621635,0.5592458562704268,0.6604382250178604,1.2196840812882872,-0.10119236874743365
2.1601529121398926,0.0,0.09244880572621635,-0.09244880572621635,0.5592458562704268,0.6604382250178604,1.2196840812882872,-0.10119236874743365
2.1801517009735107,0.0,0.09153716958097308,-0.09153716958097308,0.5592458562704268,0.6604382250178604,1.2196840812882872,-0.10119236874743365
2.20015025138855,0.0,0.07322973566477846,-0.07322973566477846,0.5592458562704268,0.6604382250178604,1.2196840812882872,-0.10119236874743365
2.220156192779541,0.0,0.07616191353182276,-0.07616191353182276,0.5592458562704268,0.6604382250178604,1.2196840812882872,-0.10119236874743365
2.2401487827301025,0.0,0.07850765582545821,-0.07850765582545821,0.5592458562704268,0.6604382250178604,1.2196840812882872,-0.10119236874743365
2.2601590156555176,0.0,0.06280612466036657,-0.06280612466036657,0.5592458562704268,0.6604382250178604,1.2196840812882872,-0.10119236874743365
2.280163049697876,0.0,0.06782302472829327,-0.06782302472829327,0.5941867770405951,0.623642832385376,1.217829609425971,-0.029456055344780907
2.3002185821533203,0.0,0.05425841978263461,-0.05425841978263461,0.5941867770405951,0.623642832385376,1.217829609425971,-0.029456055344780907
2.3201658725738525,0.0,0.04340673582610769,-0.04340673582610769,0.5941867770405951,0.623642832385376,1.217829609425971,-0.029456055344780907
2.3401541709899902,0.0,0.034725388660886154,-0.034725388660886154,0.5941867770405951,0.623642832385376,1.217829609425971,-0.029456055344780907
2.360161781311035,0.0,0.027780310928708925,-0.027780310928708925,0.5941867770405951,0.623642832385376,1.217829609425971,-0.029456055344780907
2.3801612854003906,0.0,0.027780310928708925,-0.027780310928708925,0.5941867770405951,0.623642832385376,1.217829609425971,-0.029456055344780907
2.4001502990722656,0.0,0.02222424874296714,-0.02222424874296714,0.5941867770405951,0.623642832385376,1.217829609425971,-0.029456055344780907
2.4201483726501465,0.0,0.017779398994373714,-0.017779398994373714,0.5941867770405951,0.623642832385376,1.217829609425971,-0.029456055344780907
2.44014573097229,0.0,0.014223519195498972,-0.014223519195498972,0.5941867770405951,0.623642832385376,1.217829609425971,-0.029456055344780907
2.4601802825927734,0.0,0.011378815356399178,-0.011378815356399178,0.5941867770405951,0.623642832385376,1.217829609425971,-0.029456055344780907
2.4801886081695557,0.0,0.009103052285119343,-0.009103052285119343,0.6641867770405951,0.693642832385376,1.3578296094259712,-0.029456055344780907
2.500168561935425,0.0,0.007282441828095475,-0.007282441828095475,0.6641867770405951,0.693642832385376,1.3578296094259712,-0.029456055344780907
2.5201501846313477,0.0,0.00582595346247638,-0.00582595346247638,0.6641867770405951,0.693642832385376,1.3578296094259712,-0.029456055344780907
2.5401523113250732,0.0,0.004660762769981105,-0.004660762769981105,0.6641867770405951,0.693642832385376,1.3578296094259712,-0.029456055344780907
2.5601449012756348,0.0,0.003728610215984884,-0.003728610215984884,0.6641867770405951,0.693642832385376,1.3578296094259712,-0.029456055344780907
2.5801405906677246,0.0,0.002982888172787907,-0.002982888172787907,0.6641867770405951,0.693642832385376,1.3578296094259712,-0.029456055344780907
2.6001548767089844,0.0,0.002982888172787907,-0.002982888172787907,0.6641867770405951,0.693642832385376,1.3578296094259712,-0.029456055344780907
2.6201512813568115,0.0,-0.015191814461769674,0.015191814461769674,0.6641867770405951,0.693642832385376,1.3578296094259712,-0.029456055344780907
2.6401684284210205,0.0,-0.02973157656941574,0.02973157656941574,0.6641867770405951,0.693642832385376,1.3578296094259712,-0.029456055344780907
2.6601603031158447,0.0,-0.04136338625553259,0.04136338625553259,0.7,0.7,1.4,0.0
2.6801645755767822,0.0,-0.050668834004426073,0.050668834004426073,0.7,0.7,1.4,0.0
2.700125217437744,0.0,-0.05811319220354086,0.05811319220354086,0.7,0.7,1.4,0.0
2.7201595306396484,0.0,-0.06406867876283269,0.06406867876283269,0.7,0.7,1.4,0.0
2.7401559352874756,0.0,-0.08641119301026616,0.08641119301026616,0.7,0.7,1.4,0.0
2.7601559162139893,0.0,-0.10428520440821293,0.10428520440821293,0.7,0.7,1.4,0.0
2.780148506164551,0.0,-0.11858441352657036,0.11858441352657036,0.7,0.7,1.4,0.0
2.8001549243927,0.0,-0.1300237808212563,0.1300237808212563,0.7,0.7,1.4,0.0
2.8201487064361572,0.0,-0.1300237808212563,0.1300237808212563,0.7,0.7,1.4,0.0
2.8401811122894287,0.0,-0.13917527465700502,0.13917527465700502,0.630950790643692,0.7,1.330950790643692,-0.06904920935630798
2.8601787090301514,0.0,-0.14649646972560404,0.14649646972560404,0.630950790643692,0.7,1.330950790643692,-0.06904920935630798
2.88017201423645,0.0,-0.15235342578048322,0.15235342578048322,0.630950790643692,0.7,1.330950790643692,-0.06904920935630798
2.900175094604492,0.0,-0.1570389906243866,0.1570389906243866,0.630950790643692,0.7,1.330950790643692,-0.06904920935630798
2.920154094696045,0.0,-0.16078744249950927,0.16078744249950927,0.630950790643692,0.7,1.330950790643692,-0.06904920935630798
2.940145492553711,0.0,-0.18136432899960742,0.18136432899960742,0.630950790643692,0.7,1.330950790643692,-0.06904920935630798
2.9601480960845947,0.0,-0.19782583819968594,0.19782583819968594,0.630950790643692,0.7,1.330950790643692,-0.06904920935630798
2.980144500732422,0.0,-0.21099504555974877,0.21099504555974877,0.630950790643692,0.7,1.330950790643692,-0.06904920935630798
3.0001447200775146,0.0,-0.221530411447799,0.221530411447799,0.630950790643692,0.7,1.330950790643692,-0.06904920935630798
3.020176649093628,0.0,-0.221530411447799,0.221530411447799,0.6073095042258501,0.7,1.30730950422585,-0.0926904957741499
3.040184497833252,0.0,-0.2123805791582392,0.2123805791582392,0.6073095042258501,0.7,1.30730950422585,-0.0926904957741499
3.0601680278778076,0.0,-0.22263883832659137,0.22263883832659137,0.6073095042258501,0.7,1.30730950422585,-0.0926904957741499
3.080172061920166,0.0,-0.2132673206612731,0.2132673206612731,0.6073095042258501,0.7,1.30730950422585,-0.0926904957741499
3.1001620292663574,0.0,-0.2233482315290185,0.2233482315290185,0.6073095042258501,0.7,1.30730950422585,-0.0926904957741499
3.1201603412628174,0.0,-0.2138348352232148,0.2138348352232148,0.6073095042258501,0.7,1.30730950422585,-0.0926904957741499
3.1401612758636475,0.0,-0.20622411817857186,0.20622411817857186,0.6073095042258501,0.7,1.30730950422585,-0.0926904957741499
3.1601569652557373,0.0,-0.1825574195428575,0.1825574195428575,0.6073095042258501,0.7,1.30730950422585,-0.0926904957741499
3.180171012878418,0.0,-0.163624060634286,0.163624060634286,0.6073095042258501,0.7,1.30730950422585,-0.0926904957741499
3.200180768966675,0.0,-0.14847737350742882,0.14847737350742882,0.6073095042258501,0.7,1.30730950422585,-0.0926904957741499
3.220177412033081,0.0,-0.13636002380594306,0.13636002380594306,0.6066304965526796,0.6767526574432849,1.2833831539959646,-0.0701221608906053
3.240176200866699,0.0,-0.12666614404475443,0.12666614404475443,0.6066304965526796,0.6767526574432849,1.2833831539959646,-0.0701221608906053
3.2601521015167236,0.0,-0.12666614404475443,0.12666614404475443,0.6066304965526796,0.6767526574432849,1.2833831539959646,-0.0701221608906053
3.2801449298858643,0.0,-0.13648916523580354,0.13648916523580354,0.6066304965526796,0.6767526574432849,1.2833831539959646,-0.0701221608906053
3.3001458644866943,0.0,-0.12676945718864285,0.12676945718864285,0.6066304965526796,0.6767526574432849,1.2833831539959646,-0.0701221608906053
3.32015323638916,0.0,-0.11899369075091426,0.11899369075091426,0.6066304965526796,0.6767526574432849,1.2833831539959646,-0.0701221608906053
3.3401618003845215,0.0,-0.1303512026007314,0.1303512026007314,0.6066304965526796,0.6767526574432849,1.2833831539959646,-0.0701221608906053
3.3601715564727783,0.0,-0.13943721208058515,0.13943721208058515,0.6066304965526796,0.6767526574432849,1.2833831539959646,-0.0701221608906053
3.380178689956665,0.0,-0.14670601966446814,0.14670601966446814,0.6066304965526796,0.6767526574432849,1.2833831539959646,-0.0701221608906053
3.400175094604492,0.0,-0.1349429407315745,0.1349429407315745,0.6766304965526797,0.7,1.3766304965526797,-0.02336950344732025
3.4201748371124268,0.0,-0.1431106025852596,0.1431106025852596,0.6766304965526797,0.7,1.3766304965526797,-0.02336950344732025
3.4401614665985107,0.0,-0.14964473206820766,0.14964473206820766,0.6766304965526797,0.7,1.3766304965526797,-0.02336950344732025
3.460158348083496,0.0,-0.15487203565456614,0.15487203565456614,0.6766304965526797,0.7,1.3766304965526797,-0.02336950344732025
3.48016095161438,0.0,-0.15487203565456614,0.15487203565456614,0.6766304965526797,0.7,1.3766304965526797,-0.02336950344732025
3.5001509189605713,0.0,-0.14147575352365294,0.14147575352365294,0.6766304965526797,0.7,1.3766304965526797,-0.02336950344732025
3.520160675048828,0.0,-0.14833685281892237,0.14833685281892237,0.6766304965526797,0.7,1.3766304965526797,-0.02336950344732025
3.5401575565338135,0.0,-0.15382573225513788,0.15382573225513788,0.6766304965526797,0.7,1.3766304965526797,-0.02336950344732025
3.560148239135742,0.0,-0.1582168358041103,0.1582168358041103,0.6766304965526797,0.7,1.3766304965526797,-0.02336950344732025
3.580143928527832,0.0,-0.16172971864328825,0.16172971864328825,0.7,0.7,1.4,0.0
3.6001622676849365,0.0,-0.1645400249146306,0.1645400249146306,0.7,0.7,1.4,0.0
3.6201558113098145,0.0,-0.1667882699317045,0.1667882699317045,0.7,0.7,1.4,0.0
3.6401445865631104,0.0,-0.1685868659453636,0.1685868659453636,0.7,0.7,1.4,0.0
3.660151481628418,0.0,-0.1700257427562909,0.1700257427562909,0.7,0.7,1.4,0.0
3.6801576614379883,0.0,-0.1711768442050327,0.1711768442050327,0.7,0.7,1.4,0.0
3.7001569271087646,0.0,-0.1711768442050327,0.1711768442050327,0.7,0.7,1.4,0.0
3.7201554775238037,0.0,-0.17209772536402618,0.17209772536402618,0.7,0.7,1.4,0.0
3.7401463985443115,0.0,-0.19041255529122098,0.19041255529122098,0.7,0.7,1.4,0.0
3.760164260864258,0.0,-0.2050644192329768,0.2050644192329768,0.7,0.6938912480138242,1.3938912480138241,0.0061087519861757755
3.780205726623535,0.0,-0.21678591038638143,0.21678591038638143,0.7,0.6938912480138242,1.3938912480138241,0.0061087519861757755
3.800184726715088,0.0,-0.22616310330910513,0.22616310330910513,0.7,0.6938912480138242,1.3938912480138241,0.0061087519861757755
3.8201606273651123,0.0,-0.2336648576472841,0.2336648576472841,0.7,0.6938912480138242,1.3938912480138241,0.0061087519861757755
3.840170383453369,0.0,-0.2396662611178273,0.2396662611178273,0.7,0.6938912480138242,1.3938912480138241,0.0061087519861757755
3.8601348400115967,0.0,-0.24446738389426184,0.24446738389426184,0.7,0.6938912480138242,1.3938912480138241,0.0061087519861757755
3.8801491260528564,0.0,-0.24830828211540945,0.24830828211540945,0.7,0.6938912480138242,1.3938912480138241,0.0061087519861757755
3.9001410007476807,0.0,-0.25138100069232755,0.25138100069232755,0.7,0.6938912480138242,1.3938912480138241,0.0061087519861757755
3.9201486110687256,0.0,-0.25138100069232755,0.25138100069232755,0.7,0.6938912480138242,1.3938912480138241,0.0061087519861757755
3.9401652812957764,0.0,-0.2538391755538621,0.2538391755538621,0.7,0.6938912480138242,1.3938912480138241,0.0061087519861757755
3.9601874351501465,0.0,-0.25580571544308967,0.25580571544308967,0.7,0.7,1.4,0.0
3.9801523685455322,0.0,-0.25737894735447175,0.25737894735447175,0.7,0.7,1.4,0.0
4.000141620635986,0.0,-0.2586375328835774,0.2586375328835774,0.7,0.7,1.4,0.0
4.020164489746094,0.0,-0.25964440130686195,0.25964440130686195,0.7,0.7,1.4,0.0
4.040161848068237,0.0,-0.26044989604548957,0.26044989604548957,0.7,0.7,1.4,0.0
4.0601489543914795,0.0,-0.26109429183639166,0.26109429183639166,0.7,0.7,1.4,0.0
4.080167055130005,0.0,-0.26160980846911336,0.26160980846911336,0.7,0.7,1.4,0.0
4.100153207778931,0.0,-0.2620222217752907,0.2620222217752907,0.7,0.7,1.4,0.0
4.120168447494507,0.0,-0.26235215242023263,0.26235215242023263,0.7,0.7,1.4,0.0
4.14020562171936,0.0,-0.26235215242023263,0.26235215242023263,0.6300196841359138,0.7,1.3300196841359138,-0.06998031586408615
4.160182952880859,0.0,-0.26261609693618604,0.26261609693618604,0.6300196841359138,0.7,1.3300196841359138,-0.06998031586408615
4.180150270462036,0.0,-0.26282725254894884,0.26282725254894884,0.6300196841359138,0.7,1.3300196841359138,-0.06998031586408615
4.200137615203857,0.0,-0.26299617703915906,0.26299617703915906,0.6300196841359138,0.7,1.3300196841359138,-0.06998031586408615
4.2201457023620605,0.0,-0.26313131663132727,0.26313131663132727,0.6300196841359138,0.7,1.3300196841359138,-0.06998031586408615
4.240152835845947,0.0,-0.2632394283050618,0.2632394283050618,0.6300196841359138,0.7,1.3300196841359138,-0.06998031586408615
4.2601447105407715,0.0,-0.2633259176440495,0.2633259176440495,0.6300196841359138,0.7,1.3300196841359138,-0.06998031586408615
4.280152082443237,0.0,-0.2633951091152396,0.2633951091152396,0.6300196841359138,0.7,1.3300196841359138,-0.06998031586408615
4.300142765045166,0.0,-0.2634504622921917,0.2634504622921917,0.6300196841359138,0.7,1.3300196841359138,-0.06998031586408615
4.320265769958496,0.0,-0.24591661983375335,0.24591661983375335,0.6144869484007358,0.6657430462539196,1.2802299946546554,-0.051256097853183746
4.340190887451172,0.0,-0.24591661983375335,0.24591661983375335,0.6144869484007358,0.6657430462539196,1.2802299946546554,-0.051256097853183746
4.360155820846558,0.0,-0.23188954586700267,0.23188954586700267,0.6144869484007358,0.6657430462539196,1.2802299946546554,-0.051256097853183746
4.380140542984009,0.0,-0.22066788669360216,0.22066788669360216,0.6144869484007358,0.6657430462539196,1.2802299946546554,-0.051256097853183746
4.400136709213257,0.0,-0.21169055935488174,0.21169055935488174,0.6144869484007358,0.6657430462539196,1.2802299946546554,-0.051256097853183746
4.420135498046875,0.0,-0.2045086974839054,0.2045086974839054,0.6144869484007358,0.6657430462539196,1.2802299946546554,-0.051256097853183746
4.4401466846466064,0.0,-0.19876320798712435,0.19876320798712435,0.6144869484007358,0.6657430462539196,1.2802299946546554,-0.051256097853183746
4.460139513015747,0.0,-0.1941668163896995,0.1941668163896995,0.6144869484007358,0.6657430462539196,1.2802299946546554,-0.051256097853183746
4.48013973236084,0.0,-0.19048970311175958,0.19048970311175958,0.6144869484007358,0.6657430462539196,1.2802299946546554,-0.051256097853183746
4.500187397003174,0.0,-0.1875480124894077,0.1875480124894077,0.6201086196117103,0.7,1.3201086196117102,-0.07989138038828969
4.520209074020386,0.0,-0.18519465999152615,0.18519465999152615,0.6201086196117103,0.7,1.3201086196117102,-0.07989138038828969
4.540158271789551,0.0,-0.18331197799322094,0.18331197799322094,0.6201086196117103,0.7,1.3201086196117102,-0.07989138038828969
4.560153245925903,0.0,-0.18180583239457673,0.18180583239457673,0.6201086196117103,0.7,1.3201086196117102,-0.07989138038828969
4.580144643783569,0.0,-0.18180583239457673,0.18180583239457673,0.6201086196117103,0.7,1.3201086196117102,-0.07989138038828969
4.600151777267456,0.0,-0.18060091591566138,0.18060091591566138,0.6201086196117103,0.7,1.3201086196117102,-0.07989138038828969
4.620152235031128,0.0,-0.17963698273252912,0.17963698273252912,0.6201086196117103,0.7,1.3201086196117102,-0.07989138038828969
4.640169620513916,0.0,-0.1788658361860233,0.1788658361860233,0.6201086196117103,0.7,1.3201086196117102,-0.07989138038828969
4.660147190093994,0.0,-0.17824891894881867,0.17824891894881867,0.6201086196117103,0.7,1.3201086196117102,-0.07989138038828969
4.680171251296997,0.0,-0.17775538515905495,0.17775538515905495,0.6201086196117103,0.7,1.3201086196117102,-0.07989138038828969
4.700223684310913,0.0,-0.17736055812724397,0.17736055812724397,0.5501086196117102,0.7,1.2501086196117102,-0.14989138038828975
4.720175743103027,0.0,-0.1770446965017952,0.1770446965017952,0.5501086196117102,0.7,1.2501086196117102,-0.14989138038828975
4.740148305892944,0.0,-0.17679200720143615,0.17679200720143615,0.5501086196117102,0.7,1.2501086196117102,-0.14989138038828975
4.760141849517822,0.0,-0.17658985576114894,0.17658985576114894,0.5501086196117102,0.7,1.2501086196117102,-0.14989138038828975
4.780148506164551,0.0,-0.17642813460891915,0.17642813460891915,0.5501086196117102,0.7,1.2501086196117102,-0.14989138038828975
4.800151109695435,0.0,-0.17642813460891915,0.17642813460891915,0.5501086196117102,0.7,1.2501086196117102,-0.14989138038828975
4.820175409317017,0.0,-0.15872063268713532,0.15872063268713532,0.5501086196117102,0.7,1.2501086196117102,-0.14989138038828975
4.8401548862457275,0.0,-0.14455463114970826,0.14455463114970826,0.5501086196117102,0.7,1.2501086196117102,-0.14989138038828975
4.860164642333984,0.0,-0.1156437049197666,0.1156437049197666,0.5501086196117102,0.7,1.2501086196117102,-0.14989138038828975
4.880171775817871,0.0,-0.0925149639358133,0.0925149639358133,0.5303590899519621,0.6299999999999999,1.160359089951962,-0.09964091004803777
4.9001686573028564,0.0,-0.07401197114865064,0.07401197114865064,0.5303590899519621,0.6299999999999999,1.160359089951962,-0.09964091004803777
4.920159578323364,0.0,-0.059209576918920516,0.059209576918920516,0.5303590899519621,0.6299999999999999,1.160359089951962,-0.09964091004803777
4.9401490688323975,0.0,-0.04736766153513641,0.04736766153513641,0.5303590899519621,0.6299999999999999,1.160359089951962,-0.09964091004803777
4.960158348083496,0.0,-0.037894129228109134,0.037894129228109134,0.5303590899519621,0.6299999999999999,1.160359089951962,-0.09964091004803777
4.98015832901001,0.0,-0.01273717838248731,0.01273717838248731,0.5303590899519621,0.6299999999999999,1.160359089951962,-0.09964091004803777
5.000160455703735,20.0,0.007388382294010153,19.99261161770599,0.5303590899519621,0.6299999999999999,1.160359089951962,-0.09964091004803777
5.020159959793091,20.0,0.007388382294010153,19.99261161770599,0.5303590899519621,0.6299999999999999,1.160359089951962,-0.09964091004803777
5.040156602859497,20.0,0.02348883083520812,19.97651116916479,0.5303590899519621,0.6299999999999999,1.160359089951962,-0.09964091004803777
5.060163736343384,20.0,0.036369189668166504,19.963630810331832,0.5303590899519621,0.6299999999999999,1.160359089951962,-0.09964091004803777
5.080221891403198,20.0,0.046673476734533204,19.953326523265467,0.5486582188121973,0.6448984864354133,1.1935567052476106,-0.09624026762321591
5.100172758102417,20.0,0.054916906387626564,19.945083093612375,0.5486582188121973,0.6448984864354133,1.1935567052476106,-0.09624026762321591
5.12016487121582,20.0,0.061511650110101256,19.938488349889898,0.5486582188121973,0.6448984864354133,1.1935567052476106,-0.09624026762321591
5.140162944793701,20.0,0.06678744508808102,19.93321255491192,0.5486582188121973,0.6448984864354133,1.1935567052476106,-0.09624026762321591
5.160163640975952,20.0,0.07100808107046482,19.928991918929537,0.5486582188121973,0.6448984864354133,1.1935567052476106,-0.09624026762321591
5.180171966552734,20.0,0.07438458985637185,19.925615410143628,0.5486582188121973,0.6448984864354133,1.1935567052476106,-0.09624026762321591
5.200187921524048,20.0,0.07708579688509748,19.922914203114903,0.5486582188121973,0.6448984864354133,1.1935567052476106,-0.09624026762321591
5.220166444778442,20.0,0.07924676250807798,19.920753237491923,0.5486582188121973,0.6448984864354133,1.1935567052476106,-0.09624026762321591
5.240159034729004,20.0,0.07924676250807798,19.920753237491923,0.5486582188121973,0.6448984864354133,1.1935567052476106,-0.09624026762321591
5.260173797607422,20.0,0.08097553500646239,19.919024464993537,0.5117045423202216,0.7,1.2117045423202215,-0.1882954576797784
5.280194044113159,20.0,0.08235855300516992,19.91764144699483,0.5117045423202216,0.7,1.2117045423202215,-0.1882954576797784
5.300166845321655,20.0,0.08346496740413593,19.916535032595863,0.5117045423202216,0.7,1.2117045423202215,-0.1882954576797784
5.320164442062378,20.0,0.08435009892330876,19.91564990107669,0.5117045423202216,0.7,1.2117045423202215,-0.1882954576797784
5.340163469314575,20.0,0.08505820413864701,19.914941795861353,0.5117045423202216,0.7,1.2117045423202215,-0.1882954576797784
5.360163450241089,20.0,0.08562468831091762,19.91437531168908,0.5117045423202216,0.7,1.2117045423202215,-0.1882954576797784
5.380163669586182,20.0,0.08607787564873409,19.913922124351267,0.5117045423202216,0.7,1.2117045423202215,-0.1882954576797784
5.400150299072266,20.0,0.08644042551898727,19.913559574481013,0.5117045423202216,0.7,1.2117045423202215,-0.1882954576797784
5.420149326324463,20.0,0.08673046541518982,19.91326953458481,0.5117045423202216,0.7,1.2117045423202215,-0.1882954576797784
5.440149545669556,20.0,0.08696249733215186,19.913037502667848,0.5117045423202216,0.7,1.2117045423202215,-0.1882954576797784
5.4601733684539795,20.0,0.08696249733215186,19.913037502667848,0.44170454232022155,0.6299999999999999,1.0717045423202214,-0.18829545767977834
5.480186700820923,20.0,0.0871481228657215,19.91285187713428,0.44170454232022155,0.6299999999999999,1.0717045423202214,-0.18829545767977834
5.500157356262207,20.0,0.0872966232925772,19.912703376707423,0.44170454232022155,0.6299999999999999,1.0717045423202214,-0.18829545767977834
5.520147800445557,20.0,0.10499354863406177,19.895006451365937,0.44170454232022155,0.6299999999999999,1.0717045423202214,-0.18829545767977834
5.540147542953491,20.0,0.11915108890724942,19.88084891109275,0.44170454232022155,0.6299999999999999,1.0717045423202214,-0.18829545767977834
5.560142993927002,20.0,0.14805524612579954,19.8519447538742,0.44170454232022155,0.6299999999999999,1.0717045423202214,-0.18829545767977834
5.580144882202148,20.0,0.17117857190063962,19.82882142809936,0.44170454232022155,0.6299999999999999,1.0717045423202214,-0.18829545767977834
5.600145578384399,20.0,0.20725535752051172,19.792744642479487,0.44170454232022155,0.6299999999999999,1.0717045423202214,-0.18829545767977834
5.620145320892334,20.0,0.2536949110164094,19.74630508898359,0.44170454232022155,0.6299999999999999,1.0717045423202214,-0.18829545767977834
5.640171527862549,20.0,0.2908465538131276,19.70915344618687,0.44170454232022155,0.6299999999999999,1.0717045423202214,-0.18829545767977834
5.660188436508179,20.0,0.3205678680505021,19.679432131949497,0.46502952737733716,0.7,1.165029527377337,-0.2349704726226628
5.680168867111206,20.0,0.3205678680505021,19.679432131949497,0.46502952737733716,0.7,1.165029527377337,-0.2349704726226628
5.700148105621338,20.0,0.3443449194404017,19.655655080559598,0.46502952737733716,0.7,1.165029527377337,-0.2349704726226628
5.720149278640747,20.0,0.36336656055232136,19.636633439447678,0.46502952737733716,0.7,1.165029527377337,-0.2349704726226628
5.740148544311523,20.0,0.3785838734418571,19.62141612655814,0.46502952737733716,0.7,1.165029527377337,-0.2349704726226628
5.7601470947265625,20.0,0.3907577237534857,19.609242276246516,0.46502952737733716,0.7,1.165029527377337,-0.2349704726226628
5.7801642417907715,20.0,0.4004968040027886,19.59950319599721,0.46502952737733716,0.7,1.165029527377337,-0.2349704726226628
5.800155878067017,20.0,0.40828806820223085,19.591711931797768,0.46502952737733716,0.7,1.165029527377337,-0.2349704726226628
5.8201587200164795,20.0,0.4145210795617847,19.585478920438216,0.46502952737733716,0.7,1.165029527377337,-0.2349704726226628
5.8401806354522705,20.0,0.4195074886494278,19.580492511350574,0.48324934853240836,0.7,1.1832493485324083,-0.2167506514675916
5.860204219818115,20.0,0.42349661591954224,19.576503384080457,0.48324934853240836,0.7,1.1832493485324083,-0.2167506514675916
5.880170583724976,20.0,0.42349661591954224,19.576503384080457,0.48324934853240836,0.7,1.1832493485324083,-0.2167506514675916
5.900158166885376,20.0,0.4266879177356338,19.573312082264366,0.48324934853240836,0.7,1.1832493485324083,-0.2167506514675916
5.920156955718994,20.0,0.4292409591885071,19.57075904081149,0.48324934853240836,0.7,1.1832493485324083,-0.2167506514675916
5.940150737762451,20.0,0.4312833923508057,19.568716607649193,0.48324934853240836,0.7,1.1832493485324083,-0.2167506514675916
5.960158109664917,20.0,0.4329173388806446,19.567082661119354,0.48324934853240836,0.7,1.1832493485324083,-0.2167506514675916
5.980158090591431,20.0,0.4166463711045157,19.583353628895484,0.48324934853240836,0.7,1.1832493485324083,-0.2167506514675916
6.000160455703735,20.0,0.40362959688361255,19.59637040311639,0.48324934853240836,0.7,1.1832493485324083,-0.2167506514675916
6.020174503326416,20.0,0.3756380525068901,19.62436194749311,0.48324934853240836,0.7,1.1832493485324083,-0.2167506514675916
6.040218830108643,20.0,0.3532448170055121,19.64675518299449,0.41324934853240836,0.6299999999999999,1.0432493485324081,-0.21675065146759154
6.060175657272339,20.0,0.3353302286044097,19.66466977139559,0.41324934853240836,0.6299999999999999,1.0432493485324081,-0.21675065146759154
6.080159425735474,20.0,0.3209985578835277,19.679001442116473,0.41324934853240836,0.6299999999999999,1.0432493485324081,-0.21675065146759154
6.100155353546143,20.0,0.3095332213068222,19.690466778693178,0.41324934853240836,0.6299999999999999,1.0432493485324081,-0.21675065146759154
6.120167255401611,20.0,0.3095332213068222,19.690466778693178,0.41324934853240836,0.6299999999999999,1.0432493485324081,-0.21675065146759154
6.1401636600494385,20.0,0.3003609520454577,19.69963904795454,0.41324934853240836,0.6299999999999999,1.0432493485324081,-0.21675065146759154
6.160148859024048,20.0,0.3106012616363662,19.689398738363632,0.41324934853240836,0.6299999999999999,1.0432493485324081,-0.21675065146759154
6.180158376693726,20.0,0.336371634309093,19.663628365690908,0.41324934853240836,0.6299999999999999,1.0432493485324081,-0.21675065146759154
6.2001588344573975,20.0,0.35698793244727445,19.643012067552725,0.41324934853240836,0.6299999999999999,1.0432493485324081,-0.21675065146759154
6.220166921615601,20.0,0.37348097095781957,19.626519029042182,0.34324934853240835,0.7,1.0432493485324084,-0.3567506514675916
6.24017596244812,20.0,0.49214415176625564,19.507855848233746,0.34324934853240835,0.7,1.0432493485324084,-0.3567506514675916
6.260155916213989,20.0,0.6925434464130046,19.307456553586995,0.34324934853240835,0.7,1.0432493485324084,-0.3567506514675916
6.280153036117554,20.0,0.8704410071304037,19.129558992869597,0.34324934853240835,0.7,1.0432493485324084,-0.3567506514675916
6.300164222717285,20.0,1.0127590557043231,18.987240944295678,0.34324934853240835,0.7,1.0432493485324084,-0.3567506514675916
6.3201682567596436,20.0,1.1793478695634587,18.820652130436542,0.34324934853240835,0.7,1.0432493485324084,-0.3567506514675916
6.340154647827148,20.0,1.1793478695634587,18.820652130436542,0.34324934853240835,0.7,1.0432493485324084,-0.3567506514675916
6.3601624965667725,20.0,1.505978295650767,18.494021704349233,0.34324934853240835,0.7,1.0432493485324084,-0.3567506514675916
6.3801586627960205,20.0,1.9957982615206138,18.004201738479388,0.34324934853240835,0.7,1.0432493485324084,-0.3567506514675916
6.4001665115356445,20.0,2.510701109216491,17.48929889078351,0.34324934853240835,0.7,1.0432493485324084,-0.3567506514675916
6.420217752456665,20.0,2.957779637373193,17.042220362626807,0.3378329282440244,0.6546457678079605,0.9924786960519849,-0.3168128395639361
6.440176248550415,20.0,3.385754959898554,16.614245040101444,0.3378329282440244,0.6546457678079605,0.9924786960519849,-0.3168128395639361
6.460146903991699,20.0,3.816025842918844,16.183974157081156,0.3378329282440244,0.6546457678079605,0.9924786960519849,-0.3168128395639361
6.480153799057007,20.0,4.195398799335075,15.804601200664925,0.3378329282440244,0.6546457678079605,0.9924786960519849,-0.3168128395639361
6.5001678466796875,20.0,4.49889716446806,15.50110283553194,0.3378329282440244,0.6546457678079605,0.9924786960519849,-0.3168128395639361
6.520164728164673,20.0,4.759273981574449,15.240726018425551,0.3378329282440244,0.6546457678079605,0.9924786960519849,-0.3168128395639361
6.5401575565338135,20.0,5.002731685259559,14.997268314740442,0.3378329282440244,0.6546457678079605,0.9924786960519849,-0.3168128395639361
6.560148000717163,20.0,5.002731685259559,14.997268314740442,0.3378329282440244,0.6546457678079605,0.9924786960519849,-0.3168128395639361
6.580175399780273,20.0,5.2326540982076475,14.767345901792353,0.3378329282440244,0.6546457678079605,0.9924786960519849,-0.3168128395639361
6.600174903869629,20.0,5.434170153566118,14.565829846433882,0.2678329282440244,0.625733545795083,0.8935664740391074,-0.3579006175510586
6.620171785354614,20.0,5.595382997852894,14.404617002147106,0.2678329282440244,0.625733545795083,0.8935664740391074,-0.3579006175510586
6.6401519775390625,20.0,5.724353273282316,14.275646726717685,0.2678329282440244,0.625733545795083,0.8935664740391074,-0.3579006175510586
6.660146236419678,20.0,5.827529493625852,14.172470506374147,0.2678329282440244,0.625733545795083,0.8935664740391074,-0.3579006175510586
6.68015718460083,20.0,5.962804844900683,14.037195155099317,0.2678329282440244,0.625733545795083,0.8935664740391074,-0.3579006175510586
6.700145721435547,20.0,6.211650125920547,13.788349874079453,0.2678329282440244,0.625733545795083,0.8935664740391074,-0.3579006175510586
6.720147371292114,20.0,6.6040857257364385,13.39591427426356,0.2678329282440244,0.625733545795083,0.8935664740391074,-0.3579006175510586
6.740149021148682,20.0,7.0410810805891515,12.958918919410849,0.2678329282440244,0.625733545795083,0.8935664740391074,-0.3579006175510586
6.760141849517822,20.0,7.496146114471322,12.503853885528677,0.2678329282440244,0.625733545795083,0.8935664740391074,-0.3579006175510586
6.780189752578735,20.0,7.496146114471322,12.503853885528677,0.2941045899875461,0.5557335457950829,0.849838135782629,-0.26162895580753687
6.800173759460449,20.0,7.983245016577057,12.016754983422942,0.2941045899875461,0.5557335457950829,0.849838135782629,-0.26162895580753687
6.820157766342163,20.0,8.460814763261647,11.539185236738353,0.2941045899875461,0.5557335457950829,0.849838135782629,-0.26162895580753687
6.8401477336883545,20.0,8.878026810609319,11.121973189390681,0.2941045899875461,0.5557335457950829,0.849838135782629,-0.26162895580753687
6.860150098800659,20.0,9.211796448487455,10.788203551512545,0.2941045899875461,0.5557335457950829,0.849838135782629,-0.26162895580753687
6.880144834518433,20.0,9.478812158789966,10.521187841210034,0.2941045899875461,0.5557335457950829,0.849838135782629,-0.26162895580753687
6.90014386177063,20.0,9.710002852031973,10.289997147968027,0.2941045899875461,0.5557335457950829,0.849838135782629,-0.26162895580753687
6.920148611068726,20.0,9.894955406625579,10.105044593374421,0.2941045899875461,0.5557335457950829,0.849838135782629,-0.26162895580753687
6.940157651901245,20.0,10.042917450300465,9.957082549699535,0.2941045899875461,0.5557335457950829,0.849838135782629,-0.26162895580753687
6.960156440734863,20.0,10.161287085240371,9.838712914759629,0.2941045899875461,0.5557335457950829,0.849838135782629,-0.26162895580753687
6.980144500732422,20.0,10.255982793192297,9.744017206807703,0.2941045899875461,0.5557335457950829,0.849838135782629,-0.26162895580753687
7.000158071517944,20.0,10.255982793192297,9.744017206807703,0.2941045899875461,0.5557335457950829,0.849838135782629,-0.26162895580753687
7.020164489746094,20.0,10.331739359553838,9.668260640446162,0.2941045899875461,0.5557335457950829,0.849838135782629,-0.26162895580753687
7.040175437927246,20.0,10.37476648764307,9.62523351235693,0.22790884124115096,0.49849920265376557,0.7264080438949165,-0.2705903614126146
7.060206413269043,20.0,10.409188190114458,9.590811809885542,0.22790884124115096,0.49849920265376557,0.7264080438949165,-0.2705903614126146
7.0802390575408936,20.0,10.436725552091566,9.563274447908434,0.22790884124115096,0.49849920265376557,0.7264080438949165,-0.2705903614126146
7.100266218185425,20.0,10.441177316673253,9.558822683326747,0.22790884124115096,0.49849920265376557,0.7264080438949165,-0.2705903614126146
7.120209217071533,20.0,10.462316853338605,9.537683146661395,0.22790884124115096,0.49849920265376557,0.7264080438949165,-0.2705903614126146
7.140143871307373,20.0,10.479228482670884,9.520771517329116,0.22790884124115096,0.49849920265376557,0.7264080438949165,-0.2705903614126146
7.160127639770508,20.0,10.492757786136709,9.507242213863291,0.22790884124115096,0.49849920265376557,0.7264080438949165,-0.2705903614126146
7.1801416873931885,20.0,10.521159353909368,9.478840646090632,0.22790884124115096,0.49849920265376557,0.7264080438949165,-0.2705903614126146
7.200144529342651,20.0,10.521159353909368,9.478840646090632,0.22790884124115096,0.49849920265376557,0.7264080438949165,-0.2705903614126146
7.220133304595947,20.0,10.543880608127495,9.456119391872505,0.22790884124115096,0.49849920265376557,0.7264080438949165,-0.2705903614126146
7.240131378173828,20.0,10.579635736501997,9.420364263498003,0.22790884124115096,0.49849920265376557,0.7264080438949165,-0.2705903614126146
7.26014256477356,20.0,10.608239839201598,9.391760160798402,0.22790884124115096,0.49849920265376557,0.7264080438949165,-0.2705903614126146
7.280144214630127,20.0,10.648701246361279,9.351298753638721,0.22790884124115096,0.49849920265376557,0.7264080438949165,-0.2705903614126146
7.3001439571380615,20.0,10.681070372089025,9.318929627910975,0.22790884124115096,0.49849920265376557,0.7264080438949165,-0.2705903614126146
7.32014012336731,20.0,10.70696567267122,9.29303432732878,0.22790884124115096,0.49849920265376557,0.7264080438949165,-0.2705903614126146
7.340137004852295,20.0,10.745260038136976,9.254739961863024,0.22790884124115096,0.49849920265376557,0.7264080438949165,-0.2705903614126146
7.36014461517334,20.0,10.775895530509581,9.224104469490419,0.22790884124115096,0.49849920265376557,0.7264080438949165,-0.2705903614126146
7.380145311355591,20.0,10.800403924407664,9.199596075592336,0.22790884124115096,0.49849920265376557,0.7264080438949165,-0.2705903614126146
7.400148153305054,20.0,10.820010639526133,9.179989360473867,0.22790884124115096,0.49849920265376557,0.7264080438949165,-0.2705903614126146
7.420152187347412,20.0,10.820010639526133,9.179989360473867,0.22790884124115096,0.49849920265376557,0.7264080438949165,-0.2705903614126146
7.44016170501709,20.0,10.835696011620907,9.164303988379093,0.22790884124115096,0.49849920265376557,0.7264080438949165,-0.2705903614126146
7.460155725479126,20.0,10.848244309296726,9.151755690703274,0.22440129090100513,0.5684992026537656,0.7929004935547708,-0.3440979117527605
7.4801764488220215,20.0,10.858282947437381,9.141717052562619,0.22440129090100513,0.5684992026537656,0.7929004935547708,-0.3440979117527605
7.500157833099365,20.0,10.866313857949905,9.133686142050095,0.22440129090100513,0.5684992026537656,0.7929004935547708,-0.3440979117527605
7.520143508911133,20.0,10.872738586359924,9.127261413640076,0.22440129090100513,0.5684992026537656,0.7929004935547708,-0.3440979117527605
7.540139198303223,20.0,10.87787836908794,9.12212163091206,0.22440129090100513,0.5684992026537656,0.7929004935547708,-0.3440979117527605
7.5601420402526855,20.0,10.881990195270353,9.118009804729647,0.22440129090100513,0.5684992026537656,0.7929004935547708,-0.3440979117527605
7.580146551132202,20.0,10.885279656216282,9.114720343783718,0.22440129090100513,0.5684992026537656,0.7929004935547708,-0.3440979117527605
7.600164175033569,20.0,10.887911224973026,9.112088775026974,0.22440129090100513,0.5684992026537656,0.7929004935547708,-0.3440979117527605
7.620149374008179,20.0,10.942750854978422,9.057249145021578,0.22440129090100513,0.5684992026537656,0.7929004935547708,-0.3440979117527605
7.640152215957642,20.0,11.074513183982738,8.925486816017262,0.22440129090100513,0.5684992026537656,0.7929004935547708,-0.3440979117527605
7.660150051116943,20.0,11.074513183982738,8.925486816017262,0.22440129090100513,0.5684992026537656,0.7929004935547708,-0.3440979117527605
7.68015456199646,20.0,11.267813672186191,8.732186327813809,0.22440129090100513,0.5684992026537656,0.7929004935547708,-0.3440979117527605
7.700181007385254,20.0,11.457610312748953,8.542389687251047,0.22440129090100513,0.5684992026537656,0.7929004935547708,-0.3440979117527605
7.720176696777344,20.0,11.644603875199165,8.355396124800835,0.22440129090100513,0.5684992026537656,0.7929004935547708,-0.3440979117527605
7.74017596244812,20.0,11.846933100159331,8.153066899840669,0.22617474514991032,0.633896979317069,0.8600717244669793,-0.4077222341671587
7.760233402252197,20.0,12.043952730127467,7.956047269872533,0.22617474514991032,0.633896979317069,0.8600717244669793,-0.4077222341671587
7.78029203414917,20.0,12.236724684101974,7.763275315898026,0.22617474514991032,0.633896979317069,0.8600717244669793,-0.4077222341671587
7.8002800941467285,20.0,12.40852037228158,7.591479627718421,0.22617474514991032,0.633896979317069,0.8600717244669793,-0.4077222341671587
7.820172071456909,20.0,12.528378797825264,7.471621202174736,0.22617474514991032,0.633896979317069,0.8600717244669793,-0.4077222341671587
7.840148210525513,20.0,12.641843663260211,7.358156336739789,0.22617474514991032,0.633896979317069,0.8600717244669793,-0.4077222341671587
7.860151052474976,20.0,12.71503743060817,7.28496256939183,0.22617474514991032,0.633896979317069,0.8600717244669793,-0.4077222341671587
7.880144834518433,20.0,12.71503743060817,7.28496256939183,0.22617474514991032,0.633896979317069,0.8600717244669793,-0.4077222341671587
7.900143623352051,20.0,12.791170569486537,7.208829430513463,0.22617474514991032,0.633896979317069,0.8600717244669793,-0.4077222341671587
7.9201343059539795,20.0,12.887233330589229,7.112766669410771,0.22617474514991032,0.633896979317069,0.8600717244669793,-0.4077222341671587
7.940150260925293,20.0,12.999239789471384,7.000760210528616,0.2516626765951513,0.5894000519067049,0.8410627285018561,-0.33773737531155357
7.960162878036499,20.0,13.106423081577107,6.893576918422893,0.2516626765951513,0.5894000519067049,0.8410627285018561,-0.33773737531155357
7.980154275894165,20.0,13.209747840261686,6.790252159738314,0.2516626765951513,0.5894000519067049,0.8410627285018561,-0.33773737531155357
8.000142812728882,20.0,13.309985772209348,6.690014227790652,0.2516626765951513,0.5894000519067049,0.8410627285018561,-0.33773737531155357
8.020151615142822,20.0,13.40775424276748,6.59224575723252,0.2516626765951513,0.5894000519067049,0.8410627285018561,-0.33773737531155357
8.04015851020813,20.0,13.485969019213986,6.514030980786014,0.2516626765951513,0.5894000519067049,0.8410627285018561,-0.33773737531155357
8.06015920639038,20.0,13.548540840371189,6.451459159628811,0.2516626765951513,0.5894000519067049,0.8410627285018561,-0.33773737531155357
8.080153942108154,20.0,13.598598297296954,6.401401702703046,0.2516626765951513,0.5894000519067049,0.8410627285018561,-0.33773737531155357
8.100167989730835,20.0,13.598598297296954,6.401401702703046,0.18166267659515128,0.5194000519067048,0.701062728501856,-0.3377373753115535
8.120228052139282,20.0,13.638644262837564,6.361355737162436,0.18166267659515128,0.5194000519067048,0.701062728501856,-0.3377373753115535
8.140179872512817,20.0,13.670681035270052,6.329318964729948,0.18166267659515128,0.5194000519067048,0.701062728501856,-0.3377373753115535
8.16015362739563,20.0,13.696310453216045,6.303689546783955,0.18166267659515128,0.5194000519067048,0.701062728501856,-0.3377373753115535
8.180166006088257,20.0,13.716813987572836,6.283186012427164,0.18166267659515128,0.5194000519067048,0.701062728501856,-0.3377373753115535
8.200153350830078,20.0,13.73321681505827,6.26678318494173,0.18166267659515128,0.5194000519067048,0.701062728501856,-0.3377373753115535
8.220144271850586,20.0,13.746339077046617,6.253660922953383,0.18166267659515128,0.5194000519067048,0.701062728501856,-0.3377373753115535
8.240158796310425,20.0,13.756836886637293,6.243163113362707,0.18166267659515128,0.5194000519067048,0.701062728501856,-0.3377373753115535
8.260143041610718,20.0,13.765235134309835,6.234764865690165,0.18166267659515128,0.5194000519067048,0.701062728501856,-0.3377373753115535
8.280161142349243,20.0,13.789531857447868,6.210468142552132,0.2516626765951513,0.4494000519067048,0.701062728501856,-0.1977373753115535
8.30020809173584,20.0,13.808969235958294,6.191030764041706,0.2516626765951513,0.4494000519067048,0.701062728501856,-0.1977373753115535
8.32016658782959,20.0,13.808969235958294,6.191030764041706,0.2516626765951513,0.4494000519067048,0.701062728501856,-0.1977373753115535
8.340158700942993,20.0,13.824519138766636,6.175480861233364,0.2516626765951513,0.4494000519067048,0.701062728501856,-0.1977373753115535
8.360160112380981,20.0,13.83695906101331,6.16304093898669,0.2516626765951513,0.4494000519067048,0.701062728501856,-0.1977373753115535
8.380163192749023,20.0,13.84691099881065,6.15308900118935,0.2516626765951513,0.4494000519067048,0.701062728501856,-0.1977373753115535
8.400149583816528,20.0,13.87245067404852,6.127549325951479,0.2516626765951513,0.4494000519067048,0.701062728501856,-0.1977373753115535
8.420148611068726,20.0,13.892882414238818,6.107117585761182,0.2516626765951513,0.4494000519067048,0.701062728501856,-0.1977373753115535
8.440151929855347,20.0,13.909227806391057,6.090772193608943,0.2516626765951513,0.4494000519067048,0.701062728501856,-0.1977373753115535
8.460192441940308,20.0,13.922304120112846,6.077695879887154,0.2516626765951513,0.4494000519067048,0.701062728501856,-0.1977373753115535
8.480212450027466,20.0,13.932765171090278,6.067234828909722,0.3216626765951513,0.5153495142608879,0.8370121908560393,-0.19368683766573663
8.500159502029419,20.0,13.941134011872224,6.058865988127776,0.3216626765951513,0.5153495142608879,0.8370121908560393,-0.19368683766573663
8.520143508911133,20.0,13.941134011872224,6.058865988127776,0.3216626765951513,0.5153495142608879,0.8370121908560393,-0.19368683766573663
8.540149450302124,20.0,13.93025095949778,6.06974904050222,0.3216626765951513,0.5153495142608879,0.8370121908560393,-0.19368683766573663
8.560144186019897,20.0,13.851232017598225,6.148767982401775,0.3216626765951513,0.5153495142608879,0.8370121908560393,-0.19368683766573663
8.580140590667725,20.0,13.664969989078582,6.335030010921418,0.3216626765951513,0.5153495142608879,0.8370121908560393,-0.19368683766573663
8.6001615524292,20.0,13.375335366262867,6.624664633737133,0.3216626765951513,0.5153495142608879,0.8370121908560393,-0.19368683766573663
8.62015175819397,20.0,13.055737043010295,6.944262956989705,0.3216626765951513,0.5153495142608879,0.8370121908560393,-0.19368683766573663
8.640164375305176,20.0,12.764902134408235,7.235097865591765,0.3216626765951513,0.5153495142608879,0.8370121908560393,-0.19368683766573663
8.660166263580322,20.0,12.49707795752659,7.5029220424734095,0.3216626765951513,0.5153495142608879,0.8370121908560393,-0.19368683766573663
8.680217981338501,20.0,12.282818616021274,7.717181383978726,0.29372525129467236,0.5308295492455362,0.8245548005402086,-0.2371042979508638
8.700221061706543,20.0,12.111411142817019,7.888588857182981,0.29372525129467236,0.5308295492455362,0.8245548005402086,-0.2371042979508638
8.72024393081665,20.0,11.974285164253615,8.025714835746385,0.29372525129467236,0.5308295492455362,0.8245548005402086,-0.2371042979508638
8.740176677703857,20.0,11.974285164253615,8.025714835746385,0.29372525129467236,0.5308295492455362,0.8245548005402086,-0.2371042979508638
8.760143280029297,20.0,11.864584381402894,8.135415618597106,0.29372525129467236,0.5308295492455362,0.8245548005402086,-0.2371042979508638
8.780139207839966,20.0,11.776823755122315,8.223176244877685,0.29372525129467236,0.5308295492455362,0.8245548005402086,-0.2371042979508638
8.800137281417847,20.0,11.706615254097853,8.293384745902147,0.29372525129467236,0.5308295492455362,0.8245548005402086,-0.2371042979508638
8.820143222808838,20.0,11.668026578278283,8.331973421721717,0.29372525129467236,0.5308295492455362,0.8245548005402086,-0.2371042979508638
8.840142011642456,20.0,11.637155637622627,8.362844362377373,0.29372525129467236,0.5308295492455362,0.8245548005402086,-0.2371042979508638
8.860156059265137,20.0,11.612458885098102,8.387541114901898,0.29372525129467236,0.5308295492455362,0.8245548005402086,-0.2371042979508638
8.880157232284546,20.0,11.610279608078482,8.389720391921518,0.36372525129467237,0.5960402045771478,0.9597654558718202,-0.23231495328247542
8.90018606185913,20.0,11.608536186462787,8.391463813537213,0.36372525129467237,0.5960402045771478,0.9597654558718202,-0.23231495328247542
8.920167684555054,20.0,11.60714144917023,8.39285855082977,0.36372525129467237,0.5960402045771478,0.9597654558718202,-0.23231495328247542
8.940149307250977,20.0,11.606025659336186,8.393974340663814,0.36372525129467237,0.5960402045771478,0.9597654558718202,-0.23231495328247542
8.960139751434326,20.0,11.606025659336186,8.393974340663814,0.36372525129467237,0.5960402045771478,0.9597654558718202,-0.23231495328247542
8.980135917663574,20.0,11.605133027468948,8.394866972531052,0.36372525129467237,0.5960402045771478,0.9597654558718202,-0.23231495328247542
9.000144958496094,20.0,11.60441892197516,8.39558107802484,0.36372525129467237,0.5960402045771478,0.9597654558718202,-0.23231495328247542
9.020161867141724,20.0,11.60384763758013,8.39615236241987,0.36372525129467237,0.5960402045771478,0.9597654558718202,-0.23231495328247542
9.040135622024536,20.0,11.585812485064103,8.414187514935897,0.36372525129467237,0.5960402045771478,0.9597654558718202,-0.23231495328247542
9.06016206741333,20.0,11.571384363051285,8.428615636948715,0.36372525129467237,0.5960402045771478,0.9597654558718202,-0.23231495328247542
9.08022689819336,20.0,11.54226374044103,8.45773625955897,0.3547028878331183,0.5260402045771477,0.880743092410266,-0.1713373167440294
9.100200176239014,20.0,11.501389117352824,8.498610882647176,0.3547028878331183,0.5260402045771477,0.880743092410266,-0.1713373167440294
9.120162010192871,20.0,11.46868941888226,8.53131058111774,0.3547028878331183,0.5260402045771477,0.880743092410266,-0.1713373167440294
9.140137910842896,20.0,11.40737341010581,8.59262658989419,0.3547028878331183,0.5260402045771477,0.880743092410266,-0.1713373167440294
9.16013479232788,20.0,11.35832060308465,8.64167939691535,0.3547028878331183,0.5260402045771477,0.880743092410266,-0.1713373167440294
9.180143356323242,20.0,11.35832060308465,8.64167939691535,0.3547028878331183,0.5260402045771477,0.880743092410266,-0.1713373167440294
9.20015001296997,20.0,11.31907835746772,8.68092164253228,0.3547028878331183,0.5260402045771477,0.880743092410266,-0.1713373167440294
9.220138788223267,20.0,11.287684560974178,8.712315439025822,0.3547028878331183,0.5260402045771477,0.880743092410266,-0.1713373167440294
9.240132808685303,20.0,11.262569523779343,8.737430476220657,0.3547028878331183,0.5260402045771477,0.880743092410266,-0.1713373167440294
9.260176658630371,20.0,11.242477494023476,8.757522505976524,0.35875578807666886,0.5712421357259152,0.9299979238025841,-0.21248634764924634
9.280176877975464,20.0,11.243981995218782,8.756018004781218,0.35875578807666886,0.5712421357259152,0.9299979238025841,-0.21248634764924634
9.300146341323853,20.0,11.192451221175027,8.807548778824973,0.35875578807666886,0.5712421357259152,0.9299979238025841,-0.21248634764924634
9.320137739181519,20.0,11.116070351940023,8.883929648059977,0.35875578807666886,0.5712421357259152,0.9299979238025841,-0.21248634764924634
9.340136528015137,20.0,11.05496565655202,8.94503434344798,0.35875578807666886,0.5712421357259152,0.9299979238025841,-0.21248634764924634
9.36013913154602,20.0,11.006081900241616,8.993918099758384,0.35875578807666886,0.5712421357259152,0.9299979238025841,-0.21248634764924634
9.380138635635376,20.0,10.966974895193292,9.033025104806708,0.35875578807666886,0.5712421357259152,0.9299979238025841,-0.21248634764924634
9.40013861656189,20.0,10.935689291154635,9.064310708845365,0.35875578807666886,0.5712421357259152,0.9299979238025841,-0.21248634764924634
9.42013955116272,20.0,10.935689291154635,9.064310708845365,0.35875578807666886,0.5712421357259152,0.9299979238025841,-0.21248634764924634
9.440181255340576,20.0,10.910660807923708,9.089339192076292,0.28875578807666885,0.5012421357259151,0.789997923802584,-0.2124863476492463
9.460204839706421,20.0,10.890638021338969,9.109361978661031,0.28875578807666885,0.5012421357259151,0.789997923802584,-0.2124863476492463
9.480217456817627,20.0,10.874619792071176,9.125380207928824,0.28875578807666885,0.5012421357259151,0.789997923802584,-0.2124863476492463
9.500187873840332,20.0,10.861805208656941,9.138194791343059,0.28875578807666885,0.5012421357259151,0.789997923802584,-0.2124863476492463
9.520216226577759,20.0,10.851553541925554,9.148446458074446,0.28875578807666885,0.5012421357259151,0.789997923802584,-0.2124863476492463
9.540228605270386,20.0,10.843352208540443,9.156647791459557,0.28875578807666885,0.5012421357259151,0.789997923802584,-0.2124863476492463
9.560194730758667,20.0,10.854369266832355,9.145630733167645,0.28875578807666885,0.5012421357259151,0.789997923802584,-0.2124863476492463
9.580151796340942,20.0,10.863182913465884,9.136817086534116,0.28875578807666885,0.5012421357259151,0.789997923802584,-0.2124863476492463
9.600130796432495,20.0,10.88781195577271,9.11218804422729,0.28875578807666885,0.5012421357259151,0.789997923802584,-0.2124863476492463
9.62012767791748,20.0,10.925093314618168,9.074906685381832,0.28875578807666885,0.5012421357259151,0.789997923802584,-0.2124863476492463
9.64013147354126,20.0,10.925093314618168,9.074906685381832,0.28875578807666885,0.5012421357259151,0.789997923802584,-0.2124863476492463
9.660131454467773,20.0,10.972496526694536,9.027503473305464,0.28875578807666885,0.5012421357259151,0.789997923802584,-0.2124863476492463
9.680134534835815,20.0,11.01041909635563,8.98958090364437,0.28875578807666885,0.5012421357259151,0.789997923802584,-0.2124863476492463
9.70013427734375,20.0,11.040757152084504,8.959242847915496,0.28875578807666885,0.5012421357259151,0.789997923802584,-0.2124863476492463
9.720133543014526,20.0,11.065027596667605,8.934972403332395,0.28875578807666885,0.5012421357259151,0.789997923802584,-0.2124863476492463
9.740156888961792,20.0,11.084443952334084,8.915556047665916,0.28875578807666885,0.5012421357259151,0.789997923802584,-0.2124863476492463
9.76014232635498,20.0,11.09997703686727,8.90002296313273,0.28875578807666885,0.5012421357259151,0.789997923802584,-0.2124863476492463
9.780136108398438,20.0,11.112403504493816,8.887596495506184,0.28875578807666885,0.5012421357259151,0.789997923802584,-0.2124863476492463
9.80013394355774,20.0,11.122344678595054,8.877655321404946,0.28875578807666885,0.5012421357259151,0.789997923802584,-0.2124863476492463
9.820156812667847,20.0,11.130297617876046,8.869702382123954,0.28875578807666885,0.5012421357259151,0.789997923802584,-0.2124863476492463
9.840159893035889,20.0,11.130297617876046,8.869702382123954,0.28875578807666885,0.5012421357259151,0.789997923802584,-0.2124863476492463
9.860156536102295,20.0,11.136659969300837,8.863340030699163,0.28875578807666885,0.5012421357259151,0.789997923802584,-0.2124863476492463
9.880206823348999,20.0,11.141749850440672,8.858250149559328,0.21875578807666884,0.5712421357259152,0.789997923802584,-0.35248634764924636
9.900141954421997,20.0,11.145821755352538,8.854178244647462,0.21875578807666884,0.5712421357259152,0.789997923802584,-0.35248634764924636
9.920133829116821,20.0,11.149079279282033,8.850920720717967,0.21875578807666884,0.5712421357259152,0.789997923802584,-0.35248634764924636
9.940143823623657,20.0,11.151685298425628,8.848314701574372,0.21875578807666884,0.5712421357259152,0.789997923802584,-0.35248634764924636
9.960141897201538,20.0,11.153770113740503,8.846229886259497,0.21875578807666884,0.5712421357259152,0.789997923802584,-0.35248634764924636
9.98013162612915,20.0,11.173016090992403,8.826983909007597,0.21875578807666884,0.5712421357259152,0.789997923802584,-0.35248634764924636
10.000134229660034,-20.0,11.188412872793924,-31.188412872793926,0.21875578807666884,0.5712421357259152,0.789997923802584,-0.35248634764924636
10.02015233039856,-20.0,11.21830842323514,-31.21830842323514,0.21875578807666884,0.5712421357259152,0.789997923802584,-0.35248634764924636
10.040144920349121,-20.0,11.294959238588113,-31.294959238588113,0.21875578807666884,0.5712421357259152,0.789997923802584,-0.35248634764924636
10.060159921646118,-20.0,11.294959238588113,-31.294959238588113,0.21875578807666884,0.5712421357259152,0.789997923802584,-0.35248634764924636
10.080152988433838,-20.0,11.46174864087049,-31.46174864087049,0.21875578807666884,0.5712421357259152,0.789997923802584,-0.35248634764924636
10.100157976150513,-20.0,11.700648912696392,-31.700648912696394,0.21875578807666884,0.5712421357259152,0.789997923802584,-0.35248634764924636
10.120140314102173,-20.0,11.962081630157115,-31.962081630157115,0.21875578807666884,0.5712421357259152,0.789997923802584,-0.35248634764924636
10.140141725540161,-20.0,12.241540304125694,-32.24154030412569,0.21875578807666884,0.5712421357259152,0.789997923802584,-0.35248634764924636
10.160144805908203,-20.0,12.535419743300555,-32.53541974330055,0.21875578807666884,0.5712421357259152,0.789997923802584,-0.35248634764924636
10.18014121055603,-20.0,12.823257669640444,-32.82325766964044,0.21875578807666884,0.5712421357259152,0.789997923802584,-0.35248634764924636
10.200149774551392,-20.0,13.053528010712357,-33.053528010712355,0.21875578807666884,0.5712421357259152,0.789997923802584,-0.35248634764924636
10.220150470733643,-20.0,13.237744283569887,-33.23774428356989,0.21875578807666884,0.5712421357259152,0.789997923802584,-0.35248634764924636
10.240150928497314,-20.0,13.385117301855912,-33.385117301855914,0.21875578807666884,0.5712421357259152,0.789997923802584,-0.35248634764924636
10.260170221328735,-20.0,13.50301571648473,-33.50301571648473,0.14875578807666884,0.5012421357259151,0.6499979238025839,-0.3524863476492463
10.280187845230103,-20.0,13.50301571648473,-33.50301571648473,0.14875578807666884,0.5012421357259151,0.6499979238025839,-0.3524863476492463
10.3001549243927,-20.0,13.597334448187786,-33.59733444818779,0.14875578807666884,0.5012421357259151,0.6499979238025839,-0.3524863476492463
10.320138692855835,-20.0,13.690367558550228,-33.69036755855023,0.14875578807666884,0.5012421357259151,0.6499979238025839,-0.3524863476492463
10.340144872665405,-20.0,13.764794046840183,-33.76479404684018,0.14875578807666884,0.5012421357259151,0.6499979238025839,-0.3524863476492463
10.360151290893555,-20.0,13.841913362472148,-33.84191336247215,0.14875578807666884,0.5012421357259151,0.6499979238025839,-0.3524863476492463
10.3801589012146,-20.0,13.90360881497772,-33.903608814977716,0.14875578807666884,0.5012421357259151,0.6499979238025839,-0.3524863476492463
10.400144338607788,-20.0,13.970543301982177,-33.970543301982175,0.14875578807666884,0.5012421357259151,0.6499979238025839,-0.3524863476492463
10.420153617858887,-20.0,14.024090891585741,-34.02409089158574,0.14875578807666884,0.5012421357259151,0.6499979238025839,-0.3524863476492463
10.440159559249878,-20.0,14.102085213268595,-34.102085213268595,0.21875578807666884,0.5712421357259152,0.789997923802584,-0.35248634764924636
10.46016788482666,-20.0,14.252371295614877,-34.25237129561488,0.21875578807666884,0.5712421357259152,0.789997923802584,-0.35248634764924636
10.480149984359741,-20.0,14.478068911491901,-34.4780689114919,0.21875578807666884,0.5712421357259152,0.789997923802584,-0.35248634764924636
10.50014615058899,-20.0,14.478068911491901,-34.4780689114919,0.21875578807666884,0.5712421357259152,0.789997923802584,-0.35248634764924636
10.520158290863037,-20.0,14.728939504193521,-34.72893950419352,0.21875578807666884,0.5712421357259152,0.789997923802584,-0.35248634764924636
10.540151834487915,-20.0,14.929635978354819,-34.92963597835482,0.21875578807666884,0.5712421357259152,0.789997923802584,-0.35248634764924636
10.560142040252686,-20.0,15.090193157683856,-35.090193157683856,0.21875578807666884,0.5712421357259152,0.789997923802584,-0.35248634764924636
10.580137252807617,-20.0,15.218638901147086,-35.21863890114709,0.21875578807666884,0.5712421357259152,0.789997923802584,-0.35248634764924636
10.600146055221558,-20.0,15.32139549591767,-35.32139549591767,0.21875578807666884,0.5712421357259152,0.789997923802584,-0.35248634764924636
10.620172262191772,-20.0,15.386022646734137,-35.38602264673413,0.28875578807666885,0.5012421357259151,0.789997923802584,-0.2124863476492463
10.640174388885498,-20.0,15.420146242387311,-35.42014624238731,0.28875578807666885,0.5012421357259151,0.789997923802584,-0.2124863476492463
10.660146474838257,-20.0,15.447445118909851,-35.447445118909855,0.28875578807666885,0.5012421357259151,0.789997923802584,-0.2124863476492463
10.680147409439087,-20.0,15.43412797012788,-35.43412797012788,0.28875578807666885,0.5012421357259151,0.789997923802584,-0.2124863476492463
10.700146198272705,-20.0,15.423474251102306,-35.423474251102306,0.28875578807666885,0.5012421357259151,0.789997923802584,-0.2124863476492463
10.720156908035278,-20.0,15.397373150881847,-35.39737315088185,0.28875578807666885,0.5012421357259151,0.789997923802584,-0.2124863476492463
10.740156173706055,-20.0,15.397373150881847,-35.39737315088185,0.28875578807666885,0.5012421357259151,0.789997923802584,-0.2124863476492463
10.760164260864258,-20.0,15.358914145705477,-35.35891414570548,0.28875578807666885,0.5012421357259151,0.789997923802584,-0.2124863476492463
10.78015422821045,-20.0,15.328146941564382,-35.328146941564384,0.28875578807666885,0.5012421357259151,0.789997923802584,-0.2124863476492463
10.800151109695435,-20.0,15.250798803251508,-35.250798803251506,0.28875578807666885,0.5012421357259151,0.789997923802584,-0.2124863476492463
10.82016372680664,-20.0,15.065873417601209,-35.06587341760121,0.28875578807666885,0.5012421357259151,0.789997923802584,-0.2124863476492463
10.840179920196533,-20.0,14.794886234080968,-34.79488623408097,0.28875578807666885,0.5012421357259151,0.789997923802584,-0.2124863476492463
10.860196828842163,-20.0,14.542940237264776,-34.54294023726477,0.35875578807666886,0.47310412030667043,0.8318599083833393,-0.11434833223000157
10.880277156829834,-20.0,14.341383439811821,-34.34138343981182,0.35875578807666886,0.47310412030667043,0.8318599083833393,-0.11434833223000157
10.900241613388062,-20.0,14.180138001849459,-34.18013800184946,0.35875578807666886,0.47310412030667043,0.8318599083833393,-0.11434833223000157
10.920182228088379,-20.0,14.051141651479567,-34.05114165147957,0.35875578807666886,0.47310412030667043,0.8318599083833393,-0.11434833223000157
10.940166473388672,-20.0,13.947944571183653,-33.947944571183655,0.35875578807666886,0.47310412030667043,0.8318599083833393,-0.11434833223000157
10.960165023803711,-20.0,13.947944571183653,-33.947944571183655,0.35875578807666886,0.47310412030667043,0.8318599083833393,-0.11434833223000157
10.980171203613281,-20.0,13.865386906946926,-33.865386906946924,0.35875578807666886,0.47310412030667043,0.8318599083833393,-0.11434833223000157
11.000186920166016,-20.0,13.69387202555754,-33.69387202555754,0.35875578807666886,0.47310412030667043,0.8318599083833393,-0.11434833223000157
11.020179271697998,-20.0,13.380878870446034,-33.38087887044603,0.35875578807666886,0.47310412030667043,0.8318599083833393,-0.11434833223000157
11.040164232254028,-20.0,13.007437471356827,-33.00743747135682,0.35875578807666886,0.47310412030667043,0.8318599083833393,-0.11434833223000157
11.06017541885376,-20.0,12.655949977085463,-32.65594997708546,0.35875578807666886,0.47310412030667043,0.8318599083833393,-0.11434833223000157
11.08017373085022,-20.0,12.32202560666837,-32.32202560666837,0.42875578807666886,0.42646020006388397,0.8552159881405528,0.0022955880127848993
11.100162267684937,-20.0,11.984573610334698,-31.9845736103347,0.42875578807666886,0.42646020006388397,0.8552159881405528,0.0022955880127848993
11.120156288146973,-20.0,11.62672138826776,-31.62672138826776,0.42875578807666886,0.42646020006388397,0.8552159881405528,0.0022955880127848993
11.140149593353271,-20.0,11.270127110614208,-31.270127110614208,0.42875578807666886,0.42646020006388397,0.8552159881405528,0.0022955880127848993
11.160155534744263,-20.0,11.270127110614208,-31.270127110614208,0.42875578807666886,0.42646020006388397,0.8552159881405528,0.0022955880127848993
11.180187225341797,-20.0,10.879382938491368,-30.879382938491368,0.42875578807666886,0.42646020006388397,0.8552159881405528,0.0022955880127848993
11.200172424316406,-20.0,10.373428225793097,-30.3734282257931,0.42875578807666886,0.42646020006388397,0.8552159881405528,0.0022955880127848993
11.22016716003418,-20.0,9.722570705634476,-29.722570705634475,0.42875578807666886,0.42646020006388397,0.8552159881405528,0.0022955880127848993
11.240191221237183,-20.0,9.026103439507581,-29.02610343950758,0.42875578807666886,0.42646020006388397,0.8552159881405528,0.0022955880127848993
11.260186672210693,-20.0,8.398617126606064,-28.398617126606062,0.42875578807666886,0.42646020006388397,0.8552159881405528,0.0022955880127848993
11.28024172782898,-20.0,7.861471826284852,-27.861471826284852,0.49875578807666887,0.35646020006388396,0.8552159881405528,0.1422955880127849
11.300211906433105,-20.0,7.379021211027882,-27.379021211027883,0.49875578807666887,0.35646020006388396,0.8552159881405528,0.1422955880127849
11.320176601409912,-20.0,6.957904468822306,-26.957904468822306,0.49875578807666887,0.35646020006388396,0.8552159881405528,0.1422955880127849
11.340162992477417,-20.0,6.6034329500578455,-26.603432950057844,0.49875578807666887,0.35646020006388396,0.8552159881405528,0.1422955880127849
11.360161781311035,-20.0,6.284699485046277,-26.284699485046275,0.49875578807666887,0.35646020006388396,0.8552159881405528,0.1422955880127849
11.380162239074707,-20.0,6.284699485046277,-26.284699485046275,0.49875578807666887,0.35646020006388396,0.8552159881405528,0.1422955880127849
11.4001624584198,-20.0,5.906665838037022,-25.90666583803702,0.49875578807666887,0.35646020006388396,0.8552159881405528,0.1422955880127849
11.42015266418457,-20.0,5.358145170429619,-25.35814517042962,0.49875578807666887,0.35646020006388396,0.8552159881405528,0.1422955880127849
11.440163850784302,-20.0,4.690813011343695,-24.690813011343696,0.49875578807666887,0.35646020006388396,0.8552159881405528,0.1422955880127849
11.460162162780762,-20.0,4.033900409074956,-24.033900409074956,0.49875578807666887,0.35646020006388396,0.8552159881405528,0.1422955880127849
11.480180025100708,-20.0,3.420479702259965,-23.420479702259964,0.5193190030939876,0.31774866338819235,0.8370676664821799,0.20157033970579524
11.500163078308105,-20.0,2.8418525118079723,-22.84185251180797,0.5193190030939876,0.31774866338819235,0.8370676664821799,0.20157033970579524
11.520156621932983,-20.0,2.3086382594463775,-22.308638259446376,0.5193190030939876,0.31774866338819235,0.8370676664821799,0.20157033970579524
11.540157318115234,-20.0,1.794176232557102,-21.794176232557103,0.5193190030939876,0.31774866338819235,0.8370676664821799,0.20157033970579524
11.560153007507324,-20.0,1.3298722360456816,-21.32987223604568,0.5193190030939876,0.31774866338819235,0.8370676664821799,0.20157033970579524
11.580151081085205,-20.0,0.8529602888365454,-20.852960288836545,0.5193190030939876,0.31774866338819235,0.8370676664821799,0.20157033970579524
11.600152015686035,-20.0,0.8529602888365454,-20.852960288836545,0.5193190030939876,0.31774866338819235,0.8370676664821799,0.20157033970579524
11.620150327682495,-20.0,0.2956494810692363,-20.295649481069237,0.5193190030939876,0.31774866338819235,0.8370676664821799,0.20157033970579524
11.640156030654907,-20.0,-0.32598041514461096,-19.67401958485539,0.5193190030939876,0.31774866338819235,0.8370676664821799,0.20157033970579524
11.660212278366089,-20.0,-0.9639093321156887,-19.036090667884313,0.5306959698162972,0.24774866338819232,0.7784446332044895,0.28294730642810484
11.680168867111206,-20.0,-1.562143090692551,-18.43785690930745,0.5306959698162972,0.24774866338819232,0.7784446332044895,0.28294730642810484
11.700153827667236,-20.0,-2.075886347554041,-17.92411365244596,0.5306959698162972,0.24774866338819232,0.7784446332044895,0.28294730642810484
11.720147848129272,-20.0,-2.486880953043233,-17.513119046956767,0.5306959698162972,0.24774866338819232,0.7784446332044895,0.28294730642810484
11.740147590637207,-20.0,-2.8332547624345867,-17.166745237565415,0.5306959698162972,0.24774866338819232,0.7784446332044895,0.28294730642810484
11.760149240493774,-20.0,-3.1982444349476693,-16.801755565052332,0.5306959698162972,0.24774866338819232,0.7784446332044895,0.28294730642810484
11.780143737792969,-20.0,-3.6660174229581357,-16.333982577041866,0.5306959698162972,0.24774866338819232,0.7784446332044895,0.28294730642810484
11.800148010253906,-20.0,-4.251173313366508,-15.748826686633492,0.5306959698162972,0.24774866338819232,0.7784446332044895,0.28294730642810484
11.820167303085327,-20.0,-4.251173313366508,-15.748826686633492,0.5306959698162972,0.24774866338819232,0.7784446332044895,0.28294730642810484
11.840173482894897,-20.0,-4.877501150693208,-15.122498849306792,0.5306959698162972,0.24774866338819232,0.7784446332044895,0.28294730642810484
11.860172033309937,-20.0,-5.484032170554566,-14.515967829445433,0.6006959698162972,0.17774866338819234,0.7784446332044896,0.4229473064281049
11.880167722702026,-20.0,-6.039569486443653,-13.960430513556346,0.6006959698162972,0.17774866338819234,0.7784446332044896,0.4229473064281049
11.900147438049316,-20.0,-6.536733714154923,-13.463266285845076,0.6006959698162972,0.17774866338819234,0.7784446332044896,0.4229473064281049
11.920145034790039,-20.0,-6.9520432213239385,-13.047956778676062,0.6006959698162972,0.17774866338819234,0.7784446332044896,0.4229473064281049
11.940146446228027,-20.0,-7.301868952059152,-12.698131047940848,0.6006959698162972,0.17774866338819234,0.7784446332044896,0.4229473064281049
11.960155248641968,-20.0,-7.652042036647321,-12.347957963352679,0.6006959698162972,0.17774866338819234,0.7784446332044896,0.4229473064281049
11.980152368545532,-20.0,-8.125539879317857,-11.874460120682143,0.6006959698162972,0.17774866338819234,0.7784446332044896,0.4229473064281049
12.000145673751831,-20.0,-8.785588153454286,-11.214411846545714,0.6006959698162972,0.17774866338819234,0.7784446332044896,0.4229473064281049
12.020140171051025,-20.0,-9.54214239776343,-10.45785760223657,0.6006959698162972,0.17774866338819234,0.7784446332044896,0.4229473064281049
12.040231466293335,-20.0,-9.54214239776343,-10.45785760223657,0.6003771660791244,0.11976019855588643,0.7201373646350109,0.48061696752323796
12.060178518295288,-20.0,-10.305588918210745,-9.694411081789255,0.6003771660791244,0.11976019855588643,0.7201373646350109,0.48061696752323796
12.080159664154053,-20.0,-11.039393009568597,-8.960606990431403,0.6003771660791244,0.11976019855588643,0.7201373646350109,0.48061696752323796
12.100147008895874,-20.0,-11.749483157654879,-8.250516842345121,0.6003771660791244,0.11976019855588643,0.7201373646350109,0.48061696752323796
12.12014365196228,-20.0,-12.475758401123905,-7.524241598876095,0.6003771660791244,0.11976019855588643,0.7201373646350109,0.48061696752323796
12.140147924423218,-20.0,-13.250137970899125,-6.749862029100875,0.6003771660791244,0.11976019855588643,0.7201373646350109,0.48061696752323796
12.160143852233887,-20.0,-14.063001001719302,-5.936998998280698,0.6003771660791244,0.11976019855588643,0.7201373646350109,0.48061696752323796
12.180153369903564,-20.0,-14.853916426375443,-5.146083573624557,0.6003771660791244,0.11976019855588643,0.7201373646350109,0.48061696752323796
12.200147151947021,-20.0,-15.609695641100354,-4.390304358899646,0.6003771660791244,0.11976019855588643,0.7201373646350109,0.48061696752323796
12.220166683197021,-20.0,-16.33736588788028,-3.6626341121197186,0.6003771660791244,0.11976019855588643,0.7201373646350109,0.48061696752323796
12.2402024269104,-20.0,-17.024970835304224,-2.9750291646957763,0.6703771660791245,0.18976019855588644,0.8601373646350109,0.480616967523238
12.260157346725464,-20.0,-17.66294541824338,-2.3370545817566217,0.6703771660791245,0.18976019855588644,0.8601373646350109,0.480616967523238
12.280152082443237,-20.0,-17.66294541824338,-2.3370545817566217,0.6703771660791245,0.18976019855588644,0.8601373646350109,0.480616967523238
12.300143241882324,-20.0,-18.226059459594705,-1.7739405404052953,0.6703771660791245,0.18976019855588644,0.8601373646350109,0.480616967523238
12.32014775276184,-20.0,-18.676550692675765,-1.3234493073242355,0.6703771660791245,0.18976019855588644,0.8601373646350109,0.480616967523238
12.340153932571411,-20.0,-19.036943679140613,-0.963056320859387,0.6703771660791245,0.18976019855588644,0.8601373646350109,0.480616967523238
12.360159635543823,-20.0,-19.30767994331249,-0.6923200566875103,0.6703771660791245,0.18976019855588644,0.8601373646350109,0.480616967523238
12.38015866279602,-20.0,-19.506690829649997,-0.49330917035000255,0.6703771660791245,0.18976019855588644,0.8601373646350109,0.480616967523238
12.400174379348755,-20.0,-19.665899538719998,-0.33410046128000204,0.6703771660791245,0.18976019855588644,0.8601373646350109,0.480616967523238
12.420178890228271,-20.0,-19.775688380976,-0.2243116190240002,0.6003771660791244,0.16701633270829885,0.7673934987874232,0.43336083337082554
12.440200328826904,-20.0,-19.863519454780803,-0.13648054521919661,0.6003771660791244,0.16701633270829885,0.7673934987874232,0.43336083337082554
12.46016812324524,-20.0,-19.916206188824642,-0.083793811175358,0.6003771660791244,0.16701633270829885,0.7673934987874232,0.43336083337082554
12.480146646499634,-20.0,-19.975933701059716,-0.02406629894028356,0.6003771660791244,0.16701633270829885,0.7673934987874232,0.43336083337082554
12.500144004821777,-20.0,-19.975933701059716,-0.02406629894028356,0.6003771660791244,0.16701633270829885,0.7673934987874232,0.43336083337082554
12.520146608352661,-20.0,-20.023715710847778,0.023715710847778126,0.6003771660791244,0.16701633270829885,0.7673934987874232,0.43336083337082554
12.5401451587677,-20.0,-20.061941318678223,0.0619413186782225,0.6003771660791244,0.16701633270829885,0.7673934987874232,0.43336083337082554
12.560153007507324,-20.0,-20.09252180494258,0.09252180494258155,0.6003771660791244,0.16701633270829885,0.7673934987874232,0.43336083337082554
12.580154180526733,-20.0,-20.116986193954066,0.11698619395406595,0.6003771660791244,0.16701633270829885,0.7673934987874232,0.43336083337082554
12.600170373916626,-20.0,-20.136557705163252,0.13655770516325205,0.6003771660791244,0.16701633270829885,0.7673934987874232,0.43336083337082554
12.620234251022339,-20.0,-20.1522149141306,0.1522149141305995,0.6285384347604122,0.18459559950977533,0.8131340342701875,0.4439428352506368
12.640191555023193,-20.0,-20.182318806304483,0.18231880630448316,0.6285384347604122,0.18459559950977533,0.8131340342701875,0.4439428352506368
12.660158634185791,-20.0,-20.206401920043586,0.20640192004358582,0.6285384347604122,0.18459559950977533,0.8131340342701875,0.4439428352506368
12.680166721343994,-20.0,-20.22566841103487,0.2256684110348708,0.6285384347604122,0.18459559950977533,0.8131340342701875,0.4439428352506368
12.700150489807129,-20.0,-20.22566841103487,0.2256684110348708,0.6285384347604122,0.18459559950977533,0.8131340342701875,0.4439428352506368
12.720149993896484,-20.0,-20.2410816038279,0.2410816038279009,0.6285384347604122,0.18459559950977533,0.8131340342701875,0.4439428352506368
12.740151166915894,-20.0,-20.25341215806232,0.2534121580623214,0.6285384347604122,0.18459559950977533,0.8131340342701875,0.4439428352506368
12.760159969329834,-20.0,-20.263276601449856,0.26327660144985643,0.6285384347604122,0.18459559950977533,0.8131340342701875,0.4439428352506368
12.780141592025757,-20.0,-20.271168156159888,0.271168156159888,0.6285384347604122,0.18459559950977533,0.8131340342701875,0.4439428352506368
12.800177097320557,-20.0,-20.277481399927915,0.27748139992791465,0.6035642543749418,0.11811977598816124,0.721684030363103,0.4854444783867805
12.820219993591309,-20.0,-20.28253199494233,0.2825319949423317,0.6035642543749418,0.11811977598816124,0.721684030363103,0.4854444783867805
12.840232372283936,-20.0,-20.286572470953868,0.2865724709538675,0.6035642543749418,0.11811977598816124,0.721684030363103,0.4854444783867805
12.860199213027954,-20.0,-20.289804851763094,0.289804851763094,0.6035642543749418,0.11811977598816124,0.721684030363103,0.4854444783867805
12.88016414642334,-20.0,-20.29239075641048,0.2923907564104802,0.6035642543749418,0.11811977598816124,0.721684030363103,0.4854444783867805
12.900154113769531,-20.0,-20.294459480128385,0.29445948012838485,0.6035642543749418,0.11811977598816124,0.721684030363103,0.4854444783867805
12.920149326324463,-20.0,-20.294459480128385,0.29445948012838485,0.6035642543749418,0.11811977598816124,0.721684030363103,0.4854444783867805
12.94014596939087,-20.0,-20.29611445910271,0.2961144591027107,0.6035642543749418,0.11811977598816124,0.721684030363103,0.4854444783867805
12.960180759429932,-20.0,-20.29743844228217,0.2974384422821714,0.6035642543749418,0.11811977598816124,0.721684030363103,0.4854444783867805
12.980153799057007,-20.0,-20.298497628825736,0.2984976288257357,0.6035642543749418,0.11811977598816124,0.721684030363103,0.4854444783867805
13.00014352798462,-20.0,-20.299344978060592,0.2993449780605921,0.6035642543749418,0.11811977598816124,0.721684030363103,0.4854444783867805
13.02015209197998,-20.0,-20.317600982448475,0.3176009824484751,0.6035642543749418,0.11811977598816124,0.721684030363103,0.4854444783867805
13.040164947509766,-20.0,-20.33220578595878,0.3322057859587808,0.6401744814531412,0.18780553314834803,0.8279800146014892,0.45236894830479313
13.060200929641724,-20.0,-20.343889628767027,0.3438896287670268,0.6401744814531412,0.18780553314834803,0.8279800146014892,0.45236894830479313
13.08016300201416,-20.0,-20.37081482801362,0.3708148280136214,0.6401744814531412,0.18780553314834803,0.8279800146014892,0.45236894830479313
13.100151062011719,-20.0,-20.392354987410897,0.39235498741089714,0.6401744814531412,0.18780553314834803,0.8279800146014892,0.45236894830479313
13.120150804519653,-20.0,-20.40958711492872,0.40958711492871913,0.6401744814531412,0.18780553314834803,0.8279800146014892,0.45236894830479313
13.140145540237427,-20.0,-20.40958711492872,0.40958711492871913,0.6401744814531412,0.18780553314834803,0.8279800146014892,0.45236894830479313
13.160143852233887,-20.0,-20.423372816942976,0.423372816942976,0.6401744814531412,0.18780553314834803,0.8279800146014892,0.45236894830479313
13.180166959762573,-20.0,-20.43440137855438,0.4344013785543801,0.6401744814531412,0.18780553314834803,0.8279800146014892,0.45236894830479313
13.200172424316406,-20.0,-20.42564610284351,0.42564610284350834,0.6401744814531412,0.18780553314834803,0.8279800146014892,0.45236894830479313
13.220153570175171,-20.0,-20.40106375727481,0.4010637572748088,0.6401744814531412,0.18780553314834803,0.8279800146014892,0.45236894830479313
13.240142822265625,-20.0,-20.36381975581985,0.3638197558198506,0.6401744814531412,0.18780553314834803,0.8279800146014892,0.45236894830479313
13.260151863098145,-20.0,-20.334024554655883,0.3340245546558833,0.6401744814531412,0.18780553314834803,0.8279800146014892,0.45236894830479313
13.280174016952515,-20.0,-20.310188393724708,0.3101883937247081,0.6401744814531412,0.18780553314834803,0.8279800146014892,0.45236894830479313
13.300216436386108,-20.0,-20.29111946497977,0.2911194649797686,0.6027021625952329,0.23428470242768495,0.8369868650229179,0.36841746016754795
13.32024097442627,-20.0,-20.275864321983814,0.27586432198381416,0.6027021625952329,0.23428470242768495,0.8369868650229179,0.36841746016754795
13.340218305587769,-20.0,-20.263660207587055,0.2636602075870549,0.6027021625952329,0.23428470242768495,0.8369868650229179,0.36841746016754795
13.36017894744873,-20.0,-20.263660207587055,0.2636602075870549,0.6027021625952329,0.23428470242768495,0.8369868650229179,0.36841746016754795
13.380180358886719,-20.0,-20.25389691606965,0.2538969160696496,0.6027021625952329,0.23428470242768495,0.8369868650229179,0.36841746016754795
13.400169610977173,-20.0,-20.246086282855725,0.24608628285572465,0.6027021625952329,0.23428470242768495,0.8369868650229179,0.36841746016754795
13.420157670974731,-20.0,-20.23983777628458,0.23983777628458114,0.6027021625952329,0.23428470242768495,0.8369868650229179,0.36841746016754795
13.440166711807251,-20.0,-20.217260846027667,0.21726084602766704,0.6027021625952329,0.23428470242768495,0.8369868650229179,0.36841746016754795
13.460160255432129,-20.0,-20.199199301822134,0.19919930182213363,0.6027021625952329,0.23428470242768495,0.8369868650229179,0.36841746016754795
13.480168581008911,-20.0,-20.184750066457706,0.1847500664577062,0.6027021625952329,0.23428470242768495,0.8369868650229179,0.36841746016754795
13.500241756439209,-20.0,-20.138034428166165,0.13803442816616496,0.6332785276637878,0.29976208109408586,0.9330406087578736,0.3335164465697019
13.520187377929688,-20.0,-20.065505667532932,0.06550566753293197,0.6332785276637878,0.29976208109408586,0.9330406087578736,0.3335164465697019
13.54018759727478,-20.0,-20.007482659026344,0.007482659026344152,0.6332785276637878,0.29976208109408586,0.9330406087578736,0.3335164465697019
13.56025767326355,-20.0,-19.961064252221075,-0.03893574777892539,0.6332785276637878,0.29976208109408586,0.9330406087578736,0.3335164465697019
13.580204725265503,-20.0,-19.961064252221075,-0.03893574777892539,0.6332785276637878,0.29976208109408586,0.9330406087578736,0.3335164465697019
13.600184440612793,-20.0,-19.88877327677686,-0.11122672322314031,0.6332785276637878,0.29976208109408586,0.9330406087578736,0.3335164465697019
13.620183944702148,-20.0,-19.76062799642149,-0.2393720035785094,0.6332785276637878,0.29976208109408586,0.9330406087578736,0.3335164465697019
13.640186786651611,-20.0,-19.570221147137193,-0.4297788528628068,0.6332785276637878,0.29976208109408586,0.9330406087578736,0.3335164465697019
13.660189390182495,-20.0,-19.312426917709754,-0.6875730822902462,0.6332785276637878,0.29976208109408586,0.9330406087578736,0.3335164465697019
13.680175304412842,-20.0,-19.000722784167806,-0.9992772158321941,0.6332785276637878,0.29976208109408586,0.9330406087578736,0.3335164465697019
13.700181007385254,-20.0,-18.681046977334244,-1.318953022665756,0.6949002942012157,0.22976208109408588,0.9246623752953016,0.46513821310712977
13.72019100189209,-20.0,-18.390150081867393,-1.609849918132607,0.6949002942012157,0.22976208109408588,0.9246623752953016,0.46513821310712977
13.740203380584717,-20.0,-18.157432565493917,-1.8425674345060834,0.6949002942012157,0.22976208109408588,0.9246623752953016,0.46513821310712977
13.760220527648926,-20.0,-17.97125855239513,-2.028741447604869,0.6949002942012157,0.22976208109408588,0.9246623752953016,0.46513821310712977
13.780217170715332,-20.0,-17.822319341916106,-2.1776806580838937,0.6949002942012157,0.22976208109408588,0.9246623752953016,0.46513821310712977
13.800209283828735,-20.0,-17.703167973532885,-2.296832026467115,0.6949002942012157,0.22976208109408588,0.9246623752953016,0.46513821310712977
13.820185422897339,-20.0,-17.703167973532885,-2.296832026467115,0.6949002942012157,0.22976208109408588,0.9246623752953016,0.46513821310712977
13.840186357498169,-20.0,-17.625425003826308,-2.374574996173692,0.6949002942012157,0.22976208109408588,0.9246623752953016,0.46513821310712977
13.8601713180542,-20.0,-17.56323062806105,-2.4367693719389507,0.6949002942012157,0.22976208109408588,0.9246623752953016,0.46513821310712977
13.880181312561035,-20.0,-17.51347512744884,-2.4865248725511613,0.6949002942012157,0.22976208109408588,0.9246623752953016,0.46513821310712977
13.90018630027771,-20.0,-17.491248851959075,-2.5087511480409255,0.6249002942012156,0.2305257497145791,0.8554260439157947,0.39437454448663656
13.920184135437012,-20.0,-17.473467831567262,-2.5265321684327375,0.6249002942012156,0.2305257497145791,0.8554260439157947,0.39437454448663656
13.940190076828003,-20.0,-17.45924301525381,-2.5407569847461886,0.6249002942012156,0.2305257497145791,0.8554260439157947,0.39437454448663656
13.960193395614624,-20.0,-17.46544128720305,-2.534558712796951,0.6249002942012156,0.2305257497145791,0.8554260439157947,0.39437454448663656
13.980175733566284,-20.0,-17.47039990476244,-2.5296000952375586,0.6249002942012156,0.2305257497145791,0.8554260439157947,0.39437454448663656
14.000154256820679,-20.0,-17.474366798809957,-2.5256332011900433,0.6249002942012156,0.2305257497145791,0.8554260439157947,0.39437454448663656
14.020169496536255,-20.0,-17.477540314047967,-2.5224596859520325,0.6249002942012156,0.2305257497145791,0.8554260439157947,0.39437454448663656
14.04015851020813,-20.0,-17.477540314047967,-2.5224596859520325,0.6249002942012156,0.2305257497145791,0.8554260439157947,0.39437454448663656
14.060181617736816,-20.0,-17.480079126238373,-2.5199208737616274,0.6249002942012156,0.2305257497145791,0.8554260439157947,0.39437454448663656
14.080176830291748,-20.0,-17.482110175990698,-2.517889824009302,0.6249002942012156,0.2305257497145791,0.8554260439157947,0.39437454448663656
14.100196123123169,-20.0,-17.483735015792558,-2.5162649842074423,0.6949002942012157,0.3005257497145791,0.9954260439157948,0.39437454448663656
14.120243072509766,-20.0,-17.485034887634047,-2.514965112365953,0.6949002942012157,0.3005257497145791,0.9954260439157948,0.39437454448663656
14.140243530273438,-20.0,-17.48607478510724,-2.5139252148927618,0.6949002942012157,0.3005257497145791,0.9954260439157948,0.39437454448663656
14.160197973251343,-20.0,-17.486906703085793,-2.5130932969142066,0.6949002942012157,0.3005257497145791,0.9954260439157948,0.39437454448663656
14.18019151687622,-20.0,-17.487572237468637,-2.512427762531363,0.6949002942012157,0.3005257497145791,0.9954260439157948,0.39437454448663656
14.200189590454102,-20.0,-17.488104664974912,-2.5118953350250877,0.6949002942012157,0.3005257497145791,0.9954260439157948,0.39437454448663656
14.220191717147827,-20.0,-17.470952481979932,-2.529047518020068,0.6949002942012157,0.3005257497145791,0.9954260439157948,0.39437454448663656
14.240182399749756,-20.0,-17.470952481979932,-2.529047518020068,0.6949002942012157,0.3005257497145791,0.9954260439157948,0.39437454448663656
14.260182857513428,-20.0,-17.43965261058395,-2.5603473894160516,0.6949002942012157,0.3005257497145791,0.9954260439157948,0.39437454448663656
14.280176162719727,-20.0,-17.41461271346716,-2.585387286532839,0.6949002942012157,0.3005257497145791,0.9954260439157948,0.39437454448663656
14.300160884857178,-20.0,-17.377002670773727,-2.6229973292262727,0.6949002942012157,0.3005257497145791,0.9954260439157948,0.39437454448663656
14.320194244384766,-20.0,-17.346914636618983,-2.6530853633810167,0.6949002942012157,0.3005257497145791,0.9954260439157948,0.39437454448663656
14.3402259349823,-20.0,-17.322844209295184,-2.6771557907048162,0.7,0.30003142598550736,1.0000314259855072,0.3999685740144926
14.360264539718628,-20.0,-17.30358786743615,-2.69641213256385,0.7,0.30003142598550736,1.0000314259855072,0.3999685740144926
14.38022756576538,-20.0,-17.28818279394892,-2.71181720605108,0.7,0.30003142598550736,1.0000314259855072,0.3999685740144926
14.40019416809082,-20.0,-17.275858735159137,-2.7241412648408634,0.7,0.30003142598550736,1.0000314259855072,0.3999685740144926
14.420174360275269,-20.0,-17.26599948812731,-2.73400051187269,0.7,0.30003142598550736,1.0000314259855072,0.3999685740144926
14.440175771713257,-20.0,-17.258112090501847,-2.7418879094981534,0.7,0.30003142598550736,1.0000314259855072,0.3999685740144926
14.460172414779663,-20.0,-17.258112090501847,-2.7418879094981534,0.7,0.30003142598550736,1.0000314259855072,0.3999685740144926
14.480178594589233,-20.0,-17.25180217240148,-2.7481978275985206,0.7,0.30003142598550736,1.0000314259855072,0.3999685740144926
14.500164270401001,-20.0,-17.246754237921184,-2.7532457620788158,0.7,0.30003142598550736,1.0000314259855072,0.3999685740144926
14.52016568183899,-20.0,-17.26029401533695,-2.7397059846630505,0.7,0.30003142598550736,1.0000314259855072,0.3999685740144926
14.540175676345825,-20.0,-17.271125837269558,-2.728874162730442,0.7,0.35378960016649186,1.0537896001664917,0.3462103998335081
14.560199975967407,-20.0,-17.27979129481565,-2.7202087051843513,0.7,0.35378960016649186,1.0537896001664917,0.3462103998335081
14.580180644989014,-20.0,-17.28672366085252,-2.7132763391474803,0.7,0.35378960016649186,1.0537896001664917,0.3462103998335081
14.600178003311157,-20.0,-17.292269553682015,-2.707730446317985,0.7,0.35378960016649186,1.0537896001664917,0.3462103998335081
14.620188474655151,-20.0,-17.296706267945616,-2.7032937320543837,0.7,0.35378960016649186,1.0537896001664917,0.3462103998335081
14.640189170837402,-20.0,-17.300255639356493,-2.699744360643507,0.7,0.35378960016649186,1.0537896001664917,0.3462103998335081
14.660161256790161,-20.0,-17.285517011485194,-2.7144829885148063,0.7,0.35378960016649186,1.0537896001664917,0.3462103998335081
14.680160760879517,-20.0,-17.285517011485194,-2.7144829885148063,0.7,0.35378960016649186,1.0537896001664917,0.3462103998335081
14.700164318084717,-20.0,-17.273726109188157,-2.726273890811843,0.7,0.35378960016649186,1.0537896001664917,0.3462103998335081
14.720182180404663,-20.0,-17.264293387350527,-2.735706612649473,0.7,0.35378960016649186,1.0537896001664917,0.3462103998335081
14.740185499191284,-20.0,-17.186434709880423,-2.813565290119577,0.7,0.35378960016649186,1.0537896001664917,0.3462103998335081
14.760181903839111,-20.0,-17.00110089290434,-2.99889910709566,0.6958974053151905,0.3406826756848019,1.0365800809999923,0.3552147296303886
14.780200719833374,-20.0,-16.764943214323473,-3.2350567856765267,0.6958974053151905,0.3406826756848019,1.0365800809999923,0.3552147296303886
14.800180435180664,-20.0,-16.57601707145878,-3.4239829285412213,0.6958974053151905,0.3406826756848019,1.0365800809999923,0.3552147296303886
14.820172786712646,-20.0,-16.424876157167024,-3.5751238428329764,0.6958974053151905,0.3406826756848019,1.0365800809999923,0.3552147296303886
14.84017300605774,-20.0,-16.303963425733617,-3.696036574266383,0.6958974053151905,0.3406826756848019,1.0365800809999923,0.3552147296303886
14.860175848007202,-20.0,-16.207233240586895,-3.792766759413105,0.6958974053151905,0.3406826756848019,1.0365800809999923,0.3552147296303886
14.880202054977417,-20.0,-16.129849092469517,-3.8701509075304834,0.6958974053151905,0.3406826756848019,1.0365800809999923,0.3552147296303886
14.900207757949829,-20.0,-16.129849092469517,-3.8701509075304834,0.6958974053151905,0.3406826756848019,1.0365800809999923,0.3552147296303886
14.92019534111023,-20.0,-16.067941773975615,-3.9320582260243846,0.6958974053151905,0.3406826756848019,1.0365800809999923,0.3552147296303886
14.940199375152588,-20.0,-16.018415919180494,-3.9815840808195055,0.6958974053151905,0.3406826756848019,1.0365800809999923,0.3552147296303886
14.960195302963257,-20.0,-15.978795235344398,-4.021204764655602,0.6958974053151905,0.3406826756848019,1.0365800809999923,0.3552147296303886
14.980185747146606,-20.0,-15.94709868827552,-4.052901311724479,0.6320053239353001,0.385945112998597,1.017950436933897,0.24606021093670305
15.00027346611023,30.0,-15.921741450620418,45.92174145062042,0.6320053239353001,0.385945112998597,1.017950436933897,0.24606021093670305
15.02030897140503,30.0,-15.901455660496337,45.90145566049634,0.6320053239353001,0.385945112998597,1.017950436933897,0.24606021093670305
15.040246963500977,30.0,-15.885227028397072,45.88522702839707,0.6320053239353001,0.385945112998597,1.017950436933897,0.24606021093670305
15.06018352508545,30.0,-15.87224412271766,45.87224412271766,0.6320053239353001,0.385945112998597,1.017950436933897,0.24606021093670305
15.080177545547485,30.0,-15.86185779817413,45.86185779817413,0.6320053239353001,0.385945112998597,1.017950436933897,0.24606021093670305
15.100175619125366,30.0,-15.853548738539303,45.8535487385393,0.6320053239353001,0.385945112998597,1.017950436933897,0.24606021093670305
15.120166778564453,30.0,-15.853548738539303,45.8535487385393,0.6320053239353001,0.385945112998597,1.017950436933897,0.24606021093670305
15.140164613723755,30.0,-15.846901490831444,45.84690149083144,0.6320053239353001,0.385945112998597,1.017950436933897,0.24606021093670305
15.160154342651367,30.0,-15.841583692665155,45.841583692665154,0.6320053239353001,0.385945112998597,1.017950436933897,0.24606021093670305
15.18014931678772,30.0,-15.837329454132128,45.83732945413213,0.6320053239353001,0.385945112998597,1.017950436933897,0.24606021093670305
15.200188159942627,30.0,-15.781191688305702,45.781191688305704,0.6313500361749902,0.315945112998597,0.9472951491735873,0.3154049231763932
15.220269203186035,30.0,-15.630812725644562,45.63081272564456,0.6313500361749902,0.315945112998597,0.9472951491735873,0.3154049231763932
15.240223169326782,30.0,-15.457775180515648,45.45777518051565,0.6313500361749902,0.315945112998597,0.9472951491735873,0.3154049231763932
15.26016616821289,30.0,-15.31934514441252,45.31934514441252,0.6313500361749902,0.315945112998597,0.9472951491735873,0.3154049231763932
15.280149936676025,30.0,-15.208601115530017,45.208601115530016,0.6313500361749902,0.315945112998597,0.9472951491735873,0.3154049231763932
15.300225734710693,30.0,-15.120005892424016,45.12000589242402,0.6313500361749902,0.315945112998597,0.9472951491735873,0.3154049231763932
15.320181131362915,30.0,-15.049129713939214,45.049129713939216,0.6313500361749902,0.315945112998597,0.9472951491735873,0.3154049231763932
15.340180158615112,30.0,-15.049129713939214,45.049129713939216,0.6313500361749902,0.315945112998597,0.9472951491735873,0.3154049231763932
15.360198974609375,30.0,-14.992428771151372,44.992428771151374,0.6313500361749902,0.315945112998597,0.9472951491735873,0.3154049231763932
15.38016676902771,30.0,-14.9470680169211,44.9470680169211,0.6313500361749902,0.315945112998597,0.9472951491735873,0.3154049231763932
15.400171756744385,30.0,-14.910779413536881,44.91077941353688,0.6313500361749902,0.315945112998597,0.9472951491735873,0.3154049231763932
15.420159816741943,30.0,-14.881748530829503,44.881748530829505,0.6313500361749902,0.315945112998597,0.9472951491735873,0.3154049231763932
15.440154552459717,30.0,-14.858523824663605,44.85852382466361,0.6313500361749902,0.315945112998597,0.9472951491735873,0.3154049231763932
15.460168600082397,30.0,-14.839944059730884,44.83994405973088,0.6313500361749902,0.315945112998597,0.9472951491735873,0.3154049231763932
15.48015546798706,30.0,-14.825080247784708,44.82508024778471,0.5613500361749901,0.385945112998597,0.9472951491735871,0.1754049231763931
15.500227928161621,30.0,-14.813189198227768,44.81318919822777,0.5613500361749901,0.385945112998597,0.9472951491735871,0.1754049231763931
15.520230054855347,30.0,-14.803676358582216,44.803676358582216,0.5613500361749901,0.385945112998597,0.9472951491735871,0.1754049231763931
15.540196180343628,30.0,-14.796066086865773,44.79606608686577,0.5613500361749901,0.385945112998597,0.9472951491735871,0.1754049231763931
15.560189485549927,30.0,-14.789977869492619,44.78997786949262,0.5613500361749901,0.385945112998597,0.9472951491735871,0.1754049231763931
15.580203533172607,30.0,-14.789977869492619,44.78997786949262,0.5613500361749901,0.385945112998597,0.9472951491735871,0.1754049231763931
15.60022497177124,30.0,-14.785107295594095,44.785107295594095,0.5613500361749901,0.385945112998597,0.9472951491735871,0.1754049231763931
15.62021279335022,30.0,-14.781210836475278,44.78121083647528,0.5613500361749901,0.385945112998597,0.9472951491735871,0.1754049231763931
15.640202283859253,30.0,-14.778093669180222,44.77809366918022,0.5613500361749901,0.385945112998597,0.9472951491735871,0.1754049231763931
15.66019344329834,30.0,-14.722865560344179,44.722865560344175,0.5613500361749901,0.385945112998597,0.9472951491735871,0.1754049231763931
15.680168628692627,30.0,-14.538058073275344,44.538058073275344,0.5613500361749901,0.385945112998597,0.9472951491735871,0.1754049231763931
15.700163841247559,30.0,-14.267165208620277,44.26716520862028,0.5613500361749901,0.385945112998597,0.9472951491735871,0.1754049231763931
15.720187664031982,30.0,-14.015294666896223,44.015294666896224,0.5613500361749901,0.385945112998597,0.9472951491735871,0.1754049231763931
15.740165710449219,30.0,-13.81379823351698,43.81379823351698,0.5613500361749901,0.385945112998597,0.9472951491735871,0.1754049231763931
15.760159492492676,30.0,-13.652601086813585,43.65260108681358,0.5613500361749901,0.385945112998597,0.9472951491735871,0.1754049231763931
15.780157327651978,30.0,-13.652601086813585,43.65260108681358,0.5613500361749901,0.385945112998597,0.9472951491735871,0.1754049231763931
15.800156354904175,30.0,-13.523643369450868,43.523643369450866,0.5613500361749901,0.385945112998597,0.9472951491735871,0.1754049231763931
15.820175170898438,30.0,-13.420477195560695,43.42047719556069,0.5613500361749901,0.385945112998597,0.9472951491735871,0.1754049231763931
15.840165853500366,30.0,-13.337944256448557,43.33794425644856,0.6313500361749902,0.4442894585384053,1.0756394947133954,0.1870605776365849
15.860246181488037,30.0,-13.271917905158848,43.271917905158844,0.6313500361749902,0.4442894585384053,1.0756394947133954,0.1870605776365849
15.880243062973022,30.0,-13.21909682412708,43.21909682412708,0.6313500361749902,0.4442894585384053,1.0756394947133954,0.1870605776365849
15.900230884552002,30.0,-13.176839959301665,43.17683995930167,0.6313500361749902,0.4442894585384053,1.0756394947133954,0.1870605776365849
15.920171737670898,30.0,-13.143034467441332,43.14303446744133,0.6313500361749902,0.4442894585384053,1.0756394947133954,0.1870605776365849
15.94015622138977,30.0,-13.115990073953068,43.11599007395307,0.6313500361749902,0.4442894585384053,1.0756394947133954,0.1870605776365849
15.960151433944702,30.0,-13.094354559162454,43.094354559162454,0.6313500361749902,0.4442894585384053,1.0756394947133954,0.1870605776365849
15.980149030685425,30.0,-13.077046147329964,43.077046147329966,0.6313500361749902,0.4442894585384053,1.0756394947133954,0.1870605776365849
16.000144004821777,30.0,-13.077046147329964,43.077046147329966,0.6313500361749902,0.4442894585384053,1.0756394947133954,0.1870605776365849
16.02015256881714,30.0,-13.063199417863974,43.06319941786397,0.6313500361749902,0.4442894585384053,1.0756394947133954,0.1870605776365849
16.040164470672607,30.0,-13.05212203429118,43.05212203429118,0.6313500361749902,0.4442894585384053,1.0756394947133954,0.1870605776365849
16.060169458389282,30.0,-12.990525752432944,42.990525752432944,0.7,0.4444929086905901,1.14449290869059,0.25550709130940985
16.0801842212677,30.0,-12.853358101946357,42.853358101946355,0.7,0.4444929086905901,1.14449290869059,0.25550709130940985
16.100178241729736,30.0,-12.690889606557086,42.690889606557086,0.7,0.4444929086905901,1.14449290869059,0.25550709130940985
16.120182752609253,30.0,-12.52575856024567,42.52575856024567,0.7,0.4444929086905901,1.14449290869059,0.25550709130940985
16.14017391204834,30.0,-12.393653723196536,42.393653723196536,0.7,0.4444929086905901,1.14449290869059,0.25550709130940985
16.160168647766113,30.0,-12.287969853557229,42.28796985355723,0.7,0.4444929086905901,1.14449290869059,0.25550709130940985
16.180160999298096,30.0,-12.203422757845784,42.203422757845786,0.7,0.4444929086905901,1.14449290869059,0.25550709130940985
16.200154066085815,30.0,-12.135785081276628,42.13578508127663,0.7,0.4444929086905901,1.14449290869059,0.25550709130940985
16.22015380859375,30.0,-12.135785081276628,42.13578508127663,0.7,0.4444929086905901,1.14449290869059,0.25550709130940985
16.240161418914795,30.0,-12.081674940021301,42.0816749400213,0.7,0.4444929086905901,1.14449290869059,0.25550709130940985
16.26018500328064,30.0,-12.038386827017042,42.03838682701704,0.6370897710323333,0.5144929086905901,1.1515826797229234,0.12259686234174327
16.28029203414917,30.0,-12.003756336613634,42.003756336613634,0.6370897710323333,0.5144929086905901,1.1515826797229234,0.12259686234174327
16.30032515525818,30.0,-11.976051944290909,41.97605194429091,0.6370897710323333,0.5144929086905901,1.1515826797229234,0.12259686234174327
16.32027268409729,30.0,-11.953888430432727,41.95388843043273,0.6370897710323333,0.5144929086905901,1.1515826797229234,0.12259686234174327
16.34026002883911,30.0,-11.936157619346183,41.93615761934618,0.6370897710323333,0.5144929086905901,1.1515826797229234,0.12259686234174327
16.36028814315796,30.0,-11.921972970476947,41.92197297047694,0.6370897710323333,0.5144929086905901,1.1515826797229234,0.12259686234174327
16.38031244277954,30.0,-11.910625251381559,41.91062525138156,0.6370897710323333,0.5144929086905901,1.1515826797229234,0.12259686234174327
16.400290727615356,30.0,-11.901547076105247,41.901547076105246,0.6370897710323333,0.5144929086905901,1.1515826797229234,0.12259686234174327
16.420243740081787,30.0,-11.8942845358842,41.894284535884196,0.6370897710323333,0.5144929086905901,1.1515826797229234,0.12259686234174327
16.440173387527466,30.0,-11.8942845358842,41.894284535884196,0.6370897710323333,0.5144929086905901,1.1515826797229234,0.12259686234174327
16.46013617515564,30.0,-11.888474503707359,41.88847450370736,0.6370897710323333,0.5144929086905901,1.1515826797229234,0.12259686234174327
16.48013710975647,30.0,-11.883826477965888,41.88382647796589,0.6370897710323333,0.5144929086905901,1.1515826797229234,0.12259686234174327
16.50015163421631,30.0,-11.844951807372711,41.84495180737271,0.6370897710323333,0.5144929086905901,1.1515826797229234,0.12259686234174327
16.5201518535614,30.0,-11.761117695898168,41.761117695898164,0.6370897710323333,0.5144929086905901,1.1515826797229234,0.12259686234174327
16.540185689926147,30.0,-11.641316031718535,41.64131603171853,0.5670897710323333,0.5844929086905901,1.1515826797229234,-0.01740313765825685
16.560261011123657,30.0,-11.51031845037483,41.51031845037483,0.5670897710323333,0.5844929086905901,1.1515826797229234,-0.01740313765825685
16.58034324645996,30.0,-11.405520385299864,41.405520385299866,0.5670897710323333,0.5844929086905901,1.1515826797229234,-0.01740313765825685
16.600346326828003,30.0,-11.321681933239894,41.321681933239894,0.5670897710323333,0.5844929086905901,1.1515826797229234,-0.01740313765825685
16.62026309967041,30.0,-11.254611171591916,41.25461117159192,0.5670897710323333,0.5844929086905901,1.1515826797229234,-0.01740313765825685
16.640379667282104,30.0,-11.200954562273534,41.20095456227354,0.5670897710323333,0.5844929086905901,1.1515826797229234,-0.01740313765825685
16.66039490699768,30.0,-11.200954562273534,41.20095456227354,0.5670897710323333,0.5844929086905901,1.1515826797229234,-0.01740313765825685
16.680331707000732,30.0,-11.158029274818828,41.15802927481883,0.5670897710323333,0.5844929086905901,1.1515826797229234,-0.01740313765825685
16.700295209884644,30.0,-11.035798419855064,41.03579841985506,0.5670897710323333,0.5844929086905901,1.1515826797229234,-0.01740313765825685
16.720211267471313,30.0,-10.762232485884052,40.762232485884056,0.5670897710323333,0.5844929086905901,1.1515826797229234,-0.01740313765825685
16.740153551101685,30.0,-10.385176613707241,40.385176613707245,0.5670897710323333,0.5844929086905901,1.1515826797229234,-0.01740313765825685
16.760130167007446,30.0,-9.925328790965793,39.92532879096579,0.5670897710323333,0.5844929086905901,1.1515826797229234,-0.01740313765825685
16.780129432678223,30.0,-9.469559907772634,39.469559907772634,0.5670897710323333,0.5844929086905901,1.1515826797229234,-0.01740313765825685
16.80012583732605,30.0,-9.052210426218108,39.05221042621811,0.5670897710323333,0.5844929086905901,1.1515826797229234,-0.01740313765825685
16.820135593414307,30.0,-8.700752715974488,38.70075271597449,0.5670897710323333,0.5844929086905901,1.1515826797229234,-0.01740313765825685
16.840128898620605,30.0,-8.402008422779591,38.40200842277959,0.5670897710323333,0.5844929086905901,1.1515826797229234,-0.01740313765825685
16.860128164291382,30.0,-8.110278613223674,38.11027861322367,0.5670897710323333,0.5844929086905901,1.1515826797229234,-0.01740313765825685
16.880128383636475,30.0,-8.110278613223674,38.11027861322367,0.5670897710323333,0.5844929086905901,1.1515826797229234,-0.01740313765825685
16.90013027191162,30.0,-7.85931664057894,37.85931664057894,0.5670897710323333,0.5844929086905901,1.1515826797229234,-0.01740313765825685
16.920130968093872,30.0,-7.6585470624631515,37.65854706246315,0.5670897710323333,0.5844929086905901,1.1515826797229234,-0.01740313765825685
16.940139770507812,30.0,-7.497931399970521,37.49793139997052,0.5670897710323333,0.5844929086905901,1.1515826797229234,-0.01740313765825685
16.960163593292236,30.0,-7.369438869976417,37.36943886997642,0.5670897710323333,0.5844929086905901,1.1515826797229234,-0.01740313765825685
16.980169773101807,30.0,-7.2666448459811335,37.26664484598113,0.5094996999204158,0.6544929086905902,1.163992608611006,-0.1449932087701744
17.000225067138672,30.0,-7.184409626784907,37.184409626784905,0.5094996999204158,0.6544929086905902,1.163992608611006,-0.1449932087701744
17.02021336555481,30.0,-7.118621451427925,37.11862145142793,0.5094996999204158,0.6544929086905902,1.163992608611006,-0.1449932087701744
17.04016351699829,30.0,-7.0659909111423405,37.06599091114234,0.5094996999204158,0.6544929086905902,1.163992608611006,-0.1449932087701744
17.060137510299683,30.0,-7.023886478913872,37.02388647891387,0.5094996999204158,0.6544929086905902,1.163992608611006,-0.1449932087701744
17.080151081085205,30.0,-6.990202933131098,36.9902029331311,0.5094996999204158,0.6544929086905902,1.163992608611006,-0.1449932087701744
17.100154638290405,30.0,-6.990202933131098,36.9902029331311,0.5094996999204158,0.6544929086905902,1.163992608611006,-0.1449932087701744
17.1201434135437,30.0,-6.875365471504879,36.87536547150488,0.5094996999204158,0.6544929086905902,1.163992608611006,-0.1449932087701744
17.140147924423218,30.0,-6.625292377203904,36.625292377203905,0.5094996999204158,0.6544929086905902,1.163992608611006,-0.1449932087701744
17.16029977798462,30.0,-6.284608901763123,36.28460890176312,0.45289263978600497,0.7,1.1528926397860049,-0.247107360213995
17.180158376693726,30.0,-5.9593277464105,35.9593277464105,0.45289263978600497,0.7,1.1528926397860049,-0.247107360213995
17.200151681900024,30.0,-5.681524697128401,35.6815246971284,0.45289263978600497,0.7,1.1528926397860049,-0.247107360213995
17.220139265060425,30.0,-5.459282257702721,35.459282257702725,0.45289263978600497,0.7,1.1528926397860049,-0.247107360213995
17.2401442527771,30.0,-5.281488306162178,35.281488306162174,0.45289263978600497,0.7,1.1528926397860049,-0.247107360213995
17.26014232635498,30.0,-5.033784394929742,35.03378439492974,0.45289263978600497,0.7,1.1528926397860049,-0.247107360213995
17.2801456451416,30.0,-4.642261890943795,34.64226189094379,0.45289263978600497,0.7,1.1528926397860049,-0.247107360213995
17.300143480300903,30.0,-4.170840762755036,34.170840762755034,0.45289263978600497,0.7,1.1528926397860049,-0.247107360213995
17.320139408111572,30.0,-4.170840762755036,34.170840762755034,0.45289263978600497,0.7,1.1528926397860049,-0.247107360213995
17.34018898010254,30.0,-3.7058132352040287,33.705813235204026,0.522892639786005,0.6299999999999999,1.1528926397860049,-0.10710736021399492
17.360270738601685,30.0,-3.2459005881632232,33.245900588163224,0.522892639786005,0.6299999999999999,1.1528926397860049,-0.10710736021399492
17.380225658416748,30.0,-2.842814220530579,32.84281422053058,0.522892639786005,0.6299999999999999,1.1528926397860049,-0.10710736021399492
17.40016222000122,30.0,-2.520345126424463,32.520345126424466,0.522892639786005,0.6299999999999999,1.1528926397860049,-0.10710736021399492
17.420144081115723,30.0,-2.262369851139571,32.26236985113957,0.522892639786005,0.6299999999999999,1.1528926397860049,-0.10710736021399492
17.44014573097229,30.0,-2.0559896309116565,32.055989630911654,0.522892639786005,0.6299999999999999,1.1528926397860049,-0.10710736021399492
17.4601469039917,30.0,-1.8908854547293257,31.890885454729325,0.522892639786005,0.6299999999999999,1.1528926397860049,-0.10710736021399492
17.480151414871216,30.0,-1.7763802387834606,31.77638023878346,0.522892639786005,0.6299999999999999,1.1528926397860049,-0.10710736021399492
17.500147581100464,30.0,-1.6847760660267688,31.684776066026767,0.522892639786005,0.6299999999999999,1.1528926397860049,-0.10710736021399492
17.5201358795166,30.0,-1.6114927278214153,31.611492727821414,0.522892639786005,0.6299999999999999,1.1528926397860049,-0.10710736021399492
17.540143251419067,30.0,-1.6114927278214153,31.611492727821414,0.522892639786005,0.6299999999999999,1.1528926397860049,-0.10710736021399492
17.560139894485474,30.0,-1.5528660572571324,31.552866057257134,0.522892639786005,0.6299999999999999,1.1528926397860049,-0.10710736021399492
17.58013916015625,30.0,-1.505964720805706,31.505964720805707,0.522892639786005,0.6299999999999999,1.1528926397860049,-0.10710736021399492
17.60014033317566,30.0,-1.486021776644565,31.486021776644566,0.522892639786005,0.6299999999999999,1.1528926397860049,-0.10710736021399492
17.620177268981934,30.0,-1.470067421315652,31.47006742131565,0.522892639786005,0.6299999999999999,1.1528926397860049,-0.10710736021399492
17.640160083770752,30.0,-1.4573039370525216,31.457303937052522,0.522892639786005,0.6299999999999999,1.1528926397860049,-0.10710736021399492
17.66019105911255,30.0,-1.4470931496420172,31.44709314964202,0.45298040732741357,0.5606172356009482,1.0135976429283617,-0.10763682827353466
17.680179357528687,30.0,-1.438924519713614,31.438924519713613,0.45298040732741357,0.5606172356009482,1.0135976429283617,-0.10763682827353466
17.700151681900024,30.0,-1.4323896157708913,31.43238961577089,0.45298040732741357,0.5606172356009482,1.0135976429283617,-0.10763682827353466
17.720135927200317,30.0,-1.4271616926167132,31.427161692616714,0.45298040732741357,0.5606172356009482,1.0135976429283617,-0.10763682827353466
17.740142583847046,30.0,-1.4229793540933706,31.42297935409337,0.45298040732741357,0.5606172356009482,1.0135976429283617,-0.10763682827353466
17.76013946533203,30.0,-1.4229793540933706,31.42297935409337,0.45298040732741357,0.5606172356009482,1.0135976429283617,-0.10763682827353466
17.780140161514282,30.0,-1.4020553582746966,31.402055358274698,0.45298040732741357,0.5606172356009482,1.0135976429283617,-0.10763682827353466
17.800140380859375,30.0,-1.3677380366197573,31.36773803661976,0.45298040732741357,0.5606172356009482,1.0135976429283617,-0.10763682827353466
17.820160150527954,30.0,-1.340284179295806,31.340284179295807,0.45298040732741357,0.5606172356009482,1.0135976429283617,-0.10763682827353466
17.84018349647522,30.0,-1.300742968436645,31.300742968436644,0.46449523679912086,0.5357446159422397,1.0002398527413605,-0.0712493791431188
17.860173225402832,30.0,-1.269109999749316,31.269109999749315,0.46449523679912086,0.5357446159422397,1.0002398527413605,-0.0712493791431188
17.880142211914062,30.0,-1.2262254997994528,31.226225499799455,0.46449523679912086,0.5357446159422397,1.0002398527413605,-0.0712493791431188
17.90014100074768,30.0,-1.2094960248395623,31.209496024839563,0.46449523679912086,0.5357446159422397,1.0002398527413605,-0.0712493791431188
17.920140743255615,30.0,-1.19611244487165,31.196112444871652,0.46449523679912086,0.5357446159422397,1.0002398527413605,-0.0712493791431188
17.940149068832397,30.0,-1.18540558089732,31.18540558089732,0.46449523679912086,0.5357446159422397,1.0002398527413605,-0.0712493791431188
17.960143327713013,30.0,-1.1768400897178564,31.176840089717857,0.46449523679912086,0.5357446159422397,1.0002398527413605,-0.0712493791431188
17.98014235496521,30.0,-1.1768400897178564,31.176840089717857,0.46449523679912086,0.5357446159422397,1.0002398527413605,-0.0712493791431188
18.00015640258789,30.0,-1.152409571774285,31.152409571774285,0.4509961910545826,0.563332536369562,1.0143287274241446,-0.11233634531497944
18.02017068862915,30.0,-1.1328651574194282,31.132865157419428,0.4509961910545826,0.563332536369562,1.0143287274241446,-0.11233634531497944
18.04023027420044,30.0,-1.1172296259355425,31.117229625935543,0.4509961910545826,0.563332536369562,1.0143287274241446,-0.11233634531497944
18.060243368148804,30.0,-1.104721200748434,31.104721200748433,0.4509961910545826,0.563332536369562,1.0143287274241446,-0.11233634531497944
18.08023738861084,30.0,-1.1122925855987473,31.112292585598748,0.4509961910545826,0.563332536369562,1.0143287274241446,-0.11233634531497944
18.10020685195923,30.0,-1.1007715684789978,31.100771568478997,0.4509961910545826,0.563332536369562,1.0143287274241446,-0.11233634531497944
18.120152950286865,30.0,-1.0915547547831985,31.0915547547832,0.4509961910545826,0.563332536369562,1.0143287274241446,-0.11233634531497944
18.140140533447266,30.0,-1.0841813038265589,31.084181303826558,0.4509961910545826,0.563332536369562,1.0143287274241446,-0.11233634531497944
18.160141229629517,30.0,-1.078282543061247,31.078282543061245,0.4509961910545826,0.563332536369562,1.0143287274241446,-0.11233634531497944
18.18014407157898,30.0,-1.0735635344489978,31.073563534448997,0.4509961910545826,0.563332536369562,1.0143287274241446,-0.11233634531497944
18.200138807296753,30.0,-1.0735635344489978,31.073563534448997,0.4509961910545826,0.563332536369562,1.0143287274241446,-0.11233634531497944
18.220136165618896,30.0,-1.0873664525591982,31.0873664525592,0.4509961910545826,0.563332536369562,1.0143287274241446,-0.11233634531497944
18.2401385307312,30.0,-1.0984087870473587,31.098408787047358,0.4509961910545826,0.563332536369562,1.0143287274241446,-0.11233634531497944
18.26013445854187,30.0,-1.107242654637887,31.107242654637886,0.4509961910545826,0.563332536369562,1.0143287274241446,-0.11233634531497944
18.280139446258545,30.0,-1.1143097487103097,31.11430974871031,0.4509961910545826,0.563332536369562,1.0143287274241446,-0.11233634531497944
18.300134420394897,30.0,-1.1199634239682479,31.119963423968247,0.4509961910545826,0.563332536369562,1.0143287274241446,-0.11233634531497944
18.32013440132141,30.0,-1.1244863641745984,31.124486364174597,0.4509961910545826,0.563332536369562,1.0143287274241446,-0.11233634531497944
18.340136766433716,30.0,-1.1281047163396787,31.128104716339678,0.4509961910545826,0.563332536369562,1.0143287274241446,-0.11233634531497944
18.360135555267334,30.0,-1.1309993980717432,31.130999398071744,0.4509961910545826,0.563332536369562,1.0143287274241446,-0.11233634531497944
18.3801326751709,30.0,-1.1333151434573947,31.133315143457395,0.4509961910545826,0.563332536369562,1.0143287274241446,-0.11233634531497944
18.400193691253662,30.0,-1.135167739765916,31.135167739765915,0.4509961910545826,0.563332536369562,1.0143287274241446,-0.11233634531497944
18.420164108276367,30.0,-1.135167739765916,31.135167739765915,0.4509961910545826,0.563332536369562,1.0143287274241446,-0.11233634531497944
18.440164804458618,30.0,-1.136649816812733,31.13664981681273,0.43468022048473354,0.6333325363695621,1.0680127568542956,-0.19865231588482857
18.4601628780365,30.0,-1.1378354784501865,31.137835478450185,0.43468022048473354,0.6333325363695621,1.0680127568542956,-0.19865231588482857
18.48014259338379,30.0,-1.1387840077601492,31.13878400776015,0.43468022048473354,0.6333325363695621,1.0680127568542956,-0.19865231588482857
18.50013828277588,30.0,-1.1395428312081195,31.139542831208118,0.43468022048473354,0.6333325363695621,1.0680127568542956,-0.19865231588482857
18.520137548446655,30.0,-1.1401498899664957,31.140149889966494,0.43468022048473354,0.6333325363695621,1.0680127568542956,-0.19865231588482857
18.54013729095459,30.0,-1.1406355369731969,31.140635536973196,0.43468022048473354,0.6333325363695621,1.0680127568542956,-0.19865231588482857
18.56013822555542,30.0,-1.1234459295785575,31.12344592957856,0.43468022048473354,0.6333325363695621,1.0680127568542956,-0.19865231588482857
18.58014464378357,30.0,-1.109694243662846,31.109694243662847,0.43468022048473354,0.6333325363695621,1.0680127568542956,-0.19865231588482857
18.600162267684937,30.0,-1.1162710199302768,31.116271019930277,0.43468022048473354,0.6333325363695621,1.0680127568542956,-0.19865231588482857
18.620203971862793,30.0,-1.1215324409442218,31.12153244094422,0.45800130330026145,0.7,1.1580013033002614,-0.2419986966997385
18.640154600143433,30.0,-1.1215324409442218,31.12153244094422,0.45800130330026145,0.7,1.1580013033002614,-0.2419986966997385
18.660139799118042,30.0,-1.1257415777553774,31.125741577755377,0.45800130330026145,0.7,1.1580013033002614,-0.2419986966997385
18.680134534835815,30.0,-1.1291088872043022,31.129108887204303,0.45800130330026145,0.7,1.1580013033002614,-0.2419986966997385
18.700134992599487,30.0,-1.1318027347634418,31.131802734763443,0.45800130330026145,0.7,1.1580013033002614,-0.2419986966997385
18.72014331817627,30.0,-1.1339578128107537,31.133957812810753,0.45800130330026145,0.7,1.1580013033002614,-0.2419986966997385
18.740139961242676,30.0,-1.135681875248603,31.135681875248604,0.45800130330026145,0.7,1.1580013033002614,-0.2419986966997385
18.760138750076294,30.0,-1.0491705001988825,31.049170500198883,0.45800130330026145,0.7,1.1580013033002614,-0.2419986966997385
18.780163288116455,30.0,-0.9096489001591062,30.909648900159105,0.45800130330026145,0.7,1.1580013033002614,-0.2419986966997385
18.800177574157715,30.0,-0.798031620127285,30.798031620127286,0.5280013033002615,0.682747508212924,1.2107488115131855,-0.15474620491266244
18.820345878601074,30.0,-0.7087377961018281,30.70873779610183,0.5280013033002615,0.682747508212924,1.2107488115131855,-0.15474620491266244
18.840240955352783,30.0,-0.6373027368814626,30.637302736881463,0.5280013033002615,0.682747508212924,1.2107488115131855,-0.15474620491266244
18.860193252563477,30.0,-0.6373027368814626,30.637302736881463,0.5280013033002615,0.682747508212924,1.2107488115131855,-0.15474620491266244
18.880175828933716,30.0,-0.58015468950517,30.58015468950517,0.5280013033002615,0.682747508212924,1.2107488115131855,-0.15474620491266244
18.900176763534546,30.0,-0.534436251604136,30.534436251604134,0.5280013033002615,0.682747508212924,1.2107488115131855,-0.15474620491266244
18.920175552368164,30.0,-0.5154396262833089,30.51543962628331,0.5280013033002615,0.682747508212924,1.2107488115131855,-0.15474620491266244
18.940175533294678,30.0,-0.5002423260266471,30.500242326026648,0.5280013033002615,0.682747508212924,1.2107488115131855,-0.15474620491266244
18.96016812324524,30.0,-0.5056626108213177,30.505662610821318,0.5280013033002615,0.682747508212924,1.2107488115131855,-0.15474620491266244
18.980198860168457,30.0,-0.5099988386570542,30.509998838657054,0.5280013033002615,0.682747508212924,1.2107488115131855,-0.15474620491266244
19.00019884109497,30.0,-0.5134678209256435,30.513467820925644,0.45800130330026145,0.6127475082129239,1.0707488115131854,-0.15474620491266244
19.02022075653076,30.0,-0.5338211317405148,30.533821131740513,0.45800130330026145,0.6127475082129239,1.0707488115131854,-0.15474620491266244
19.040202140808105,30.0,-0.5501037803924119,30.550103780392412,0.45800130330026145,0.6127475082129239,1.0707488115131854,-0.15474620491266244
19.060205936431885,30.0,-0.5631298993139295,30.563129899313928,0.45800130330026145,0.6127475082129239,1.0707488115131854,-0.15474620491266244
19.08018136024475,30.0,-0.5631298993139295,30.563129899313928,0.45800130330026145,0.6127475082129239,1.0707488115131854,-0.15474620491266244
19.100178003311157,30.0,-0.5735507944511437,30.573550794451144,0.45800130330026145,0.6127475082129239,1.0707488115131854,-0.15474620491266244
19.12019634246826,30.0,-0.5818875105609149,30.581887510560914,0.45800130330026145,0.6127475082129239,1.0707488115131854,-0.15474620491266244
19.140212535858154,30.0,-0.570978758448732,30.57097875844873,0.45800130330026145,0.6127475082129239,1.0707488115131854,-0.15474620491266244
19.160181999206543,30.0,-0.5446736317589856,30.544673631758986,0.45800130330026145,0.6127475082129239,1.0707488115131854,-0.15474620491266244
19.18018674850464,30.0,-0.5236295304071885,30.523629530407188,0.45800130330026145,0.6127475082129239,1.0707488115131854,-0.15474620491266244
19.200185775756836,30.0,-0.4892161243257509,30.48921612432575,0.45800130330026145,0.6127475082129239,1.0707488115131854,-0.15474620491266244
19.220191478729248,30.0,-0.4616853994606008,30.461685399460602,0.41181499399244786,0.682747508212924,1.0945625022053718,-0.2709325142204761
19.240214347839355,30.0,-0.43966081956848063,30.43966081956848,0.41181499399244786,0.682747508212924,1.0945625022053718,-0.2709325142204761
19.26018738746643,30.0,-0.42204115565478456,30.422041155654785,0.41181499399244786,0.682747508212924,1.0945625022053718,-0.2709325142204761
19.280211687088013,30.0,-0.40794542452382765,30.407945424523827,0.41181499399244786,0.682747508212924,1.0945625022053718,-0.2709325142204761
19.300238609313965,30.0,-0.40794542452382765,30.407945424523827,0.41181499399244786,0.682747508212924,1.0945625022053718,-0.2709325142204761
19.320230722427368,30.0,-0.39666883961906213,30.39666883961906,0.41181499399244786,0.682747508212924,1.0945625022053718,-0.2709325142204761
19.340171575546265,30.0,-0.3876475716952497,30.38764757169525,0.41181499399244786,0.682747508212924,1.0945625022053718,-0.2709325142204761
19.360140800476074,30.0,-0.3628524323561998,30.3628524323562,0.41181499399244786,0.682747508212924,1.0945625022053718,-0.2709325142204761
19.380139589309692,30.0,-0.34301632088495987,30.34301632088496,0.41181499399244786,0.682747508212924,1.0945625022053718,-0.2709325142204761
19.400139331817627,30.0,-0.2919911817079679,30.291991181707967,0.41181499399244786,0.682747508212924,1.0945625022053718,-0.2709325142204761
19.420148372650146,30.0,-0.14570232036637434,30.145702320366375,0.41181499399244786,0.682747508212924,1.0945625022053718,-0.2709325142204761
19.440141916275024,30.0,0.059219393706900506,29.9407806062931,0.41181499399244786,0.682747508212924,1.0945625022053718,-0.2709325142204761
19.460143566131592,30.0,0.2583130149655204,29.74168698503448,0.41181499399244786,0.682747508212924,1.0945625022053718,-0.2709325142204761
19.480144023895264,30.0,0.4175879119724163,29.582412088027585,0.41181499399244786,0.682747508212924,1.0945625022053718,-0.2709325142204761
19.500142574310303,30.0,0.545007829577933,29.454992170422067,0.41181499399244786,0.682747508212924,1.0945625022053718,-0.2709325142204761
19.520143032073975,30.0,0.545007829577933,29.454992170422067,0.41181499399244786,0.682747508212924,1.0945625022053718,-0.2709325142204761
19.540140628814697,30.0,0.6469437636623465,29.353056236337654,0.41181499399244786,0.682747508212924,1.0945625022053718,-0.2709325142204761
19.560163974761963,30.0,0.7284925109298772,29.271507489070125,0.41181499399244786,0.682747508212924,1.0945625022053718,-0.2709325142204761
19.580158710479736,30.0,0.7937315087439017,29.206268491256097,0.41181499399244786,0.682747508212924,1.0945625022053718,-0.2709325142204761
19.600141048431396,30.0,0.8635008319951215,29.136499168004878,0.41181499399244786,0.682747508212924,1.0945625022053718,-0.2709325142204761
19.62014079093933,30.0,0.9544725405960973,29.045527459403903,0.41181499399244786,0.682747508212924,1.0945625022053718,-0.2709325142204761
19.640132904052734,30.0,1.044828032476878,28.95517196752312,0.41181499399244786,0.682747508212924,1.0945625022053718,-0.2709325142204761
19.66017246246338,30.0,1.1171124259815024,28.882887574018497,0.41181499399244786,0.682747508212924,1.0945625022053718,-0.2709325142204761
19.680156230926514,30.0,1.174939940785202,28.8250600592148,0.34181499399244786,0.6127475082129239,0.9545625022053718,-0.27093251422047604
19.700188875198364,30.0,1.2212019526281617,28.77879804737184,0.34181499399244786,0.6127475082129239,0.9545625022053718,-0.27093251422047604
19.720153331756592,30.0,1.2582115621025294,28.74178843789747,0.34181499399244786,0.6127475082129239,0.9545625022053718,-0.27093251422047604
19.740140676498413,30.0,1.2582115621025294,28.74178843789747,0.34181499399244786,0.6127475082129239,0.9545625022053718,-0.27093251422047604
19.760137796401978,30.0,1.3053973746820235,28.694602625317977,0.34181499399244786,0.6127475082129239,0.9545625022053718,-0.27093251422047604
19.780136823654175,30.0,1.501349149745619,28.498650850254382,0.34181499399244786,0.6127475082129239,0.9545625022053718,-0.27093251422047604
19.800135374069214,30.0,1.8866261947964955,28.113373805203505,0.34181499399244786,0.6127475082129239,0.9545625022053718,-0.27093251422047604
19.820172786712646,30.0,2.3530509558371966,27.646949044162803,0.34181499399244786,0.6127475082129239,0.9545625022053718,-0.27093251422047604
19.84015154838562,30.0,2.796503264669758,27.20349673533024,0.34181499399244786,0.6127475082129239,0.9545625022053718,-0.27093251422047604
19.860131978988647,30.0,3.168843236735807,26.831156763264193,0.34181499399244786,0.6127475082129239,0.9545625022053718,-0.27093251422047604
19.880146741867065,30.0,3.5018714643886457,26.498128535611354,0.34181499399244786,0.6127475082129239,0.9545625022053718,-0.27093251422047604
19.900163888931274,30.0,3.803450296510917,26.196549703489083,0.34181499399244786,0.6127475082129239,0.9545625022053718,-0.27093251422047604
19.920161724090576,30.0,4.062291487208733,25.937708512791268,0.41181499399244786,0.682747508212924,1.0945625022053718,-0.2709325142204761
19.940250873565674,30.0,4.251786314766987,25.74821368523301,0.41181499399244786,0.682747508212924,1.0945625022053718,-0.2709325142204761
19.96027636528015,30.0,4.251786314766987,25.74821368523301,0.41181499399244786,0.682747508212924,1.0945625022053718,-0.2709325142204761
19.98022723197937,30.0,4.420960301813589,25.57903969818641,0.41181499399244786,0.682747508212924,1.0945625022053718,-0.2709325142204761
20.000213384628296,-30.0,4.556299491450871,-34.55629949145087,0.41181499399244786,0.682747508212924,1.0945625022053718,-0.2709325142204761
20.0202476978302,-30.0,4.664570843160697,-34.664570843160696,0.41181499399244786,0.682747508212924,1.0945625022053718,-0.2709325142204761
20.040231227874756,-30.0,4.751187924528558,-34.75118792452856,0.41181499399244786,0.682747508212924,1.0945625022053718,-0.2709325142204761
20.0602548122406,-30.0,4.802903464622847,-34.802903464622844,0.41181499399244786,0.682747508212924,1.0945625022053718,-0.2709325142204761
20.080261707305908,-30.0,4.844275896698278,-34.84427589669828,0.41181499399244786,0.682747508212924,1.0945625022053718,-0.2709325142204761
20.10028576850891,-30.0,4.877373842358622,-34.87737384235862,0.41181499399244786,0.682747508212924,1.0945625022053718,-0.2709325142204761
20.1202609539032,-30.0,4.886274073886898,-34.886274073886895,0.41181499399244786,0.682747508212924,1.0945625022053718,-0.2709325142204761
20.140247583389282,-30.0,4.8758161341095185,-34.87581613410952,0.41181499399244786,0.682747508212924,1.0945625022053718,-0.2709325142204761
20.160215854644775,-30.0,4.867449782287615,-34.867449782287615,0.41181499399244786,0.682747508212924,1.0945625022053718,-0.2709325142204761
20.1802761554718,-30.0,4.867449782287615,-34.867449782287615,0.41181499399244786,0.682747508212924,1.0945625022053718,-0.2709325142204761
20.20028018951416,-30.0,4.843178575830092,-34.843178575830095,0.41181499399244786,0.682747508212924,1.0945625022053718,-0.2709325142204761
20.22021508216858,-30.0,4.823761610664074,-34.82376161066407,0.41181499399244786,0.682747508212924,1.0945625022053718,-0.2709325142204761
20.240238904953003,-30.0,4.808228038531259,-34.80822803853126,0.41181499399244786,0.682747508212924,1.0945625022053718,-0.2709325142204761
20.26022481918335,-30.0,4.795801180825007,-34.79580118082501,0.41181499399244786,0.682747508212924,1.0945625022053718,-0.2709325142204761
20.28027057647705,-30.0,4.785859694660005,-34.785859694660004,0.41181499399244786,0.682747508212924,1.0945625022053718,-0.2709325142204761
20.300264835357666,-30.0,4.777906505728005,-34.777906505728005,0.34181499399244786,0.6127475082129239,0.9545625022053718,-0.27093251422047604
20.320215940475464,-30.0,4.771543954582404,-34.771543954582405,0.34181499399244786,0.6127475082129239,0.9545625022053718,-0.27093251422047604
20.340209007263184,-30.0,4.766453913665923,-34.76645391366592,0.34181499399244786,0.6127475082129239,0.9545625022053718,-0.27093251422047604
20.36023187637329,-30.0,4.762381880932738,-34.762381880932736,0.34181499399244786,0.6127475082129239,0.9545625022053718,-0.27093251422047604
20.380218267440796,-30.0,4.77670237974619,-34.77670237974619,0.34181499399244786,0.6127475082129239,0.9545625022053718,-0.27093251422047604
20.40021300315857,-30.0,4.77670237974619,-34.77670237974619,0.34181499399244786,0.6127475082129239,0.9545625022053718,-0.27093251422047604
20.42021417617798,-30.0,4.788158778796952,-34.788158778796955,0.34181499399244786,0.6127475082129239,0.9545625022053718,-0.27093251422047604
20.440210103988647,-30.0,4.814902023037562,-34.81490202303756,0.34181499399244786,0.6127475082129239,0.9545625022053718,-0.27093251422047604
20.46024203300476,-30.0,4.85387474343005,-34.85387474343005,0.34181499399244786,0.6127475082129239,0.9545625022053718,-0.27093251422047604
20.480220556259155,-30.0,4.885052919744041,-34.88505291974404,0.34181499399244786,0.6127475082129239,0.9545625022053718,-0.27093251422047604
20.500349760055542,-30.0,4.9099954607952325,-34.90999546079523,0.34181499399244786,0.6127475082129239,0.9545625022053718,-0.27093251422047604
20.520267486572266,-30.0,4.947527618636187,-34.94752761863619,0.34181499399244786,0.6127475082129239,0.9545625022053718,-0.27093251422047604
20.540215492248535,-30.0,4.97755334490895,-34.97755334490895,0.34181499399244786,0.6127475082129239,0.9545625022053718,-0.27093251422047604
20.5602023601532,-30.0,5.00157392592716,-35.00157392592716,0.34181499399244786,0.6127475082129239,0.9545625022053718,-0.27093251422047604
20.580196380615234,-30.0,5.020790390741729,-35.02079039074173,0.34181499399244786,0.6127475082129239,0.9545625022053718,-0.27093251422047604
20.600209712982178,-30.0,5.036163562593384,-35.03616356259339,0.34181499399244786,0.6127475082129239,0.9545625022053718,-0.27093251422047604
20.620205879211426,-30.0,5.036163562593384,-35.03616356259339,0.34181499399244786,0.6127475082129239,0.9545625022053718,-0.27093251422047604
20.640188932418823,-30.0,5.048462100074707,-35.04846210007471,0.34181499399244786,0.6127475082129239,0.9545625022053718,-0.27093251422047604
20.660181283950806,-30.0,5.058300930059766,-35.058300930059765,0.34181499399244786,0.6127475082129239,0.9545625022053718,-0.27093251422047604
20.68016219139099,-30.0,5.066171994047813,-35.066171994047814,0.34181499399244786,0.6127475082129239,0.9545625022053718,-0.27093251422047604
20.700154304504395,-30.0,5.072468845238251,-35.07246884523825,0.34181499399244786,0.6127475082129239,0.9545625022053718,-0.27093251422047604
20.720155954360962,-30.0,5.0775063261906,-35.0775063261906,0.34181499399244786,0.6127475082129239,0.9545625022053718,-0.27093251422047604
20.740150451660156,-30.0,5.0815363109524805,-35.08153631095248,0.34181499399244786,0.6127475082129239,0.9545625022053718,-0.27093251422047604
20.76016664505005,-30.0,5.084760298761985,-35.084760298761985,0.34181499399244786,0.6127475082129239,0.9545625022053718,-0.27093251422047604
20.780192136764526,-30.0,5.087339489009588,-35.08733948900959,0.34181499399244786,0.6127475082129239,0.9545625022053718,-0.27093251422047604
20.80020523071289,-30.0,5.08940284120767,-35.08940284120767,0.27181499399244785,0.5427475082129238,0.8145625022053717,-0.270932514220476
20.820205450057983,-30.0,5.091053522966137,-35.091053522966135,0.27181499399244785,0.5427475082129238,0.8145625022053717,-0.270932514220476
20.840249061584473,-30.0,5.091053522966137,-35.091053522966135,0.27181499399244785,0.5427475082129238,0.8145625022053717,-0.270932514220476
20.860222101211548,-30.0,5.0923740683729095,-35.09237406837291,0.27181499399244785,0.5427475082129238,0.8145625022053717,-0.270932514220476
20.88015842437744,-30.0,5.093430504698328,-35.093430504698325,0.27181499399244785,0.5427475082129238,0.8145625022053717,-0.270932514220476
20.90017294883728,-30.0,5.129431903758663,-35.129431903758665,0.27181499399244785,0.5427475082129238,0.8145625022053717,-0.270932514220476
20.92025065422058,-30.0,5.263701773006931,-35.26370177300693,0.27181499399244785,0.5427475082129238,0.8145625022053717,-0.270932514220476
20.94028615951538,-30.0,5.459008293405544,-35.459008293405546,0.27181499399244785,0.5427475082129238,0.8145625022053717,-0.270932514220476
20.960317373275757,-30.0,5.615253509724436,-35.61525350972444,0.27181499399244785,0.5427475082129238,0.8145625022053717,-0.270932514220476
20.9802885055542,-30.0,5.775405932779549,-35.77540593277955,0.27181499399244785,0.5427475082129238,0.8145625022053717,-0.270932514220476
21.000167846679688,-30.0,5.95626224622364,-35.95626224622364,0.27181499399244785,0.5427475082129238,0.8145625022053717,-0.270932514220476
21.02015519142151,-30.0,6.188837921978912,-36.188837921978916,0.27181499399244785,0.5427475082129238,0.8145625022053717,-0.270932514220476
21.040144443511963,-30.0,6.427632837583131,-36.42763283758313,0.27181499399244785,0.5427475082129238,0.8145625022053717,-0.270932514220476
21.060142993927002,-30.0,6.427632837583131,-36.42763283758313,0.27181499399244785,0.5427475082129238,0.8145625022053717,-0.270932514220476
21.08015203475952,-30.0,6.636246895066505,-36.636246895066506,0.27181499399244785,0.5427475082129238,0.8145625022053717,-0.270932514220476
21.100143432617188,-30.0,6.803138141053205,-36.8031381410532,0.27181499399244785,0.5427475082129238,0.8145625022053717,-0.270932514220476
21.120137929916382,-30.0,6.936651137842564,-36.93665113784257,0.27181499399244785,0.5427475082129238,0.8145625022053717,-0.270932514220476
21.140135765075684,-30.0,7.0434615352740515,-37.04346153527405,0.27181499399244785,0.5427475082129238,0.8145625022053717,-0.270932514220476
21.16016173362732,-30.0,7.128909853219241,-37.12890985321924,0.27181499399244785,0.5427475082129238,0.8145625022053717,-0.270932514220476
21.18018913269043,-30.0,7.197268507575394,-37.197268507575394,0.20181499399244784,0.4743967311829327,0.6762117251753805,-0.27258173719048484
21.20018696784973,-30.0,7.251955431060315,-37.25195543106032,0.20181499399244784,0.4743967311829327,0.6762117251753805,-0.27258173719048484
21.220205783843994,-30.0,7.278126844848252,-37.27812684484825,0.20181499399244784,0.4743967311829327,0.6762117251753805,-0.27258173719048484
21.240161657333374,-30.0,7.316642100878603,-37.3166421008786,0.20181499399244784,0.4743967311829327,0.6762117251753805,-0.27258173719048484
21.26014733314514,-30.0,7.3474543057028825,-37.34745430570288,0.20181499399244784,0.4743967311829327,0.6762117251753805,-0.27258173719048484
21.280144214630127,-30.0,7.3474543057028825,-37.34745430570288,0.20181499399244784,0.4743967311829327,0.6762117251753805,-0.27258173719048484
21.30015230178833,-30.0,7.424838444562307,-37.424838444562305,0.20181499399244784,0.4743967311829327,0.6762117251753805,-0.27258173719048484
21.320143222808838,-30.0,7.644948880649845,-37.64494888064984,0.20181499399244784,0.4743967311829327,0.6762117251753805,-0.27258173719048484
21.340137243270874,-30.0,7.944084104519877,-37.944084104519874,0.20181499399244784,0.4743967311829327,0.6762117251753805,-0.27258173719048484
21.36016535758972,-30.0,8.236126658615904,-38.2361266586159,0.20181499399244784,0.4743967311829327,0.6762117251753805,-0.27258173719048484
21.380186796188354,-30.0,8.487338826892723,-38.487338826892724,0.27181499399244785,0.4043967311829327,0.6762117251753805,-0.13258173719048483
21.40015935897827,-30.0,8.70588668651418,-38.70588668651418,0.27181499399244785,0.4043967311829327,0.6762117251753805,-0.13258173719048483
21.42021083831787,-30.0,8.915881224211345,-38.91588122421135,0.27181499399244785,0.4043967311829327,0.6762117251753805,-0.13258173719048483
21.44028902053833,-30.0,9.119033104369077,-39.11903310436908,0.27181499399244785,0.4043967311829327,0.6762117251753805,-0.13258173719048483
21.46027898788452,-30.0,9.281554608495263,-39.28155460849526,0.27181499399244785,0.4043967311829327,0.6762117251753805,-0.13258173719048483
21.480318784713745,-30.0,9.411571811796211,-39.41157181179621,0.27181499399244785,0.4043967311829327,0.6762117251753805,-0.13258173719048483
21.500276565551758,-30.0,9.411571811796211,-39.41157181179621,0.27181499399244785,0.4043967311829327,0.6762117251753805,-0.13258173719048483
21.520261764526367,-30.0,9.515585574436969,-39.51558557443697,0.27181499399244785,0.4043967311829327,0.6762117251753805,-0.13258173719048483
21.540202140808105,-30.0,9.598796584549575,-39.598796584549575,0.27181499399244785,0.4043967311829327,0.6762117251753805,-0.13258173719048483
21.56015133857727,-30.0,9.64778726763966,-39.64778726763966,0.27181499399244785,0.4043967311829327,0.6762117251753805,-0.13258173719048483
21.580137252807617,-30.0,9.68697981411173,-39.68697981411173,0.27181499399244785,0.4043967311829327,0.6762117251753805,-0.13258173719048483
21.600136280059814,-30.0,9.700755726289383,-39.70075572628939,0.27181499399244785,0.4043967311829327,0.6762117251753805,-0.13258173719048483
21.62013554573059,-30.0,9.659042081031508,-39.65904208103151,0.27181499399244785,0.4043967311829327,0.6762117251753805,-0.13258173719048483
21.640134811401367,-30.0,9.572936789825206,-39.57293678982521,0.27181499399244785,0.4043967311829327,0.6762117251753805,-0.13258173719048483
21.660136938095093,-30.0,9.486474431860165,-39.48647443186017,0.27181499399244785,0.4043967311829327,0.6762117251753805,-0.13258173719048483
21.68013334274292,-30.0,9.417304545488133,-39.417304545488136,0.27181499399244785,0.4043967311829327,0.6762117251753805,-0.13258173719048483
21.700130939483643,-30.0,9.361968636390507,-39.36196863639051,0.27181499399244785,0.4043967311829327,0.6762117251753805,-0.13258173719048483
21.72013282775879,-30.0,9.361968636390507,-39.36196863639051,0.27181499399244785,0.4043967311829327,0.6762117251753805,-0.13258173719048483
21.74012780189514,-30.0,9.317699909112408,-39.317699909112406,0.27181499399244785,0.4043967311829327,0.6762117251753805,-0.13258173719048483
21.76018762588501,-30.0,9.282284927289927,-39.28228492728993,0.27181499399244785,0.4043967311829327,0.6762117251753805,-0.13258173719048483
21.780160188674927,-30.0,9.253952941831942,-39.25395294183194,0.34181499399244786,0.33439673118293267,0.6762117251753805,0.007418262809515186
21.800179481506348,-30.0,9.231287353465556,-39.231287353465554,0.34181499399244786,0.33439673118293267,0.6762117251753805,0.007418262809515186
21.82015323638916,-30.0,9.213154882772445,-39.21315488277244,0.34181499399244786,0.33439673118293267,0.6762117251753805,0.007418262809515186
21.84013795852661,-30.0,9.198648906217958,-39.198648906217954,0.34181499399244786,0.33439673118293267,0.6762117251753805,0.007418262809515186
21.86016011238098,-30.0,9.187044124974369,-39.18704412497437,0.34181499399244786,0.33439673118293267,0.6762117251753805,0.007418262809515186
21.8801486492157,-30.0,9.177760299979496,-39.1777602999795,0.34181499399244786,0.33439673118293267,0.6762117251753805,0.007418262809515186
21.90014362335205,-30.0,9.100020739983599,-39.1000207399836,0.34181499399244786,0.33439673118293267,0.6762117251753805,0.007418262809515186
21.920141220092773,-30.0,8.844469716986879,-38.84446971698688,0.34181499399244786,0.33439673118293267,0.6762117251753805,0.007418262809515186
21.94015645980835,-30.0,8.844469716986879,-38.84446971698688,0.34181499399244786,0.33439673118293267,0.6762117251753805,0.007418262809515186
21.96019458770752,-30.0,8.429091398589502,-38.429091398589506,0.39235262118279934,0.3204599777981637,0.712812598980963,0.07189264338463563
21.980152130126953,-30.0,7.9034293688716035,-37.903429368871606,0.39235262118279934,0.3204599777981637,0.712812598980963,0.07189264338463563
22.00014042854309,-30.0,7.359852870097283,-37.359852870097285,0.39235262118279934,0.3204599777981637,0.712812598980963,0.07189264338463563
22.020142555236816,-30.0,6.819522921077827,-36.81952292107783,0.39235262118279934,0.3204599777981637,0.712812598980963,0.07189264338463563
22.04015302658081,-30.0,6.264212086862262,-36.26421208686226,0.39235262118279934,0.3204599777981637,0.712812598980963,0.07189264338463563
22.060150861740112,-30.0,5.62660404448981,-35.62660404448981,0.39235262118279934,0.3204599777981637,0.712812598980963,0.07189264338463563
22.080148696899414,-30.0,4.923158235591849,-34.92315823559185,0.39235262118279934,0.3204599777981637,0.712812598980963,0.07189264338463563
22.10014009475708,-30.0,4.219776588473479,-34.21977658847348,0.39235262118279934,0.3204599777981637,0.712812598980963,0.07189264338463563
22.12016725540161,-30.0,3.5867587707787845,-33.586758770778786,0.4623526211827994,0.31383430453017336,0.7761869257129728,0.14851831665262605
22.14017629623413,-30.0,3.0276101416230277,-33.02761014162303,0.4623526211827994,0.31383430453017336,0.7761869257129728,0.14851831665262605
22.16022491455078,-30.0,3.0276101416230277,-33.02761014162303,0.4623526211827994,0.31383430453017336,0.7761869257129728,0.14851831665262605
22.18026566505432,-30.0,2.5099787382984227,-32.50997873829842,0.4623526211827994,0.31383430453017336,0.7761869257129728,0.14851831665262605
22.2002911567688,-30.0,2.0958736156387383,-32.09587361563874,0.4623526211827994,0.31383430453017336,0.7761869257129728,0.14851831665262605
22.22026515007019,-30.0,1.7645895175109907,-31.76458951751099,0.4623526211827994,0.31383430453017336,0.7761869257129728,0.14851831665262605
22.24020791053772,-30.0,1.4644059890087926,-31.464405989008792,0.4623526211827994,0.31383430453017336,0.7761869257129728,0.14851831665262605
22.260152339935303,-30.0,1.1539466662070343,-31.153946666207034,0.4623526211827994,0.31383430453017336,0.7761869257129728,0.14851831665262605
22.280138969421387,-30.0,0.8001104579656275,-30.800110457965626,0.4623526211827994,0.31383430453017336,0.7761869257129728,0.14851831665262605
22.300139904022217,-30.0,0.411572741372502,-30.411572741372503,0.4623526211827994,0.31383430453017336,0.7761869257129728,0.14851831665262605
22.320138454437256,-30.0,0.0480081930980016,-30.048008193098003,0.4623526211827994,0.31383430453017336,0.7761869257129728,0.14851831665262605
22.340134620666504,-30.0,-0.29557782052159876,-29.704422179478403,0.4623526211827994,0.31383430453017336,0.7761869257129728,0.14851831665262605
22.36014485359192,-30.0,-0.640759131417279,-29.35924086858272,0.4623526211827994,0.31383430453017336,0.7761869257129728,0.14851831665262605
22.380136251449585,-30.0,-0.640759131417279,-29.35924086858272,0.4623526211827994,0.31383430453017336,0.7761869257129728,0.14851831665262605
22.40013360977173,-30.0,-0.9696385551338232,-29.030361444866177,0.4623526211827994,0.31383430453017336,0.7761869257129728,0.14851831665262605
22.420144081115723,-30.0,-1.2678983441070588,-28.73210165589294,0.4623526211827994,0.31383430453017336,0.7761869257129728,0.14851831665262605
22.440145015716553,-30.0,-1.5240843002856468,-28.475915699714353,0.4623526211827994,0.31383430453017336,0.7761869257129728,0.14851831665262605
22.46017861366272,-30.0,-1.7466111902285175,-28.253388809771483,0.4623526211827994,0.31383430453017336,0.7761869257129728,0.14851831665262605
22.480164527893066,-30.0,-1.9246327021828142,-28.075367297817184,0.4623526211827994,0.31383430453017336,0.7761869257129728,0.14851831665262605
22.500152111053467,-30.0,-2.0670499117462517,-27.932950088253747,0.4623526211827994,0.31383430453017336,0.7761869257129728,0.14851831665262605
22.520150899887085,-30.0,-2.1809836793970017,-27.819016320602998,0.4623526211827994,0.31383430453017336,0.7761869257129728,0.14851831665262605
22.54016137123108,-30.0,-2.2721306935176013,-27.727869306482397,0.4623526211827994,0.31383430453017336,0.7761869257129728,0.14851831665262605
22.56020760536194,-30.0,-2.3450483048140813,-27.65495169518592,0.5323526211827994,0.24383430453017338,0.7761869257129728,0.28851831665262595
22.580204248428345,-30.0,-2.403382393851265,-27.596617606148733,0.5323526211827994,0.24383430453017338,0.7761869257129728,0.28851831665262595
22.600147485733032,-30.0,-2.403382393851265,-27.596617606148733,0.5323526211827994,0.24383430453017338,0.7761869257129728,0.28851831665262595
22.62019991874695,-30.0,-2.4500496650810124,-27.54995033491899,0.5323526211827994,0.24383430453017338,0.7761869257129728,0.28851831665262595
22.640191555023193,-30.0,-2.48738348206481,-27.51261651793519,0.5323526211827994,0.24383430453017338,0.7761869257129728,0.28851831665262595
22.66016435623169,-30.0,-2.552406785651848,-27.447593214348153,0.5323526211827994,0.24383430453017338,0.7761869257129728,0.28851831665262595
22.680142879486084,-30.0,-2.7802066785214787,-27.21979332147852,0.5323526211827994,0.24383430453017338,0.7761869257129728,0.28851831665262595
22.700145483016968,-30.0,-3.2085403428171833,-26.791459657182816,0.5323526211827994,0.24383430453017338,0.7761869257129728,0.28851831665262595
22.720144033432007,-30.0,-3.7621447742537466,-26.23785522574625,0.5323526211827994,0.24383430453017338,0.7761869257129728,0.28851831665262595
22.740145921707153,-30.0,-4.363231444402998,-25.636768555597,0.5323526211827994,0.24383430453017338,0.7761869257129728,0.28851831665262595
22.760146617889404,-30.0,-4.984725780522399,-25.0152742194776,0.5323526211827994,0.24383430453017338,0.7761869257129728,0.28851831665262595
22.780142545700073,-30.0,-5.62254624941792,-24.37745375058208,0.5323526211827994,0.24383430453017338,0.7761869257129728,0.28851831665262595
22.800142288208008,-30.0,-6.238271374534336,-23.761728625465665,0.5323526211827994,0.24383430453017338,0.7761869257129728,0.28851831665262595
22.820178985595703,-30.0,-6.238271374534336,-23.761728625465665,0.5323526211827994,0.24383430453017338,0.7761869257129728,0.28851831665262595
22.840151071548462,-30.0,-6.801163974627469,-23.19883602537253,0.5323526211827994,0.24383430453017338,0.7761869257129728,0.28851831665262595
22.86015558242798,-30.0,-7.286634304701976,-22.713365695298023,0.5323526211827994,0.24383430453017338,0.7761869257129728,0.28851831665262595
22.880162954330444,-30.0,-7.727744943761581,-22.272255056238418,0.5323526211827994,0.24383430453017338,0.7761869257129728,0.28851831665262595
22.90015411376953,-30.0,-8.133367830009266,-21.866632169990734,0.5323526211827994,0.24383430453017338,0.7761869257129728,0.28851831665262595
22.920217037200928,-30.0,-8.528178639007415,-21.471821360992585,0.6023526211827994,0.2015678313560782,0.8039204525388777,0.4007847898267212
22.9401593208313,-30.0,-8.87918353620593,-21.12081646379407,0.6023526211827994,0.2015678313560782,0.8039204525388777,0.4007847898267212
22.960144519805908,-30.0,-9.159987453964744,-20.840012546035254,0.6023526211827994,0.2015678313560782,0.8039204525388777,0.4007847898267212
22.98014497756958,-30.0,-9.384630588171795,-20.615369411828205,0.6023526211827994,0.2015678313560782,0.8039204525388777,0.4007847898267212
23.00015616416931,-30.0,-9.599501345537437,-20.400498654462563,0.6023526211827994,0.2015678313560782,0.8039204525388777,0.4007847898267212
23.02015233039856,-30.0,-9.87686670142995,-20.12313329857005,0.6023526211827994,0.2015678313560782,0.8039204525388777,0.4007847898267212
23.04014778137207,-30.0,-9.87686670142995,-20.12313329857005,0.6023526211827994,0.2015678313560782,0.8039204525388777,0.4007847898267212
23.060194492340088,-30.0,-10.25696211114396,-19.74303788885604,0.6023526211827994,0.2015678313560782,0.8039204525388777,0.4007847898267212
23.080172777175903,-30.0,-10.701663438915167,-19.29833656108483,0.6023526211827994,0.2015678313560782,0.8039204525388777,0.4007847898267212
23.100231170654297,-30.0,-11.162893251132134,-18.837106748867868,0.6723526211827995,0.1315678313560782,0.8039204525388777,0.5407847898267213
23.120176792144775,-30.0,-11.602189600905708,-18.39781039909429,0.6723526211827995,0.1315678313560782,0.8039204525388777,0.5407847898267213
23.140167236328125,-30.0,-12.041517305724568,-17.958482694275432,0.6723526211827995,0.1315678313560782,0.8039204525388777,0.5407847898267213
23.160154342651367,-30.0,-12.480870094579656,-17.519129905420343,0.6723526211827995,0.1315678313560782,0.8039204525388777,0.5407847898267213
23.180145978927612,-30.0,-12.902664825663726,-17.097335174336273,0.6723526211827995,0.1315678313560782,0.8039204525388777,0.5407847898267213
23.200143337249756,-30.0,-13.36314748553098,-16.63685251446902,0.6723526211827995,0.1315678313560782,0.8039204525388777,0.5407847898267213
23.220170497894287,-30.0,-13.960049238424787,-16.039950761575213,0.6723526211827995,0.1315678313560782,0.8039204525388777,0.5407847898267213
23.24015522003174,-30.0,-14.666086265739832,-15.333913734260168,0.6723526211827995,0.1315678313560782,0.8039204525388777,0.5407847898267213
23.260165691375732,-30.0,-14.666086265739832,-15.333913734260168,0.6723526211827995,0.1315678313560782,0.8039204525388777,0.5407847898267213
23.28018021583557,-30.0,-15.371540887591866,-14.628459112408134,0.7,0.06156783135607818,0.7615678313560781,0.6384321686439218
23.30026340484619,-30.0,-16.006217085073494,-13.993782914926506,0.7,0.06156783135607818,0.7615678313560781,0.6384321686439218
23.32020330429077,-30.0,-16.601848668058796,-13.398151331941204,0.7,0.06156783135607818,0.7615678313560781,0.6384321686439218
23.34015727043152,-30.0,-17.18382268444704,-12.81617731555296,0.7,0.06156783135607818,0.7615678313560781,0.6384321686439218
23.360151529312134,-30.0,-17.75487064755763,-12.245129352442369,0.7,0.06156783135607818,0.7615678313560781,0.6384321686439218
23.380147695541382,-30.0,-18.334755893046108,-11.665244106953892,0.7,0.06156783135607818,0.7615678313560781,0.6384321686439218
23.400137186050415,-30.0,-18.956867214436883,-11.043132785563117,0.7,0.06156783135607818,0.7615678313560781,0.6384321686439218
23.420137882232666,-30.0,-19.64791564654951,-10.35208435345049,0.7,0.06156783135607818,0.7615678313560781,0.6384321686439218
23.44015145301819,-30.0,-20.394113767239606,-9.605886232760394,0.7,0.06156783135607818,0.7615678313560781,0.6384321686439218
23.46017026901245,-30.0,-21.149275388791686,-8.850724611208314,0.7,0.06156783135607818,0.7615678313560781,0.6384321686439218
23.480181455612183,-30.0,-21.149275388791686,-8.850724611208314,0.7,0.004253904838114775,0.7042539048381147,0.6957460951618852
23.500174283981323,-30.0,-21.85887343603335,-8.141126563966651,0.7,0.004253904838114775,0.7042539048381147,0.6957460951618852
23.520139932632446,-30.0,-22.479286248826682,-7.520713751173318,0.7,0.004253904838114775,0.7042539048381147,0.6957460951618852
23.54013705253601,-30.0,-23.063507124061346,-6.936492875938654,0.7,0.004253904838114775,0.7042539048381147,0.6957460951618852
23.56014132499695,-30.0,-23.61877444924908,-6.381225550750919,0.7,0.004253904838114775,0.7042539048381147,0.6957460951618852
23.580140113830566,-30.0,-24.150878934399266,-5.849121065600734,0.7,0.004253904838114775,0.7042539048381147,0.6957460951618852
23.600142240524292,-30.0,-24.682031272519417,-5.317968727480583,0.7,0.004253904838114775,0.7042539048381147,0.6957460951618852
23.6201388835907,-30.0,-25.194843768015538,-4.805156231984462,0.7,0.004253904838114775,0.7042539048381147,0.6957460951618852
23.6401469707489,-30.0,-25.69298438941243,-4.30701561058757,0.7,0.004253904838114775,0.7042539048381147,0.6957460951618852
23.660176038742065,-30.0,-26.179387511529946,-3.8206124884700543,0.7,0.0,0.7,0.7
23.680166482925415,-30.0,-26.63882250922396,-3.36117749077604,0.7,0.0,0.7,0.7
23.700145483016968,-30.0,-26.63882250922396,-3.36117749077604,0.7,0.0,0.7,0.7
23.72014570236206,-30.0,-27.041526757379167,-2.9584732426208333,0.7,0.0,0.7,0.7
23.740142107009888,-30.0,-27.398846405903335,-2.6011535940966652,0.7,0.0,0.7,0.7
23.760154962539673,-30.0,-27.73743649972267,-2.2625635002773308,0.7,0.0,0.7,0.7
23.780144691467285,-30.0,-28.09619919977814,-1.903800800221859,0.7,0.0,0.7,0.7
23.800151348114014,-30.0,-28.488678109822512,-1.5113218901774879,0.7,0.0,0.7,0.7
23.820148229599,-30.0,-28.89055186285801,-1.1094481371419889,0.7,0.0,0.7,0.7
23.84017252922058,-30.0,-29.229628990286404,-0.7703710097135961,0.7,0.0,0.7,0.7
23.860209465026855,-30.0,-29.518468817229124,-0.48153118277087614,0.7,0.0,0.7,0.7
23.88017249107361,-30.0,-29.7495406787833,-0.2504593212166988,0.7,0.0,0.7,0.7
23.900148153305054,-30.0,-29.951976293026643,-0.048023706973356894,0.7,0.0,0.7,0.7
23.92015528678894,-30.0,-29.951976293026643,-0.048023706973356894,0.7,0.0,0.7,0.7
23.94015121459961,-30.0,-30.11392478442131,0.11392478442131093,0.7,0.0,0.7,0.7
23.960143089294434,-30.0,-30.24348357753705,0.24348357753704875,0.7,0.0,0.7,0.7
23.980146646499634,-30.0,-30.36470873702964,0.36470873702964113,0.7,0.0,0.7,0.7
24.000149250030518,-30.0,-30.46168886462371,0.46168886462371006,0.7,0.0,0.7,0.7
24.020158290863037,-30.0,-30.539272966698967,0.5392729666989666,0.7,0.0,0.7,0.7
24.040168523788452,-30.0,-30.60134024835917,0.6013402483591683,0.7,0.0,0.7,0.7
24.06016969680786,-30.0,-30.650994073687333,0.6509940736873325,0.7,0.0,0.7,0.7
24.080174684524536,-30.0,-30.70829525894987,0.708295258949871,0.7,0.0,0.7,0.7
24.100151777267456,-30.0,-30.754136207159902,0.7541362071599025,0.7,0.0,0.7,0.7
24.120149850845337,-30.0,-30.790808965727926,0.7908089657279262,0.7,0.0,0.7,0.7
24.140148162841797,-30.0,-30.790808965727926,0.7908089657279262,0.7,0.0,0.7,0.7
24.160147428512573,-30.0,-30.82014717258234,0.8201471725823417,0.7,0.0,0.7,0.7
24.180145740509033,-30.0,-30.84361773806588,0.8436177380658805,0.7,0.0,0.7,0.7
24.200144290924072,-30.0,-30.862394190452704,0.8623941904527044,0.7,0.0,0.7,0.7
24.220157861709595,-30.0,-30.877415352362167,0.8774153523621671,0.7,0.0,0.7,0.7
24.24017858505249,-30.0,-30.889432281889736,0.8894322818897358,0.7,0.0,0.7,0.7
24.260193347930908,-30.0,-30.89904582551179,0.8990458255117915,0.7,0.0,0.7,0.7
24.28015685081482,-30.0,-30.90673666040944,0.9067366604094396,0.7,0.0,0.7,0.7
24.300162076950073,-30.0,-30.912889328327555,0.9128893283275552,0.7,0.0,0.7,0.7
24.320208311080933,-30.0,-30.935389587662044,0.9353895876620442,0.7,0.0,0.7,0.7
24.340195655822754,-30.0,-30.953389795129638,0.9533897951296382,0.7,0.0,0.7,0.7
24.360167026519775,-30.0,-30.953389795129638,0.9533897951296382,0.7,0.0,0.7,0.7
24.380144357681274,-30.0,-30.967789961103716,0.9677899611037155,0.7,0.0,0.7,0.7
24.40014672279358,-30.0,-30.979310093882972,0.9793100938829724,0.7,0.0,0.7,0.7
24.42014479637146,-30.0,-30.988526200106378,0.9885262001063779,0.7,0.0,0.7,0.7
24.440133810043335,-30.0,-30.995899085085103,0.995899085085103,0.7,0.0,0.7,0.7
24.4601411819458,-30.0,-31.001797393068085,1.0017973930680846,0.7,0.0,0.7,0.7
24.48014235496521,-30.0,-31.00651603945447,1.0065160394544712,0.7,0.0,0.7,0.7
24.500139713287354,-30.0,-31.010290956563576,1.0102909565635763,0.7,0.0,0.7,0.7
24.520138025283813,-30.0,-31.013310890250864,1.0133108902508638,0.7,0.0,0.7,0.7
24.540165901184082,-30.0,-31.015726837200692,1.0157268372006918,0.7,0.0,0.7,0.7
24.560163259506226,-30.0,-31.017659594760556,1.0176595947605556,0.7,0.0,0.7,0.7
24.580150604248047,-30.0,-31.017659594760556,1.0176595947605556,0.7,0.0,0.7,0.7
24.6001877784729,-30.0,-31.019205800808447,1.0192058008084466,0.7,0.0,0.7,0.7
24.62016201019287,-30.0,-31.020442765646756,1.0204427656467558,0.7,0.0,0.7,0.7
24.64020085334778,-30.0,-31.021432337517407,1.0214323375174068,0.7,0.0,0.7,0.7
24.660237789154053,-30.0,-31.022223995013928,1.0222239950139276,0.7,0.0,0.7,0.7
24.680182218551636,-30.0,-31.02285732101114,1.0228573210111414,0.7,0.0,0.7,0.7
24.70014476776123,-30.0,-31.023363981808917,1.0233639818089166,0.7,0.0,0.7,0.7
24.720139265060425,-30.0,-31.02376931044714,1.0237693104471397,0.7,0.0,0.7,0.7
24.740138053894043,-30.0,-31.024093573357714,1.024093573357714,0.7,0.0,0.7,0.7
24.76014733314514,-30.0,-31.024352983686175,1.0243529836861747,0.7,0.0,0.7,0.7
24.780144453048706,-30.0,-31.02456051194894,1.0245605119489412,0.7,0.0,0.7,0.7
24.800139665603638,-30.0,-31.02456051194894,1.0245605119489412,0.7,0.0,0.7,0.7
24.82013726234436,-30.0,-31.024726534559154,1.0247265345591536,0.7,0.0,0.7,0.7
24.840139150619507,-30.0,-31.024859352647326,1.0248593526473257,0.7,0.0,0.7,0.7
24.860139846801758,-30.0,-31.024965607117863,1.0249656071178634,0.7,0.0,0.7,0.7
24.880132913589478,-30.0,-31.025050610694294,1.0250506106942936,0.7,0.0,0.7,0.7
24.9001407623291,-30.0,-31.025118613555442,1.025118613555442,0.7,0.0,0.7,0.7
24.920138359069824,-30.0,-31.025173015844356,1.0251730158443557,0.7,0.0,0.7,0.7
24.940146923065186,-30.0,-31.025216537675483,1.0252165376754832,0.7,0.0,0.7,0.7
24.96014904975891,-30.0,-31.02525135514039,1.0252513551403908,0.7,0.04961591958999634,0.7496159195899963,0.6503840804100036
24.980156183242798,-30.0,-31.025279209112316,1.0252792091123162,0.7,0.04961591958999634,0.7496159195899963,0.6503840804100036
25.000145435333252,0.0,-31.02530149228986,31.02530149228986,0.7,0.04961591958999634,0.7496159195899963,0.6503840804100036
25.020135402679443,0.0,-31.02530149228986,31.02530149228986,0.7,0.04961591958999634,0.7496159195899963,0.6503840804100036
25.04013228416443,0.0,-31.02531931883189,31.02531931883189,0.7,0.04961591958999634,0.7496159195899963,0.6503840804100036
25.060134649276733,0.0,-31.025333580065514,31.025333580065514,0.7,0.04961591958999634,0.7496159195899963,0.6503840804100036
25.080132722854614,0.0,-31.025344989052417,31.025344989052417,0.7,0.04961591958999634,0.7496159195899963,0.6503840804100036
25.100136518478394,0.0,-31.02535411624194,31.02535411624194,0.7,0.04961591958999634,0.7496159195899963,0.6503840804100036
25.12015986442566,0.0,-31.007783292993555,31.007783292993555,0.7,0.04961591958999634,0.7496159195899963,0.6503840804100036
25.14018201828003,0.0,-30.99372663439485,30.99372663439485,0.7,0.0696114283055067,0.7696114283055067,0.6303885716944932
25.16015625,0.0,-30.98248130751588,30.98248130751588,0.7,0.0696114283055067,0.7696114283055067,0.6303885716944932
25.18014407157898,0.0,-30.955906921012705,30.955906921012705,0.7,0.0696114283055067,0.7696114283055067,0.6303885716944932
25.20013952255249,0.0,-30.934647411810168,30.934647411810168,0.7,0.0696114283055067,0.7696114283055067,0.6303885716944932
25.220134258270264,0.0,-30.917639804448136,30.917639804448136,0.7,0.0696114283055067,0.7696114283055067,0.6303885716944932
25.240135669708252,0.0,-30.917639804448136,30.917639804448136,0.7,0.0696114283055067,0.7696114283055067,0.6303885716944932
25.260146141052246,0.0,-30.904033718558512,30.904033718558512,0.7,0.0696114283055067,0.7696114283055067,0.6303885716944932
25.280145168304443,0.0,-30.89314884984681,30.89314884984681,0.7,0.0696114283055067,0.7696114283055067,0.6303885716944932
25.300156354904175,0.0,-30.884440954877448,30.884440954877448,0.7,0.0696114283055067,0.7696114283055067,0.6303885716944932
25.320154428482056,0.0,-30.877474638901962,30.877474638901962,0.6544255398213863,0.1396114283055067,0.7940369681268931,0.5148141115158795
25.340150833129883,0.0,-30.854323461121574,30.854323461121574,0.6544255398213863,0.1396114283055067,0.7940369681268931,0.5148141115158795
25.36015295982361,0.0,-30.83580251889726,30.83580251889726,0.6544255398213863,0.1396114283055067,0.7940369681268931,0.5148141115158795
25.380142211914062,0.0,-30.820985765117815,30.820985765117815,0.6544255398213863,0.1396114283055067,0.7940369681268931,0.5148141115158795
25.40013813972473,0.0,-30.80913236209425,30.80913236209425,0.6544255398213863,0.1396114283055067,0.7940369681268931,0.5148141115158795
25.420148372650146,0.0,-30.7644933896754,30.7644933896754,0.6544255398213863,0.1396114283055067,0.7940369681268931,0.5148141115158795
25.44014263153076,0.0,-30.676047836740324,30.676047836740324,0.6544255398213863,0.1396114283055067,0.7940369681268931,0.5148141115158795
25.46013593673706,0.0,-30.676047836740324,30.676047836740324,0.6544255398213863,0.1396114283055067,0.7940369681268931,0.5148141115158795
25.480143785476685,0.0,-30.51740076939226,30.51740076939226,0.6544255398213863,0.1396114283055067,0.7940369681268931,0.5148141115158795
25.500173807144165,0.0,-30.285014365513813,30.285014365513813,0.5844255398213862,0.20961142830550672,0.794036968126893,0.3748141115158795
25.520148038864136,0.0,-30.01121461741105,30.01121461741105,0.5844255398213862,0.20961142830550672,0.794036968126893,0.3748141115158795
25.540149688720703,0.0,-29.77459669392884,29.77459669392884,0.5844255398213862,0.20961142830550672,0.794036968126893,0.3748141115158795
25.560138463974,0.0,-29.585302355143074,29.585302355143074,0.5844255398213862,0.20961142830550672,0.794036968126893,0.3748141115158795
25.580153226852417,0.0,-29.41628875911446,29.41628875911446,0.5844255398213862,0.20961142830550672,0.794036968126893,0.3748141115158795
25.600151300430298,0.0,-29.193187257291573,29.193187257291573,0.5844255398213862,0.20961142830550672,0.794036968126893,0.3748141115158795
25.620147705078125,0.0,-28.821346680833255,28.821346680833255,0.5844255398213862,0.20961142830550672,0.794036968126893,0.3748141115158795
25.640145301818848,0.0,-28.295358594666606,28.295358594666606,0.5844255398213862,0.20961142830550672,0.794036968126893,0.3748141115158795
25.66014814376831,0.0,-27.681208750733287,27.681208750733287,0.5844255398213862,0.20961142830550672,0.794036968126893,0.3748141115158795
25.68020462989807,0.0,-27.681208750733287,27.681208750733287,0.5144255398213862,0.2741566722840071,0.7885822121053933,0.24026886753737908
25.700173139572144,0.0,-27.06684200058663,27.06684200058663,0.5144255398213862,0.2741566722840071,0.7885822121053933,0.24026886753737908
25.720149278640747,0.0,-26.522614225469304,26.522614225469304,0.5144255398213862,0.2741566722840071,0.7885822121053933,0.24026886753737908
25.740145921707153,0.0,-26.087232005375448,26.087232005375448,0.5144255398213862,0.2741566722840071,0.7885822121053933,0.24026886753737908
25.760145902633667,0.0,-25.73892622930036,25.73892622930036,0.5144255398213862,0.2741566722840071,0.7885822121053933,0.24026886753737908
25.780140161514282,0.0,-25.37239098344029,25.37239098344029,0.5144255398213862,0.2741566722840071,0.7885822121053933,0.24026886753737908
25.80014181137085,0.0,-24.81549091175223,24.81549091175223,0.5144255398213862,0.2741566722840071,0.7885822121053933,0.24026886753737908
25.820162534713745,0.0,-24.07114272940179,24.07114272940179,0.5144255398213862,0.2741566722840071,0.7885822121053933,0.24026886753737908
25.84017276763916,0.0,-23.22957043352143,23.22957043352143,0.5144255398213862,0.2741566722840071,0.7885822121053933,0.24026886753737908
25.860193252563477,0.0,-22.415687596817147,22.415687596817147,0.5144255398213862,0.2741566722840071,0.7885822121053933,0.24026886753737908
25.880167961120605,0.0,-21.71184695245372,21.71184695245372,0.5844255398213862,0.20415667228400708,0.7885822121053934,0.38026886753737915
25.900169372558594,0.0,-21.71184695245372,21.71184695245372,0.5844255398213862,0.20415667228400708,0.7885822121053934,0.38026886753737915
25.92017149925232,0.0,-21.148774436962977,21.148774436962977,0.5844255398213862,0.20415667228400708,0.7885822121053934,0.38026886753737915
25.940147876739502,0.0,-20.698316424570383,20.698316424570383,0.5844255398213862,0.20415667228400708,0.7885822121053934,0.38026886753737915
25.960139989852905,0.0,-20.337950014656307,20.337950014656307,0.5844255398213862,0.20415667228400708,0.7885822121053934,0.38026886753737915
25.980140209197998,0.0,-20.049656886725046,20.049656886725046,0.5844255398213862,0.20415667228400708,0.7885822121053934,0.38026886753737915
26.000138759613037,0.0,-19.819022384380037,19.819022384380037,0.5844255398213862,0.20415667228400708,0.7885822121053934,0.38026886753737915
26.02014994621277,0.0,-19.65209290750403,19.65209290750403,0.5844255398213862,0.20415667228400708,0.7885822121053934,0.38026886753737915
26.040151834487915,0.0,-19.536127451003225,19.536127451003225,0.5844255398213862,0.20415667228400708,0.7885822121053934,0.38026886753737915
26.060250520706177,0.0,-19.443355085802576,19.443355085802576,0.5445046994090079,0.2741566722840071,0.818661371693015,0.27034802712500083
26.080175638198853,0.0,-19.386715318642064,19.386715318642064,0.5445046994090079,0.2741566722840071,0.818661371693015,0.27034802712500083
26.100154161453247,0.0,-19.341403504913654,19.341403504913654,0.5445046994090079,0.2741566722840071,0.818661371693015,0.27034802712500083
26.12015128135681,0.0,-19.341403504913654,19.341403504913654,0.5445046994090079,0.2741566722840071,0.818661371693015,0.27034802712500083
26.14017343521118,0.0,-19.305154053930927,19.305154053930927,0.5445046994090079,0.2741566722840071,0.818661371693015,0.27034802712500083
26.160178661346436,0.0,-19.27615449314474,19.27615449314474,0.5445046994090079,0.2741566722840071,0.818661371693015,0.27034802712500083
26.18016219139099,0.0,-19.252954844515795,19.252954844515795,0.5445046994090079,0.2741566722840071,0.818661371693015,0.27034802712500083
26.200145959854126,0.0,-19.216817000612636,19.216817000612636,0.5445046994090079,0.2741566722840071,0.818661371693015,0.27034802712500083
26.22015404701233,0.0,-19.187906725490105,19.187906725490105,0.5445046994090079,0.2741566722840071,0.818661371693015,0.27034802712500083
26.240158796310425,0.0,-19.147200380392082,19.147200380392082,0.5445046994090079,0.2741566722840071,0.818661371693015,0.27034802712500083
26.26016879081726,0.0,-19.097057179313666,19.097057179313666,0.4820097620785236,0.3441566722840071,0.8261664343625307,0.1378530897945165
26.280219554901123,0.0,-19.056942618450933,19.056942618450933,0.4820097620785236,0.3441566722840071,0.8261664343625307,0.1378530897945165
26.300232648849487,0.0,-19.02485096976075,19.02485096976075,0.4820097620785236,0.3441566722840071,0.8261664343625307,0.1378530897945165
26.320179224014282,0.0,-18.999177650808598,18.999177650808598,0.4820097620785236,0.3441566722840071,0.8261664343625307,0.1378530897945165
26.340142488479614,0.0,-18.999177650808598,18.999177650808598,0.4820097620785236,0.3441566722840071,0.8261664343625307,0.1378530897945165
26.36014747619629,0.0,-18.97863899564688,18.97863899564688,0.4820097620785236,0.3441566722840071,0.8261664343625307,0.1378530897945165
26.38014578819275,0.0,-18.874317446517505,18.874317446517505,0.4820097620785236,0.3441566722840071,0.8261664343625307,0.1378530897945165
26.40014100074768,0.0,-18.562344582214003,18.562344582214003,0.4820097620785236,0.3441566722840071,0.8261664343625307,0.1378530897945165
26.4201397895813,0.0,-18.031516290771204,18.031516290771204,0.4820097620785236,0.3441566722840071,0.8261664343625307,0.1378530897945165
26.44014859199524,0.0,-17.360759907616963,17.360759907616963,0.4820097620785236,0.3441566722840071,0.8261664343625307,0.1378530897945165
26.460166215896606,0.0,-16.71868605109357,16.71868605109357,0.4733379493653773,0.2741566722840071,0.7474946216493844,0.19918127708137023
26.48020052909851,0.0,-16.205026965874858,16.205026965874858,0.4733379493653773,0.2741566722840071,0.7474946216493844,0.19918127708137023
26.500208139419556,0.0,-15.776521572699888,15.776521572699888,0.4733379493653773,0.2741566722840071,0.7474946216493844,0.19918127708137023
26.520163536071777,0.0,-15.451295383159911,15.451295383159911,0.4733379493653773,0.2741566722840071,0.7474946216493844,0.19918127708137023
26.540158987045288,0.0,-15.191114431527929,15.191114431527929,0.4733379493653773,0.2741566722840071,0.7474946216493844,0.19918127708137023
26.560174703598022,0.0,-15.191114431527929,15.191114431527929,0.4733379493653773,0.2741566722840071,0.7474946216493844,0.19918127708137023
26.58017611503601,0.0,-14.982969670222344,14.982969670222344,0.4733379493653773,0.2741566722840071,0.7474946216493844,0.19918127708137023
26.600176572799683,0.0,-14.816453861177875,14.816453861177875,0.4733379493653773,0.2741566722840071,0.7474946216493844,0.19918127708137023
26.62017560005188,0.0,-14.683241213942301,14.683241213942301,0.4733379493653773,0.2741566722840071,0.7474946216493844,0.19918127708137023
26.64016032218933,0.0,-14.594249221153843,14.594249221153843,0.4733379493653773,0.2741566722840071,0.7474946216493844,0.19918127708137023
26.660191297531128,0.0,-14.523055626923076,14.523055626923076,0.5433379493653774,0.3090387707203627,0.8523767200857401,0.2342991786450147
26.680190801620483,0.0,-14.466100751538464,14.466100751538464,0.5433379493653774,0.3090387707203627,0.8523767200857401,0.2342991786450147
26.70018434524536,0.0,-14.420536851230775,14.420536851230775,0.5433379493653774,0.3090387707203627,0.8523767200857401,0.2342991786450147
26.720174312591553,0.0,-14.384085730984621,14.384085730984621,0.5433379493653774,0.3090387707203627,0.8523767200857401,0.2342991786450147
26.740195989608765,0.0,-14.354924834787697,14.354924834787697,0.5433379493653774,0.3090387707203627,0.8523767200857401,0.2342991786450147
26.76021099090576,0.0,-14.33159611783016,14.33159611783016,0.5433379493653774,0.3090387707203627,0.8523767200857401,0.2342991786450147
26.780200481414795,0.0,-14.33159611783016,14.33159611783016,0.5433379493653774,0.3090387707203627,0.8523767200857401,0.2342991786450147
26.800196170806885,0.0,-14.312933144264127,14.312933144264127,0.5433379493653774,0.3090387707203627,0.8523767200857401,0.2342991786450147
26.820184230804443,0.0,-14.298002765411303,14.298002765411303,0.5433379493653774,0.3090387707203627,0.8523767200857401,0.2342991786450147
26.840183973312378,0.0,-14.286058462329043,14.286058462329043,0.6133379493653774,0.36144307754933835,0.9747810269147158,0.2518948718160391
26.860224723815918,0.0,-14.276503019863235,14.276503019863235,0.6133379493653774,0.36144307754933835,0.9747810269147158,0.2518948718160391
26.880202054977417,0.0,-14.251280540890589,14.251280540890589,0.6133379493653774,0.36144307754933835,0.9747810269147158,0.2518948718160391
26.900181770324707,0.0,-14.231102557712473,14.231102557712473,0.6133379493653774,0.36144307754933835,0.9747810269147158,0.2518948718160391
26.92017912864685,0.0,-14.21496017116998,14.21496017116998,0.6133379493653774,0.36144307754933835,0.9747810269147158,0.2518948718160391
26.94018054008484,0.0,-14.202046261935983,14.202046261935983,0.6133379493653774,0.36144307754933835,0.9747810269147158,0.2518948718160391
26.96017837524414,0.0,-14.191715134548787,14.191715134548787,0.6133379493653774,0.36144307754933835,0.9747810269147158,0.2518948718160391
26.980177402496338,0.0,-14.18345023263903,14.18345023263903,0.6133379493653774,0.36144307754933835,0.9747810269147158,0.2518948718160391
27.00019121170044,0.0,-14.18345023263903,14.18345023263903,0.6133379493653774,0.36144307754933835,0.9747810269147158,0.2518948718160391
27.020171403884888,0.0,-14.176838311111226,14.176838311111226,0.6133379493653774,0.36144307754933835,0.9747810269147158,0.2518948718160391
27.040176391601562,0.0,-14.171548773888981,14.171548773888981,0.6133379493653774,0.36144307754933835,0.9747810269147158,0.2518948718160391
27.06016731262207,0.0,-14.167317144111186,14.167317144111186,0.6133379493653774,0.36144307754933835,0.9747810269147158,0.2518948718160391
27.080212593078613,0.0,-14.16393184028895,14.16393184028895,0.5653099943697453,0.30095309890806676,0.866263093277812,0.2643568954616785
27.10024404525757,0.0,-14.16122359723116,14.16122359723116,0.5653099943697453,0.30095309890806676,0.866263093277812,0.2643568954616785
27.12018585205078,0.0,-14.159057002784929,14.159057002784929,0.5653099943697453,0.30095309890806676,0.866263093277812,0.2643568954616785
27.140180110931396,0.0,-14.157323727227944,14.157323727227944,0.5653099943697453,0.30095309890806676,0.866263093277812,0.2643568954616785
27.160173654556274,0.0,-14.155937106782355,14.155937106782355,0.5653099943697453,0.30095309890806676,0.866263093277812,0.2643568954616785
27.180158138275146,0.0,-14.154827810425886,14.154827810425886,0.5653099943697453,0.30095309890806676,0.866263093277812,0.2643568954616785
27.20014476776123,0.0,-14.15394037334071,14.15394037334071,0.5653099943697453,0.30095309890806676,0.866263093277812,0.2643568954616785
27.220152139663696,0.0,-14.15394037334071,14.15394037334071,0.5653099943697453,0.30095309890806676,0.866263093277812,0.2643568954616785
27.240151166915894,0.0,-14.15323042367257,14.15323042367257,0.5653099943697453,0.30095309890806676,0.866263093277812,0.2643568954616785
27.26019048690796,0.0,-14.170240588938057,14.170240588938057,0.6353099943697453,0.27196129724383356,0.9072712916135789,0.3633486971259118
27.280194759368896,0.0,-14.183848721150445,14.183848721150445,0.6353099943697453,0.27196129724383356,0.9072712916135789,0.3633486971259118
27.300198316574097,0.0,-14.194735226920358,14.194735226920358,0.6353099943697453,0.27196129724383356,0.9072712916135789,0.3633486971259118
27.32019805908203,0.0,-14.203444431536287,14.203444431536287,0.6353099943697453,0.27196129724383356,0.9072712916135789,0.3633486971259118
27.340194940567017,0.0,-14.210411795229032,14.210411795229032,0.6353099943697453,0.27196129724383356,0.9072712916135789,0.3633486971259118
27.360196828842163,0.0,-14.215985686183226,14.215985686183226,0.6353099943697453,0.27196129724383356,0.9072712916135789,0.3633486971259118
27.380192041397095,0.0,-14.23802292394658,14.23802292394658,0.6353099943697453,0.27196129724383356,0.9072712916135789,0.3633486971259118
27.400185585021973,0.0,-14.273230839157266,14.273230839157266,0.6353099943697453,0.27196129724383356,0.9072712916135789,0.3633486971259118
27.420172691345215,0.0,-14.336553421325815,14.336553421325815,0.6353099943697453,0.27196129724383356,0.9072712916135789,0.3633486971259118
27.440173149108887,0.0,-14.336553421325815,14.336553421325815,0.5819093772768975,0.27303561066277326,0.8549449879396708,0.30887376661412425
27.460272073745728,0.0,-14.38721148706065,14.38721148706065,0.5819093772768975,0.27303561066277326,0.8549449879396708,0.30887376661412425
27.480270862579346,0.0,-14.427737939648523,14.427737939648523,0.5819093772768975,0.27303561066277326,0.8549449879396708,0.30887376661412425
27.500213623046875,0.0,-14.460159101718817,14.460159101718817,0.5819093772768975,0.27303561066277326,0.8549449879396708,0.30887376661412425
27.52016019821167,0.0,-14.486096031375057,14.486096031375057,0.5819093772768975,0.27303561066277326,0.8549449879396708,0.30887376661412425
27.54015302658081,0.0,-14.506845575100048,14.506845575100048,0.5819093772768975,0.27303561066277326,0.8549449879396708,0.30887376661412425
27.560163736343384,0.0,-14.523445210080041,14.523445210080041,0.5819093772768975,0.27303561066277326,0.8549449879396708,0.30887376661412425
27.580146312713623,0.0,-14.536724918064033,14.536724918064033,0.5819093772768975,0.27303561066277326,0.8549449879396708,0.30887376661412425
27.600160121917725,0.0,-14.547348684451228,14.547348684451228,0.5819093772768975,0.27303561066277326,0.8549449879396708,0.30887376661412425
27.620145797729492,0.0,-14.555847697560983,14.555847697560983,0.5819093772768975,0.27303561066277326,0.8549449879396708,0.30887376661412425
27.640215635299683,0.0,-14.56264690804879,14.56264690804879,0.5819093772768975,0.27303561066277326,0.8549449879396708,0.30887376661412425
27.660189867019653,0.0,-14.56264690804879,14.56264690804879,0.6202016474306584,0.23011923824436964,0.8503208856750281,0.3900824091862888
27.680184841156006,0.0,-14.568086276439034,14.568086276439034,0.6202016474306584,0.23011923824436964,0.8503208856750281,0.3900824091862888
27.700165510177612,0.0,-14.572437771151229,14.572437771151229,0.6202016474306584,0.23011923824436964,0.8503208856750281,0.3900824091862888
27.720159769058228,0.0,-14.575918966920982,14.575918966920982,0.6202016474306584,0.23011923824436964,0.8503208856750281,0.3900824091862888
27.74015235900879,0.0,-14.578703923536786,14.578703923536786,0.6202016474306584,0.23011923824436964,0.8503208856750281,0.3900824091862888
27.760149478912354,0.0,-14.580931888829427,14.580931888829427,0.6202016474306584,0.23011923824436964,0.8503208856750281,0.3900824091862888
27.780160188674927,0.0,-14.635448636063542,14.635448636063542,0.6202016474306584,0.23011923824436964,0.8503208856750281,0.3900824091862888
27.800145149230957,0.0,-14.837265158850833,14.837265158850833,0.6202016474306584,0.23011923824436964,0.8503208856750281,0.3900824091862888
27.820282459259033,0.0,-15.104187127080667,15.104187127080667,0.6202016474306584,0.23011923824436964,0.8503208856750281,0.3900824091862888
27.840285778045654,0.0,-15.352880951664536,15.352880951664536,0.6902016474306585,0.2933079326618463,0.9835095800925048,0.3968937147688122
27.860169649124146,0.0,-15.55183601133163,15.55183601133163,0.6902016474306585,0.2933079326618463,0.9835095800925048,0.3968937147688122
27.880147218704224,0.0,-15.55183601133163,15.55183601133163,0.6902016474306585,0.2933079326618463,0.9835095800925048,0.3968937147688122
27.900166988372803,0.0,-15.781312559065306,15.781312559065306,0.6902016474306585,0.2933079326618463,0.9835095800925048,0.3968937147688122
27.920162200927734,0.0,-16.017628172252245,16.017628172252245,0.6902016474306585,0.2933079326618463,0.9835095800925048,0.3968937147688122
27.940149307250977,0.0,-16.206680662801798,16.206680662801798,0.6902016474306585,0.2933079326618463,0.9835095800925048,0.3968937147688122
27.96016025543213,0.0,-16.35792265524144,16.35792265524144,0.6902016474306585,0.2933079326618463,0.9835095800925048,0.3968937147688122
27.980153799057007,0.0,-16.46133812419315,16.46133812419315,0.6902016474306585,0.2933079326618463,0.9835095800925048,0.3968937147688122
28.000147104263306,0.0,-16.544070499354522,16.544070499354522,0.6902016474306585,0.2933079326618463,0.9835095800925048,0.3968937147688122
28.02016520500183,0.0,-16.592678274483617,16.592678274483617,0.7,0.2233079326618463,0.9233079326618463,0.47669206733815367
28.040193557739258,0.0,-16.631564494586897,16.631564494586897,0.7,0.2233079326618463,0.9233079326618463,0.47669206733815367
28.060155153274536,0.0,-16.662673470669517,16.662673470669517,0.7,0.2233079326618463,0.9233079326618463,0.47669206733815367
28.08014965057373,0.0,-16.687560651535613,16.687560651535613,0.7,0.2233079326618463,0.9233079326618463,0.47669206733815367
28.100157737731934,0.0,-16.687560651535613,16.687560651535613,0.7,0.2233079326618463,0.9233079326618463,0.47669206733815367
28.120158910751343,0.0,-16.70747039622849,16.70747039622849,0.7,0.2233079326618463,0.9233079326618463,0.47669206733815367
28.140146732330322,0.0,-16.723398191982792,16.723398191982792,0.7,0.2233079326618463,0.9233079326618463,0.47669206733815367
28.160155773162842,0.0,-16.736140428586236,16.736140428586236,0.7,0.2233079326618463,0.9233079326618463,0.47669206733815367
28.18016004562378,0.0,-16.746334217868988,16.746334217868988,0.7,0.2233079326618463,0.9233079326618463,0.47669206733815367
28.20016646385193,0.0,-16.772067374295194,16.772067374295194,0.7,0.2233079326618463,0.9233079326618463,0.47669206733815367
28.220173597335815,0.0,-16.792653899436157,16.792653899436157,0.694041915051639,0.2933079326618463,0.9873498477134853,0.40073398238979274
28.24015164375305,0.0,-16.826701244548925,16.826701244548925,0.694041915051639,0.2933079326618463,0.9873498477134853,0.40073398238979274
28.260151624679565,0.0,-16.90667349563914,16.90667349563914,0.694041915051639,0.2933079326618463,0.9873498477134853,0.40073398238979274
28.280165195465088,0.0,-17.040963796511313,17.040963796511313,0.694041915051639,0.2933079326618463,0.9873498477134853,0.40073398238979274
28.300153493881226,0.0,-17.165974162209054,17.165974162209054,0.694041915051639,0.2933079326618463,0.9873498477134853,0.40073398238979274
28.32016634941101,0.0,-17.165974162209054,17.165974162209054,0.694041915051639,0.2933079326618463,0.9873498477134853,0.40073398238979274
28.34017848968506,0.0,-17.265982454767244,17.265982454767244,0.694041915051639,0.2933079326618463,0.9873498477134853,0.40073398238979274
28.360169410705566,0.0,-17.3284109638138,17.3284109638138,0.694041915051639,0.2933079326618463,0.9873498477134853,0.40073398238979274
28.380164623260498,0.0,-17.37835377105104,17.37835377105104,0.694041915051639,0.2933079326618463,0.9873498477134853,0.40073398238979274
28.400174140930176,0.0,-17.400729891840832,17.400729891840832,0.694041915051639,0.2933079326618463,0.9873498477134853,0.40073398238979274
28.42026686668396,0.0,-17.41863078847267,17.41863078847267,0.7,0.3027670603338629,1.0027670603338628,0.39723293966613704
28.440253019332886,0.0,-17.432951505778135,17.432951505778135,0.7,0.3027670603338629,1.0027670603338628,0.39723293966613704
28.460191249847412,0.0,-17.44440807962251,17.44440807962251,0.7,0.3027670603338629,1.0027670603338628,0.39723293966613704
28.480199813842773,0.0,-17.453573338698007,17.453573338698007,0.7,0.3027670603338629,1.0027670603338628,0.39723293966613704
28.500202178955078,0.0,-17.460905545958408,17.460905545958408,0.7,0.3027670603338629,1.0027670603338628,0.39723293966613704
28.52019476890564,0.0,-17.46677131176673,17.46677131176673,0.7,0.3027670603338629,1.0027670603338628,0.39723293966613704
28.540183305740356,0.0,-17.46677131176673,17.46677131176673,0.7,0.3027670603338629,1.0027670603338628,0.39723293966613704
28.5601909160614,0.0,-17.471463924413385,17.471463924413385,0.7,0.3027670603338629,1.0027670603338628,0.39723293966613704
28.580201864242554,0.0,-17.475218014530707,17.475218014530707,0.7,0.3027670603338629,1.0027670603338628,0.39723293966613704
28.60019302368164,0.0,-17.478221286624567,17.478221286624567,0.7,0.3027670603338629,1.0027670603338628,0.39723293966613704
28.62019443511963,0.0,-17.480623904299655,17.480623904299655,0.7,0.3027670603338629,1.0027670603338628,0.39723293966613704
28.640186548233032,0.0,-17.482545998439726,17.482545998439726,0.7,0.3027670603338629,1.0027670603338628,0.39723293966613704
28.660160779953003,0.0,-17.484083673751783,17.484083673751783,0.6458697512745857,0.3727670603338629,1.0186368116084485,0.27310269094072276
28.680230379104614,0.0,-17.485313814001426,17.485313814001426,0.6458697512745857,0.3727670603338629,1.0186368116084485,0.27310269094072276
28.700217723846436,0.0,-17.486297926201143,17.486297926201143,0.6458697512745857,0.3727670603338629,1.0186368116084485,0.27310269094072276
28.72018003463745,0.0,-17.487085215960917,17.487085215960917,0.6458697512745857,0.3727670603338629,1.0186368116084485,0.27310269094072276
28.74019765853882,0.0,-17.487715047768734,17.487715047768734,0.6458697512745857,0.3727670603338629,1.0186368116084485,0.27310269094072276
28.76020860671997,0.0,-17.487715047768734,17.487715047768734,0.6458697512745857,0.3727670603338629,1.0186368116084485,0.27310269094072276
28.780205249786377,0.0,-17.48821891321499,17.48821891321499,0.6458697512745857,0.3727670603338629,1.0186368116084485,0.27310269094072276
28.800209045410156,0.0,-17.488622005571994,17.488622005571994,0.6458697512745857,0.3727670603338629,1.0186368116084485,0.27310269094072276
28.820204257965088,0.0,-17.471366354457597,17.471366354457597,0.6458697512745857,0.3727670603338629,1.0186368116084485,0.27310269094072276
28.84020471572876,0.0,-17.43998370856608,17.43998370856608,0.6458697512745857,0.3727670603338629,1.0186368116084485,0.27310269094072276
28.86018681526184,0.0,-17.326986966852864,17.326986966852864,0.5758697512745856,0.3027670603338629,0.8786368116084485,0.2731026909407227
28.88019633293152,0.0,-17.16627707348229,17.16627707348229,0.5758697512745856,0.3027670603338629,0.8786368116084485,0.2731026909407227
28.90018892288208,0.0,-16.98497478378583,16.98497478378583,0.5758697512745856,0.3027670603338629,0.8786368116084485,0.2731026909407227
28.92017364501953,0.0,-16.804776702028665,16.804776702028665,0.5758697512745856,0.3027670603338629,0.8786368116084485,0.2731026909407227
28.940181255340576,0.0,-16.660618236622934,16.660618236622934,0.5758697512745856,0.3027670603338629,0.8786368116084485,0.2731026909407227
28.96017861366272,0.0,-16.545291464298348,16.545291464298348,0.5758697512745856,0.3027670603338629,0.8786368116084485,0.2731026909407227
28.980175018310547,0.0,-16.545291464298348,16.545291464298348,0.5758697512745856,0.3027670603338629,0.8786368116084485,0.2731026909407227
29.00016975402832,0.0,-16.453030046438677,16.453030046438677,0.5758697512745856,0.3027670603338629,0.8786368116084485,0.2731026909407227
29.020169496536255,0.0,-16.37922091215094,16.37922091215094,0.5758697512745856,0.3027670603338629,0.8786368116084485,0.2731026909407227
29.040183544158936,0.0,-16.337751729720758,16.337751729720758,0.5758697512745856,0.3027670603338629,0.8786368116084485,0.2731026909407227
29.060173511505127,0.0,-16.304576383776606,16.304576383776606,0.5758697512745856,0.3027670603338629,0.8786368116084485,0.2731026909407227
29.080174922943115,0.0,-16.278036107021286,16.278036107021286,0.5758697512745856,0.3027670603338629,0.8786368116084485,0.2731026909407227
29.10017704963684,0.0,-16.25680388561703,16.25680388561703,0.5758697512745856,0.3027670603338629,0.8786368116084485,0.2731026909407227
29.120198726654053,0.0,-16.239818108493623,16.239818108493623,0.5336526270210742,0.3727670603338629,0.906419687354937,0.16088556668721127
29.14024782180786,0.0,-16.226229486794896,16.226229486794896,0.5336526270210742,0.3727670603338629,0.906419687354937,0.16088556668721127
29.160217761993408,0.0,-16.21535858943592,16.21535858943592,0.5336526270210742,0.3727670603338629,0.906419687354937,0.16088556668721127
29.180205821990967,0.0,-16.206661871548736,16.206661871548736,0.5336526270210742,0.3727670603338629,0.906419687354937,0.16088556668721127
29.20020866394043,0.0,-16.206661871548736,16.206661871548736,0.5336526270210742,0.3727670603338629,0.906419687354937,0.16088556668721127
29.220205783843994,0.0,-16.19970449723899,16.19970449723899,0.5336526270210742,0.3727670603338629,0.906419687354937,0.16088556668721127
29.240201950073242,0.0,-16.19413859779119,16.19413859779119,0.5336526270210742,0.3727670603338629,0.906419687354937,0.16088556668721127
29.260205507278442,0.0,-16.189685878232954,16.189685878232954,0.5336526270210742,0.3727670603338629,0.906419687354937,0.16088556668721127
29.28020715713501,0.0,-16.168545577586364,16.168545577586364,0.5336526270210742,0.3727670603338629,0.906419687354937,0.16088556668721127
29.300358295440674,0.0,-16.011008337069093,16.011008337069093,0.5336526270210742,0.3727670603338629,0.906419687354937,0.16088556668721127
29.320274591445923,0.0,-15.726775419655276,15.726775419655276,0.6036526270210743,0.3124639087263495,0.9161165357474237,0.29118871829472476
29.340264320373535,0.0,-15.429076585724221,15.429076585724221,0.6036526270210743,0.3124639087263495,0.9161165357474237,0.29118871829472476
29.360265254974365,0.0,-15.190917518579381,15.190917518579381,0.6036526270210743,0.3124639087263495,0.9161165357474237,0.29118871829472476
29.38030433654785,0.0,-15.000390264863507,15.000390264863507,0.6036526270210743,0.3124639087263495,0.9161165357474237,0.29118871829472476
29.400293111801147,0.0,-14.847968461890806,14.847968461890806,0.6036526270210743,0.3124639087263495,0.9161165357474237,0.29118871829472476
29.420220375061035,0.0,-14.847968461890806,14.847968461890806,0.6036526270210743,0.3124639087263495,0.9161165357474237,0.29118871829472476
29.44019365310669,0.0,-14.726031019512645,14.726031019512645,0.6036526270210743,0.3124639087263495,0.9161165357474237,0.29118871829472476
29.460198163986206,0.0,-14.646059190610117,14.646059190610117,0.6036526270210743,0.3124639087263495,0.9161165357474237,0.29118871829472476
29.48017692565918,0.0,-14.582081727488093,14.582081727488093,0.6036526270210743,0.3124639087263495,0.9161165357474237,0.29118871829472476
29.500184535980225,0.0,-14.530899756990475,14.530899756990475,0.6036526270210743,0.3124639087263495,0.9161165357474237,0.29118871829472476
29.520180702209473,0.0,-14.489954180592383,14.489954180592383,0.6036526270210743,0.3124639087263495,0.9161165357474237,0.29118871829472476
29.54016661643982,0.0,-14.457197719473905,14.457197719473905,0.6036526270210743,0.3124639087263495,0.9161165357474237,0.29118871829472476
29.560177087783813,0.0,-14.430992550579125,14.430992550579125,0.6036526270210743,0.3124639087263495,0.9161165357474237,0.29118871829472476
29.58017063140869,0.0,-14.410028415463302,14.410028415463302,0.6036526270210743,0.3124639087263495,0.9161165357474237,0.29118871829472476
29.600175857543945,0.0,-14.393257107370642,14.393257107370642,0.6036526270210743,0.3124639087263495,0.9161165357474237,0.29118871829472476
29.620173454284668,0.0,-14.397418185896514,14.397418185896514,0.6036526270210743,0.3124639087263495,0.9161165357474237,0.29118871829472476
29.6401846408844,0.0,-14.397418185896514,14.397418185896514,0.6036526270210743,0.3124639087263495,0.9161165357474237,0.29118871829472476
29.660183429718018,0.0,-14.383168923717212,14.383168923717212,0.6036526270210743,0.3124639087263495,0.9161165357474237,0.29118871829472476
29.680182695388794,0.0,-14.389347638973769,14.389347638973769,0.6036526270210743,0.3124639087263495,0.9161165357474237,0.29118871829472476
29.700212717056274,0.0,-14.394290611179017,14.394290611179017,0.6036526270210743,0.3124639087263495,0.9161165357474237,0.29118871829472476
29.720215320587158,0.0,-14.380666863943215,14.380666863943215,0.6036526270210743,0.3124639087263495,0.9161165357474237,0.29118871829472476
29.740185260772705,0.0,-14.387345991154573,14.387345991154573,0.6036526270210743,0.3124639087263495,0.9161165357474237,0.29118871829472476
29.760252475738525,0.0,-14.39268929292366,14.39268929292366,0.6036526270210743,0.3124639087263495,0.9161165357474237,0.29118871829472476
29.780348539352417,0.0,-14.396963934338928,14.396963934338928,0.5336526270210742,0.24246390872634946,0.7761165357474237,0.2911887182947247
29.8002769947052,0.0,-14.400383647471141,14.400383647471141,0.5336526270210742,0.24246390872634946,0.7761165357474237,0.2911887182947247
29.820211172103882,0.0,-14.403119417976912,14.403119417976912,0.5336526270210742,0.24246390872634946,0.7761165357474237,0.2911887182947247
29.84017038345337,0.0,-14.40530803438153,14.40530803438153,0.5336526270210742,0.24246390872634946,0.7761165357474237,0.2911887182947247
29.860201597213745,0.0,-14.40530803438153,14.40530803438153,0.5336526270210742,0.24246390872634946,0.7761165357474237,0.2911887182947247
29.88018274307251,0.0,-14.407058927505222,14.407058927505222,0.5336526270210742,0.24246390872634946,0.7761165357474237,0.2911887182947247
29.900155067443848,0.0,-14.408459642004178,14.408459642004178,0.5336526270210742,0.24246390872634946,0.7761165357474237,0.2911887182947247
29.92015504837036,0.0,-14.409580213603343,14.409580213603343,0.5336526270210742,0.24246390872634946,0.7761165357474237,0.2911887182947247
29.940168857574463,0.0,-14.428054795882673,14.428054795882673,0.5336526270210742,0.24246390872634946,0.7761165357474237,0.2911887182947247
29.96015691757202,0.0,-14.44283446170614,14.44283446170614,0.5336526270210742,0.24246390872634946,0.7761165357474237,0.2911887182947247
29.980216026306152,0.0,-14.454658194364912,14.454658194364912,0.48334156826138486,0.28503146358765663,0.7683730318490415,0.19831010467372823
30.000218152999878,0.0,-14.48169530549193,14.48169530549193,0.48334156826138486,0.28503146358765663,0.7683730318490415,0.19831010467372823
30.020190954208374,0.0,-14.538481244393546,14.538481244393546,0.48334156826138486,0.28503146358765663,0.7683730318490415,0.19831010467372823
30.040189266204834,0.0,-14.619066245514837,14.619066245514837,0.48334156826138486,0.28503146358765663,0.7683730318490415,0.19831010467372823
30.060192823410034,0.0,-14.683534246411869,14.683534246411869,0.48334156826138486,0.28503146358765663,0.7683730318490415,0.19831010467372823
30.080187797546387,0.0,-14.683534246411869,14.683534246411869,0.48334156826138486,0.28503146358765663,0.7683730318490415,0.19831010467372823
30.10019016265869,0.0,-14.735108647129495,14.735108647129495,0.48334156826138486,0.28503146358765663,0.7683730318490415,0.19831010467372823
30.120172262191772,0.0,-14.793946292703598,14.793946292703598,0.48334156826138486,0.28503146358765663,0.7683730318490415,0.19831010467372823
30.140177011489868,0.0,-14.82343828416288,14.82343828416288,0.48334156826138486,0.28503146358765663,0.7683730318490415,0.19831010467372823
30.160165786743164,0.0,-14.847031877330306,14.847031877330306,0.48334156826138486,0.28503146358765663,0.7683730318490415,0.19831010467372823
30.180193185806274,0.0,-14.848328626864246,14.848328626864246,0.48334156826138486,0.28503146358765663,0.7683730318490415,0.19831010467372823
30.200191259384155,0.0,-14.849366026491397,14.849366026491397,0.4426056045293807,0.33904413842596115,0.7816497429553418,0.10356146610341954
30.220224857330322,0.0,-14.85019594619312,14.85019594619312,0.4426056045293807,0.33904413842596115,0.7816497429553418,0.10356146610341954
30.2402446269989,0.0,-14.850859881954499,14.850859881954499,0.4426056045293807,0.33904413842596115,0.7816497429553418,0.10356146610341954
30.260204553604126,0.0,-14.851391030563601,14.851391030563601,0.4426056045293807,0.33904413842596115,0.7816497429553418,0.10356146610341954
30.280194759368896,0.0,-14.851815949450883,14.851815949450883,0.4426056045293807,0.33904413842596115,0.7816497429553418,0.10356146610341954
30.300209999084473,0.0,-14.851815949450883,14.851815949450883,0.4426056045293807,0.33904413842596115,0.7816497429553418,0.10356146610341954
30.320197343826294,0.0,-14.834577759560705,14.834577759560705,0.4426056045293807,0.33904413842596115,0.7816497429553418,0.10356146610341954
30.340201377868652,0.0,-14.785630957648564,14.785630957648564,0.4426056045293807,0.33904413842596115,0.7816497429553418,0.10356146610341954
30.36021113395691,0.0,-14.676161016118854,14.676161016118854,0.4426056045293807,0.33904413842596115,0.7816497429553418,0.10356146610341954
30.38020634651184,0.0,-14.483116312895083,14.483116312895083,0.4426056045293807,0.33904413842596115,0.7816497429553418,0.10356146610341954
30.400179862976074,0.0,-14.223211800316069,14.223211800316069,0.4426056045293807,0.33904413842596115,0.7816497429553418,0.10356146610341954
30.42018151283264,0.0,-13.909819440252855,13.909819440252855,0.4426056045293807,0.33904413842596115,0.7816497429553418,0.10356146610341954
30.440181016921997,0.0,-13.641527427202286,13.641527427202286,0.3726056045293807,0.2821646403614432,0.6547702448908239,0.09044096416793751
30.46025538444519,0.0,-13.426893816761831,13.426893816761831,0.3726056045293807,0.2821646403614432,0.6547702448908239,0.09044096416793751
30.48028326034546,0.0,-13.255186928409467,13.255186928409467,0.3726056045293807,0.2821646403614432,0.6547702448908239,0.09044096416793751
30.500300407409668,0.0,-13.117821417727574,13.117821417727574,0.3726056045293807,0.2821646403614432,0.6547702448908239,0.09044096416793751
30.520272970199585,0.0,-13.117821417727574,13.117821417727574,0.3726056045293807,0.2821646403614432,0.6547702448908239,0.09044096416793751
30.540217876434326,0.0,-12.99035088418206,12.99035088418206,0.3726056045293807,0.2821646403614432,0.6547702448908239,0.09044096416793751
30.560158014297485,0.0,-12.870796332345648,12.870796332345648,0.3726056045293807,0.2821646403614432,0.6547702448908239,0.09044096416793751
30.580159664154053,0.0,-12.775152690876519,12.775152690876519,0.3726056045293807,0.2821646403614432,0.6547702448908239,0.09044096416793751
30.600147247314453,0.0,-12.698637777701217,12.698637777701217,0.3726056045293807,0.2821646403614432,0.6547702448908239,0.09044096416793751
30.62016797065735,0.0,-12.637425847160975,12.637425847160975,0.3726056045293807,0.2821646403614432,0.6547702448908239,0.09044096416793751
30.640161514282227,0.0,-12.58845630272878,12.58845630272878,0.3726056045293807,0.2821646403614432,0.6547702448908239,0.09044096416793751
30.660147428512573,0.0,-12.549280667183025,12.549280667183025,0.3726056045293807,0.2821646403614432,0.6547702448908239,0.09044096416793751
30.68014669418335,0.0,-12.517940158746422,12.517940158746422,0.3726056045293807,0.2821646403614432,0.6547702448908239,0.09044096416793751
30.70015287399292,0.0,-12.492867751997139,12.492867751997139,0.3726056045293807,0.2821646403614432,0.6547702448908239,0.09044096416793751
30.720178604125977,0.0,-12.472809826597713,12.472809826597713,0.3726056045293807,0.2821646403614432,0.6547702448908239,0.09044096416793751
30.74016046524048,0.0,-12.472809826597713,12.472809826597713,0.3726056045293807,0.2821646403614432,0.6547702448908239,0.09044096416793751
30.760149240493774,0.0,-12.45676348627817,12.45676348627817,0.3726056045293807,0.2821646403614432,0.6547702448908239,0.09044096416793751
30.780165195465088,0.0,-12.443926414022537,12.443926414022537,0.3726056045293807,0.2821646403614432,0.6547702448908239,0.09044096416793751
30.800166130065918,0.0,-12.43365675621803,12.43365675621803,0.3726056045293807,0.2821646403614432,0.6547702448908239,0.09044096416793751
30.820159912109375,0.0,-12.425441029974426,12.425441029974426,0.3726056045293807,0.2821646403614432,0.6547702448908239,0.09044096416793751
30.840174913406372,0.0,-12.418868448979541,12.418868448979541,0.3726056045293807,0.2821646403614432,0.6547702448908239,0.09044096416793751
30.860172986984253,0.0,-12.413610384183634,12.413610384183634,0.3726056045293807,0.2821646403614432,0.6547702448908239,0.09044096416793751
30.88017177581787,0.0,-12.409403932346908,12.409403932346908,0.3726056045293807,0.2821646403614432,0.6547702448908239,0.09044096416793751
30.900171756744385,0.0,-12.40603877087753,12.40603877087753,0.4426056045293807,0.3521646403614432,0.7947702448908238,0.09044096416793751
30.9202139377594,0.0,-12.403346641702024,12.403346641702024,0.4426056045293807,0.3521646403614432,0.7947702448908238,0.09044096416793751
30.94018292427063,0.0,-12.40119293836162,12.40119293836162,0.4426056045293807,0.3521646403614432,0.7947702448908238,0.09044096416793751
30.960161447525024,0.0,-12.40119293836162,12.40119293836162,0.4426056045293807,0.3521646403614432,0.7947702448908238,0.09044096416793751
30.98015332221985,0.0,-12.399469975689296,12.399469975689296,0.4426056045293807,0.3521646403614432,0.7947702448908238,0.09044096416793751
31.000149965286255,0.0,-12.39809160555144,12.39809160555144,0.4426056045293807,0.3521646403614432,0.7947702448908238,0.09044096416793751
31.020146131515503,0.0,-12.396988909441152,12.396988909441152,0.4426056045293807,0.3521646403614432,0.7947702448908238,0.09044096416793751
31.04016947746277,0.0,-12.378528627552923,12.378528627552923,0.4426056045293807,0.3521646403614432,0.7947702448908238,0.09044096416793751
31.06015658378601,0.0,-12.258291652042338,12.258291652042338,0.4426056045293807,0.3521646403614432,0.7947702448908238,0.09044096416793751
31.080158233642578,0.0,-12.056633321633871,12.056633321633871,0.4426056045293807,0.3521646403614432,0.7947702448908238,0.09044096416793751
31.100157737731934,0.0,-11.824994157307097,11.824994157307097,0.4383795807324349,0.2857403599563986,0.7241199406888335,0.15263922077603626
31.120209217071533,0.0,-11.62210470084568,11.62210470084568,0.4383795807324349,0.2857403599563986,0.7241199406888335,0.15263922077603626
31.140201330184937,0.0,-11.459793135676545,11.459793135676545,0.4383795807324349,0.2857403599563986,0.7241199406888335,0.15263922077603626
31.160165786743164,0.0,-11.329943883541237,11.329943883541237,0.4383795807324349,0.2857403599563986,0.7241199406888335,0.15263922077603626
31.180155038833618,0.0,-11.329943883541237,11.329943883541237,0.4383795807324349,0.2857403599563986,0.7241199406888335,0.15263922077603626
31.200156211853027,0.0,-11.22606448183299,11.22606448183299,0.4383795807324349,0.2857403599563986,0.7241199406888335,0.15263922077603626
31.220168352127075,0.0,-11.142960960466393,11.142960960466393,0.4383795807324349,0.2857403599563986,0.7241199406888335,0.15263922077603626
31.240164518356323,0.0,-11.076478143373114,11.076478143373114,0.4383795807324349,0.2857403599563986,0.7241199406888335,0.15263922077603626
31.26016139984131,0.0,-11.040870014698491,11.040870014698491,0.4383795807324349,0.2857403599563986,0.7241199406888335,0.15263922077603626
31.28016209602356,0.0,-11.012383511758793,11.012383511758793,0.4383795807324349,0.2857403599563986,0.7241199406888335,0.15263922077603626
31.300189971923828,0.0,-10.989594309407035,10.989594309407035,0.4675854636542498,0.21574035995639862,0.6833258236106484,0.2518451036978512
31.320244312286377,0.0,-10.971362947525629,10.971362947525629,0.4675854636542498,0.21574035995639862,0.6833258236106484,0.2518451036978512
31.340242385864258,0.0,-10.956777858020502,10.956777858020502,0.4675854636542498,0.21574035995639862,0.6833258236106484,0.2518451036978512
31.360224962234497,0.0,-10.9451097864164,10.9451097864164,0.4675854636542498,0.21574035995639862,0.6833258236106484,0.2518451036978512
31.380197525024414,0.0,-10.953353454133122,10.953353454133122,0.4675854636542498,0.21574035995639862,0.6833258236106484,0.2518451036978512
31.400174379348755,0.0,-10.953353454133122,10.953353454133122,0.4675854636542498,0.21574035995639862,0.6833258236106484,0.2518451036978512
31.42017698287964,0.0,-10.977526513306499,10.977526513306499,0.4675854636542498,0.21574035995639862,0.6833258236106484,0.2518451036978512
31.440154552459717,0.0,-11.084755585645201,11.084755585645201,0.4675854636542498,0.21574035995639862,0.6833258236106484,0.2518451036978512
31.460182905197144,0.0,-11.276007593516162,11.276007593516162,0.4675854636542498,0.21574035995639862,0.6833258236106484,0.2518451036978512
31.48018503189087,0.0,-11.51689982481293,11.51689982481293,0.4675854636542498,0.21574035995639862,0.6833258236106484,0.2518451036978512
31.500192642211914,0.0,-11.762347984850344,11.762347984850344,0.5375854636542499,0.1457403599563986,0.6833258236106485,0.39184510369785125
31.520201444625854,0.0,-11.993862762880275,11.993862762880275,0.5375854636542499,0.1457403599563986,0.6833258236106485,0.39184510369785125
31.540192127227783,0.0,-12.231808960304221,12.231808960304221,0.5375854636542499,0.1457403599563986,0.6833258236106485,0.39184510369785125
31.560188055038452,0.0,-12.45732216824338,12.45732216824338,0.5375854636542499,0.1457403599563986,0.6833258236106485,0.39184510369785125
31.580193996429443,0.0,-12.672888984594703,12.672888984594703,0.5375854636542499,0.1457403599563986,0.6833258236106485,0.39184510369785125
31.60019588470459,0.0,-12.968389312675763,12.968389312675763,0.5375854636542499,0.1457403599563986,0.6833258236106485,0.39184510369785125
31.620189905166626,0.0,-12.968389312675763,12.968389312675763,0.5375854636542499,0.1457403599563986,0.6833258236106485,0.39184510369785125
31.640183925628662,0.0,-13.398148950140609,13.398148950140609,0.5375854636542499,0.1457403599563986,0.6833258236106485,0.39184510369785125
31.660183429718018,0.0,-13.97047228511249,13.97047228511249,0.5375854636542499,0.1457403599563986,0.6833258236106485,0.39184510369785125
31.68017840385437,0.0,-14.604112203089992,14.604112203089992,0.5375854636542499,0.1457403599563986,0.6833258236106485,0.39184510369785125
31.700187921524048,0.0,-15.251649137471995,15.251649137471995,0.4675854636542499,0.0757403599563986,0.5433258236106485,0.3918451036978513
31.72019124031067,0.0,-15.857569309977595,15.857569309977595,0.4675854636542499,0.0757403599563986,0.5433258236106485,0.3918451036978513
31.740183353424072,0.0,-16.447774197982078,16.447774197982078,0.4675854636542499,0.0757403599563986,0.5433258236106485,0.3918451036978513
31.760192155838013,0.0,-17.04298498338566,17.04298498338566,0.4675854636542499,0.0757403599563986,0.5433258236106485,0.3918451036978513
31.780192136764526,0.0,-17.642200486708532,17.642200486708532,0.4675854636542499,0.0757403599563986,0.5433258236106485,0.3918451036978513
31.80021047592163,0.0,-18.244619764366828,18.244619764366828,0.4675854636542499,0.0757403599563986,0.5433258236106485,0.3918451036978513
31.82017183303833,0.0,-18.849602061493464,18.849602061493464,0.4675854636542499,0.0757403599563986,0.5433258236106485,0.3918451036978513
31.840155839920044,0.0,-18.849602061493464,18.849602061493464,0.4675854636542499,0.0757403599563986,0.5433258236106485,0.3918451036978513
31.860159873962402,0.0,-19.421478524194768,19.421478524194768,0.4675854636542499,0.0757403599563986,0.5433258236106485,0.3918451036978513
31.8802011013031,0.0,-19.949292194355817,19.949292194355817,0.4611305120587348,0.1457403599563986,0.6068708720151335,0.3153901521023362
31.900216817855835,0.0,-20.406699380484653,20.406699380484653,0.4611305120587348,0.1457403599563986,0.6068708720151335,0.3153901521023362
31.92020273208618,0.0,-20.825359504387723,20.825359504387723,0.4611305120587348,0.1457403599563986,0.6068708720151335,0.3153901521023362
31.94018840789795,0.0,-21.21302197851018,21.21302197851018,0.4611305120587348,0.1457403599563986,0.6068708720151335,0.3153901521023362
31.960186004638672,0.0,-21.593464457808146,21.593464457808146,0.4611305120587348,0.1457403599563986,0.6068708720151335,0.3153901521023362
31.98018789291382,0.0,-21.89781844124652,21.89781844124652,0.4611305120587348,0.1457403599563986,0.6068708720151335,0.3153901521023362
32.0001916885376,0.0,-22.123723502997223,22.123723502997223,0.4611305120587348,0.1457403599563986,0.6068708720151335,0.3153901521023362
32.020195960998535,0.0,-22.28686942739778,22.28686942739778,0.4611305120587348,0.1457403599563986,0.6068708720151335,0.3153901521023362
32.04018974304199,0.0,-22.399808041918224,22.399808041918224,0.4611305120587348,0.1457403599563986,0.6068708720151335,0.3153901521023362
32.06017446517944,0.0,-22.399808041918224,22.399808041918224,0.4611305120587348,0.1457403599563986,0.6068708720151335,0.3153901521023362
32.080179929733276,0.0,-22.47258080853458,22.47258080853458,0.4139988619089126,0.16553361893631519,0.5795324808452278,0.24846524297259742
32.100231409072876,0.0,-22.49564277182767,22.49564277182767,0.4139988619089126,0.16553361893631519,0.5795324808452278,0.24846524297259742
32.12021279335022,0.0,-22.46135796746214,22.46135796746214,0.4139988619089126,0.16553361893631519,0.5795324808452278,0.24846524297259742
32.140190839767456,0.0,-22.416351998969713,22.416351998969713,0.4139988619089126,0.16553361893631519,0.5795324808452278,0.24846524297259742
32.160189390182495,0.0,-22.39792534917577,22.39792534917577,0.4139988619089126,0.16553361893631519,0.5795324808452278,0.24846524297259742
32.18018984794617,0.0,-22.38318402934062,22.38318402934062,0.4139988619089126,0.16553361893631519,0.5795324808452278,0.24846524297259742
32.20018744468689,0.0,-22.371390973472497,22.371390973472497,0.4139988619089126,0.16553361893631519,0.5795324808452278,0.24846524297259742
32.22019577026367,0.0,-22.309222153778,22.309222153778,0.4139988619089126,0.16553361893631519,0.5795324808452278,0.24846524297259742
32.240187883377075,0.0,-22.189174598022397,22.189174598022397,0.4139988619089126,0.16553361893631519,0.5795324808452278,0.24846524297259742
32.26018023490906,0.0,-22.022824053417917,22.022824053417917,0.4139988619089126,0.16553361893631519,0.5795324808452278,0.24846524297259742
32.28019142150879,0.0,-22.022824053417917,22.022824053417917,0.36767571523785586,0.23553361893631522,0.6032093341741711,0.13214209630154064
32.30020594596863,0.0,-21.872165492734336,21.872165492734336,0.36767571523785586,0.23553361893631522,0.6032093341741711,0.13214209630154064
32.32019114494324,0.0,-21.751638644187473,21.751638644187473,0.36767571523785586,0.23553361893631522,0.6032093341741711,0.13214209630154064
32.34019088745117,0.0,-21.637639040349978,21.637639040349978,0.36767571523785586,0.23553361893631522,0.6032093341741711,0.13214209630154064
32.360185623168945,0.0,-21.511283107279983,21.511283107279983,0.36767571523785586,0.23553361893631522,0.6032093341741711,0.13214209630154064
32.380191802978516,0.0,-21.304729610823987,21.304729610823987,0.36767571523785586,0.23553361893631522,0.6032093341741711,0.13214209630154064
32.40018844604492,0.0,-20.928549313659193,20.928549313659193,0.36767571523785586,0.23553361893631522,0.6032093341741711,0.13214209630154064
32.42018413543701,0.0,-20.328776950927356,20.328776950927356,0.36767571523785586,0.23553361893631522,0.6032093341741711,0.13214209630154064
32.44018244743347,0.0,-19.620443435741883,19.620443435741883,0.36767571523785586,0.23553361893631522,0.6032093341741711,0.13214209630154064
32.46016478538513,0.0,-18.842839123593507,18.842839123593507,0.43767571523785587,0.16553361893631519,0.6032093341741711,0.2721420963015407
32.480220794677734,0.0,-18.06255254887481,18.06255254887481,0.43767571523785587,0.16553361893631519,0.6032093341741711,0.2721420963015407
32.500279664993286,0.0,-18.06255254887481,18.06255254887481,0.43767571523785587,0.16553361893631519,0.6032093341741711,0.2721420963015407
32.520312786102295,0.0,-17.350432664099845,17.350432664099845,0.43767571523785587,0.16553361893631519,0.6032093341741711,0.2721420963015407
32.5403151512146,0.0,-16.798314881279875,16.798314881279875,0.43767571523785587,0.16553361893631519,0.6032093341741711,0.2721420963015407
32.56029152870178,0.0,-16.356620655023903,16.356620655023903,0.43767571523785587,0.16553361893631519,0.6032093341741711,0.2721420963015407
32.580206632614136,0.0,-16.003265274019125,16.003265274019125,0.43767571523785587,0.16553361893631519,0.6032093341741711,0.2721420963015407
32.60015535354614,0.0,-15.7205809692153,15.7205809692153,0.43767571523785587,0.16553361893631519,0.6032093341741711,0.2721420963015407
32.62014579772949,0.0,-15.51201165037224,15.51201165037224,0.43767571523785587,0.16553361893631519,0.6032093341741711,0.2721420963015407
32.64015460014343,0.0,-15.345156195297793,15.345156195297793,0.43767571523785587,0.16553361893631519,0.6032093341741711,0.2721420963015407
32.66015148162842,0.0,-15.229249956238235,15.229249956238235,0.43767571523785587,0.16553361893631519,0.6032093341741711,0.2721420963015407
32.6801495552063,0.0,-15.189259339990588,15.189259339990588,0.43767571523785587,0.16553361893631519,0.6032093341741711,0.2721420963015407
32.70014762878418,0.0,-15.31546997199247,15.31546997199247,0.43767571523785587,0.16553361893631519,0.6032093341741711,0.2721420963015407
32.72032165527344,0.0,-15.31546997199247,15.31546997199247,0.43767571523785587,0.16553361893631519,0.6032093341741711,0.2721420963015407
32.74021911621094,0.0,-15.557063477593978,15.557063477593978,0.43767571523785587,0.16553361893631519,0.6032093341741711,0.2721420963015407
32.76018404960632,0.0,-15.838228907075182,15.838228907075182,0.43767571523785587,0.16553361893631519,0.6032093341741711,0.2721420963015407
32.780160903930664,0.0,-16.115895625660148,16.115895625660148,0.43767571523785587,0.16553361893631519,0.6032093341741711,0.2721420963015407
32.80015325546265,0.0,-16.373185250528117,16.373185250528117,0.43767571523785587,0.16553361893631519,0.6032093341741711,0.2721420963015407
32.820157051086426,0.0,-16.596595075422496,16.596595075422496,0.43767571523785587,0.16553361893631519,0.6032093341741711,0.2721420963015407
32.84014940261841,0.0,-16.775322935338,16.775322935338,0.43767571523785587,0.16553361893631519,0.6032093341741711,0.2721420963015407
32.86017322540283,0.0,-16.9183052232704,16.9183052232704,0.43767571523785587,0.16553361893631519,0.6032093341741711,0.2721420963015407
32.880175828933716,0.0,-17.032691053616322,17.032691053616322,0.36767571523785586,0.1830745003465563,0.5507502155844122,0.18460121489129955
32.9002366065979,0.0,-17.12419971789306,17.12419971789306,0.36767571523785586,0.1830745003465563,0.5507502155844122,0.18460121489129955
32.92024803161621,0.0,-17.19740664931445,17.19740664931445,0.36767571523785586,0.1830745003465563,0.5507502155844122,0.18460121489129955
32.9402801990509,0.0,-17.19740664931445,17.19740664931445,0.36767571523785586,0.1830745003465563,0.5507502155844122,0.18460121489129955
32.96024537086487,0.0,-17.25597219445156,17.25597219445156,0.36767571523785586,0.1830745003465563,0.5507502155844122,0.18460121489129955
32.980284452438354,0.0,-17.302824630561247,17.302824630561247,0.36767571523785586,0.1830745003465563,0.5507502155844122,0.18460121489129955
33.00031852722168,0.0,-17.357884704449,17.357884704449,0.36767571523785586,0.1830745003465563,0.5507502155844122,0.18460121489129955
33.02022886276245,0.0,-17.4019327635592,17.4019327635592,0.36767571523785586,0.1830745003465563,0.5507502155844122,0.18460121489129955
33.040159463882446,0.0,-17.43717121084736,17.43717121084736,0.36767571523785586,0.1830745003465563,0.5507502155844122,0.18460121489129955
33.06013751029968,0.0,-17.46536196867789,17.46536196867789,0.36767571523785586,0.1830745003465563,0.5507502155844122,0.18460121489129955
33.08013963699341,0.0,-17.470336449942316,17.470336449942316,0.36767571523785586,0.1830745003465563,0.5507502155844122,0.18460121489129955
33.10014009475708,0.0,-17.474316034953855,17.474316034953855,0.36767571523785586,0.1830745003465563,0.5507502155844122,0.18460121489129955
33.1201446056366,0.0,-17.477499702963083,17.477499702963083,0.36767571523785586,0.1830745003465563,0.5507502155844122,0.18460121489129955
33.140137672424316,0.0,-17.46246851237047,17.46246851237047,0.36767571523785586,0.1830745003465563,0.5507502155844122,0.18460121489129955
33.160135984420776,0.0,-17.46246851237047,17.46246851237047,0.36767571523785586,0.1830745003465563,0.5507502155844122,0.18460121489129955
33.18014574050903,0.0,-17.450443559896378,17.450443559896378,0.36767571523785586,0.1830745003465563,0.5507502155844122,0.18460121489129955
33.200143337249756,0.0,-17.458401722917106,17.458401722917106,0.36767571523785586,0.1830745003465563,0.5507502155844122,0.18460121489129955
33.220149993896484,0.0,-17.447190128333688,17.447190128333688,0.36767571523785586,0.1830745003465563,0.5507502155844122,0.18460121489129955
33.2401556968689,0.0,-17.45579897766695,17.45579897766695,0.36767571523785586,0.1830745003465563,0.5507502155844122,0.18460121489129955
33.26014494895935,0.0,-17.445107932133563,17.445107932133563,0.36767571523785586,0.1830745003465563,0.5507502155844122,0.18460121489129955
33.280149698257446,0.0,-17.454133220706854,17.454133220706854,0.36767571523785586,0.1830745003465563,0.5507502155844122,0.18460121489129955
33.300169229507446,0.0,-17.461353451565483,17.461353451565483,0.29767571523785585,0.1530796326044947,0.45075534784235055,0.14459608263336116
33.320188999176025,0.0,-17.449551511252388,17.449551511252388,0.29767571523785585,0.1530796326044947,0.45075534784235055,0.14459608263336116
33.340179443359375,0.0,-17.457688084001912,17.457688084001912,0.29767571523785585,0.1530796326044947,0.45075534784235055,0.14459608263336116
33.360148668289185,0.0,-17.46419734220153,17.46419734220153,0.29767571523785585,0.1530796326044947,0.45075534784235055,0.14459608263336116
33.380165576934814,0.0,-17.46419734220153,17.46419734220153,0.29767571523785585,0.1530796326044947,0.45075534784235055,0.14459608263336116
33.400155782699585,0.0,-17.469404748761225,17.469404748761225,0.29767571523785585,0.1530796326044947,0.45075534784235055,0.14459608263336116
33.42013645172119,0.0,-17.491148799008982,17.491148799008982,0.29767571523785585,0.1530796326044947,0.45075534784235055,0.14459608263336116
33.44013166427612,0.0,-17.508544039207187,17.508544039207187,0.29767571523785585,0.1530796326044947,0.45075534784235055,0.14459608263336116
33.4601366519928,0.0,-17.54003835636575,17.54003835636575,0.29767571523785585,0.1530796326044947,0.45075534784235055,0.14459608263336116
33.48013257980347,0.0,-17.565233810092604,17.565233810092604,0.29767571523785585,0.1530796326044947,0.45075534784235055,0.14459608263336116
33.50013613700867,0.0,-17.585390173074085,17.585390173074085,0.29767571523785585,0.1530796326044947,0.45075534784235055,0.14459608263336116
33.52013683319092,0.0,-17.566359013459266,17.566359013459266,0.29767571523785585,0.1530796326044947,0.45075534784235055,0.14459608263336116
33.540135622024536,0.0,-17.551134085767416,17.551134085767416,0.29767571523785585,0.1530796326044947,0.45075534784235055,0.14459608263336116
33.560138463974,0.0,-17.538954143613935,17.538954143613935,0.29767571523785585,0.1530796326044947,0.45075534784235055,0.14459608263336116
33.58013725280762,0.0,-17.52921018989115,17.52921018989115,0.29767571523785585,0.1530796326044947,0.45075534784235055,0.14459608263336116
33.60015916824341,0.0,-17.52921018989115,17.52921018989115,0.29767571523785585,0.1530796326044947,0.45075534784235055,0.14459608263336116
33.62019371986389,0.0,-17.52141502691292,17.52141502691292,0.24485794961452476,0.2230796326044947,0.4679375822190195,0.02177831701003005
33.64018225669861,0.0,-17.515178896530337,17.515178896530337,0.24485794961452476,0.2230796326044947,0.4679375822190195,0.02177831701003005
33.66022801399231,0.0,-17.510189992224273,17.510189992224273,0.24485794961452476,0.2230796326044947,0.4679375822190195,0.02177831701003005
33.68024682998657,0.0,-17.506198868779418,17.506198868779418,0.24485794961452476,0.2230796326044947,0.4679375822190195,0.02177831701003005
33.70024108886719,0.0,-17.503005970023537,17.503005970023537,0.24485794961452476,0.2230796326044947,0.4679375822190195,0.02177831701003005
33.720173597335815,0.0,-17.50045165101883,17.50045165101883,0.24485794961452476,0.2230796326044947,0.4679375822190195,0.02177831701003005
33.7401397228241,0.0,-17.392939445815067,17.392939445815067,0.24485794961452476,0.2230796326044947,0.4679375822190195,0.02177831701003005
33.76013231277466,0.0,-17.025679681652054,17.025679681652054,0.24485794961452476,0.2230796326044947,0.4679375822190195,0.02177831701003005
33.780131816864014,0.0,-16.345153120321644,16.345153120321644,0.24485794961452476,0.2230796326044947,0.4679375822190195,0.02177831701003005
33.80013418197632,0.0,-15.431591246257316,15.431591246257316,0.24485794961452476,0.2230796326044947,0.4679375822190195,0.02177831701003005
33.82013154029846,0.0,-15.431591246257316,15.431591246257316,0.24485794961452476,0.2230796326044947,0.4679375822190195,0.02177831701003005
33.8401358127594,0.0,-14.419491747005852,14.419491747005852,0.24485794961452476,0.2230796326044947,0.4679375822190195,0.02177831701003005
33.860132694244385,0.0,-13.451609022604684,13.451609022604684,0.24485794961452476,0.2230796326044947,0.4679375822190195,0.02177831701003005
33.8801429271698,0.0,-12.536677843083746,12.536677843083746,0.24485794961452476,0.2230796326044947,0.4679375822190195,0.02177831701003005
33.90014171600342,0.0,-11.734420399466998,11.734420399466998,0.24485794961452476,0.2230796326044947,0.4679375822190195,0.02177831701003005
33.920135736465454,0.0,-11.0926144445736,11.0926144445736,0.24485794961452476,0.2230796326044947,0.4679375822190195,0.02177831701003005
33.94013595581055,0.0,-10.579169680658882,10.579169680658882,0.24485794961452476,0.2230796326044947,0.4679375822190195,0.02177831701003005
33.96013689041138,0.0,-10.168413869527106,10.168413869527106,0.24485794961452476,0.2230796326044947,0.4679375822190195,0.02177831701003005
33.980143308639526,0.0,-9.839809220621685,9.839809220621685,0.24485794961452476,0.2230796326044947,0.4679375822190195,0.02177831701003005
34.00015306472778,0.0,-9.57692550149735,9.57692550149735,0.24485794961452476,0.2230796326044947,0.4679375822190195,0.02177831701003005
34.02014636993408,0.0,-9.366618526197879,9.366618526197879,0.3148579496145248,0.2930796326044947,0.6079375822190195,0.02177831701003008
34.040220975875854,0.0,-9.366618526197879,9.366618526197879,0.3148579496145248,0.2930796326044947,0.6079375822190195,0.02177831701003008
34.06023812294006,0.0,-9.198372945958303,9.198372945958303,0.3148579496145248,0.2930796326044947,0.6079375822190195,0.02177831701003008
34.0801842212677,0.0,-9.081354606766643,9.081354606766643,0.3148579496145248,0.2930796326044947,0.6079375822190195,0.02177831701003008
34.100175857543945,0.0,-8.987739935413314,8.987739935413314,0.3148579496145248,0.2930796326044947,0.6079375822190195,0.02177831701003008
34.12017464637756,0.0,-8.912848198330652,8.912848198330652,0.3148579496145248,0.2930796326044947,0.6079375822190195,0.02177831701003008
34.14017295837402,0.0,-8.835356683664521,8.835356683664521,0.3148579496145248,0.2930796326044947,0.6079375822190195,0.02177831701003008
34.160178661346436,0.0,-8.773363471931617,8.773363471931617,0.3148579496145248,0.2930796326044947,0.6079375822190195,0.02177831701003008
34.18017077445984,0.0,-8.671034527545293,8.671034527545293,0.3148579496145248,0.2930796326044947,0.6079375822190195,0.02177831701003008
34.20016694068909,0.0,-8.518858872036235,8.518858872036235,0.3148579496145248,0.2930796326044947,0.6079375822190195,0.02177831701003008
34.22023344039917,0.0,-8.36196209762899,8.36196209762899,0.3848579496145248,0.2230796326044947,0.6079375822190195,0.1617783170100301
34.24020266532898,0.0,-8.218866553103194,8.218866553103194,0.3848579496145248,0.2230796326044947,0.6079375822190195,0.1617783170100301
34.260173082351685,0.0,-8.218866553103194,8.218866553103194,0.3848579496145248,0.2230796326044947,0.6079375822190195,0.1617783170100301
34.280173778533936,0.0,-8.104390117482556,8.104390117482556,0.3848579496145248,0.2230796326044947,0.6079375822190195,0.1617783170100301
34.30018377304077,0.0,-8.030387093986045,8.030387093986045,0.3848579496145248,0.2230796326044947,0.6079375822190195,0.1617783170100301
34.3202121257782,0.0,-7.9711846751888356,7.9711846751888356,0.3848579496145248,0.2230796326044947,0.6079375822190195,0.1617783170100301
34.34018015861511,0.0,-7.923822740151069,7.923822740151069,0.3848579496145248,0.2230796326044947,0.6079375822190195,0.1617783170100301
34.36018633842468,0.0,-7.885933192120856,7.885933192120856,0.3848579496145248,0.2230796326044947,0.6079375822190195,0.1617783170100301
34.380168199539185,0.0,-7.873199678696685,7.873199678696685,0.3848579496145248,0.2230796326044947,0.6079375822190195,0.1617783170100301
34.40022110939026,0.0,-7.968481617957349,7.968481617957349,0.3678963135927915,0.1967136446479708,0.5646099582407623,0.1711826689448207
34.4202036857605,0.0,-8.22048841936588,8.22048841936588,0.3678963135927915,0.1967136446479708,0.5646099582407623,0.1711826689448207
34.440181493759155,0.0,-8.562718860492703,8.562718860492703,0.3678963135927915,0.1967136446479708,0.5646099582407623,0.1711826689448207
34.46018433570862,0.0,-8.889237588394163,8.889237588394163,0.3678963135927915,0.1967136446479708,0.5646099582407623,0.1711826689448207
34.4801766872406,0.0,-8.889237588394163,8.889237588394163,0.3678963135927915,0.1967136446479708,0.5646099582407623,0.1711826689448207
34.50017595291138,0.0,-9.168030695715329,9.168030695715329,0.3678963135927915,0.1967136446479708,0.5646099582407623,0.1711826689448207
34.52017307281494,0.0,-9.461377681572264,9.461377681572264,0.3678963135927915,0.1967136446479708,0.5646099582407623,0.1711826689448207
34.54017210006714,0.0,-9.801524020257814,9.801524020257814,0.3678963135927915,0.1967136446479708,0.5646099582407623,0.1711826689448207
34.560221433639526,0.0,-10.14395359120625,10.14395359120625,0.3678963135927915,0.1967136446479708,0.5646099582407623,0.1711826689448207
34.58019781112671,0.0,-10.435475372965,10.435475372965,0.4378963135927915,0.14214743264950813,0.5800437462422996,0.2957488809432834
34.600181341171265,0.0,-10.668692798372001,10.668692798372001,0.4378963135927915,0.14214743264950813,0.5800437462422996,0.2957488809432834
34.62018585205078,0.0,-10.855266738697601,10.855266738697601,0.4378963135927915,0.14214743264950813,0.5800437462422996,0.2957488809432834
34.64016318321228,0.0,-11.004525890958082,11.004525890958082,0.4378963135927915,0.14214743264950813,0.5800437462422996,0.2957488809432834
34.660181760787964,0.0,-11.141511337766465,11.141511337766465,0.4378963135927915,0.14214743264950813,0.5800437462422996,0.2957488809432834
34.68020558357239,0.0,-11.321412195213172,11.321412195213172,0.4378963135927915,0.14214743264950813,0.5800437462422996,0.2957488809432834
34.700169801712036,0.0,-11.321412195213172,11.321412195213172,0.4378963135927915,0.14214743264950813,0.5800437462422996,0.2957488809432834
34.72015905380249,0.0,-11.58837975617054,11.58837975617054,0.4378963135927915,0.14214743264950813,0.5800437462422996,0.2957488809432834
34.74015474319458,0.0,-11.977735054936433,11.977735054936433,0.4378963135927915,0.14214743264950813,0.5800437462422996,0.2957488809432834
34.760157108306885,0.0,-12.482578668949149,12.482578668949149,0.4378963135927915,0.14214743264950813,0.5800437462422996,0.2957488809432834
34.78016018867493,0.0,-13.04465668515932,13.04465668515932,0.4378963135927915,0.14214743264950813,0.5800437462422996,0.2957488809432834
34.80015182495117,0.0,-13.617365973127455,13.617365973127455,0.4378963135927915,0.14214743264950813,0.5800437462422996,0.2957488809432834
34.82015585899353,0.0,-14.198580278501966,14.198580278501966,0.4378963135927915,0.14214743264950813,0.5800437462422996,0.2957488809432834
34.84015393257141,0.0,-14.786598597801573,14.786598597801573,0.4378963135927915,0.14214743264950813,0.5800437462422996,0.2957488809432834
34.86015844345093,0.0,-15.380060128241258,15.380060128241258,0.4378963135927915,0.14214743264950813,0.5800437462422996,0.2957488809432834
34.88015580177307,0.0,-15.88998560259301,15.88998560259301,0.4378963135927915,0.14214743264950813,0.5800437462422996,0.2957488809432834
34.9001350402832,0.0,-16.315504107074407,16.315504107074407,0.4378963135927915,0.14214743264950813,0.5800437462422996,0.2957488809432834
34.92014479637146,0.0,-16.315504107074407,16.315504107074407,0.480179703310132,0.21214743264950814,0.6923271359596401,0.26803227066062385
34.94018745422363,0.0,-16.65591891065953,16.65591891065953,0.480179703310132,0.21214743264950814,0.6923271359596401,0.26803227066062385
34.96026587486267,0.0,-16.928250753527625,16.928250753527625,0.480179703310132,0.21214743264950814,0.6923271359596401,0.26803227066062385
34.98027014732361,0.0,-17.146116227822098,17.146116227822098,0.480179703310132,0.21214743264950814,0.6923271359596401,0.26803227066062385
35.000202894210815,0.0,-17.32040860725768,17.32040860725768,0.480179703310132,0.21214743264950814,0.6923271359596401,0.26803227066062385
35.02015566825867,0.0,-17.442264385806144,17.442264385806144,0.480179703310132,0.21214743264950814,0.6923271359596401,0.26803227066062385
35.04013967514038,0.0,-17.539749008644915,17.539749008644915,0.480179703310132,0.21214743264950814,0.6923271359596401,0.26803227066062385
35.06013488769531,0.0,-17.600158581915935,17.600158581915935,0.480179703310132,0.21214743264950814,0.6923271359596401,0.26803227066062385
35.0801317691803,0.0,-17.630908115532744,17.630908115532744,0.480179703310132,0.21214743264950814,0.6923271359596401,0.26803227066062385
35.10014343261719,0.0,-17.655507742426195,17.655507742426195,0.480179703310132,0.21214743264950814,0.6923271359596401,0.26803227066062385
35.12014889717102,0.0,-17.657609318940956,17.657609318940956,0.480179703310132,0.21214743264950814,0.6923271359596401,0.26803227066062385
35.14014744758606,0.0,-17.657609318940956,17.657609318940956,0.480179703310132,0.21214743264950814,0.6923271359596401,0.26803227066062385
35.160149335861206,0.0,-17.641712455152767,17.641712455152767,0.480179703310132,0.21214743264950814,0.6923271359596401,0.26803227066062385
35.180148124694824,0.0,-17.628994964122214,17.628994964122214,0.480179703310132,0.21214743264950814,0.6923271359596401,0.26803227066062385
35.20014715194702,0.0,-17.61882097129777,17.61882097129777,0.480179703310132,0.21214743264950814,0.6923271359596401,0.26803227066062385
35.22014021873474,0.0,-17.610681777038216,17.610681777038216,0.480179703310132,0.21214743264950814,0.6923271359596401,0.26803227066062385
35.24014949798584,0.0,-17.604170421630574,17.604170421630574,0.480179703310132,0.21214743264950814,0.6923271359596401,0.26803227066062385
35.26015043258667,0.0,-17.59896133730446,17.59896133730446,0.480179703310132,0.21214743264950814,0.6923271359596401,0.26803227066062385
35.28015208244324,0.0,-17.59479406984357,17.59479406984357,0.480179703310132,0.21214743264950814,0.6923271359596401,0.26803227066062385
35.30015277862549,0.0,-17.591460255874853,17.591460255874853,0.480179703310132,0.21214743264950814,0.6923271359596401,0.26803227066062385
35.320239782333374,0.0,-17.588793204699883,17.588793204699883,0.480179703310132,0.21214743264950814,0.6923271359596401,0.26803227066062385
35.34019732475281,0.0,-17.58665956375991,17.58665956375991,0.410179703310132,0.28214743264950815,0.6923271359596401,0.12803227066062384
35.36017680168152,0.0,-17.58665956375991,17.58665956375991,0.410179703310132,0.28214743264950815,0.6923271359596401,0.12803227066062384
35.38014554977417,0.0,-17.584952651007928,17.584952651007928,0.410179703310132,0.28214743264950815,0.6923271359596401,0.12803227066062384
35.40014672279358,0.0,-17.583587120806342,17.583587120806342,0.410179703310132,0.28214743264950815,0.6923271359596401,0.12803227066062384
35.42014789581299,0.0,-17.582494696645075,17.582494696645075,0.410179703310132,0.28214743264950815,0.6923271359596401,0.12803227066062384
35.44013571739197,0.0,-17.581620757316063,17.581620757316063,0.410179703310132,0.28214743264950815,0.6923271359596401,0.12803227066062384
35.460137367248535,0.0,-17.56334348085285,17.56334348085285,0.410179703310132,0.28214743264950815,0.6923271359596401,0.12803227066062384
35.480143308639526,0.0,-17.390518534682283,17.390518534682283,0.410179703310132,0.28214743264950815,0.6923271359596401,0.12803227066062384
35.50016474723816,0.0,-17.00616482774583,17.00616482774583,0.410179703310132,0.28214743264950815,0.6923271359596401,0.12803227066062384
35.52023768424988,0.0,-16.45258811219667,16.45258811219667,0.4207454033195972,0.35214743264950815,0.7728928359691054,0.06859797067008905
35.54030156135559,0.0,-15.886679864757335,15.886679864757335,0.4207454033195972,0.35214743264950815,0.7728928359691054,0.06859797067008905
35.56024122238159,0.0,-15.363640766805869,15.363640766805869,0.4207454033195972,0.35214743264950815,0.7728928359691054,0.06859797067008905
35.580183267593384,0.0,-15.363640766805869,15.363640766805869,0.4207454033195972,0.35214743264950815,0.7728928359691054,0.06859797067008905
35.60017013549805,0.0,-14.910053238444696,14.910053238444696,0.4207454033195972,0.35214743264950815,0.7728928359691054,0.06859797067008905
35.62017345428467,0.0,-14.512026965755757,14.512026965755757,0.4207454033195972,0.35214743264950815,0.7728928359691054,0.06859797067008905
35.640183210372925,0.0,-14.105715322604606,14.105715322604606,0.4207454033195972,0.35214743264950815,0.7728928359691054,0.06859797067008905
35.660178661346436,0.0,-13.657619133083685,13.657619133083685,0.4207454033195972,0.35214743264950815,0.7728928359691054,0.06859797067008905
35.68018174171448,0.0,-13.17609530646695,13.17609530646695,0.4207454033195972,0.35214743264950815,0.7728928359691054,0.06859797067008905
35.70017170906067,0.0,-12.68540749517356,12.68540749517356,0.4207454033195972,0.35214743264950815,0.7728928359691054,0.06859797067008905
35.720197439193726,0.0,-12.20496662113885,12.20496662113885,0.4244038276840001,0.42214743264950816,0.8465512603335082,0.0022563950344919315
35.74016833305359,0.0,-11.80303579691108,11.80303579691108,0.4244038276840001,0.42214743264950816,0.8465512603335082,0.0022563950344919315
35.76016879081726,0.0,-11.481491137528865,11.481491137528865,0.4244038276840001,0.42214743264950816,0.8465512603335082,0.0022563950344919315
35.78016018867493,0.0,-11.224255410023094,11.224255410023094,0.4244038276840001,0.42214743264950816,0.8465512603335082,0.0022563950344919315
35.80016303062439,0.0,-11.224255410023094,11.224255410023094,0.4244038276840001,0.42214743264950816,0.8465512603335082,0.0022563950344919315
35.820181369781494,0.0,-11.018466828018477,11.018466828018477,0.4244038276840001,0.42214743264950816,0.8465512603335082,0.0022563950344919315
35.840190410614014,0.0,-10.801101587414783,10.801101587414783,0.4244038276840001,0.42214743264950816,0.8465512603335082,0.0022563950344919315
35.860191822052,0.0,-10.521740644931826,10.521740644931826,0.4244038276840001,0.42214743264950816,0.8465512603335082,0.0022563950344919315
35.88018202781677,0.0,-10.19278314094546,10.19278314094546,0.4244038276840001,0.42214743264950816,0.8465512603335082,0.0022563950344919315
35.900182008743286,0.0,-9.876882762756368,9.876882762756368,0.3544038276840001,0.442127220639959,0.7965310483239592,-0.08772339295595893
35.9201865196228,0.0,-9.589006210205095,9.589006210205095,0.3544038276840001,0.442127220639959,0.7965310483239592,-0.08772339295595893
35.940178632736206,0.0,-9.288392468164076,9.288392468164076,0.3544038276840001,0.442127220639959,0.7965310483239592,-0.08772339295595893
35.960174560546875,0.0,-8.977588974531264,8.977588974531264,0.3544038276840001,0.442127220639959,0.7965310483239592,-0.08772339295595893
35.980199337005615,0.0,-8.711368054625012,8.711368054625012,0.3544038276840001,0.442127220639959,0.7965310483239592,-0.08772339295595893
36.000186920166016,0.0,-8.463235068700008,8.463235068700008,0.3544038276840001,0.442127220639959,0.7965310483239592,-0.08772339295595893
36.02018713951111,0.0,-8.463235068700008,8.463235068700008,0.3544038276840001,0.442127220639959,0.7965310483239592,-0.08772339295595893
36.04017949104309,0.0,-8.194416179960006,8.194416179960006,0.3544038276840001,0.442127220639959,0.7965310483239592,-0.08772339295595893
36.060173749923706,0.0,-7.873892318968006,7.873892318968006,0.3544038276840001,0.442127220639959,0.7965310483239592,-0.08772339295595893
36.080183029174805,0.0,-7.459270105174406,7.459270105174406,0.4139043952990323,0.372127220639959,0.7860316159389913,0.04177717465907327
36.10018277168274,0.0,-6.986947334139526,6.986947334139526,0.4139043952990323,0.372127220639959,0.7860316159389913,0.04177717465907327
36.12018060684204,0.0,-6.486042242311621,6.486042242311621,0.4139043952990323,0.372127220639959,0.7860316159389913,0.04177717465907327
36.140231132507324,0.0,-5.997427543849297,5.997427543849297,0.4139043952990323,0.372127220639959,0.7860316159389913,0.04177717465907327
36.16030144691467,0.0,-5.571379535079438,5.571379535079438,0.4139043952990323,0.372127220639959,0.7860316159389913,0.04177717465907327
36.18025040626526,0.0,-5.230541128063551,5.230541128063551,0.4139043952990323,0.372127220639959,0.7860316159389913,0.04177717465907327
36.2001736164093,0.0,-4.957870402450842,4.957870402450842,0.4139043952990323,0.372127220639959,0.7860316159389913,0.04177717465907327
36.220149755477905,0.0,-4.739733821960674,4.739733821960674,0.4139043952990323,0.372127220639959,0.7860316159389913,0.04177717465907327
36.24014759063721,0.0,-4.739733821960674,4.739733821960674,0.4139043952990323,0.372127220639959,0.7860316159389913,0.04177717465907327
36.26014733314514,0.0,-4.56522455756854,4.56522455756854,0.4139043952990323,0.372127220639959,0.7860316159389913,0.04177717465907327
36.28014159202576,0.0,-4.425617146054833,4.425617146054833,0.4139043952990323,0.372127220639959,0.7860316159389913,0.04177717465907327
36.300142765045166,0.0,-4.313931216843867,4.313931216843867,0.4139043952990323,0.372127220639959,0.7860316159389913,0.04177717465907327
36.32014751434326,0.0,-4.224582473475094,4.224582473475094,0.4139043952990323,0.372127220639959,0.7860316159389913,0.04177717465907327
36.34014534950256,0.0,-4.153103478780075,4.153103478780075,0.4139043952990323,0.372127220639959,0.7860316159389913,0.04177717465907327
36.360153913497925,0.0,-4.09592028302406,4.09592028302406,0.4139043952990323,0.372127220639959,0.7860316159389913,0.04177717465907327
36.38014531135559,0.0,-4.067751851419248,4.067751851419248,0.4139043952990323,0.372127220639959,0.7860316159389913,0.04177717465907327
36.40014338493347,0.0,-4.0452171061354,4.0452171061354,0.4139043952990323,0.372127220639959,0.7860316159389913,0.04177717465907327
36.420164585113525,0.0,-4.02718930990832,4.02718930990832,0.4139043952990323,0.372127220639959,0.7860316159389913,0.04177717465907327
36.44015550613403,0.0,-4.02718930990832,4.02718930990832,0.3439043952990323,0.3261111347470433,0.6700155300460755,0.017793260551988987
36.46017026901245,0.0,-4.012767072926657,4.012767072926657,0.3439043952990323,0.3261111347470433,0.6700155300460755,0.017793260551988987
36.48016333580017,0.0,-4.001229283341325,4.001229283341325,0.3439043952990323,0.3261111347470433,0.6700155300460755,0.017793260551988987
36.50015044212341,0.0,-3.99199905167306,3.99199905167306,0.3439043952990323,0.3261111347470433,0.6700155300460755,0.017793260551988987
36.52018690109253,0.0,-3.9846148663384486,3.9846148663384486,0.3439043952990323,0.3261111347470433,0.6700155300460755,0.017793260551988987
36.54017639160156,0.0,-3.97870751807076,3.97870751807076,0.3439043952990323,0.3261111347470433,0.6700155300460755,0.017793260551988987
36.560194969177246,0.0,-3.9564035144566083,3.9564035144566083,0.3439043952990323,0.3261111347470433,0.6700155300460755,0.017793260551988987
36.580209732055664,0.0,-3.938560311565287,3.938560311565287,0.3439043952990323,0.3261111347470433,0.6700155300460755,0.017793260551988987
36.60019111633301,0.0,-3.9242857492522303,3.9242857492522303,0.3439043952990323,0.3261111347470433,0.6700155300460755,0.017793260551988987
36.620187282562256,0.0,-3.9128660994017848,3.9128660994017848,0.3439043952990323,0.3261111347470433,0.6700155300460755,0.017793260551988987
36.64020586013794,0.0,-3.903730379521428,3.903730379521428,0.3439043952990323,0.3261111347470433,0.6700155300460755,0.017793260551988987
36.66023778915405,0.0,-3.903730379521428,3.903730379521428,0.3439043952990323,0.3261111347470433,0.6700155300460755,0.017793260551988987
36.68023324012756,0.0,-3.896421803617143,3.896421803617143,0.4139043952990323,0.2561111347470433,0.6700155300460755,0.157793260551989
36.700236558914185,0.0,-3.8905749428937146,3.8905749428937146,0.4139043952990323,0.2561111347470433,0.6700155300460755,0.157793260551989
36.720308780670166,0.0,-3.8858974543149722,3.8858974543149722,0.4139043952990323,0.2561111347470433,0.6700155300460755,0.157793260551989
36.740341901779175,0.0,-3.882155463451978,3.882155463451978,0.4139043952990323,0.2561111347470433,0.6700155300460755,0.157793260551989
36.76035761833191,0.0,-3.879161870761583,3.879161870761583,0.4139043952990323,0.2561111347470433,0.6700155300460755,0.157793260551989
36.78038144111633,0.0,-3.876766996609267,3.876766996609267,0.4139043952990323,0.2561111347470433,0.6700155300460755,0.157793260551989
36.800326108932495,0.0,-3.874851097287414,3.874851097287414,0.4139043952990323,0.2561111347470433,0.6700155300460755,0.157793260551989
36.82023763656616,0.0,-3.8733183778299316,3.8733183778299316,0.4139043952990323,0.2561111347470433,0.6700155300460755,0.157793260551989
36.840271949768066,0.0,-3.9424047022639455,3.9424047022639455,0.4139043952990323,0.2561111347470433,0.6700155300460755,0.157793260551989
36.86029601097107,0.0,-4.173455011811156,4.173455011811156,0.4139043952990323,0.2561111347470433,0.6700155300460755,0.157793260551989
36.88020324707031,0.0,-4.5516546344489255,4.5516546344489255,0.4139043952990323,0.2561111347470433,0.6700155300460755,0.157793260551989
36.90015506744385,0.0,-4.5516546344489255,4.5516546344489255,0.4139043952990323,0.2561111347470433,0.6700155300460755,0.157793260551989
36.920151472091675,0.0,-5.01241745755914,5.01241745755914,0.4139043952990323,0.2561111347470433,0.6700155300460755,0.157793260551989
36.94015312194824,0.0,-5.486496466047313,5.486496466047313,0.4139043952990323,0.2561111347470433,0.6700155300460755,0.157793260551989
36.96014952659607,0.0,-5.918494047837851,5.918494047837851,0.4139043952990323,0.2561111347470433,0.6700155300460755,0.157793260551989
36.98017740249634,0.0,-6.334404613270281,6.334404613270281,0.4139043952990323,0.2561111347470433,0.6700155300460755,0.157793260551989
37.00018548965454,0.0,-6.702289315616226,6.702289315616226,0.4139043952990323,0.2561111347470433,0.6700155300460755,0.157793260551989
37.0201895236969,0.0,-7.01417520249298,7.01417520249298,0.4139043952990323,0.2561111347470433,0.6700155300460755,0.157793260551989
37.040183544158936,0.0,-7.263683911994384,7.263683911994384,0.4139043952990323,0.2561111347470433,0.6700155300460755,0.157793260551989
37.06016945838928,0.0,-7.463290879595508,7.463290879595508,0.4139043952990323,0.2561111347470433,0.6700155300460755,0.157793260551989
37.08023738861084,0.0,-7.622976453676407,7.622976453676407,0.4139043952990323,0.2561111347470433,0.6700155300460755,0.157793260551989
37.100189208984375,0.0,-7.622976453676407,7.622976453676407,0.4139043952990323,0.2561111347470433,0.6700155300460755,0.157793260551989
37.12017035484314,0.0,-7.750724912941126,7.750724912941126,0.3439043952990323,0.2620384120102972,0.6059428073093295,0.08186598328873507
37.14025807380676,0.0,-7.852923680352902,7.852923680352902,0.3439043952990323,0.2620384120102972,0.6059428073093295,0.08186598328873507
37.16028952598572,0.0,-7.934682694282321,7.934682694282321,0.3439043952990323,0.2620384120102972,0.6059428073093295,0.08186598328873507
37.18031120300293,0.0,-7.982511780425857,7.982511780425857,0.3439043952990323,0.2620384120102972,0.6059428073093295,0.08186598328873507
37.200321435928345,0.0,-8.038353174340685,8.038353174340685,0.3439043952990323,0.2620384120102972,0.6059428073093295,0.08186598328873507
37.220298528671265,0.0,-8.08302628947255,8.08302628947255,0.3439043952990323,0.2620384120102972,0.6059428073093295,0.08186598328873507
37.24020600318909,0.0,-8.11876478157804,8.11876478157804,0.3439043952990323,0.2620384120102972,0.6059428073093295,0.08186598328873507
37.26019048690796,0.0,-8.129777450262432,8.129777450262432,0.3439043952990323,0.2620384120102972,0.6059428073093295,0.08186598328873507
37.280173540115356,0.0,-8.138587585209947,8.138587585209947,0.3439043952990323,0.2620384120102972,0.6059428073093295,0.08186598328873507
37.30019164085388,0.0,-8.145635693167959,8.145635693167959,0.3439043952990323,0.2620384120102972,0.6059428073093295,0.08186598328873507
37.32021379470825,0.0,-8.151274179534367,8.151274179534367,0.3439043952990323,0.2620384120102972,0.6059428073093295,0.08186598328873507
37.34016942977905,0.0,-8.151274179534367,8.151274179534367,0.3439043952990323,0.2620384120102972,0.6059428073093295,0.08186598328873507
37.36015772819519,0.0,-8.173363093627493,8.173363093627493,0.3439043952990323,0.2620384120102972,0.6059428073093295,0.08186598328873507
37.38015580177307,0.0,-8.173456099901996,8.173456099901996,0.3439043952990323,0.2620384120102972,0.6059428073093295,0.08186598328873507
37.400153398513794,0.0,-8.191108629921597,8.191108629921597,0.3439043952990323,0.2620384120102972,0.6059428073093295,0.08186598328873507
37.42015051841736,0.0,-8.187652528937278,8.187652528937278,0.3439043952990323,0.2620384120102972,0.6059428073093295,0.08186598328873507
37.44016885757446,0.0,-8.184887648149822,8.184887648149822,0.3439043952990323,0.2620384120102972,0.6059428073093295,0.08186598328873507
37.460182189941406,0.0,-8.182675743519859,8.182675743519859,0.3439043952990323,0.2620384120102972,0.6059428073093295,0.08186598328873507
37.48026132583618,0.0,-8.180906219815888,8.180906219815888,0.3439043952990323,0.2620384120102972,0.6059428073093295,0.08186598328873507
37.50017833709717,0.0,-8.179490600852711,8.179490600852711,0.27390439529903227,0.24511526755057278,0.5190196628496051,0.028789127748459487
37.52020049095154,0.0,-8.17835810568217,8.17835810568217,0.27390439529903227,0.24511526755057278,0.5190196628496051,0.028789127748459487
37.54019093513489,0.0,-8.177452109545737,8.177452109545737,0.27390439529903227,0.24511526755057278,0.5190196628496051,0.028789127748459487
37.56015968322754,0.0,-8.177452109545737,8.177452109545737,0.27390439529903227,0.24511526755057278,0.5190196628496051,0.028789127748459487
37.580190896987915,0.0,-8.176727312636588,8.176727312636588,0.27390439529903227,0.24511526755057278,0.5190196628496051,0.028789127748459487
37.60019278526306,0.0,-8.193725600109271,8.193725600109271,0.27390439529903227,0.24511526755057278,0.5190196628496051,0.028789127748459487
37.62019729614258,0.0,-8.189746105087417,8.189746105087417,0.27390439529903227,0.24511526755057278,0.5190196628496051,0.028789127748459487
37.64018726348877,0.0,-8.186562509069935,8.186562509069935,0.27390439529903227,0.24511526755057278,0.5190196628496051,0.028789127748459487
37.66019868850708,0.0,-8.184015632255948,8.184015632255948,0.27390439529903227,0.24511526755057278,0.5190196628496051,0.028789127748459487
37.680214166641235,0.0,-8.164400005804758,8.164400005804758,0.27390439529903227,0.24511526755057278,0.5190196628496051,0.028789127748459487
37.70022368431091,0.0,-8.078395004643808,8.078395004643808,0.27390439529903227,0.24511526755057278,0.5190196628496051,0.028789127748459487
37.720208168029785,0.0,-7.956856628715047,7.956856628715047,0.27390439529903227,0.24511526755057278,0.5190196628496051,0.028789127748459487
37.74034905433655,0.0,-7.806891552972037,7.806891552972037,0.27390439529903227,0.24511526755057278,0.5190196628496051,0.028789127748459487
37.76040840148926,0.0,-7.806891552972037,7.806891552972037,0.27390439529903227,0.24511526755057278,0.5190196628496051,0.028789127748459487
37.78028702735901,0.0,-7.686919492377631,7.686919492377631,0.31490669866092497,0.2522822711337358,0.5671889697946608,0.06262442752718916
37.80032920837402,0.0,-7.590941843902105,7.590941843902105,0.31490669866092497,0.2522822711337358,0.5671889697946608,0.06262442752718916
37.820292949676514,0.0,-7.514159725121684,7.514159725121684,0.31490669866092497,0.2522822711337358,0.5671889697946608,0.06262442752718916
37.840269327163696,0.0,-7.452734030097348,7.452734030097348,0.31490669866092497,0.2522822711337358,0.5671889697946608,0.06262442752718916
37.86024785041809,0.0,-7.403593474077879,7.403593474077879,0.31490669866092497,0.2522822711337358,0.5671889697946608,0.06262442752718916
37.88025498390198,0.0,-7.364281029262303,7.364281029262303,0.31490669866092497,0.2522822711337358,0.5671889697946608,0.06262442752718916
37.90022325515747,0.0,-7.332831073409842,7.332831073409842,0.31490669866092497,0.2522822711337358,0.5671889697946608,0.06262442752718916
37.92019724845886,0.0,-7.307671108727875,7.307671108727875,0.31490669866092497,0.2522822711337358,0.5671889697946608,0.06262442752718916
37.94017171859741,0.0,-7.2875431369823,7.2875431369823,0.31490669866092497,0.2522822711337358,0.5671889697946608,0.06262442752718916
37.96016335487366,0.0,-7.271440759585841,7.271440759585841,0.31490669866092497,0.2522822711337358,0.5671889697946608,0.06262442752718916
37.98016047477722,0.0,-7.258558857668672,7.258558857668672,0.31490669866092497,0.2522822711337358,0.5671889697946608,0.06262442752718916
38.00015640258789,0.0,-7.258558857668672,7.258558857668672,0.31490669866092497,0.2522822711337358,0.5671889697946608,0.06262442752718916
38.02015042304993,0.0,-7.248253336134938,7.248253336134938,0.31490669866092497,0.2522822711337358,0.5671889697946608,0.06262442752718916
38.040152072906494,0.0,-7.24000891890795,7.24000891890795,0.31490669866092497,0.2522822711337358,0.5671889697946608,0.06262442752718916
38.060157775878906,0.0,-7.23341338512636,7.23341338512636,0.31490669866092497,0.2522822711337358,0.5671889697946608,0.06262442752718916
38.08016490936279,0.0,-7.228136958101088,7.228136958101088,0.31490669866092497,0.2522822711337358,0.5671889697946608,0.06262442752718916
38.10015630722046,0.0,-7.223915816480871,7.223915816480871,0.31490669866092497,0.2522822711337358,0.5671889697946608,0.06262442752718916
38.12016797065735,0.0,-7.220538903184697,7.220538903184697,0.31490669866092497,0.2522822711337358,0.5671889697946608,0.06262442752718916
38.14016151428223,0.0,-7.217837372547758,7.217837372547758,0.31490669866092497,0.2522822711337358,0.5671889697946608,0.06262442752718916
38.16016721725464,0.0,-7.215676148038206,7.215676148038206,0.31490669866092497,0.2522822711337358,0.5671889697946608,0.06262442752718916
38.18018651008606,0.0,-7.213947168430565,7.213947168430565,0.31490669866092497,0.2522822711337358,0.5671889697946608,0.06262442752718916
38.2001850605011,0.0,-7.212563984744452,7.212563984744452,0.31490669866092497,0.2522822711337358,0.5671889697946608,0.06262442752718916
38.22019100189209,0.0,-7.212563984744452,7.212563984744452,0.31490669866092497,0.2522822711337358,0.5671889697946608,0.06262442752718916
38.24022555351257,0.0,-7.211457437795562,7.211457437795562,0.31490669866092497,0.2522822711337358,0.5671889697946608,0.06262442752718916
38.26019763946533,0.0,-7.21057220023645,7.21057220023645,0.31490669866092497,0.2522822711337358,0.5671889697946608,0.06262442752718916
38.280181884765625,0.0,-7.209864010189159,7.209864010189159,0.31490669866092497,0.2522822711337358,0.5671889697946608,0.06262442752718916
38.30017828941345,0.0,-7.209297458151328,7.209297458151328,0.31490669866092497,0.2522822711337358,0.5671889697946608,0.06262442752718916
38.32020354270935,0.0,-7.208844216521062,7.208844216521062,0.31490669866092497,0.2522822711337358,0.5671889697946608,0.06262442752718916
38.34023141860962,0.0,-7.2084816232168505,7.2084816232168505,0.384906698660925,0.3222822711337358,0.7071889697946607,0.06262442752718916
38.36030292510986,0.0,-7.208191548573481,7.208191548573481,0.384906698660925,0.3222822711337358,0.7071889697946607,0.06262442752718916
38.38027334213257,0.0,-7.207959488858785,7.207959488858785,0.384906698660925,0.3222822711337358,0.7071889697946607,0.06262442752718916
38.40023350715637,0.0,-7.207773841087029,7.207773841087029,0.384906698660925,0.3222822711337358,0.7071889697946607,0.06262442752718916
38.420188903808594,0.0,-7.1900471978696245,7.1900471978696245,0.384906698660925,0.3222822711337358,0.7071889697946607,0.06262442752718916
38.440170764923096,0.0,-7.1900471978696245,7.1900471978696245,0.384906698660925,0.3222822711337358,0.7071889697946607,0.06262442752718916
38.46017503738403,0.0,-7.175865883295701,7.175865883295701,0.384906698660925,0.3222822711337358,0.7071889697946607,0.06262442752718916
38.48017954826355,0.0,-7.146942706636562,7.146942706636562,0.384906698660925,0.3222822711337358,0.7071889697946607,0.06262442752718916
38.50017285346985,0.0,-7.08864791530925,7.08864791530925,0.384906698660925,0.3222822711337358,0.7071889697946607,0.06262442752718916
38.520188331604004,0.0,-7.024433957247401,7.024433957247401,0.384906698660925,0.3222822711337358,0.7071889697946607,0.06262442752718916
38.54022145271301,0.0,-6.97306279079792,6.97306279079792,0.384906698660925,0.3222822711337358,0.7071889697946607,0.06262442752718916
38.560197591781616,0.0,-6.931965857638336,6.931965857638336,0.384906698660925,0.3222822711337358,0.7071889697946607,0.06262442752718916
38.58021950721741,0.0,-6.899088311110669,6.899088311110669,0.35518401366658503,0.27232371051795784,0.6275077241845428,0.08286030314862719
38.600207567214966,0.0,-6.8727862738885355,6.8727862738885355,0.35518401366658503,0.27232371051795784,0.6275077241845428,0.08286030314862719
38.620253562927246,0.0,-6.851744644110829,6.851744644110829,0.35518401366658503,0.27232371051795784,0.6275077241845428,0.08286030314862719
38.64034605026245,0.0,-6.834911340288664,6.834911340288664,0.35518401366658503,0.27232371051795784,0.6275077241845428,0.08286030314862719
38.66036319732666,0.0,-6.834911340288664,6.834911340288664,0.35518401366658503,0.27232371051795784,0.6275077241845428,0.08286030314862719
38.68036127090454,0.0,-6.821444697230931,6.821444697230931,0.35518401366658503,0.27232371051795784,0.6275077241845428,0.08286030314862719
38.70032835006714,0.0,-6.810671382784746,6.810671382784746,0.35518401366658503,0.27232371051795784,0.6275077241845428,0.08286030314862719
38.72034215927124,0.0,-6.802052731227797,6.802052731227797,0.35518401366658503,0.27232371051795784,0.6275077241845428,0.08286030314862719
38.740349769592285,0.0,-6.795157809982237,6.795157809982237,0.35518401366658503,0.27232371051795784,0.6275077241845428,0.08286030314862719
38.76023507118225,0.0,-6.78964187298579,6.78964187298579,0.35518401366658503,0.27232371051795784,0.6275077241845428,0.08286030314862719
38.78017830848694,0.0,-6.802807248388632,6.802807248388632,0.35518401366658503,0.27232371051795784,0.6275077241845428,0.08286030314862719
38.80017423629761,0.0,-6.813339548710905,6.813339548710905,0.35518401366658503,0.27232371051795784,0.6275077241845428,0.08286030314862719
38.82019281387329,0.0,-6.804187263968724,6.804187263968724,0.35518401366658503,0.27232371051795784,0.6275077241845428,0.08286030314862719
38.84016966819763,0.0,-6.814443561174979,6.814443561174979,0.35518401366658503,0.27232371051795784,0.6275077241845428,0.08286030314862719
38.860175132751465,0.0,-6.822648598939983,6.822648598939983,0.35518401366658503,0.27232371051795784,0.6275077241845428,0.08286030314862719
38.8801646232605,0.0,-6.822648598939983,6.822648598939983,0.35518401366658503,0.27232371051795784,0.6275077241845428,0.08286030314862719
38.90018606185913,0.0,-6.829212629151987,6.829212629151987,0.35518401366658503,0.27232371051795784,0.6275077241845428,0.08286030314862719
38.92019176483154,0.0,-6.83446385332159,6.83446385332159,0.35518401366658503,0.27232371051795784,0.6275077241845428,0.08286030314862719
38.94019103050232,0.0,-6.8386648326572725,6.8386648326572725,0.35518401366658503,0.27232371051795784,0.6275077241845428,0.08286030314862719
38.96019411087036,0.0,-6.842025616125818,6.842025616125818,0.35518401366658503,0.27232371051795784,0.6275077241845428,0.08286030314862719
38.98021721839905,0.0,-6.844714242900655,6.844714242900655,0.35518401366658503,0.27232371051795784,0.6275077241845428,0.08286030314862719
39.00019669532776,0.0,-6.846865144320524,6.846865144320524,0.35518401366658503,0.27232371051795784,0.6275077241845428,0.08286030314862719
39.0201940536499,0.0,-6.848585865456419,6.848585865456419,0.35518401366658503,0.27232371051795784,0.6275077241845428,0.08286030314862719
39.04019379615784,0.0,-6.849962442365135,6.849962442365135,0.35518401366658503,0.27232371051795784,0.6275077241845428,0.08286030314862719
39.060197591781616,0.0,-6.851063703892108,6.851063703892108,0.35518401366658503,0.27232371051795784,0.6275077241845428,0.08286030314862719
39.08019828796387,0.0,-6.851944713113686,6.851944713113686,0.42518401366658504,0.25298586455173794,0.678169878218323,0.1721981491148471
39.10022449493408,0.0,-6.851944713113686,6.851944713113686,0.42518401366658504,0.25298586455173794,0.678169878218323,0.1721981491148471
39.12030839920044,0.0,-6.8526495204909486,6.8526495204909486,0.42518401366658504,0.25298586455173794,0.678169878218323,0.1721981491148471
39.140329122543335,0.0,-6.835635241392759,6.835635241392759,0.42518401366658504,0.25298586455173794,0.678169878218323,0.1721981491148471
39.16037106513977,0.0,-6.839601943114207,6.839601943114207,0.42518401366658504,0.25298586455173794,0.678169878218323,0.1721981491148471
39.180338621139526,0.0,-6.842775304491366,6.842775304491366,0.42518401366658504,0.25298586455173794,0.678169878218323,0.1721981491148471
39.200379371643066,0.0,-6.845313993593093,6.845313993593093,0.42518401366658504,0.25298586455173794,0.678169878218323,0.1721981491148471
39.220348834991455,0.0,-6.847344944874475,6.847344944874475,0.42518401366658504,0.25298586455173794,0.678169878218323,0.1721981491148471
39.240230321884155,0.0,-6.84896970589958,6.84896970589958,0.42518401366658504,0.25298586455173794,0.678169878218323,0.1721981491148471
39.260231494903564,0.0,-6.885425764719665,6.885425764719665,0.42518401366658504,0.25298586455173794,0.678169878218323,0.1721981491148471
39.28020238876343,0.0,-7.002481236775732,7.002481236775732,0.42518401366658504,0.25298586455173794,0.678169878218323,0.1721981491148471
39.30020308494568,0.0,-7.002481236775732,7.002481236775732,0.42518401366658504,0.25298586455173794,0.678169878218323,0.1721981491148471
39.32019400596619,0.0,-7.219172489420584,7.219172489420584,0.42518401366658504,0.25298586455173794,0.678169878218323,0.1721981491148471
39.340172290802,0.0,-7.462837991536468,7.462837991536468,0.42518401366658504,0.25298586455173794,0.678169878218323,0.1721981491148471
39.360204219818115,0.0,-7.462837991536468,7.462837991536468,0.42518401366658504,0.25298586455173794,0.678169878218323,0.1721981491148471
39.38018560409546,0.0,-7.908638189583343,7.908638189583343,0.42518401366658504,0.25298586455173794,0.678169878218323,0.1721981491148471
39.40016484260559,0.0,-8.067144926666675,8.067144926666675,0.42518401366658504,0.25298586455173794,0.678169878218323,0.1721981491148471
39.42017483711243,0.0,-8.193950316333343,8.193950316333343,0.42518401366658504,0.25298586455173794,0.678169878218323,0.1721981491148471
39.440173625946045,0.0,-8.295394628066674,8.295394628066674,0.42518401366658504,0.25298586455173794,0.678169878218323,0.1721981491148471
39.460219383239746,0.0,-8.37655007745334,8.37655007745334,0.42518401366658504,0.25298586455173794,0.678169878218323,0.1721981491148471
39.48031044006348,0.0,-8.441474436962672,8.441474436962672,0.42518401366658504,0.25298586455173794,0.678169878218323,0.1721981491148471
39.5003445148468,0.0,-8.493413924570138,8.493413924570138,0.42518401366658504,0.25298586455173794,0.678169878218323,0.1721981491148471
39.52026891708374,0.0,-8.493413924570138,8.493413924570138,0.42518401366658504,0.25298586455173794,0.678169878218323,0.1721981491148471
39.54025077819824,0.0,-8.534965514656111,8.534965514656111,0.41939437936060125,0.32298586455173794,0.7423802439123393,0.09640851480886331
39.56023335456848,0.0,-8.568206786724888,8.568206786724888,0.41939437936060125,0.32298586455173794,0.7423802439123393,0.09640851480886331
39.5801956653595,0.0,-8.594799804379912,8.594799804379912,0.41939437936060125,0.32298586455173794,0.7423802439123393,0.09640851480886331
39.60018754005432,0.0,-8.61607421850393,8.61607421850393,0.41939437936060125,0.32298586455173794,0.7423802439123393,0.09640851480886331
39.62018537521362,0.0,-8.633093749803145,8.633093749803145,0.41939437936060125,0.32298586455173794,0.7423802439123393,0.09640851480886331
39.64018273353577,0.0,-8.646709374842517,8.646709374842517,0.41939437936060125,0.32298586455173794,0.7423802439123393,0.09640851480886331
39.660176277160645,0.0,-8.657601874874016,8.657601874874016,0.41939437936060125,0.32298586455173794,0.7423802439123393,0.09640851480886331
39.68018341064453,0.0,-8.648737749899214,8.648737749899214,0.41939437936060125,0.32298586455173794,0.7423802439123393,0.09640851480886331
39.70017170906067,0.0,-8.64164644991937,8.64164644991937,0.41939437936060125,0.32298586455173794,0.7423802439123393,0.09640851480886331
39.720197439193726,0.0,-8.635973409935497,8.635973409935497,0.41939437936060125,0.32298586455173794,0.7423802439123393,0.09640851480886331
39.74033045768738,0.0,-8.631434977948398,8.631434977948398,0.41939437936060125,0.32298586455173794,0.7423802439123393,0.09640851480886331
39.760268211364746,0.0,-8.631434977948398,8.631434977948398,0.34939437936060125,0.3093415548373014,0.6587359341979027,0.040052824523299835
39.78022861480713,0.0,-8.610226107358718,8.610226107358718,0.34939437936060125,0.3093415548373014,0.6587359341979027,0.040052824523299835
39.80018925666809,0.0,-8.610837135886975,8.610837135886975,0.34939437936060125,0.3093415548373014,0.6587359341979027,0.040052824523299835
39.82017207145691,0.0,-8.61132595870958,8.61132595870958,0.34939437936060125,0.3093415548373014,0.6587359341979027,0.040052824523299835
39.8401563167572,0.0,-8.594138891967663,8.594138891967663,0.34939437936060125,0.3093415548373014,0.6587359341979027,0.040052824523299835
39.86015963554382,0.0,-8.580389238574131,8.580389238574131,0.34939437936060125,0.3093415548373014,0.6587359341979027,0.040052824523299835
39.88016390800476,0.0,-8.534233265859307,8.534233265859307,0.34939437936060125,0.3093415548373014,0.6587359341979027,0.040052824523299835
39.90016746520996,0.0,-8.462152237687445,8.462152237687445,0.34939437936060125,0.3093415548373014,0.6587359341979027,0.040052824523299835
39.92016339302063,0.0,-8.404487415149957,8.404487415149957,0.34939437936060125,0.3093415548373014,0.6587359341979027,0.040052824523299835
39.940163135528564,0.0,-8.358355557119967,8.358355557119967,0.34939437936060125,0.3093415548373014,0.6587359341979027,0.040052824523299835
39.960177421569824,0.0,-8.358355557119967,8.358355557119967,0.2909525765012949,0.30610741449519996,0.5970599909964949,-0.015154837993905046
39.98022675514221,0.0,-8.321450070695974,8.321450070695974,0.2909525765012949,0.30610741449519996,0.5970599909964949,-0.015154837993905046
