time,target_deg,actual_deg,error_deg,p1_cmd_MPa,p2_cmd_MPa,ps_cmd_MPa,pd_cmd_MPa
4.935264587402344e-05,0.0004651377290646082,-1.421366279697159,1.4218314174262234,0.5760649464151353,0.6299999999999999,1.2060649464151352,-0.05393505358486461
0.020209074020385742,0.1904609172572336,-1.4359211487577273,1.6263820660149608,0.5760649464151353,0.6299999999999999,1.2060649464151352,-0.05393505358486461
0.04024481773376465,0.3792580512761695,-1.447565044006182,1.8268230952823514,0.5760649464151353,0.6299999999999999,1.2060649464151352,-0.05393505358486461
0.06019401550292969,0.5671799896428872,-1.4568801602049457,2.024060149847833,0.5760649464151353,0.6299999999999999,1.2060649464151352,-0.05393505358486461
0.080169677734375,0.7552619235544105,-1.4643322531639569,2.2195941767183673,0.5760649464151353,0.6299999999999999,1.2060649464151352,-0.05393505358486461
0.10016989707946777,0.9434558701345731,-1.4527158025311657,2.396171672665739,0.5760649464151353,0.6299999999999999,1.2060649464151352,-0.05393505358486461
0.12016749382019043,1.131476183786648,-1.4434226420249325,2.5748988258115806,0.5760649464151353,0.6299999999999999,1.2060649464151352,-0.05393505358486461
0.14016222953796387,1.3192910071624904,-1.4359881136199462,2.7552791207824363,0.5760649464151353,0.6299999999999999,1.2060649464151352,-0.05393505358486461
0.16019678115844727,1.5072709660434598,-1.4124623658959572,2.919733331939417,0.5760649464151353,0.6299999999999999,1.2060649464151352,-0.05393505358486461
0.18016839027404785,1.6944226654561143,-1.4124623658959572,3.1068850313520713,0.5760649464151353,0.6299999999999999,1.2060649464151352,-0.05393505358486461
0.20029091835021973,1.8827186926636374,-1.3936417677167658,3.2763604603804035,0.5670152877515644,0.5599999999999998,1.1270152877515642,0.0070152877515645695
0.22023963928222656,2.069091340539058,-1.361007164173413,3.430098504712471,0.5670152877515644,0.5599999999999998,1.1270152877515642,0.0070152877515645695
0.24020886421203613,2.2553299771969653,-1.3348994813387303,3.5902294585356955,0.5670152877515644,0.5599999999999998,1.1270152877515642,0.0070152877515645695
0.26017332077026367,2.4411692245897165,-1.3140133350709844,3.755182559660701,0.5670152877515644,0.5599999999999998,1.1270152877515642,0.0070152877515645695
0.28016114234924316,2.6268411594101484,-1.2973044180567874,3.924145577466936,0.5670152877515644,0.5599999999999998,1.1270152877515642,0.0070152877515645695
0.30016469955444336,2.812244465729887,-1.28393728444543,4.096181750175317,0.5670152877515644,0.5599999999999998,1.1270152877515642,0.0070152877515645695
0.3201615810394287,2.997141879650356,-1.2556654525563442,4.2528073322067,0.5670152877515644,0.5599999999999998,1.1270152877515642,0.0070152877515645695
0.3401665687561035,3.181640818781733,-1.2330479870450755,4.414688805826808,0.5670152877515644,0.5599999999999998,1.1270152877515642,0.0070152877515645695
0.3601686954498291,3.3656108123361053,-1.2149540146360607,4.580564826972166,0.5670152877515644,0.5599999999999998,1.1270152877515642,0.0070152877515645695
0.3801853656768799,3.5491824014139697,-1.2004788367088488,4.749661238122819,0.5670152877515644,0.5599999999999998,1.1270152877515642,0.0070152877515645695
0.4001617431640625,3.7318247899928534,-1.2004788367088488,4.932303626701702,0.5670152877515644,0.5599999999999998,1.1270152877515642,0.0070152877515645695
0.42030763626098633,3.915421552095127,-1.1888986943670792,5.104320246462207,0.5670152877515644,0.5599999999999998,1.1270152877515642,0.0070152877515645695
0.4403531551361084,4.0974809532524,-1.1796345804936634,5.277115533746063,0.5670152877515644,0.5599999999999998,1.1270152877515642,0.0070152877515645695
0.4602081775665283,4.277169546428012,-1.172223289394931,5.449392835822943,0.5735777293390125,0.6299999999999999,1.2035777293390124,-0.05642227066098737
0.4802734851837158,4.458084856681789,-1.1662942565159449,5.624379113197734,0.5735777293390125,0.6299999999999999,1.2035777293390124,-0.05642227066098737
0.5001659393310547,4.636742287039394,-1.1615510302127563,5.79829331725215,0.5735777293390125,0.6299999999999999,1.2035777293390124,-0.05642227066098737
0.5201587677001953,4.815571314005357,-1.157756449170205,5.973327763175562,0.5735777293390125,0.6299999999999999,1.2035777293390124,-0.05642227066098737
0.5401735305786133,4.993835387092907,-1.1547207843361642,6.148556171429071,0.5735777293390125,0.6299999999999999,1.2035777293390124,-0.05642227066098737
0.5601606369018555,5.171065033489974,-1.1522922524689314,6.323357285958905,0.5735777293390125,0.6299999999999999,1.2035777293390124,-0.05642227066098737
0.5801723003387451,5.347695399068555,-1.1503494269751453,6.4980448260437,0.5735777293390125,0.6299999999999999,1.2035777293390124,-0.05642227066098737
0.6001670360565186,5.523331986284843,-1.1487951665801164,6.6721271528649595,0.5735777293390125,0.6299999999999999,1.2035777293390124,-0.05642227066098737
0.620159387588501,5.698076048421442,-1.1487951665801164,6.846871215001559,0.5735777293390125,0.6299999999999999,1.2035777293390124,-0.05642227066098737
0.6402876377105713,5.873099583020583,-1.147551758264093,7.020651341284676,0.5035777293390125,0.6602288178354501,1.1638065471744625,-0.1566510884964376
0.6601841449737549,6.045184919633728,-1.1641351566112745,7.209320076245003,0.5035777293390125,0.6602288178354501,1.1638065471744625,-0.1566510884964376
0.6801834106445312,6.217206886990683,-1.1774018752890196,7.394608762279702,0.5035777293390125,0.6602288178354501,1.1638065471744625,-0.1566510884964376
0.7001659870147705,6.3881048418186,-1.1880152502312158,7.576120092049816,0.5035777293390125,0.6602288178354501,1.1638065471744625,-0.1566510884964376
0.7201981544494629,6.558416143730693,-1.1965059501849726,7.754922093915666,0.5035777293390125,0.6602288178354501,1.1638065471744625,-0.1566510884964376
0.7401971817016602,6.727409299049512,-1.2032985101479783,7.93070780919749,0.5035777293390125,0.6602288178354501,1.1638065471744625,-0.1566510884964376
0.760181188583374,6.895214501659256,-1.1911544331183828,8.086368934777639,0.5035777293390125,0.6602288178354501,1.1638065471744625,-0.1566510884964376
0.780195951461792,7.062188343533057,-1.1814391714947063,8.243627515027763,0.5035777293390125,0.6602288178354501,1.1638065471744625,-0.1566510884964376
0.8001742362976074,7.2277440850842725,-1.1736669621957652,8.401411047280037,0.5035777293390125,0.6602288178354501,1.1638065471744625,-0.1566510884964376
0.8201637268066406,7.392252854918598,-1.1736669621957652,8.565919817114363,0.5035777293390125,0.6602288178354501,1.1638065471744625,-0.1566510884964376
0.8401608467102051,7.555657645933288,-1.1498710697566121,8.705528715689901,0.5035777293390125,0.6602288178354501,1.1638065471744625,-0.1566510884964376
0.8601887226104736,7.718118208291283,-1.1484124808052898,8.866530689096573,0.5035777293390125,0.6602288178354501,1.1638065471744625,-0.1566510884964376
0.8801572322845459,7.878880482141838,-1.1472456096442318,9.02612609178607,0.5035777293390125,0.6602288178354501,1.1638065471744625,-0.1566510884964376
0.9001662731170654,8.038725016312846,-1.1463121127153857,9.185037129028231,0.5035777293390125,0.6602288178354501,1.1638065471744625,-0.1566510884964376
0.9202225208282471,8.197671592578232,-1.1455653151723086,9.34323690775054,0.5035777293390125,0.6602288178354501,1.1638065471744625,-0.1566510884964376
0.9403936862945557,8.35621583967427,-1.144967877137847,9.501183716812118,0.5035777293390125,0.6602288178354501,1.1638065471744625,-0.1566510884964376
0.9602277278900146,8.510801685286099,-1.1444899267102777,9.655291611996377,0.46506396459997584,0.6013354352861642,1.06639939988614,-0.13627147068618833
0.9801821708679199,8.66499208374927,-1.1441075663682223,9.809099650117492,0.46506396459997584,0.6013354352861642,1.06639939988614,-0.13627147068618833
1.0001444816589355,8.817880392608867,-1.1438016780945781,9.961682070703445,0.46506396459997584,0.6013354352861642,1.06639939988614,-0.13627147068618833
1.0201539993286133,8.969738105795614,-1.1435569674756625,10.113295073271276,0.46506396459997584,0.6013354352861642,1.06639939988614,-0.13627147068618833
1.0401678085327148,9.120210156723566,-1.1433611989805301,10.263571355704096,0.46506396459997584,0.6013354352861642,1.06639939988614,-0.13627147068618833
1.060157299041748,9.269059830405125,-1.1433611989805301,10.412421029385655,0.46506396459997584,0.6013354352861642,1.06639939988614,-0.13627147068618833
1.0802114009857178,9.416921350310183,-1.125626459184424,10.542547809494607,0.46506396459997584,0.6013354352861642,1.06639939988614,-0.13627147068618833
1.1001513004302979,9.562458534074349,-1.1114386673475394,10.673897201421887,0.46506396459997584,0.6013354352861642,1.06639939988614,-0.13627147068618833
1.120149850845337,9.70691618642188,-1.0825103088780315,10.789426495299912,0.46506396459997584,0.6013354352861642,1.06639939988614,-0.13627147068618833
1.1402037143707275,9.850234390138398,-1.0417894971024253,10.892023887240823,0.3950639645999759,0.6713354352861642,1.06639939988614,-0.27627147068618835
1.1601629257202148,9.991323380690336,-1.0092128476819402,11.000536228372276,0.3950639645999759,0.6713354352861642,1.06639939988614,-0.27627147068618835
1.1801543235778809,10.131064761544426,-0.9831515281455523,11.114216289689978,0.3950639645999759,0.6713354352861642,1.06639939988614,-0.27627147068618835
1.2001404762268066,10.269171672228525,-0.9623024725164419,11.231474144744967,0.3950639645999759,0.6713354352861642,1.06639939988614,-0.27627147068618835
1.2201380729675293,10.40573689125692,-0.9456232280131536,11.351360119270073,0.3950639645999759,0.6713354352861642,1.06639939988614,-0.27627147068618835
1.2402000427246094,10.541090963392932,-0.9147017074105228,11.455792670803454,0.3950639645999759,0.6713354352861642,1.06639939988614,-0.27627147068618835
1.2601640224456787,10.674121310572271,-0.7844957409284182,11.45861705150069,0.3950639645999759,0.6713354352861642,1.06639939988614,-0.27627147068618835
1.280163049697876,10.805701258645845,-0.7844957409284182,11.590196999574264,0.3950639645999759,0.6713354352861642,1.06639939988614,-0.27627147068618835
1.3001539707183838,10.935522733723854,-0.5397059677427346,11.47522870146659,0.3950639645999759,0.6713354352861642,1.06639939988614,-0.27627147068618835
1.3201417922973633,11.063599204840454,-0.2384053991941877,11.302004604034641,0.3950639645999759,0.6713354352861642,1.06639939988614,-0.27627147068618835
1.3401374816894531,11.189980114100907,0.0553694306446498,11.134610683456257,0.3950639645999759,0.6713354352861642,1.06639939988614,-0.27627147068618835
1.3601465225219727,11.314677370096566,0.3255455445157198,10.989131825580847,0.3950639645999759,0.6713354352861642,1.06639939988614,-0.27627147068618835
1.3803346157073975,11.438678019021909,0.5592645606125759,10.879413458409333,0.3950639645999759,0.6713354352861642,1.06639939988614,-0.27627147068618835
1.4003608226776123,11.559866015542681,0.7462397734900609,10.81362624205262,0.3950639645999759,0.6713354352861642,1.06639939988614,-0.27627147068618835
1.4202120304107666,11.678188760346636,0.9133980687920488,10.764790691554587,0.4338110852485984,0.7,1.1338110852485983,-0.26618891475140155
1.440279245376587,11.795952399290623,1.0998590800336392,10.696093319256985,0.4338110852485984,0.7,1.1338110852485983,-0.26618891475140155
1.4602572917938232,11.911330005221565,1.284184139026911,10.627145866194654,0.4338110852485984,0.7,1.1338110852485983,-0.26618891475140155
1.4801888465881348,12.024568861928062,1.431644186221529,10.592924675706533,0.4338110852485984,0.7,1.1338110852485983,-0.26618891475140155
1.5001587867736816,12.136134493540482,1.431644186221529,10.704490307318952,0.4338110852485984,0.7,1.1338110852485983,-0.26618891475140155
1.5201780796051025,12.24605805945278,1.5496122239772232,10.696445835475558,0.4338110852485984,0.7,1.1338110852485983,-0.26618891475140155
1.54018235206604,12.353963807490622,1.6439866541817785,10.709977153308843,0.4338110852485984,0.7,1.1338110852485983,-0.26618891475140155
1.5601780414581299,12.459872847937278,1.7019080733454228,10.757964774591855,0.4338110852485984,0.7,1.1338110852485983,-0.26618891475140155
1.580183982849121,12.563867963120943,1.7482452086763383,10.815622754444604,0.4338110852485984,0.7,1.1338110852485983,-0.26618891475140155
1.6001875400543213,12.665865880984231,1.8028930419410707,10.862972839043161,0.4338110852485984,0.7,1.1338110852485983,-0.26618891475140155
1.620175838470459,12.765787488649323,1.8290331835528566,10.936754305096466,0.4338110852485984,0.7,1.1338110852485983,-0.26618891475140155
1.6401786804199219,12.863766089992929,1.8499452968422854,11.013820793150643,0.4229031213989943,0.6299999999999999,1.0529031213989941,-0.20709687860100562
1.660182237625122,12.959716170542224,1.8666749874738287,11.093041183068395,0.4229031213989943,0.6299999999999999,1.0529031213989941,-0.20709687860100562
1.6801931858062744,13.05365334897637,1.880058739979063,11.173594608997307,0.4229031213989943,0.6299999999999999,1.0529031213989941,-0.20709687860100562
1.7001922130584717,13.145472833080627,1.8907657419832504,11.254707091097377,0.4229031213989943,0.6299999999999999,1.0529031213989941,-0.20709687860100562
1.720184087753296,13.235184972820694,1.8907657419832504,11.344419230837444,0.4229031213989943,0.6299999999999999,1.0529031213989941,-0.20709687860100562
1.740182876586914,13.322838762879023,1.8817532185866004,11.441085544292422,0.4229031213989943,0.6299999999999999,1.0529031213989941,-0.20709687860100562
1.760209560394287,13.408506829879267,1.8745431998692803,11.533963630009985,0.4229031213989943,0.6299999999999999,1.0529031213989941,-0.20709687860100562
1.7801780700683594,13.491812287703839,1.8687751848954244,11.623037102808414,0.4229031213989943,0.6299999999999999,1.0529031213989941,-0.20709687860100562
1.8003125190734863,13.573659625386403,1.8817388979163396,11.691920727470064,0.4229031213989943,0.6299999999999999,1.0529031213989941,-0.20709687860100562
1.8204045295715332,13.653168968199576,1.892109868333072,11.761059099866504,0.4229031213989943,0.6299999999999999,1.0529031213989941,-0.20709687860100562
1.8403680324554443,13.73001475325145,1.9004066446664576,11.829608108584992,0.4229031213989943,0.6299999999999999,1.0529031213989941,-0.20709687860100562
1.860222578048706,13.804298579097308,1.9070440657331662,11.897254513364143,0.35290312139899427,0.7,1.0529031213989941,-0.3470968786010057
1.8802430629730225,13.877027944170122,1.912354002586533,11.96467394158359,0.35290312139899427,0.7,1.0529031213989941,-0.3470968786010057
1.9002346992492676,13.947461423885477,1.9166019520692266,12.03085947181625,0.35290312139899427,0.7,1.0529031213989941,-0.3470968786010057
1.920180320739746,14.015539762800893,1.9200003116553814,12.095539451145513,0.35290312139899427,0.7,1.0529031213989941,-0.3470968786010057
1.9401605129241943,14.081529168551537,1.9200003116553814,12.161528856896155,0.35290312139899427,0.7,1.0529031213989941,-0.3470968786010057
1.9601519107818604,14.145334480151472,1.9402971243243052,12.205037355827168,0.35290312139899427,0.7,1.0529031213989941,-0.3470968786010057
1.9801647663116455,14.20697288759801,1.9565345744594442,12.250438313138565,0.35290312139899427,0.7,1.0529031213989941,-0.3470968786010057
2.000156879425049,14.266304573357539,1.9871026595675552,12.279201913789985,0.35290312139899427,0.7,1.0529031213989941,-0.3470968786010057
2.0201594829559326,14.323414579949587,2.117025877654044,12.206388702295543,0.35290312139899427,0.7,1.0529031213989941,-0.3470968786010057
2.040159225463867,14.37825448163673,2.3791675771232352,11.999086904513495,0.35290312139899427,0.7,1.0529031213989941,-0.3470968786010057
2.060194492340088,14.430915299800372,2.711927811698588,11.718987488101783,0.41525540618807966,0.6833915382623672,1.0986469444504467,-0.26813613207428755
2.0803020000457764,14.481466750641859,3.0308703743588707,11.450596376282988,0.41525540618807966,0.6833915382623672,1.0986469444504467,-0.26813613207428755
2.100264310836792,14.52936672073063,3.303602549487097,11.225764171243533,0.41525540618807966,0.6833915382623672,1.0986469444504467,-0.26813613207428755
2.1201980113983154,14.574917238532725,3.521788289589678,11.053128948943048,0.41525540618807966,0.6833915382623672,1.0986469444504467,-0.26813613207428755
2.140146255493164,14.618212170623034,3.521788289589678,11.096423881033356,0.41525540618807966,0.6833915382623672,1.0986469444504467,-0.26813613207428755
2.1601462364196777,14.65931398954882,3.678758756671742,10.980555232877078,0.41525540618807966,0.6833915382623672,1.0986469444504467,-0.26813613207428755
2.180145502090454,14.698099591609827,3.804335130337394,10.893764461272433,0.41525540618807966,0.6833915382623672,1.0986469444504467,-0.26813613207428755
2.200148582458496,14.734571097396767,3.904796229269915,10.82977486812685,0.41525540618807966,0.6833915382623672,1.0986469444504467,-0.26813613207428755
2.220154285430908,14.768719450612547,3.985165108415932,10.783554342196615,0.41525540618807966,0.6833915382623672,1.0986469444504467,-0.26813613207428755
2.2401535511016846,14.800524460307901,4.031882086732746,10.768642373575155,0.41525540618807966,0.6833915382623672,1.0986469444504467,-0.26813613207428755
2.26029372215271,14.830191782923377,4.069255669386197,10.76093611353718,0.41525540618807966,0.6833915382623672,1.0986469444504467,-0.26813613207428755
2.280184268951416,14.857160585435848,4.0991545355089585,10.75800604992689,0.4173844002804249,0.6879896286875009,1.1053740289679257,-0.270605228407076
2.3001749515533447,14.881927089209608,4.105495503407167,10.776431585802442,0.4173844002804249,0.6879896286875009,1.1053740289679257,-0.270605228407076
2.320244550704956,14.904429597324071,4.110568277725734,10.793861319598339,0.4173844002804249,0.6879896286875009,1.1053740289679257,-0.270605228407076
2.3402976989746094,14.92454658318934,4.114626497180587,10.809920086008752,0.4173844002804249,0.6879896286875009,1.1053740289679257,-0.270605228407076
2.3603079319000244,14.942258818319871,4.114626497180587,10.827632321139284,0.4173844002804249,0.6879896286875009,1.1053740289679257,-0.270605228407076
2.3801591396331787,14.957496408475686,4.1002949477444695,10.857201460731217,0.4173844002804249,0.6879896286875009,1.1053740289679257,-0.270605228407076
2.4001519680023193,14.970490790822762,4.088829708195576,10.881661082627186,0.4173844002804249,0.6879896286875009,1.1053740289679257,-0.270605228407076
2.420121908187866,14.981112033733673,4.079657516556461,10.901454517177212,0.4173844002804249,0.6879896286875009,1.1053740289679257,-0.270605228407076
2.4401488304138184,14.98939489184855,4.072319763245169,10.917075128603381,0.4173844002804249,0.6879896286875009,1.1053740289679257,-0.270605228407076
2.4601669311523438,14.995302293671411,4.066449560596135,10.928852733075276,0.4173844002804249,0.6879896286875009,1.1053740289679257,-0.270605228407076
2.4801926612854004,14.998838370450278,4.061753398476909,10.93708497197337,0.4173844002804249,0.6879896286875009,1.1053740289679257,-0.270605228407076
2.500195026397705,14.999999887382003,4.075574593781527,10.924425293600477,0.4173844002804249,0.6879896286875009,1.1053740289679257,-0.270605228407076
2.5201847553253174,14.99879368102921,4.0866315500252215,10.912162131003988,0.4173844002804249,0.6879896286875009,1.1053740289679257,-0.270605228407076
2.540175199508667,14.995221253166987,4.095477115020177,10.89974413814681,0.4173844002804249,0.6879896286875009,1.1053740289679257,-0.270605228407076
2.560164213180542,14.98928367775342,4.102553567016142,10.886730110737279,0.4173844002804249,0.6879896286875009,1.1053740289679257,-0.270605228407076
2.5802011489868164,14.980958977040345,4.108214728612914,10.87274424842743,0.4173844002804249,0.6879896286875009,1.1053740289679257,-0.270605228407076
2.6001930236816406,14.970286587476634,4.108214728612914,10.86207185886372,0.4173844002804249,0.6879896286875009,1.1053740289679257,-0.270605228407076
2.620223045349121,14.957225008564684,4.112743657890332,10.844481350674354,0.4173844002804249,0.6879896286875009,1.1053740289679257,-0.270605228407076
2.64019513130188,14.941842460415522,4.116366801312266,10.825475659103256,0.4173844002804249,0.6879896286875009,1.1053740289679257,-0.270605228407076
2.6602156162261963,14.92406116920361,4.1192653160498125,10.804795853153797,0.4173844002804249,0.6879896286875009,1.1053740289679257,-0.270605228407076
2.680302858352661,14.90384725376857,4.12158412783985,10.782263125928718,0.4173844002804249,0.6879896286875009,1.1053740289679257,-0.270605228407076
2.700211763381958,14.88147024505587,4.123439177271881,10.758031067783989,0.4173844002804249,0.6879896286875009,1.1053740289679257,-0.270605228407076
2.7202036380767822,14.856656810696926,4.124923216817505,10.73173359387942,0.4173844002804249,0.6879896286875009,1.1053740289679257,-0.270605228407076
2.7403476238250732,14.82928363663594,4.126110448454003,10.703173188181937,0.4173844002804249,0.6879896286875009,1.1053740289679257,-0.270605228407076
2.760270357131958,14.799874540987155,4.127060233763204,10.672814307223952,0.34757677397341424,0.6179896286875008,0.9655664026609151,-0.2704128547140866
2.7802324295043945,14.768081455556153,4.127820062010564,10.64026139354559,0.34757677397341424,0.6179896286875008,0.9655664026609151,-0.2704128547140866
2.800197124481201,14.733960520702897,4.1284279246084505,10.605532596094447,0.34757677397341424,0.6179896286875008,0.9655664026609151,-0.2704128547140866
2.820213556289673,14.697423693056107,4.1284279246084505,10.568995768447657,0.34757677397341424,0.6179896286875008,0.9655664026609151,-0.2704128547140866
2.840219259262085,14.658583608113792,4.128914214686761,10.529669393427032,0.34757677397341424,0.6179896286875008,0.9655664026609151,-0.2704128547140866
2.860203504562378,14.617472824275193,4.129303246749409,10.488169577525785,0.34757677397341424,0.6179896286875008,0.9655664026609151,-0.2704128547140866
2.8801910877227783,14.57404996359112,4.147192597399528,10.426857366191593,0.34757677397341424,0.6179896286875008,0.9655664026609151,-0.2704128547140866
2.9001970291137695,14.528285499508137,4.161504077919622,10.366781421588515,0.34757677397341424,0.6179896286875008,0.9655664026609151,-0.2704128547140866
2.9201858043670654,14.480267707328274,4.190531387335698,10.289736319992576,0.34757677397341424,0.6179896286875008,0.9655664026609151,-0.2704128547140866
2.9401865005493164,14.429935199929659,4.213753234868558,10.2161819650611,0.34757677397341424,0.6179896286875008,0.9655664026609151,-0.2704128547140866
2.960176944732666,14.377351429807158,4.249908837894847,10.12744259191231,0.34757677397341424,0.6179896286875008,0.9655664026609151,-0.2704128547140866
2.980168342590332,14.32249680741977,4.278833320315878,10.043663487103892,0.34757677397341424,0.6179896286875008,0.9655664026609151,-0.2704128547140866
3.000155210494995,14.265395638974962,4.301972906252703,9.963422732722258,0.34757677397341424,0.6179896286875008,0.9655664026609151,-0.2704128547140866
3.0201597213745117,14.205991374614017,4.320484575002162,9.885506799611855,0.34757677397341424,0.6179896286875008,0.9655664026609151,-0.2704128547140866
3.0401625633239746,14.144348044051368,4.320484575002162,9.823863469049206,0.34757677397341424,0.6179896286875008,0.9655664026609151,-0.2704128547140866
3.060192823410034,14.080381435738566,4.33529391000173,9.745087525736835,0.34757677397341424,0.6179896286875008,0.9655664026609151,-0.2704128547140866
3.0801849365234375,14.014312821436933,4.347141378001385,9.66717144343555,0.34757677397341424,0.6179896286875008,0.9655664026609151,-0.2704128547140866
3.1001698970794678,13.946057752273632,4.356619352401108,9.589438399872524,0.34757677397341424,0.6179896286875008,0.9655664026609151,-0.2704128547140866
3.120161771774292,13.875578995681547,4.364201731920887,9.51137726376066,0.34757677397341424,0.6179896286875008,0.9655664026609151,-0.2704128547140866
3.1401615142822266,13.802881876228305,4.37026763553671,9.432614240691596,0.34757677397341424,0.6179896286875008,0.9655664026609151,-0.2704128547140866
3.160156488418579,13.72802328890231,4.375120358429368,9.352902930472943,0.34757677397341424,0.6179896286875008,0.9655664026609151,-0.2704128547140866
3.1801536083221436,13.650989595082656,4.379002536743494,9.271987058339162,0.34757677397341424,0.6179896286875008,0.9655664026609151,-0.2704128547140866
3.2001519203186035,13.57179608786695,4.382108279394795,9.189687808472154,0.34757677397341424,0.6179896286875008,0.9655664026609151,-0.2704128547140866
3.2201693058013916,13.49038120482829,4.384592873515837,9.105788331312453,0.34757677397341424,0.6179896286875008,0.9655664026609151,-0.2704128547140866
3.2401671409606934,13.406914965301963,4.3865805488126695,9.020334416489295,0.34757677397341424,0.6179896286875008,0.9655664026609151,-0.2704128547140866
3.2603089809417725,13.320708149323128,4.3865805488126695,8.934127600510458,0.34757677397341424,0.6179896286875008,0.9655664026609151,-0.2704128547140866
3.2801783084869385,13.233577287086188,4.388170689050136,8.845406598036053,0.38631686499924356,0.6875203765183686,1.0738372415176123,-0.30120351151912506
3.3002631664276123,13.143405134485155,4.389442801240109,8.753962333245045,0.38631686499924356,0.6875203765183686,1.0738372415176123,-0.30120351151912506
3.320216655731201,13.05175008330027,4.390460490992088,8.661289592308183,0.38631686499924356,0.6875203765183686,1.0738372415176123,-0.30120351151912506
3.3401763439178467,12.958014155443887,4.39127464279367,8.566739512650217,0.38631686499924356,0.6875203765183686,1.0738372415176123,-0.30120351151912506
3.3601694107055664,12.86207838589277,4.391925964234936,8.470152421657835,0.38631686499924356,0.6875203765183686,1.0738372415176123,-0.30120351151912506
3.380171775817871,12.764066921661817,4.392447021387949,8.371619900273867,0.38631686499924356,0.6875203765183686,1.0738372415176123,-0.30120351151912506
3.4001667499542236,12.664076717651596,4.39286386711036,8.271212850541236,0.38631686499924356,0.6875203765183686,1.0738372415176123,-0.30120351151912506
3.4201698303222656,12.562045963172622,4.393197343688287,8.168848619484335,0.38631686499924356,0.6875203765183686,1.0738372415176123,-0.30120351151912506
3.4401662349700928,12.458065947534408,4.39346412495063,8.064601822583779,0.38631686499924356,0.6875203765183686,1.0738372415176123,-0.30120351151912506
3.4601693153381348,12.352083669729288,4.39346412495063,7.958619544778657,0.38631686499924356,0.6875203765183686,1.0738372415176123,-0.30120351151912506
3.480314254760742,12.243377878009944,4.376099424960504,7.86727845304944,0.38631686499924356,0.6875203765183686,1.0738372415176123,-0.30120351151912506
3.5001842975616455,12.134233872678989,4.362207664968404,7.772026207710585,0.45631686499924357,0.679190068617463,1.1355069336167065,-0.22287320361821944
3.520268678665161,12.021990564764556,4.351094256974723,7.670896307789833,0.45631686499924357,0.679190068617463,1.1355069336167065,-0.22287320361821944
3.5403099060058594,11.908080113990607,4.324625405579778,7.583454708410829,0.45631686499924357,0.679190068617463,1.1355069336167065,-0.22287320361821944
3.5603063106536865,11.792542558590235,4.303450324463823,7.489092234126412,0.45631686499924357,0.679190068617463,1.1355069336167065,-0.22287320361821944
3.5803332328796387,11.674962911270072,4.286510259571058,7.388452651699014,0.45631686499924357,0.679190068617463,1.1355069336167065,-0.22287320361821944
3.600349187850952,11.555600589678303,4.272958207656846,7.282642382021456,0.45631686499924357,0.679190068617463,1.1355069336167065,-0.22287320361821944
3.6203713417053223,11.434372778950994,4.244538441125478,7.189834337825516,0.45631686499924357,0.679190068617463,1.1355069336167065,-0.22287320361821944
3.640357255935669,11.311559663791071,4.221802627900382,7.089757035890689,0.45631686499924357,0.679190068617463,1.1355069336167065,-0.22287320361821944
3.660176992416382,11.188006128306192,4.186035852320305,7.001970275985887,0.45631686499924357,0.679190068617463,1.1355069336167065,-0.22287320361821944
3.6801559925079346,11.06170383648749,4.186035852320305,6.875667984167185,0.45631686499924357,0.679190068617463,1.1355069336167065,-0.22287320361821944
3.7001547813415527,10.933530756139376,4.1574224318562445,6.776108324283132,0.45631686499924357,0.679190068617463,1.1355069336167065,-0.22287320361821944
3.7201762199401855,10.80348326423001,4.116953570484996,6.6865296937450145,0.45631686499924357,0.679190068617463,1.1355069336167065,-0.22287320361821944
3.7401678562164307,10.671923501210813,4.0845784813879975,6.587345019822815,0.45631686499924357,0.679190068617463,1.1355069336167065,-0.22287320361821944
3.760164737701416,10.538644748663732,4.058678410110398,6.479966338553334,0.45631686499924357,0.679190068617463,1.1355069336167065,-0.22287320361821944
3.7802016735076904,10.403430392107882,4.037958353088319,6.365472039019563,0.45631686499924357,0.679190068617463,1.1355069336167065,-0.22287320361821944
3.8001911640167236,10.266893147825623,4.021382307470655,6.245510840354968,0.45631686499924357,0.679190068617463,1.1355069336167065,-0.22287320361821944
3.820176601409912,10.128764521178415,4.008121470976525,6.120643050201889,0.45631686499924357,0.679190068617463,1.1355069336167065,-0.22287320361821944
3.8401758670806885,9.988941546969517,3.99751280178122,5.991428745188298,0.45631686499924357,0.679190068617463,1.1355069336167065,-0.22287320361821944
3.860170841217041,9.847571828832248,3.9890258664249765,5.8585459624072715,0.45631686499924357,0.679190068617463,1.1355069336167065,-0.22287320361821944
3.8801779747009277,9.704560463110386,3.9822363181399814,5.722324144970405,0.45631686499924357,0.679190068617463,1.1355069336167065,-0.22287320361821944
3.9001824855804443,9.560034588384887,3.9768046795119854,5.583229908872902,0.45631686499924357,0.679190068617463,1.1355069336167065,-0.22287320361821944
3.9201772212982178,9.414070117684856,3.9768046795119854,5.4372654381728704,0.45631686499924357,0.679190068617463,1.1355069336167065,-0.22287320361821944
3.9401893615722656,9.266490849050058,3.9724593686095893,5.294031480440468,0.45631686499924357,0.679190068617463,1.1355069336167065,-0.22287320361821944
3.9603326320648193,9.116465119594148,3.9689831198876715,5.147481999706477,0.45631686499924357,0.679190068617463,1.1355069336167065,-0.22287320361821944
3.980239152908325,8.96676794224365,3.9837802459101375,4.982987696333511,0.47007611668319393,0.6407256788760423,1.1108017955592362,-0.17064956219284833
4.000207424163818,8.815197140599768,3.97803982172811,4.8371573188716575,0.47007611668319393,0.6407256788760423,1.1108017955592362,-0.17064956219284833
4.020163059234619,8.662335958089493,3.991025607382488,4.671310350707005,0.47007611668319393,0.6407256788760423,1.1108017955592362,-0.17064956219284833
4.040157794952393,8.507809451905699,3.983836110905991,4.523973340999707,0.47007611668319393,0.6407256788760423,1.1108017955592362,-0.17064956219284833
4.060143232345581,8.35201296463874,3.995662638724793,4.356350325913947,0.47007611668319393,0.6407256788760423,1.1108017955592362,-0.17064956219284833
4.0801801681518555,8.194492988346362,3.9875457359798347,4.206947252366527,0.47007611668319393,0.6407256788760423,1.1108017955592362,-0.17064956219284833
4.10016393661499,8.036097339513235,3.9810522137838675,4.055045125729368,0.47007611668319393,0.6407256788760423,1.1108017955592362,-0.17064956219284833
4.120166540145874,7.87628368203909,3.975857396027094,3.900426286011996,0.47007611668319393,0.6407256788760423,1.1108017955592362,-0.17064956219284833
4.1401777267456055,7.71515657135156,3.975857396027094,3.739299175324466,0.47007611668319393,0.6407256788760423,1.1108017955592362,-0.17064956219284833
4.160338401794434,7.5515924894723465,3.9717015418216755,3.579890947650671,0.47007611668319393,0.6407256788760423,1.1108017955592362,-0.17064956219284833
4.180363893508911,7.387925534351351,3.9683768584573405,3.4195486758940103,0.540076116683194,0.5707256788760422,1.1108017955592362,-0.0306495621928482
4.200313329696655,7.2237171828280875,3.9657171117658727,3.258000071062215,0.540076116683194,0.5707256788760422,1.1108017955592362,-0.0306495621928482
4.220312595367432,7.057959491133927,3.963589314412699,3.094370176721228,0.540076116683194,0.5707256788760422,1.1108017955592362,-0.0306495621928482
4.240271806716919,6.8914226537142325,3.96188707653016,2.9295355771840725,0.540076116683194,0.5707256788760422,1.1108017955592362,-0.0306495621928482
4.260184049606323,6.724197715206068,3.9605252862241276,2.7636724289819403,0.540076116683194,0.5707256788760422,1.1108017955592362,-0.0306495621928482
4.28019380569458,6.555093619433211,3.959435853979303,2.595657765453908,0.540076116683194,0.5707256788760422,1.1108017955592362,-0.0306495621928482
4.300182342529297,6.385134352024673,3.9585643081834427,2.4265700438412305,0.540076116683194,0.5707256788760422,1.1108017955592362,-0.0306495621928482
4.320190668106079,6.213998205716394,3.940288946546754,2.27370925916964,0.540076116683194,0.5707256788760422,1.1108017955592362,-0.0306495621928482
4.34019136428833,6.041945794228397,3.890512407237404,2.151433386990993,0.540076116683194,0.5707256788760422,1.1108017955592362,-0.0306495621928482
4.360183000564575,5.869017803364729,3.890512407237404,1.978505396127325,0.540076116683194,0.5707256788760422,1.1108017955592362,-0.0306495621928482
4.380165338516235,5.6952448738865105,3.7979568007899234,1.897288073096587,0.540076116683194,0.5707256788760422,1.1108017955592362,-0.0306495621928482
4.400189638137817,5.520206464034091,3.6535998156319387,1.8666066484021524,0.6100761166831941,0.6407256788760423,1.2508017955592363,-0.0306495621928482
4.420210361480713,5.344325723869783,3.5205361025055515,1.8237896213642317,0.6100761166831941,0.6407256788760423,1.2508017955592363,-0.0306495621928482
4.44017219543457,5.168120342677848,3.378928882004441,1.7891914606734067,0.6100761166831941,0.6407256788760423,1.2508017955592363,-0.0306495621928482
4.460197687149048,4.990536189462468,3.2304868556035533,1.7600493338589143,0.6100761166831941,0.6407256788760423,1.2508017955592363,-0.0306495621928482
4.480186462402344,4.8124897150117185,3.094155109482843,1.7183346055288755,0.6100761166831941,0.6407256788760423,1.2508017955592363,-0.0306495621928482
4.5001726150512695,4.633707653958154,2.9850897125862748,1.648617941371879,0.6100761166831941,0.6407256788760423,1.2508017955592363,-0.0306495621928482
4.520187616348267,4.453935260703549,2.88025927006902,1.5736759906345288,0.6100761166831941,0.6407256788760423,1.2508017955592363,-0.0306495621928482
4.540182828903198,4.273637259037295,2.7436605410552164,1.5299767179820782,0.6100761166831941,0.6407256788760423,1.2508017955592363,-0.0306495621928482
4.5604023933410645,4.090630442882084,2.599225307844173,1.491405135037911,0.6100761166831941,0.6407256788760423,1.2508017955592363,-0.0306495621928482
4.5802998542785645,3.909894298492802,2.599225307844173,1.310668990648629,0.5898698161414355,0.6203992470353841,1.2102690631768196,-0.03052943089394855
4.600250244140625,3.7280638623814966,2.4836771212753384,1.2443867411061582,0.5898698161414355,0.6203992470353841,1.2102690631768196,-0.03052943089394855
4.6202099323272705,3.545562487405783,2.3912385720202707,1.1543239153855125,0.5898698161414355,0.6203992470353841,1.2102690631768196,-0.03052943089394855
4.640251159667969,3.3617545463120297,2.3172877326162165,1.0444668136958133,0.5898698161414355,0.6203992470353841,1.2102690631768196,-0.03052943089394855
4.660275220870972,3.177571669810404,2.2405489360929733,0.9370227337174306,0.5898698161414355,0.6203992470353841,1.2102690631768196,-0.03052943089394855
4.680213689804077,2.9936762732651654,2.179157898874379,0.8145183743907864,0.5898698161414355,0.6203992470353841,1.2102690631768196,-0.03052943089394855
4.70016074180603,2.8092315826551038,2.1300450690995034,0.6791865135556003,0.5898698161414355,0.6203992470353841,1.2102690631768196,-0.03052943089394855
4.7201478481292725,2.6239739461216574,2.090754805279603,0.5332191408420544,0.5898698161414355,0.6203992470353841,1.2102690631768196,-0.03052943089394855
4.74015474319458,2.43811846363332,2.0593225942236826,0.3787958694096374,0.5898698161414355,0.6203992470353841,1.2102690631768196,-0.03052943089394855
4.760167837142944,2.251819947464444,2.0341768253789465,0.21764312208549752,0.5898698161414355,0.6203992470353841,1.2102690631768196,-0.03052943089394855
4.7801594734191895,2.0653656848220048,2.0341768253789465,0.03118885944305827,0.5898698161414355,0.6203992470353841,1.2102690631768196,-0.03052943089394855
4.800152540206909,1.8785721736110972,2.0140602103031573,-0.1354880366920601,0.5898698161414355,0.6203992470353841,1.2102690631768196,-0.03052943089394855
4.820150852203369,1.6914331000883747,1.997966918242526,-0.30653381815415126,0.5898698161414355,0.6203992470353841,1.2102690631768196,-0.03052943089394855
4.840150356292725,1.5040157961644753,1.9850922845940209,-0.48107648842954553,0.5898698161414355,0.6203992470353841,1.2102690631768196,-0.03052943089394855
4.8601531982421875,1.3163296652667533,1.974792577675217,-0.6584629124084638,0.5898698161414355,0.6203992470353841,1.2102690631768196,-0.03052943089394855
4.88016152381897,1.1283840760538641,1.9665528121401739,-0.8381687360863097,0.5898698161414355,0.6203992470353841,1.2102690631768196,-0.03052943089394855
4.900278329849243,0.9392397578018052,1.9599609997121392,-1.020721241910334,0.5898698161414355,0.6203992470353841,1.2102690631768196,-0.03052943089394855
4.92032265663147,0.7506276309938172,1.9546875497697118,-1.2040599187758945,0.6403635109832972,0.6903992470353841,1.3307627580186814,-0.05003573605208689
4.940307140350342,0.5624600567193444,1.9504687898157698,-1.3880087330964255,0.6403635109832972,0.6903992470353841,1.3307627580186814,-0.05003573605208689
4.960209608078003,0.37497654267979136,1.9470937818526157,-1.5721172391728244,0.6403635109832972,0.6903992470353841,1.3307627580186814,-0.05003573605208689
4.9801647663116455,0.1869378339496542,1.944393775482093,-1.757455941532439,0.6403635109832972,0.6903992470353841,1.3307627580186814,-0.05003573605208689
5.000153303146362,-0.001444848112914684,1.944393775482093,-1.9458386235950078,0.6403635109832972,0.6903992470353841,1.3307627580186814,-0.05003573605208689
5.020182371139526,-0.19020926879573669,1.9422337703856747,-2.1324430391814113,0.6403635109832972,0.6903992470353841,1.3307627580186814,-0.05003573605208689
5.040181636810303,-0.37866277516597774,1.9405057663085399,-2.3191685414745176,0.6403635109832972,0.6903992470353841,1.3307627580186814,-0.05003573605208689
5.060195446014404,-0.5671934622541216,1.9391233630468323,-2.506316825300954,0.6403635109832972,0.6903992470353841,1.3307627580186814,-0.05003573605208689
5.080188512802124,-0.7554392146701978,1.9380174404374662,-2.693456655107664,0.6403635109832972,0.6903992470353841,1.3307627580186814,-0.05003573605208689
5.1001763343811035,-0.9435164201397666,1.9371327023499731,-2.8806491224897397,0.6403635109832972,0.6903992470353841,1.3307627580186814,-0.05003573605208689
5.1202921867370605,-1.1326480351757673,1.9364249118799788,-3.069072947055746,0.6176702643802852,0.7,1.3176702643802851,-0.0823297356197148
5.140186309814453,-1.319517078754862,1.9358586795039832,-3.255375758258845,0.6176702643802852,0.7,1.3176702643802851,-0.0823297356197148
5.1601879596710205,-1.5071882462676158,1.9354056936031867,-3.4425939398708025,0.6176702643802852,0.7,1.3176702643802851,-0.0823297356197148
5.180213928222656,-1.6948491027597776,1.9350433048825497,-3.6298924076423273,0.6176702643802852,0.7,1.3176702643802851,-0.0823297356197148
5.200217247009277,-1.882029845581847,1.9347533939060397,-3.8167832394878864,0.6176702643802852,0.7,1.3176702643802851,-0.0823297356197148
5.22016453742981,-2.0683902862226047,1.9347533939060397,-4.003143680128645,0.6176702643802852,0.7,1.3176702643802851,-0.0823297356197148
5.240150213241577,-2.254783487196309,1.934521465124832,-4.189304952321141,0.6176702643802852,0.7,1.3176702643802851,-0.0823297356197148
5.260154962539673,-2.4409985088735593,1.934335922099866,-4.3753344309734254,0.6176702643802852,0.7,1.3176702643802851,-0.0823297356197148
5.280152320861816,-2.626759303613132,1.934187487679893,-4.560946791293025,0.6176702643802852,0.7,1.3176702643802851,-0.0823297356197148
5.3001487255096436,-2.8120965833697293,1.9340687401439145,-4.746165323513644,0.6176702643802852,0.7,1.3176702643802851,-0.0823297356197148
5.320150375366211,-2.99703839826363,1.9339737421151317,-4.931012140378762,0.6176702643802852,0.7,1.3176702643802851,-0.0823297356197148
5.340146541595459,-3.181456361853403,1.9338977436921057,-5.115354105545508,0.6176702643802852,0.7,1.3176702643802851,-0.0823297356197148
5.360150575637817,-3.365444391152111,1.9338369449536847,-5.299281336105795,0.6176702643802852,0.7,1.3176702643802851,-0.0823297356197148
5.380148887634277,-3.54884836543981,1.9337883059629482,-5.482636671402759,0.6176702643802852,0.7,1.3176702643802851,-0.0823297356197148
5.40016508102417,-3.7318552594503296,1.9161712697703586,-5.648026529220688,0.6176702643802852,0.7,1.3176702643802851,-0.0823297356197148
5.420152902603149,-3.914013761785876,1.9020776408162867,-5.816091402602162,0.6176702643802852,0.7,1.3176702643802851,-0.0823297356197148
5.440150260925293,-4.095641414872852,1.8908027376530294,-5.986444152525881,0.6176702643802852,0.7,1.3176702643802851,-0.0823297356197148
5.460182428359985,-4.2769369403185165,1.8908027376530294,-6.167739677971546,0.6176702643802852,0.7,1.3176702643802851,-0.0823297356197148
5.480151653289795,-4.456988489967059,1.8817828151224236,-6.338771305089482,0.6176702643802852,0.7,1.3176702643802851,-0.0823297356197148
5.500216245651245,-4.637193189969422,1.8745668770979391,-6.511760067067361,0.6176702643802852,0.7,1.3176702643802851,-0.0823297356197148
5.520303964614868,-4.81686730557134,1.8687941266783514,-6.685661432249692,0.6176702643802852,0.7,1.3176702643802851,-0.0823297356197148
5.540303707122803,-4.9949922668259275,1.8641759263426811,-6.859168193168609,0.6375045797845811,0.7,1.337504579784581,-0.06249542021541887
5.560220718383789,-5.171596572495462,1.8604813660741453,-7.032077938569607,0.6375045797845811,0.7,1.337504579784581,-0.06249542021541887
5.5802388191223145,-5.348281124157367,1.8575257178593163,-7.205806842016683,0.6375045797845811,0.7,1.337504579784581,-0.06249542021541887
5.600170135498047,-5.523359145356256,1.8551611992874533,-7.378520344643709,0.6375045797845811,0.7,1.337504579784581,-0.06249542021541887
5.620164155960083,-5.698117620436281,1.8532695844299627,-7.551387204866243,0.6375045797845811,0.7,1.337504579784581,-0.06249542021541887
5.640151739120483,-5.871921006358393,1.8517562925439701,-7.723677298902364,0.6375045797845811,0.7,1.337504579784581,-0.06249542021541887
5.660158157348633,-6.044960762426503,1.850545659035176,-7.895506421461679,0.6375045797845811,0.7,1.337504579784581,-0.06249542021541887
5.680157661437988,-6.216986032745679,1.850545659035176,-8.067531691780855,0.6375045797845811,0.7,1.337504579784581,-0.06249542021541887
5.700169801712036,-6.388137371156263,1.849577152228141,-8.237714523384403,0.6375045797845811,0.7,1.337504579784581,-0.06249542021541887
5.720302581787109,-6.559301274711891,1.8488023467825128,-8.408103621494403,0.6375045797845811,0.7,1.337504579784581,-0.06249542021541887
5.740173816680908,-6.7272124776205136,1.8481825024260101,-8.575394980046523,0.6508763342222661,0.6644609540700912,1.3153372882923573,-0.013584619847825108
5.760170221328735,-6.8951227056217546,1.8476866269408083,-8.742809332562564,0.6508763342222661,0.6644609540700912,1.3153372882923573,-0.013584619847825108
5.78015398979187,-7.061839435976254,1.8472899265526468,-8.909129362528901,0.6508763342222661,0.6644609540700912,1.3153372882923573,-0.013584619847825108
5.800169944763184,-7.22770864342624,1.8469725662421175,-9.074681209668357,0.6508763342222661,0.6644609540700912,1.3153372882923573,-0.013584619847825108
5.820162057876587,-7.392239168334747,1.846718677993694,-9.238957846328441,0.6508763342222661,0.6644609540700912,1.3153372882923573,-0.013584619847825108
5.840170621871948,-7.555737233267579,1.8289374423949551,-9.384674675662534,0.6508763342222661,0.6644609540700912,1.3153372882923573,-0.013584619847825108
5.860158443450928,-7.71787350818752,1.8147124539159643,-9.532585962103484,0.6508763342222661,0.6644609540700912,1.3153372882923573,-0.013584619847825108
5.880122900009155,-7.8786051373479475,1.8209105881327716,-9.699515725480719,0.6508763342222661,0.6644609540700912,1.3153372882923573,-0.013584619847825108
5.900165319442749,-8.038717427852777,1.8209105881327716,-9.85962801598555,0.6508763342222661,0.6644609540700912,1.3153372882923573,-0.013584619847825108
5.920164585113525,-8.197214312384345,1.8082909705062176,-10.005505282890562,0.7,0.6929067902266979,1.3929067902266978,0.007093209773302078
5.940188407897949,-8.354609080090784,1.7981952764049742,-10.152804356495757,0.7,0.6929067902266979,1.3929067902266978,0.007093209773302078
5.960292100906372,-8.511301267442757,1.7901187211239793,-10.301419988566737,0.7,0.6929067902266979,1.3929067902266978,0.007093209773302078
5.980275869369507,-8.665712909394557,1.7836574768991837,-10.44937038629374,0.7,0.6929067902266979,1.3929067902266978,0.007093209773302078
6.000349760055542,-8.819445423872084,1.7784884815193471,-10.59793390539143,0.7,0.6929067902266979,1.3929067902266978,0.007093209773302078
6.02041220664978,-8.97168849761029,1.7743532852154777,-10.746041782825767,0.7,0.6929067902266979,1.3929067902266978,0.007093209773302078
6.040187835693359,-9.120360010814268,1.7710451281723825,-10.89140513898665,0.7,0.6929067902266979,1.3929067902266978,0.007093209773302078
6.060147047042847,-9.268983862713132,1.768398602537906,-11.037382465251037,0.7,0.6929067902266979,1.3929067902266978,0.007093209773302078
6.080144882202148,-9.416433357063552,1.7662813820303247,-11.182714739093877,0.7,0.6929067902266979,1.3929067902266978,0.007093209773302078
6.100169658660889,-9.56259183888569,1.7662813820303247,-11.328873220916014,0.7,0.6929067902266979,1.3929067902266978,0.007093209773302078
6.120166540145874,-9.707036103138106,1.76458760562426,-11.471623708762367,0.7,0.6929067902266979,1.3929067902266978,0.007093209773302078
6.1401801109313965,-9.85006661912088,1.7632325844994081,-11.613299203620288,0.7,0.6929067902266979,1.3929067902266978,0.007093209773302078
6.160163402557373,-9.991326732705883,1.7621485675995265,-11.753475300305409,0.7,0.6929067902266979,1.3929067902266978,0.007093209773302078
6.180158853530884,-10.131096245945944,1.7612813540796213,-11.892377600025565,0.7,0.6929067902266979,1.3929067902266978,0.007093209773302078
6.200150728225708,-10.269242101176769,1.760587583263697,-12.029829684440465,0.7,0.6929067902266979,1.3929067902266978,0.007093209773302078
6.220143795013428,-10.40577573349833,1.7600325666109577,-12.165808300109289,0.7,0.6929067902266979,1.3929067902266978,0.007093209773302078
6.240149736404419,-10.540753642511238,1.7595885532887663,-12.300342195800004,0.7,0.6929067902266979,1.3929067902266978,0.007093209773302078
6.260150909423828,-10.674034480646851,1.759233342631013,-12.433267823277864,0.7,0.6929067902266979,1.3929067902266978,0.007093209773302078
6.280156850814819,-10.805660737501382,1.7589491741048104,-12.564609911606192,0.7,0.6929067902266979,1.3929067902266978,0.007093209773302078
6.300146818161011,-10.935476592181214,1.7587218392838484,-12.694198431465063,0.7,0.6929067902266979,1.3929067902266978,0.007093209773302078
6.320156097412109,-11.063690245612507,1.7587218392838484,-12.822412084896357,0.7,0.6929067902266979,1.3929067902266978,0.007093209773302078
6.340259552001953,-11.190746244107459,1.7585399714270789,-12.949286215534537,0.7,0.6929067902266979,1.3929067902266978,0.007093209773302078
6.360170364379883,-11.314824890811375,1.758394477141663,-13.073219367953037,0.7,0.6929067902266979,1.3929067902266978,0.007093209773302078
6.380198001861572,-11.437845063052034,1.7582780817133306,-13.196123144765364,0.6965271002147346,0.6373084604740142,1.3338355606887489,0.05921863974072039
6.400213956832886,-11.558983899894356,1.7581849653706645,-13.317168865265021,0.6965271002147346,0.6373084604740142,1.3338355606887489,0.05921863974072039
6.42016077041626,-11.677885557869436,1.7581104722965317,-13.435996030165967,0.6965271002147346,0.6373084604740142,1.3338355606887489,0.05921863974072039
6.440869331359863,-11.799387003750784,1.7580508778372255,-13.55743788158801,0.6965271002147346,0.6373084604740142,1.3338355606887489,0.05921863974072039
6.46014404296875,-11.910681240695187,1.7580032022697805,-13.668684442964967,0.6965271002147346,0.6373084604740142,1.3338355606887489,0.05921863974072039
6.480170965194702,-12.024468113370373,1.7579650618158245,-13.782433175186197,0.6965271002147346,0.6373084604740142,1.3338355606887489,0.05921863974072039
6.500183820724487,-12.136273154710842,1.7579345494526595,-13.894207704163502,0.6965271002147346,0.6373084604740142,1.3338355606887489,0.05921863974072039
6.5201921463012695,-12.24613461884746,1.7579101395621277,-14.004044758409588,0.6965271002147346,0.6373084604740142,1.3338355606887489,0.05921863974072039
6.54018497467041,-12.353977826591256,1.7579101395621277,-14.111887966153384,0.6965271002147346,0.6373084604740142,1.3338355606887489,0.05921863974072039
6.560192108154297,-12.459946663188381,1.7578906116497024,-14.217837274838084,0.6965271002147346,0.6373084604740142,1.3338355606887489,0.05921863974072039
6.58018159866333,-12.563855687571085,1.757874989319762,-14.321730676890846,0.6965271002147346,0.6373084604740142,1.3338355606887489,0.05921863974072039
6.600321292877197,-12.666541169085523,1.7578624914558096,-14.424403660541333,0.6965271002147346,0.6373084604740142,1.3338355606887489,0.05921863974072039
6.620209455490112,-12.76595384863707,1.7578524931646478,-14.523806341801718,0.6965271002147346,0.6373084604740142,1.3338355606887489,0.05921863974072039
6.640177965164185,-12.86376262273866,1.7578444945317184,-14.62160711727038,0.6265271002147346,0.5673084604740142,1.1938355606887487,0.05921863974072039
6.660196542739868,-12.959784056435668,1.7578380956253747,-14.717622152061043,0.6265271002147346,0.5673084604740142,1.1938355606887487,0.05921863974072039
6.680185556411743,-13.053617926689967,1.7578329765003,-14.811450903190266,0.6265271002147346,0.5673084604740142,1.1938355606887487,0.05921863974072039
6.700152158737183,-13.145291005373117,1.75782888120024,-14.903119886573357,0.6265271002147346,0.5673084604740142,1.1938355606887487,0.05921863974072039
6.720155715942383,-13.235059132708146,1.7226693549601921,-14.957728487668339,0.6265271002147346,0.5673084604740142,1.1938355606887487,0.05921863974072039
6.740150451660156,-13.322698344737114,1.5714948589681537,-14.894193203705267,0.6265271002147346,0.5673084604740142,1.1938355606887487,0.05921863974072039
6.760175943374634,-13.408364801603089,1.5714948589681537,-14.979859660571242,0.6265271002147346,0.5673084604740142,1.1938355606887487,0.05921863974072039
6.780153036117554,-13.49170917693412,1.380242762174523,-14.871951939108644,0.6265271002147346,0.5673084604740142,1.1938355606887487,0.05921863974072039
6.800141334533691,-13.572972891330535,1.1920848347396185,-14.765057726070154,0.6265271002147346,0.5673084604740142,1.1938355606887487,0.05921863974072039
6.82015585899353,-13.652198186191038,1.0591366177916948,-14.711334803982734,0.6265271002147346,0.5673084604740142,1.1938355606887487,0.05921863974072039
6.84015154838562,-13.729193002319155,0.9527780442333559,-14.68197104655251,0.6265271002147346,0.5673084604740142,1.1938355606887487,0.05921863974072039
6.860142707824707,-13.804004048493859,0.8676911853866847,-14.671695233880543,0.6265271002147346,0.5673084604740142,1.1938355606887487,0.05921863974072039
6.880143880844116,-13.876673043360167,0.7996216983093478,-14.676294741669516,0.6265271002147346,0.5673084604740142,1.1938355606887487,0.05921863974072039
6.900137186050415,-13.947123202440359,0.7451661086474783,-14.692289311087837,0.6265271002147346,0.5673084604740142,1.1938355606887487,0.05921863974072039
6.920159101486206,-14.01546850507158,0.7016016369179827,-14.717070141989563,0.6265271002147346,0.5673084604740142,1.1938355606887487,0.05921863974072039
6.9401891231536865,-14.0816220720092,0.6667500595343863,-14.748372131543587,0.6648181261215358,0.4973084604740142,1.1621265865955501,0.16750966564752157
6.960247755050659,-14.145635012736104,0.638868797627509,-14.784503810363613,0.6648181261215358,0.4973084604740142,1.1621265865955501,0.16750966564752157
6.980238199234009,-14.207194926154159,0.638868797627509,-14.846063723781668,0.6648181261215358,0.4973084604740142,1.1621265865955501,0.16750966564752157
7.000515460968018,-14.267348233257314,0.6165637881020072,-14.883912021359322,0.6648181261215358,0.4973084604740142,1.1621265865955501,0.16750966564752157
7.020154237747192,-14.323399900372847,0.5987197804816058,-14.922119680854452,0.6648181261215358,0.4973084604740142,1.1621265865955501,0.16750966564752157
7.040141820907593,-14.378207743635185,0.5844445743852846,-14.96265231802047,0.6648181261215358,0.4973084604740142,1.1621265865955501,0.16750966564752157
7.0601325035095215,-14.430755890567106,0.5730244095082278,-15.003780300075334,0.6648181261215358,0.4973084604740142,1.1621265865955501,0.16750966564752157
7.080164432525635,-14.48112874174068,0.5638882776065822,-15.045017019347261,0.6648181261215358,0.4973084604740142,1.1621265865955501,0.16750966564752157
7.100155830383301,-14.529112589859693,0.45111062208526576,-14.980223211944958,0.6648181261215358,0.4973084604740142,1.1621265865955501,0.16750966564752157
7.120151519775391,-14.574813657755751,0.2202634976682126,-14.795077155423964,0.6648181261215358,0.4973084604740142,1.1621265865955501,0.16750966564752157
7.1401450634002686,-14.61820965189582,0.00042954813457008693,-14.618639200030389,0.6648181261215358,0.4973084604740142,1.1621265865955501,0.16750966564752157
7.160142660140991,-14.659306846704673,-0.17543761149234394,-14.48386923521233,0.6648181261215358,0.4973084604740142,1.1621265865955501,0.16750966564752157
7.180170059204102,-14.698145791072173,-0.31613133919387515,-14.382014451878298,0.6648181261215358,0.4973084604740142,1.1621265865955501,0.16750966564752157
7.20096230506897,-14.736005524532159,-0.31613133919387515,-14.419874185338283,0.6648181261215358,0.4973084604740142,1.1621265865955501,0.16750966564752157
7.220190048217773,-14.768778407342861,-0.42868632135510015,-14.340092085987761,0.6648181261215358,0.4973084604740142,1.1621265865955501,0.16750966564752157
7.240225791931152,-14.800635112375529,-0.5187303070840802,-14.281904805291449,0.6285709136817603,0.4603730788826941,1.0889439925644544,0.16819783479906625
7.260229587554932,-14.830101076660878,-0.5907654956672641,-14.239335580993613,0.6285709136817603,0.4603730788826941,1.0889439925644544,0.16819783479906625
7.280181407928467,-14.857156873056901,-0.6483936465338113,-14.20876322652309,0.6285709136817603,0.4603730788826941,1.0889439925644544,0.16819783479906625
7.300174236297607,-14.881926245056102,-0.694496167227049,-14.187430077829053,0.6285709136817603,0.4603730788826941,1.0889439925644544,0.16819783479906625
7.320172309875488,-14.90435284722417,-0.7313781837816392,-14.17297466344253,0.6285709136817603,0.4603730788826941,1.0889439925644544,0.16819783479906625
7.340177297592163,-14.924432865581418,-0.7784619220253115,-14.145970943556106,0.6285709136817603,0.4603730788826941,1.0889439925644544,0.16819783479906625
7.360171318054199,-14.9421458981653,-0.9567539126202492,-13.985391985545052,0.6285709136817603,0.4603730788826941,1.0889439925644544,0.16819783479906625
7.380151033401489,-14.957490660973919,-1.2048562550961994,-13.75263440587772,0.6285709136817603,0.4603730788826941,1.0889439925644544,0.16819783479906625
7.400144815444946,-14.970486564307263,-1.4209162540769595,-13.549570310230305,0.6285709136817603,0.4603730788826941,1.0889439925644544,0.16819783479906625
7.420209646224976,-14.981153495315832,-1.593764253261568,-13.387389242054264,0.6285709136817603,0.4603730788826941,1.0889439925644544,0.16819783479906625
7.440269708633423,-14.989437680711873,-1.593764253261568,-13.395673427450305,0.6285709136817603,0.4603730788826941,1.0889439925644544,0.16819783479906625
7.460270643234253,-14.995326723090757,-1.7320426526092547,-13.263284070481502,0.6781448567006736,0.3903730788826941,1.0685179355833676,0.28777177781797947
7.480164527893066,-14.998835068303938,-1.842665372087404,-13.156169696216534,0.6781448567006736,0.3903730788826941,1.0685179355833676,0.28777177781797947
7.50014853477478,-14.999999934675321,-1.9311635476699236,-13.068836387005398,0.6781448567006736,0.3903730788826941,1.0685179355833676,0.28777177781797947
7.5201499462127686,-14.998797838040238,-2.001962088135939,-12.9968357499043,0.6781448567006736,0.3903730788826941,1.0685179355833676,0.28777177781797947
7.540151596069336,-14.995226866368535,-2.0586009205087517,-12.936625945859783,0.6781448567006736,0.3903730788826941,1.0685179355833676,0.28777177781797947
7.560155153274536,-14.989286904588754,-2.1039119864070015,-12.885374918181753,0.6781448567006736,0.3903730788826941,1.0685179355833676,0.28777177781797947
7.580147981643677,-14.980984208877373,-2.2983639641256013,-12.682620244751773,0.6781448567006736,0.3903730788826941,1.0685179355833676,0.28777177781797947
7.600187540054321,-14.970289838781133,-2.629706796300481,-12.340583042480652,0.6781448567006736,0.3903730788826941,1.0685179355833676,0.28777177781797947
7.6201560497283936,-14.957272646315197,-3.035406062040385,-11.921866584274811,0.6781448567006736,0.3903730788826941,1.0685179355833676,0.28777177781797947
7.640223979949951,-14.941818538708201,-3.035406062040385,-11.906412476667816,0.7,0.39593534056097257,1.0959353405609726,0.3040646594390274
7.660160779953003,-14.924113098919026,-3.3951217246323084,-11.528991374286718,0.7,0.39593534056097257,1.0959353405609726,0.3040646594390274
7.680151462554932,-14.90400848771245,-3.7004723797058467,-11.203536108006602,0.7,0.39593534056097257,1.0959353405609726,0.3040646594390274
7.700150728225708,-14.881542407087185,-3.962331028764677,-10.919211378322508,0.7,0.39593534056097257,1.0959353405609726,0.3040646594390274
7.720161199569702,-14.85671196856878,-4.171817948011742,-10.684894020557039,0.7,0.39593534056097257,1.0959353405609726,0.3040646594390274
7.740156888961792,-14.829553968906236,-4.356985608409394,-10.472568360496842,0.7,0.39593534056097257,1.0959353405609726,0.3040646594390274
7.760146617889404,-14.80006436160472,-4.487541611727515,-10.312522749877205,0.7,0.39593534056097257,1.0959353405609726,0.3040646594390274
7.780157566070557,-14.768205031904925,-4.591986414382013,-10.176218617522913,0.7,0.39593534056097257,1.0959353405609726,0.3040646594390274
7.800152063369751,-14.734040145618321,-4.693120381505611,-10.040919764112711,0.7,0.39593534056097257,1.0959353405609726,0.3040646594390274
7.820275783538818,-14.69730647920291,-4.774027555204489,-9.92327892399842,0.7,0.39593534056097257,1.0959353405609726,0.3040646594390274
7.840203523635864,-14.65861506903223,-4.838753294163592,-9.819861774868638,0.7,0.32593534056097256,1.0259353405609726,0.3740646594390274
7.860170841217041,-14.617541900138777,-4.838753294163592,-9.778788605975185,0.7,0.32593534056097256,1.0259353405609726,0.3740646594390274
7.880155801773071,-14.57412864944115,-4.890533885330874,-9.683594764110275,0.7,0.32593534056097256,1.0259353405609726,0.3740646594390274
7.90018105506897,-14.528322957544873,-4.9319583582646995,-9.596364599280173,0.7,0.32593534056097256,1.0259353405609726,0.3740646594390274
7.920212984085083,-14.480200858454412,-4.96509793661176,-9.51510292184265,0.7,0.32593534056097256,1.0259353405609726,0.3740646594390274
7.940416097640991,-14.42934416471151,-4.991609599289408,-9.437734565422103,0.7,0.32593534056097256,1.0259353405609726,0.3740646594390274
7.96033787727356,-14.376918890720557,-5.012818929431527,-9.36409996128903,0.7,0.32593534056097256,1.0259353405609726,0.3740646594390274
7.980321168899536,-14.322068750879119,-5.100098893545221,-9.221969857333898,0.7,0.32593534056097256,1.0259353405609726,0.3740646594390274
8.000277757644653,-14.265038581218196,-5.345704114836177,-8.919334466382018,0.7,0.32593534056097256,1.0259353405609726,0.3740646594390274
8.020185947418213,-14.20591202007174,-5.717969541868942,-8.487942478202797,0.7,0.32593534056097256,1.0259353405609726,0.3740646594390274
8.040165901184082,-14.144337570956552,-6.121250633495154,-8.023086937461397,0.7,0.32593534056097256,1.0259353405609726,0.3740646594390274
8.060146570205688,-14.08053171824338,-6.5317661317961235,-7.5487655864472565,0.7,0.32593534056097256,1.0259353405609726,0.3740646594390274
8.08014965057373,-14.0144313832306,-6.5317661317961235,-7.482665251434476,0.7,0.32593534056097256,1.0259353405609726,0.3740646594390274
8.100188970565796,-13.945991558118962,-6.912912905436899,-7.033078652682063,0.7,0.32593534056097256,1.0259353405609726,0.3740646594390274
8.12015151977539,-13.875615699803449,-7.27056469934952,-6.605051000453929,0.7,0.32593534056097256,1.0259353405609726,0.3740646594390274
8.14017391204834,-13.80283613437486,-7.556686134479616,-6.246149999895245,0.7,0.32593534056097256,1.0259353405609726,0.3740646594390274
8.160169124603271,-13.727975294321746,-7.803161407583694,-5.924813886738052,0.7,0.32593534056097256,1.0259353405609726,0.3740646594390274
8.180157661437988,-13.650973762653168,-7.982763501066957,-5.668210261586211,0.7,0.32593534056097256,1.0259353405609726,0.3740646594390274
8.200196266174316,-13.571618092112956,-8.126445175853567,-5.44517291625939,0.7,0.32593534056097256,1.0259353405609726,0.3740646594390274
8.220282793045044,-13.489913532640802,-8.241390515682854,-5.248523016957948,0.7,0.32593534056097256,1.0259353405609726,0.3740646594390274
8.240206956863403,-13.40674666737141,-8.333346787546285,-5.073399879825125,0.7,0.39593534056097257,1.0959353405609726,0.3040646594390274
8.260258674621582,-13.320926123128196,-8.424489930037028,-4.8964361930911675,0.7,0.39593534056097257,1.0959353405609726,0.3040646594390274
8.280222415924072,-13.233381567971247,-8.479826319029623,-4.753555248941623,0.7,0.39593534056097257,1.0959353405609726,0.3040646594390274
8.30014705657959,-13.14393244570568,-8.479826319029623,-4.664106126676057,0.7,0.39593534056097257,1.0959353405609726,0.3040646594390274
8.320138454437256,-13.052113309597477,-8.5416735552237,-4.5104397543737775,0.7,0.39593534056097257,1.0959353405609726,0.3040646594390274
8.340136289596558,-12.958204306786802,-8.59115134417896,-4.367052962607842,0.7,0.39593534056097257,1.0959353405609726,0.3040646594390274
8.360135555267334,-12.862242559467251,-8.630733575343168,-4.231508984124083,0.7,0.39593534056097257,1.0959353405609726,0.3040646594390274
8.380135536193848,-12.764246323332564,-8.662399360274534,-4.10184696305803,0.7,0.39593534056097257,1.0959353405609726,0.3040646594390274
8.40015697479248,-12.664126090603917,-8.687731988219628,-3.9763941023842886,0.7,0.39593534056097257,1.0959353405609726,0.3040646594390274
8.420316934585571,-12.561288250821267,-8.707998090575702,-3.8532901602455656,0.6996679864125326,0.40550201829522836,1.105170004707761,0.2941659681173042
8.440201997756958,-12.457878216700097,-8.724210972460561,-3.7336672442395358,0.6996679864125326,0.40550201829522836,1.105170004707761,0.2941659681173042
8.46017599105835,-12.352047973145607,-8.73718127796845,-3.6148666951771578,0.6996679864125326,0.40550201829522836,1.105170004707761,0.2941659681173042
8.480178833007812,-12.24411520696653,-8.747557522374759,-3.496557684591771,0.6996679864125326,0.40550201829522836,1.105170004707761,0.2941659681173042
8.500181913375854,-12.13424708255285,-8.755858517899808,-3.378388564653042,0.6996679864125326,0.40550201829522836,1.105170004707761,0.2941659681173042
8.520193338394165,-12.022415198969085,-8.762499314319847,-3.2599158846492386,0.6996679864125326,0.40550201829522836,1.105170004707761,0.2941659681173042
8.540178537368774,-11.908832955633809,-8.762499314319847,-3.146333641313962,0.6996679864125326,0.40550201829522836,1.105170004707761,0.2941659681173042
8.560178518295288,-11.79328686196553,-8.76781195145588,-3.025474910509651,0.6996679864125326,0.40550201829522836,1.105170004707761,0.2941659681173042
8.580173969268799,-11.675905277351884,-8.772062061164704,-2.9038432161871803,0.6996679864125326,0.40550201829522836,1.105170004707761,0.2941659681173042
8.600310802459717,-11.555831250762433,-8.775462148931762,-2.7803691018306704,0.6296679864125325,0.47550201829522837,1.1051700047077608,0.15416596811730415
8.62017560005188,-11.435566723447282,-8.77818221914541,-2.657384504301872,0.6296679864125325,0.47550201829522837,1.1051700047077608,0.15416596811730415
8.64018177986145,-11.312645751661824,-8.780358275316328,-2.5322874763454966,0.6296679864125325,0.47550201829522837,1.1051700047077608,0.15416596811730415
8.660161018371582,-11.188106409533333,-8.782099120253063,-2.4060072892802697,0.6296679864125325,0.47550201829522837,1.1051700047077608,0.15416596811730415
8.680189371109009,-11.061491361133937,-8.783491796202451,-2.277999564931486,0.6296679864125325,0.47550201829522837,1.1051700047077608,0.15416596811730415
8.700169086456299,-10.933438453767263,-8.784605936961961,-2.1488325168053013,0.6296679864125325,0.47550201829522837,1.1051700047077608,0.15416596811730415
8.720155715942383,-10.803617324212533,-8.785497249569568,-2.0181200746429653,0.6296679864125325,0.47550201829522837,1.1051700047077608,0.15416596811730415
8.740161418914795,-10.671966135547233,-8.786210299655655,-1.8857558358915778,0.6296679864125325,0.47550201829522837,1.1051700047077608,0.15416596811730415
8.760307312011719,-10.537688495953056,-8.786210299655655,-1.7514781962974002,0.6296679864125325,0.47550201829522837,1.1051700047077608,0.15416596811730415
8.780457258224487,-10.401694944839843,-8.786780739724525,-1.6149142051153174,0.5734713862137868,0.40550201829522836,0.9789734045090152,0.16796936791855843
8.800215721130371,-10.266724411180387,-8.78723709177962,-1.4794873194007678,0.5734713862137868,0.40550201829522836,0.9789734045090152,0.16796936791855843
8.820159912109375,-10.128880538023038,-8.787602173423696,-1.3412783645993418,0.5734713862137868,0.40550201829522836,0.9789734045090152,0.16796936791855843
8.840191841125488,-9.9888292325862,-8.787894238738957,-1.200934993847243,0.5734713862137868,0.40550201829522836,0.9789734045090152,0.16796936791855843
8.860193729400635,-9.847409108484,-8.788127890991166,-1.059281217492833,0.5734713862137868,0.40550201829522836,0.9789734045090152,0.16796936791855843
8.880175352096558,-9.70457931053079,-8.753158562792933,-0.9514207477378562,0.5734713862137868,0.40550201829522836,0.9789734045090152,0.16796936791855843
8.900161027908325,-9.560190426112937,-8.672448725234348,-0.8877417008785891,0.5734713862137868,0.40550201829522836,0.9789734045090152,0.16796936791855843
8.920159339904785,-9.414201321690472,-8.590302730187478,-0.8238985915029939,0.5734713862137868,0.40550201829522836,0.9789734045090152,0.16796936791855843
8.940186262130737,-9.266513819882181,-8.524585934149984,-0.7419278857321974,0.5734713862137868,0.40550201829522836,0.9789734045090152,0.16796936791855843
8.960203647613525,-9.117430458370285,-8.524585934149984,-0.5928445242203004,0.5734713862137868,0.40550201829522836,0.9789734045090152,0.16796936791855843
8.980457067489624,-8.965121418193934,-8.472012497319987,-0.4931089208739472,0.5734713862137868,0.40550201829522836,0.9789734045090152,0.16796936791855843
9.000362634658813,-8.814013536791633,-8.42995374785599,-0.38405978893564274,0.5034713862137867,0.4158522419258951,0.9193236281396818,0.08761914428789164
9.020178079605103,-8.662220385357996,-8.396306748284793,-0.2659136370732025,0.5034713862137867,0.4158522419258951,0.9193236281396818,0.08761914428789164
9.04016637802124,-8.507742828783588,-8.369389148627835,-0.13835368015575256,0.5034713862137867,0.4158522419258951,0.9193236281396818,0.08761914428789164
9.060186862945557,-8.351671392619423,-8.347855068902268,-0.0038163237171549014,0.5034713862137867,0.4158522419258951,0.9193236281396818,0.08761914428789164
9.08018159866333,-8.19448169574426,-8.330627805121814,0.13614610937755423,0.5034713862137867,0.4158522419258951,0.9193236281396818,0.08761914428789164
9.10022258758545,-8.03563058239867,-8.299267869097452,0.26363728669878306,0.5034713862137867,0.4158522419258951,0.9193236281396818,0.08761914428789164
9.120232105255127,-7.875757780766513,-8.274179920277962,0.39842213951144956,0.5034713862137867,0.4158522419258951,0.9193236281396818,0.08761914428789164
9.140218734741211,-7.714825120037902,-8.25410956122237,0.5392844411844679,0.5034713862137867,0.4158522419258951,0.9193236281396818,0.08761914428789164
9.160185813903809,-7.552835023035976,-8.238053273977897,0.6852182509419213,0.5034713862137867,0.4158522419258951,0.9193236281396818,0.08761914428789164
9.180218935012817,-7.3891145040602115,-8.238053273977897,0.8489387699176856,0.5034713862137867,0.4158522419258951,0.9193236281396818,0.08761914428789164
9.200392007827759,-7.223067301324681,-8.225208244182319,1.002140942857638,0.5034713862137867,0.4158522419258951,0.9193236281396818,0.08761914428789164
9.220364093780518,-7.0575312127276115,-8.214932220345856,1.1574010076182448,0.5034713862137867,0.4158522419258951,0.9193236281396818,0.08761914428789164
9.240384101867676,-6.890482588202073,-8.206711401276685,1.3162288130746118,0.4334713862137867,0.4858522419258951,0.9193236281396818,-0.052380855712108376
9.260300397872925,-6.7232174926933315,-8.20013474602135,1.4769172533280184,0.4334713862137867,0.4858522419258951,0.9193236281396818,-0.052380855712108376
9.280318260192871,-6.554038574168533,-8.19487342181708,1.6408348476485468,0.4334713862137867,0.4858522419258951,0.9193236281396818,-0.052380855712108376
9.300274133682251,-6.384351523160522,-8.190664362453665,1.8063128392931436,0.4334713862137867,0.4858522419258951,0.9193236281396818,-0.052380855712108376
9.320295572280884,-6.213098322685858,-8.134562739962934,1.9214644172770763,0.4334713862137867,0.4858522419258951,0.9193236281396818,-0.052380855712108376
9.340277671813965,-6.041201261989272,-7.966634566970348,1.925433304981076,0.4334713862137867,0.4858522419258951,0.9193236281396818,-0.052380855712108376
9.360273122787476,-5.8682361274258685,-7.65651077857628,1.7882746511504113,0.4334713862137867,0.4858522419258951,0.9193236281396818,-0.052380855712108376
9.38019323348999,-5.695001656203802,-7.215052372861025,1.5200507166572228,0.4334713862137867,0.4858522419258951,0.9193236281396818,-0.052380855712108376
9.400182247161865,-5.520271233685691,-7.215052372861025,1.6947811391753334,0.4334713862137867,0.4858522419258951,0.9193236281396818,-0.052380855712108376
9.420181035995483,-5.344583971594097,-6.72126064828882,1.3766766766947232,0.4334713862137867,0.4858522419258951,0.9193236281396818,-0.052380855712108376
9.440181255340576,-5.168040183177202,-6.2207585186310554,1.0527183354538536,0.4334713862137867,0.4858522419258951,0.9193236281396818,-0.052380855712108376
9.460171937942505,-4.990765044305873,-5.714888064904845,0.7241230205989719,0.4334713862137867,0.4858522419258951,0.9193236281396818,-0.052380855712108376
9.480189323425293,-4.812464175952266,-5.204722951923877,0.3922587759716105,0.4334713862137867,0.4858522419258951,0.9193236281396818,-0.052380855712108376
9.500174522399902,-4.633690556839672,-4.779012736539102,0.14532217969943062,0.4334713862137867,0.4858522419258951,0.9193236281396818,-0.052380855712108376
9.520176887512207,-4.454031817082826,-4.438444564231283,-0.015587252851543276,0.4334713862137867,0.4858522419258951,0.9193236281396818,-0.052380855712108376
9.540205955505371,-4.273428329079645,-4.1659900263850265,-0.10743830269461885,0.4334713862137867,0.4858522419258951,0.9193236281396818,-0.052380855712108376
9.560173749923706,-4.09270363566869,-3.948026396108021,-0.14467723956066925,0.4334713862137867,0.4858522419258951,0.9193236281396818,-0.052380855712108376
9.580178499221802,-3.910998493219223,-3.7736554918864176,-0.13734300133280541,0.4334713862137867,0.4858522419258951,0.9193236281396818,-0.052380855712108376
9.60018801689148,-3.728631935178687,-3.634158768509134,-0.09447316666955308,0.4334713862137867,0.4858522419258951,0.9193236281396818,-0.052380855712108376
9.620203733444214,-3.5456192549353323,-3.634158768509134,0.08853951357380163,0.4334713862137867,0.4858522419258951,0.9193236281396818,-0.052380855712108376
9.640180110931396,-3.362407127940621,-3.504983264807308,0.1425761368666869,0.4334713862137867,0.4858522419258951,0.9193236281396818,-0.052380855712108376
9.660211324691772,-3.1781602073180832,-3.4016428618458465,0.22348265452776328,0.4334713862137867,0.4858522419258951,0.9193236281396818,-0.052380855712108376
9.680174350738525,-2.994039575266797,-3.3189705394766778,0.32493096420988055,0.4334713862137867,0.4858522419258951,0.9193236281396818,-0.052380855712108376
9.700191497802734,-2.808946842573388,-3.252832681581342,0.4438858390079541,0.4334713862137867,0.4858522419258951,0.9193236281396818,-0.052380855712108376
9.720314741134644,-2.62242525582547,-3.199922395265074,0.577497139439604,0.4334713862137867,0.4858522419258951,0.9193236281396818,-0.052380855712108376
9.740231990814209,-2.4374001007770705,-3.1575941662120597,0.7201940654349892,0.5034713862137867,0.5558522419258951,1.0593236281396818,-0.052380855712108376
9.760233402252197,-2.2512090116733994,-3.123731582969648,0.8725225712962486,0.5034713862137867,0.5558522419258951,1.0593236281396818,-0.052380855712108376
9.780301809310913,-2.064036969720716,-3.0966415163757186,1.0326045466550027,0.5034713862137867,0.5558522419258951,1.0593236281396818,-0.052380855712108376
9.800294637680054,-1.8772434731957306,-3.074969463100575,1.1977259899048445,0.5034713862137867,0.5558522419258951,1.0593236281396818,-0.052380855712108376
9.82021975517273,-1.690787845156987,-3.0576318204804602,1.3668439753234731,0.5034713862137867,0.5558522419258951,1.0593236281396818,-0.052380855712108376
9.840205669403076,-1.5034971086368776,-3.0437617063843687,1.5402645977474911,0.5034713862137867,0.5558522419258951,1.0593236281396818,-0.052380855712108376
9.860193967819214,-1.3159469030146702,-3.0437617063843687,1.7278148033696985,0.5034713862137867,0.5558522419258951,1.0593236281396818,-0.052380855712108376
9.880200624465942,-1.1280166049698326,-3.0326656151074953,1.9046490101376627,0.5034713862137867,0.5558522419258951,1.0593236281396818,-0.052380855712108376
9.900198459625244,-0.9399910386018788,-3.0413668670859964,2.1013758284841177,0.5034713862137867,0.5558522419258951,1.0593236281396818,-0.052380855712108376
9.920201301574707,-0.7517699403029572,-3.048327868668797,2.2965579283658397,0.5034713862137867,0.5558522419258951,1.0593236281396818,-0.052380855712108376
9.940169334411621,-0.5637579315799488,-3.071474794935038,2.507716863355089,0.5034713862137867,0.5558522419258951,1.0593236281396818,-0.052380855712108376
9.960157632827759,-0.37546624458824496,-3.0899923359480304,2.7145260913597853,0.5034713862137867,0.5558522419258951,1.0593236281396818,-0.052380855712108376
9.980300903320312,-0.18565487183124454,-3.1048063687584246,2.91915149692718,0.4714092952804639,0.6258522419258952,1.097261537206359,-0.1544429466454313
10.00024676322937,0.002325688636370745,-3.13423572000674,3.136561408643111,0.4714092952804639,0.6258522419258952,1.097261537206359,-0.1544429466454313
10.020215034484863,0.19051708878150075,-3.157779201005392,3.3482962897868926,0.4714092952804639,0.6258522419258952,1.097261537206359,-0.1544429466454313
10.040238857269287,0.37920189317807446,-3.194192110804314,3.573394003982388,0.4714092952804639,0.6258522419258952,1.097261537206359,-0.1544429466454313
10.060169696807861,0.5669509551818017,-3.223322438643452,3.7902733938252533,0.4714092952804639,0.6258522419258952,1.097261537206359,-0.1544429466454313
10.080170392990112,0.7552686561303582,-3.223322438643452,3.97859109477381,0.4714092952804639,0.6258522419258952,1.097261537206359,-0.1544429466454313
10.100157260894775,0.9433370126720722,-3.246626700914762,4.189963713586834,0.4714092952804639,0.6258522419258952,1.097261537206359,-0.1544429466454313
10.120161533355713,1.131420167771878,-3.2652701107318096,4.396690278503687,0.4714092952804639,0.6258522419258952,1.097261537206359,-0.1544429466454313
10.140164852142334,1.3193156288357133,-3.280184838585448,4.599500467421161,0.4714092952804639,0.6258522419258952,1.097261537206359,-0.1544429466454313
10.160156726837158,1.506895373175557,-3.292116620868359,4.799011994043916,0.4714092952804639,0.6258522419258952,1.097261537206359,-0.1544429466454313
10.18034052848816,1.696034635825236,-3.284083921694687,4.980118557519923,0.4714092952804639,0.6258522419258952,1.097261537206359,-0.1544429466454313
10.200326204299927,1.8830486244650269,-3.20734526235575,5.090393886820777,0.4014092952804638,0.5558522419258951,0.9572615372063589,-0.1544429466454313
10.22025990486145,2.0692805131367455,-3.0580637098846,5.127344223021346,0.4014092952804638,0.5558522419258951,0.9572615372063589,-0.1544429466454313
10.240286827087402,2.256056404285398,-2.8507478429076802,5.106804247193079,0.4014092952804638,0.5558522419258951,0.9572615372063589,-0.1544429466454313
10.260201215744019,2.4414286231730515,-2.614582649326144,5.0560112724991955,0.4014092952804638,0.5558522419258951,0.9572615372063589,-0.1544429466454313
10.28018045425415,2.627020356954323,-2.614582649326144,5.241603006280467,0.4014092952804638,0.5558522419258951,0.9572615372063589,-0.1544429466454313
10.300166845321655,2.812264330502954,-2.3553379944609154,5.16760232496387,0.4014092952804638,0.5558522419258951,0.9572615372063589,-0.1544429466454313
10.320165634155273,2.9971793090515133,-2.0424735205687328,5.0396528296202465,0.4014092952804638,0.5558522419258951,0.9572615372063589,-0.1544429466454313
10.340166330337524,3.1816386228688756,-1.6691350664549862,4.850773689323862,0.4014092952804638,0.5558522419258951,0.9572615372063589,-0.1544429466454313
10.360188484191895,3.365792561288671,-1.300151803163989,4.66594436445266,0.4014092952804638,0.5558522419258951,0.9572615372063589,-0.1544429466454313
10.380167722702026,3.5490208417638325,-0.9873870675311911,4.536407909295024,0.4014092952804638,0.5558522419258951,0.9572615372063589,-0.1544429466454313
10.40017318725586,3.731929256635881,-0.737175279024953,4.469104535660834,0.4014092952804638,0.5558522419258951,0.9572615372063589,-0.1544429466454313
10.420200824737549,3.914449768594989,-0.5370058482199624,4.451455616814951,0.4714092952804639,0.6258522419258952,1.097261537206359,-0.1544429466454313
10.440204381942749,4.096132109059364,-0.3768703035759699,4.473002412635334,0.4714092952804639,0.6258522419258952,1.097261537206359,-0.1544429466454313
10.46019172668457,4.277020937098307,-0.24876186786077595,4.525782804959083,0.4714092952804639,0.6258522419258952,1.097261537206359,-0.1544429466454313
10.48016905784607,4.457145115382592,-0.14627511928862078,4.603420234671213,0.4714092952804639,0.6258522419258952,1.097261537206359,-0.1544429466454313
10.500229597091675,4.637312860111283,-0.14627511928862078,4.783587979399904,0.4714092952804639,0.6258522419258952,1.097261537206359,-0.1544429466454313
10.520204782485962,4.815982034883022,-0.06428572043089663,4.880267755313918,0.4714092952804639,0.6258522419258952,1.097261537206359,-0.1544429466454313
10.540154933929443,4.9936701158322,0.0013057986552826937,4.992364317176917,0.4714092952804639,0.6258522419258952,1.097261537206359,-0.1544429466454313
10.560171127319336,5.171157842418794,0.053779013924226154,5.1173788284945685,0.4714092952804639,0.6258522419258952,1.097261537206359,-0.1544429466454313
10.580148935317993,5.347489658289946,0.07817946113938093,5.269310197150564,0.4714092952804639,0.6258522419258952,1.097261537206359,-0.1544429466454313
10.60014533996582,5.523141872198402,0.09769981891150474,5.425442053286898,0.4714092952804639,0.6258522419258952,1.097261537206359,-0.1544429466454313
10.62014389038086,5.697940939019954,0.1133161051292038,5.58462483389075,0.4714092952804639,0.6258522419258952,1.097261537206359,-0.1544429466454313
10.64014720916748,5.871881719732284,0.10823100910336304,5.76365071062892,0.4714092952804639,0.6258522419258952,1.097261537206359,-0.1544429466454313
10.660147666931152,6.044870276491733,0.10416293228269044,5.940707344209042,0.4714092952804639,0.6258522419258952,1.097261537206359,-0.1544429466454313
10.68014669418335,6.216891964702712,0.08333034582615235,6.133561618876559,0.4714092952804639,0.6258522419258952,1.097261537206359,-0.1544429466454313
10.700143337249756,6.387911698120392,0.0666642766609219,6.32124742145947,0.4714092952804639,0.6258522419258952,1.097261537206359,-0.1544429466454313
10.72015380859375,6.558040257649553,0.0666642766609219,6.491375980988631,0.4714092952804639,0.6258522419258952,1.097261537206359,-0.1544429466454313
10.740143299102783,6.726955402550113,0.03575329632873752,6.691202106221375,0.4714092952804639,0.6258522419258952,1.097261537206359,-0.1544429466454313
10.760140895843506,6.894877249391541,0.011024512062990013,6.883852737328551,0.4714092952804639,0.6258522419258952,1.097261537206359,-0.1544429466454313
10.780163526535034,7.061918733579308,-0.008758515349607988,7.070677248928916,0.4714092952804639,0.6258522419258952,1.097261537206359,-0.1544429466454313
10.80016565322876,7.227673201715657,-0.024584937279686393,7.2522581389953436,0.4714092952804639,0.6258522419258952,1.097261537206359,-0.1544429466454313
10.820369243621826,7.393938197821754,-0.037246074823749115,7.4311842726455035,0.4714092952804639,0.6258522419258952,1.097261537206359,-0.1544429466454313
10.84018063545227,7.555818761460825,-0.04737498485899929,7.603193746319825,0.508838564683683,0.617850942350924,1.126689507034607,-0.10901237766724092
10.860215187072754,7.718332077747697,-0.055478112887199435,7.773810190634896,0.508838564683683,0.617850942350924,1.126689507034607,-0.10901237766724092
10.88016676902771,7.8789569661561485,-0.061960615309759555,7.940917581465908,0.508838564683683,0.617850942350924,1.126689507034607,-0.10901237766724092
10.900151491165161,8.038607394857467,-0.06714661724780764,8.105754012105274,0.508838564683683,0.617850942350924,1.126689507034607,-0.10901237766724092
10.920141458511353,8.19703177363567,-0.07129541879824611,8.268327192433917,0.508838564683683,0.617850942350924,1.126689507034607,-0.10901237766724092
10.94014048576355,8.354233962894366,-0.07129541879824611,8.425529381692613,0.508838564683683,0.617850942350924,1.126689507034607,-0.10901237766724092
10.96014142036438,8.51013185328774,-0.07461446003859688,8.584746313326336,0.508838564683683,0.617850942350924,1.126689507034607,-0.10901237766724092
10.980164289474487,8.664854518190545,-0.07726969303087751,8.742124211221423,0.508838564683683,0.617850942350924,1.126689507034607,-0.10901237766724092
11.000164985656738,8.818036720560979,-0.07939387942470201,8.89743059998568,0.508838564683683,0.617850942350924,1.126689507034607,-0.10901237766724092
11.02014684677124,8.969684074960766,-0.08109322853976161,9.050777303500528,0.508838564683683,0.617850942350924,1.126689507034607,-0.10901237766724092
11.040170431137085,9.120229780555716,-0.08245270783180929,9.202682488387525,0.508838564683683,0.617850942350924,1.126689507034607,-0.10901237766724092
11.060287237167358,9.270022643403982,-0.08354029126544743,9.353562934669428,0.508838564683683,0.617850942350924,1.126689507034607,-0.10901237766724092
11.080362319946289,9.418028456784127,-0.08441035801235795,9.502438814796484,0.5063442628039045,0.55927374381572,1.0656180066196246,-0.052929481011815493
11.100186347961426,9.56271302397374,-0.08510641140988637,9.647819435383628,0.5063442628039045,0.55927374381572,1.0656180066196246,-0.052929481011815493
11.120198726654053,9.707267368076533,-0.0856632541279091,9.792930622204441,0.5063442628039045,0.55927374381572,1.0656180066196246,-0.052929481011815493
11.140244722366333,9.850525865946356,-0.08610872830232727,9.936634594248684,0.5063442628039045,0.55927374381572,1.0656180066196246,-0.052929481011815493
11.160292148590088,9.99223174409218,-0.08610872830232727,10.078340472394508,0.5063442628039045,0.55927374381572,1.0656180066196246,-0.052929481011815493
11.180312395095825,10.132163352912285,-0.08646510764186183,10.218628460554147,0.5063442628039045,0.55927374381572,1.0656180066196246,-0.052929481011815493
11.200170040130615,10.269374768503337,-0.08675021111348946,10.356124979616826,0.5063442628039045,0.55927374381572,1.0656180066196246,-0.052929481011815493
11.220145225524902,10.405785444037667,-0.08697829389079158,10.492763737928458,0.5063442628039045,0.55927374381572,1.0656180066196246,-0.052929481011815493
11.24014139175415,10.540697687792148,-0.06958263511263327,10.610280322904782,0.5063442628039045,0.55927374381572,1.0656180066196246,-0.052929481011815493
11.260143756866455,10.67398711856394,-0.05566610809010662,10.729653226654046,0.5063442628039045,0.55927374381572,1.0656180066196246,-0.052929481011815493
11.28014326095581,10.805571902111074,-0.0445328864720853,10.85010478858316,0.5063442628039045,0.55927374381572,1.0656180066196246,-0.052929481011815493
11.300184488296509,10.935719601824255,-0.03562630917766824,10.971345911001924,0.5063442628039045,0.55927374381572,1.0656180066196246,-0.052929481011815493
11.32016921043396,11.063773698868374,-0.02850104734213459,11.092274746210508,0.5063442628039045,0.55927374381572,1.0656180066196246,-0.052929481011815493
11.340154886245728,11.190089351504565,-0.022800837873707673,11.212890189378273,0.5063442628039045,0.55927374381572,1.0656180066196246,-0.052929481011815493
11.360149145126343,11.31469359749948,-0.01824067029896614,11.332934267798445,0.5063442628039045,0.55927374381572,1.0656180066196246,-0.052929481011815493
11.380149364471436,11.437548492939795,-0.014592536239172914,11.452141029178968,0.5063442628039045,0.55927374381572,1.0656180066196246,-0.052929481011815493
11.400142431259155,11.5585542624764,-0.014592536239172914,11.573146798715573,0.5063442628039045,0.55927374381572,1.0656180066196246,-0.052929481011815493
11.420144081115723,11.677786838169744,-0.011674028991338332,11.689460867161083,0.5063442628039045,0.55927374381572,1.0656180066196246,-0.052929481011815493
11.440144777297974,11.795169498915104,-0.009339223193070666,11.804508722108174,0.5063442628039045,0.55927374381572,1.0656180066196246,-0.052929481011815493
11.460181951522827,11.910898412798945,-0.007471378554456533,11.9183697913534,0.5063442628039045,0.55927374381572,1.0656180066196246,-0.052929481011815493
11.480219841003418,12.024743489165735,-0.005977102843565226,12.030720592009299,0.5395168590499086,0.48927374381572003,1.0287906028656286,0.05024311523418862
11.50019383430481,12.13632861833825,-0.004781682274852181,12.141110300613104,0.5395168590499086,0.48927374381572003,1.0287906028656286,0.05024311523418862
11.520177602767944,12.246055464202302,-0.0038253458198817454,12.249880810022184,0.5395168590499086,0.48927374381572003,1.0287906028656286,0.05024311523418862
11.540153980255127,12.353812144166596,-0.003060276655905396,12.356872420822501,0.5395168590499086,0.48927374381572003,1.0287906028656286,0.05024311523418862
11.560145854949951,12.459703944972414,-0.002448221324724317,12.46215216629714,0.5395168590499086,0.48927374381572003,1.0287906028656286,0.05024311523418862
11.580137491226196,12.56362858481322,-0.001958577059779454,12.565587161873,0.5395168590499086,0.48927374381572003,1.0287906028656286,0.05024311523418862
11.600145816802979,12.66565521131089,-0.0015668616478235631,12.667222072958713,0.5395168590499086,0.48927374381572003,1.0287906028656286,0.05024311523418862
11.620150089263916,12.765660060125896,-0.0015668616478235631,12.76722692177372,0.5395168590499086,0.48927374381572003,1.0287906028656286,0.05024311523418862
11.640149116516113,12.863622774650917,0.01632463568174115,12.847298138969176,0.5395168590499086,0.48927374381572003,1.0287906028656286,0.05024311523418862
11.660154342651367,12.959583790038634,0.030637833545392918,12.92894595649324,0.5395168590499086,0.48927374381572003,1.0287906028656286,0.05024311523418862
11.680193901062012,13.053656669800338,0.04208839183631433,13.011568277964024,0.5476785826636477,0.55927374381572,1.1069523264793677,-0.011595161152072375
11.700180530548096,13.145419800859322,0.05124883846905147,13.09417096239027,0.5476785826636477,0.55927374381572,1.1069523264793677,-0.011595161152072375
11.720224618911743,13.235364737113999,0.05857719577524119,13.176787541338758,0.5476785826636477,0.55927374381572,1.1069523264793677,-0.011595161152072375
11.740240573883057,13.323088610898102,0.06443988162019296,13.25864872927791,0.5476785826636477,0.55927374381572,1.1069523264793677,-0.011595161152072375
11.76019835472107,13.408459487785223,0.05155190529615437,13.356907582489068,0.5476785826636477,0.55927374381572,1.1069523264793677,-0.011595161152072375
11.780165195465088,13.49175925972489,0.041241524236923496,13.450517735487967,0.5476785826636477,0.55927374381572,1.1069523264793677,-0.011595161152072375
11.800151109695435,13.57301211017664,0.0329932193895388,13.5400188907871,0.5476785826636477,0.55927374381572,1.1069523264793677,-0.011595161152072375
11.82014799118042,13.652167465692907,0.0329932193895388,13.619174246303368,0.5476785826636477,0.55927374381572,1.1069523264793677,-0.011595161152072375
11.840136051177979,13.729134166793635,0.008816450511631041,13.720317716282004,0.5476785826636477,0.55927374381572,1.1069523264793677,-0.011595161152072375
11.860214710235596,13.804269567178505,-0.010524964590695168,13.8147945317692,0.5476785826636477,0.55927374381572,1.1069523264793677,-0.011595161152072375
11.88017225265503,13.876774570969907,-0.025998096672556134,13.902772667642463,0.5476785826636477,0.55927374381572,1.1069523264793677,-0.011595161152072375
11.900156021118164,13.947188535356757,-0.05595472733804491,14.003143262694802,0.5476785826636477,0.55927374381572,1.1069523264793677,-0.011595161152072375
11.92015266418457,14.01544688706565,-0.07992003187043593,14.095366918936087,0.5476785826636477,0.55927374381572,1.1069523264793677,-0.011595161152072375
11.940151453018188,14.081499748174636,-0.11667040049634875,14.198170148670984,0.5476785826636477,0.55927374381572,1.1069523264793677,-0.011595161152072375
11.96015191078186,14.14533448015147,-0.14607069539707898,14.29140517554855,0.5476785826636477,0.55927374381572,1.1069523264793677,-0.011595161152072375
11.980144500732422,14.206911605398687,-0.1695909313176632,14.37650253671635,0.5476785826636477,0.55927374381572,1.1069523264793677,-0.011595161152072375
12.000152587890625,14.266292078361536,-0.18840712005413057,14.454699198415666,0.5476785826636477,0.55927374381572,1.1069523264793677,-0.011595161152072375
12.02016019821167,14.323416581697995,-0.20346007104330446,14.526876652741299,0.5476785826636477,0.55927374381572,1.1069523264793677,-0.011595161152072375
12.040277004241943,14.378570718266829,-0.20346007104330446,14.582030789310133,0.5476785826636477,0.55927374381572,1.1069523264793677,-0.011595161152072375
12.060271978378296,14.431114530556647,-0.21550243183464357,14.64661696239129,0.6176785826636477,0.5752352045848965,1.1929137872485442,0.042443378078751204
12.080196142196655,14.481206663266242,-0.22513632046771487,14.706342983733958,0.6176785826636477,0.5752352045848965,1.1929137872485442,0.042443378078751204
12.100165843963623,14.52913605092175,-0.23284343137417188,14.761979482295922,0.6176785826636477,0.5752352045848965,1.1929137872485442,0.042443378078751204
12.120155811309814,14.574823219579269,-0.23900912009933753,14.813832339678607,0.6176785826636477,0.5752352045848965,1.1929137872485442,0.042443378078751204
12.140167951583862,14.618258010025466,-0.24394167107947007,14.862199681104936,0.6176785826636477,0.5752352045848965,1.1929137872485442,0.042443378078751204
12.160157203674316,14.659335893809327,-0.24788771186357603,14.907223605672904,0.6176785826636477,0.5752352045848965,1.1929137872485442,0.042443378078751204
12.180152654647827,14.69811304812508,-0.25104454449086083,14.949157592615942,0.6176785826636477,0.5752352045848965,1.1929137872485442,0.042443378078751204
12.200144290924072,14.73456352208546,-0.2535700105926887,14.98813353267815,0.6176785826636477,0.5752352045848965,1.1929137872485442,0.042443378078751204
12.220149040222168,14.768710802998381,-0.255590383474151,15.024301186472533,0.6176785826636477,0.5752352045848965,1.1929137872485442,0.042443378078751204
12.240312814712524,14.800768365629239,-0.2572066817793208,15.05797504740856,0.5533004328561946,0.6452352045848966,1.1985356374410912,-0.09193477172870201
12.260295867919922,14.830194817289058,-0.2572066817793208,15.08740149906838,0.5533004328561946,0.6452352045848966,1.1985356374410912,-0.09193477172870201
12.280381917953491,14.857416932723162,-0.25849972042345665,15.115916653146618,0.5533004328561946,0.6452352045848966,1.1985356374410912,-0.09193477172870201
12.300323724746704,14.88210260780685,-0.2595341513387653,15.141636759145616,0.5533004328561946,0.6452352045848966,1.1985356374410912,-0.09193477172870201
12.320265293121338,14.904451628807218,-0.2603616960710122,15.16481332487823,0.5533004328561946,0.6452352045848966,1.1985356374410912,-0.09193477172870201
12.340314388275146,14.92456233928583,-0.26102373185680977,15.18558607114264,0.5533004328561946,0.6452352045848966,1.1985356374410912,-0.09193477172870201
12.360224962234497,14.942190251667759,-0.2615533604854478,15.203743612153206,0.5533004328561946,0.6452352045848966,1.1985356374410912,-0.09193477172870201
12.380177736282349,14.957509592454759,-0.2619770633883583,15.219486655843117,0.5533004328561946,0.6452352045848966,1.1985356374410912,-0.09193477172870201
12.400173664093018,14.970503609403531,-0.26231602571068663,15.232819635114218,0.5533004328561946,0.6452352045848966,1.1985356374410912,-0.09193477172870201
12.420180320739746,14.981139642298205,-0.2625871955685493,15.243726837866754,0.5533004328561946,0.6452352045848966,1.1985356374410912,-0.09193477172870201
12.440158367156982,14.989398270837503,-0.26280413145483944,15.252202402292342,0.5533004328561946,0.6452352045848966,1.1985356374410912,-0.09193477172870201
12.460238456726074,14.99531914836111,-0.2805558051638716,15.275874953524982,0.5533004328561946,0.6452352045848966,1.1985356374410912,-0.09193477172870201
12.480166673660278,14.998835320327654,-0.2805558051638716,15.279391125491525,0.5533004328561946,0.6452352045848966,1.1985356374410912,-0.09193477172870201
12.500167846679688,14.999999916584548,-0.29475714413109727,15.294757060715645,0.5533004328561946,0.6452352045848966,1.1985356374410912,-0.09193477172870201
12.52016305923462,14.99879627288524,-0.3061182153048778,15.304914488190118,0.5533004328561946,0.6452352045848966,1.1985356374410912,-0.09193477172870201
12.54017972946167,14.995220175508658,-0.29762894724390226,15.29284912275256,0.5533004328561946,0.6452352045848966,1.1985356374410912,-0.09193477172870201
12.560168981552124,14.98928197922394,-0.2908375327951218,15.280119512019061,0.5533004328561946,0.6452352045848966,1.1985356374410912,-0.09193477172870201
12.58016324043274,14.980976969163809,-0.2854044012360975,15.266381370399907,0.5533004328561946,0.6452352045848966,1.1985356374410912,-0.09193477172870201
12.60014533996582,14.970314853743405,-0.281057895988878,15.251372749732283,0.5533004328561946,0.6452352045848966,1.1985356374410912,-0.09193477172870201
12.620170831680298,14.957262137773553,-0.2951588167911024,15.252420954564656,0.5533004328561946,0.6452352045848966,1.1985356374410912,-0.09193477172870201
12.640151023864746,14.941879025435817,-0.306439553432882,15.2483185788687,0.5533004328561946,0.6452352045848966,1.1985356374410912,-0.09193477172870201
12.660144805908203,14.924128222938718,-0.3154641427463056,15.239592365685024,0.5533004328561946,0.6452352045848966,1.1985356374410912,-0.09193477172870201
12.68014669418335,14.904013563756203,-0.3226838141970445,15.226697377953247,0.5533004328561946,0.6452352045848966,1.1985356374410912,-0.09193477172870201
12.7001473903656,14.8815463528171,-0.3226838141970445,15.204230167014146,0.5533004328561946,0.6452352045848966,1.1985356374410912,-0.09193477172870201
12.720374345779419,14.856434833002961,-0.3284595513576356,15.184894384360597,0.5533004328561946,0.6452352045848966,1.1985356374410912,-0.09193477172870201
12.740389108657837,14.82922481116772,-0.3330801410861085,15.162304952253828,0.6233004328561946,0.6737981135770679,1.2970985464332625,-0.05049768072087324
12.760241031646729,14.799919535464838,-0.3367766128688868,15.136696148333725,0.6233004328561946,0.6737981135770679,1.2970985464332625,-0.05049768072087324
12.780208826065063,14.76812042105302,-0.3397337902951095,15.10785421134813,0.6233004328561946,0.6737981135770679,1.2970985464332625,-0.05049768072087324
12.800158023834229,14.73402961389992,-0.34209953223608763,15.076129146136008,0.6233004328561946,0.6737981135770679,1.2970985464332625,-0.05049768072087324
12.820152997970581,14.697537741670667,-0.3439921257888701,15.041529867459538,0.6233004328561946,0.6737981135770679,1.2970985464332625,-0.05049768072087324
12.840165615081787,14.658690855360689,-0.3455062006310961,15.004197055991785,0.6233004328561946,0.6737981135770679,1.2970985464332625,-0.05049768072087324
12.86016058921814,14.617563579614801,-0.3467174605048769,14.964281040119678,0.6233004328561946,0.6737981135770679,1.2970985464332625,-0.05049768072087324
12.880159854888916,14.574119611565797,-0.34768646840390155,14.921806079969699,0.6233004328561946,0.6737981135770679,1.2970985464332625,-0.05049768072087324
12.900170087814331,14.528348674155582,-0.3484616747231213,14.876810348878703,0.6233004328561946,0.6737981135770679,1.2970985464332625,-0.05049768072087324
12.920157194137573,14.480338070001626,-0.34908183977849705,14.829419909780123,0.6233004328561946,0.6737981135770679,1.2970985464332625,-0.05049768072087324
12.94028115272522,14.429691580047168,-0.34908183977849705,14.778773419825665,0.6920078468276187,0.6037981135770678,1.2958059604046865,0.08820973325055093
12.960172891616821,14.377362321486407,-0.34957797182279765,14.726940293309205,0.6920078468276187,0.6037981135770678,1.2958059604046865,0.08820973325055093
12.98017168045044,14.322487459701609,-0.36755300245823813,14.690040462159848,0.6920078468276187,0.6037981135770678,1.2958059604046865,0.08820973325055093
13.00016164779663,14.26537688512742,-0.38193302696659054,14.647309912094011,0.6920078468276187,0.6037981135770678,1.2958059604046865,0.08820973325055093
13.02017092704773,14.205957469054292,-0.39343704657327244,14.599394515627564,0.6920078468276187,0.6037981135770678,1.2958059604046865,0.08820973325055093
13.040152788162231,14.144378714899736,-0.40264026225861793,14.547018977158354,0.6920078468276187,0.6037981135770678,1.2958059604046865,0.08820973325055093
13.060151100158691,14.080517000379047,-0.42758095980689437,14.50809796018594,0.6920078468276187,0.6037981135770678,1.2958059604046865,0.08820973325055093
13.08015775680542,14.014404146671275,-0.4299553928455155,14.44435953951679,0.6920078468276187,0.6037981135770678,1.2958059604046865,0.08820973325055093
13.100152730941772,13.946117325300307,-0.4318549392764124,14.37797226457672,0.6920078468276187,0.6037981135770678,1.2958059604046865,0.08820973325055093
13.120282411575317,13.875147038811656,-0.45095270142113003,14.326099740232786,0.6220078468276187,0.6737981135770679,1.2958059604046865,-0.0517902667494492
13.140175819396973,13.802829097092303,-0.45095270142113003,14.253781798513433,0.6220078468276187,0.6737981135770679,1.2958059604046865,-0.0517902667494492
13.160163640975952,13.727996122264885,-0.46623091113690407,14.19422703340179,0.6220078468276187,0.6737981135770679,1.2958059604046865,-0.0517902667494492
13.180159568786621,13.650966312067478,-0.4784534789095233,14.129419790977002,0.6220078468276187,0.6737981135770679,1.2958059604046865,-0.0517902667494492
13.200154542922974,13.571785561529481,-0.48823153312761863,14.0600170946571,0.6220078468276187,0.6737981135770679,1.2958059604046865,-0.0517902667494492
13.220155954360962,13.49043622057614,-0.49605397650209493,13.986490197078234,0.6220078468276187,0.6737981135770679,1.2958059604046865,-0.0517902667494492
13.240163087844849,13.40693209695608,-0.5023119312016759,13.909244028157756,0.6220078468276187,0.6737981135770679,1.2958059604046865,-0.0517902667494492
13.26015591621399,13.321371326841236,-0.5073182949613407,13.828689621802576,0.6220078468276187,0.6737981135770679,1.2958059604046865,-0.0517902667494492
13.280318021774292,13.232957298673805,-0.5113233859690727,13.744280684642877,0.6220078468276187,0.6737981135770679,1.2958059604046865,-0.0517902667494492
13.300391912460327,13.142820354425437,-0.5145274587752581,13.657347813200696,0.6220078468276187,0.6737981135770679,1.2958059604046865,-0.0517902667494492
13.320303201675415,13.051348061365845,-0.5170907170202065,13.568438778386051,0.6890931203914805,0.6679833237826824,1.357076444174163,0.02110979660879808
13.340184211730957,12.957976803322833,-0.5191413236161652,13.477118126938997,0.6890931203914805,0.6679833237826824,1.357076444174163,0.02110979660879808
13.360162258148193,12.862113070935676,-0.5191413236161652,13.38125439455184,0.6890931203914805,0.6679833237826824,1.357076444174163,0.02110979660879808
13.380159139633179,12.764129476943223,-0.5207818088929322,13.284911285836156,0.6890931203914805,0.6679833237826824,1.357076444174163,0.02110979660879808
13.400161504745483,12.664103210514684,-0.5396723221143458,13.20377553262903,0.6890931203914805,0.6679833237826824,1.357076444174163,0.02110979660879808
13.420158386230469,12.562104905501517,-0.5547847326914767,13.116889638192994,0.6890931203914805,0.6679833237826824,1.357076444174163,0.02110979660879808
13.440164566040039,12.458074708153053,-0.5668746611531813,13.024949369306233,0.6890931203914805,0.6679833237826824,1.357076444174163,0.02110979660879808
13.460155248641968,12.352158886819208,-0.5765466039225451,12.928705490741752,0.6890931203914805,0.6679833237826824,1.357076444174163,0.02110979660879808
13.480185270309448,12.24408015988554,-0.5842841581380361,12.828364318023576,0.6890931203914805,0.6679833237826824,1.357076444174163,0.02110979660879808
13.500187635421753,12.134215378809841,-0.590474201510429,12.72468958032027,0.6890931203914805,0.6679833237826824,1.357076444174163,0.02110979660879808
13.52026104927063,12.022033566922573,-0.5954262362083432,12.617459803130917,0.7,0.7,1.4,0.0
13.540210247039795,11.90865124266559,-0.5993878639666746,12.508039106632264,0.7,0.7,1.4,0.0
13.560179948806763,11.793278530632117,-0.6025571661733398,12.395835696805456,0.7,0.7,1.4,0.0
13.580233573913574,11.675552609124944,-0.6025571661733398,12.278109775298283,0.7,0.7,1.4,0.0
13.6002779006958,11.556028954913025,-0.6050926079386718,12.161121562851697,0.7,0.7,1.4,0.0
13.620189666748047,11.4354809280887,-0.6071209613509374,12.042601889439636,0.7,0.7,1.4,0.0
13.640156269073486,11.31280363613952,-0.60874364408075,11.92154728022027,0.7,0.7,1.4,0.0
13.660145998001099,11.188200702793415,-0.6100417902646,11.798242493058014,0.7,0.7,1.4,0.0
13.680145978927612,11.06176757814481,-0.61108030721168,11.67284788535649,0.7,0.7,1.4,0.0
13.700149774551392,10.93356306176094,-0.6119111207693441,11.545474182530285,0.7,0.7,1.4,0.0
13.720146179199219,10.803679677081806,-0.6125757716154753,11.416255448697282,0.7,0.7,1.4,0.0
13.740142583847046,10.672090879454773,-0.6131074922923802,11.285198371747153,0.7,0.7,1.4,0.0
13.760147094726562,10.538763075058885,-0.6135328688339042,11.152295943892788,0.7,0.7,1.4,0.0
13.780157327651978,10.403731477847574,-0.6138731700671234,11.017604647914697,0.7,0.7,1.4,0.0
13.800150156021118,10.26717491619205,-0.6138731700671234,10.881048086259172,0.7,0.7,1.4,0.0
13.820143938064575,10.12899158167398,-0.6141454110536988,10.743136992727678,0.7,0.7,1.4,0.0
13.840149164199829,9.989129294139408,-0.6143632038429591,10.603492497982367,0.7,0.7,1.4,0.0
13.860156059265137,9.847676917974761,-0.6145374380743673,10.462214356049127,0.7,0.7,1.4,0.0
13.8801589012146,9.704697534657686,-0.6146768254594939,10.31937436011718,0.7,0.7,1.4,0.0
13.900306940078735,9.559130695294893,-0.6147883353675951,10.17391903066249,0.7,0.7,1.4,0.0
13.920363187789917,9.412705525584851,-0.6148775432940762,10.027583068878927,0.7,0.7,1.4,0.0
13.940201997756958,9.26639719837078,-0.6325270346352609,9.898924233006042,0.6665893577039241,0.6836044404655695,1.3501937981694936,-0.017015082761645317
13.960285186767578,9.116820214202129,-0.6466466277082088,9.763466841910338,0.6665893577039241,0.6836044404655695,1.3501937981694936,-0.017015082761645317
13.980323314666748,8.96613205079916,-0.657942302166567,9.624074352965728,0.6665893577039241,0.6836044404655695,1.3501937981694936,-0.017015082761645317
14.000199317932129,8.815258954777775,-0.6669788417332537,9.48223779651103,0.6665893577039241,0.6836044404655695,1.3501937981694936,-0.017015082761645317
14.020153760910034,8.662407502727117,-0.6669788417332537,9.32938634446037,0.6665893577039241,0.6836044404655695,1.3501937981694936,-0.017015082761645317
14.040149927139282,8.507870522883616,-0.6742080733866029,9.18207859627022,0.6665893577039241,0.6836044404655695,1.3501937981694936,-0.017015082761645317
14.060142993927002,8.352014831135257,-0.6799914587092823,9.032006289844539,0.6665893577039241,0.6836044404655695,1.3501937981694936,-0.017015082761645317
14.080148458480835,8.194743305993278,-0.684618166967426,8.879361472960703,0.6665893577039241,0.6836044404655695,1.3501937981694936,-0.017015082761645317
14.100156784057617,8.036154260365992,-0.6883195335739408,8.724473793939932,0.6665893577039241,0.6836044404655695,1.3501937981694936,-0.017015082761645317
14.120324611663818,7.875015759147815,-0.6912806268591527,8.566296386006968,0.6665893577039241,0.6836044404655695,1.3501937981694936,-0.017015082761645317
14.140306949615479,7.714112096945826,-0.6936495014873222,8.407761598433147,0.5991188593208789,0.6136044404655694,1.2127232997864483,-0.014485581144690451
14.160244226455688,7.552359373856839,-0.6955446011898578,8.247903975046697,0.5991188593208789,0.6136044404655694,1.2127232997864483,-0.014485581144690451
14.180163145065308,7.389572084619851,-0.6970606809518862,8.086632765571737,0.5991188593208789,0.6136044404655694,1.2127232997864483,-0.014485581144690451
14.200158596038818,7.224995231617725,-0.698273544761509,7.923268776379234,0.5991188593208789,0.6136044404655694,1.2127232997864483,-0.014485581144690451
14.220157146453857,7.0592522126142425,-0.6992438358092073,7.75849604842345,0.5991188593208789,0.6136044404655694,1.2127232997864483,-0.014485581144690451
14.240153789520264,6.89241058367929,-0.6992438358092073,7.591654419488497,0.5991188593208789,0.6136044404655694,1.2127232997864483,-0.014485581144690451
14.260152578353882,6.7244628511866775,-0.7000200686473659,7.424482919834043,0.5991188593208789,0.6136044404655694,1.2127232997864483,-0.014485581144690451
14.280174970626831,6.555253287542612,-0.7006410549178927,7.255894342460505,0.5991188593208789,0.6136044404655694,1.2127232997864483,-0.014485581144690451
14.300159454345703,6.385329547602142,-0.6835597189343142,7.068889266536456,0.5991188593208789,0.6136044404655694,1.2127232997864483,-0.014485581144690451
14.3203125,6.212953111758373,-0.6698946501474514,6.882847761905825,0.5991188593208789,0.6136044404655694,1.2127232997864483,-0.014485581144690451
14.340267896652222,6.041285588356023,-0.6413844701179612,6.682670058473984,0.5991188593208789,0.6136044404655694,1.2127232997864483,-0.014485581144690451
14.360274314880371,5.868225787670959,-0.618576326094369,6.486802113765329,0.6511502422392368,0.6836044404655695,1.3347546827048062,-0.032454198226332664
14.380200386047363,5.694939292413614,-0.6003298108754952,6.295269103289109,0.6511502422392368,0.6836044404655695,1.3347546827048062,-0.032454198226332664
14.400200605392456,5.520110354009131,-0.5857325987003962,6.105842952709527,0.6511502422392368,0.6836044404655695,1.3347546827048062,-0.032454198226332664
14.420199871063232,5.3444181053779864,-0.574054828960317,5.918472934338303,0.6511502422392368,0.6836044404655695,1.3347546827048062,-0.032454198226332664
14.440237283706665,5.16754445622936,-0.5647126131682536,5.732257069397614,0.6511502422392368,0.6836044404655695,1.3347546827048062,-0.032454198226332664
14.46023178100586,4.990233166687734,-0.5647126131682536,5.554945779855988,0.6511502422392368,0.6836044404655695,1.3347546827048062,-0.032454198226332664
14.480262279510498,4.811812924681912,-0.5572388405346029,5.369051765216515,0.6511502422392368,0.6836044404655695,1.3347546827048062,-0.032454198226332664
14.50019383430481,4.633517448140157,-0.5512598224276823,5.18477727056784,0.6511502422392368,0.6836044404655695,1.3347546827048062,-0.032454198226332664
14.520174741744995,4.45405112833441,-0.5464766079421459,5.000527736276556,0.6511502422392368,0.6836044404655695,1.3347546827048062,-0.032454198226332664
14.540180206298828,4.273660952068314,-0.5426500363537168,4.816310988422031,0.6511502422392368,0.6836044404655695,1.3347546827048062,-0.032454198226332664
14.560184955596924,4.09260203173374,-0.5395887790829734,4.632190810816714,0.6511502422392368,0.6836044404655695,1.3347546827048062,-0.032454198226332664
14.580195903778076,3.9108401327002156,-0.5371397732663787,4.447979905966594,0.6511502422392368,0.6836044404655695,1.3347546827048062,-0.032454198226332664
14.600191593170166,3.728599287471159,-0.5527586936131029,4.281357981084262,0.6511502422392368,0.6836044404655695,1.3347546827048062,-0.032454198226332664
14.62024211883545,3.545267732060794,-0.5652538298904823,4.110521561951277,0.6511502422392368,0.6836044404655695,1.3347546827048062,-0.032454198226332664
14.64027452468872,3.361539937466898,-0.575249938912386,3.936789876379284,0.6511502422392368,0.6836044404655695,1.3347546827048062,-0.032454198226332664
14.660290241241455,3.1774333188318824,-0.5832468261299087,3.7606801449617913,0.6511502422392368,0.6836044404655695,1.3347546827048062,-0.032454198226332664
14.680281162261963,2.9930531510280187,-0.5832468261299087,3.5762999771579276,0.6511502422392368,0.6836044404655695,1.3347546827048062,-0.032454198226332664
14.700190782546997,2.808953464447671,-0.5896443359039271,3.398597800351598,0.6511502422392368,0.6836044404655695,1.3347546827048062,-0.032454198226332664
14.720173120498657,2.6237394320159115,-0.5947623437231416,3.2185017757390533,0.6511502422392368,0.6836044404655695,1.3347546827048062,-0.032454198226332664
14.740172863006592,2.4379499592813767,-0.5988567499785133,3.0368067092598903,0.6511502422392368,0.6836044404655695,1.3347546827048062,-0.032454198226332664
14.760181188583374,2.251695539031373,-0.6021322749828106,2.853827814014184,0.6511502422392368,0.6836044404655695,1.3347546827048062,-0.032454198226332664
14.780171155929565,2.065256628425777,-0.6223308199862485,2.6875874484120255,0.6511502422392368,0.6836044404655695,1.3347546827048062,-0.032454198226332664
14.80018401145935,1.8782778989708129,-0.6384896559889989,2.5167675549598116,0.6511502422392368,0.6836044404655695,1.3347546827048062,-0.032454198226332664
14.820197105407715,1.6909999535291296,-0.6514167247911992,2.342416678320329,0.6511502422392368,0.6836044404655695,1.3347546827048062,-0.032454198226332664
14.840184211730957,1.5036983238416564,-0.6617583798329593,2.1654567036746157,0.6511502422392368,0.6836044404655695,1.3347546827048062,-0.032454198226332664
14.860229015350342,1.3156178610901876,-0.6700317038663675,1.985649564956555,0.5811502422392367,0.7,1.2811502422392367,-0.11884975776076323
14.880257606506348,1.1274810818661753,-0.676650363093094,1.8041314449592694,0.5811502422392367,0.7,1.2811502422392367,-0.11884975776076323
14.900221824645996,0.9397712611798654,-0.676650363093094,1.6164216242729594,0.5811502422392367,0.7,1.2811502422392367,-0.11884975776076323
14.920204877853394,0.7517362770262568,-0.6819452904744753,1.4336815675007322,0.5811502422392367,0.7,1.2811502422392367,-0.11884975776076323
14.940189123153687,0.5635715588060011,-0.6861812323795803,1.2497527911855815,0.5811502422392367,0.7,1.2811502422392367,-0.11884975776076323
14.960227966308594,0.37480357447892704,-0.6895699859036643,1.0643735603825912,0.5811502422392367,0.7,1.2811502422392367,-0.11884975776076323
14.980215549468994,0.18645925104216163,-0.6922809887229314,0.8787402397650931,0.5811502422392367,0.7,1.2811502422392367,-0.11884975776076323
15.000232458114624,-0.0021908661077172497,-0.6944497909783451,0.6922589248706279,0.5811502422392367,0.7,1.2811502422392367,-0.11884975776076323
15.020183563232422,-0.1902205031032049,-0.6786067077826762,0.48838620467947125,0.5811502422392367,0.7,1.2811502422392367,-0.11884975776076323
15.040196657180786,-0.3788042936915541,-0.665932241226141,0.2871279475345869,0.5811502422392367,0.7,1.2811502422392367,-0.11884975776076323
15.060166835784912,-0.5669240099423764,-0.6557926679809128,0.0888686580385365,0.5811502422392367,0.7,1.2811502422392367,-0.11884975776076323
15.08016300201416,-0.755199086171514,-0.6301028843847303,-0.1250962017867837,0.5811502422392367,0.7,1.2811502422392367,-0.11884975776076323
15.100167989730835,-0.9434379293893095,-0.6095510575077843,-0.3338868718815252,0.5811502422392367,0.7,1.2811502422392367,-0.11884975776076323
15.120160579681396,-1.1314112052080438,-0.6095510575077843,-0.5218601477002596,0.5811502422392367,0.7,1.2811502422392367,-0.11884975776076323
15.140161752700806,-1.3192865304942483,-0.5931095960062275,-0.7261769344880208,0.5811502422392367,0.7,1.2811502422392367,-0.11884975776076323
15.16015076637268,-1.5068394812981454,-0.5799564268049819,-0.9268830544931634,0.5811502422392367,0.7,1.2811502422392367,-0.11884975776076323
15.180157899856567,-1.6943244283937344,-0.5694338914439856,-1.1248905369497488,0.5811502422392367,0.7,1.2811502422392367,-0.11884975776076323
15.200149059295654,-1.8813922683138893,-0.5610158631551886,-1.3203764051587008,0.5811502422392367,0.7,1.2811502422392367,-0.11884975776076323
15.22014856338501,-2.068241172488233,-0.5542814405241508,-1.513959731964082,0.5811502422392367,0.7,1.2811502422392367,-0.11884975776076323
15.240273475646973,-2.2559320012537576,-0.5488939024193208,-1.707038098834437,0.5811502422392367,0.7,1.2811502422392367,-0.11884975776076323
15.260299921035767,-2.442346489060686,-0.5445838719354568,-1.897762617125229,0.6511502422392368,0.6625874571502208,1.3137376993894576,-0.01143721491098404
15.280185222625732,-2.627064603201968,-0.5411358475483654,-2.085928755653603,0.6511502422392368,0.6625874571502208,1.3137376993894576,-0.01143721491098404
15.300205945968628,-2.8126263099168125,-0.5383774280386924,-2.27424888187812,0.6511502422392368,0.6625874571502208,1.3137376993894576,-0.01143721491098404
15.320159673690796,-2.9971242658077903,-0.5361706924309539,-2.4609535733768366,0.6511502422392368,0.6625874571502208,1.3137376993894576,-0.01143721491098404
15.340153217315674,-3.181517847552157,-0.5361706924309539,-2.645347155121203,0.6511502422392368,0.6625874571502208,1.3137376993894576,-0.01143721491098404
15.360162019729614,-3.365549499319055,-0.534405303944763,-2.831144195374292,0.6511502422392368,0.6625874571502208,1.3137376993894576,-0.01143721491098404
15.38015341758728,-3.5488898471327674,-0.5505711181558105,-2.998318728976957,0.6511502422392368,0.6625874571502208,1.3137376993894576,-0.01143721491098404
15.400162696838379,-3.7318334955538144,-0.5459256445246484,-3.185907851029166,0.6511502422392368,0.6625874571502208,1.3137376993894576,-0.01143721491098404
15.420151710510254,-3.914002915800105,-0.5597873906197187,-3.3542155251803862,0.6511502422392368,0.6625874571502208,1.3137376993894576,-0.01143721491098404
15.4402015209198,-4.096106169397147,-0.570876787495775,-3.525229381901372,0.6511502422392368,0.6625874571502208,1.3137376993894576,-0.01143721491098404
15.460154294967651,-4.276682795326508,-0.57974830499662,-3.696934490329888,0.6511502422392368,0.6625874571502208,1.3137376993894576,-0.01143721491098404
15.480157852172852,-4.457044274422744,-0.586845518997296,-3.870198755425448,0.6511502422392368,0.6625874571502208,1.3137376993894576,-0.01143721491098404
15.500263214111328,-4.637614170987427,-0.5925232901978368,-4.045090880789591,0.6511502422392368,0.6625874571502208,1.3137376993894576,-0.01143721491098404
15.520336866378784,-4.817160972965895,-0.5970655071582694,-4.220095465807625,0.7,0.5925874571502208,1.2925874571502207,0.10741254284977919
15.540279865264893,-4.994780386590358,-0.6006992807266156,-4.394081105863743,0.7,0.5925874571502208,1.2925874571502207,0.10741254284977919
15.560209274291992,-5.171495327538777,-0.6006992807266156,-4.570796046812161,0.7,0.5925874571502208,1.2925874571502207,0.10741254284977919
15.580183506011963,-5.347794070257521,-0.6036062995812925,-4.744187770676229,0.7,0.5925874571502208,1.2925874571502207,0.10741254284977919
15.600174188613892,-5.5233946610334135,-0.6235100396650339,-4.899884621368379,0.7,0.5925874571502208,1.2925874571502207,0.10741254284977919
15.6201810836792,-5.698265200675888,-0.6394330317320273,-5.0588321689438605,0.7,0.5925874571502208,1.2925874571502207,0.10741254284977919
15.640184879302979,-5.87220841759716,-0.6345933003856218,-5.237615117211538,0.7,0.5925874571502208,1.2925874571502207,0.10741254284977919
15.660158395767212,-6.04496281892196,-0.6307215153084975,-5.414241303613463,0.7,0.5925874571502208,1.2925874571502207,0.10741254284977919
15.68014907836914,-6.216912414302378,-0.6276240872467981,-5.58928832705558,0.7,0.5925874571502208,1.2925874571502207,0.10741254284977919
15.700310468673706,-6.389336864853341,-0.6251461447974385,-5.764190720055902,0.7,0.5925874571502208,1.2925874571502207,0.10741254284977919
15.720218420028687,-6.558587917932906,-0.6231637908379507,-5.935424127094955,0.7,0.5676931488513945,1.2676931488513945,0.1323068511486054
15.740182876586914,-6.727288796305901,-0.6215779076703606,-6.1057108886355405,0.7,0.5676931488513945,1.2676931488513945,0.1323068511486054
15.760155439376831,-6.894998980009679,-0.6203092011362885,-6.27468977887339,0.7,0.5676931488513945,1.2676931488513945,0.1323068511486054
15.780149221420288,-7.0617997870796385,-0.6203092011362885,-6.44149058594335,0.7,0.5676931488513945,1.2676931488513945,0.1323068511486054
15.800148725509644,-7.227533403344789,-0.6192942359090308,-6.608239167435758,0.7,0.5676931488513945,1.2676931488513945,0.1323068511486054
15.820149660110474,-7.392137496314534,-0.6184822637272246,-6.77365523258731,0.7,0.5676931488513945,1.2676931488513945,0.1323068511486054
15.840150833129883,-7.555576117148959,-0.6354108109817798,-6.9201653061671795,0.7,0.5676931488513945,1.2676931488513945,0.1323068511486054
15.860152959823608,-7.717829192121933,-0.6665317737854238,-7.0512974183365085,0.7,0.5676931488513945,1.2676931488513945,0.1323068511486054
15.880210161209106,-7.879304964849323,-0.7090066690283391,-7.170298295820984,0.7,0.5676931488513945,1.2676931488513945,0.1323068511486054
15.900163888931274,-8.038706045157268,-0.7429865852226712,-7.295719459934596,0.6962382151279598,0.5214763927459716,1.2177146078739314,0.17476182238198823
15.92015790939331,-8.19716162096448,-0.7701705181781371,-7.426991102786342,0.6962382151279598,0.5214763927459716,1.2177146078739314,0.17476182238198823
15.94015645980835,-8.354359002801441,-0.7919176645425097,-7.562441338258932,0.6962382151279598,0.5214763927459716,1.2177146078739314,0.17476182238198823
15.960153579711914,-8.510226223398778,-0.8093153816340077,-7.70091084176477,0.6962382151279598,0.5214763927459716,1.2177146078739314,0.17476182238198823
15.980151891708374,-8.664759138761108,-0.8232335553072063,-7.841525583453901,0.6962382151279598,0.5214763927459716,1.2177146078739314,0.17476182238198823
16.000151872634888,-8.817936743550991,-0.8232335553072063,-7.9947031882437845,0.6962382151279598,0.5214763927459716,1.2177146078739314,0.17476182238198823
16.020151138305664,-8.969716493483414,-0.9222587192457652,-8.04745777423765,0.6962382151279598,0.5214763927459716,1.2177146078739314,0.17476182238198823
16.040153980255127,-9.120106685199069,-1.089369475396612,-8.030737209802457,0.6962382151279598,0.5214763927459716,1.2177146078739314,0.17476182238198823
16.060359954833984,-9.270561438392313,-1.2230580803172897,-8.047503358075023,0.6962382151279598,0.5214763927459716,1.2177146078739314,0.17476182238198823
16.08038640022278,-9.41820509627079,-1.3300089642538317,-8.088196132016959,0.6542373290751129,0.4514763927459715,1.1057137218210844,0.20276093632914138
16.1002197265625,-9.562955390995256,-1.4155696714030654,-8.14738571959219,0.6542373290751129,0.4514763927459715,1.1057137218210844,0.20276093632914138
16.12019157409668,-9.707215976211087,-1.4840182371224524,-8.223197739088635,0.6542373290751129,0.4514763927459715,1.1057137218210844,0.20276093632914138
16.140172243118286,-9.850010694966926,-1.5563552146979622,-8.293655480268963,0.6542373290751129,0.4514763927459715,1.1057137218210844,0.20276093632914138
16.16018843650818,-9.991502712262776,-1.5966466717583698,-8.394856040504406,0.6542373290751129,0.4514763927459715,1.1057137218210844,0.20276093632914138
16.180187463760376,-10.131295092901533,-1.6464579624066962,-8.484837130494837,0.6542373290751129,0.4514763927459715,1.1057137218210844,0.20276093632914138
16.200186729431152,-10.269489418061433,-1.7917757449253569,-8.477713673136076,0.6542373290751129,0.4514763927459715,1.1057137218210844,0.20276093632914138
16.220181465148926,-10.406031441563456,-1.7917757449253569,-8.6142556966381,0.6542373290751129,0.4514763927459715,1.1057137218210844,0.20276093632914138
16.240180015563965,-10.540956675772865,-2.083811220940286,-8.45714545483258,0.6542373290751129,0.4514763927459715,1.1057137218210844,0.20276093632914138
16.260191202163696,-10.6743012830193,-2.3877521017522287,-8.286549181267072,0.6542373290751129,0.4514763927459715,1.1057137218210844,0.20276093632914138
16.280154943466187,-10.805648269423962,-2.6309048064017833,-8.174743463022178,0.7,0.38147639274597156,1.0814763927459716,0.3185236072540284
16.30017066001892,-10.935630396464427,-2.8605832201214265,-8.075047176343,0.7,0.38147639274597156,1.0814763927459716,0.3185236072540284
16.320127725601196,-11.063509680543016,-3.061904076097141,-8.001605604445874,0.7,0.38147639274597156,1.0814763927459716,0.3185236072540284
16.340144395828247,-11.190023509942028,-3.222960760877713,-7.967062749064315,0.7,0.38147639274597156,1.0814763927459716,0.3185236072540284
16.36014437675476,-11.314664093107684,-3.3518061087021707,-7.962857984405513,0.7,0.38147639274597156,1.0814763927459716,0.3185236072540284
16.38015580177307,-11.437587745479728,-3.5603511369617364,-7.8772366085179915,0.7,0.38147639274597156,1.0814763927459716,0.3185236072540284
16.400151014328003,-11.55860582019917,-3.88539028456939,-7.673215535629781,0.7,0.38147639274597156,1.0814763927459716,0.3185236072540284
16.420145988464355,-11.677798120486123,-4.250890352655512,-7.4269077678306115,0.7,0.38147639274597156,1.0814763927459716,0.3185236072540284
16.44015121459961,-11.795206980107334,-4.250890352655512,-7.544316627451822,0.7,0.38147639274597156,1.0814763927459716,0.3185236072540284
16.460188150405884,-11.910933924575586,-4.59602478212441,-7.314909142451176,0.687679848447442,0.3673687947541474,1.0550486432015895,0.3203110536932946
16.480183124542236,-12.024536622554736,-4.9072885756995275,-7.117248046855209,0.687679848447442,0.3673687947541474,1.0550486432015895,0.3203110536932946
16.50018334388733,-12.136270513573738,-5.209033985559622,-6.927236528014116,0.687679848447442,0.3673687947541474,1.0550486432015895,0.3203110536932946
16.520143747329712,-12.245871198608446,-5.450430313447698,-6.795440885160748,0.687679848447442,0.3673687947541474,1.0550486432015895,0.3203110536932946
16.54014253616333,-12.353750967933165,-5.643547375758159,-6.710203592175006,0.687679848447442,0.3673687947541474,1.0550486432015895,0.3203110536932946
16.560152530670166,-12.459738977117313,-5.798041025606528,-6.661697951510785,0.687679848447442,0.3673687947541474,1.0550486432015895,0.3203110536932946
16.580154418945312,-12.56371574430996,-5.956792195485223,-6.606923548824737,0.687679848447442,0.3673687947541474,1.0550486432015895,0.3203110536932946
16.600152730941772,-12.665690122887051,-6.1189493813881795,-6.546740741498872,0.687679848447442,0.3673687947541474,1.0550486432015895,0.3203110536932946
16.62014651298523,-12.76564236145559,-6.248675130110545,-6.5169672313450455,0.687679848447442,0.3673687947541474,1.0550486432015895,0.3203110536932946
16.640320301055908,-12.864452555152411,-6.352455729088436,-6.511996826063975,0.687679848447442,0.3673687947541474,1.0550486432015895,0.3203110536932946
16.66019630432129,-12.95978292501269,-6.352455729088436,-6.607327195924253,0.617679848447442,0.4373687947541474,1.0550486432015893,0.18031105369329453
16.68015718460083,-13.053486197430546,-6.435480208270749,-6.618005989159797,0.617679848447442,0.4373687947541474,1.0550486432015893,0.18031105369329453
16.70015239715576,-13.145292087705528,-6.5018997916166,-6.643392296088928,0.617679848447442,0.4373687947541474,1.0550486432015893,0.18031105369329453
16.720150232315063,-13.23503481018458,-6.55503545829328,-6.6799993518913,0.617679848447442,0.4373687947541474,1.0550486432015893,0.18031105369329453
16.740180492401123,-13.322828438203997,-6.597543991634625,-6.725284446569372,0.617679848447442,0.4373687947541474,1.0550486432015893,0.18031105369329453
16.76014804840088,-13.408246943811223,-6.6315508183077,-6.776696125503523,0.617679848447442,0.4373687947541474,1.0550486432015893,0.18031105369329453
16.780154705047607,-13.491716051089282,-6.65875627964616,-6.8329597714431225,0.617679848447442,0.4373687947541474,1.0550486432015893,0.18031105369329453
16.800153970718384,-13.573023588766443,-6.698098773716929,-6.874924815049514,0.617679848447442,0.4373687947541474,1.0550486432015893,0.18031105369329453
16.820151567459106,-13.652181429597057,-6.729572768973543,-6.922608660623514,0.617679848447442,0.4373687947541474,1.0550486432015893,0.18031105369329453
16.840428590774536,-13.730244580840687,-6.754751965178834,-6.975492615661852,0.687679848447442,0.4175328420847653,1.1052126905322073,0.2701470063626767
16.86017107963562,-13.804108676779022,-6.7573171971430686,-7.046791479635953,0.687679848447442,0.4175328420847653,1.1052126905322073,0.2701470063626767
16.880157947540283,-13.876723381129631,-6.7573171971430686,-7.1194061839865626,0.687679848447442,0.4175328420847653,1.1052126905322073,0.2701470063626767
16.900151252746582,-13.94717199556258,-6.776947507714455,-7.170224487848126,0.687679848447442,0.4175328420847653,1.1052126905322073,0.2701470063626767
16.920146942138672,-14.015427670867899,-6.792651756171564,-7.222775914696335,0.687679848447442,0.4175328420847653,1.1052126905322073,0.2701470063626767
16.94014596939087,-14.081481940882734,-6.805215154937251,-7.276266785945483,0.687679848447442,0.4175328420847653,1.1052126905322073,0.2701470063626767
16.9601469039917,-14.145318779278199,-6.815265873949801,-7.330052905328398,0.687679848447442,0.4175328420847653,1.1052126905322073,0.2701470063626767
16.98015284538269,-14.206936839524428,-6.8233064491598405,-7.383630390364587,0.687679848447442,0.4175328420847653,1.1052126905322073,0.2701470063626767
17.00015139579773,-14.266288607510905,-6.829738909327872,-7.436549698183033,0.687679848447442,0.4175328420847653,1.1052126905322073,0.2701470063626767
17.02028489112854,-14.323765508958152,-6.817306752462298,-7.506458756495854,0.687679848447442,0.4175328420847653,1.1052126905322073,0.2701470063626767
17.04016876220703,-14.378280090771382,-6.807361026969838,-7.570919063801544,0.617679848447442,0.4875328420847653,1.1052126905322073,0.13014700636267662
17.06015634536743,-14.43081720440139,-6.8169825715758705,-7.613834632825519,0.617679848447442,0.4875328420847653,1.1052126905322073,0.13014700636267662
17.080183506011963,-14.481175612520175,-6.807101682260697,-7.674073930259478,0.617679848447442,0.4875328420847653,1.1052126905322073,0.13014700636267662
17.10025382041931,-14.52934214838576,-6.807101682260697,-7.722240466125063,0.617679848447442,0.4875328420847653,1.1052126905322073,0.13014700636267662
17.120232105255127,-14.574993189864783,-6.799196970808558,-7.775796219056224,0.617679848447442,0.4875328420847653,1.1052126905322073,0.13014700636267662
17.140172958374023,-14.61826858796332,-6.810451326646847,-7.8078172613164725,0.617679848447442,0.4875328420847653,1.1052126905322073,0.13014700636267662
17.16015863418579,-14.659338750835467,-6.8018766863174775,-7.857462064517989,0.617679848447442,0.4875328420847653,1.1052126905322073,0.13014700636267662
17.180152654647827,-14.69811304812508,-6.812595099053983,-7.885517949071097,0.617679848447442,0.4875328420847653,1.1052126905322073,0.13014700636267662
17.200146913528442,-14.7345681514551,-6.821169829243186,-7.913398322211914,0.617679848447442,0.4875328420847653,1.1052126905322073,0.13014700636267662
17.22015643119812,-14.768722988226655,-6.828029613394549,-7.940693374832105,0.617679848447442,0.4875328420847653,1.1052126905322073,0.13014700636267662
17.240139722824097,-14.80050327590692,-6.83351744071564,-7.96698583519128,0.617679848447442,0.4875328420847653,1.1052126905322073,0.13014700636267662
17.260149002075195,-14.82998706959659,-6.855485827572512,-7.974501242024079,0.617679848447442,0.4875328420847653,1.1052126905322073,0.13014700636267662
17.28015160560608,-14.857118199588093,-6.873060537058009,-7.984057662530084,0.617679848447442,0.4875328420847653,1.1052126905322073,0.13014700636267662
17.300143241882324,-14.881889662183825,-6.887120304646407,-7.994769357537418,0.617679848447442,0.4875328420847653,1.1052126905322073,0.13014700636267662
17.32014536857605,-14.904324216388302,-6.887120304646407,-8.017203911741895,0.617679848447442,0.4875328420847653,1.1052126905322073,0.13014700636267662
17.340142011642456,-14.924399522256968,-6.898368118717126,-8.026031403539841,0.617679848447442,0.4875328420847653,1.1052126905322073,0.13014700636267662
17.360146284103394,-14.942125194054817,-6.907366369973701,-8.034758824081116,0.617679848447442,0.4875328420847653,1.1052126905322073,0.13014700636267662
17.380155086517334,-14.957493534773306,-6.914564970978961,-8.042928563794344,0.617679848447442,0.4875328420847653,1.1052126905322073,0.13014700636267662
17.400248527526855,-14.97054781918888,-6.920323851783169,-8.05022396740571,0.617679848447442,0.4875328420847653,1.1052126905322073,0.13014700636267662
17.420276880264282,-14.981185236694671,-6.907352831426535,-8.073832405268135,0.617679848447442,0.4875328420847653,1.1052126905322073,0.13014700636267662
17.44037389755249,-14.989474492460296,-6.914554140141228,-8.074920352319069,0.687679848447442,0.5432759664207696,1.2309558148682116,0.14440388202667243
17.460235357284546,-14.99531841861898,-6.902737062112982,-8.092581356505999,0.687679848447442,0.5432759664207696,1.2309558148682116,0.14440388202667243
17.48015069961548,-14.99883344349712,-6.893283399690386,-8.105550043806733,0.687679848447442,0.5432759664207696,1.2309558148682116,0.14440388202667243
17.50014328956604,-14.999999939207482,-6.885720469752309,-8.114279469455173,0.687679848447442,0.5432759664207696,1.2309558148682116,0.14440388202667243
17.520148754119873,-14.998797980276569,-6.879670125801848,-8.119127854474721,0.687679848447442,0.5432759664207696,1.2309558148682116,0.14440388202667243
17.540147304534912,-14.995227886596293,-6.879670125801848,-8.115557760794445,0.687679848447442,0.5432759664207696,1.2309558148682116,0.14440388202667243
17.560152053833008,-14.989288008394595,-6.874829850641478,-8.114458157753116,0.687679848447442,0.5432759664207696,1.2309558148682116,0.14440388202667243
17.5801420211792,-14.980987036516476,-6.870957630513183,-8.110029406003292,0.687679848447442,0.5432759664207696,1.2309558148682116,0.14440388202667243
17.60014033317566,-14.970317820921851,-6.885437979410546,-8.084879841511306,0.687679848447442,0.5432759664207696,1.2309558148682116,0.14440388202667243
17.620302438735962,-14.957168520973216,-6.897022258528437,-8.060146262444778,0.6895796179771423,0.47327596642076963,1.1628555843979118,0.21630365155637266
17.640181064605713,-14.941854122938606,-6.9062896818227495,-8.035564441115856,0.6895796179771423,0.47327596642076963,1.1628555843979118,0.21630365155637266
17.66018009185791,-14.924094812648955,-6.9137036204582,-8.010391192190754,0.6895796179771423,0.47327596642076963,1.1628555843979118,0.21630365155637266
17.68018651008606,-14.903971174685545,-6.91963477136656,-7.984336403318984,0.6895796179771423,0.47327596642076963,1.1628555843979118,0.21630365155637266
17.70016384124756,-14.881526905371704,-6.9243796920932486,-7.957147213278455,0.6895796179771423,0.47327596642076963,1.1628555843979118,0.21630365155637266
17.720158576965332,-14.856715376854742,-6.928175628674599,-7.928539748180143,0.6895796179771423,0.47327596642076963,1.1628555843979118,0.21630365155637266
17.740161180496216,-14.829547888772307,-6.931212377939679,-7.898335510832628,0.6895796179771423,0.47327596642076963,1.1628555843979118,0.21630365155637266
17.76016116142273,-14.800042055921105,-6.931212377939679,-7.868829677981426,0.6895796179771423,0.47327596642076963,1.1628555843979118,0.21630365155637266
17.780341148376465,-14.76790193617971,-6.933641777351744,-7.834260158827966,0.6895796179771423,0.47327596642076963,1.1628555843979118,0.21630365155637266
17.800223112106323,-14.733914594085402,-6.918007171881395,-7.815907422204007,0.7,0.40327596642076957,1.1032759664207696,0.2967240335792304
17.820317268371582,-14.69722832415204,-6.905499487505116,-7.791728836646923,0.7,0.40327596642076957,1.1032759664207696,0.2967240335792304
17.84029507637024,-14.65843200360418,-6.8954933400040925,-7.762938663600087,0.7,0.40327596642076957,1.1032759664207696,0.2967240335792304
17.860408067703247,-14.617040077752224,-6.887488422003274,-7.729551655748949,0.7,0.40327596642076957,1.1032759664207696,0.2967240335792304
17.88027000427246,-14.573873957823828,-6.863506362602621,-7.710367595221207,0.7,0.40327596642076957,1.1032759664207696,0.2967240335792304
17.900315284729004,-14.528008152700234,-6.844320715082096,-7.683687437618138,0.7,0.40327596642076957,1.1032759664207696,0.2967240335792304
17.920260667800903,-14.480083569524961,-6.828972197065678,-7.651111372459283,0.7,0.40327596642076957,1.1032759664207696,0.2967240335792304
17.940252780914307,-14.429764610002966,-6.816693382652543,-7.613071227350423,0.7,0.40327596642076957,1.1032759664207696,0.2967240335792304
17.96016001701355,-14.377396917966676,-6.806870331122035,-7.570526586844641,0.7,0.40327596642076957,1.1032759664207696,0.2967240335792304
17.98014497756958,-14.322562239682998,-6.806870331122035,-7.515691908560964,0.7,0.40327596642076957,1.1032759664207696,0.2967240335792304
18.000144720077515,-14.265426200300539,-6.799011889897628,-7.466414310402911,0.7,0.40327596642076957,1.1032759664207696,0.2967240335792304
18.02014470100403,-14.206036821387325,-6.792725136918103,-7.413311684469222,0.7,0.40327596642076957,1.1032759664207696,0.2967240335792304
18.040140628814697,-14.144416865698176,-6.787695734534483,-7.356721131163693,0.7,0.40327596642076957,1.1032759664207696,0.2967240335792304
18.060144901275635,-14.080537140585697,-6.783672212627588,-7.29686492795811,0.7,0.40327596642076957,1.1032759664207696,0.2967240335792304
18.080146551132202,-14.014441797113086,-6.780453395102071,-7.233988402011016,0.7,0.40327596642076957,1.1032759664207696,0.2967240335792304
18.100147008895874,-13.946137182615336,-6.777878341081658,-7.168258841533678,0.7,0.40327596642076957,1.1032759664207696,0.2967240335792304
18.120144367218018,-13.875641306989401,-6.775818297865327,-7.099823009124074,0.7,0.40327596642076957,1.1032759664207696,0.2967240335792304
18.1401424407959,-13.802952246675051,-6.774170263292263,-7.028781983382788,0.7,0.40327596642076957,1.1032759664207696,0.2967240335792304
18.160144805908203,-13.728067660480516,-6.77285183563381,-6.9552158248467055,0.7,0.40327596642076957,1.1032759664207696,0.2967240335792304
18.18015217781067,-13.650995182977807,-6.771797093507049,-6.8791980894707585,0.7,0.40327596642076957,1.1032759664207696,0.2967240335792304
18.20014500617981,-13.57182383894364,-6.771797093507049,-6.8000267454365915,0.7,0.40327596642076957,1.1032759664207696,0.2967240335792304
18.220194578170776,-13.490277065277738,-6.7709532998056385,-6.719323765472099,0.7,0.40327596642076957,1.1032759664207696,0.2967240335792304
18.240309953689575,-13.40631127092433,-6.770278264844512,-6.636033006079819,0.7,0.33327596642076956,1.0332759664207696,0.3667240335792304
18.260218858718872,-13.321098633244848,-6.76973823687561,-6.551360396369238,0.7,0.33327596642076956,1.0332759664207696,0.3667240335792304
18.280165195465088,-13.233635471890071,-6.769306214500489,-6.464329257389583,0.7,0.33327596642076956,1.0332759664207696,0.3667240335792304
18.30015277862549,-13.143906460754543,-6.768960596600391,-6.374945864154152,0.7,0.33327596642076956,1.0332759664207696,0.3667240335792304
18.320146560668945,-13.05207565955496,-6.768684102280314,-6.283391557274646,0.7,0.33327596642076956,1.0332759664207696,0.3667240335792304
18.340146780014038,-12.958154506037895,-6.768462906824253,-6.189691599213642,0.7,0.33327596642076956,1.0332759664207696,0.3667240335792304
18.360145092010498,-12.862196313978759,-6.768285950459403,-6.093910363519355,0.7,0.33327596642076956,1.0332759664207696,0.3667240335792304
18.38014817237854,-12.764183769554108,-6.768144385367523,-5.996039384186585,0.7,0.33327596642076956,1.0332759664207696,0.3667240335792304
18.400320053100586,-12.663302342758453,-6.820765508294018,-5.842536834464434,0.7,0.33327596642076956,1.0332759664207696,0.3667240335792304
18.42035436630249,-12.561095428444027,-6.820765508294018,-5.740329920150009,0.6700882583856582,0.34575917113572346,1.0158474295213817,0.32432908724993476
18.440210342407227,-12.457834411933666,-6.985909281635214,-5.471925130298452,0.6700882583856582,0.34575917113572346,1.0158474295213817,0.32432908724993476
18.460154056549072,-12.352165261104506,-7.241071175308172,-5.111094085796334,0.6700882583856582,0.34575917113572346,1.0158474295213817,0.32432908724993476
18.480167627334595,-12.244176214370436,-7.480356940246539,-4.763819274123897,0.6700882583856582,0.34575917113572346,1.0158474295213817,0.32432908724993476
18.500160932540894,-12.13436332826866,-7.671785552197232,-4.462577776071429,0.6700882583856582,0.34575917113572346,1.0158474295213817,0.32432908724993476
18.520153760910034,-12.022638255511078,-7.824928441757785,-4.197709813753293,0.6700882583856582,0.34575917113572346,1.0158474295213817,0.32432908724993476
18.540218114852905,-11.908606155257282,-7.947442753406229,-3.961163401851053,0.6700882583856582,0.34575917113572346,1.0158474295213817,0.32432908724993476
18.56015396118164,-11.793429881703501,-8.045454202724985,-3.7479756789785164,0.6700882583856582,0.34575917113572346,1.0158474295213817,0.32432908724993476
18.580156803131104,-11.676006842763957,-8.123863362179987,-3.55214348058397,0.6700882583856582,0.34575917113572346,1.0158474295213817,0.32432908724993476
18.60038423538208,-11.555389980209313,-8.186590689743989,-3.368799290465324,0.6786648964509367,0.2970461911335586,0.9757110875844954,0.3816187053173781
18.62016201019287,-11.435649609640217,-8.236772551795191,-3.198877057845026,0.6786648964509367,0.2970461911335586,0.9757110875844954,0.3816187053173781
18.64018201828003,-11.312644276092255,-8.236772551795191,-3.0758717242970643,0.6786648964509367,0.2970461911335586,0.9757110875844954,0.3816187053173781
18.66017746925354,-11.188003134819411,-8.276918041436154,-2.9110850933832566,0.6786648964509367,0.2970461911335586,0.9757110875844954,0.3816187053173781
18.680166244506836,-11.061638576718025,-8.309034433148923,-2.7526041435691013,0.6786648964509367,0.2970461911335586,0.9757110875844954,0.3816187053173781
18.700154781341553,-10.93353075613939,-8.33472754651914,-2.5988032096202502,0.6786648964509367,0.2970461911335586,0.9757110875844954,0.3816187053173781
18.720168113708496,-10.803536264902531,-8.35528203721531,-2.4482542276872206,0.6786648964509367,0.2970461911335586,0.9757110875844954,0.3816187053173781
18.74016761779785,-10.671925080263424,-8.37172562977225,-2.3001994504911742,0.6786648964509367,0.2970461911335586,0.9757110875844954,0.3816187053173781
18.76018524169922,-10.538507232577421,-8.384880503817799,-2.1536267287596225,0.6786648964509367,0.2970461911335586,0.9757110875844954,0.3816187053173781
18.7803475856781,-10.402439665892492,-8.39540440305424,-2.0070352628382526,0.6786648964509367,0.2970461911335586,0.9757110875844954,0.3816187053173781
18.800349712371826,-10.26580368856931,-8.456557897443393,-1.8092457911259174,0.6781137357349507,0.270559921003878,0.9486736567388288,0.4075538147310727
18.82021713256836,-10.128482761347467,-8.646105692954714,-1.4823770683927524,0.6781137357349507,0.270559921003878,0.9486736567388288,0.4075538147310727
18.840260982513428,-9.988343084099778,-8.920790804363772,-1.067552279736006,0.6781137357349507,0.270559921003878,0.9486736567388288,0.4075538147310727
18.86024260520935,-9.847061625922478,-8.920790804363772,-0.9262708215587061,0.6781137357349507,0.270559921003878,0.9486736567388288,0.4075538147310727
18.88025164604187,-9.704031011170455,-9.21085139349102,-0.4931796176794361,0.6781137357349507,0.270559921003878,0.9486736567388288,0.4075538147310727
18.90025019645691,-9.559542822382964,-9.513212364792816,-0.0463304575901482,0.6781137357349507,0.270559921003878,0.9486736567388288,0.4075538147310727
18.920326471328735,-9.412974955233029,-9.825413641834253,0.41243868660122374,0.6781137357349507,0.270559921003878,0.9486736567388288,0.4075538147310727
18.94024085998535,-9.266109174696528,-10.163065288467402,0.8969561137708748,0.6781137357349507,0.270559921003878,0.9486736567388288,0.4075538147310727
18.960166931152344,-9.117705238865813,-10.503499105773923,1.3857938669081094,0.6781137357349507,0.270559921003878,0.9486736567388288,0.4075538147310727
18.980188131332397,-8.967153427965343,-10.811002409619139,1.843848981653796,0.6781137357349507,0.270559921003878,0.9486736567388288,0.4075538147310727
19.00014901161194,-8.815642561180955,-11.057005052695311,2.241362491514357,0.6781137357349507,0.270559921003878,0.9486736567388288,0.4075538147310727
19.0201473236084,-8.662457033456894,-11.25380716715625,2.591350133699356,0.6781137357349507,0.270559921003878,0.9486736567388288,0.4075538147310727
19.04017162322998,-8.507702114531586,-11.411248858725001,2.903546744193415,0.6781137357349507,0.270559921003878,0.9486736567388288,0.4075538147310727
19.060173273086548,-8.351777784577159,-11.537202211980002,3.185424427402843,0.6781137357349507,0.270559921003878,0.9486736567388288,0.4075538147310727
19.08016276359558,-8.194630381141748,-11.537202211980002,3.3425718308382546,0.6781137357349507,0.270559921003878,0.9486736567388288,0.4075538147310727
19.100377559661865,-8.034397228570223,-11.637964894584002,3.603567666013779,0.7,0.33632273886352765,1.0363227388635277,0.3636772611364723
19.120212078094482,-7.875918421118529,-11.718575040667202,3.8426566195486735,0.7,0.33632273886352765,1.0363227388635277,0.3636772611364723
19.140167474746704,-7.715239433379681,-11.783063157533762,4.067823724154081,0.7,0.33632273886352765,1.0363227388635277,0.3636772611364723
19.160215377807617,-7.552594287580067,-11.83465365102701,4.282059363446942,0.7,0.33632273886352765,1.0363227388635277,0.3636772611364723
19.180246114730835,-7.388891576908615,-11.87592604582161,4.487034468912994,0.7,0.33632273886352765,1.0363227388635277,0.3636772611364723
19.200266361236572,-7.224105133977486,-11.908943961657288,4.684838827679802,0.7,0.33632273886352765,1.0363227388635277,0.3636772611364723
19.22029995918274,-7.058064576836067,-11.935358294325832,4.877293717489765,0.7,0.33632273886352765,1.0363227388635277,0.3636772611364723
19.240299463272095,-6.891191133332669,-11.956489760460666,5.065298627127997,0.7,0.33632273886352765,1.0363227388635277,0.3636772611364723
19.26022958755493,-6.7238140668219595,-11.973394933368533,5.249580866546574,0.7,0.33632273886352765,1.0363227388635277,0.3636772611364723
19.280160903930664,-6.555372532746949,-11.986919071694826,5.431546538947877,0.7,0.33632273886352765,1.0363227388635277,0.3636772611364723
19.300142288208008,-6.385475943418643,-11.986919071694826,5.601443128276183,0.7,0.33632273886352765,1.0363227388635277,0.3636772611364723
19.320134162902832,-6.214482904252802,-11.997738382355863,5.783255478103061,0.7,0.33632273886352765,1.0363227388635277,0.3636772611364723
19.340129852294922,-6.042476416858606,-12.00639383088469,5.963917414026084,0.7,0.33632273886352765,1.0363227388635277,0.3636772611364723
19.360133171081543,-5.869449991770579,-12.013318189707752,6.143868197937173,0.7,0.33632273886352765,1.0363227388635277,0.3636772611364723
19.380135536193848,-5.695504719905051,-12.018857676766203,6.323352956861152,0.7,0.33632273886352765,1.0363227388635277,0.3636772611364723
19.400135278701782,-5.520682831592703,-12.023289266412963,6.50260643482026,0.7,0.33632273886352765,1.0363227388635277,0.3636772611364723
19.420128345489502,-5.34504797310876,-12.026834538130371,6.6817865650216115,0.7,0.33632273886352765,1.0363227388635277,0.3636772611364723
19.44012999534607,-5.16849371498728,-12.029670755504299,6.861177040517019,0.7,0.33632273886352765,1.0363227388635277,0.3636772611364723
19.46013331413269,-4.991108324121593,-12.031939729403438,7.040831405281845,0.7,0.33632273886352765,1.0363227388635277,0.3636772611364723
19.480135917663574,-4.8129409024977745,-12.033754908522752,7.220814006024978,0.7,0.33632273886352765,1.0363227388635277,0.3636772611364723
19.500197649002075,-4.63348325374844,-12.035207051818203,7.401723798069763,0.7,0.33632273886352765,1.0363227388635277,0.3636772611364723
19.52016806602478,-4.45411120773195,-12.035207051818203,7.581095844086253,0.7,0.40632273886352765,1.1063227388635277,0.2936772611364723
19.540170669555664,-4.273747108446908,-12.036368766454562,7.762621658007654,0.7,0.40632273886352765,1.1063227388635277,0.2936772611364723
19.56014084815979,-4.093001960943566,-12.03729813816365,7.9442961772200835,0.7,0.40632273886352765,1.1063227388635277,0.2936772611364723
19.58013129234314,-3.9114280166557935,-12.038041635530922,8.126613618875128,0.7,0.40632273886352765,1.1063227388635277,0.2936772611364723
19.600132703781128,-3.729136883991086,-12.038636433424738,8.309499549433653,0.7,0.40632273886352765,1.1063227388635277,0.2936772611364723
19.62013816833496,-3.5462196774353867,-12.039112271739791,8.492892594304404,0.7,0.40632273886352765,1.1063227388635277,0.2936772611364723
19.640145301818848,-3.362726846695619,-12.039492942391833,8.676766095696214,0.7,0.40632273886352765,1.1063227388635277,0.2936772611364723
19.660138845443726,-3.178827795901934,-12.039797478913467,8.860969683011533,0.7,0.40632273886352765,1.1063227388635277,0.2936772611364723
19.68016529083252,-2.994123244559544,-12.040041108130774,9.04591786357123,0.7,0.40632273886352765,1.1063227388635277,0.2936772611364723
19.700198650360107,-2.808880623799383,-12.04023601150462,9.231355387705236,0.6299999999999999,0.47632273886352766,1.1063227388635275,0.15367726113647223
19.720251321792603,-2.6230137615358546,-12.040391934203697,9.417378172667842,0.6299999999999999,0.47632273886352766,1.1063227388635275,0.15367726113647223
19.74026918411255,-2.437054220316842,-12.040391934203697,9.603337713886855,0.6299999999999999,0.47632273886352766,1.1063227388635275,0.15367726113647223
19.760295391082764,-2.2506313961391546,-12.022938547362958,9.772307151223803,0.6299999999999999,0.47632273886352766,1.1063227388635275,0.15367726113647223
19.780248880386353,-2.064531066712098,-12.008975837890368,9.94444477117827,0.6299999999999999,0.47632273886352766,1.1063227388635275,0.15367726113647223
19.800245761871338,-1.877700494322787,-11.945071295312294,10.067370800989508,0.6299999999999999,0.47632273886352766,1.1063227388635275,0.15367726113647223
19.82027792930603,-1.6902430599794385,-11.858791411249836,10.168548351270397,0.6299999999999999,0.47632273886352766,1.1063227388635275,0.15367726113647223
19.840272426605225,-1.502871104030005,-11.737033128999869,10.234162024969864,0.6299999999999999,0.47632273886352766,1.1063227388635275,0.15367726113647223
19.86028003692627,-1.3151388465359422,-11.551735878199896,10.236597031663953,0.6299999999999999,0.47632273886352766,1.1063227388635275,0.15367726113647223
19.880194902420044,-1.1280703812685768,-11.333185577559917,10.20511519629134,0.6299999999999999,0.47632273886352766,1.1063227388635275,0.15367726113647223
19.900139570236206,-0.9405449665115242,-11.123189087047935,10.18264412053641,0.6299999999999999,0.47632273886352766,1.1063227388635275,0.15367726113647223
19.920140981674194,-0.7523377269978335,-10.955191894638348,10.202854167640515,0.6299999999999999,0.47632273886352766,1.1063227388635275,0.15367726113647223
19.94016432762146,-0.5638050861234118,-10.82079414071068,10.256989054587269,0.6299999999999999,0.47632273886352766,1.1063227388635275,0.15367726113647223
19.960164070129395,-0.3754055934561688,-10.82079414071068,10.445388547254511,0.6299999999999999,0.47632273886352766,1.1063227388635275,0.15367726113647223
19.980143308639526,-0.18714005202241402,-10.713275937568545,10.52613588554613,0.6299999999999999,0.47632273886352766,1.1063227388635275,0.15367726113647223
20.000149726867676,0.0014111424805102442,-10.627261375054836,10.628672517535346,0.6299999999999999,0.47632273886352766,1.1063227388635275,0.15367726113647223
20.02021360397339,0.1905036076159147,-10.55844972504387,10.748953332659784,0.6299999999999999,0.47632273886352766,1.1063227388635275,0.15367726113647223
20.04017186164856,0.3785706757899291,-10.503400405035096,10.881971080825025,0.6299999999999999,0.47632273886352766,1.1063227388635275,0.15367726113647223
20.060168981552124,0.566944218872114,-10.459360949028076,11.02630516790019,0.6299999999999999,0.47632273886352766,1.1063227388635275,0.15367726113647223
20.08029270172119,0.7564199243733767,-10.42412938422246,11.180549308595838,0.6299999999999999,0.47632273886352766,1.1063227388635275,0.15367726113647223
20.100228548049927,0.94400754738926,-10.395944132377968,11.339951679767228,0.6299999999999999,0.47632273886352766,1.1063227388635275,0.15367726113647223
20.12018847465515,1.1316733600323656,-10.373395930902374,11.50506929093474,0.7,0.4894494241476058,1.1894494241476057,0.21055057585239417
20.140169858932495,1.3193626338383013,-10.3553573697219,11.674720003560202,0.7,0.4894494241476058,1.1894494241476057,0.21055057585239417
20.16014814376831,1.506814888865395,-10.34092652077752,11.847741409642914,0.7,0.4894494241476058,1.1894494241476057,0.21055057585239417
20.18014097213745,1.6941659093424322,-10.34092652077752,12.035092430119953,0.7,0.4894494241476058,1.1894494241476057,0.21055057585239417
20.200140237808228,1.881309784289153,-10.329381841622018,12.21069162591117,0.7,0.4894494241476058,1.1894494241476057,0.21055057585239417
20.22014307975769,2.0681899841433204,-10.320146098297615,12.388336082440935,0.7,0.4894494241476058,1.1894494241476057,0.21055057585239417
20.240140199661255,2.2546901837194198,-10.31275750363809,12.567447687357511,0.7,0.4894494241476058,1.1894494241476057,0.21055057585239417
20.26029372215271,2.4422888455857032,-10.306846627910474,12.749135473496178,0.7,0.4894494241476058,1.1894494241476057,0.21055057585239417
20.28034782409668,2.6285733861322083,-10.30211792732838,12.930691313460589,0.7,0.5594494241476058,1.2594494241476057,0.14055057585239417
20.300430059432983,2.8147010372146597,-10.298334966862702,13.113036004077362,0.7,0.5594494241476058,1.2594494241476057,0.14055057585239417
20.32030963897705,2.998509141041775,-10.295308598490163,13.293817739531939,0.7,0.5594494241476058,1.2594494241476057,0.14055057585239417
20.340293884277344,3.182813426043654,-10.292887503792128,13.475700929835781,0.7,0.5594494241476058,1.2594494241476057,0.14055057585239417
20.36033344268799,3.367123911241666,-10.290950628033704,13.65807453927537,0.7,0.5594494241476058,1.2594494241476057,0.14055057585239417
20.380295515060425,3.550191047745677,-10.289401127426963,13.83959217517264,0.7,0.5594494241476058,1.2594494241476057,0.14055057585239417
20.40027928352356,3.732897740285054,-10.289401127426963,14.022298867712017,0.7,0.5594494241476058,1.2594494241476057,0.14055057585239417
20.420300722122192,3.915358647000533,-10.21784902694157,14.133207673942103,0.7,0.5594494241476058,1.2594494241476057,0.14055057585239417
20.440224170684814,4.096311524693919,-10.072716721553256,14.169028246247175,0.7,0.5594494241476058,1.2594494241476057,0.14055057585239417
20.46017050743103,4.276829251925744,-9.939032752242605,14.215862004168349,0.7,0.5594494241476058,1.2594494241476057,0.14055057585239417
20.480158805847168,4.4570528566406775,-9.796929326794084,14.253982183434761,0.7,0.5594494241476058,1.2594494241476057,0.14055057585239417
20.50015664100647,4.636658944284381,-9.630512211435267,14.267171155719648,0.7,0.5594494241476058,1.2594494241476057,0.14055057585239417
20.52013659477234,4.8153734004354005,-9.444644144148214,14.260017544583615,0.7,0.5594494241476058,1.2594494241476057,0.14055057585239417
20.540131330490112,4.993460347480995,-9.29594969031857,14.289410037799566,0.7,0.5594494241476058,1.2594494241476057,0.14055057585239417
20.5601327419281,5.170818245018129,-9.176994127254856,14.347812372272985,0.7,0.5594494241476058,1.2594494241476057,0.14055057585239417
20.580142736434937,5.347435073808308,-9.081829676803885,14.429264750612193,0.7,0.5594494241476058,1.2594494241476057,0.14055057585239417
20.60013723373413,5.523070840298316,-9.005698116443108,14.528768956741423,0.7,0.5594494241476058,1.2594494241476057,0.14055057585239417
20.620131731033325,5.697834929726719,-9.005698116443108,14.703533046169827,0.7,0.5594494241476058,1.2594494241476057,0.14055057585239417
20.6401309967041,5.871741114575353,-8.944792868154488,14.81653398272984,0.7,0.5594494241476058,1.2594494241476057,0.14055057585239417
20.660156726837158,6.044948423450869,-8.896068669523592,14.94101709297446,0.7,0.5594494241476058,1.2594494241476057,0.14055057585239417
20.680157899856567,6.216988077699841,-8.857089310618873,15.074077388318713,0.7,0.5594494241476058,1.2594494241476057,0.14055057585239417
20.700300455093384,6.389251478816373,-8.808327698495098,15.197579177311471,0.7,0.5594494241476058,1.2594494241476057,0.14055057585239417
20.720256090164185,6.5589072130362585,-8.76931840879608,15.328225621832338,0.7,0.5594494241476058,1.2594494241476057,0.14055057585239417
20.740233659744263,6.7277165785857305,-8.738110977036863,15.465827555622592,0.6299999999999999,0.5505362824723123,1.1805362824723122,0.07946371752768755
20.76019048690796,6.8952923284780425,-8.713145031629491,15.608437360107533,0.6299999999999999,0.5505362824723123,1.1805362824723122,0.07946371752768755
20.78015685081482,7.061863225283795,-8.693172275303592,15.755035500587386,0.6299999999999999,0.5505362824723123,1.1805362824723122,0.07946371752768755
20.80015993118286,7.227625946019801,-8.677194070242875,15.904820016262676,0.6299999999999999,0.5505362824723123,1.1805362824723122,0.07946371752768755
20.82015585899353,7.392188332380704,-8.6644115061943,16.056599838575004,0.6299999999999999,0.5505362824723123,1.1805362824723122,0.07946371752768755
20.840163946151733,7.555682880972573,-8.6644115061943,16.220094387166874,0.6299999999999999,0.5505362824723123,1.1805362824723122,0.07946371752768755
20.860156059265137,7.717854240344164,-8.65418545495544,16.372039695299605,0.6299999999999999,0.5505362824723123,1.1805362824723122,0.07946371752768755
20.880159854888916,7.878901515273966,-8.646004613964353,16.524906129238317,0.6299999999999999,0.5505362824723123,1.1805362824723122,0.07946371752768755
20.900214910507202,8.039112023948896,-8.639459941171483,16.678571965120376,0.6299999999999999,0.5505362824723123,1.1805362824723122,0.07946371752768755
20.920236349105835,8.197780736039286,-8.634224202937185,16.83200493897647,0.5639951574802398,0.5260087606683372,1.090003918148577,0.03798639681190252
20.94027352333069,8.355275314347477,-8.630035612349747,16.985310926697224,0.5639951574802398,0.5260087606683372,1.090003918148577,0.03798639681190252
20.96027636528015,8.511179148645805,-8.6266847398798,17.137863888525604,0.5639951574802398,0.5260087606683372,1.090003918148577,0.03798639681190252
20.980260372161865,8.665593690940925,-8.624004041903838,17.28959773284476,0.5639951574802398,0.5260087606683372,1.090003918148577,0.03798639681190252
21.00021004676819,8.818380273359704,-8.621859483523071,17.440239756882775,0.5639951574802398,0.5260087606683372,1.090003918148577,0.03798639681190252
21.020184755325317,8.96997043632111,-8.602565711818457,17.57253614813957,0.5639951574802398,0.5260087606683372,1.090003918148577,0.03798639681190252
21.04016089439392,9.120158421047375,-8.587130694454766,17.707289115502142,0.5639951574802398,0.5260087606683372,1.090003918148577,0.03798639681190252
21.06016969680786,9.269151697797938,-8.587130694454766,17.8562823922527,0.5639951574802398,0.5260087606683372,1.090003918148577,0.03798639681190252
21.0801739692688,9.416646746815255,-8.557204555563814,17.973851302379067,0.5639951574802398,0.5260087606683372,1.090003918148577,0.03798639681190252
21.100156784057617,9.56249835252788,-8.48052926945105,18.04302762197893,0.5639951574802398,0.5260087606683372,1.090003918148577,0.03798639681190252
21.120158672332764,9.706979571104874,-8.366454665560841,18.073434236665715,0.5639951574802398,0.5260087606683372,1.090003918148577,0.03798639681190252
21.14017391204834,9.85002255768637,-8.275194982448674,18.125217540135043,0.5180857490003108,0.5067576133832334,1.0248433623835442,0.01132813561707735
21.160252332687378,9.99195186792486,-8.20218723595894,18.1941391038838,0.5180857490003108,0.5067576133832334,1.0248433623835442,0.01132813561707735
21.180235147476196,10.131626497218805,-8.143781038767152,18.275407535985956,0.5180857490003108,0.5067576133832334,1.0248433623835442,0.01132813561707735
21.200241565704346,10.269866115801513,-8.097056081013724,18.36692219681524,0.5180857490003108,0.5067576133832334,1.0248433623835442,0.01132813561707735
21.22025465965271,10.40652827537621,-8.05967611481098,18.46620439018719,0.5180857490003108,0.5067576133832334,1.0248433623835442,0.01132813561707735
21.240291833877563,10.54170642696145,-8.012194016848785,18.553900443810235,0.5180857490003108,0.5067576133832334,1.0248433623835442,0.01132813561707735
21.260215044021606,10.674459151023804,-7.886317713479028,18.56077686450283,0.5180857490003108,0.5067576133832334,1.0248433623835442,0.01132813561707735
21.280158042907715,10.80566853004189,-7.886317713479028,18.69198624352092,0.5180857490003108,0.5067576133832334,1.0248433623835442,0.01132813561707735
21.300145387649536,10.935467363846179,-7.697726045783223,18.633193409629403,0.5180857490003108,0.5067576133832334,1.0248433623835442,0.01132813561707735
21.320141077041626,11.063594652778388,-7.4941183366265784,18.557712989404965,0.5180857490003108,0.5067576133832334,1.0248433623835442,0.01132813561707735
21.340140104293823,11.189996574617226,-7.331232169301264,18.52122874391849,0.5180857490003108,0.5067576133832334,1.0248433623835442,0.01132813561707735
21.360137939453125,11.314624262017645,-7.200923235441011,18.515547497458655,0.5180857490003108,0.5067576133832334,1.0248433623835442,0.01132813561707735
21.380139350891113,11.437487433061312,-7.096676088352809,18.534163521414122,0.5180857490003108,0.5067576133832334,1.0248433623835442,0.01132813561707735
21.400144577026367,11.558567151938606,-7.013278370682248,18.571845522620855,0.5180857490003108,0.5067576133832334,1.0248433623835442,0.01132813561707735
21.420143604278564,11.677784017588031,-6.9465601965458,18.62434421413383,0.5180857490003108,0.5067576133832334,1.0248433623835442,0.01132813561707735
21.44014549255371,11.795173663501549,-6.89318565723664,18.68835932073819,0.5180857490003108,0.5067576133832334,1.0248433623835442,0.01132813561707735
21.460147380828857,11.910700363038517,-6.850486025789313,18.76118638882783,0.5180857490003108,0.5067576133832334,1.0248433623835442,0.01132813561707735
21.480161428451538,12.024414380185638,-6.816326320631451,18.84074070081709,0.5180857490003108,0.5067576133832334,1.0248433623835442,0.01132813561707735
21.50017809867859,12.136241460993768,-6.816326320631451,18.95256778162522,0.5180857490003108,0.5067576133832334,1.0248433623835442,0.01132813561707735
21.52030611038208,12.246754844435067,-6.788998556505161,19.03575340094023,0.5180857490003108,0.5067576133832334,1.0248433623835442,0.01132813561707735
21.54024648666382,12.35430662860401,-6.76713634520413,19.12144297380814,0.5180857490003108,0.5067576133832334,1.0248433623835442,0.01132813561707735
21.560311555862427,12.4605734280452,-6.749646576163305,19.210220004208505,0.5880857490003109,0.5767576133832335,1.1648433623835444,0.01132813561707735
21.58021903038025,12.564048410450315,-6.735654760930644,19.29970317138096,0.5880857490003109,0.5767576133832335,1.1648433623835444,0.01132813561707735
21.600250959396362,12.666186082216527,-6.724461308744516,19.390647390961043,0.5880857490003109,0.5767576133832335,1.1648433623835444,0.01132813561707735
21.620248556137085,12.766147338195564,-6.715506546995613,19.48165388519118,0.5880857490003109,0.5767576133832335,1.1648433623835444,0.01132813561707735
21.64020800590515,12.863908245180935,-6.7083427375964915,19.572250982777426,0.5880857490003109,0.5767576133832335,1.1648433623835444,0.01132813561707735
21.66015386581421,12.959581527089435,-6.702611690077194,19.662193217166628,0.5880857490003109,0.5767576133832335,1.1648433623835444,0.01132813561707735
21.68015480041504,13.053475127555945,-6.698026852061756,19.7515019796177,0.5880857490003109,0.5767576133832335,1.1648433623835444,0.01132813561707735
21.70017123222351,13.145377591034121,-6.694358981649406,19.839736572683528,0.5880857490003109,0.5767576133832335,1.1648433623835444,0.01132813561707735
21.720200777053833,13.23525899445159,-6.694358981649406,19.929617976100996,0.5880857490003109,0.5767576133832335,1.1648433623835444,0.01132813561707735
21.74021291732788,13.322968851222653,-6.656268435319524,19.979237286542176,0.5880857490003109,0.5767576133832335,1.1648433623835444,0.01132813561707735
21.76021695137024,13.408538055151975,-6.60821787325562,20.016755928407594,0.5880857490003109,0.5767576133832335,1.1648433623835444,0.01132813561707735
21.780234813690186,13.492045993090404,-6.569777423604497,20.0618234166949,0.5880857490003109,0.5767576133832335,1.1648433623835444,0.01132813561707735
21.80020308494568,13.57322063105215,-6.539025063883598,20.112245694935748,0.5880857490003109,0.5767576133832335,1.1648433623835444,0.01132813561707735
21.82024621963501,13.652550982537884,-6.514423176106878,20.166974158644763,0.5880857490003109,0.5767576133832335,1.1648433623835444,0.01132813561707735
21.840219974517822,13.729452768230793,-6.494741665885503,20.224194434116296,0.5880857490003109,0.5767576133832335,1.1648433623835444,0.01132813561707735
21.86020588874817,13.804237038262317,-6.496574582708402,20.30081162097072,0.5880857490003109,0.5767576133832335,1.1648433623835444,0.01132813561707735
21.88021159172058,13.87691533725017,-6.4980409161667225,20.37495625341689,0.5880857490003109,0.5767576133832335,1.1648433623835444,0.01132813561707735
21.900194883346558,13.9473233300112,-6.499213982933379,20.446537312944578,0.5880857490003109,0.5767576133832335,1.1648433623835444,0.01132813561707735
21.92019271850586,14.015581395377342,-6.500152436346704,20.515733831724045,0.5880857490003109,0.5767576133832335,1.1648433623835444,0.01132813561707735
21.940226793289185,14.081744387955027,-6.500152436346704,20.58189682430173,0.5880857490003109,0.5767576133832335,1.1648433623835444,0.01132813561707735
21.960278272628784,14.145730693935818,-6.500903199077364,20.64663389301318,0.5880857490003109,0.5767576133832335,1.1648433623835444,0.01132813561707735
21.980182647705078,14.207026958213921,-6.501503809261891,20.708530767475814,0.5880857490003109,0.5767576133832335,1.1648433623835444,0.01132813561707735
22.000176906585693,14.266362881967364,-6.501984297409513,20.768347179376878,0.5880857490003109,0.5767576133832335,1.1648433623835444,0.01132813561707735
22.02021026611328,14.323556696897928,-6.502368687927611,20.82592538482554,0.5880857490003109,0.5767576133832335,1.1648433623835444,0.01132813561707735
22.040203332901,14.378372919556774,-6.50267620034209,20.881049119898865,0.5880857490003109,0.5767576133832335,1.1648433623835444,0.01132813561707735
22.060169458389282,14.43085092562988,-6.502922210273672,20.93377313590355,0.5880857490003109,0.5767576133832335,1.1648433623835444,0.01132813561707735
22.080286741256714,14.481429264521386,-6.503119018218938,20.984548282740324,0.5880857490003109,0.5767576133832335,1.1648433623835444,0.01132813561707735
22.100334644317627,14.52953145083029,-6.503276464575151,21.032807915405442,0.5180857490003108,0.6407290508970618,1.1588147998973726,-0.12264330189675099
22.1202609539032,14.57505745115247,-6.485824296660121,21.06088174781259,0.5180857490003108,0.6407290508970618,1.1588147998973726,-0.12264330189675099
22.140236616134644,14.618403066274706,-6.471862562328098,21.090265628602804,0.5180857490003108,0.6407290508970618,1.1588147998973726,-0.12264330189675099
22.160224199295044,14.659469685156251,-6.471862562328098,21.131332247484348,0.5180857490003108,0.6407290508970618,1.1588147998973726,-0.12264330189675099
22.180169343948364,14.69814444550624,-6.460693174862478,21.15883762036872,0.5180857490003108,0.6407290508970618,1.1588147998973726,-0.12264330189675099
22.2001531124115,14.734579093442475,-6.451757664889983,21.18633675833246,0.5180857490003108,0.6407290508970618,1.1588147998973726,-0.12264330189675099
22.220173120498657,14.768750502086654,-6.409453006911987,21.178203508998642,0.5180857490003108,0.6407290508970618,1.1588147998973726,-0.12264330189675099
22.240175008773804,14.800557330442222,-6.23498428052959,21.035541610971812,0.5180857490003108,0.6407290508970618,1.1588147998973726,-0.12264330189675099
22.260167360305786,14.830013044964241,-5.954784299423672,20.78479734438791,0.5180857490003108,0.6407290508970618,1.1588147998973726,-0.12264330189675099
22.28015899658203,14.857127791094134,-5.695468064538938,20.552595855633072,0.5180857490003108,0.6407290508970618,1.1588147998973726,-0.12264330189675099
22.300157070159912,14.88190598447031,-5.48801507663115,20.369921061101458,0.5180857490003108,0.6407290508970618,1.1588147998973726,-0.12264330189675099
22.320218563079834,14.904401991088488,-5.339630811304921,20.24403280239341,0.5180857490003108,0.6407290508970618,1.1588147998973726,-0.12264330189675099
22.340317249298096,14.924565040166161,-5.1857671490439365,20.110332189210098,0.4480857490003108,0.5707290508970617,1.0188147998973724,-0.12264330189675093
22.360182762145996,14.942155361670244,-5.00994184423515,19.952097205905392,0.4480857490003108,0.5707290508970617,1.0188147998973724,-0.12264330189675093
22.380177974700928,14.957509761466873,-5.00994184423515,19.967451605702024,0.4480857490003108,0.5707290508970617,1.0188147998973724,-0.12264330189675093
22.400174856185913,14.970504313640527,-4.8517034753881205,19.822207789028646,0.4480857490003108,0.5707290508970617,1.0188147998973724,-0.12264330189675093
22.42017388343811,14.981136600711112,-4.725112780310496,19.706249381021607,0.4480857490003108,0.5707290508970617,1.0188147998973724,-0.12264330189675093
22.440179109573364,14.98940561828017,-4.571105849248397,19.560511467528567,0.4480857490003108,0.5707290508970617,1.0188147998973724,-0.12264330189675093
22.460208654403687,14.995312129254293,-4.307275304398718,19.30258743365301,0.4480857490003108,0.5707290508970617,1.0188147998973724,-0.12264330189675093
22.48017168045044,14.998835908276964,-3.955585868518975,18.95442177679594,0.4480857490003108,0.5707290508970617,1.0188147998973724,-0.12264330189675093
22.500173568725586,14.999999910800186,-3.5687655698151803,18.568765480615365,0.4480857490003108,0.5707290508970617,1.0188147998973724,-0.12264330189675093
22.52023720741272,14.99878740348903,-3.241731205852145,18.240518609341176,0.4480857490003108,0.5707290508970617,1.0188147998973724,-0.12264330189675093
22.540188550949097,14.995218076562239,-2.980103714681716,17.975321791243957,0.4367388928681611,0.6407290508970618,1.0774679437652228,-0.2039901580289007
22.56027317047119,14.989244832766445,-2.7708017217453733,17.760046554511817,0.4367388928681611,0.6407290508970618,1.0774679437652228,-0.2039901580289007
22.580283403396606,14.980919908299178,-2.603360127396299,17.58428003569548,0.4367388928681611,0.6407290508970618,1.0774679437652228,-0.2039901580289007
22.60028338432312,14.970232986040914,-2.603360127396299,17.573593113437212,0.4367388928681611,0.6407290508970618,1.0774679437652228,-0.2039901580289007
22.62038016319275,14.957113184753862,-2.46940685191704,17.4265200366709,0.4367388928681611,0.6407290508970618,1.0774679437652228,-0.2039901580289007
22.640374660491943,14.941693512484365,-2.362244231533632,17.303937744017997,0.4367388928681611,0.6407290508970618,1.0774679437652228,-0.2039901580289007
22.660290002822876,14.923990697098517,-2.276514135226906,17.20050483232542,0.4367388928681611,0.6407290508970618,1.0774679437652228,-0.2039901580289007
22.680256605148315,14.903896526949833,-2.2079300581815247,17.111826585131357,0.4367388928681611,0.6407290508970618,1.0774679437652228,-0.2039901580289007
22.7001690864563,14.881520704402648,-2.15306279654522,17.034583500947868,0.4367388928681611,0.6407290508970618,1.0774679437652228,-0.2039901580289007
22.720163822174072,14.856708560242474,-2.1091689872361763,16.96587754747865,0.4367388928681611,0.6407290508970618,1.0774679437652228,-0.2039901580289007
22.74015474319458,14.829557008932769,-2.074053939788941,16.90361094872171,0.4367388928681611,0.6407290508970618,1.0774679437652228,-0.2039901580289007
22.760212182998657,14.799963793422192,-2.028383776831153,16.828347570253346,0.4367388928681611,0.6407290508970618,1.0774679437652228,-0.2039901580289007
22.78020477294922,14.768127111771168,-1.9215351464649224,16.68966225823609,0.4367388928681611,0.6407290508970618,1.0774679437652228,-0.2039901580289007
22.800185203552246,14.733981586644328,-1.783321867171938,16.517303453816265,0.4367388928681611,0.6407290508970618,1.0774679437652228,-0.2039901580289007
22.8201642036438,14.697516639791303,-1.783321867171938,16.48083850696324,0.4367388928681611,0.6407290508970618,1.0774679437652228,-0.2039901580289007
22.840163469314575,14.658695144904181,-1.6727512437375505,16.33144638864173,0.4367388928681611,0.6407290508970618,1.0774679437652228,-0.2039901580289007
22.86016845703125,14.617546941931515,-1.5842947449900406,16.201841686921554,0.4367388928681611,0.6407290508970618,1.0774679437652228,-0.2039901580289007
22.88015580177307,14.57412864944115,-1.4959514209920326,16.070080070433182,0.4367388928681611,0.6407290508970618,1.0774679437652228,-0.2039901580289007
22.900161504745483,14.528368799717532,-1.3725423867936262,15.900911186511157,0.4367388928681611,0.6407290508970618,1.0774679437652228,-0.2039901580289007
22.92017364501953,14.480297612036203,-1.238658909434901,15.718956521471105,0.4367388928681611,0.6407290508970618,1.0774679437652228,-0.2039901580289007
22.940174102783203,14.429967106058443,-1.0963958775479208,15.526362983606365,0.4367388928681611,0.6407290508970618,1.0774679437652228,-0.2039901580289007
22.960326671600342,14.376949013018393,-0.9825854520383367,15.35953446505673,0.5067388928681611,0.585474725626409,1.09221361849457,-0.07873583275824791
22.98024606704712,14.32227912277993,-0.8739589866306694,15.196238109410599,0.5067388928681611,0.585474725626409,1.09221361849457,-0.07873583275824791
23.000193119049072,14.265285196291147,-0.7870578143045356,15.052343010595683,0.5067388928681611,0.585474725626409,1.09221361849457,-0.07873583275824791
23.020509719848633,14.204932034419645,-0.6999587514436285,14.904890785863273,0.5067388928681611,0.585474725626409,1.09221361849457,-0.07873583275824791
23.040372133255005,14.14369036264482,-0.6999587514436285,14.843649114088448,0.5067388928681611,0.585474725626409,1.09221361849457,-0.07873583275824791
23.06028723716736,14.080074636600049,-0.6302795011549028,14.710354137754951,0.5067388928681611,0.585474725626409,1.09221361849457,-0.07873583275824791
23.080316305160522,14.013871358520522,-0.5745361009239223,14.588407459444444,0.5067388928681611,0.585474725626409,1.09221361849457,-0.07873583275824791
23.100299835205078,13.945606764939255,-0.5123632557391379,14.457970020678392,0.5067388928681611,0.585474725626409,1.09221361849457,-0.07873583275824791
23.120253324508667,13.875251193809106,-0.4626249795913103,14.337876173400417,0.5067388928681611,0.585474725626409,1.09221361849457,-0.07873583275824791
23.140177011489868,13.80282469878064,-0.4228343586730483,14.225659057453688,0.5067388928681611,0.585474725626409,1.09221361849457,-0.07873583275824791
23.160144567489624,13.728068566015232,-0.39100186193843867,14.11907042795367,0.5067388928681611,0.585474725626409,1.09221361849457,-0.07873583275824791
23.180150508880615,13.651001702174886,-0.365535864550751,14.016537566725637,0.5067388928681611,0.585474725626409,1.09221361849457,-0.07873583275824791
23.200143814086914,13.571828623586155,-0.3627411916406008,13.934569815226755,0.5067388928681611,0.585474725626409,1.09221361849457,-0.07873583275824791
23.22014021873474,13.490501059345846,-0.36050545331248063,13.851006512658326,0.5067388928681611,0.585474725626409,1.09221361849457,-0.07873583275824791
23.240139961242676,13.407029846495531,-0.35871686264998454,13.765746709145516,0.5067388928681611,0.585474725626409,1.09221361849457,-0.07873583275824791
23.26015615463257,13.321370293950267,-0.35871686264998454,13.680087156600251,0.5067388928681611,0.585474725626409,1.09221361849457,-0.07873583275824791
23.280150651931763,13.233700003076414,-0.37486411511998763,13.608564118196401,0.5067388928681611,0.585474725626409,1.09221361849457,-0.07873583275824791
23.300143003463745,13.143950851609953,-0.38778191709599014,13.531732768705943,0.5067388928681611,0.585474725626409,1.09221361849457,-0.07873583275824791
23.32013988494873,13.052106665496927,-0.3981161586767921,13.45022282417372,0.5067388928681611,0.585474725626409,1.09221361849457,-0.07873583275824791
23.34013295173645,12.958220152361582,-0.4063835519414337,13.364603704303015,0.5067388928681611,0.585474725626409,1.09221361849457,-0.07873583275824791
23.360140562057495,12.862218280643372,-0.412997466553147,13.275215747196519,0.5067388928681611,0.585474725626409,1.09221361849457,-0.07873583275824791
23.38017725944519,12.764039774779919,-0.41828859824251763,13.182328373022436,0.5767388928681612,0.5289675964042544,1.1057064892724155,0.047771296463906765
23.400262355804443,12.663593800908355,-0.4225215035940141,13.08611530450237,0.5767388928681612,0.5289675964042544,1.1057064892724155,0.047771296463906765
23.42028045654297,12.561476153841554,-0.4259078278752113,12.987383981716764,0.5767388928681612,0.5289675964042544,1.1057064892724155,0.047771296463906765
23.440192699432373,12.457927027322144,-0.42861688730016906,12.886543914622314,0.5767388928681612,0.5289675964042544,1.1057064892724155,0.047771296463906765
23.460164546966553,12.352109167156007,-0.4307841348401353,12.782893301996141,0.5767388928681612,0.5289675964042544,1.1057064892724155,0.047771296463906765
23.480168104171753,12.244173618323066,-0.4307841348401353,12.6749577531632,0.5767388928681612,0.5289675964042544,1.1057064892724155,0.047771296463906765
23.50018548965454,12.134227267731855,-0.43251793287210827,12.566745200603965,0.5767388928681612,0.5289675964042544,1.1057064892724155,0.047771296463906765
23.52021360397339,12.022300980391845,-0.4163268462976866,12.438627826689531,0.5767388928681612,0.5289675964042544,1.1057064892724155,0.047771296463906765
23.54032564163208,11.907989931510548,-0.4033739770381493,12.311363908548698,0.5767388928681612,0.5289675964042544,1.1057064892724155,0.047771296463906765
23.560364961624146,11.792200931213522,-0.39301168163051947,12.18521261284404,0.6467388928681612,0.5989675964042545,1.2457064892724157,0.047771296463906765
23.580214738845825,11.675664054054431,-0.3847218453044156,12.060385899358847,0.6467388928681612,0.5989675964042545,1.2457064892724157,0.047771296463906765
23.60021162033081,11.556427213496331,-0.3780899762435325,11.934517189739864,0.6467388928681612,0.5989675964042545,1.2457064892724157,0.047771296463906765
23.62024736404419,11.43512901235631,-0.37278448099482603,11.807913493351135,0.6467388928681612,0.5989675964042545,1.2457064892724157,0.047771296463906765
23.640246152877808,11.312247338657496,-0.3685400847958608,11.680787423453356,0.6467388928681612,0.5989675964042545,1.2457064892724157,0.047771296463906765
23.66019916534424,11.18786693010803,-0.3827226928366887,11.570589622944718,0.6467388928681612,0.5989675964042545,1.2457064892724157,0.047771296463906765
23.68015742301941,11.061694730500706,-0.39406877926935097,11.455763509770057,0.6467388928681612,0.5989675964042545,1.2457064892724157,0.047771296463906765
23.70015001296997,10.933561523400478,-0.39406877926935097,11.327630302669828,0.6467388928681612,0.5989675964042545,1.2457064892724157,0.047771296463906765
23.720151662826538,10.803643824229368,-0.4207237734154808,11.22436759764485,0.6467388928681612,0.5989675964042545,1.2457064892724157,0.047771296463906765
23.740153551101685,10.672018243943556,-0.45962589373238466,11.131644137675941,0.6467388928681612,0.5989675964042545,1.2457064892724157,0.047771296463906765
23.760146856307983,10.538764674055345,-0.49074758998590773,11.029512264041253,0.6467388928681612,0.5989675964042545,1.2457064892724157,0.047771296463906765
23.780156135559082,10.40373957143877,-0.5332230719887262,10.936962643427496,0.6467388928681612,0.5989675964042545,1.2457064892724157,0.047771296463906765
23.80014967918396,10.26717819252831,-0.567203457590981,10.83438165011929,0.6467388928681612,0.5989675964042545,1.2457064892724157,0.047771296463906765
23.820141077041626,10.129011469981336,-0.5943877660727848,10.72339923605412,0.6467388928681612,0.5989675964042545,1.2457064892724157,0.047771296463906765
23.84014368057251,9.989167849013787,-0.6337133378582279,10.622881186872016,0.6467388928681612,0.5989675964042545,1.2457064892724157,0.047771296463906765
23.86013889312744,9.84779895591291,-0.6651737952865824,10.512972751199493,0.6467388928681612,0.5989675964042545,1.2457064892724157,0.047771296463906765
23.88013768196106,9.704850025116258,-0.6903421612292658,10.395192186345524,0.6467388928681612,0.5989675964042545,1.2457064892724157,0.047771296463906765
23.900140285491943,9.560341067598216,-0.7104768539834128,10.270817921581628,0.6467388928681612,0.5989675964042545,1.2457064892724157,0.047771296463906765
23.920148611068726,9.41428004352343,-0.7104768539834128,10.124756897506842,0.6467388928681612,0.5989675964042545,1.2457064892724157,0.047771296463906765
23.94018006324768,9.266559761441007,-0.7265846081867302,9.993144369627737,0.6467388928681612,0.5989675964042545,1.2457064892724157,0.047771296463906765
23.960159063339233,9.117764119769243,-0.7394708115493843,9.857234931318628,0.6467388928681612,0.5989675964042545,1.2457064892724157,0.047771296463906765
23.98016333580017,8.967340763493217,-0.7497797742395075,9.717120537732725,0.6804823600500822,0.5398491206392646,1.2203314806893468,0.14063323941081762
24.00027632713318,8.8146717108539,-0.775605069391606,9.590276780245507,0.6804823600500822,0.5398491206392646,1.2203314806893468,0.14063323941081762
24.02030062675476,8.661277429803315,-0.7786871805132848,9.439964610316599,0.6804823600500822,0.5398491206392646,1.2203314806893468,0.14063323941081762
24.0402569770813,8.50703956962676,-0.7987309944106278,9.305770564037388,0.6804823600500822,0.5398491206392646,1.2203314806893468,0.14063323941081762
24.060187101364136,8.35166952608841,-0.7971879205285023,9.148857446616912,0.6804823600500822,0.5398491206392646,1.2203314806893468,0.14063323941081762
24.080151796340942,8.194716956920479,-0.795953461422802,8.99067041834328,0.6804823600500822,0.5398491206392646,1.2203314806893468,0.14063323941081762
24.100144147872925,8.036254820142549,-0.7949658941382416,8.831220714280791,0.6804823600500822,0.5398491206392646,1.2203314806893468,0.14063323941081762
24.120166301727295,7.87628559438296,-0.8117539653105933,8.688039559693554,0.6804823600500822,0.5398491206392646,1.2203314806893468,0.14063323941081762
24.140154361724854,7.715345419228099,-0.8117539653105933,8.527099384538692,0.6804823600500822,0.5398491206392646,1.2203314806893468,0.14063323941081762
24.16018509864807,7.552840847248595,-0.8779187972484748,8.43075964449707,0.6804823600500822,0.5398491206392646,1.2203314806893468,0.14063323941081762
24.180330514907837,7.388199315702857,-0.9660069127987798,8.354206228501637,0.6804823600500822,0.5398491206392646,1.2203314806893468,0.14063323941081762
24.20028519630432,7.2239495604142885,-1.036477405239024,8.260426965653313,0.6804823600500822,0.5398491206392646,1.2203314806893468,0.14063323941081762
24.22037434577942,7.057445952718484,-1.110431924191219,8.167877876909703,0.6387013257294893,0.49460631188005216,1.1333076376095415,0.14409501384943718
24.24019718170166,6.892047349188278,-1.1520174143529753,8.044064763541254,0.6387013257294893,0.49460631188005216,1.1333076376095415,0.14409501384943718
24.260157585144043,6.724420670638363,-1.2028639314823804,7.927284602120743,0.6387013257294893,0.49460631188005216,1.1333076376095415,0.14409501384943718
24.280275344848633,6.554402387407906,-1.2259630201859044,7.780365407593811,0.6387013257294893,0.49460631188005216,1.1333076376095415,0.14409501384943718
24.30023765563965,6.384662623927364,-1.2444422911487236,7.629104915076088,0.6387013257294893,0.49460631188005216,1.1333076376095415,0.14409501384943718
24.320173263549805,6.214147501880943,-1.259225707918979,7.473373209799922,0.6387013257294893,0.49460631188005216,1.1333076376095415,0.14409501384943718
24.340142488479614,6.042367413721587,-1.2710524413351834,7.313419855056771,0.6387013257294893,0.49460631188005216,1.1333076376095415,0.14409501384943718
24.360141038894653,5.869381751878456,-1.2710524413351834,7.14043419321364,0.6387013257294893,0.49460631188005216,1.1333076376095415,0.14409501384943718
24.38013982772827,5.695467302201481,-1.3332482030681467,7.028715505269627,0.6387013257294893,0.49460631188005216,1.1333076376095415,0.14409501384943718
24.400141954421997,5.520624330660439,-1.4884735624545173,7.009097893114957,0.6387013257294893,0.49460631188005216,1.1333076376095415,0.14409501384943718
24.420140027999878,5.34494509545032,-1.665388224963614,7.010333320413934,0.6387013257294893,0.49460631188005216,1.1333076376095415,0.14409501384943718
24.440150022506714,5.168316521801935,-1.7893418299708914,6.957658351772826,0.6387013257294893,0.49460631188005216,1.1333076376095415,0.14409501384943718
24.460146188735962,4.990993897842961,-1.906082838976713,6.897076736819674,0.6387013257294893,0.49460631188005216,1.1333076376095415,0.14409501384943718
24.480144023895264,4.8128685425674,-1.9994756461813705,6.812344188748771,0.6387013257294893,0.49460631188005216,1.1333076376095415,0.14409501384943718
24.500150442123413,4.6339064074722405,-2.0741898919450965,6.7080962994173365,0.6387013257294893,0.49460631188005216,1.1333076376095415,0.14409501384943718
24.520158767700195,4.454194889619359,-2.1339612885560775,6.588156178175437,0.6387013257294893,0.49460631188005216,1.1333076376095415,0.14409501384943718
24.5401554107666,4.273884958333488,-2.181778405844862,6.45566336417835,0.6387013257294893,0.49460631188005216,1.1333076376095415,0.14409501384943718
24.56027388572693,4.091795678418222,-2.2200320996758895,6.311827778094112,0.6387013257294893,0.49460631188005216,1.1333076376095415,0.14409501384943718
24.580296516418457,3.909924669575195,-2.2200320996758895,6.129956769251084,0.6387013257294893,0.49460631188005216,1.1333076376095415,0.14409501384943718
24.600165605545044,3.728836527050598,-2.250635054740712,5.97947158179131,0.7,0.48876093372702606,1.188760933727026,0.2112390662729739
24.620198965072632,3.545662922229156,-2.27511741879257,5.820780341021726,0.7,0.48876093372702606,1.188760933727026,0.2112390662729739
24.640193223953247,3.3622866855267888,-2.2947033100340555,5.656989995560844,0.7,0.48876093372702606,1.188760933727026,0.2112390662729739
24.660218000411987,3.1780987185643785,-2.3103720230272446,5.488470741591623,0.7,0.48876093372702606,1.188760933727026,0.2112390662729739
24.680173635482788,2.9940461807407983,-2.3229069934217956,5.3169531741625935,0.7,0.48876093372702606,1.188760933727026,0.2112390662729739
24.700160264968872,2.8092359972217484,-2.3329349697374364,5.142170966959185,0.7,0.48876093372702606,1.188760933727026,0.2112390662729739
24.720160007476807,2.6238611139458285,-2.340957350789949,4.964818464735778,0.7,0.48876093372702606,1.188760933727026,0.2112390662729739
24.740165948867798,2.4380142570319143,-2.347375255631959,4.7853895126638735,0.7,0.48876093372702606,1.188760933727026,0.2112390662729739
24.760151147842407,2.2519754577829514,-2.3525095795055675,4.604485037288519,0.7,0.48876093372702606,1.188760933727026,0.2112390662729739
24.78016448020935,2.0653189463801027,-2.3566170386044543,4.421935984984557,0.7,0.418760933727026,1.118760933727026,0.28123906627297396
24.800182580947876,1.878291275106765,-2.3566170386044543,4.23490831371122,0.7,0.418760933727026,1.118760933727026,0.28123906627297396
24.820186853408813,1.6910959603639277,-2.3599030058835635,4.050998966247491,0.7,0.418760933727026,1.118760933727026,0.28123906627297396
24.84016251564026,1.5039017744930556,-2.362531779706851,3.866433554199906,0.7,0.418760933727026,1.118760933727026,0.28123906627297396
24.86016035079956,1.3162625140569302,-2.3646347987654806,3.6808973128224105,0.7,0.418760933727026,1.118760933727026,0.28123906627297396
24.880144357681274,1.1285454046073404,-2.3663172140123847,3.494862618619725,0.7,0.418760933727026,1.118760933727026,0.28123906627297396
24.900141954421997,0.9405225403053604,-2.525866271209908,3.4663888115152686,0.7,0.418760933727026,1.118760933727026,0.28123906627297396
24.920148849487305,0.7522636679250038,-2.8292867669679267,3.5815504348929306,0.7,0.418760933727026,1.118760933727026,0.28123906627297396
24.940145015716553,0.5639869678816025,-3.159913788574342,3.7239007564559445,0.7,0.418760933727026,1.118760933727026,0.28123906627297396
24.960419178009033,0.3730020066211127,-3.4419935308594742,3.814995537480587,0.7,0.418760933727026,1.118760933727026,0.28123906627297396
24.980241060256958,0.18621883608269482,-3.685235449687579,3.871454285770274,0.7,0.48876093372702606,1.188760933727026,0.2112390662729739
25.00015878677368,-0.001496530082562584,-3.8974071097500635,3.895910579667501,0.7,0.48876093372702606,1.188760933727026,0.2112390662729739
25.02015781402588,-0.1899778420383432,-3.8974071097500635,3.70742926771172,0.7,0.48876093372702606,1.188760933727026,0.2112390662729739
25.040152072906494,-0.3783842306678995,-4.067144437800051,3.6887602071321517,0.7,0.48876093372702606,1.188760933727026,0.2112390662729739
25.0601589679718,-0.5668499105245117,-4.220512425240041,3.653662514715529,0.7,0.48876093372702606,1.188760933727026,0.2112390662729739
25.08015489578247,-0.7551227836172918,-4.343206815192032,3.5880840315747404,0.7,0.48876093372702606,1.188760933727026,0.2112390662729739
25.100197553634644,-0.943716010788322,-4.441362327153627,3.4976463163653047,0.7,0.48876093372702606,1.188760933727026,0.2112390662729739
25.120173931121826,-1.1315366810647525,-4.519886736722901,3.3883500556581483,0.7,0.48876093372702606,1.188760933727026,0.2112390662729739
25.14016103744507,-1.3192798154916539,-4.582706264378321,3.2634264488866673,0.7,0.48876093372702606,1.188760933727026,0.2112390662729739
25.160303592681885,-1.5082725423566283,-4.650540011502657,3.1422674691460286,0.6956516120582819,0.47115287229418756,1.1668044843524694,0.2244987397640943
25.180184364318848,-1.6945722535687664,-4.704807009202126,3.0102347556333595,0.6956516120582819,0.47115287229418756,1.1668044843524694,0.2244987397640943
25.200175762176514,-1.881641949333769,-4.7482206073617,2.8665786580279313,0.6956516120582819,0.47115287229418756,1.1668044843524694,0.2244987397640943
25.22015404701233,-2.068292360808587,-4.7829514858893605,2.7146591250807734,0.6956516120582819,0.47115287229418756,1.1668044843524694,0.2244987397640943
25.24015498161316,-2.254827917392012,-4.7829514858893605,2.5281235684973486,0.6956516120582819,0.47115287229418756,1.1668044843524694,0.2244987397640943
25.26015591621399,-2.4410073772304512,-4.810736188711488,2.3697288114810364,0.6956516120582819,0.47115287229418756,1.1668044843524694,0.2244987397640943
25.28015446662903,-2.6267792144900923,-4.83296395096919,2.2061847364790976,0.6956516120582819,0.47115287229418756,1.1668044843524694,0.2244987397640943
25.300172090530396,-2.8123128888155766,-4.850746160775352,2.0384332719597755,0.6956516120582819,0.47115287229418756,1.1668044843524694,0.2244987397640943
25.320165395736694,-2.997177107322557,-4.864971928620282,1.867794821297725,0.6956516120582819,0.47115287229418756,1.1668044843524694,0.2244987397640943
25.34019422531128,-3.181895544187851,-4.8763525428962256,1.6944569987083744,0.6956516120582819,0.47115287229418756,1.1668044843524694,0.2244987397640943
25.36028289794922,-3.3666596937055746,-4.885457034316981,1.5187973406114064,0.7,0.5411528722941876,1.2411528722941876,0.15884712770581233
25.380221366882324,-3.5495120690767488,-4.875162502453585,1.3256504333768362,0.7,0.5411528722941876,1.2411528722941876,0.15884712770581233
25.400181770324707,-3.732007606491519,-4.866926876962868,1.1349192704713489,0.7,0.5411528722941876,1.2411528722941876,0.15884712770581233
25.420157432556152,-3.9140549765117383,-4.8603383765702945,0.9462834000585563,0.7,0.5411528722941876,1.2411528722941876,0.15884712770581233
25.440171003341675,-4.095829478843308,-4.855067576256236,0.7592380974129274,0.7,0.5411528722941876,1.2411528722941876,0.15884712770581233
25.46015954017639,-4.276730178392479,-4.855067576256236,0.5783373978637565,0.7,0.5411528722941876,1.2411528722941876,0.15884712770581233
25.48017406463623,-4.4571901719102485,-4.8508509360049885,0.39366076409474005,0.7,0.5411528722941876,1.2411528722941876,0.15884712770581233
25.50016713142395,-4.636752971996531,-4.865055748803991,0.22830277680746036,0.7,0.5411528722941876,1.2411528722941876,0.15884712770581233
25.520171642303467,-4.81568623113316,-4.876419599043193,0.06073336791003303,0.7,0.5411528722941876,1.2411528722941876,0.15884712770581233
25.54034996032715,-4.995403311286246,-4.885510679234555,-0.10989263205169131,0.7,0.5411528722941876,1.2411528722941876,0.15884712770581233
25.560373306274414,-5.172946479698291,-4.892783543387644,-0.2801629363106475,0.7,0.6004878842830659,1.3004878842830658,0.09951211571693408
25.58031392097473,-5.348942415448429,-4.9161799597101155,-0.4327624557383132,0.7,0.6004878842830659,1.3004878842830658,0.09951211571693408
25.6002299785614,-5.52388352024373,-4.934897092768093,-0.5889864274756373,0.7,0.6004878842830659,1.3004878842830658,0.09951211571693408
25.620168924331665,-5.698159192399956,-4.949870799214474,-0.748288393185482,0.7,0.6004878842830659,1.3004878842830658,0.09951211571693408
25.640204668045044,-5.872380036043654,-4.96184976437158,-0.9105302716720738,0.7,0.6004878842830659,1.3004878842830658,0.09951211571693408
25.660192489624023,-6.045256896376761,-4.971432936497264,-1.0738239598794967,0.7,0.6004878842830659,1.3004878842830658,0.09951211571693408
25.680195331573486,-6.2173091337752,-4.971432936497264,-1.2458761972779362,0.7,0.6004878842830659,1.3004878842830658,0.09951211571693408
25.700185775756836,-6.388273587359103,-4.979099474197811,-1.4091741131612912,0.7,0.6004878842830659,1.3004878842830658,0.09951211571693408
25.720186948776245,-6.558321162244681,-5.00281082935825,-1.5555103328864313,0.7,0.6004878842830659,1.3004878842830658,0.09951211571693408
25.74019169807434,-6.727363106395334,-5.021779913486601,-1.7055831929087333,0.7,0.6004878842830659,1.3004878842830658,0.09951211571693408
25.7601637840271,-6.8950688251863985,-5.03695518078928,-1.8581136443971182,0.7,0.6004878842830659,1.3004878842830658,0.09951211571693408
25.780189752578735,-7.062136800680261,-5.049095394631425,-2.0130414060488366,0.7,0.5304878842830658,1.2304878842830658,0.16951211571693414
25.800201416015625,-7.227968547698095,-5.05880756570514,-2.1691609819929543,0.7,0.5304878842830658,1.2304878842830658,0.16951211571693414
25.820188522338867,-7.392456197492539,-5.066577302564112,-2.325878894928427,0.7,0.5304878842830658,1.2304878842830658,0.16951211571693414
25.840192317962646,-7.555913877308242,-5.07279309205129,-2.4831207852569523,0.7,0.5304878842830658,1.2304878842830658,0.16951211571693414
25.860194206237793,-7.7181625237593146,-5.077765723641033,-2.640396800118282,0.7,0.5304878842830658,1.2304878842830658,0.16951211571693414
25.880188465118408,-7.879130966234822,-5.081743828912827,-2.797387137321995,0.7,0.5304878842830658,1.2304878842830658,0.16951211571693414
25.900184392929077,-8.038869196505695,-5.081743828912827,-2.9571253675928686,0.7,0.5304878842830658,1.2304878842830658,0.16951211571693414
25.92020010948181,-8.197494703585704,-5.0673481881302616,-3.1301465154554426,0.7,0.5304878842830658,1.2304878842830658,0.16951211571693414
25.940170288085938,-8.354467245623471,-5.05583167550421,-3.298635570119261,0.7,0.5304878842830658,1.2304878842830658,0.16951211571693414
25.960225105285645,-8.5107813316438,-5.046618465403368,-3.4641628662404322,0.7,0.46410422444343574,1.1641042244434356,0.2358957755565642
25.980213165283203,-8.66523052812665,-5.039247897322695,-3.6259826308039544,0.7,0.46410422444343574,1.1641042244434356,0.2358957755565642
26.000186681747437,-8.818202135753841,-5.033351442858156,-3.7848506928956853,0.7,0.46410422444343574,1.1641042244434356,0.2358957755565642
26.020188093185425,-8.96999565028517,-5.028634279286525,-3.9413613709986457,0.7,0.46410422444343574,1.1641042244434356,0.2358957755565642
26.040184020996094,-9.120331467289288,-5.024860548429221,-4.095470918860068,0.7,0.46410422444343574,1.1641042244434356,0.2358957755565642
26.06018590927124,-9.269271831232171,-5.004263438743377,-4.265008392488794,0.7,0.46410422444343574,1.1641042244434356,0.2358957755565642
26.0801784992218,-9.416679979362373,-4.987785750994702,-4.428894228367671,0.7,0.46410422444343574,1.1641042244434356,0.2358957755565642
26.10018014907837,-9.562668012492352,-4.957025475795762,-4.605642536696591,0.7,0.46410422444343574,1.1641042244434356,0.2358957755565642
26.120203256607056,-9.707299916156575,-4.957025475795762,-4.750274440360814,0.7,0.46410422444343574,1.1641042244434356,0.2358957755565642
26.14039134979248,-9.851568007925398,-4.932417255636609,-4.919150752288789,0.7,0.46410422444343574,1.1641042244434356,0.2358957755565642
26.160317182540894,-9.992407710935462,-4.912730679509287,-5.079677031426175,0.6875156758353114,0.4984160144627095,1.1859316902980208,0.18909966137260187
26.180190801620483,-10.131318291499756,-4.89698141860743,-5.234336872892326,0.6875156758353114,0.4984160144627095,1.1859316902980208,0.18909966137260187
26.200212955474854,-10.269669579371211,-4.884382009885944,-5.385287569485267,0.6875156758353114,0.4984160144627095,1.1859316902980208,0.18909966137260187
26.220248222351074,-10.406484580777033,-4.874302482908755,-5.532182097868278,0.6875156758353114,0.4984160144627095,1.1859316902980208,0.18909966137260187
26.240227222442627,-10.541273208207574,-4.8662388613270045,-5.67503434688057,0.6875156758353114,0.4984160144627095,1.1859316902980208,0.18909966137260187
26.26020574569702,-10.674397582786995,-4.859787964061604,-5.814609618725391,0.6875156758353114,0.4984160144627095,1.1859316902980208,0.18909966137260187
26.280198574066162,-10.805933472812253,-4.854627246249283,-5.95130622656297,0.6875156758353114,0.4984160144627095,1.1859316902980208,0.18909966137260187
26.300220489501953,-10.93595183949205,-4.850498671999427,-6.0854531674926235,0.6875156758353114,0.4984160144627095,1.1859316902980208,0.18909966137260187
26.3202223777771,-11.064112056191602,-4.864773937599542,-6.199338118592061,0.6875156758353114,0.4984160144627095,1.1859316902980208,0.18909966137260187
26.34021544456482,-11.19046942738452,-4.864773937599542,-6.325695489784979,0.6875156758353114,0.4984160144627095,1.1859316902980208,0.18909966137260187
26.360260486602783,-11.315382496173935,-4.876194150079633,-6.439188346094302,0.6875156758353114,0.4984160144627095,1.1859316902980208,0.18909966137260187
26.380211353302002,-11.437926472586804,-4.885330320063707,-6.552596152523098,0.6875156758353114,0.4984160144627095,1.1859316902980208,0.18909966137260187
26.400185108184814,-11.558810615611499,-4.892639256050965,-6.666171359560534,0.6875156758353114,0.4984160144627095,1.1859316902980208,0.18909966137260187
26.420170307159424,-11.677941968549872,-4.898486404840773,-6.779455563709099,0.6875156758353114,0.4984160144627095,1.1859316902980208,0.18909966137260187
26.440196752548218,-11.795472119326908,-4.903164123872618,-6.892307995454289,0.6875156758353114,0.4984160144627095,1.1859316902980208,0.18909966137260187
26.460184335708618,-11.910912071195959,-4.906906299098095,-7.004005772097864,0.6875156758353114,0.4984160144627095,1.1859316902980208,0.18909966137260187
26.480178594589233,-12.0245110996073,-4.909900039278476,-7.114611060328825,0.6875156758353114,0.4984160144627095,1.1859316902980208,0.18909966137260187
26.50019884109497,-12.136356349971795,-4.912295031422781,-7.224061318549014,0.6875156758353114,0.4984160144627095,1.1859316902980208,0.18909966137260187
26.520314931869507,-12.246802850910282,-4.914211025138225,-7.332591825772057,0.6875156758353114,0.4984160144627095,1.1859316902980208,0.18909966137260187
26.54020643234253,-12.354092527063713,-4.91574382011058,-7.438348706953133,0.6875156758353114,0.4984160144627095,1.1859316902980208,0.18909966137260187
26.560187578201294,-12.459922892281547,-4.91574382011058,-7.544179072170967,0.6175156758353113,0.4528437447547913,1.0703594205901026,0.16467193108052003
26.58018445968628,-12.563870418227511,-4.916970056088465,-7.646900362139046,0.6175156758353113,0.4528437447547913,1.0703594205901026,0.16467193108052003
26.600208044052124,-12.665969406890897,-4.9179510448707715,-7.748018362020125,0.6175156758353113,0.4528437447547913,1.0703594205901026,0.16467193108052003
26.620238780975342,-12.766098966528313,-4.918735835896618,-7.847363130631695,0.6175156758353113,0.4528437447547913,1.0703594205901026,0.16467193108052003
26.640177488327026,-12.863760311234373,-4.919363668717294,-7.944396642517079,0.6175156758353113,0.4528437447547913,1.0703594205901026,0.16467193108052003
26.6601619720459,-12.959619997067616,-4.902287809973835,-8.057332187093781,0.6175156758353113,0.4528437447547913,1.0703594205901026,0.16467193108052003
26.680190563201904,-13.05364117259925,-4.888627122979068,-8.165014049620181,0.6175156758353113,0.4528437447547913,1.0703594205901026,0.16467193108052003
26.700296640396118,-13.14594684473911,-4.877698573383254,-8.268248271355855,0.6175156758353113,0.4528437447547913,1.0703594205901026,0.16467193108052003
26.720205068588257,-13.235278028350018,-4.868955733706604,-8.366322294643414,0.6175156758353113,0.4528437447547913,1.0703594205901026,0.16467193108052003
26.740201473236084,-13.322919294318089,-4.861961461965284,-8.460957832352804,0.6175156758353113,0.4528437447547913,1.0703594205901026,0.16467193108052003
26.76019787788391,-13.408457473213286,-4.856366044572226,-8.55209142864106,0.6175156758353113,0.4528437447547913,1.0703594205901026,0.16467193108052003
26.78019070625305,-13.491864332824678,-4.856366044572226,-8.635498288252451,0.6175156758353113,0.4528437447547913,1.0703594205901026,0.16467193108052003
26.80020570755005,-13.573231152364077,-4.851889710657781,-8.721341441706295,0.6175156758353113,0.4528437447547913,1.0703594205901026,0.16467193108052003
26.82017946243286,-13.652290345683596,-4.8483086435262255,-8.80398170215737,0.6175156758353113,0.4528437447547913,1.0703594205901026,0.16467193108052003
26.8401837348938,-13.729315195020552,-4.84544378982098,-8.883871405199573,0.6175156758353113,0.4528437447547913,1.0703594205901026,0.16467193108052003
26.860201835632324,-13.80422209240188,-4.843151906856784,-8.961070185545095,0.6175156758353113,0.4528437447547913,1.0703594205901026,0.16467193108052003
26.88024616241455,-13.877039033952055,-4.841318400485427,-9.035720633466628,0.6175156758353113,0.4528437447547913,1.0703594205901026,0.16467193108052003
26.900338649749756,-13.94782191525112,-4.839851595388342,-9.10797031986278,0.6175156758353113,0.4528437447547913,1.0703594205901026,0.16467193108052003
26.920252799987793,-14.015783141200355,-4.838678151310673,-9.177104989889681,0.6875156758353114,0.4243410960584879,1.1118567718937993,0.26317457977682346
26.940338373184204,-14.082106644593015,-4.837739396048539,-9.244367248544476,0.6875156758353114,0.4243410960584879,1.1118567718937993,0.26317457977682346
26.960286140441895,-14.145755360901829,-4.836988391838831,-9.308766969062997,0.6875156758353114,0.4243410960584879,1.1118567718937993,0.26317457977682346
26.980334043502808,-14.207484684225033,-4.836387588471065,-9.371097095753967,0.6875156758353114,0.4243410960584879,1.1118567718937993,0.26317457977682346
27.00028371810913,-14.266673823067931,-4.836387588471065,-9.430286234596867,0.6875156758353114,0.4243410960584879,1.1118567718937993,0.26317457977682346
27.02024507522583,-14.323654101969247,-4.835906945776852,-9.487747156192395,0.6875156758353114,0.4243410960584879,1.1118567718937993,0.26317457977682346
27.04026460647583,-14.378537433908566,-4.835522431621482,-9.543015002287085,0.6875156758353114,0.4243410960584879,1.1118567718937993,0.26317457977682346
27.06018567085266,-14.430892615976251,-4.835214820297185,-9.595677795679066,0.6875156758353114,0.4243410960584879,1.1118567718937993,0.26317457977682346
27.08016347885132,-14.481126398147103,-4.8349687312377485,-9.646157666909353,0.6875156758353114,0.4243410960584879,1.1118567718937993,0.26317457977682346
27.100176572799683,-14.529161187135722,-4.817193734990198,-9.711967452145524,0.6875156758353114,0.4243410960584879,1.1118567718937993,0.26317457977682346
27.12017035484314,-14.574855622748661,-4.802973737992159,-9.771881884756503,0.6875156758353114,0.4243410960584879,1.1118567718937993,0.26317457977682346
27.14020562171936,-14.61833759286459,-4.791597740393726,-9.826739852470864,0.6875156758353114,0.4243410960584879,1.1118567718937993,0.26317457977682346
27.1601665019989,-14.659354464267532,-4.782496942314981,-9.876857521952552,0.6875156758353114,0.4243410960584879,1.1118567718937993,0.26317457977682346
27.180190086364746,-14.698183465713045,-4.775216303851985,-9.92296716186106,0.6875156758353114,0.4243410960584879,1.1118567718937993,0.26317457977682346
27.200176000595093,-14.734619492690303,-4.769391793081588,-9.965227699608715,0.6875156758353114,0.4243410960584879,1.1118567718937993,0.26317457977682346
27.220171689987183,-14.768748143819435,-4.769391793081588,-9.999356350737848,0.6875156758353114,0.4243410960584879,1.1118567718937993,0.26317457977682346
27.24018883705139,-14.800578511992141,-4.76473218446527,-10.03584632752687,0.6875156758353114,0.4243410960584879,1.1118567718937993,0.26317457977682346
27.260165691375732,-14.83001068364872,-4.761004497572216,-10.069006186076503,0.6875156758353114,0.4243410960584879,1.1118567718937993,0.26317457977682346
27.280184268951416,-14.857160585435846,-4.758022348057773,-10.099138237378073,0.6875156758353114,0.4243410960584879,1.1118567718937993,0.26317457977682346
27.300166130065918,-14.881916677772997,-4.755636628446219,-10.126280049326779,0.6875156758353114,0.4243410960584879,1.1118567718937993,0.26317457977682346
27.320170879364014,-14.904351327110158,-4.7713061777569745,-10.133045149353183,0.6875156758353114,0.4243410960584879,1.1118567718937993,0.26317457977682346
27.34029245376587,-14.924541630934362,-4.783841817205579,-10.140699813728784,0.6875156758353114,0.4243410960584879,1.1118567718937993,0.26317457977682346
27.360315322875977,-14.942264924298946,-4.793870328764463,-10.148394595534484,0.6875156758353114,0.4243410960584879,1.1118567718937993,0.26317457977682346
27.380191326141357,-14.957519225609552,-4.801893138011571,-10.15562608759798,0.6270651442930102,0.4943410960584879,1.1214062403514982,0.13272404823452227
27.40022039413452,-14.970531209205445,-4.808311385409257,-10.162219823796189,0.6270651442930102,0.4943410960584879,1.1214062403514982,0.13272404823452227
27.420236349105835,-14.98116610502144,-4.813445983327406,-10.167720121694035,0.6270651442930102,0.4943410960584879,1.1214062403514982,0.13272404823452227
27.440261363983154,-14.989434729624032,-4.813445983327406,-10.175988746296625,0.6270651442930102,0.4943410960584879,1.1214062403514982,0.13272404823452227
27.46021866798401,-14.99531448826072,-4.817553661661925,-10.177760826598796,0.6270651442930102,0.4943410960584879,1.1214062403514982,0.13272404823452227
27.480228185653687,-14.998842533414416,-4.82083980432954,-10.178002729084877,0.6270651442930102,0.4943410960584879,1.1214062403514982,0.13272404823452227
27.50035047531128,-14.999999636306233,-4.823468718463633,-10.176530917842602,0.6270651442930102,0.4943410960584879,1.1214062403514982,0.13272404823452227
27.520193338394165,-14.998792654910137,-4.825571849770906,-10.17322080513923,0.6270651442930102,0.4943410960584879,1.1214062403514982,0.13272404823452227
27.54015588760376,-14.99522584603175,-4.844832479816725,-10.150393366215024,0.6270651442930102,0.4943410960584879,1.1214062403514982,0.13272404823452227
27.560147523880005,-14.989289621547034,-4.86024098385338,-10.129048637693653,0.6270651442930102,0.4943410960584879,1.1214062403514982,0.13272404823452227
27.58015275001526,-14.980981946614806,-4.872567787082704,-10.108414159532103,0.6270651442930102,0.4943410960584879,1.1214062403514982,0.13272404823452227
27.60014820098877,-14.970313158146347,-4.882429229666163,-10.087883928480185,0.6270651442930102,0.4943410960584879,1.1214062403514982,0.13272404823452227
27.620149612426758,-14.957277222212303,-4.8903183837329305,-10.066958838479373,0.6270651442930102,0.4943410960584879,1.1214062403514982,0.13272404823452227
27.640146732330322,-14.941882582500861,-4.896629706986345,-10.045252875514517,0.6270651442930102,0.4943410960584879,1.1214062403514982,0.13272404823452227
27.660147666931152,-14.924125514269596,-4.896629706986345,-10.027495807283252,0.6270651442930102,0.4943410960584879,1.1214062403514982,0.13272404823452227
27.680147409439087,-14.90401280235817,-4.901678765589076,-10.002334036769096,0.6270651442930102,0.4943410960584879,1.1214062403514982,0.13272404823452227
27.700148344039917,-14.881545225472378,-4.905718012471261,-9.975827213001118,0.6270651442930102,0.4943410960584879,1.1214062403514982,0.13272404823452227
27.720165252685547,-14.856706701138396,-4.908949409977009,-9.947757291161388,0.6270651442930102,0.4943410960584879,1.1214062403514982,0.13272404823452227
27.74016785621643,-14.829538430571871,-4.9115345279816065,-9.918003902590264,0.6270651442930102,0.4943410960584879,1.1214062403514982,0.13272404823452227
27.760156631469727,-14.800049003725569,-4.913602622385286,-9.886446381340283,0.6270651442930102,0.4943410960584879,1.1214062403514982,0.13272404823452227
27.78016710281372,-14.768189291511018,-4.915257097908229,-9.85293219360279,0.6270651442930102,0.4943410960584879,1.1214062403514982,0.13272404823452227
27.800161361694336,-14.734023716047352,-4.899002553326583,-9.835021162720768,0.6270651442930102,0.4943410960584879,1.1214062403514982,0.13272404823452227
27.820146083831787,-14.697550761615739,-4.903577042661267,-9.793973718954472,0.5860126761719584,0.4243410960584879,1.0103537722304463,0.1616715801134705
27.840213775634766,-14.658594571929859,-4.8896585091290135,-9.768936062800845,0.5860126761719584,0.4243410960584879,1.0103537722304463,0.1616715801134705
27.86025357246399,-14.617366929612869,-4.878523682303211,-9.738843247309658,0.5860126761719584,0.4243410960584879,1.0103537722304463,0.1616715801134705
27.8802490234375,-14.57392075439476,-4.878523682303211,-9.695397072091549,0.5860126761719584,0.4243410960584879,1.0103537722304463,0.1616715801134705
27.90026569366455,-14.528124469191209,-4.887193945842569,-9.64093052334864,0.5860126761719584,0.4243410960584879,1.0103537722304463,0.1616715801134705
27.9202082157135,-14.480212586632478,-4.876552031674055,-9.603660554958424,0.5860126761719584,0.4243410960584879,1.0103537722304463,0.1616715801134705
27.940158367156982,-14.430007601037852,-4.868038500339244,-9.561969100698608,0.5860126761719584,0.4243410960584879,1.0103537722304463,0.1616715801134705
27.960143089294434,-14.37744240449976,-4.843649550271395,-9.533792854228366,0.5860126761719584,0.4243410960584879,1.0103537722304463,0.1616715801134705
27.980143547058105,-14.322566245639653,-4.824138390217116,-9.498427855422538,0.5860126761719584,0.4243410960584879,1.0103537722304463,0.1616715801134705
28.000142335891724,-14.265433145969933,-4.790951337173693,-9.47448180879624,0.5860126761719584,0.4243410960584879,1.0103537722304463,0.1616715801134705
28.02015233039856,-14.20601373747012,-4.781979819738955,-9.424033917731165,0.5860126761719584,0.4243410960584879,1.0103537722304463,0.1616715801134705
28.040157556533813,-14.144363753576949,-4.757224480791164,-9.387139272785785,0.5860126761719584,0.4243410960584879,1.0103537722304463,0.1616715801134705
28.060152053833008,-14.080513901866755,-4.754998334632931,-9.325515567233825,0.5860126761719584,0.4243410960584879,1.0103537722304463,0.1616715801134705
28.080146074295044,-14.014443399244135,-4.753217417706345,-9.26122598153779,0.5860126761719584,0.4243410960584879,1.0103537722304463,0.1616715801134705
28.10014533996582,-13.946142974298269,-4.753217417706345,-9.192925556591923,0.5860126761719584,0.4243410960584879,1.0103537722304463,0.1616715801134705
28.120160579681396,-13.875583263632281,-4.751792684165077,-9.123790579467205,0.5860126761719584,0.4243410960584879,1.0103537722304463,0.1616715801134705
28.140151977539062,-13.80291706169948,-4.750652897332061,-9.052264164367418,0.5860126761719584,0.4243410960584879,1.0103537722304463,0.1616715801134705
28.160142183303833,-13.728077621345388,-4.749741067865648,-8.978336553479739,0.5860126761719584,0.4243410960584879,1.0103537722304463,0.1616715801134705
28.180318593978882,-13.650345050525896,-4.731433479292519,-8.918911571233377,0.5860126761719584,0.4243410960584879,1.0103537722304463,0.1616715801134705
28.200364589691162,-13.570942377923716,-4.734365533434015,-8.836576844489702,0.5860126761719584,0.4243410960584879,1.0103537722304463,0.1616715801134705
28.220316171646118,-13.489775968943787,-4.736711176747211,-8.753064792196575,0.5710686210542917,0.4121015802770853,0.983170201331377,0.15896704077720636
28.24023985862732,-13.406607588498401,-4.738587691397769,-8.668019897100631,0.5710686210542917,0.4121015802770853,0.983170201331377,0.15896704077720636
28.26019525527954,-13.321200895785093,-4.740088903118215,-8.581111992666878,0.5710686210542917,0.4121015802770853,0.983170201331377,0.15896704077720636
28.280184984207153,-13.233547665386414,-4.741289872494573,-8.492257792891841,0.5710686210542917,0.4121015802770853,0.983170201331377,0.15896704077720636
28.30017614364624,-13.143800353774106,-4.742250647995657,-8.401549705778448,0.5710686210542917,0.4121015802770853,0.983170201331377,0.15896704077720636
28.320184230804443,-13.05190069314999,-4.742250647995657,-8.309650045154333,0.5710686210542917,0.4121015802770853,0.983170201331377,0.15896704077720636
28.340171337127686,-12.958037924810583,-4.743019268396527,-8.215018656414056,0.5710686210542917,0.4121015802770853,0.983170201331377,0.15896704077720636
28.360183000564575,-12.862012483595592,-4.74363416471722,-8.11837831887837,0.5710686210542917,0.4121015802770853,0.983170201331377,0.15896704077720636
28.38017439842224,-12.764053938389383,-4.726547956773777,-8.037505981615606,0.5710686210542917,0.4121015802770853,0.983170201331377,0.15896704077720636
28.40032124519348,-12.663296320720377,-4.712878990419021,-7.950417330301356,0.5750580628402531,0.4821015802770854,1.0571596431173385,0.09295648256316769
28.42027974128723,-12.561479838148541,-4.701943817335218,-7.859536020813323,0.5750580628402531,0.4821015802770854,1.0571596431173385,0.09295648256316769
28.44020676612854,-12.457853185446922,-4.693195678868175,-7.764657506578747,0.5750580628402531,0.4821015802770854,1.0571596431173385,0.09295648256316769
28.460157871246338,-12.352144863367155,-4.686197168094541,-7.665947695272614,0.5750580628402531,0.4821015802770854,1.0571596431173385,0.09295648256316769
28.48014760017395,-12.244285247367777,-4.680598359475633,-7.563686887892144,0.5750580628402531,0.4821015802770854,1.0571596431173385,0.09295648256316769
28.500144004821777,-12.134457115888699,-4.676119312580506,-7.458337803308193,0.5750580628402531,0.4821015802770854,1.0571596431173385,0.09295648256316769
28.52014708518982,-12.022675878773356,-4.672536075064405,-7.3501398037089505,0.5750580628402531,0.4821015802770854,1.0571596431173385,0.09295648256316769
28.54013991355896,-11.909054283840884,-4.672536075064405,-7.236518208776479,0.5750580628402531,0.4821015802770854,1.0571596431173385,0.09295648256316769
28.560141801834106,-11.793500696262614,-4.669669485051524,-7.1238312112110895,0.5750580628402531,0.4821015802770854,1.0571596431173385,0.09295648256316769
28.580267906188965,-11.675349464793513,-4.684954338041219,-6.9903951267522935,0.5750580628402531,0.4821015802770854,1.0571596431173385,0.09295648256316769
28.600273847579956,-11.556053309430514,-4.697182220432976,-6.858871088997538,0.5906830926425755,0.4121015802770853,1.0027846729196608,0.17858151236549014
28.620234727859497,-11.435206086095391,-4.706964526346381,-6.72824155974901,0.5906830926425755,0.4121015802770853,1.0027846729196608,0.17858151236549014
28.640225410461426,-11.312375718201977,-4.714790371077105,-6.597585347124872,0.5906830926425755,0.4121015802770853,1.0027846729196608,0.17858151236549014
28.660161018371582,-11.188106409533328,-4.7386291718616835,-6.449477237671644,0.5906830926425755,0.4121015802770853,1.0027846729196608,0.17858151236549014
28.680155754089355,-11.061705354151105,-4.740122087489347,-6.321583266661758,0.5906830926425755,0.4121015802770853,1.0027846729196608,0.17858151236549014
28.70014190673828,-10.933613827519084,-4.7413164199914775,-6.192297407527606,0.5906830926425755,0.4121015802770853,1.0027846729196608,0.17858151236549014
28.72013521194458,-10.803751382401932,-4.7422718859931825,-6.06147949640875,0.5906830926425755,0.4121015802770853,1.0027846729196608,0.17858151236549014
28.740134716033936,-10.672142987226726,-4.743036258794546,-5.92910672843218,0.5906830926425755,0.4121015802770853,1.0027846729196608,0.17858151236549014
28.760143280029297,-10.538788658974056,-4.743036258794546,-5.79575240017951,0.5906830926425755,0.4121015802770853,1.0027846729196608,0.17858151236549014
28.780238151550293,-10.403182718751395,-4.726069632035638,-5.6771130867157575,0.5906830926425755,0.4121015802770853,1.0027846729196608,0.17858151236549014
28.800354480743408,-10.265770921299302,-4.71249633062851,-5.553274590670791,0.5945563042070716,0.47667729713022716,1.0712336013372987,0.11787900707684446
28.82026696205139,-10.128136353494464,-4.7016376895028085,-5.426498663991655,0.5945563042070716,0.47667729713022716,1.0712336013372987,0.11787900707684446
28.84032654762268,-9.987882063811286,-4.692950776602247,-5.294931287209039,0.5945563042070716,0.47667729713022716,1.0712336013372987,0.11787900707684446
28.860217571258545,-9.847239605955618,-4.686001246281799,-5.16123835967382,0.5945563042070716,0.47667729713022716,1.0712336013372987,0.11787900707684446
28.880167722702026,-9.70463413924033,-4.680441622025438,-5.024192517214892,0.5945563042070716,0.47667729713022716,1.0712336013372987,0.11787900707684446
28.900147676467896,-9.560287390933349,-4.675993922620351,-4.884293468312998,0.5945563042070716,0.47667729713022716,1.0712336013372987,0.11787900707684446
28.92015027999878,-9.414267797933059,-4.672435763096281,-4.7418320348367775,0.5945563042070716,0.47667729713022716,1.0712336013372987,0.11787900707684446
28.94015407562256,-9.26675236106139,-4.687167360477026,-4.579585000584365,0.5945563042070716,0.47667729713022716,1.0712336013372987,0.11787900707684446
28.960201740264893,-9.117444732801221,-4.69895263838162,-4.418492094419602,0.5945563042070716,0.47667729713022716,1.0712336013372987,0.11787900707684446
28.98017406463623,-8.967259705118476,-4.69895263838162,-4.268307066736856,0.5945563042070716,0.47667729713022716,1.0712336013372987,0.11787900707684446
29.000305652618408,-8.81444808003295,-4.708380860705296,-4.106067219327653,0.5945563042070716,0.47667729713022716,1.0712336013372987,0.11787900707684446
29.020294904708862,-8.66132145999938,-4.715923438564237,-3.9453980214351434,0.6563435146119445,0.5466772971302272,1.2030208117421717,0.10966621748171734
29.04016947746277,-8.507718770373142,-4.739535625851389,-3.7681831445217524,0.6563435146119445,0.5466772971302272,1.2030208117421717,0.10966621748171734
29.060163974761963,-8.35185057872372,-4.758425375681111,-3.5934252030426093,0.6563435146119445,0.5466772971302272,1.2030208117421717,0.10966621748171734
29.080147981643677,-8.194747070143569,-4.773537175544889,-3.4212098945986797,0.6563435146119445,0.5466772971302272,1.2030208117421717,0.10966621748171734
29.100149154663086,-8.036214975763398,-4.785626615435911,-3.2505883603274874,0.6563435146119445,0.5466772971302272,1.2030208117421717,0.10966621748171734
29.120160818099976,-7.876329578243253,-4.7952981673487285,-3.081031410894525,0.6563435146119445,0.5466772971302272,1.2030208117421717,0.10966621748171734
29.140160083770752,-7.715299170922283,-4.8030354088789835,-2.9122637620433,0.6563435146119445,0.5466772971302272,1.2030208117421717,0.10966621748171734
29.160157918930054,-7.5530621661975506,-4.826803327103187,-2.7262588390943634,0.6563435146119445,0.5466772971302272,1.2030208117421717,0.10966621748171734
29.18016266822815,-7.389575995525669,-4.84581766168255,-2.543758333843119,0.6563435146119445,0.5466772971302272,1.2030208117421717,0.10966621748171734
29.200313568115234,-7.223715213516864,-4.84581766168255,-2.377897551834314,0.5863435146119444,0.47667729713022716,1.0630208117421716,0.10966621748171729
29.22024917602539,-7.05848689790666,-4.86102912934604,-2.1974577685606205,0.5863435146119444,0.47667729713022716,1.0630208117421716,0.10966621748171729
29.24022603034973,-6.891805855290341,-4.873198303476832,-2.01860755181351,0.5863435146119444,0.47667729713022716,1.0630208117421716,0.10966621748171729
29.2601580619812,-6.724416653439824,-4.882933642781465,-1.8414830106583588,0.5863435146119444,0.47667729713022716,1.0630208117421716,0.10966621748171729
29.280157327651978,-6.5554028492426655,-4.890721914225173,-1.6646809350174925,0.5863435146119444,0.47667729713022716,1.0630208117421716,0.10966621748171729
29.300158262252808,-6.385339714002286,-4.896952531380139,-1.488387182622147,0.5863435146119444,0.47667729713022716,1.0630208117421716,0.10966621748171729
29.320183038711548,-6.214063650701947,-4.901937025104111,-1.3121266255978359,0.5863435146119444,0.47667729713022716,1.0630208117421716,0.10966621748171729
29.340179920196533,-6.042044515401148,-4.9059246200832884,-1.1361198953178597,0.5863435146119444,0.47667729713022716,1.0630208117421716,0.10966621748171729
29.360166549682617,-5.869160488211434,-4.909114696066632,-0.9600457921448022,0.5863435146119444,0.47667729713022716,1.0630208117421716,0.10966621748171729
29.38017439842224,-5.6951658803010625,-4.894088631853305,-0.8010772484477577,0.5863435146119444,0.47667729713022716,1.0630208117421716,0.10966621748171729
29.400348663330078,-5.518812843018623,-4.894088631853305,-0.6247242111653186,0.5863435146119444,0.47667729713022716,1.0630208117421716,0.10966621748171729
29.420365571975708,-5.342958870335336,-4.882067780482644,-0.46089108985269167,0.6563435146119445,0.4799021770991386,1.1362456917110832,0.17644133751280588
29.44017791748047,-5.168069715644287,-4.872451099386115,-0.29561861625817176,0.6563435146119445,0.4799021770991386,1.1362456917110832,0.17644133751280588
29.460167407989502,-4.990805305671001,-4.864757754508893,-0.12604755116210864,0.6563435146119445,0.4799021770991386,1.1362456917110832,0.17644133751280588
29.480148553848267,-4.812828106081322,-4.841024953607114,0.0281968475257921,0.6563435146119445,0.4799021770991386,1.1362456917110832,0.17644133751280588
29.500157117843628,-4.6338465677992,-4.839616837885691,0.20577027008649118,0.6563435146119445,0.4799021770991386,1.1362456917110832,0.17644133751280588
29.520163536071777,-4.454151975849959,-4.820912220308553,0.366760244458594,0.6563435146119445,0.4799021770991386,1.1362456917110832,0.17644133751280588
29.54018473625183,-4.273620027734717,-4.805948526246842,0.5323284985121255,0.6563435146119445,0.4799021770991386,1.1362456917110832,0.17644133751280588
29.560171365737915,-4.092725253501033,-4.811555695997474,0.7188304424964409,0.6563435146119445,0.4799021770991386,1.1362456917110832,0.17644133751280588
29.58036971092224,-3.9092586711797677,-4.81604143179798,0.9067827606182122,0.6563435146119445,0.4799021770991386,1.1362456917110832,0.17644133751280588
29.60024070739746,-3.7281509237164125,-4.8196300204383835,1.091479096721971,0.6563435146119445,0.4799021770991386,1.1362456917110832,0.17644133751280588
29.620213270187378,-3.5455319202522233,-4.8196300204383835,1.2740981001861602,0.6994795897509902,0.5499021770991386,1.2493817668501288,0.14957741265185165
29.640174388885498,-3.362459684558779,-4.822500891350707,1.460041206791928,0.6994795897509902,0.5499021770991386,1.2493817668501288,0.14957741265185165
29.660164833068848,-3.1785884310164354,-4.824797588080566,1.6462091570641304,0.6994795897509902,0.5499021770991386,1.2493817668501288,0.14957741265185165
29.68021011352539,-2.993709300795435,-4.826634945464453,1.8329256446690176,0.6994795897509902,0.5499021770991386,1.2493817668501288,0.14957741265185165
29.700225591659546,-2.8086311992414115,-4.828104831371562,2.019473632130151,0.6994795897509902,0.5499021770991386,1.2493817668501288,0.14957741265185165
29.72029137611389,-2.6226420742032897,-4.82928074009725,2.2066386658939603,0.6994795897509902,0.5499021770991386,1.2493817668501288,0.14957741265185165
29.740277767181396,-2.4369744015600703,-4.847799592077801,2.410825190517731,0.6994795897509902,0.5499021770991386,1.2493817668501288,0.14957741265185165
29.760258197784424,-2.250977965869469,-4.86261467366224,2.6116367077927714,0.6994795897509902,0.5499021770991386,1.2493817668501288,0.14957741265185165
29.780166625976562,-2.065298915613056,-4.874466738929792,2.809167823316736,0.6994795897509902,0.5499021770991386,1.2493817668501288,0.14957741265185165
29.80015254020691,-1.8785721736111196,-4.883948391143834,3.0053762175327146,0.6994795897509902,0.5499021770991386,1.2493817668501288,0.14957741265185165
29.82015872001648,-1.6913594206198244,-4.909111837915067,3.2177524172952428,0.6994795897509902,0.5499021770991386,1.2493817668501288,0.14957741265185165
29.840153694152832,-1.5039844961065565,-4.929242595332054,3.4252580992254975,0.6994795897509902,0.5499021770991386,1.2493817668501288,0.14957741265185165
29.860169172286987,-1.3161796941948454,-4.929242595332054,3.6130629011372086,0.6994795897509902,0.5499021770991386,1.2493817668501288,0.14957741265185165
29.880186080932617,-1.1281532863672192,-4.945347201265643,3.817193914898424,0.6994795897509902,0.5499021770991386,1.2493817668501288,0.14957741265185165
29.900179386138916,-0.9401704485920874,-4.958230886012514,4.018060437420427,0.6994795897509902,0.5499021770991386,1.2493817668501288,0.14957741265185165
29.920161962509155,-0.7521402360960739,-4.968537833810012,4.216397597713938,0.6994795897509902,0.5499021770991386,1.2493817668501288,0.14957741265185165
29.94015622138977,-0.563881431562883,-4.976783392048009,4.412901960485127,0.6994795897509902,0.5499021770991386,1.2493817668501288,0.14957741265185165
29.960346937179565,-0.37368264947591295,-4.983379838638408,4.609697189162495,0.6994795897509902,0.5499021770991386,1.2493817668501288,0.14957741265185165
29.98033380508423,-0.1853448037245872,-4.988656995910726,4.803312192186139,0.6994795897509902,0.5499021770991386,1.2493817668501288,0.14957741265185165
30.000248908996582,0.0023459120156492036,-4.992878721728581,4.99522463374423,0.6294795897509902,0.4799021770991386,1.1093817668501287,0.14957741265185154
30.020251512527466,0.1908608584517576,-4.9962561023828655,5.187116960834623,0.6294795897509902,0.4799021770991386,1.1093817668501287,0.14957741265185154
30.04024386405945,0.37924906598081004,-4.998958006906292,5.378207072887102,0.6294795897509902,0.4799021770991386,1.1093817668501287,0.14957741265185154
30.06029200553894,0.5681028624525398,-5.001119530525034,5.569222392977574,0.6294795897509902,0.4799021770991386,1.1093817668501287,0.14957741265185154
30.080256462097168,0.7560788083223453,-5.001119530525034,5.757198338847379,0.6294795897509902,0.4799021770991386,1.1093817668501287,0.14957741265185154
30.100256204605103,0.9442676874386365,-4.9852706244200276,5.929538311858664,0.6294795897509902,0.4799021770991386,1.1093817668501287,0.14957741265185154
30.120274305343628,1.132479988080252,-4.972591499536022,6.105071487616274,0.6294795897509902,0.4799021770991386,1.1093817668501287,0.14957741265185154
30.140230655670166,1.3199334078276586,-4.962448199628818,6.282381607456476,0.6294795897509902,0.4799021770991386,1.1093817668501287,0.14957741265185154
30.160179376602173,1.5071077621169426,-4.936755434703055,6.443863196819997,0.6294795897509902,0.4799021770991386,1.1093817668501287,0.14957741265185154
30.180142164230347,1.6941770726621936,-4.916201222762444,6.6103782954246375,0.6294795897509902,0.4799021770991386,1.1093817668501287,0.14957741265185154
30.20013165473938,1.881229529506889,-4.899757853209955,6.7809873827168445,0.6294795897509902,0.4799021770991386,1.1093817668501287,0.14957741265185154
30.220144987106323,2.068207788787804,-4.886603157567965,6.954810946355769,0.6294795897509902,0.4799021770991386,1.1093817668501287,0.14957741265185154
30.240153074264526,2.2548101453161573,-4.876079401054372,7.130889546370529,0.6294795897509902,0.4799021770991386,1.1093817668501287,0.14957741265185154
30.26015543937683,2.441002943052096,-4.867660395843497,7.3086633388955935,0.6294795897509902,0.4799021770991386,1.1093817668501287,0.14957741265185154
30.28014087677002,2.6266531121886145,-4.860925191674798,7.487578303863412,0.6294795897509902,0.4799021770991386,1.1093817668501287,0.14957741265185154
30.300142765045166,2.812041403312025,-4.860925191674798,7.672966594986823,0.6294795897509902,0.4799021770991386,1.1093817668501287,0.14957741265185154
30.32013726234436,2.9969173028352025,-4.855537028339838,7.852454331175041,0.6294795897509902,0.4799021770991386,1.1093817668501287,0.14957741265185154
30.340139627456665,3.181392680177834,-4.851226497671871,8.032619177849705,0.6294795897509902,0.4799021770991386,1.1093817668501287,0.14957741265185154
30.360150575637817,3.3654443911521277,-4.847778073137497,8.213222464289625,0.6294795897509902,0.4799021770991386,1.1093817668501287,0.14957741265185154
30.380168914794922,3.549031757970146,-4.845019333509998,8.394051091480144,0.6294795897509902,0.4799021770991386,1.1093817668501287,0.14957741265185154
30.40020179748535,3.7321904223992544,-4.842812341807998,8.575002764207252,0.6294795897509902,0.4799021770991386,1.1093817668501287,0.14957741265185154
30.420220851898193,3.9146319793443585,-4.858624873446399,8.773256852790757,0.6294795897509902,0.4799021770991386,1.1093817668501287,0.14957741265185154
30.440195322036743,4.0960499667502726,-4.853696773757119,8.949746740507392,0.6348885496798902,0.40990217709913856,1.0447907267790288,0.2249863725807516
30.460192441940308,4.277027398383008,-4.849754294005695,9.126781692388704,0.6348885496798902,0.40990217709913856,1.0447907267790288,0.2249863725807516
30.480188131332397,4.457316759061457,-4.846600310204556,9.303917069266014,0.6348885496798902,0.40990217709913856,1.0447907267790288,0.2249863725807516
30.50033926963806,4.638295852496784,-4.844077123163645,9.482372975660429,0.6348885496798902,0.40990217709913856,1.0447907267790288,0.2249863725807516
30.520183086395264,4.815788379426701,-4.844077123163645,9.659865502590346,0.6348885496798902,0.40990217709913856,1.0447907267790288,0.2249863725807516
30.540168046951294,4.993786653330498,-4.842058573530917,9.835845226861416,0.6348885496798902,0.40990217709913856,1.0447907267790288,0.2249863725807516
30.560186862945557,5.171297055390768,-4.840443733824733,10.011740789215501,0.6348885496798902,0.40990217709913856,1.0447907267790288,0.2249863725807516
30.58019709587097,5.347913734960779,-4.839151862059786,10.187065597020565,0.6348885496798902,0.40990217709913856,1.0447907267790288,0.2249863725807516
30.60020089149475,5.523628645775802,-4.838118364647829,10.361747010423631,0.6348885496798902,0.40990217709913856,1.0447907267790288,0.2249863725807516
30.620187520980835,5.698321322569664,-4.819713441718263,10.518034764287927,0.6348885496798902,0.40990217709913856,1.0447907267790288,0.2249863725807516
30.640230417251587,5.872603345434107,-4.80498950337461,10.677592848808718,0.6348885496798902,0.40990217709913856,1.0447907267790288,0.2249863725807516
30.660234212875366,6.0456167775990695,-4.793210352699688,10.838827130298757,0.6348885496798902,0.40990217709913856,1.0447907267790288,0.2249863725807516
30.68023443222046,6.217644500780183,-4.783787032159751,11.001431532939932,0.6348885496798902,0.40990217709913856,1.0447907267790288,0.2249863725807516
30.700214862823486,6.388521621180181,-4.7762483757278,11.164769996907982,0.6348885496798902,0.40990217709913856,1.0447907267790288,0.2249863725807516
30.720303535461426,6.559309357969708,-4.7762483757278,11.335557733697508,0.6348885496798902,0.40990217709913856,1.0447907267790288,0.2249863725807516
30.740199327468872,6.727427374414172,-4.77021745058224,11.497644824996412,0.6348885496798902,0.40990217709913856,1.0447907267790288,0.2249863725807516
30.760457515716553,6.897527254628594,-4.765392710465792,11.662919965094385,0.6348885496798902,0.40990217709913856,1.0447907267790288,0.2249863725807516
30.78027367591858,7.062834602516726,-4.761532918372634,11.82436752088936,0.6348885496798902,0.40990217709913856,1.0447907267790288,0.2249863725807516
30.800351858139038,7.229210929828281,-4.758445084698107,11.987656014526388,0.5648885496798901,0.4799021770991386,1.0447907267790288,0.08498637258075148
30.820260763168335,7.393048618031597,-4.755974817758485,12.149023435790081,0.5648885496798901,0.4799021770991386,1.0447907267790288,0.08498637258075148
30.840294122695923,7.556742726746225,-4.753998604206789,12.310741330953014,0.5648885496798901,0.4799021770991386,1.0447907267790288,0.08498637258075148
30.86029028892517,7.718938992961998,-4.752417633365431,12.471356626327427,0.5648885496798901,0.4799021770991386,1.0447907267790288,0.08498637258075148
30.88032817840576,7.88025141518351,-4.751152856692345,12.631404271875855,0.5648885496798901,0.4799021770991386,1.0447907267790288,0.08498637258075148
30.90033721923828,8.040085201148637,-4.7501410353538756,12.790226236502512,0.5648885496798901,0.4799021770991386,1.0447907267790288,0.08498637258075148
30.920413494110107,8.199178846665435,-4.7493315782831,12.948510424948534,0.5648885496798901,0.4799021770991386,1.0447907267790288,0.08498637258075148
30.940329551696777,8.355713858869024,-4.7493315782831,13.105045437152125,0.5648885496798901,0.4799021770991386,1.0447907267790288,0.08498637258075148
30.96038055419922,8.511987707620852,-4.74868401262648,13.260671720247332,0.5648885496798901,0.4799021770991386,1.0447907267790288,0.08498637258075148
30.98042392730713,8.666851862735724,-4.748165960101184,13.415017822836909,0.5648885496798901,0.4799021770991386,1.0447907267790288,0.08498637258075148
31.000306606292725,8.819116434124549,-4.747751518080947,13.566867952205495,0.5648885496798901,0.4799021770991386,1.0447907267790288,0.08498637258075148
31.020222187042236,8.970253190658454,-4.764998089464758,13.735251280123212,0.5648885496798901,0.4799021770991386,1.0447907267790288,0.08498637258075148
31.040209531784058,9.120522351116167,-4.7787953465718065,13.899317697687973,0.5648885496798901,0.4799021770991386,1.0447907267790288,0.08498637258075148
31.060213565826416,9.269476762517748,-4.789833152257445,14.059309914775191,0.5648885496798901,0.4799021770991386,1.0447907267790288,0.08498637258075148
31.08028244972229,9.417442557903636,-4.7986633968059555,14.21610595470959,0.5648885496798901,0.4799021770991386,1.0447907267790288,0.08498637258075148
31.100221872329712,9.562970971588483,-4.805727592444765,14.368698564033249,0.5648885496798901,0.4799021770991386,1.0447907267790288,0.08498637258075148
31.120210647583008,9.70735302074994,-4.811378948955812,14.518731969705751,0.5648885496798901,0.4799021770991386,1.0447907267790288,0.08498637258075148
31.140217542648315,9.85033267922302,-4.81590003416465,14.666232713387672,0.5648885496798901,0.4799021770991386,1.0447907267790288,0.08498637258075148
31.160189628601074,9.991511092180005,-4.80193877733172,14.793449869511726,0.5648885496798901,0.4799021770991386,1.0447907267790288,0.08498637258075148
31.18019676208496,10.131359717457197,-4.80193877733172,14.933298494788918,0.5648885496798901,0.4799021770991386,1.0447907267790288,0.08498637258075148
31.200194835662842,10.2695451045822,-4.790769771865376,15.060314876447576,0.5648885496798901,0.4799021770991386,1.0447907267790288,0.08498637258075148
31.22022318840027,10.406314655717454,-4.781834567492301,15.188149223209756,0.5648885496798901,0.4799021770991386,1.0447907267790288,0.08498637258075148
31.240411520004272,10.542508874842069,-4.774686403993841,15.31719527883591,0.5648885496798901,0.4799021770991386,1.0447907267790288,0.08498637258075148
31.26021671295166,10.674470201694414,-4.768967873195073,15.443438074889485,0.5865912881586699,0.5499021770991386,1.1364934652578085,0.03668911105953132
31.280194759368896,10.805908537320825,-4.764393048556058,15.570301585876884,0.5865912881586699,0.5499021770991386,1.1364934652578085,0.03668911105953132
31.30018925666809,10.935750362101736,-4.7607331888448465,15.696483550946581,0.5865912881586699,0.5499021770991386,1.1364934652578085,0.03668911105953132
31.320242643356323,11.064241023221669,-4.757805301075877,15.822046324297546,0.5865912881586699,0.5499021770991386,1.1364934652578085,0.03668911105953132
31.34025549888611,11.190720807253667,-4.755462990860702,15.946183798114369,0.5865912881586699,0.5499021770991386,1.1364934652578085,0.03668911105953132
31.360217332839966,11.315115499191371,-4.753589142688561,16.068704641879933,0.5865912881586699,0.5499021770991386,1.1364934652578085,0.03668911105953132
31.380228281021118,11.438029687089747,-4.769668189150849,16.207697876240594,0.5865912881586699,0.5499021770991386,1.1364934652578085,0.03668911105953132
31.400232791900635,11.559097033864514,-4.769668189150849,16.328765223015363,0.5865912881586699,0.5499021770991386,1.1364934652578085,0.03668911105953132
31.42020273208618,11.678133761726922,-4.78253142632068,16.460665188047603,0.5865912881586699,0.5499021770991386,1.1364934652578085,0.03668911105953132
31.440220594406128,11.79561093182086,-4.792822016056544,16.588432947877404,0.5865912881586699,0.5499021770991386,1.1364934652578085,0.03668911105953132
31.460191249847412,11.910951680396158,-4.801054487845235,16.712006168241395,0.5865912881586699,0.5499021770991386,1.1364934652578085,0.03668911105953132
31.48027515411377,12.025055120289268,-4.825218590276188,16.850273710565457,0.5865912881586699,0.5499021770991386,1.1364934652578085,0.03668911105953132
31.500229358673096,12.136525378283876,-4.844549872220951,16.981075250504826,0.5865912881586699,0.5499021770991386,1.1364934652578085,0.03668911105953132
31.520198106765747,12.246167058980369,-4.860014897776761,17.10618195675713,0.5865912881586699,0.5499021770991386,1.1364934652578085,0.03668911105953132
31.540233373641968,12.354236536699347,-4.87238691822141,17.226623454920755,0.5865912881586699,0.5499021770991386,1.1364934652578085,0.03668911105953132
31.56032943725586,12.460667249079716,-4.882284534577128,17.342951783656844,0.5865912881586699,0.5499021770991386,1.1364934652578085,0.03668911105953132
31.580347061157227,12.564707543810691,-4.890202627661702,17.45491017147239,0.5865912881586699,0.5499021770991386,1.1364934652578085,0.03668911105953132
31.60030770301819,12.66647256100837,-4.896537102129362,17.56300966313773,0.5804100983683018,0.5844794313050807,1.1648895296733826,-0.004069332936778913
31.62034797668457,12.766639286087985,-4.896537102129362,17.663176388217348,0.5804100983683018,0.5844794313050807,1.1648895296733826,-0.004069332936778913
31.640514135360718,12.86539194588617,-4.901604681703489,17.76699662758966,0.5804100983683018,0.5844794313050807,1.1648895296733826,-0.004069332936778913
31.66033172607422,12.960425526431823,-4.905658745362792,17.866084271794616,0.5804100983683018,0.5844794313050807,1.1648895296733826,-0.004069332936778913
31.68033504486084,13.054311927471252,-4.908901996290234,17.963213923761487,0.5804100983683018,0.5844794313050807,1.1648895296733826,-0.004069332936778913
31.70027470588684,13.14584728534172,-4.911496597032187,18.057343882373907,0.5804100983683018,0.5844794313050807,1.1648895296733826,-0.004069332936778913
31.720256328582764,13.235505370252929,-4.91357227762575,18.149077647878677,0.5804100983683018,0.5844794313050807,1.1648895296733826,-0.004069332936778913
31.74016785621643,13.322773716927248,-4.9152328221006,18.238006539027847,0.5804100983683018,0.5844794313050807,1.1648895296733826,-0.004069332936778913
31.760166883468628,13.408326523455653,-4.91656125768048,18.324887781136134,0.5804100983683018,0.5844794313050807,1.1648895296733826,-0.004069332936778913
31.780173301696777,13.491792647814563,-4.917624006144384,18.409416653958946,0.5804100983683018,0.5844794313050807,1.1648895296733826,-0.004069332936778913
31.800196170806885,13.573192892871347,-4.918474204915507,18.491667097786852,0.5804100983683018,0.5844794313050807,1.1648895296733826,-0.004069332936778913
31.820180416107178,13.652294069236358,-4.919154363932406,18.571448433168765,0.5804100983683018,0.5844794313050807,1.1648895296733826,-0.004069332936778913
31.840202569961548,13.729386697774794,-4.919154363932406,18.6485410617072,0.5804100983683018,0.5844794313050807,1.1648895296733826,-0.004069332936778913
31.860173225402832,13.804116589664183,-4.919698491145925,18.72381508081011,0.5804100983683018,0.5844794313050807,1.1648895296733826,-0.004069332936778913
31.88017439842224,13.876782249349267,-4.92013379291674,18.796916042266005,0.5804100983683018,0.5844794313050807,1.1648895296733826,-0.004069332936778913
31.900177717208862,13.947263789839495,-4.920482034333392,18.867745824172886,0.5804100983683018,0.5844794313050807,1.1648895296733826,-0.004069332936778913
31.92017650604248,14.015526952606276,-4.920760627466714,18.93628758007299,0.5804100983683018,0.5844794313050807,1.1648895296733826,-0.004069332936778913
31.940185546875,14.081610459325844,-4.920983501973371,19.002593961299215,0.5804100983683018,0.5844794313050807,1.1648895296733826,-0.004069332936778913
31.96018671989441,14.145443634733873,-4.921161801578696,19.06660543631257,0.5804100983683018,0.5844794313050807,1.1648895296733826,-0.004069332936778913
31.980189085006714,14.20704642319664,-4.921304441262958,19.1283508644596,0.5804100983683018,0.5844794313050807,1.1648895296733826,-0.004069332936778913
32.00019907951355,14.266427435293242,-4.9214185530103665,19.187845988303607,0.5804100983683018,0.5844794313050807,1.1648895296733826,-0.004069332936778913
32.02021145820618,14.323560032801343,-4.921509842408293,19.245069875209637,0.5804100983683018,0.5844794313050807,1.1648895296733826,-0.004069332936778913
32.04019546508789,14.37835179360189,-4.921509842408293,19.299861636010185,0.5804100983683018,0.5844794313050807,1.1648895296733826,-0.004069332936778913
32.060237884521484,14.431026873238071,-4.921582873926635,19.352609747164706,0.5804100983683018,0.5844794313050807,1.1648895296733826,-0.004069332936778913
32.08024287223816,14.481321484510403,-4.921641299141307,19.40296278365171,0.5804100983683018,0.5844794313050807,1.1648895296733826,-0.004069332936778913
32.10029578208923,14.529440433977825,-4.921688039313047,19.451128473290872,0.5804100983683018,0.5844794313050807,1.1648895296733826,-0.004069332936778913
32.12035250663757,14.575261356087491,-4.9217254314504375,19.496986787537928,0.6476124876085667,0.6544794313050808,1.3020919189136475,-0.006866943696514083
32.14029240608215,14.618520904441908,-4.92175534516035,19.540276249602258,0.6476124876085667,0.6544794313050808,1.3020919189136475,-0.006866943696514083
32.160260915756226,14.659542997509,-4.92177927612828,19.58132227363728,0.6476124876085667,0.6544794313050808,1.3020919189136475,-0.006866943696514083
32.18019676208496,14.698196023409478,-4.921798420902625,19.619994444312102,0.6476124876085667,0.6544794313050808,1.3020919189136475,-0.006866943696514083
32.20017743110657,14.734622017542112,-4.9218137367220995,19.656435754264212,0.6476124876085667,0.6544794313050808,1.3020919189136475,-0.006866943696514083
32.2201714515686,14.768747750773736,-4.92182598937768,19.690573740151414,0.6476124876085667,0.6544794313050808,1.3020919189136475,-0.006866943696514083
32.240169048309326,14.800548200119213,-4.9218357915021445,19.722383991621356,0.6476124876085667,0.6544794313050808,1.3020919189136475,-0.006866943696514083
32.26015877723694,14.830000900882114,-4.921843633201715,19.75184453408383,0.6476124876085667,0.6544794313050808,1.3020919189136475,-0.006866943696514083
32.2801616191864,14.85713119445474,-4.921843633201715,19.778974827656455,0.6476124876085667,0.6544794313050808,1.3020919189136475,-0.006866943696514083
32.3001549243927,14.881903451775356,-4.921849906561373,19.803753358336728,0.6476124876085667,0.6544794313050808,1.3020919189136475,-0.006866943696514083
32.320186614990234,14.904368047702022,-4.921854925249098,19.826222972951122,0.6476124876085667,0.6544794313050808,1.3020919189136475,-0.006866943696514083
32.34031391143799,14.924561889134418,-4.939437065199279,19.863998954333695,0.6934714631084351,0.7,1.393471463108435,-0.006528536891564851
32.36016869544983,14.942143729336605,-4.953502777159423,19.89564650649603,0.6934714631084351,0.7,1.393471463108435,-0.006528536891564851
32.38016486167908,14.95750046530214,-4.964755346727539,19.92225581202968,0.6934714631084351,0.7,1.393471463108435,-0.006528536891564851
32.40015912055969,14.970495017035905,-4.973757402382032,19.944252419417936,0.6934714631084351,0.7,1.393471463108435,-0.006528536891564851
32.420161485672,14.98113074214914,-4.9809590469056255,19.962089789054765,0.6934714631084351,0.7,1.393471463108435,-0.006528536891564851
32.440157651901245,14.989398017432,-4.986720362524501,19.976118379956503,0.6934714631084351,0.7,1.393471463108435,-0.006528536891564851
32.4601674079895,14.99530240613629,-4.9913294150196,19.98663182115589,0.6934714631084351,0.7,1.393471463108435,-0.006528536891564851
32.48019552230835,14.998838705999233,-4.995016657015681,19.993855363014916,0.6934714631084351,0.7,1.393471463108435,-0.006528536891564851
32.500200033187866,14.999999881525438,-4.995016657015681,19.99501653854112,0.6934714631084351,0.7,1.393471463108435,-0.006528536891564851
32.52017593383789,14.998794735197032,-4.9979664506125445,19.996761185809575,0.6934714631084351,0.7,1.393471463108435,-0.006528536891564851
32.54016351699829,14.99522403183048,-5.017904410490036,20.013128442320514,0.6934714631084351,0.7,1.393471463108435,-0.006528536891564851
32.56017994880676,14.989278072095514,-5.033854778392029,20.023132850487542,0.6934714631084351,0.7,1.393471463108435,-0.006528536891564851
32.58018112182617,14.980968483372104,-5.046615072713624,20.027583556085727,0.6934714631084351,0.7,1.393471463108435,-0.006528536891564851
32.60038757324219,14.970171121849274,-5.056823308170899,20.026994430020174,0.6934714631084351,0.7,1.393471463108435,-0.006528536891564851
32.620311975479126,14.95716173317298,-5.064989896536719,20.022151629709697,0.6934714631084351,0.7,1.393471463108435,-0.006528536891564851
32.64020776748657,14.94183198291654,-5.071523167229375,20.013355150145916,0.7,0.6299999999999999,1.3299999999999998,0.07000000000000006
32.66019821166992,14.924077653162916,-5.076749783783501,20.000827436946416,0.7,0.6299999999999999,1.3299999999999998,0.07000000000000006
32.68021607398987,14.903939694131724,-5.080931077026801,19.984870771158526,0.7,0.6299999999999999,1.3299999999999998,0.07000000000000006
32.70018982887268,14.881496180805225,-5.084276111621441,19.965772292426667,0.7,0.6299999999999999,1.3299999999999998,0.07000000000000006
32.720213174819946,14.856644414215936,-5.084276111621441,19.940920525837377,0.7,0.6299999999999999,1.3299999999999998,0.07000000000000006
32.740220069885254,14.82946444493204,-5.086952139297153,19.916416584229193,0.7,0.6299999999999999,1.3299999999999998,0.07000000000000006
32.760223388671875,14.799946602892357,-5.089092961437722,19.88903956433008,0.7,0.6299999999999999,1.3299999999999998,0.07000000000000006
32.78021025657654,14.768118059600216,-5.090805619150179,19.858923678750394,0.7,0.6299999999999999,1.3299999999999998,0.07000000000000006
32.80021047592163,14.733936925867155,-5.0921757453201435,19.8261126711873,0.7,0.6299999999999999,1.3299999999999998,0.07000000000000006
32.820223331451416,14.697405281639462,-5.093271846256115,19.790677127895577,0.7,0.6299999999999999,1.3299999999999998,0.07000000000000006
32.84020948410034,14.658603152186265,-5.094148727004892,19.75275187919116,0.7,0.6299999999999999,1.3299999999999998,0.07000000000000006
32.860235929489136,14.617404246525465,-5.094850231603914,19.71225447812938,0.7,0.6299999999999999,1.3299999999999998,0.07000000000000006
32.88060784339905,14.573120077950113,-5.095411435283132,19.668531513233244,0.7,0.6299999999999999,1.3299999999999998,0.07000000000000006
32.90020942687988,14.528256426590298,-5.095860398226505,19.624116824816802,0.7,0.6299999999999999,1.3299999999999998,0.07000000000000006
32.92022752761841,14.480165086708551,-5.096219568581205,19.576384655289758,0.7,0.6299999999999999,1.3299999999999998,0.07000000000000006
32.94024300575256,14.429789770522262,-5.096219568581205,19.526009339103467,0.7,0.6299999999999999,1.3299999999999998,0.07000000000000006
32.96021604537964,14.377246352348202,-5.096506904864964,19.473753257213165,0.7,0.6299999999999999,1.3299999999999998,0.07000000000000006
32.98021459579468,14.322367269142037,-5.096736773891971,19.419104043034007,0.7,0.6299999999999999,1.3299999999999998,0.07000000000000006
33.00029516220093,14.264987863821986,-5.096920669113577,19.361908532935562,0.7,0.6299999999999999,1.3299999999999998,0.07000000000000006
33.020347356796265,14.205423544008733,-5.097067785290862,19.302491329299595,0.7,0.6299999999999999,1.3299999999999998,0.07000000000000006
33.040233850479126,14.144124355145163,-5.09718547823269,19.241309833377855,0.7,0.7,1.4,0.0
33.06031537055969,14.0799832070726,-5.097279632586153,19.177262839658752,0.7,0.7,1.4,0.0
33.08026909828186,14.014030007727735,-5.097354956068923,19.11138496379666,0.7,0.7,1.4,0.0
33.10031795501709,13.945543867577243,-5.097415214855139,19.042959082432382,0.7,0.7,1.4,0.0
33.1203339099884,13.874962621876165,-5.097463421884111,18.972426043760276,0.7,0.7,1.4,0.0
33.140326738357544,13.802272209269923,-5.0975019875072896,18.899774196777212,0.7,0.7,1.4,0.0
33.16022825241089,13.727750704408766,-5.0975019875072896,18.825252691916056,0.7,0.7,1.4,0.0
33.18026924133301,13.650537870416366,-5.097532840005831,18.748070710422198,0.7,0.7,1.4,0.0
33.20021033287048,13.571561628893004,-5.097557522004665,18.66911915089767,0.7,0.7,1.4,0.0
33.22020721435547,13.490224994226883,-5.097577267603733,18.587802261830618,0.7,0.7,1.4,0.0
33.240309953689575,13.40631127092433,-5.097593064082987,18.503904335007316,0.7,0.7,1.4,0.0
33.26018214225769,13.321257707041433,-5.09760570126639,18.41886340830782,0.7,0.7,1.4,0.0
33.280194997787476,13.233503232400176,-5.097615811013112,18.33111904341329,0.7,0.7,1.4,0.0
33.300177574157715,13.143793857336336,-5.0976238988104905,18.241417756146827,0.7,0.7,1.4,0.0
33.32021498680115,13.05175783541008,-5.097630369048393,18.14938820445847,0.7,0.7,1.4,0.0
33.34020113945007,12.95789643859487,-5.097635545238715,18.055531983833585,0.7,0.7,1.4,0.0
33.36021447181702,12.861859864149064,-5.0976396861909725,17.959499550340038,0.7,0.7,1.4,0.0
33.38021683692932,12.763843840617264,-5.0976396861909725,17.861483526808236,0.7,0.7,1.4,0.0
33.400190353393555,12.663957498065578,-5.097642998952779,17.761600497018357,0.7,0.7,1.4,0.0
33.4202024936676,12.561877728369854,-5.0976456491622235,17.65952337753208,0.7,0.7,1.4,0.0
33.440335273742676,12.457178551058046,-5.097647769329779,17.554826320387825,0.7,0.7,1.4,0.0
33.46025204658508,12.351641271725851,-5.097649465463824,17.449290737189674,0.7,0.7,1.4,0.0
33.48024082183838,12.243777708234296,-5.097650822371059,17.341428530605356,0.7,0.7,1.4,0.0
33.50029420852661,12.133624867931747,-5.097651907896848,17.231276775828597,0.7,0.7,1.4,0.0
33.52030634880066,12.021778237559886,-5.115230901317479,17.137009138877364,0.7,0.7,1.4,0.0
33.540420055389404,11.907448812185756,-5.129294096053984,17.036742908239738,0.7,0.7,1.4,0.0
33.56034994125366,11.79228842267694,-5.140544651843188,16.932833074520126,0.7,0.7,1.4,0.0
33.58044123649597,11.674323785113563,-5.140544651843188,16.81486843695675,0.7,0.7,1.4,0.0
33.60032629966736,11.555738127531349,-5.149545096474551,16.7052832240059,0.7,0.7,1.4,0.0
33.620349645614624,11.43450512480571,-5.156745452179641,16.591250576985352,0.7,0.7,1.4,0.0
33.6401891708374,11.312600008886966,-5.1625057367437135,16.475105745630678,0.7,0.7,1.4,0.0
33.660162687301636,11.188095932442948,-5.1671139643949715,16.35520989683792,0.7,0.7,1.4,0.0
33.68015956878662,11.06168107150378,-5.170800546515977,16.232481618019758,0.7,0.7,1.4,0.0
33.700162172317505,10.933483066690759,-5.173749812212782,16.10723287890354,0.7,0.7,1.4,0.0
33.72016525268555,10.80355497095534,-5.176109224770226,15.979664195725565,0.7,0.7,1.4,0.0
33.740161180496216,10.671967714593372,-5.177996754816181,15.849964469409553,0.7,0.7,1.4,0.0
33.76019048690796,10.538472053762769,-5.179506778852946,15.717978832615714,0.7,0.7,1.4,0.0
33.780165910720825,10.403673203818633,-5.180714798082357,15.58438800190099,0.7,0.7,1.4,0.0
33.80016088485718,10.267101198382477,-5.181681213465886,15.448782411848363,0.7,0.7,1.4,0.0
33.82014727592468,10.128968378607372,-5.181681213465886,15.310649592073258,0.7,0.7,1.4,0.0
33.84015250205994,9.989105825896957,-5.182454345772709,15.171560171669665,0.7,0.7,1.4,0.0
33.86015486717224,9.847685392868593,-5.183072851618167,15.03075824448676,0.7,0.7,1.4,0.0
33.880162477493286,9.704671833848755,-5.183567656294534,14.888239490143288,0.7,0.7,1.4,0.0
33.90015149116516,9.560259686767608,-5.183963500035628,14.744223186803236,0.7,0.7,1.4,0.0
33.92014980316162,9.414271296674237,-5.184280175028503,14.59855147170274,0.7,0.7,1.4,0.0
33.94022274017334,9.266243468630874,-5.184533515022802,14.450776983653675,0.7,0.7,1.4,0.0
33.96033525466919,9.116445491012687,-5.184736187018243,14.301181678030929,0.6299999999999999,0.7,1.3299999999999998,-0.07000000000000006
33.98024916648865,8.966692285085658,-5.184898324614594,14.151590609700254,0.6299999999999999,0.7,1.3299999999999998,-0.07000000000000006
34.00018048286438,8.815402580955446,-5.185028034691675,14.000430615647122,0.6299999999999999,0.7,1.3299999999999998,-0.07000000000000006
34.020169496536255,8.662286427013314,-5.185131802753341,13.847418229766655,0.6299999999999999,0.7,1.3299999999999998,-0.07000000000000006
34.040186643600464,8.507585523207888,-5.185131802753341,13.69271732596123,0.6299999999999999,0.7,1.3299999999999998,-0.07000000000000006
34.06020212173462,8.351551934257007,-5.185214817202673,13.53676675145968,0.6299999999999999,0.7,1.3299999999999998,-0.07000000000000006
34.08020210266113,8.19431983438659,-5.185281228762139,13.37960106314873,0.6299999999999999,0.7,1.3299999999999998,-0.07000000000000006
34.10020089149475,8.035803245855112,-5.185334358009712,13.221137603864824,0.6299999999999999,0.7,1.3299999999999998,-0.07000000000000006
34.12025594711304,7.875566540626211,-5.18537686140777,13.060943402033981,0.6299999999999999,0.7,1.3299999999999998,-0.07000000000000006
34.14020919799805,7.714902202195844,-5.185410864126216,12.90031306632206,0.6299999999999999,0.7,1.3299999999999998,-0.07000000000000006
34.16021656990051,7.552584580450561,-5.167859941300973,12.720444521751535,0.6299999999999999,0.7,1.3299999999999998,-0.07000000000000006
34.18032789230347,7.388220826957043,-5.118662953040779,12.506883779997821,0.6299999999999999,0.7,1.3299999999999998,-0.07000000000000006
34.20046067237854,7.222500117587668,-5.061727237432623,12.284227355020292,0.7,0.6917845567688345,1.3917845567688345,0.008215443231165409
34.220274925231934,7.0582727641773895,-5.016178664946099,12.074451429123489,0.7,0.6917845567688345,1.3917845567688345,0.008215443231165409
34.2402241230011,6.891821821898974,-4.9797398069568795,11.871561628855854,0.7,0.6917845567688345,1.3917845567688345,0.008215443231165409
34.26022481918335,6.723854239685631,-4.9797398069568795,11.703594046642511,0.7,0.6917845567688345,1.3917845567688345,0.008215443231165409
34.28025579452515,6.5545681229702835,-4.950588720565504,11.505156843535786,0.7,0.6917845567688345,1.3917845567688345,0.008215443231165409
34.30020594596863,6.384933055202323,-4.927267851452403,11.312200906654727,0.7,0.6917845567688345,1.3917845567688345,0.008215443231165409
34.320192098617554,6.213985934765714,-4.908611156161923,11.122597090927638,0.7,0.6917845567688345,1.3917845567688345,0.008215443231165409
34.34017252922058,6.04210827265914,-4.893685799929538,10.935794072588678,0.7,0.6917845567688345,1.3917845567688345,0.008215443231165409
34.36017203330994,5.869112926665544,-4.88174551494363,10.750858441609175,0.7,0.6917845567688345,1.3917845567688345,0.008215443231165409
34.38016963005066,5.695207455895385,-4.8721932869549045,10.567400742850289,0.7,0.6917845567688345,1.3917845567688345,0.008215443231165409
34.4001784324646,5.520304663136706,-4.864551504563924,10.38485616770063,0.7,0.6917845567688345,1.3917845567688345,0.008215443231165409
34.4201717376709,5.344665854640035,-4.8584380786511385,10.203103933291175,0.7,0.6917845567688345,1.3917845567688345,0.008215443231165409
34.4401593208313,5.1682342532591425,-4.8535473379209115,10.021781591180055,0.7,0.6917845567688345,1.3917845567688345,0.008215443231165409
34.46015691757202,4.990898542361263,-4.849634745336729,9.840533287697992,0.7,0.6917845567688345,1.3917845567688345,0.008215443231165409
34.480156660079956,4.8127557459563235,-4.849634745336729,9.662390491293053,0.7,0.6917845567688345,1.3917845567688345,0.008215443231165409
34.50017237663269,4.633709791097517,-4.846504671269384,9.4802144623669,0.7,0.6917845567688345,1.3917845567688345,0.008215443231165409
34.52027678489685,4.453132762075904,-4.844000612015507,9.29713337409141,0.7,0.6917845567688345,1.3917845567688345,0.008215443231165409
34.540292501449585,4.272646449169997,-4.841997364612405,9.114643813782402,0.7,0.6217845567688345,1.3217845567688344,0.07821544323116547
34.56019949913025,4.092470162494377,-4.840394766689925,8.932864929184301,0.7,0.6217845567688345,1.3217845567688344,0.07821544323116547
34.58015704154968,3.9111937315715273,-4.839112688351939,8.750306419923467,0.7,0.6217845567688345,1.3217845567688344,0.07821544323116547
34.6001513004303,3.728967117220565,-4.838087025681552,8.567054142902117,0.7,0.6217845567688345,1.3217845567688344,0.07821544323116547
34.62016820907593,3.5459445755095866,-4.837266495545242,8.383211071054829,0.7,0.6217845567688345,1.3217845567688344,0.07821544323116547
34.64018535614014,3.362358951002495,-4.836610071436193,8.198969022438689,0.7,0.6217845567688345,1.3217845567688344,0.07821544323116547
34.66019535064697,3.1783073408946305,-4.836084932148954,8.014392273043585,0.7,0.6217845567688345,1.3217845567688344,0.07821544323116547
34.68019199371338,2.993876640049858,-4.835664820719164,7.829541460769022,0.7,0.6217845567688345,1.3217845567688344,0.07821544323116547
34.70017743110657,2.8090770726634386,-4.835664820719164,7.644741893382603,0.7,0.6217845567688345,1.3217845567688344,0.07821544323116547
34.72017216682434,2.623748281616811,-4.817750606575331,7.441498888192141,0.7,0.6217845567688345,1.3217845567688344,0.07821544323116547
34.74015760421753,2.4380918577040465,-4.8209973602602645,7.259089217964311,0.7,0.6217845567688345,1.3217845567688344,0.07821544323116547
34.76017665863037,2.2517377490532353,-4.823594763208212,7.075332512261447,0.7,0.6217845567688345,1.3217845567688344,0.07821544323116547
34.78017568588257,2.06521434122178,-4.82567268556657,6.8908870267883495,0.7,0.6217845567688345,1.3217845567688344,0.07821544323116547
34.80017328262329,1.8783782199534464,-4.827335023453256,6.705713243406702,0.7,0.6217845567688345,1.3217845567688344,0.07821544323116547
34.82015562057495,1.6913884458699542,-4.828664893762605,6.520053339632559,0.7,0.6217845567688345,1.3217845567688344,0.07821544323116547
34.84021782875061,1.5033830865662166,-4.829728790010083,6.3331118765763,0.7,0.6217845567688345,1.3217845567688344,0.07821544323116547
34.8602831363678,1.3151097474774058,-4.830579907008067,6.145689654485473,0.6299999999999999,0.5997024608030914,1.2297024608030913,0.030297539196908474
34.88021802902222,1.1278530353049039,-4.8312608006064535,5.959113835911357,0.6299999999999999,0.5997024608030914,1.2297024608030913,0.030297539196908474
34.90017509460449,0.9402108158212877,-4.8312608006064535,5.771471616427741,0.6299999999999999,0.5997024608030914,1.2297024608030913,0.030297539196908474
34.92017936706543,0.7519764083170225,-4.831805515485163,5.583781923802186,0.6299999999999999,0.5997024608030914,1.2297024608030913,0.030297539196908474
34.94017839431763,0.5636726042966682,-4.832241287388131,5.395913891684799,0.6299999999999999,0.5997024608030914,1.2297024608030913,0.030297539196908474
34.96019959449768,0.3750708889501772,-4.832589904910504,5.207660793860682,0.6299999999999999,0.5997024608030914,1.2297024608030913,0.030297539196908474
34.980185985565186,0.18673786271096607,-4.832868798928404,5.0196066616393695,0.6299999999999999,0.5997024608030914,1.2297024608030913,0.030297539196908474
35.00017213821411,-0.0016223644433958739,-4.815513789142723,4.813891424699327,0.6299999999999999,0.5997024608030914,1.2297024608030913,0.030297539196908474
35.0201940536499,-0.19031936500424107,-4.801629781314179,4.611310416309938,0.6299999999999999,0.5997024608030914,1.2297024608030913,0.030297539196908474
35.04018783569336,-0.37872117964093116,-4.790522575051344,4.4118013954104125,0.6299999999999999,0.5997024608030914,1.2297024608030913,0.030297539196908474
35.0601806640625,-0.5670542452492591,-4.781636810041075,4.214582564791816,0.6299999999999999,0.5997024608030914,1.2297024608030913,0.030297539196908474
35.08018612861633,-0.7554167727626577,-4.7569500730328595,4.001533300270202,0.6299999999999999,0.5997024608030914,1.2297024608030913,0.030297539196908474
35.10018610954285,-0.943608366414455,-4.754778808426288,3.8111704420118326,0.5910091820359229,0.5297024608030914,1.1207116428390143,0.06130672123283154
35.12022805213928,-1.1320453055968573,-4.754778808426288,3.6227335028294303,0.5910091820359229,0.5297024608030914,1.1207116428390143,0.06130672123283154
35.1402223110199,-1.3198550664137232,-4.75304179674103,3.433186730327307,0.5910091820359229,0.5297024608030914,1.1207116428390143,0.06130672123283154
35.160221338272095,-1.507501239770146,-4.751652187392824,3.244150947622678,0.5910091820359229,0.5297024608030914,1.1207116428390143,0.06130672123283154
35.18028807640076,-1.6955434558191447,-4.732962374914259,3.0374189190951144,0.5910091820359229,0.5297024608030914,1.1207116428390143,0.06130672123283154
35.20019721984863,-1.8818425854837544,-4.718010524931407,2.8361679394476527,0.5910091820359229,0.5297024608030914,1.1207116428390143,0.06130672123283154
35.22018909454346,-2.0686195203630766,-4.688470919945126,2.6198513995820494,0.5910091820359229,0.5297024608030914,1.1207116428390143,0.06130672123283154
35.240180015563965,-2.2550611755874406,-4.6472611109561015,2.392199935368661,0.5910091820359229,0.5297024608030914,1.1207116428390143,0.06130672123283154
35.260154247283936,-2.4409918576053053,-4.614293263764881,2.1733014061595757,0.5910091820359229,0.5297024608030914,1.1207116428390143,0.06130672123283154
35.280171632766724,-2.626938501333964,-4.587918986011905,1.960980484677941,0.5910091820359229,0.5297024608030914,1.1207116428390143,0.06130672123283154
35.300153732299805,-2.8121429345877176,-4.566819563809524,1.7546766292218066,0.5910091820359229,0.5297024608030914,1.1207116428390143,0.06130672123283154
35.320154428482056,-2.9970758277185117,-4.5499400260476195,1.5528641983291078,0.5910091820359229,0.5297024608030914,1.1207116428390143,0.06130672123283154
35.34015226364136,-3.181509063884342,-4.536436395838097,1.3549273319537547,0.5910091820359229,0.5297024608030914,1.1207116428390143,0.06130672123283154
35.36016511917114,-3.365577966084333,-4.536436395838097,1.1708584297537636,0.5910091820359229,0.5297024608030914,1.1207116428390143,0.06130672123283154
35.38015007972717,-3.5488592816775912,-4.525633491670478,0.9767742099928864,0.5910091820359229,0.5297024608030914,1.1207116428390143,0.06130672123283154
35.4001522064209,-3.731737734309597,-4.516991168336382,0.7852534340267852,0.5910091820359229,0.5297024608030914,1.1207116428390143,0.06130672123283154
35.42014813423157,-3.9139703778296586,-4.510077309669106,0.5961069318394476,0.5910091820359229,0.5297024608030914,1.1207116428390143,0.06130672123283154
35.44014883041382,-4.095628444918206,-4.522124347735286,0.42649590281707983,0.5910091820359229,0.5297024608030914,1.1207116428390143,0.06130672123283154
35.46015501022339,-4.276689256656414,-4.5141838531882295,0.23749459653181582,0.5910091820359229,0.5297024608030914,1.1207116428390143,0.06130672123283154
35.48015236854553,-4.456994926638464,-4.507831457550584,0.050836530912119926,0.5910091820359229,0.5297024608030914,1.1207116428390143,0.06130672123283154
35.50029492378235,-4.637898384314728,-4.520327666040467,-0.11757071827426113,0.5910091820359229,0.5297024608030914,1.1207116428390143,0.06130672123283154
35.52017617225647,-4.815726664862465,-4.512746507832374,-0.30298015703009096,0.5996289766579865,0.5997024608030914,1.199331437461078,-7.34841451048851e-05
35.54021859169006,-4.994235849243122,-4.5066815812659,-0.487554267977222,0.5996289766579865,0.5997024608030914,1.199331437461078,-7.34841451048851e-05
35.56023693084717,-5.171740002393034,-4.51940776501272,-0.652332237380314,0.5996289766579865,0.5997024608030914,1.199331437461078,-7.34841451048851e-05
35.580178022384644,-5.347745784389647,-4.51940776501272,-0.8283380193769272,0.5996289766579865,0.5997024608030914,1.199331437461078,-7.34841451048851e-05
35.600172996520996,-5.523384215249754,-4.5120105870101765,-1.0113736282395775,0.5996289766579865,0.5997024608030914,1.199331437461078,-7.34841451048851e-05
35.620192766189575,-5.698367051451211,-4.523670969608141,-1.1746960818430692,0.5996289766579865,0.5997024608030914,1.199331437461078,-7.34841451048851e-05
35.64017415046692,-5.8721153710719225,-4.532999275686514,-1.3391160953854087,0.5996289766579865,0.5997024608030914,1.199331437461078,-7.34841451048851e-05
35.660202741622925,-6.045345324719236,-4.540461920549212,-1.504883404170024,0.5996289766579865,0.5997024608030914,1.199331437461078,-7.34841451048851e-05
35.68021750450134,-6.217499311866711,-4.54643203643937,-1.6710672754273412,0.5996289766579865,0.5997024608030914,1.199331437461078,-7.34841451048851e-05
35.70019578933716,-6.38835897629246,-4.551208129151496,-1.8371508471409648,0.5996289766579865,0.5997024608030914,1.199331437461078,-7.34841451048851e-05
35.720195293426514,-6.558391893169416,-4.555029003321197,-2.003362889848219,0.5697457800805568,0.5297024608030914,1.0994482408836481,0.040043319277465406
35.74021530151367,-6.727561935077852,-4.575663827656958,-2.1518981074208945,0.5697457800805568,0.5297024608030914,1.0994482408836481,0.040043319277465406
35.76019239425659,-6.895308292924616,-4.592171687125566,-2.3031366057990503,0.5697457800805568,0.5297024608030914,1.0994482408836481,0.040043319277465406
35.78022265434265,-7.062410373058693,-4.6053779747004535,-2.4570323983582396,0.5697457800805568,0.5297024608030914,1.0994482408836481,0.040043319277465406
35.80029320716858,-7.228726585681184,-4.6053779747004535,-2.623348610980731,0.5697457800805568,0.5297024608030914,1.0994482408836481,0.040043319277465406
35.820279598236084,-7.393203075008799,-4.615943004760363,-2.7772600702484356,0.5697457800805568,0.5297024608030914,1.0994482408836481,0.040043319277465406
35.84037446975708,-7.557396855408867,-4.624395028808291,-2.9330018266005764,0.5697457800805568,0.5297024608030914,1.0994482408836481,0.040043319277465406
35.860201597213745,-7.718222253158257,-4.613578523046632,-3.1046437301116248,0.5697457800805568,0.5297024608030914,1.0994482408836481,0.040043319277465406
35.880183696746826,-7.879092724584845,-4.6049253184373065,-3.274167406147539,0.5697457800805568,0.5297024608030914,1.0994482408836481,0.040043319277465406
35.9001624584198,-8.038694662455255,-4.598002754749846,-3.440691907705409,0.5697457800805568,0.5297024608030914,1.0994482408836481,0.040043319277465406
35.92014193534851,-8.197035537338694,-4.574886578799877,-3.6221489585388174,0.5697457800805568,0.5297024608030914,1.0994482408836481,0.040043319277465406
35.9401650428772,-8.354426188075568,-4.556393638039902,-3.798032550035666,0.5697457800805568,0.5297024608030914,1.0994482408836481,0.040043319277465406
35.96016979217529,-8.510352049440769,-4.541599285431921,-3.9687527640088476,0.5697457800805568,0.5297024608030914,1.0994482408836481,0.040043319277465406
35.980157136917114,-8.664799491660794,-4.529763803345538,-4.135035688315257,0.5697457800805568,0.5297024608030914,1.0994482408836481,0.040043319277465406
36.000154972076416,-8.817960374534628,-4.520295417676431,-4.297664956858197,0.5697457800805568,0.5297024608030914,1.0994482408836481,0.040043319277465406
36.020209550857544,-8.970157739112073,-4.520295417676431,-4.449862321435642,0.5697457800805568,0.5297024608030914,1.0994482408836481,0.040043319277465406
36.04015827178955,-9.120138797125154,-4.512720709141145,-4.607418087984009,0.5697457800805568,0.5297024608030914,1.0994482408836481,0.040043319277465406
36.06014275550842,-9.268952062169745,-4.506660942312917,-4.762291119856829,0.5697457800805568,0.5297024608030914,1.0994482408836481,0.040043319277465406
36.08014440536499,-9.416429858844685,-4.501813128850333,-4.914616729994352,0.5697457800805568,0.5297024608030914,1.0994482408836481,0.040043319277465406
36.10013937950134,-9.562371971827227,-4.497934878080268,-5.064437093746959,0.5697457800805568,0.5297024608030914,1.0994482408836481,0.040043319277465406
36.120139837265015,-9.706844235879792,-4.494832277464215,-5.2120119584155775,0.5697457800805568,0.5297024608030914,1.0994482408836481,0.040043319277465406
36.14029240608215,-9.850864783081208,-4.492350196971372,-5.358514586109837,0.5697457800805568,0.5297024608030914,1.0994482408836481,0.040043319277465406
36.16021680831909,-9.991702152772234,-4.490364532577098,-5.5013376201951365,0.5838087714463471,0.4984576911106704,1.0822664625570175,0.08535108033567673
36.180198669433594,-10.131372973733578,-4.488776001061678,-5.6425969726719,0.5838087714463471,0.4984576911106704,1.0822664625570175,0.08535108033567673
36.20016646385193,-10.269350200593973,-4.487505175849344,-5.781845024744629,0.5838087714463471,0.4984576911106704,1.0822664625570175,0.08535108033567673
36.22016906738281,-10.405947285122318,-4.486488515679476,-5.919458769442842,0.5838087714463471,0.4984576911106704,1.0822664625570175,0.08535108033567673
36.24016499519348,-10.540855958962455,-4.486488515679476,-6.054367443282979,0.5838087714463471,0.4984576911106704,1.0822664625570175,0.08535108033567673
36.26015853881836,-10.674084999964332,-4.48567518754358,-6.188409812420752,0.5838087714463471,0.4984576911106704,1.0822664625570175,0.08535108033567673
36.28022050857544,-10.806076850683079,-4.485024525034865,-6.321052325648214,0.5838087714463471,0.4984576911106704,1.0822664625570175,0.08535108033567673
36.30016875267029,-10.935618092212078,-4.484503995027892,-6.451114097184186,0.5838087714463471,0.4984576911106704,1.0822664625570175,0.08535108033567673
36.32018232345581,-11.063857151373188,-4.484087571022314,-6.579769580350875,0.5838087714463471,0.4984576911106704,1.0822664625570175,0.08535108033567673
36.340311765670776,-11.191073924145659,-4.466176306817851,-6.724897617327808,0.5838087714463471,0.4984576911106704,1.0822664625570175,0.08535108033567673
36.3602979183197,-11.315614083504201,-4.4518472954542805,-6.8637667880499205,0.63456247292459,0.44190871942788346,1.0764711923524735,0.19265375349670655
36.38018560409546,-11.437769467763285,-4.440384086363425,-6.9973853813998605,0.63456247292459,0.44190871942788346,1.0764711923524735,0.19265375349670655
36.400166034698486,-11.558696045405108,-4.431213519090741,-7.127482526314368,0.63456247292459,0.44190871942788346,1.0764711923524735,0.19265375349670655
36.42017960548401,-11.677996968559569,-4.423877065272593,-7.254119903286976,0.63456247292459,0.44190871942788346,1.0764711923524735,0.19265375349670655
36.44015908241272,-11.795252790191343,-4.423877065272593,-7.37137572491875,0.63456247292459,0.44190871942788346,1.0764711923524735,0.19265375349670655
36.460214376449585,-11.911084164708218,-4.418007902218075,-7.493076262490143,0.63456247292459,0.44190871942788346,1.0764711923524735,0.19265375349670655
36.48017168045044,-12.024472143341818,-4.413312571774459,-7.611159571567359,0.63456247292459,0.44190871942788346,1.0764711923524735,0.19265375349670655
36.50015425682068,-12.136109402150717,-4.409556307419567,-7.72655309473115,0.63456247292459,0.44190871942788346,1.0764711923524735,0.19265375349670655
36.520164012908936,-12.24598149910147,-4.406551295935654,-7.839430203165816,0.63456247292459,0.44190871942788346,1.0764711923524735,0.19265375349670655
36.54016327857971,-12.353861849385929,-4.404147286748524,-7.949714562637405,0.63456247292459,0.44190871942788346,1.0764711923524735,0.19265375349670655
36.560163497924805,-12.459796529450893,-4.402224079398819,-8.057572450052074,0.63456247292459,0.44190871942788346,1.0764711923524735,0.19265375349670655
36.58016753196716,-12.56378326125304,-4.400685513519056,-8.163097747733984,0.63456247292459,0.44190871942788346,1.0764711923524735,0.19265375349670655
36.600159645080566,-12.66572503422415,-4.399454660815245,-8.266270373408906,0.63456247292459,0.44190871942788346,1.0764711923524735,0.19265375349670655
36.620157957077026,-12.765698996973663,-4.398469978652196,-8.367229018321467,0.63456247292459,0.44190871942788346,1.0764711923524735,0.19265375349670655
36.6401584148407,-12.863667850115993,-4.397682232921757,-8.465985617194235,0.63456247292459,0.44190871942788346,1.0764711923524735,0.19265375349670655
36.660157680511475,-12.959599630650452,-4.397682232921757,-8.561917397728696,0.63456247292459,0.44190871942788346,1.0764711923524735,0.19265375349670655
36.68026661872864,-13.053994273144747,-4.414630161337406,-8.63936411180734,0.63456247292459,0.44190871942788346,1.0764711923524735,0.19265375349670655
36.70027470588684,-13.145847285341718,-4.428188504069926,-8.717658781271792,0.63456247292459,0.44190871942788346,1.0764711923524735,0.19265375349670655
36.72020983695984,-13.235299177013172,-4.43903517825594,-8.796263998757231,0.6827113284915685,0.4083588518574832,1.0910701803490517,0.27435247663408524
36.740182399749756,-13.3228366979464,-4.447712517604752,-8.875124180341647,0.6827113284915685,0.4083588518574832,1.0910701803490517,0.27435247663408524
36.760189056396484,-13.408420203415337,-4.454654389083802,-8.953765814331536,0.6827113284915685,0.4083588518574832,1.0910701803490517,0.27435247663408524
36.78015327453613,-13.491710158957188,-4.460207886267042,-9.031502272690147,0.6827113284915685,0.4083588518574832,1.0910701803490517,0.27435247663408524
36.80014610290527,-13.572992022538937,-4.464650684013634,-9.108341338525303,0.6827113284915685,0.4083588518574832,1.0910701803490517,0.27435247663408524
36.820144176483154,-13.652152570785837,-4.468204922210908,-9.183947648574929,0.6827113284915685,0.4083588518574832,1.0910701803490517,0.27435247663408524
36.84015727043152,-13.729214725876442,-4.471048312768726,-9.258166413107716,0.6827113284915685,0.4083588518574832,1.0910701803490517,0.27435247663408524
36.86011862754822,-13.803915242894261,-4.508479275214981,-9.29543596767928,0.6827113284915685,0.4083588518574832,1.0910701803490517,0.27435247663408524
36.88015699386597,-13.876719968433745,-4.573580295171984,-9.30313967326176,0.6827113284915685,0.4083588518574832,1.0910701803490517,0.27435247663408524
36.900163888931274,-13.947215825743429,-4.573580295171984,-9.373635530571445,0.6127113284915684,0.3658262960985301,0.9785376245900985,0.24688503239303827
36.92017602920532,-14.015525351326279,-4.678395486137588,-9.33712986518869,0.6127113284915684,0.3658262960985301,0.9785376245900985,0.24688503239303827
36.94017219543457,-14.081567104679758,-4.814982013910072,-9.266585090769686,0.6127113284915684,0.3658262960985301,0.9785376245900985,0.24688503239303827
36.96015906333923,-14.145356909727589,-4.9594074861280575,-9.185949423599531,0.6127113284915684,0.3658262960985301,0.9785376245900985,0.24688503239303827
36.98015546798706,-14.206944770168999,-5.0749478639024455,-9.131996906266554,0.6127113284915684,0.3658262960985301,0.9785376245900985,0.24688503239303827
37.000150203704834,-14.26628513665227,-5.202536416121957,-9.063748720530313,0.6127113284915684,0.3658262960985301,0.9785376245900985,0.24688503239303827
37.02016997337341,-14.323443938636338,-5.427654132897565,-8.895789805738772,0.6127113284915684,0.3658262960985301,0.9785376245900985,0.24688503239303827
37.040162801742554,-14.378264085122717,-5.713217056318052,-8.665047028804665,0.6127113284915684,0.3658262960985301,0.9785376245900985,0.24688503239303827
37.06014966964722,-14.430800036854228,-5.976823645054442,-8.453976391799785,0.6127113284915684,0.3658262960985301,0.9785376245900985,0.24688503239303827
37.08020234107971,-14.48122189537396,-6.1877089160435546,-8.293512979330405,0.6127113284915684,0.3658262960985301,0.9785376245900985,0.24688503239303827
37.10018968582153,-14.52919190827838,-6.1877089160435546,-8.341482992234825,0.5521812694519757,0.2958262960985301,0.8480075655505057,0.25635497335344554
37.12019896507263,-14.574919363136436,-6.338839007834844,-8.236080355301592,0.5521812694519757,0.2958262960985301,0.8480075655505057,0.25635497335344554
37.14020228385925,-14.618330541551284,-6.459743081267875,-8.15858746028341,0.5521812694519757,0.2958262960985301,0.8480075655505057,0.25635497335344554
37.160194873809814,-14.659411124880716,-6.5564663400143,-8.102944784866416,0.5521812694519757,0.2958262960985301,0.8480075655505057,0.25635497335344554
37.180260181427,-14.698315308628151,-6.63384494701144,-8.064470361616712,0.5521812694519757,0.2958262960985301,0.8480075655505057,0.25635497335344554
37.20028638839722,-14.734814292105884,-6.695747832609152,-8.039066459496732,0.5521812694519757,0.2958262960985301,0.8480075655505057,0.25635497335344554
37.22030973434448,-14.76897566162854,-6.727692016087322,-8.041283645541217,0.5521812694519757,0.2958262960985301,0.8480075655505057,0.25635497335344554
37.24027991294861,-14.800717990149337,-6.770825487869858,-8.02989250227948,0.5521812694519757,0.2958262960985301,0.8480075655505057,0.25635497335344554
37.2602322101593,-14.83010478631114,-6.8229103902958865,-8.007194396015253,0.5521812694519757,0.2958262960985301,0.8480075655505057,0.25635497335344554
37.28019571304321,-14.85717543447152,-6.917312687236709,-7.939862747234811,0.5521812694519757,0.2958262960985301,0.8480075655505057,0.25635497335344554
37.30017304420471,-14.881924838126917,-7.045568899789368,-7.836355938337549,0.5521812694519757,0.2958262960985301,0.8480075655505057,0.25635497335344554
37.32018542289734,-14.904366781041524,-7.165751994831495,-7.73861478621003,0.5521812694519757,0.2958262960985301,0.8480075655505057,0.25635497335344554
37.34020638465881,-14.924460345778723,-7.165751994831495,-7.758708350947228,0.5521812694519757,0.2958262960985301,0.8480075655505057,0.25635497335344554
37.360196352005005,-14.942166598578932,-7.261898470865196,-7.680268127713736,0.5521812694519757,0.2958262960985301,0.8480075655505057,0.25635497335344554
37.38020873069763,-14.95753156121509,-7.3388156516921565,-7.618715909522933,0.5521812694519757,0.2958262960985301,0.8480075655505057,0.25635497335344554
37.400208950042725,-14.970524451263584,-7.400349396353724,-7.57017505490986,0.5521812694519757,0.2958262960985301,0.8480075655505057,0.25635497335344554
37.42030382156372,-14.981197948254882,-7.449576392082981,-7.531621556171902,0.5521812694519757,0.2958262960985301,0.8480075655505057,0.25635497335344554
37.44020104408264,-14.989413385219942,-7.488957988666384,-7.500455396553558,0.5521812694519757,0.2958262960985301,0.8480075655505057,0.25635497335344554
37.46019172668457,-14.995308140060198,-7.520463265933109,-7.474844874127089,0.5521812694519757,0.2958262960985301,0.8480075655505057,0.25635497335344554
37.48016548156738,-14.998835180317844,-7.5456674877464875,-7.453167692571356,0.5521812694519757,0.2958262960985301,0.8480075655505057,0.25635497335344554
37.50016403198242,-14.999999920333073,-7.56583086519719,-7.434169055135882,0.5521812694519757,0.2958262960985301,0.8480075655505057,0.25635497335344554
37.52015423774719,-14.998797325919776,-7.581961567157753,-7.416835758762023,0.5521812694519757,0.2958262960985301,0.8480075655505057,0.25635497335344554
37.54024124145508,-14.995205530018566,-7.594866128726203,-7.400339401292364,0.5521812694519757,0.2958262960985301,0.8480075655505057,0.25635497335344554
37.560216188430786,-14.989265156522467,-7.594866128726203,-7.394399027796265,0.5521812694519757,0.2958262960985301,0.8480075655505057,0.25635497335344554
37.58020520210266,-14.980957052851256,-7.6051897779809625,-7.375767274870293,0.5507281560590489,0.3658262960985301,0.916554452157579,0.18490185996051878
37.60036063194275,-14.970187124918194,-7.6134486973847695,-7.356738427533425,0.5507281560590489,0.3658262960985301,0.916554452157579,0.18490185996051878
37.62016987800598,-14.957262815782917,-7.620055832907815,-7.337206982875101,0.5507281560590489,0.3658262960985301,0.916554452157579,0.18490185996051878
37.64015817642212,-14.941873096752659,-7.625341541326252,-7.3165315554264065,0.5507281560590489,0.3658262960985301,0.916554452157579,0.18490185996051878
37.66015291213989,-14.924120548250936,-7.629570108061003,-7.2945504401899335,0.5507281560590489,0.3658262960985301,0.916554452157579,0.18490185996051878
37.680142402648926,-14.904018132081196,-7.632952961448802,-7.2710651706323945,0.5507281560590489,0.3658262960985301,0.916554452157579,0.18490185996051878
37.70014309883118,-14.881551425802241,-7.635659244159043,-7.245892181643199,0.5507281560590489,0.3658262960985301,0.916554452157579,0.18490185996051878
37.72015047073364,-14.856725911301762,-7.6378242703272345,-7.2189016409745275,0.5507281560590489,0.3658262960985301,0.916554452157579,0.18490185996051878
37.74014329910278,-14.829573221952352,-7.639556291261787,-7.190016930690565,0.5507281560590489,0.3658262960985301,0.916554452157579,0.18490185996051878
37.76026511192322,-14.7998825891489,-7.639556291261787,-7.160326297887114,0.5507281560590489,0.3658262960985301,0.916554452157579,0.18490185996051878
37.780176639556885,-14.768173550586857,-7.64094190800943,-7.127231642577427,0.6184406418493016,0.35046023264527304,0.9689008744945746,0.26798040920402855
37.80017423629761,-14.734000966580375,-7.642050401407543,-7.091950565172832,0.6184406418493016,0.35046023264527304,0.9689008744945746,0.26798040920402855
37.82015252113342,-14.697538639606819,-7.642937196126035,-7.0546014434807836,0.6184406418493016,0.35046023264527304,0.9689008744945746,0.26798040920402855
37.84015464782715,-14.658712779414142,-7.661224756900828,-6.997488022513314,0.6184406418493016,0.35046023264527304,0.9689008744945746,0.26798040920402855
37.86015248298645,-14.617580721096687,-7.658276680520662,-6.959304040576025,0.6184406418493016,0.35046023264527304,0.9689008744945746,0.26798040920402855
37.88015103340149,-14.574139282114682,-7.65591821941653,-6.918221062698152,0.6184406418493016,0.35046023264527304,0.9689008744945746,0.26798040920402855
37.90014624595642,-14.528404577451026,-7.654031450533225,-6.874373126917801,0.6184406418493016,0.35046023264527304,0.9689008744945746,0.26798040920402855
37.9201397895813,-14.480380871672132,-7.670100160426581,-6.810280711245551,0.6184406418493016,0.35046023264527304,0.9689008744945746,0.26798040920402855
37.9401490688324,-14.43003152922631,-7.6653770033412645,-6.764654525885046,0.6184406418493016,0.35046023264527304,0.9689008744945746,0.26798040920402855
37.96016502380371,-14.377383463891707,-7.679176602673013,-6.6982068612186945,0.6184406418493016,0.35046023264527304,0.9689008744945746,0.26798040920402855
37.980188608169556,-14.322440052446801,-7.679176602673013,-6.643263449773788,0.5484406418493015,0.3536920090578495,0.902132650907151,0.19474863279145205
38.00016736984253,-14.26536021484481,-7.690216282138411,-6.575143932706399,0.5484406418493015,0.3536920090578495,0.902132650907151,0.19474863279145205
38.02015709877014,-14.205999309856084,-7.699048025710729,-6.506951284145355,0.5484406418493015,0.3536920090578495,0.902132650907151,0.19474863279145205
38.04015302658081,-14.144377966836622,-7.706113420568585,-6.438264546268037,0.5484406418493015,0.3536920090578495,0.902132650907151,0.19474863279145205
38.06015682220459,-14.080498409229486,-7.711765736454868,-6.368732672774618,0.5484406418493015,0.3536920090578495,0.902132650907151,0.19474863279145205
38.08014917373657,-14.014432985369822,-7.716287589163895,-6.2981453962059275,0.5484406418493015,0.3536920090578495,0.902132650907151,0.19474863279145205
38.1001558303833,-13.946106569179399,-7.719905071331117,-6.226201497848282,0.5484406418493015,0.3536920090578495,0.902132650907151,0.19474863279145205
38.12015342712402,-13.875608871173206,-7.722799057064894,-6.152809814108312,0.5484406418493015,0.3536920090578495,0.902132650907151,0.19474863279145205
38.14014410972595,-13.802946089340098,-7.725114245651916,-6.077831843688182,0.5484406418493015,0.3536920090578495,0.902132650907151,0.19474863279145205
38.160175800323486,-13.727949938344944,-7.726966396521533,-6.000983541823411,0.6184406418493016,0.4236920090578495,1.0421326509071511,0.1947486327914521
38.18018341064453,-13.650873178092146,-7.728448117217227,-5.922425060874919,0.6184406418493016,0.4236920090578495,1.0421326509071511,0.1947486327914521
38.20015788078308,-13.571772164319404,-7.728448117217227,-5.843324047102176,0.6184406418493016,0.4236920090578495,1.0421326509071511,0.1947486327914521
38.22014856338501,-13.490466675314014,-7.7120553687737825,-5.778411306540232,0.6184406418493016,0.4236920090578495,1.0421326509071511,0.1947486327914521
38.2401921749115,-13.40680915021714,-7.716519295019027,-5.690289855198112,0.6184406418493016,0.4236920090578495,1.0421326509071511,0.1947486327914521
38.26017904281616,-13.321271135024444,-7.702512311015222,-5.618758824009222,0.6184406418493016,0.4236920090578495,1.0421326509071511,0.1947486327914521
38.280171632766724,-13.233606908553158,-7.708884848812179,-5.524722059740979,0.6184406418493016,0.4236920090578495,1.0421326509071511,0.1947486327914521
38.30015730857849,-13.14388588921441,-7.713982879049744,-5.429903010164666,0.6184406418493016,0.4236920090578495,1.0421326509071511,0.1947486327914521
38.32016396522522,-13.051994821555068,-7.718061303239796,-5.3339335183152725,0.6184406418493016,0.4236920090578495,1.0421326509071511,0.1947486327914521
38.34018015861511,-12.95799604536415,-7.721324042591837,-5.236672002772313,0.6184406418493016,0.4236920090578495,1.0421326509071511,0.1947486327914521
38.36017966270447,-12.862028670211618,-7.72393423407347,-5.138094436138148,0.5806892614951356,0.4053445054404436,0.9860337669355792,0.17534475605469196
38.380165100097656,-12.764099969835263,-7.7260223872587765,-5.038077582576486,0.5806892614951356,0.4053445054404436,0.9860337669355792,0.17534475605469196
38.400166749954224,-12.664076717651614,-7.727692909807023,-4.936383807844591,0.5806892614951356,0.4053445054404436,0.9860337669355792,0.17534475605469196
38.420164823532104,-12.562071750521422,-7.729029327845619,-4.8330424226758035,0.5806892614951356,0.4053445054404436,0.9860337669355792,0.17534475605469196
38.4401650428772,-12.458072205120562,-7.729029327845619,-4.729042877274943,0.5806892614951356,0.4053445054404436,0.9860337669355792,0.17534475605469196
38.46017384529114,-12.352059447071198,-7.730098462276496,-4.621960984794702,0.5806892614951356,0.4053445054404436,0.9860337669355792,0.17534475605469196
38.4801824092865,-12.244095736390719,-7.730953769821197,-4.513141966569521,0.5806892614951356,0.4053445054404436,0.9860337669355792,0.17534475605469196
38.50016784667969,-12.134325020254382,-7.7316380158569595,-4.402687004397422,0.5806892614951356,0.4053445054404436,0.9860337669355792,0.17534475605469196
38.520156145095825,-12.022624818580432,-7.732185412685569,-4.290439405894864,0.5806892614951356,0.4053445054404436,0.9860337669355792,0.17534475605469196
38.54031276702881,-11.90806371726263,-7.732623330148456,-4.175440387114174,0.5106892614951355,0.3353445054404436,0.8460337669355791,0.1753447560546919
38.560173749923706,-11.793314633008123,-7.732973664118765,-4.060340968889358,0.5106892614951355,0.3353445054404436,0.8460337669355791,0.1753447560546919
38.58017182350159,-11.675917973102669,-7.733253931295013,-3.9426640418076557,0.5106892614951355,0.3353445054404436,0.8460337669355791,0.1753447560546919
38.60017442703247,-11.556650687951098,-7.7334781450360115,-3.8231725429150867,0.5106892614951355,0.3353445054404436,0.8460337669355791,0.1753447560546919
38.62015914916992,-11.435667059258828,-7.73365751602881,-3.7020095432300177,0.5106892614951355,0.3353445054404436,0.8460337669355791,0.1753447560546919
38.640143156051636,-11.312884790581194,-7.716222887823048,-3.5966619027581457,0.5106892614951355,0.3353445054404436,0.8460337669355791,0.1753447560546919
38.660176515579224,-11.188009121792,-7.716222887823048,-3.4717862339689516,0.5106892614951355,0.3353445054404436,0.8460337669355791,0.1753447560546919
38.68017315864563,-11.061594564056184,-7.702275185258438,-3.3593193787977462,0.5106892614951355,0.3353445054404436,0.8460337669355791,0.1753447560546919
38.700164794921875,-10.933466144571664,-7.691117023206751,-3.2423491213649127,0.5106892614951355,0.3353445054404436,0.8460337669355791,0.1753447560546919
38.72030425071716,-10.802646128204461,-7.6821904935654,-3.120455634639061,0.5106892614951355,0.3353445054404436,0.8460337669355791,0.1753447560546919
38.74027872085571,-10.671189215800304,-7.67504926985232,-2.9961399459479843,0.5806892614951356,0.4053445054404436,0.9860337669355792,0.17534475605469196
38.76016426086426,-10.538647946691459,-7.669336290881857,-2.869311655809602,0.5806892614951356,0.4053445054404436,0.9860337669355792,0.17534475605469196
38.78023934364319,-10.403174624758648,-7.664765907705485,-2.7384087170531632,0.5806892614951356,0.4053445054404436,0.9860337669355792,0.17534475605469196
38.800177812576294,-10.266984887111878,-7.661109601164388,-2.60587528594749,0.5806892614951356,0.4053445054404436,0.9860337669355792,0.17534475605469196
38.82015323638916,-10.128926944449026,-7.658184555931512,-2.4707423885175137,0.5806892614951356,0.4053445054404436,0.9860337669355792,0.17534475605469196
38.84014892578125,-9.989130970440796,-7.655844519745209,-2.333286450695587,0.5806892614951356,0.4053445054404436,0.9860337669355792,0.17534475605469196
38.86017465591431,-9.847544708915628,-7.653972490796168,-2.19357221811946,0.5806892614951356,0.4053445054404436,0.9860337669355792,0.17534475605469196
38.88017559051514,-9.704577597130015,-7.653972490796168,-2.0506051063338475,0.5806892614951356,0.4053445054404436,0.9860337669355792,0.17534475605469196
38.90034484863281,-9.558855359923616,-7.652474867636934,-1.906380492286682,0.5806892614951356,0.4053445054404436,0.9860337669355792,0.17534475605469196
38.92039155960083,-9.412497326516544,-7.651276769109548,-1.761220557406996,0.5806892614951356,0.4053445054404436,0.9860337669355792,0.17534475605469196
38.94021248817444,-9.266319450193311,-7.650318290287638,-1.6160011599056734,0.6186120387306435,0.3353445054404436,0.9539565441710871,0.28326753329019994
38.96015739440918,-9.11777660962922,-7.649551507230109,-1.46822510239911,0.6186120387306435,0.3353445054404436,0.9539565441710871,0.28326753329019994
38.980178117752075,-8.967229082959754,-7.666516205784088,-1.3007128771756662,0.6186120387306435,0.3353445054404436,0.9539565441710871,0.28326753329019994
39.00017189979553,-8.815468030449713,-7.680087964627271,-1.1353800658224422,0.6186120387306435,0.3353445054404436,0.9539565441710871,0.28326753329019994
39.02018976211548,-8.662130494922314,-7.690945371701817,-0.9711851232204971,0.6186120387306435,0.3353445054404436,0.9539565441710871,0.28326753329019994
39.040175676345825,-8.507670653455403,-7.699631297361454,-0.808039356093949,0.6186120387306435,0.3353445054404436,0.9539565441710871,0.28326753329019994
39.06017351150513,-8.351775918056852,-7.7065800378891645,-0.6451958801676874,0.6186120387306435,0.3353445054404436,0.9539565441710871,0.28326753329019994
39.08016920089722,-8.194579564742602,-7.7065800378891645,-0.4879995268534376,0.6186120387306435,0.3353445054404436,0.9539565441710871,0.28326753329019994
39.10016226768494,-8.036110621060072,-7.712139030311332,-0.32397159074873993,0.6186120387306435,0.3353445054404436,0.9539565441710871,0.28326753329019994
39.12035632133484,-7.874761400253502,-7.716586224249066,-0.15817517600443587,0.6186120387306435,0.3353445054404436,0.9539565441710871,0.28326753329019994
39.140193462371826,-7.715029387150772,-7.7201439793992535,0.005114592248481209,0.6184713726420885,0.4053445054404436,1.0238158780825322,0.21312686720164492
39.160263538360596,-7.552202116176226,-7.7229901835194035,0.1707880673431772,0.6184713726420885,0.4053445054404436,1.0238158780825322,0.21312686720164492
39.18022060394287,-7.38910081561299,-7.725267146815523,0.33616633120253336,0.6184713726420885,0.4053445054404436,1.0238158780825322,0.21312686720164492
39.200186252593994,-7.224766802639517,-7.727088717452419,0.5023219148129021,0.6184713726420885,0.4053445054404436,1.0238158780825322,0.21312686720164492
39.22015404701233,-7.059277987051067,-7.728545973961936,0.6692679869108691,0.6184713726420885,0.4053445054404436,1.0238158780825322,0.21312686720164492
39.2402069568634,-6.89196552093105,-7.729711779169551,0.8377462582385009,0.6184713726420885,0.4053445054404436,1.0238158780825322,0.21312686720164492
39.26022386550903,-6.723862274251161,-7.730644423335641,1.0067821490844802,0.6184713726420885,0.4053445054404436,1.0238158780825322,0.21312686720164492
39.28016757965088,-6.555315941866371,-7.7313905386685144,1.1760745968021435,0.6184713726420885,0.4053445054404436,1.0238158780825322,0.21312686720164492
39.300150871276855,-6.385402745603255,-7.7313905386685144,1.3459877930652597,0.6184713726420885,0.4053445054404436,1.0238158780825322,0.21312686720164492
39.320154428482056,-6.214309068125868,-7.7319874309348124,1.5176783628089447,0.6184713726420885,0.4053445054404436,1.0238158780825322,0.21312686720164492
39.340171337127686,-6.042118556075646,-7.750043069747849,1.7079245136722028,0.6184713726420885,0.4053445054404436,1.0238158780825322,0.21312686720164492
39.36014795303345,-5.869321783370034,-7.76448758079828,1.8951657974282456,0.6184713726420885,0.4053445054404436,1.0238158780825322,0.21312686720164492
39.380141735076904,-5.6954506720976905,-7.776043189638625,2.0805925175409348,0.6184713726420885,0.4053445054404436,1.0238158780825322,0.21312686720164492
39.40017557144165,-5.520329735204163,-7.7852876767109,2.2649579415067373,0.6184713726420885,0.4053445054404436,1.0238158780825322,0.21312686720164492
39.420183181762695,-5.344565075480693,-7.792683266368719,2.4481181908880263,0.6184713726420885,0.4053445054404436,1.0238158780825322,0.21312686720164492
39.440359115600586,-5.1664664917000485,-7.7985997380949765,2.632133246394928,0.6184713726420885,0.4053445054404436,1.0238158780825322,0.21312686720164492
39.46038365364075,-4.988883310145381,-7.803332915475981,2.8144496053306005,0.6184713726420885,0.4053445054404436,1.0238158780825322,0.21312686720164492
39.48038625717163,-4.8107061999874015,-7.807119457380786,2.9964132573933844,0.6851469536800867,0.34778894914314135,1.0329359028232281,0.33735800453694537
39.50027632713318,-4.632777988483626,-7.81014869090463,3.177370702421004,0.6851469536800867,0.34778894914314135,1.0329359028232281,0.33735800453694537
39.520310163497925,-4.452832357924387,-7.81014869090463,3.3573163329802433,0.6851469536800867,0.34778894914314135,1.0329359028232281,0.33735800453694537
39.54031014442444,-4.272487056122827,-7.812572077723703,3.540085021600876,0.6851469536800867,0.34778894914314135,1.0329359028232281,0.33735800453694537
39.56032037734985,-4.0913741213314445,-7.814510787178963,3.7231366658475187,0.6851469536800867,0.34778894914314135,1.0329359028232281,0.33735800453694537
39.580267667770386,-3.9101871617848634,-7.816061754743171,3.905874592958308,0.6851469536800867,0.34778894914314135,1.0329359028232281,0.33735800453694537
39.600180864334106,-3.728697230537291,-7.799724403794538,4.071027173257247,0.6851469536800867,0.34778894914314135,1.0329359028232281,0.33735800453694537
39.6201491355896,-3.5461192435453928,-7.78665452303563,4.240535279490238,0.6851469536800867,0.34778894914314135,1.0329359028232281,0.33735800453694537
39.64015007019043,-3.3626830497009803,-7.776198618428505,4.413515568727524,0.6851469536800867,0.34778894914314135,1.0329359028232281,0.33735800453694537
39.660144329071045,-3.178777287785641,-7.767833894742806,4.589056606957165,0.6851469536800867,0.34778894914314135,1.0329359028232281,0.33735800453694537
39.68014430999756,-2.9943170046544525,-7.761142115794246,4.766825111139793,0.6851469536800867,0.34778894914314135,1.0329359028232281,0.33735800453694537
39.70014929771423,-2.809337532185154,-7.755788692635398,4.946451160450244,0.6851469536800867,0.34778894914314135,1.0329359028232281,0.33735800453694537
39.720160484313965,-2.6238566891515114,-7.751505954108319,5.127649264956808,0.6851469536800867,0.34778894914314135,1.0329359028232281,0.33735800453694537
39.740153312683105,-2.43813176659505,-7.751505954108319,5.313374187513269,0.6851469536800867,0.34778894914314135,1.0329359028232281,0.33735800453694537
39.760151863098145,-2.2519687930600996,-7.748079763286657,5.496110970226557,0.6851469536800867,0.34778894914314135,1.0329359028232281,0.33735800453694537
39.78015995025635,-2.065361233542725,-7.745338810629326,5.679977577086601,0.6851469536800867,0.34778894914314135,1.0329359028232281,0.33735800453694537
39.80015444755554,-1.8785543388053274,-7.743146048503461,5.864591709698134,0.6851469536800867,0.34778894914314135,1.0329359028232281,0.33735800453694537
39.8201630115509,-1.691319231801434,-7.7413918388027705,6.050072607001336,0.6851469536800867,0.34778894914314135,1.0329359028232281,0.33735800453694537
39.840158224105835,-1.503942017445922,-7.739988471042216,6.236046453596295,0.6851469536800867,0.34778894914314135,1.0329359028232281,0.33735800453694537
39.86029005050659,-1.3150448341750234,-7.738865776833774,6.42382094265875,0.6851469536800867,0.34778894914314135,1.0329359028232281,0.33735800453694537
39.88033699989319,-1.1267349322034481,-7.737967621467019,6.611232689263572,0.6851469536800867,0.34778894914314135,1.0329359028232281,0.33735800453694537
39.90034317970276,-0.9386297609046603,-7.737249097173616,6.798619336268956,0.6151469536800866,0.41778894914314135,1.032935902823228,0.1973580045369453
39.920231103897095,-0.7514894128811835,-7.736674277738893,6.985184864857709,0.6151469536800866,0.41778894914314135,1.032935902823228,0.1973580045369453
39.940208196640015,-0.5633919223149262,-7.736214422191115,7.172822499876189,0.6151469536800866,0.41778894914314135,1.032935902823228,0.1973580045369453
39.96034121513367,-0.3737365617483683,-7.736214422191115,7.362477860442747,0.6151469536800866,0.41778894914314135,1.032935902823228,0.1973580045369453
39.98030924797058,-0.18557623137694,-7.735846537752893,7.550270306375953,0.6151469536800866,0.41778894914314135,1.032935902823228,0.1973580045369453
40.000288009643555,0.002714426926256482,-7.735552230202315,7.738266657128571,0.6151469536800866,0.41778894914314135,1.032935902823228,0.1973580045369453
40.02030944824219,0.19140684536897012,-7.752894909161852,7.944301754530822,0.6151469536800866,0.41778894914314135,1.032935902823228,0.1973580045369453
40.040279388427734,0.3795837681401044,-7.766769052329483,8.146352820469588,0.6151469536800866,0.41778894914314135,1.032935902823228,0.1973580045369453
40.0601921081543,0.5671620261605325,-7.777868366863587,8.34503039302412,0.6151469536800866,0.41778894914314135,1.032935902823228,0.1973580045369453
40.08020639419556,0.7556075289227182,-7.786747818490871,8.542355347413588,0.6151469536800866,0.41778894914314135,1.032935902823228,0.1973580045369453
40.10023856163025,0.9441017360607227,-7.793851379792697,8.73795311585342,0.6151469536800866,0.41778894914314135,1.032935902823228,0.1973580045369453
40.12019944190979,1.1317764293552939,-7.799534228834157,8.931310658189451,0.6151469536800866,0.41778894914314135,1.032935902823228,0.1973580045369453
40.14017176628113,1.3193805405025314,-7.804080508067327,9.123461048569858,0.6151469536800866,0.41778894914314135,1.032935902823228,0.1973580045369453
40.160173654556274,1.507054105992132,-7.8077175314538625,9.314771637445995,0.6151469536800866,0.41778894914314135,1.032935902823228,0.1973580045369453
40.1801598072052,1.6943422896832872,-7.81062715016309,9.504969439846377,0.6151469536800866,0.41778894914314135,1.032935902823228,0.1973580045369453
40.20019173622131,1.88179131183351,-7.81062715016309,9.6924184619966,0.6151469536800866,0.41778894914314135,1.032935902823228,0.1973580045369453
40.22018122673035,2.068546076468782,-7.812954845130472,9.881500921599255,0.6151469536800866,0.41778894914314135,1.032935902823228,0.1973580045369453
40.24030780792236,2.2562518944429253,-7.8148170011043785,10.071068895547304,0.6151469536800866,0.41778894914314135,1.032935902823228,0.1973580045369453
40.2602276802063,2.441674718571672,-7.8163067258835035,10.257981444455176,0.5709875524719243,0.48778894914314136,1.0587765016150656,0.08319860332878298
40.280259132385254,2.6277504170249917,-7.817498505706803,10.445248922731794,0.5709875524719243,0.48778894914314136,1.0587765016150656,0.08319860332878298
40.30017066001892,2.8122996456424505,-7.818451929565444,10.630751575207894,0.5709875524719243,0.48778894914314136,1.0587765016150656,0.08319860332878298
40.32015109062195,2.9970450034629743,-7.819214668652355,10.81625967211533,0.5709875524719243,0.48778894914314136,1.0587765016150656,0.08319860332878298
40.340153217315674,3.1815178475521475,-7.819824859921885,11.001342707474032,0.5709875524719243,0.48778894914314136,1.0587765016150656,0.08319860332878298
40.36015605926514,3.3654947555038373,-7.820313012937508,11.185807768441345,0.5709875524719243,0.48778894914314136,1.0587765016150656,0.08319860332878298
40.38015794754028,3.548931328796944,-7.803125410350008,11.352056739146953,0.5709875524719243,0.48778894914314136,1.0587765016150656,0.08319860332878298
40.400153160095215,3.731746439883934,-7.8069534532800064,11.53869989316394,0.5709875524719243,0.48778894914314136,1.0587765016150656,0.08319860332878298
40.42015314102173,3.9140159309827482,-7.8069534532800064,11.720969384262755,0.5709875524719243,0.48778894914314136,1.0587765016150656,0.08319860332878298
40.44028878211975,4.096897323139429,-7.810015887624006,11.906913210763435,0.5709875524719243,0.48778894914314136,1.0587765016150656,0.08319860332878298
40.46019124984741,4.277016629574686,-7.794887710099205,12.071904339673893,0.58638074535178,0.5577889491431414,1.1441696944949213,0.02859179620863861
40.48025727272034,4.457938962030773,-7.782785168079366,12.240724130110138,0.58638074535178,0.5577889491431414,1.1441696944949213,0.02859179620863861
40.50028133392334,4.637776578828458,-7.755525009463493,12.393301588291951,0.58638074535178,0.5577889491431414,1.1441696944949213,0.02859179620863861
40.52021908760071,4.816109719309692,-7.6809825075707945,12.497092226880486,0.58638074535178,0.5577889491431414,1.1441696944949213,0.02859179620863861
40.54016470909119,4.993756989272158,-7.603770381056637,12.597527370328795,0.58638074535178,0.5577889491431414,1.1441696944949213,0.02859179620863861
40.560160398483276,5.171062924193502,-7.5068444298453105,12.677907354038812,0.58638074535178,0.5577889491431414,1.1441696944949213,0.02859179620863861
40.58015775680542,5.34756733606627,-7.376569293876249,12.724136629942517,0.58638074535178,0.5577889491431414,1.1441696944949213,0.02859179620863861
40.60015892982483,5.523260954768251,-7.219614810101,12.74287576486925,0.58638074535178,0.5577889491431414,1.1441696944949213,0.02859179620863861
40.62017345428467,5.6981986857181,-7.219614810101,12.9178134958191,0.58638074535178,0.5577889491431414,1.1441696944949213,0.02859179620863861
40.640164375305176,5.872030595116622,-7.0588949730808,12.930925568197424,0.58638074535178,0.5577889491431414,1.1441696944949213,0.02859179620863861
40.66028881072998,6.046087701608522,-6.91274097846464,12.958828680073163,0.58638074535178,0.5577889491431414,1.1441696944949213,0.02859179620863861
40.680201292037964,6.2173602570366855,-6.760661532771713,12.978021789808398,0.65638074535178,0.6277889491431414,1.2841696944949215,0.02859179620863861
40.70017766952515,6.38820446279927,-6.62141985121737,13.00962431401664,0.65638074535178,0.6277889491431414,1.2841696944949215,0.02859179620863861
40.72016167640686,6.558106947487109,-6.510026505973896,13.068133453461005,0.65638074535178,0.6277889491431414,1.2841696944949215,0.02859179620863861
40.74016094207764,6.727104024376804,-6.420911829779117,13.148015854155922,0.65638074535178,0.6277889491431414,1.2841696944949215,0.02859179620863861
40.76016569137573,6.895084789771567,-6.367198213823294,13.262283003594861,0.65638074535178,0.6277889491431414,1.2841696944949215,0.02859179620863861
40.780163049697876,7.061914768705175,-6.306649196058635,13.36856396476381,0.65638074535178,0.6277889491431414,1.2841696944949215,0.02859179620863861
40.80018663406372,7.227846471801128,-6.275788106846909,13.503634578648036,0.65638074535178,0.6277889491431414,1.2841696944949215,0.02859179620863861
40.82017922401428,7.392379944237584,-6.251099235477527,13.643479179715111,0.65638074535178,0.6277889491431414,1.2841696944949215,0.02859179620863861
40.84016680717468,7.555706174829538,-6.251099235477527,13.806805410307065,0.65638074535178,0.6277889491431414,1.2841696944949215,0.02859179620863861
40.86022472381592,7.718409147298992,-6.231348138382022,13.949757285681013,0.6350132513348943,0.6977889491431415,1.3328022004780358,-0.06277569780824721
40.88017916679382,7.879056394951822,-6.215547260705618,14.09460365565744,0.6350132513348943,0.6977889491431415,1.3328022004780358,-0.06277569780824721
40.900163650512695,8.0387041480407,-6.202906558564494,14.241610706605194,0.6350132513348943,0.6977889491431415,1.3328022004780358,-0.06277569780824721
40.92017483711243,8.197295231069749,-6.192793996851596,14.390089227921344,0.6350132513348943,0.6977889491431415,1.3328022004780358,-0.06277569780824721
40.940186738967896,8.35459601643512,-6.184703947481276,14.539299963916397,0.6350132513348943,0.6977889491431415,1.3328022004780358,-0.06277569780824721
40.96018385887146,8.510461221320542,-6.178231907985022,14.688693129305562,0.6350132513348943,0.6977889491431415,1.3328022004780358,-0.06277569780824721
40.98017907142639,8.664968239130776,-6.173054276388018,14.838022515518794,0.6350132513348943,0.6977889491431415,1.3328022004780358,-0.06277569780824721
41.000205755233765,8.81834755435006,-6.1513340461104145,14.969681600460476,0.6350132513348943,0.6977889491431415,1.3328022004780358,-0.06277569780824721
41.02017140388489,8.969869580070304,-6.133957861888332,15.103827441958636,0.6350132513348943,0.6977889491431415,1.3328022004780358,-0.06277569780824721
41.04016995429993,9.120226212588065,-6.120056914510666,15.240283127098731,0.6350132513348943,0.6977889491431415,1.3328022004780358,-0.06277569780824721
41.0601921081543,9.269317764349914,-6.120056914510666,15.38937467886058,0.7,0.6558664096705615,1.3558664096705615,0.04413359032943842
41.080198764801025,9.41682865034972,-6.108936156608533,15.525764806958254,0.7,0.6558664096705615,1.3558664096705615,0.04413359032943842
41.100202560424805,9.562830745623822,-6.100039550286827,15.66287029591065,0.7,0.6558664096705615,1.3558664096705615,0.04413359032943842
41.12026929855347,9.707774423971758,-6.092922265229462,15.80069668920122,0.7,0.6558664096705615,1.3558664096705615,0.04413359032943842
41.14030170440674,9.850930870892244,-6.087228437183569,15.938159308075813,0.7,0.6558664096705615,1.3558664096705615,0.04413359032943842
41.160236120224,9.991837904580107,-6.0826733747468555,16.074511279326963,0.7,0.6558664096705615,1.3558664096705615,0.04413359032943842
41.180169105529785,10.13116749981474,-6.079029324797483,16.210196824612225,0.7,0.6558664096705615,1.3558664096705615,0.04413359032943842
41.200143337249756,10.269191326861602,-6.076114084837987,16.345305411699588,0.7,0.6558664096705615,1.3558664096705615,0.04413359032943842
41.22013974189758,10.405748220257882,-6.0737818928703895,16.47953011312827,0.7,0.6558664096705615,1.3558664096705615,0.04413359032943842
41.240174770355225,10.54092150492987,-6.071916139296311,16.612837644226182,0.7,0.6558664096705615,1.3558664096705615,0.04413359032943842
41.260162353515625,10.674110259531082,-6.088001661437049,16.76211192096813,0.7,0.6558664096705615,1.3558664096705615,0.04413359032943842
41.280157804489136,10.805666971534263,-6.088001661437049,16.893668632971313,0.7,0.6558664096705615,1.3558664096705615,0.04413359032943842
41.3001606464386,10.935565798964376,-6.083291954149639,17.018857753114016,0.7,0.6558664096705615,1.3558664096705615,0.04413359032943842
41.320162296295166,11.063729696336129,-6.097102313319712,17.16083200965584,0.7,0.6558664096705615,1.3558664096705615,0.04413359032943842
41.34014558792114,11.190030991962226,-6.090572475655769,17.280603467617993,0.7,0.6558664096705615,1.3558664096705615,0.04413359032943842
41.360158920288086,11.314754081185125,-6.102926730524616,17.41768081170974,0.7,0.6558664096705615,1.3558664096705615,0.04413359032943842
41.3801486492157,11.437544131534919,-6.112810134419693,17.55035426595461,0.7,0.6558664096705615,1.3558664096705615,0.04413359032943842
41.400144815444946,11.55856858409976,-6.120716857535755,17.679285441635514,0.7,0.6558664096705615,1.3558664096705615,0.04413359032943842
41.42014837265015,11.677812223358002,-6.127042236028603,17.804854459386604,0.7,0.6558664096705615,1.3558664096705615,0.04413359032943842
41.44015145301819,11.795208368295935,-6.132102538822883,17.927310907118816,0.7,0.6558664096705615,1.3558664096705615,0.04413359032943842
41.46014189720154,11.910668947732526,-6.136150781058307,18.046819728790833,0.7,0.6558664096705615,1.3558664096705615,0.04413359032943842
41.48026895523071,12.025020196834273,-6.139389374846646,18.16440957168092,0.7,0.6558664096705615,1.3558664096705615,0.04413359032943842
41.50030064582825,12.136920200470355,-6.139389374846646,18.276309575317,0.6754287973046302,0.7,1.3754287973046302,-0.02457120269536972
41.52019810676575,12.246167058980365,-6.141980249877316,18.388147308857683,0.6754287973046302,0.7,1.3754287973046302,-0.02457120269536972
41.540276527404785,12.354467199624162,-6.1440529499018535,18.498520149526016,0.6754287973046302,0.7,1.3754287973046302,-0.02457120269536972
41.560152769088745,12.459740228261293,-6.145711109921483,18.605451338182775,0.6754287973046302,0.7,1.3754287973046302,-0.02457120269536972
41.58014273643494,12.563655592133184,-6.147037637937187,18.71069323007037,0.6754287973046302,0.7,1.3754287973046302,-0.02457120269536972
41.60014533996582,12.665652803607177,-6.14809886034975,18.81375166395693,0.6754287973046302,0.7,1.3754287973046302,-0.02457120269536972
41.620163440704346,12.765726134592171,-6.1489478382798,18.91467397287197,0.6754287973046302,0.7,1.3754287973046302,-0.02457120269536972
41.64014673233032,12.863611216768621,-6.14962702062384,19.01323823739246,0.6754287973046302,0.7,1.3754287973046302,-0.02457120269536972
41.66014003753662,12.959515901056612,-6.150170366499072,19.109686267555684,0.6754287973046302,0.7,1.3754287973046302,-0.02457120269536972
41.68027091026306,13.054014196424971,-6.150605043199258,19.20461923962423,0.6063044860959053,0.7,1.3063044860959052,-0.0936955139040947
41.70016527175903,13.145350533217853,-6.150952784559406,19.29630331777726,0.6063044860959053,0.7,1.3063044860959052,-0.0936955139040947
41.7201464176178,13.235017890075516,-6.151230977647525,19.38624886772304,0.6063044860959053,0.7,1.3063044860959052,-0.0936955139040947
41.74016332626343,13.322754099661264,-6.151230977647525,19.47398507730879,0.6063044860959053,0.7,1.3063044860959052,-0.0936955139040947
41.76019549369812,13.408447400335527,-6.15145353211802,19.559900932453548,0.6063044860959053,0.7,1.3063044860959052,-0.0936955139040947
41.78030276298523,13.49232582781607,-6.151631575694416,19.643957403510484,0.6063044860959053,0.7,1.3063044860959052,-0.0936955139040947
41.800206661224365,13.573234978286536,-6.151774010555533,19.72500898884207,0.6063044860959053,0.7,1.3063044860959052,-0.0936955139040947
41.82024645805359,13.652551913340746,-6.151887958444426,19.80443987178517,0.6063044860959053,0.7,1.3063044860959052,-0.0936955139040947
41.84023451805115,13.72950797653068,-6.151979116755541,19.88148709328622,0.6063044860959053,0.7,1.3063044860959052,-0.0936955139040947
41.86018967628479,13.804177254283413,-6.152052043404433,19.956229297687848,0.6063044860959053,0.7,1.3063044860959052,-0.0936955139040947
41.880176305770874,13.876789074554166,-6.134532259723548,20.011321334277714,0.6063044860959053,0.7,1.3063044860959052,-0.0936955139040947
41.90016007423401,13.947202594083368,-6.032625807778839,19.979828401862207,0.6063044860959053,0.7,1.3063044860959052,-0.0936955139040947
41.92016649246216,14.015493325462295,-5.915944396223071,19.931437721685366,0.6063044860959053,0.7,1.3063044860959052,-0.0936955139040947
41.94016075134277,14.081529942765819,-5.840177391978457,19.921707334744276,0.6063044860959053,0.7,1.3063044860959052,-0.0936955139040947
41.96014642715454,14.145317283949634,-5.840177391978457,19.98549467592809,0.6063044860959053,0.7,1.3063044860959052,-0.0936955139040947
41.980162620544434,14.206966399003583,-5.761985663582766,19.96895206258635,0.6063044860959053,0.7,1.3063044860959052,-0.0936955139040947
42.000173807144165,14.266353858163594,-5.717010405866213,19.983364264029806,0.6063044860959053,0.7,1.3063044860959052,-0.0936955139040947
42.0201849937439,14.323485973854448,-5.681030199692971,20.00451617354742,0.6763044860959053,0.6299999999999999,1.3063044860959052,0.04630448609590543
42.04023599624634,14.378460620521128,-5.652246034754377,20.030706655275505,0.6763044860959053,0.6299999999999999,1.3063044860959052,0.04630448609590543
42.06023621559143,14.431022582150371,-5.629218702803502,20.060241284953875,0.6763044860959053,0.6299999999999999,1.3063044860959052,0.04630448609590543
42.08026456832886,14.481374790130097,-5.610796837242802,20.0921716273729,0.6763044860959053,0.6299999999999999,1.3063044860959052,0.04630448609590543
42.100263595581055,14.529365045363527,-5.5960593447942415,20.125424390157768,0.6763044860959053,0.6299999999999999,1.3063044860959052,0.04630448609590543
42.12016844749451,14.574851373222007,-5.584269350835393,20.1591207240574,0.6763044860959053,0.6299999999999999,1.3063044860959052,0.04630448609590543
42.14014458656311,14.618208644402628,-5.574837355668315,20.193046000070943,0.6763044860959053,0.6299999999999999,1.3063044860959052,0.04630448609590543
42.160141468048096,14.659304465740169,-5.574837355668315,20.234141821408485,0.6763044860959053,0.6299999999999999,1.3063044860959052,0.04630448609590543
42.18014192581177,14.698092863240879,-5.567291759534652,20.26538462277553,0.6763044860959053,0.6299999999999999,1.3063044860959052,0.04630448609590543
42.200140714645386,14.734557209244192,-5.561255282627722,20.295812491871914,0.6763044860959053,0.6299999999999999,1.3063044860959052,0.04630448609590543
42.22014331817627,14.768701369054522,-5.556426101102177,20.3251274701567,0.6763044860959053,0.6299999999999999,1.3063044860959052,0.04630448609590543
42.24014115333557,14.80050546744849,-5.552562755881742,20.353068223330233,0.6763044860959053,0.6299999999999999,1.3063044860959052,0.04630448609590543
42.26013779640198,14.829971213532275,-5.549472079705394,20.37944329323767,0.6763044860959053,0.6299999999999999,1.3063044860959052,0.04630448609590543
42.28014039993286,14.857103657016191,-5.546999538764315,20.404103195780507,0.6763044860959053,0.6299999999999999,1.3063044860959052,0.04630448609590543
42.30014681816101,14.881893883572515,-5.545021506011452,20.426915389583968,0.6763044860959053,0.6299999999999999,1.3063044860959052,0.04630448609590543
42.320141077041626,14.904319655329845,-5.543439079809161,20.447758735139004,0.6763044860959053,0.6299999999999999,1.3063044860959052,0.04630448609590543
42.34014844894409,14.924405605707838,-5.542173138847329,20.466578744555168,0.6763044860959053,0.6299999999999999,1.3063044860959052,0.04630448609590543
42.36014699935913,14.942125785652134,-5.5411603860778635,20.483286171729997,0.6763044860959053,0.6299999999999999,1.3063044860959052,0.04630448609590543
42.38014578819275,14.95748694179542,-5.5411603860778635,20.498647327873282,0.6763044860959053,0.6299999999999999,1.3063044860959052,0.04630448609590543
42.40019416809082,14.970515721109747,-5.540350183862292,20.51086590497204,0.6763044860959053,0.6299999999999999,1.3063044860959052,0.04630448609590543
42.4201819896698,14.981140430817815,-5.539702022089833,20.520842452907647,0.7,0.5958312574028968,1.2958312574028967,0.10416874259710318
42.4401798248291,14.989405871594851,-5.539183492671866,20.52858936426672,0.7,0.5958312574028968,1.2958312574028967,0.10416874259710318
42.46016812324524,14.995302574831083,-5.538768669137493,20.534071243968576,0.7,0.5958312574028968,1.2958312574028967,0.10416874259710318
42.480141162872314,14.99883232228098,-5.538436810309995,20.537269132590975,0.7,0.5958312574028968,1.2958312574028967,0.10416874259710318
42.50013470649719,14.99999994627232,-5.538171323247996,20.538171269520316,0.7,0.5958312574028968,1.2958312574028967,0.10416874259710318
42.52013397216797,14.998799743307972,-5.5379589335983965,20.536758676906366,0.7,0.5958312574028968,1.2958312574028967,0.10416874259710318
42.54013514518738,14.99523077664953,-5.520210896878718,20.515441673528247,0.7,0.5958312574028968,1.2958312574028967,0.10416874259710318
42.560131549835205,14.989295309062854,-5.506012467502973,20.495307776565827,0.7,0.5958312574028968,1.2958312574028967,0.10416874259710318
42.58014917373657,14.980983643324338,-5.494653724002379,20.47563736732672,0.7,0.5958312574028968,1.2958312574028967,0.10416874259710318
42.60015511512756,14.970309060253737,-5.494653724002379,20.464962784256116,0.7,0.5958312574028968,1.2958312574028967,0.10416874259710318
42.62014651298523,14.957279425334747,-5.485566729201904,20.44284615453665,0.7,0.5958312574028968,1.2958312574028967,0.10416874259710318
42.64015316963196,14.941877246862555,-5.495875258361524,20.43775250522408,0.7,0.5958312574028968,1.2958312574028967,0.10416874259710318
42.66015338897705,14.92412009678666,-5.504122081689219,20.42824217847588,0.7,0.5958312574028968,1.2958312574028967,0.10416874259710318
42.680147886276245,14.904012294757807,-5.510719540351375,20.414731835109183,0.7,0.5958312574028968,1.2958312574028967,0.10416874259710318
42.7001473903656,14.881546352817102,-5.4984193822811,20.379965735098203,0.7,0.5958312574028968,1.2958312574028967,0.10416874259710318
42.72014880180359,14.85672808011066,-5.50615738082488,20.36288546093554,0.7,0.5958312574028968,1.2958312574028967,0.10416874259710318
42.74014639854431,14.82956883100193,-5.512347779659905,20.341916610661833,0.7,0.5958312574028968,1.2958312574028967,0.10416874259710318
42.7601478099823,14.800062533316499,-5.517300098727924,20.31736263204442,0.7,0.5958312574028968,1.2958312574028967,0.10416874259710318
42.78014802932739,14.768220771768569,-5.521261953982339,20.289482725750908,0.7,0.5958312574028968,1.2958312574028967,0.10416874259710318
42.800291776657104,14.733793227790274,-5.5244314381858715,20.258224665976144,0.7,0.5958312574028968,1.2958312574028967,0.10416874259710318
42.82022786140442,14.697396749331562,-5.5244314381858715,20.22182818751743,0.7,0.6508324566483497,1.3508324566483496,0.0491675433516503
42.84020519256592,14.658611732336079,-5.509388900548697,20.168000632884777,0.7,0.6508324566483497,1.3508324566483496,0.0491675433516503
42.86015248298645,14.617580721096687,-5.514932995438959,20.132513716535644,0.7,0.6508324566483497,1.3508324566483496,0.0491675433516503
42.88016653060913,14.574104725447409,-5.5193682713511665,20.093472996798575,0.7,0.6508324566483497,1.3508324566483496,0.0491675433516503
42.900144815444946,14.528407931545075,-5.522916492080934,20.05132442362601,0.7,0.6508324566483497,1.3508324566483496,0.0491675433516503
42.92015719413757,14.480338070001622,-5.525755068664747,20.00609313866637,0.7,0.6508324566483497,1.3508324566483496,0.0491675433516503
42.94014859199524,14.430032756299612,-5.528025929931798,19.95805868623141,0.7,0.6508324566483497,1.3508324566483496,0.0491675433516503
42.96014332771301,14.377441763855655,-5.529842618945438,19.907284382801095,0.7,0.6508324566483497,1.3508324566483496,0.0491675433516503
42.980140924453735,14.322573589863465,-5.531295970156352,19.853869560019817,0.7,0.6508324566483497,1.3508324566483496,0.0491675433516503
43.00033497810364,14.264871832678473,-5.532458651125081,19.797330483803556,0.6546469785273075,0.7,1.3546469785273074,-0.04535302147269249
43.02024006843567,14.205748248959024,-5.5333887959000645,19.73913704485909,0.6546469785273075,0.7,1.3546469785273074,-0.04535302147269249
43.040218353271484,14.144172985582149,-5.5333887959000645,19.67756178148221,0.6546469785273075,0.7,1.3546469785273074,-0.04535302147269249
43.06015968322754,14.080489113586447,-5.534132911720053,19.6146220253065,0.6546469785273075,0.7,1.3546469785273074,-0.04535302147269249
43.080166816711426,14.014373705380626,-5.534728204376043,19.54910190975667,0.6546469785273075,0.7,1.3546469785273074,-0.04535302147269249
43.10018706321716,13.945998177624563,-5.535204438500834,19.481202616125397,0.6546469785273075,0.7,1.3546469785273074,-0.04535302147269249
43.12018895149231,13.875481684292769,-5.553163550800668,19.428645235093438,0.6546469785273075,0.7,1.3546469785273074,-0.04535302147269249
43.14017844200134,13.802819420796409,-5.567530840640535,19.370350261436943,0.6546469785273075,0.7,1.3546469785273074,-0.04535302147269249
43.160165548324585,13.727988877781407,-5.5790246725124275,19.307013550293835,0.6546469785273075,0.7,1.3546469785273074,-0.04535302147269249
43.18025231361389,13.650604003684125,-5.5882197380099425,19.238823741694066,0.6546469785273075,0.7,1.3546469785273074,-0.04535302147269249
43.20021152496338,13.57155684382564,-5.595575790407954,19.167132634233596,0.6900721982121467,0.7,1.3900721982121467,-0.009927801787853241
43.220152378082275,13.490450956775955,-5.601460632326364,19.09191158910232,0.6900721982121467,0.7,1.3900721982121467,-0.009927801787853241
43.240151166915894,13.406982483670154,-5.606168505861091,19.013150989531244,0.6900721982121467,0.7,1.3900721982121467,-0.009927801787853241
43.26015090942383,13.32139301748275,-5.609934804688874,18.931327822171625,0.6900721982121467,0.7,1.3900721982121467,-0.009927801787853241
43.28014922142029,13.233706350346543,-5.609934804688874,18.843641155035417,0.6900721982121467,0.7,1.3900721982121467,-0.009927801787853241
43.300145626068115,13.14393894191692,-5.6129478437510985,18.75688678566802,0.6900721982121467,0.7,1.3900721982121467,-0.009927801787853241
43.320146799087524,13.052074552195643,-5.6153582750008795,18.66743282719652,0.6900721982121467,0.7,1.3900721982121467,-0.009927801787853241
43.34015083312988,12.958135264688666,-5.617286620000703,18.57542188468937,0.6900721982121467,0.7,1.3900721982121467,-0.009927801787853241
43.36015510559082,12.862147755718812,-5.6188292960005635,18.480977051719375,0.6900721982121467,0.7,1.3900721982121467,-0.009927801787853241
43.38015580177307,12.764146000845471,-5.620063436800451,18.38420943764592,0.6857739610597491,0.7,1.385773961059749,-0.014226038940250874
43.40021753311157,12.663820211455558,-5.621050749440361,18.28487096089592,0.6857739610597491,0.7,1.385773961059749,-0.014226038940250874
43.42023849487305,12.561692295559798,-5.621840599552289,18.183532895112087,0.6857739610597491,0.7,1.385773961059749,-0.014226038940250874
43.440287590026855,12.457428888694166,-5.622472479641832,18.079901368335996,0.6857739610597491,0.7,1.385773961059749,-0.014226038940250874
43.46032500267029,12.351251117839633,-5.622977983713466,17.9742291015531,0.6857739610597491,0.7,1.385773961059749,-0.014226038940250874
43.48026990890503,12.24361933704207,-5.622977983713466,17.866597320755535,0.6857739610597491,0.7,1.385773961059749,-0.014226038940250874
43.50028920173645,12.133652611271529,-5.623382386970773,17.757034998242304,0.6857739610597491,0.7,1.385773961059749,-0.014226038940250874
43.52031397819519,12.021735233761609,-5.623705909576619,17.64544114333823,0.6857739610597491,0.7,1.385773961059749,-0.014226038940250874
43.54023742675781,11.908495484930354,-5.623964727661295,17.532460212591648,0.6857739610597491,0.7,1.385773961059749,-0.014226038940250874
43.5601749420166,11.793307690257377,-5.624171782129036,17.41747947238641,0.6857739610597491,0.7,1.385773961059749,-0.014226038940250874
43.580158710479736,11.675995557785257,-5.624337425703229,17.300332983488484,0.6857739610597491,0.7,1.385773961059749,-0.014226038940250874
43.60014796257019,11.55680969477781,-5.624469940562583,17.181279635340392,0.6857739610597491,0.7,1.385773961059749,-0.014226038940250874
43.62014818191528,11.435733949121067,-5.624575952450067,17.060309901571134,0.6857739610597491,0.7,1.385773961059749,-0.014226038940250874
43.640170097351074,11.31271805426004,-5.624660761960054,16.937378816220093,0.6857739610597491,0.7,1.385773961059749,-0.014226038940250874
43.66017699241638,11.188006128306203,-5.624728609568043,16.812734737874244,0.6857739610597491,0.7,1.385773961059749,-0.014226038940250874
43.680160999298096,11.06167196549465,-5.624782887654435,16.686454853149087,0.6857739610597491,0.7,1.385773961059749,-0.014226038940250874
43.70014047622681,10.933623057628225,-5.624782887654435,16.558405945282658,0.6857739610597491,0.7,1.385773961059749,-0.014226038940250874
43.72013592720032,10.803746705983672,-5.624826310123549,16.428573016107222,0.6857739610597491,0.7,1.385773961059749,-0.014226038940250874
43.74015212059021,10.672027718169419,-5.624861048098839,16.296888766268257,0.6857739610597491,0.7,1.385773961059749,-0.014226038940250874
43.760154724121094,10.538711907046945,-5.624888838479071,16.16360074552602,0.6857739610597491,0.7,1.385773961059749,-0.014226038940250874
43.780158042907715,10.403726621690076,-5.6249110707832575,16.028637692473332,0.6857739610597491,0.7,1.385773961059749,-0.014226038940250874
43.800281047821045,10.266275527040111,-5.624928856626606,15.891204383666718,0.6857739610597491,0.7,1.385773961059749,-0.014226038940250874
43.820287466049194,10.127993809580932,-5.624943085301285,15.752936894882218,0.6857739610597491,0.7,1.385773961059749,-0.014226038940250874
43.84022235870361,9.988614659026565,-5.624954468241028,15.613569127267592,0.615773961059749,0.7,1.315773961059749,-0.08422603894025094
43.860239028930664,9.847087051790647,-5.624963574592822,15.472050626383469,0.615773961059749,0.7,1.315773961059749,-0.08422603894025094
43.880178451538086,9.704557036303838,-5.624970859674258,15.329527895978096,0.615773961059749,0.7,1.315773961059749,-0.08422603894025094
43.90015172958374,9.560257955255421,-5.624976687739407,15.185234642994828,0.615773961059749,0.7,1.315773961059749,-0.08422603894025094
43.920161485672,9.414185577272573,-5.624976687739407,15.03916226501198,0.615773961059749,0.7,1.315773961059749,-0.08422603894025094
43.94015407562256,9.266752361061394,-5.624981350191526,14.89173371125292,0.615773961059749,0.7,1.315773961059749,-0.08422603894025094
43.960155963897705,9.117787315215496,-5.624985080153221,14.742772395368718,0.615773961059749,0.7,1.315773961059749,-0.08422603894025094
43.98015999794006,8.967365981571138,-5.624988064122578,14.592354045693716,0.615773961059749,0.7,1.315773961059749,-0.08422603894025094
44.00016736984253,8.815502573134996,-5.624990451298062,14.440493024433058,0.615773961059749,0.7,1.315773961059749,-0.08422603894025094
44.02028155326843,8.66142419668812,-5.6249923610384505,14.286416557726572,0.640147931985557,0.6315269216895103,1.2716748536750673,0.008621010296046672
44.0402672290802,8.506959988564894,-5.624993888830761,14.131953877395656,0.640147931985557,0.6315269216895103,1.2716748536750673,0.008621010296046672
44.06025266647339,8.351156222948394,-5.607416986064609,13.958573209013004,0.640147931985557,0.6315269216895103,1.2716748536750673,0.008621010296046672
44.08021688461304,8.19420314279669,-5.610933588851688,13.805136731648378,0.640147931985557,0.6315269216895103,1.2716748536750673,0.008621010296046672
44.1001672744751,8.0360707763931,-5.596168746081351,13.63223952247445,0.640147931985557,0.6315269216895103,1.2716748536750673,0.008621010296046672
44.120158672332764,7.876346789293598,-5.584356871865081,13.460703661158679,0.640147931985557,0.6315269216895103,1.2716748536750673,0.008621010296046672
44.140148878097534,7.71538974042759,-5.584356871865081,13.299746612292672,0.640147931985557,0.6315269216895103,1.2716748536750673,0.008621010296046672
44.16014862060547,7.553137880069121,-5.574907372492064,13.128045252561186,0.640147931985557,0.6315269216895103,1.2716748536750673,0.008621010296046672
44.18016767501831,7.389534930981503,-5.567347772993652,12.956882703975154,0.640147931985557,0.6315269216895103,1.2716748536750673,0.008621010296046672
44.20016956329346,7.224904647973585,-5.561300093394921,12.786204741368506,0.640147931985557,0.6315269216895103,1.2716748536750673,0.008621010296046672
44.22015380859375,7.059279969698955,-5.5564619497159375,12.615741919414893,0.640147931985557,0.6315269216895103,1.2716748536750673,0.008621010296046672
44.24033212661743,6.890917697098507,-5.55259143477275,12.443509131871256,0.640147931985557,0.6315269216895103,1.2716748536750673,0.008621010296046672
44.26018023490906,6.724229853040734,-5.549495022818201,12.273724875858935,0.640147931985557,0.6315269216895103,1.2716748536750673,0.008621010296046672
44.28017330169678,6.555267435305491,-5.547017893254561,12.102285328560052,0.616663962714374,0.7,1.316663962714374,-0.083336037285626
44.30019521713257,6.385024553932026,-5.545036189603649,11.930060743535675,0.616663962714374,0.7,1.316663962714374,-0.083336037285626
44.320159912109375,6.2142620299418425,-5.54345082668292,11.757712856624764,0.616663962714374,0.7,1.316663962714374,-0.083336037285626
44.34015464782715,6.042262523550867,-5.542182536346336,11.584445059897202,0.616663962714374,0.7,1.316663962714374,-0.083336037285626
44.36015295982361,5.869278357829218,-5.542182536346336,11.411460894175555,0.616663962714374,0.7,1.316663962714374,-0.083336037285626
44.38015294075012,5.695352970072802,-5.541167904077069,11.236520874149871,0.616663962714374,0.7,1.316663962714374,-0.083336037285626
44.400150537490845,5.520549115033423,-5.540356198261655,11.060905313295077,0.616663962714374,0.7,1.316663962714374,-0.083336037285626
44.42016530036926,5.344722542795707,-5.5397068336093245,10.88442937640503,0.616663962714374,0.7,1.316663962714374,-0.083336037285626
44.44032287597656,5.1667871418469415,-5.53918734188746,10.705974483734401,0.616663962714374,0.7,1.316663962714374,-0.083336037285626
44.460333824157715,4.989326203720566,-5.538771748509968,10.528097952230535,0.63072618201375,0.6556368142366409,1.2863629962503909,-0.024910632222890916
44.48015570640564,4.812764258918725,-5.538439273807975,10.3512035327267,0.63072618201375,0.6556368142366409,1.2863629962503909,-0.024910632222890916
44.50016140937805,4.633808099394902,-5.538173294046381,10.171981393441282,0.63072618201375,0.6556368142366409,1.2863629962503909,-0.024910632222890916
44.520177364349365,4.4540275256925215,-5.537960510237105,9.991988035929626,0.63072618201375,0.6556368142366409,1.2863629962503909,-0.024910632222890916
44.540154457092285,4.273893573938346,-5.5377902831896835,9.81168385712803,0.63072618201375,0.6556368142366409,1.2863629962503909,-0.024910632222890916
44.56015968322754,4.092831180746635,-5.537654101551747,9.630485282298382,0.63072618201375,0.6556368142366409,1.2863629962503909,-0.024910632222890916
44.58017086982727,3.91106791138151,-5.555123281241398,9.466191192622908,0.63072618201375,0.6556368142366409,1.2863629962503909,-0.024910632222890916
44.600160360336304,3.728884410147886,-5.555123281241398,9.284007691389284,0.63072618201375,0.6556368142366409,1.2863629962503909,-0.024910632222890916
44.62015700340271,3.546047193042348,-5.569098624993119,9.115145818035467,0.63072618201375,0.6556368142366409,1.2863629962503909,-0.024910632222890916
44.64029884338379,3.3613165683076254,-5.580278899994496,8.941595468302122,0.63072618201375,0.6556368142366409,1.2863629962503909,-0.024910632222890916
44.66021752357483,3.178103110620043,-5.589223119995597,8.767326230615641,0.5831961753964423,0.6351692590862512,1.2183654344826935,-0.05197308368980891
44.68018388748169,2.9939515022222474,-5.596378495996478,8.590329998218726,0.5831961753964423,0.6351692590862512,1.2183654344826935,-0.05197308368980891
44.70020914077759,2.8087835028282626,-5.602102796797182,8.410886299625446,0.5831961753964423,0.6351692590862512,1.2183654344826935,-0.05197308368980891
44.72019386291504,2.6235469529630944,-5.606682237437746,8.230229190400841,0.5831961753964423,0.6351692590862512,1.2183654344826935,-0.05197308368980891
44.74024295806885,2.4372981105233507,-5.610345789950197,8.047643900473549,0.5831961753964423,0.6351692590862512,1.2183654344826935,-0.05197308368980891
44.76020526885986,2.25147115913543,-5.613276631960158,7.8647477910955885,0.5831961753964423,0.6351692590862512,1.2183654344826935,-0.05197308368980891
44.78020620346069,2.0649294585694804,-5.615621305568127,7.680550764137608,0.5831961753964423,0.6351692590862512,1.2183654344826935,-0.05197308368980891
44.80017852783203,1.8783291741504033,-5.615621305568127,7.493950479718531,0.5831961753964423,0.6351692590862512,1.2183654344826935,-0.05197308368980891
44.82017517089844,1.691205363415696,-5.599918919454502,7.291124282870197,0.5831961753964423,0.6351692590862512,1.2183654344826935,-0.05197308368980891
44.8401563167572,1.5039599031992703,-5.5873570105636015,7.0913169137628715,0.5831961753964423,0.6351692590862512,1.2183654344826935,-0.05197308368980891
44.86019039154053,1.315980478685391,-5.559729358450881,6.875709837136272,0.5796738254092633,0.6158104956150054,1.1954843210242687,-0.03613667020574218
44.88019251823425,1.128092788055433,-5.537627236760706,6.665720024816139,0.5796738254092633,0.6158104956150054,1.1954843210242687,-0.03613667020574218
44.900168657302856,0.9402713666522979,-5.519945539408564,6.460216906060862,0.5796738254092633,0.6158104956150054,1.1954843210242687,-0.03613667020574218
44.920154333114624,0.7522120509845537,-5.505800181526852,6.258012232511406,0.5796738254092633,0.6158104956150054,1.1954843210242687,-0.03613667020574218
44.94014859199524,0.5639532860807704,-5.494483895221482,6.058437181302252,0.5796738254092633,0.6158104956150054,1.1954843210242687,-0.03613667020574218
44.960156202316284,0.3754797226167644,-5.485430866177185,5.860910588793949,0.5796738254092633,0.6158104956150054,1.1954843210242687,-0.03613667020574218
44.98013973236084,0.18717375503122166,-5.4781884429417484,5.6653621979729705,0.5796738254092633,0.6158104956150054,1.1954843210242687,-0.03613667020574218
45.000152587890625,-0.0014381069864207805,-5.472394504353399,5.470956397366978,0.5796738254092633,0.6158104956150054,1.1954843210242687,-0.03613667020574218
45.02015948295593,-0.18999357007183573,-5.472394504353399,5.282400934281563,0.5796738254092633,0.6158104956150054,1.1954843210242687,-0.03613667020574218
45.04015302658081,-0.3783932159763036,-5.467759353482719,5.089366137506415,0.5796738254092633,0.6158104956150054,1.1954843210242687,-0.03613667020574218
45.06032872200012,-0.5684486585226182,-5.464051232786176,4.895602574263558,0.6496738254092633,0.5514729961752891,1.2011468215845524,0.09820082923397422
45.080177783966064,-0.7553382260729,-5.4610847362289405,4.7057465101560405,0.6496738254092633,0.5514729961752891,1.2011468215845524,0.09820082923397422
45.100165367126465,-0.9434132608624056,-5.4587115389831515,4.515298278120746,0.6496738254092633,0.5514729961752891,1.2011468215845524,0.09820082923397422
45.12015509605408,-1.131359670458096,-5.456812981186522,4.325453310728426,0.6496738254092633,0.5514729961752891,1.2011468215845524,0.09820082923397422
45.140151262283325,-1.3191880437628514,-5.455294134949217,4.136106091186366,0.6496738254092633,0.5514729961752891,1.2011468215845524,0.09820082923397422
45.16016721725464,-1.506993742828464,-5.436500932959375,3.929507190130911,0.6496738254092633,0.5514729961752891,1.2011468215845524,0.09820082923397422
45.180161237716675,-1.6943556856488466,-5.421466371367501,3.727110685718654,0.6496738254092633,0.5514729961752891,1.2011468215845524,0.09820082923397422
45.20018649101257,-1.8817422674515123,-5.409438722094,3.527696454642488,0.6496738254092633,0.5514729961752891,1.2011468215845524,0.09820082923397422
45.22017860412598,-2.068521595159449,-5.382238477675202,3.313716882515753,0.6496738254092633,0.5514729961752891,1.2011468215845524,0.09820082923397422
45.240270137786865,-2.2559009004710338,-5.382238477675202,3.126337577204168,0.6496738254092633,0.5514729961752891,1.2011468215845524,0.09820082923397422
45.260185956954956,-2.4412867300237915,-5.3604782821401615,2.91919155211637,0.7,0.5661010777577757,1.2661010777577757,0.13389892224222422
45.280168294906616,-2.626907528916059,-5.36064825071213,2.7337407217960705,0.7,0.5661010777577757,1.2661010777577757,0.13389892224222422
45.300161838531494,-2.812217979357832,-5.360784225569703,2.548566246211871,0.7,0.5661010777577757,1.2661010777577757,0.13389892224222422
45.320157051086426,-2.9971000467672,-5.360893005455762,2.363792958688562,0.7,0.5661010777577757,1.2661010777577757,0.13389892224222422
45.340147733688354,-3.1814673414465626,-5.360980029364609,2.1795126879180464,0.7,0.5661010777577757,1.2661010777577757,0.13389892224222422
45.36015009880066,-3.3654400116413714,-5.361049648491688,1.995609636850317,0.7,0.5661010777577757,1.2661010777577757,0.13389892224222422
45.38015294075012,-3.548885480640124,-5.361105343793351,1.8122198631532274,0.7,0.5661010777577757,1.2661010777577757,0.13389892224222422
45.40014600753784,-3.731681148043604,-5.361149900034681,1.6294687519910767,0.7,0.5661010777577757,1.2661010777577757,0.13389892224222422
45.420148849487305,-3.9139768854253036,-5.3611855450277455,1.4472086596024418,0.7,0.5661010777577757,1.2661010777577757,0.13389892224222422
45.440144300460815,-4.095587373373332,-5.3787921860221966,1.2832048126488642,0.6320630356669426,0.5458220837637782,1.1778851194307207,0.08624095190316439
45.460163593292236,-4.276766792547986,-5.3787921860221966,1.1020253934742108,0.6320630356669426,0.5458220837637782,1.1778851194307207,0.08624095190316439
45.48016428947449,-4.457102204362828,-5.392877498817757,0.9357752944549294,0.6320630356669426,0.5458220837637782,1.1778851194307207,0.08624095190316439
45.50018501281738,-4.636913246041524,-5.404145749054206,0.7672325030126821,0.6320630356669426,0.5458220837637782,1.1778851194307207,0.08624095190316439
45.52023434638977,-4.816245915602627,-5.413160349243364,0.5969144336407375,0.6320630356669426,0.5458220837637782,1.1778851194307207,0.08624095190316439
45.54020953178406,-4.994155333365154,-5.4203720293946915,0.42621669602953727,0.6320630356669426,0.5458220837637782,1.1778851194307207,0.08624095190316439
45.56015181541443,-5.170986989444084,-5.426141373515754,0.2551543840716697,0.6320630356669426,0.5458220837637782,1.1778851194307207,0.08624095190316439
45.58014631271362,-5.347466564865283,-5.430756848812603,0.08329028394731974,0.6320630356669426,0.5458220837637782,1.1778851194307207,0.08624095190316439
45.600146770477295,-5.5231544072247205,-5.434449229050083,-0.08870517817463774,0.6320630356669426,0.5458220837637782,1.1778851194307207,0.08624095190316439
45.62018036842346,-5.698258964904148,-5.437403133240066,-0.2608558316640819,0.6320630356669426,0.5458220837637782,1.1778851194307207,0.08624095190316439
45.64015173912048,-5.871921006358399,-5.439766256592053,-0.4321547497663456,0.6320630356669426,0.5458220837637782,1.1778851194307207,0.08624095190316439
45.66014218330383,-6.044822976921291,-5.441656755273642,-0.6031662216476494,0.6320630356669426,0.5458220837637782,1.1778851194307207,0.08624095190316439
45.6801495552063,-6.216916504220644,-5.441656755273642,-0.7752597489470023,0.6320630356669426,0.5458220837637782,1.1778851194307207,0.08624095190316439
45.70014786720276,-6.387950326963535,-5.443169154218913,-0.944781172744622,0.6320630356669426,0.5458220837637782,1.1778851194307207,0.08624095190316439
45.72015428543091,-6.558044299462445,-5.426800948375131,-1.1312433510873134,0.6320630356669426,0.5458220837637782,1.1778851194307207,0.08624095190316439
45.74015212059021,-6.7270297135667665,-5.413706383700107,-1.3133233298666598,0.6320630356669426,0.5458220837637782,1.1778851194307207,0.08624095190316439
45.760151863098145,-6.894969046304485,-5.403230731960085,-1.4917383143444,0.6320630356669426,0.5458220837637782,1.1778851194307207,0.08624095190316439
45.78015851974487,-7.0618771023693006,-5.39485021056807,-1.667026891801231,0.6320630356669426,0.5458220837637782,1.1778851194307207,0.08624095190316439
45.800143241882324,-7.227488116373254,-5.388145793454456,-1.8393423229187986,0.6320630356669426,0.5458220837637782,1.1778851194307207,0.08624095190316439
45.82020807266235,-7.39261652402613,-5.382782259763565,-2.0098342642625653,0.6320630356669426,0.5458220837637782,1.1778851194307207,0.08624095190316439
45.840264558792114,-7.556502033607866,-5.378491432810852,-2.1780106007970135,0.6320630356669426,0.5458220837637782,1.1778851194307207,0.08624095190316439
45.86026477813721,-7.718732836388162,-5.375058771248683,-2.3436740651394796,0.5620630356669425,0.48460176568478347,1.046664801351726,0.07746126998215902
45.8801691532135,-7.878976087115502,-5.372312641998946,-2.5066634451165557,0.5620630356669425,0.48460176568478347,1.046664801351726,0.07746126998215902
45.90025854110718,-8.039459186175353,-5.372312641998946,-2.667146544176407,0.5620630356669425,0.48460176568478347,1.046664801351726,0.07746126998215902
45.92025113105774,-8.197897405951228,-5.370115738599158,-2.8277816673520695,0.5620630356669425,0.48460176568478347,1.046664801351726,0.07746126998215902
45.94019269943237,-8.35464267230602,-5.3683582158793275,-2.9862844564266933,0.5620630356669425,0.48460176568478347,1.046664801351726,0.07746126998215902
45.960148096084595,-8.510183664390585,-5.349374072703463,-3.160809591687122,0.5620630356669425,0.48460176568478347,1.046664801351726,0.07746126998215902
45.98013639450073,-8.664639913734902,-5.334186758162771,-3.3304531555721315,0.5620630356669425,0.48460176568478347,1.046664801351726,0.07746126998215902
46.00014042854309,-8.817849490398565,-5.304458781530217,-3.5133907088683483,0.5620630356669425,0.48460176568478347,1.046664801351726,0.07746126998215902
46.020137786865234,-8.969615635643239,-5.280676400224174,-3.688939235419064,0.5620630356669425,0.48460176568478347,1.046664801351726,0.07746126998215902
46.04014539718628,-9.120042461147927,-5.26165049517934,-3.858391965968587,0.5620630356669425,0.48460176568478347,1.046664801351726,0.07746126998215902
46.06014013290405,-9.268932628471118,-5.246429771143473,-4.022502857327646,0.5620630356669425,0.48460176568478347,1.046664801351726,0.07746126998215902
46.08013319969177,-9.41634765045828,-5.234253191914778,-4.182094458543501,0.5620630356669425,0.48460176568478347,1.046664801351726,0.07746126998215902
46.1001398563385,-9.562375434327384,-5.224511928531823,-4.3378635057955615,0.5620630356669425,0.48460176568478347,1.046664801351726,0.07746126998215902
46.12013363838196,-9.706799694875487,-5.224511928531823,-4.482287766343664,0.5620630356669425,0.48460176568478347,1.046664801351726,0.07746126998215902
46.14014267921448,-9.849800553570205,-5.2167189178254585,-4.633081635744746,0.5620630356669425,0.48460176568478347,1.046664801351726,0.07746126998215902
46.16014766693115,-9.991216115719157,-5.210484509260366,-4.78073160645879,0.5620630356669425,0.48460176568478347,1.046664801351726,0.07746126998215902
46.18014717102051,-10.131015049164382,-5.205496982408294,-4.925518066756088,0.5620630356669425,0.48460176568478347,1.046664801351726,0.07746126998215902
46.20016646385193,-10.269350200593971,-5.201506960926636,-5.067843239667335,0.5620630356669425,0.48460176568478347,1.046664801351726,0.07746126998215902
46.220149755477905,-10.405816194023442,-5.19831494374131,-5.2075012502821325,0.5620630356669425,0.48460176568478347,1.046664801351726,0.07746126998215902
46.240264892578125,-10.541525788043023,-5.195761329993048,-5.345764458049975,0.5620630356669425,0.48460176568478347,1.046664801351726,0.07746126998215902
46.260279417037964,-10.674885382670581,-5.1937184389944395,-5.481166943676142,0.5902123256772756,0.4146017656847834,1.004814091362059,0.17561055999249214
46.280192613601685,-10.805894511079643,-5.192084126195552,-5.613810384884091,0.5902123256772756,0.4146017656847834,1.004814091362059,0.17561055999249214
46.30024313926697,-10.936097946415433,-5.1907766759564415,-5.745321270458992,0.5902123256772756,0.4146017656847834,1.004814091362059,0.17561055999249214
46.32025933265686,-11.064347230017107,-5.189730715765154,-5.8746165142519535,0.5902123256772756,0.4146017656847834,1.004814091362059,0.17561055999249214
46.34029197692871,-11.190949736324827,-5.189730715765154,-6.001219020559673,0.5902123256772756,0.4146017656847834,1.004814091362059,0.17561055999249214
46.36028051376343,-11.315506403549564,-5.188893947612123,-6.126612455937441,0.5902123256772756,0.4146017656847834,1.004814091362059,0.17561055999249214
46.38027596473694,-11.438320425212364,-5.1882245330896986,-6.2500958921226655,0.5902123256772756,0.4146017656847834,1.004814091362059,0.17561055999249214
46.40027141571045,-11.559329025043459,-5.170110876471759,-6.3892181485716995,0.5902123256772756,0.4146017656847834,1.004814091362059,0.17561055999249214
46.42025589942932,-11.678448235637326,-5.155619951177408,-6.522828284459918,0.5902123256772756,0.4146017656847834,1.004814091362059,0.17561055999249214
46.44013738632202,-11.795126464715665,-5.1440272109419265,-6.651099253773738,0.5902123256772756,0.4146017656847834,1.004814091362059,0.17561055999249214
46.46012568473816,-11.910576066870464,-5.134753018753542,-6.775823048116922,0.5902123256772756,0.4146017656847834,1.004814091362059,0.17561055999249214
46.48013424873352,-12.024261238240499,-5.127333665002833,-6.896927573237665,0.5902123256772756,0.4146017656847834,1.004814091362059,0.17561055999249214
46.50013041496277,-12.135977340584251,-5.121398182002268,-7.014579158581983,0.5902123256772756,0.4146017656847834,1.004814091362059,0.17561055999249214
46.52013397216797,-12.245817994131375,-5.116649795601814,-7.129168198529561,0.5902123256772756,0.4146017656847834,1.004814091362059,0.17561055999249214
46.540141582489014,-12.353745869884866,-5.112851086481452,-7.240894783403414,0.5902123256772756,0.4146017656847834,1.004814091362059,0.17561055999249214
46.560139417648315,-12.459670163767917,-5.112851086481452,-7.346819077286465,0.5902123256772756,0.4146017656847834,1.004814091362059,0.17561055999249214
46.5801317691803,-12.563599122126709,-5.109812119185162,-7.453787002941547,0.5902123256772756,0.4146017656847834,1.004814091362059,0.17561055999249214
46.60013294219971,-12.665590202911444,-5.1073809453481305,-7.5582092575633135,0.5902123256772756,0.4146017656847834,1.004814091362059,0.17561055999249214
46.62013840675354,-12.76560224423095,-5.105436006278505,-7.660166237952445,0.5902123256772756,0.4146017656847834,1.004814091362059,0.17561055999249214
46.64014220237732,-12.863589256712777,-5.103880055022804,-7.759709201689972,0.5902123256772756,0.4146017656847834,1.004814091362059,0.17561055999249214
46.66015315055847,-12.959578132663438,-5.102635294018244,-7.856942838645194,0.5902123256772756,0.4146017656847834,1.004814091362059,0.17561055999249214
46.680259466171265,-13.053961067466785,-5.101639485214595,-7.95232158225219,0.6346788696199654,0.45852491270750756,1.093203782327473,0.1761539569124579
46.70024371147156,-13.145706599327612,-5.100842838171676,-8.044863761155936,0.6346788696199654,0.45852491270750756,1.093203782327473,0.1761539569124579
46.72019648551941,-13.235239960456923,-5.117783645537342,-8.11745631491958,0.6346788696199654,0.45852491270750756,1.093203782327473,0.1761539569124579
46.7402400970459,-13.323086546110181,-5.113758166429874,-8.209328379680308,0.6346788696199654,0.45852491270750756,1.093203782327473,0.1761539569124579
46.76031732559204,-13.408962085871057,-5.110537783143899,-8.298424302727158,0.6346788696199654,0.45852491270750756,1.093203782327473,0.1761539569124579
46.78026247024536,-13.492159893700958,-5.110537783143899,-8.381622110557059,0.6346788696199654,0.45852491270750756,1.093203782327473,0.1761539569124579
46.800235748291016,-13.573351666580702,-5.125539601515119,-8.447812065065584,0.6346788696199654,0.45852491270750756,1.093203782327473,0.1761539569124579
46.820159673690796,-13.652213080857909,-5.137541056212096,-8.514672024645812,0.6346788696199654,0.45852491270750756,1.093203782327473,0.1761539569124579
46.84013867378235,-13.72914412366638,-5.147142219969678,-8.582001903696703,0.6346788696199654,0.45852491270750756,1.093203782327473,0.1761539569124579
46.8601393699646,-13.80399173899543,-5.1548231509757425,-8.649168588019688,0.6346788696199654,0.45852491270750756,1.093203782327473,0.1761539569124579
46.880136251449585,-13.876645741065685,-5.160967895780595,-8.71567784528509,0.6346788696199654,0.45852491270750756,1.093203782327473,0.1761539569124579
46.90013813972473,-13.947126510483077,-5.165883691624476,-8.781242818858601,0.6346788696199654,0.45852491270750756,1.093203782327473,0.1761539569124579
46.920138359069824,-14.015398846231578,-5.187394453299581,-8.828004392931998,0.6346788696199654,0.45852491270750756,1.093203782327473,0.1761539569124579
46.940134048461914,-14.081443228801888,-5.2046030626396655,-8.876840166162221,0.6346788696199654,0.45852491270750756,1.093203782327473,0.1761539569124579
46.96013641357422,-14.145285881756463,-5.218369950111732,-8.92691593164473,0.6346788696199654,0.45852491270750756,1.093203782327473,0.1761539569124579
46.98014163970947,-14.206902953608516,-5.2293834600893865,-8.977519493519129,0.6346788696199654,0.45852491270750756,1.093203782327473,0.1761539569124579
47.00013995170593,-14.266255286937609,-5.2293834600893865,-9.036871826848223,0.6346788696199654,0.45852491270750756,1.093203782327473,0.1761539569124579
47.02014923095703,-14.323385887904465,-5.23819426807151,-9.085191619832955,0.6346788696199654,0.45852491270750756,1.093203782327473,0.1761539569124579
47.04015755653381,-14.378249999985085,-5.245242914457209,-9.133007085527876,0.6346788696199654,0.45852491270750756,1.093203782327473,0.1761539569124579
47.06025958061218,-14.4310826559343,-5.250881831565768,-9.180200824368534,0.6346788696199654,0.45852491270750756,1.093203782327473,0.1761539569124579
47.08022356033325,-14.481274034387344,-5.255392965252614,-9.22588106913473,0.6022968880087136,0.38852491270750755,0.9908218007162212,0.21377197530120606
47.100175619125366,-14.529158952832317,-5.259001872202092,-9.270157080630224,0.6022968880087136,0.38852491270750755,0.9908218007162212,0.21377197530120606
47.12015175819397,-14.57481418897094,-5.261888997761674,-9.312925191209267,0.6022968880087136,0.38852491270750755,0.9908218007162212,0.21377197530120606
47.14023995399475,-14.618410116926658,-5.26419869820934,-9.354211418717318,0.6022968880087136,0.38852491270750755,0.9908218007162212,0.21377197530120606
47.16019058227539,-14.65940255466683,-5.248468333567472,-9.410934221099357,0.6022968880087136,0.38852491270750755,0.9908218007162212,0.21377197530120606
47.18015456199646,-14.698116636479014,-5.2534621668539785,-9.444654469625036,0.6022968880087136,0.38852491270750755,0.9908218007162212,0.21377197530120606
47.20014142990112,-14.734558471818401,-5.327769733483183,-9.40678873833522,0.6022968880087136,0.38852491270750755,0.9908218007162212,0.21377197530120606
47.22014403343201,-14.768702548307946,-5.327769733483183,-9.440932814824762,0.6022968880087136,0.38852491270750755,0.9908218007162212,0.21377197530120606
47.2401397228241,-14.800503275906918,-5.439950161786547,-9.360553114120371,0.6022968880087136,0.38852491270750755,0.9908218007162212,0.21377197530120606
47.26014161109924,-14.829976611423932,-5.582428879429238,-9.247547731994693,0.6022968880087136,0.38852491270750755,0.9908218007162212,0.21377197530120606
47.28014087677002,-14.857104275864035,-5.69641185354339,-9.160692422320645,0.6022968880087136,0.38852491270750755,0.9908218007162212,0.21377197530120606
47.30014252662659,-14.88188881789707,-5.787598232834712,-9.094290585062357,0.6022968880087136,0.38852491270750755,0.9908218007162212,0.21377197530120606
47.320146560668945,-14.904325483329751,-5.8605473362677705,-9.043778147061982,0.6022968880087136,0.38852491270750755,0.9908218007162212,0.21377197530120606
47.34014344215393,-14.924400874156039,-5.918906619014216,-9.005494255141823,0.6022968880087136,0.38852491270750755,0.9908218007162212,0.21377197530120606
47.36015820503235,-14.942135053616106,-5.965594045211373,-8.976541008404734,0.6022968880087136,0.38852491270750755,0.9908218007162212,0.21377197530120606
47.38014817237854,-14.957488632351241,-6.0029439861690985,-8.954544646182143,0.6022968880087136,0.38852491270750755,0.9908218007162212,0.21377197530120606
47.40028929710388,-14.970571881287382,-6.0328239389352785,-8.937747942352104,0.6022968880087136,0.38852491270750755,0.9908218007162212,0.21377197530120606
47.42015242576599,-14.98112646031743,-6.056727901148223,-8.924398559169207,0.6180002252757548,0.42961630638688797,1.047616531662643,0.18838391888886685
47.44022560119629,-14.989422077437503,-6.056727901148223,-8.93269417628928,0.6180002252757548,0.42961630638688797,1.047616531662643,0.18838391888886685
47.46022415161133,-14.99531577984603,-6.075851070918579,-8.91946470892745,0.6180002252757548,0.42961630638688797,1.047616531662643,0.18838391888886685
47.48016023635864,-14.998834564174718,-6.091149606734863,-8.907684957439855,0.6180002252757548,0.42961630638688797,1.047616531662643,0.18838391888886685
47.500160932540894,-14.999999923315299,-6.10338843538789,-8.896611487927409,0.6180002252757548,0.42961630638688797,1.047616531662643,0.18838391888886685
47.520156145095825,-14.998797098275677,-6.113179498310313,-8.885617599965364,0.6180002252757548,0.42961630638688797,1.047616531662643,0.18838391888886685
47.54015803337097,-14.99522533582247,-6.12101234864825,-8.87421298717422,0.6180002252757548,0.42961630638688797,1.047616531662643,0.18838391888886685
47.56015133857727,-14.98928826311095,-6.1448567539186,-8.84443150919235,0.6180002252757548,0.42961630638688797,1.047616531662643,0.18838391888886685
47.580145597457886,-14.980985339958227,-6.1639322781348795,-8.817053061823348,0.6180002252757548,0.42961630638688797,1.047616531662643,0.18838391888886685
47.6002836227417,-14.970232844548496,-6.179192697507904,-8.791040147040592,0.6180002252757548,0.42961630638688797,1.047616531662643,0.18838391888886685
47.62018609046936,-14.957251288893339,-6.191401033006324,-8.765850255887015,0.6608657996356486,0.35961630638688796,1.0204821060225366,0.30124949324876066
47.64017581939697,-14.94185847137727,-6.201167701405058,-8.740690769972211,0.6608657996356486,0.35961630638688796,1.0204821060225366,0.30124949324876066
47.660268783569336,-14.924010803041703,-6.201167701405058,-8.722843101636645,0.6608657996356486,0.35961630638688796,1.0204821060225366,0.30124949324876066
47.68024754524231,-14.903906176923424,-6.208981036124047,-8.694925140799377,0.6608657996356486,0.35961630638688796,1.0204821060225366,0.30124949324876066
47.700279235839844,-14.881390446715201,-6.215231703899238,-8.666158742815963,0.6608657996356486,0.35961630638688796,1.0204821060225366,0.30124949324876066
47.720277070999146,-14.856561344033372,-6.22023223811939,-8.636329105913982,0.6608657996356486,0.35961630638688796,1.0204821060225366,0.30124949324876066
47.74021530151367,-14.829471202273727,-6.224232665495513,-8.605238536778213,0.6608657996356486,0.35961630638688796,1.0204821060225366,0.30124949324876066
47.76016616821289,-14.800034376629313,-6.22743300739641,-8.572601369232903,0.6608657996356486,0.35961630638688796,1.0204821060225366,0.30124949324876066
47.78014874458313,-14.768219591297195,-6.212415155917128,-8.555804435380066,0.6608657996356486,0.35961630638688796,1.0204821060225366,0.30124949324876066
47.800129890441895,-14.734079321796518,-6.2004008747337025,-8.533678447062815,0.6608657996356486,0.35961630638688796,1.0204821060225366,0.30124949324876066
47.82012438774109,-14.697591615504606,-6.261101949786963,-8.436489665717644,0.6608657996356486,0.35961630638688796,1.0204821060225366,0.30124949324876066
47.84012293815613,-14.658776164609478,-6.415131559829571,-8.243644604779906,0.6608657996356486,0.35961630638688796,1.0204821060225366,0.30124949324876066
47.86013174057007,-14.617624581397271,-6.555933372863657,-8.061691208533613,0.6608657996356486,0.35961630638688796,1.0204821060225366,0.30124949324876066
47.8801691532135,-14.574098877259317,-6.555933372863657,-8.018165504395661,0.6608657996356486,0.35961630638688796,1.0204821060225366,0.30124949324876066
47.90014362335205,-14.528410726614483,-6.668574823290926,-7.859835903323558,0.6608657996356486,0.35961630638688796,1.0204821060225366,0.30124949324876066
47.92013764381409,-14.4803861484705,-6.776266108632741,-7.7041200398377585,0.6608657996356486,0.35961630638688796,1.0204821060225366,0.30124949324876066
47.94013786315918,-14.430060365106662,-6.862419136906193,-7.567641228200469,0.6608657996356486,0.35961630638688796,1.0204821060225366,0.30124949324876066
47.96012997627258,-14.37747763942855,-6.931341559524955,-7.446136079903595,0.6608657996356486,0.35961630638688796,1.0204821060225366,0.30124949324876066
47.9801881313324,-14.322441387884613,-6.986479497619965,-7.335961890264648,0.6608657996356486,0.35961630638688796,1.0204821060225366,0.30124949324876066
48.00015211105347,-14.265404668522036,-7.030589848095972,-7.234814820426064,0.6608657996356486,0.35961630638688796,1.0204821060225366,0.30124949324876066
48.0201690196991,-14.205963240263127,-7.065878128476778,-7.140085111786349,0.7,0.4038790918514132,1.1038790918514132,0.29612090814858677
48.040165424346924,-14.144339067116775,-7.094108752781423,-7.0502303143353515,0.7,0.4038790918514132,1.1038790918514132,0.29612090814858677
48.06014585494995,-14.08053404210628,-7.116693252225138,-6.963840789881141,0.7,0.4038790918514132,1.1038790918514132,0.29612090814858677
48.08014917373657,-14.014432985369824,-7.134760851780111,-6.879672133589713,0.7,0.4038790918514132,1.1038790918514132,0.29612090814858677
48.10014343261719,-13.946149593345682,-7.134760851780111,-6.811388741565571,0.7,0.4038790918514132,1.1038790918514132,0.29612090814858677
48.12014126777649,-13.87565240334961,-7.14921493142409,-6.726437471925521,0.7,0.4038790918514132,1.1038790918514132,0.29612090814858677
48.14014673233032,-13.802936413497374,-7.160778195139272,-6.642158218358102,0.7,0.4038790918514132,1.1038790918514132,0.29612090814858677
48.16015076637268,-13.728045022012624,-7.170028806111417,-6.558016215901207,0.7,0.4038790918514132,1.1038790918514132,0.29612090814858677
48.18026566505432,-13.650551842362153,-7.1774292948891345,-6.473122547473019,0.7,0.4038790918514132,1.1038790918514132,0.29612090814858677
48.20019602775574,-13.571619049107557,-7.200927810911307,-6.37069123819625,0.642640047520399,0.4433993145450949,1.086039362065494,0.19924073297530415
48.220184564590454,-13.490318328525412,-7.219726623729047,-6.270591704796365,0.642640047520399,0.4433993145450949,1.086039362065494,0.19924073297530415
48.24015188217163,-13.406979460488511,-7.234765673983238,-6.172213786505273,0.642640047520399,0.4433993145450949,1.086039362065494,0.19924073297530415
48.26014566421509,-13.321415740870531,-7.24679691418659,-6.074618826683941,0.642640047520399,0.4433993145450949,1.086039362065494,0.19924073297530415
48.28014945983887,-13.233705292468931,-7.256421906349273,-5.977283386119658,0.642640047520399,0.4433993145450949,1.086039362065494,0.19924073297530415
48.30014967918396,-13.1439205359575,-7.264121900079418,-5.879798635878082,0.642640047520399,0.4433993145450949,1.086039362065494,0.19924073297530415
48.32014751434326,-13.05207123011595,-7.264121900079418,-5.787949330036531,0.642640047520399,0.4433993145450949,1.086039362065494,0.19924073297530415
48.34014892578125,-12.958144319451721,-7.270281895063534,-5.687862424388187,0.642640047520399,0.4433993145450949,1.086039362065494,0.19924073297530415
48.36029052734375,-12.861491013057492,-7.275209891050827,-5.586281122006665,0.642640047520399,0.4433993145450949,1.086039362065494,0.19924073297530415
48.38019156455994,-12.763968956113908,-7.279152287840661,-5.484816668273247,0.6894834943115711,0.4589890369772911,1.1484725312888622,0.23049445733427998
48.40016555786133,-12.664082738768936,-7.28230620527253,-5.3817765334964065,0.6894834943115711,0.4589890369772911,1.1484725312888622,0.23049445733427998
48.420185804367065,-12.561963688419201,-7.284829339218024,-5.2771343492011775,0.6894834943115711,0.4589890369772911,1.1484725312888622,0.23049445733427998
48.44016742706299,-12.458059689941296,-7.286847846374418,-5.171211843566877,0.6894834943115711,0.4589890369772911,1.1484725312888622,0.23049445733427998
48.46018934249878,-12.351976579326312,-7.288462652099535,-5.063513927226777,0.6894834943115711,0.4589890369772911,1.1484725312888622,0.23049445733427998
48.480151414871216,-12.244264479327267,-7.289754496679629,-4.954509982647638,0.6894834943115711,0.4589890369772911,1.1484725312888622,0.23049445733427998
48.50019073486328,-12.134198205883552,-7.290787972343703,-4.843410233539848,0.6894834943115711,0.4589890369772911,1.1484725312888622,0.23049445733427998
48.52015161514282,-12.022650348725598,-7.291614752874963,-4.731035595850635,0.6894834943115711,0.4589890369772911,1.1484725312888622,0.23049445733427998
48.54027509689331,-11.908279604432087,-7.291614752874963,-4.616664851557124,0.6894834943115711,0.4589890369772911,1.1484725312888622,0.23049445733427998
48.5601863861084,-11.79324103951387,-7.292276177299971,-4.500964862213898,0.6358569346368312,0.40742129623889917,1.0432782308757305,0.22843563839793207
48.580169916152954,-11.675929258196682,-7.292805316839976,-4.383123941356706,0.6358569346368312,0.40742129623889917,1.0432782308757305,0.22843563839793207
48.60015845298767,-11.556746665426989,-7.293228628471981,-4.263518036955007,0.6358569346368312,0.40742129623889917,1.0432782308757305,0.22843563839793207
48.62014842033386,-11.435732494999398,-7.293567277777584,-4.142165217221813,0.6358569346368312,0.40742129623889917,1.0432782308757305,0.22843563839793207
48.640148878097534,-11.312849377828359,-7.293838197222068,-4.019011180606291,0.6358569346368312,0.40742129623889917,1.0432782308757305,0.22843563839793207
48.660154819488525,-11.188145324332877,-7.294054932777655,-3.8940903915552223,0.6358569346368312,0.40742129623889917,1.0432782308757305,0.22843563839793207
48.6801495552063,-11.061744813317468,-7.294228321222126,-3.767516492095342,0.6358569346368312,0.40742129623889917,1.0432782308757305,0.22843563839793207
48.700154304504395,-10.933533832869918,-7.294367031977702,-3.639166800892216,0.6358569346368312,0.40742129623889917,1.0432782308757305,0.22843563839793207
48.720155000686646,-10.803622000691204,-7.294478000582162,-3.5091440001090426,0.6358569346368312,0.40742129623889917,1.0432782308757305,0.22843563839793207
48.74023365974426,-10.671487673535818,-7.2769886504657295,-3.3944990230700887,0.672228642553091,0.4590787643194198,1.1313074068725109,0.2131498782336712
48.76015090942383,-10.538737491083182,-7.2769886504657295,-3.261748840617453,0.672228642553091,0.4590787643194198,1.1313074068725109,0.2131498782336712
48.78015112876892,-10.403773564458064,-7.262997170372585,-3.1407763940854787,0.672228642553091,0.4590787643194198,1.1313074068725109,0.2131498782336712
48.80015325546265,-10.26715361998387,-7.251803986298069,-3.015349633685802,0.672228642553091,0.4590787643194198,1.1313074068725109,0.2131498782336712
48.820146799087524,-10.12897169333392,-7.242849439038454,-2.886122254295466,0.672228642553091,0.4590787643194198,1.1313074068725109,0.2131498782336712
48.84015965461731,-9.989055536658014,-7.235685801230764,-2.753369735427251,0.672228642553091,0.4590787643194198,1.1313074068725109,0.2131498782336712
48.86015582084656,-9.847678612953986,-7.247533015984612,-2.6001455969693748,0.672228642553091,0.4590787643194198,1.1313074068725109,0.2131498782336712
48.88014578819275,-9.704791770537978,-7.2570107877876895,-2.447780982750289,0.672228642553091,0.4590787643194198,1.1313074068725109,0.2131498782336712
48.90029191970825,-9.559239788941923,-7.264593005230152,-2.294646783711771,0.672228642553091,0.4590787643194198,1.1313074068725109,0.2131498782336712
48.92032814025879,-9.41296270853954,-7.270658779184122,-2.1423039293554185,0.672228642553091,0.4590787643194198,1.1313074068725109,0.2131498782336712
48.94181180000305,-9.2544616799772,-7.275511398347299,-1.9789502816299018,0.6594283886253833,0.5290787643194198,1.188507152944803,0.13034962430596353
48.96024179458618,-9.117144967001526,-7.279393493677839,-1.8377514733236868,0.6594283886253833,0.5290787643194198,1.188507152944803,0.13034962430596353
48.98019480705261,-8.967102991105188,-7.279393493677839,-1.687709497427349,0.6594283886253833,0.5290787643194198,1.188507152944803,0.13034962430596353
49.00015687942505,-8.815582566447734,-7.282499169942271,-1.5330833965054627,0.6594283886253833,0.5290787643194198,1.188507152944803,0.13034962430596353
49.02014398574829,-8.662482716001726,-7.302561835953817,-1.359920880047909,0.6594283886253833,0.5290787643194198,1.188507152944803,0.13034962430596353
49.04014325141907,-8.50792234052003,-7.318611968763054,-1.1893103717569762,0.6594283886253833,0.5290787643194198,1.188507152944803,0.13034962430596353
49.06013774871826,-8.352055894011386,-7.331452075010444,-1.020603819000942,0.6594283886253833,0.5290787643194198,1.188507152944803,0.13034962430596353
49.08017659187317,-8.19452121982267,-7.341724160008355,-0.8527970598143151,0.6594283886253833,0.5290787643194198,1.188507152944803,0.13034962430596353
49.10016345977783,-8.03610113424182,-7.349941828006684,-0.6861593062351359,0.6594283886253833,0.5290787643194198,1.188507152944803,0.13034962430596353
49.12016773223877,-7.876274120317078,-7.356515962405348,-0.5197581579117294,0.6594283886253833,0.5290787643194198,1.188507152944803,0.13034962430596353
49.140334606170654,-7.713888549691275,-7.361775269924279,-0.35211327976699547,0.6854785874485969,0.5990787643194198,1.2845573517680167,0.08639982312917716
49.160192251205444,-7.552782605053841,-7.365982715939425,-0.18679988911441647,0.6854785874485969,0.5990787643194198,1.2845573517680167,0.08639982312917716
49.18019413948059,-7.389317874318799,-7.369348672751539,-0.019969201567259454,0.6854785874485969,0.5990787643194198,1.2845573517680167,0.08639982312917716
49.20017147064209,-7.224888894261355,-7.369348672751539,0.14445977849018465,0.6854785874485969,0.5990787643194198,1.2845573517680167,0.08639982312917716
49.22016406059265,-7.059194715697184,-7.372041438201232,0.3128467225040481,0.6854785874485969,0.5990787643194198,1.2845573517680167,0.08639982312917716
49.24021601676941,-6.891889679875153,-7.374195650560987,0.48230597068583325,0.6854785874485969,0.5990787643194198,1.2845573517680167,0.08639982312917716
49.26017165184021,-6.724302163027476,-7.37591902044879,0.6516168574213141,0.6854785874485969,0.5990787643194198,1.2845573517680167,0.08639982312917716
49.28015112876892,-6.555455397756889,-7.377297716359032,0.8218423186021431,0.6854785874485969,0.5990787643194198,1.2845573517680167,0.08639982312917716
49.300148487091064,-6.385423078348369,-7.378400673087226,0.992977594738857,0.6854785874485969,0.5990787643194198,1.2845573517680167,0.08639982312917716
49.320148229599,-6.214362241636349,-7.379283038469781,1.1649207968334325,0.6854785874485969,0.5990787643194198,1.2845573517680167,0.08639982312917716
49.34014701843262,-6.042328337032562,-7.379988930775825,1.337660593743263,0.6854785874485969,0.5990787643194198,1.2845573517680167,0.08639982312917716
49.360151529312134,-5.869290765132516,-7.362975519620661,1.4936847544881449,0.6854785874485969,0.5990787643194198,1.2845573517680167,0.08639982312917716
49.3801543712616,-5.695340497453559,-7.331786665696529,1.63644616824297,0.6854785874485969,0.5990787643194198,1.2845573517680167,0.08639982312917716
49.400158643722534,-5.520478077904915,-7.289257457557222,1.7687793796523072,0.6854785874485969,0.5990787643194198,1.2845573517680167,0.08639982312917716
49.420156717300415,-5.344798126867287,-7.289257457557222,1.9444593306899352,0.6854785874485969,0.5990787643194198,1.2845573517680167,0.08639982312917716
49.440171003341675,-5.168130889968108,-7.272812216045779,2.104681326077671,0.6854785874485969,0.5990787643194198,1.2845573517680167,0.08639982312917716
49.46022009849548,-4.99033699992441,-7.224499772836624,2.2341627729122138,0.6854785874485969,0.5990787643194198,1.2845573517680167,0.08639982312917716
49.48026156425476,-4.8118193095473565,-7.1506935682693,2.338874258721943,0.6854785874485969,0.5990787643194198,1.2845573517680167,0.08639982312917716
49.50026202201843,-4.632906219373954,-7.09164860461544,2.458742385241486,0.6154785874485968,0.6690787643194198,1.2845573517680167,-0.05360017687082297
49.52018880844116,-4.453924532204485,-7.044412633692351,2.5904881014878667,0.6154785874485968,0.6690787643194198,1.2845573517680167,-0.05360017687082297
49.5401566028595,-4.273874188825261,-7.0066238569538815,2.73274966812862,0.6154785874485968,0.6690787643194198,1.2845573517680167,-0.05360017687082297
49.56016397476196,-4.092792268722842,-6.9763928355631055,2.883600566840263,0.6154785874485968,0.6690787643194198,1.2845573517680167,-0.05360017687082297
49.58014917373657,-3.911265318789225,-6.952208018450484,3.0409426996612594,0.6154785874485968,0.6690787643194198,1.2845573517680167,-0.05360017687082297
49.60014796257019,-3.7289975882168473,-6.932860164760388,3.203862576543541,0.6154785874485968,0.6690787643194198,1.2845573517680167,-0.05360017687082297
49.62014937400818,-3.546117060198083,-6.917381881808311,3.3712648216102274,0.6154785874485968,0.6690787643194198,1.2845573517680167,-0.05360017687082297
49.640159606933594,-3.3625954556211397,-6.917381881808311,3.554786426187171,0.6154785874485968,0.6690787643194198,1.2845573517680167,-0.05360017687082297
49.66015291213989,-3.1786982315278376,-6.904999255446649,3.7263010239188112,0.6154785874485968,0.6690787643194198,1.2845573517680167,-0.05360017687082297
49.68027710914612,-2.99309058255104,-6.85993690435732,3.86684632180628,0.6854785874485969,0.6211333841085434,1.3066119715571403,0.06434520334005356
49.7003538608551,-2.807443662433503,-6.753574523485857,3.946130861052354,0.6854785874485969,0.6211333841085434,1.3066119715571403,0.06434520334005356
49.720290184020996,-2.622653136350268,-6.6333283687886855,4.010675232438418,0.6854785874485969,0.6211333841085434,1.3066119715571403,0.06434520334005356
49.740296363830566,-2.436801460677311,-6.501975195030949,4.065173734353637,0.6854785874485969,0.6211333841085434,1.3066119715571403,0.06434520334005356
49.76028537750244,-2.250724703495183,-6.39689265602476,4.146167952529577,0.6854785874485969,0.6211333841085434,1.3066119715571403,0.06434520334005356
49.78031945228577,-2.0638722702163026,-6.312826624819809,4.248954354603506,0.6854785874485969,0.6211333841085434,1.3066119715571403,0.06434520334005356
49.80020451545715,-1.8780861741888835,-6.245573799855847,4.367487625666963,0.6854785874485969,0.6211333841085434,1.3066119715571403,0.06434520334005356
49.820146799087524,-1.691471056162121,-6.191771539884678,4.500300483722557,0.6854785874485969,0.6211333841085434,1.3066119715571403,0.06434520334005356
49.84014177322388,-1.5040962819973314,-6.148729731907744,4.644633449910412,0.6854785874485969,0.6211333841085434,1.3066119715571403,0.06434520334005356
49.860143184661865,-1.3164236769158837,-6.148729731907744,4.83230605499186,0.6854785874485969,0.6211333841085434,1.3066119715571403,0.06434520334005356
49.88014221191406,-1.1285655706673066,-6.114296285526196,4.98573071485889,0.6854785874485969,0.6211333841085434,1.3066119715571403,0.06434520334005356
49.90014147758484,-0.9405270255467875,-6.086749528420957,5.14622250287417,0.6854785874485969,0.6211333841085434,1.3066119715571403,0.06434520334005356
49.92014527320862,-0.7522973311422275,-6.064712122736767,5.312414791594539,0.6854785874485969,0.6211333841085434,1.3066119715571403,0.06434520334005356
49.940150022506714,-0.5639398133596498,-6.029504073189414,5.465564259829764,0.6854785874485969,0.6211333841085434,1.3066119715571403,0.06434520334005356
49.960143089294434,-0.3756032711974048,-6.0189157585515325,5.643312487354128,0.6854785874485969,0.6211333841085434,1.3066119715571403,0.06434520334005356
49.980144739151,-0.18712657081863043,-6.010445106841227,5.8233185360225965,0.6854785874485969,0.6211333841085434,1.3066119715571403,0.06434520334005356
50.00015473365784,0.0014583303658290442,-6.003668585472982,6.005126915838812,0.6854785874485969,0.6211333841085434,1.3066119715571403,0.06434520334005356
50.02015948295593,0.1899935700718339,-5.998247368378387,6.18824093845022,0.6854785874485969,0.6211333841085434,1.3066119715571403,0.06434520334005356
50.040159940719604,0.3784583594583415,-5.99391039470271,6.372368754161052,0.6854785874485969,0.6211333841085434,1.3066119715571403,0.06434520334005356
50.06016969680786,0.5669509551817871,-5.9904408157621685,6.557391770943956,0.6854785874485969,0.6211333841085434,1.3066119715571403,0.06434520334005356
50.08015704154968,0.755142981354134,-5.9904408157621685,6.745583797116303,0.6854785874485969,0.6211333841085434,1.3066119715571403,0.06434520334005356
50.10031461715698,0.9448171202263371,-5.987665152609736,6.932482272836073,0.6854785874485969,0.6211333841085434,1.3066119715571403,0.06434520334005356
50.12027955055237,1.13252928190973,-5.9854446220877895,7.11797390399752,0.6154785874485968,0.6911333841085434,1.3066119715571403,-0.07565479665994657
50.14026117324829,1.3202199132610162,-5.983668197670232,7.303888110931248,0.6154785874485968,0.6911333841085434,1.3066119715571403,-0.07565479665994657
50.16017746925354,1.5070898767441465,-5.982247058136187,7.489336934880333,0.6154785874485968,0.6911333841085434,1.3066119715571403,-0.07565479665994657
50.180150270462036,1.6942529832112458,-5.98111014650895,7.675363129720196,0.6154785874485968,0.6911333841085434,1.3066119715571403,-0.07565479665994657
50.20015263557434,1.8814257077669052,-5.980200617207161,7.8616263249740665,0.6154785874485968,0.6911333841085434,1.3066119715571403,-0.07565479665994657
50.22014880180359,2.0682433980678594,-5.97947299376573,8.047716391833589,0.6154785874485968,0.6911333841085434,1.3066119715571403,-0.07565479665994657
50.240145206451416,2.2547368354690174,-5.978890895012584,8.2336277304816,0.6154785874485968,0.6911333841085434,1.3066119715571403,-0.07565479665994657
50.26013970375061,2.4408566150441433,-5.978425216010068,8.419281831054212,0.6154785874485968,0.6911333841085434,1.3066119715571403,-0.07565479665994657
50.280150413513184,2.626741605051825,-5.978052672808055,8.604794277859881,0.6154785874485968,0.6911333841085434,1.3066119715571403,-0.07565479665994657
50.30026173591614,2.813142789799799,-5.978052672808055,8.791195462607854,0.6154785874485968,0.6911333841085434,1.3066119715571403,-0.07565479665994657
50.32022953033447,2.9977693699834154,-5.977754638246445,8.975524008229861,0.627440687380731,0.6410776753723622,1.2685183627530932,-0.013636987991631155
50.340242862701416,3.1823435072265682,-5.977516210597157,9.159859717823725,0.627440687380731,0.6410776753723622,1.2685183627530932,-0.013636987991631155
50.36018633842468,3.365772853596083,-5.977325468477726,9.343098322073809,0.627440687380731,0.6410776753723622,1.2685183627530932,-0.013636987991631155
50.38015913963318,3.548942245019575,-5.977172874782182,9.526115119801757,0.627440687380731,0.6410776753723622,1.2685183627530932,-0.013636987991631155
50.400155544281006,3.73176820381394,-5.977050799825746,9.708819003639686,0.627440687380731,0.6410776753723622,1.2685183627530932,-0.013636987991631155
50.42014956474304,3.9139833930202106,-5.976953139860598,9.890936532880808,0.627440687380731,0.6410776753723622,1.2685183627530932,-0.013636987991631155
50.44014930725098,4.0956327682368,-5.976875011888479,10.072507780125278,0.627440687380731,0.6410776753723622,1.2685183627530932,-0.013636987991631155
50.46015667915344,4.27670433308952,-5.976812509510784,10.253516842600304,0.627440687380731,0.6410776753723622,1.2685183627530932,-0.013636987991631155
50.48032879829407,4.458582611421318,-5.976762507608628,10.435345119029947,0.627440687380731,0.6410776753723622,1.2685183627530932,-0.013636987991631155
50.50034022331238,4.638304400160049,-5.976722506086903,10.615026906246952,0.5952561089023947,0.5893850666284561,1.1846411755308508,0.0058710422739385315
50.52021074295044,4.816035236774742,-5.976722506086903,10.792757742861646,0.5952561089023947,0.5893850666284561,1.1846411755308508,0.0058710422739385315
50.54018449783325,4.993932854439856,-5.976690504869523,10.970623359309378,0.5952561089023947,0.5893850666284561,1.1846411755308508,0.0058710422739385315
50.56015467643738,5.171012301043931,-5.976664903895619,11.147677204939551,0.5952561089023947,0.5893850666284561,1.1846411755308508,0.0058710422739385315
50.580148696899414,5.347487558888271,-5.976644423116496,11.324131982004767,0.5952561089023947,0.5893850666284561,1.1846411755308508,0.0058710422739385315
50.60015797615051,5.523252598109832,-5.976628038493198,11.49988063660303,0.5952561089023947,0.5893850666284561,1.1846411755308508,0.0058710422739385315
50.62015509605408,5.698038633564313,-5.976614930794558,11.674653564358872,0.5952561089023947,0.5893850666284561,1.1846411755308508,0.0058710422739385315
50.64015507698059,5.8719499543682225,-5.959026319635647,11.83097627400387,0.5952561089023947,0.5893850666284561,1.1846411755308508,0.0058710422739385315
50.660157442092896,6.0449545929392645,-5.944955430708519,11.989910023647784,0.5952561089023947,0.5893850666284561,1.1846411755308508,0.0058710422739385315
50.68032741546631,6.218442004803588,-5.916120594566816,12.134562599370405,0.5952561089023947,0.5893850666284561,1.1846411755308508,0.0058710422739385315
50.70022010803223,6.388566348363437,-5.893052725653453,12.28161907401689,0.5616042354330419,0.5193850666284561,1.080989302061498,0.04221916880458587
50.720165729522705,6.558141302795412,-5.874598430522763,12.432739733318176,0.5616042354330419,0.5193850666284561,1.080989302061498,0.04221916880458587
50.740233182907104,6.727712561882538,-5.874598430522763,12.6023109924053,0.5616042354330419,0.5193850666284561,1.080989302061498,0.04221916880458587
50.760252475738525,6.895811167921965,-5.859834994418211,12.755646162340177,0.5616042354330419,0.5193850666284561,1.080989302061498,0.04221916880458587
50.7802791595459,7.062880196839585,-5.848024245534569,12.910904442374154,0.5616042354330419,0.5193850666284561,1.080989302061498,0.04221916880458587
50.800212144851685,7.228057150781152,-5.838575646427656,13.066632797208808,0.5616042354330419,0.5193850666284561,1.080989302061498,0.04221916880458587
50.820149183273315,7.392133585843233,-5.813438642142126,13.205572227985359,0.5616042354330419,0.5193850666284561,1.080989302061498,0.04221916880458587
50.84014701843262,7.555545058485783,-5.793329038713701,13.348874097199484,0.5616042354330419,0.5193850666284561,1.080989302061498,0.04221916880458587
50.86014676094055,7.717779095589627,-5.75966323097096,13.477442326560588,0.5616042354330419,0.5193850666284561,1.080989302061498,0.04221916880458587
50.88014554977417,7.878786788838728,-5.7327305847767684,13.611517373615497,0.5616042354330419,0.5193850666284561,1.080989302061498,0.04221916880458587
50.90013408660889,8.03846890419047,-5.711184467821415,13.749653372011885,0.5616042354330419,0.5193850666284561,1.080989302061498,0.04221916880458587
50.92013454437256,8.196977199859258,-5.693947574257133,13.890924774116392,0.5616042354330419,0.5193850666284561,1.080989302061498,0.04221916880458587
50.940149784088135,8.354306747420248,-5.680158059405707,14.034464806825955,0.5616042354330419,0.5193850666284561,1.080989302061498,0.04221916880458587
50.96014165878296,8.51013370368682,-5.680158059405707,14.190291763092528,0.5616042354330419,0.5193850666284561,1.080989302061498,0.04221916880458587
50.98016047477722,8.664825170729758,-5.669126447524565,14.333951618254323,0.5616042354330419,0.5193850666284561,1.080989302061498,0.04221916880458587
51.00015163421631,8.817934925781593,-5.660301158019653,14.478236083801246,0.5616042354330419,0.5193850666284561,1.080989302061498,0.04221916880458587
51.020140171051025,8.969633646018128,-5.653240926415723,14.622874572433851,0.5616042354330419,0.5193850666284561,1.080989302061498,0.04221916880458587
51.04014801979065,9.120062085191691,-5.647592741132578,14.767654826324268,0.5616042354330419,0.5193850666284561,1.080989302061498,0.04221916880458587
51.06016254425049,9.269098697447673,-5.643074192906063,14.912172890353736,0.5616042354330419,0.5193850666284561,1.080989302061498,0.04221916880458587
51.0801522731781,9.416487579347674,-5.639459354324851,15.055946933672525,0.5616042354330419,0.5193850666284561,1.080989302061498,0.04221916880458587
51.10017681121826,9.562643775480726,-5.6365674834598805,15.199211258940608,0.5616042354330419,0.5193850666284561,1.080989302061498,0.04221916880458587
51.12016439437866,9.707020685334367,-5.634253986767905,15.341274672102273,0.631604235433042,0.5893850666284561,1.2209893020614981,0.04221916880458587
51.14019441604614,9.850168298784084,-5.649981314414324,15.500149613198408,0.631604235433042,0.5893850666284561,1.2209893020614981,0.04221916880458587
51.160290479660034,9.992220012881425,-5.64498505153146,15.637205064412885,0.631604235433042,0.5893850666284561,1.2209893020614981,0.04221916880458587
51.1802933216095,10.132030798170064,-5.64498505153146,15.777015849701524,0.631604235433042,0.5893850666284561,1.2209893020614981,0.04221916880458587
51.20018529891968,10.269479591000689,-5.658566166225168,15.928045757225856,0.631604235433042,0.5893850666284561,1.2209893020614981,0.04221916880458587
51.22014355659485,10.405774115074271,-5.669431057980135,16.075205173054407,0.631604235433042,0.5893850666284561,1.2209893020614981,0.04221916880458587
51.240134716033936,10.540652923808224,-5.678122971384108,16.218775895192334,0.631604235433042,0.5893850666284561,1.2209893020614981,0.04221916880458587
51.26013231277466,10.67391133878284,-5.685076502107287,16.358987840890126,0.631604235433042,0.5893850666284561,1.2209893020614981,0.04221916880458587
51.28013849258423,10.80554073161199,-5.6906393266858295,16.496180058297817,0.631604235433042,0.5893850666284561,1.2209893020614981,0.04221916880458587
51.300135374069214,10.935402765253611,-5.712667711348664,16.648070476602275,0.631604235433042,0.5893850666284561,1.2209893020614981,0.04221916880458587
51.32014846801758,11.063641690645312,-5.730290419078932,16.793932109724246,0.631604235433042,0.5893850666284561,1.2209893020614981,0.04221916880458587
51.340144634246826,11.190025006346591,-5.744388585263145,16.934413591609736,0.631604235433042,0.5893850666284561,1.2209893020614981,0.04221916880458587
51.360151290893555,11.314706874442681,-5.755667118210517,17.0703739926532,0.631604235433042,0.5893850666284561,1.2209893020614981,0.04221916880458587
51.38015794754028,11.437600829618086,-5.755667118210517,17.193267947828602,0.631604235433042,0.5893850666284561,1.2209893020614981,0.04221916880458587
51.40020179748535,11.558910863180296,-5.764689944568414,17.32360080774871,0.631604235433042,0.5893850666284561,1.2209893020614981,0.04221916880458587
51.42018914222717,11.678053378411835,-5.789486330654731,17.467539709066568,0.631604235433042,0.5893850666284561,1.2209893020614981,0.04221916880458587
51.44016194343567,11.795269448332279,-5.791745314523785,17.587014762856064,0.631604235433042,0.5893850666284561,1.2209893020614981,0.04221916880458587
51.4601571559906,11.91075636388546,-5.811130626619029,17.721886990504487,0.631604235433042,0.5893850666284561,1.2209893020614981,0.04221916880458587
51.4802610874176,12.024975870647921,-5.826638876295224,17.851614746943145,0.631604235433042,0.5893850666284561,1.2209893020614981,0.04221916880458587
51.50027537345886,12.136780232849084,-5.83904547603618,17.975825708885264,0.7,0.6593850666284562,1.3593850666284562,0.04061493337154376
51.5202431678772,12.246412300827624,-5.848970755828945,18.09538305665657,0.7,0.6593850666284562,1.3593850666284562,0.04061493337154376
51.540247201919556,12.3543104517747,-5.856910979663156,18.211221431437856,0.7,0.6593850666284562,1.3593850666284562,0.04061493337154376
51.560205698013306,12.460017975303165,-5.863263158730526,18.323281134033692,0.7,0.6593850666284562,1.3593850666284562,0.04061493337154376
51.580175161361694,12.563822543445657,-5.868344901984422,18.43216744543008,0.7,0.6593850666284562,1.3593850666284562,0.04061493337154376
51.600151777267456,12.665685307511465,-5.872410296587538,18.538095604099002,0.7,0.6593850666284562,1.3593850666284562,0.04061493337154376
51.620145320892334,12.76563646188451,-5.872410296587538,18.638046758472047,0.7,0.6593850666284562,1.3593850666284562,0.04061493337154376
51.64013314247131,12.863545336288398,-5.875662612270031,18.73920794855843,0.7,0.6593850666284562,1.3593850666284562,0.04061493337154376
51.66014885902405,12.959557766052612,-5.878264464816025,18.83782223086864,0.7,0.6593850666284562,1.3593850666284562,0.04061493337154376
51.680150747299194,13.053456308701858,-5.880345946852821,18.933802255554678,0.7,0.6593850666284562,1.3593850666284562,0.04061493337154376
51.70023322105408,13.145658981393582,-5.8820111324822575,19.02767011387584,0.6299999999999999,0.6098911093175412,1.239891109317541,0.02010889068245869
51.72020244598389,13.235266396534634,-5.883343280985807,19.11860967752044,0.6299999999999999,0.6098911093175412,1.239891109317541,0.02010889068245869
51.740161418914795,13.3227458397275,-5.884408999788645,19.207154839516143,0.6299999999999999,0.6098911093175412,1.239891109317541,0.02010889068245869
51.7601535320282,13.408270112762235,-5.902839699830917,19.311109812593152,0.6299999999999999,0.6098911093175412,1.239891109317541,0.02010889068245869
51.780152559280396,13.491707212887064,-5.917584259864735,19.4092914727518,0.6299999999999999,0.6098911093175412,1.239891109317541,0.02010889068245869
51.80020189285278,13.573215848625468,-5.929379907891788,19.502595756517255,0.6299999999999999,0.6098911093175412,1.239891109317541,0.02010889068245869
51.820157527923584,13.652204702617428,-5.938816426313432,19.591021128930862,0.6299999999999999,0.6098911093175412,1.239891109317541,0.02010889068245869
51.84016036987305,13.729226492729241,-5.938816426313432,19.668042919042673,0.6299999999999999,0.6098911093175412,1.239891109317541,0.02010889068245869
51.8601553440094,13.804050648187854,-5.946365641050746,19.7504162892386,0.6299999999999999,0.6098911093175412,1.239891109317541,0.02010889068245869
51.88022208213806,13.876952873493023,-5.952405012840598,19.82935788633362,0.6299999999999999,0.6098911093175412,1.239891109317541,0.02010889068245869
51.90020155906677,13.947346484084214,-5.9572365102724785,19.904582994356694,0.5599999999999998,0.5991793648898602,1.15917936488986,-0.0391793648898604
51.920183420181274,14.015550171024723,-5.961101708217984,19.976651879242706,0.5599999999999998,0.5991793648898602,1.15917936488986,-0.0391793648898604
51.94019150733948,14.081629813758607,-5.964193866574387,20.045823680332994,0.5599999999999998,0.5991793648898602,1.15917936488986,-0.0391793648898604
51.96016001701355,14.145359900316162,-5.94908946825951,20.094449368575674,0.5599999999999998,0.5991793648898602,1.15917936488986,-0.0391793648898604
51.98016667366028,14.20697865521583,-5.937005949607609,20.143984604823437,0.5599999999999998,0.5991793648898602,1.15917936488986,-0.0391793648898604
52.000210762023926,14.266461446146828,-5.909761009686088,20.176222455832914,0.5599999999999998,0.5991793648898602,1.15917936488986,-0.0391793648898604
52.02017402648926,14.323455281598648,-5.887965057748871,20.21142033934752,0.5599999999999998,0.5991793648898602,1.15917936488986,-0.0391793648898604
52.04014277458191,14.37821030466608,-5.870528296199097,20.248738600865178,0.5599999999999998,0.5991793648898602,1.15917936488986,-0.0391793648898604
52.060131549835205,14.430753437946361,-5.870528296199097,20.30128173414546,0.5599999999999998,0.5991793648898602,1.15917936488986,-0.0391793648898604
52.080132722854614,14.481050814466736,-5.803844511959278,20.284895326426014,0.5599999999999998,0.5991793648898602,1.15917936488986,-0.0391793648898604
52.100128173828125,14.529047789652786,-5.680184984567424,20.20923277422021,0.5599999999999998,0.5991793648898602,1.15917936488986,-0.0391793648898604
52.120129108428955,14.57476372206678,-5.581257362653939,20.15602108472072,0.5599999999999998,0.5991793648898602,1.15917936488986,-0.0391793648898604
52.14012670516968,14.618170862461053,-5.502115265123152,20.120286127584205,0.5599999999999998,0.5991793648898602,1.15917936488986,-0.0391793648898604
52.16012763977051,14.659276845950986,-5.438801587098522,20.09807843304951,0.5599999999999998,0.5991793648898602,1.15917936488986,-0.0391793648898604
52.18014574050903,14.698100040165125,-5.388150644678818,20.086250684843943,0.5599999999999998,0.5991793648898602,1.15917936488986,-0.0391793648898604
52.20015501976013,14.73458246016285,-5.347629890743055,20.082212350905905,0.5599999999999998,0.5991793648898602,1.15917936488986,-0.0391793648898604
52.22013759613037,14.768691934919765,-5.315213287594445,20.08390522251421,0.5599999999999998,0.5991793648898602,1.15917936488986,-0.0391793648898604
52.240267753601074,14.800699371523393,-5.289280005075556,20.089979376598947,0.5599999999999998,0.5991793648898602,1.15917936488986,-0.0391793648898604
52.26030945777893,14.83021403431237,-5.268533379060445,20.098747413372813,0.4899999999999999,0.6644493640959264,1.1544493640959264,-0.17444936409592648
52.28023314476013,14.857223997826981,-5.268533379060445,20.125757376887428,0.4899999999999999,0.6644493640959264,1.1544493640959264,-0.17444936409592648
52.30017805099487,14.881930747173389,-5.251936078248357,20.133866825421745,0.4899999999999999,0.6644493640959264,1.1544493640959264,-0.17444936409592648
52.32016849517822,14.904348793560052,-5.238658237598686,20.14300703115874,0.4899999999999999,0.6644493640959264,1.1544493640959264,-0.17444936409592648
52.34016680717468,14.92442295346746,-5.228035965078949,20.152458918546408,0.4899999999999999,0.6644493640959264,1.1544493640959264,-0.17444936409592648
52.36017179489136,14.942146292493433,-5.21953814706316,20.161684439556595,0.4899999999999999,0.6644493640959264,1.1544493640959264,-0.17444936409592648
52.38017392158508,14.957506888215283,-5.142427392650528,20.09993428086581,0.4899999999999999,0.6644493640959264,1.1544493640959264,-0.17444936409592648
52.400166273117065,14.970499242946694,-4.922535664120422,19.893034907067115,0.4899999999999999,0.6644493640959264,1.1544493640959264,-0.17444936409592648
52.42015838623047,14.981129277366609,-4.570841031296338,19.551970308662945,0.4899999999999999,0.6644493640959264,1.1544493640959264,-0.17444936409592648
52.44030570983887,14.989450407824247,-4.23675095003707,19.226201357861317,0.5599999999999998,0.6443456301093102,1.20434563010931,-0.0843456301093104
52.46018695831299,14.995307016037328,-3.9167445100296563,18.912051526066985,0.5599999999999998,0.6443456301093102,1.20434563010931,-0.0843456301093104
52.48018836975098,14.998837867035968,-3.6431612330237253,18.641999100059692,0.5599999999999998,0.6443456301093102,1.20434563010931,-0.0843456301093104
52.500170946121216,14.999999913475419,-3.6431612330237253,18.643161146499143,0.5599999999999998,0.6443456301093102,1.20434563010931,-0.0843456301093104
52.520177602767944,14.998794535795218,-3.4067164864189805,18.4055110222142,0.5599999999999998,0.6443456301093102,1.20434563010931,-0.0843456301093104
52.540159702301025,14.995224938974188,-3.2175606891351847,18.212785628109373,0.5599999999999998,0.6443456301093102,1.20434563010931,-0.0843456301093104
52.5601704120636,14.989281469638858,-3.0838141763081475,18.073095645947006,0.5599999999999998,0.6443456301093102,1.20434563010931,-0.0843456301093104
52.58024048805237,14.980940296982581,-2.9768169660465182,17.957757263029098,0.5599999999999998,0.6443456301093102,1.20434563010931,-0.0843456301093104
52.60020589828491,14.970278953280685,-2.8912191978372146,17.8614981511179,0.5599999999999998,0.6443456301093102,1.20434563010931,-0.0843456301093104
52.620163440704346,14.957267392205654,-2.822740983269772,17.780008375475425,0.5599999999999998,0.6443456301093102,1.20434563010931,-0.0843456301093104
52.64016842842102,14.941864598447198,-2.767958411615818,17.709823010063015,0.5599999999999998,0.6443456301093102,1.20434563010931,-0.0843456301093104
52.660154581069946,14.924118968120103,-2.7417104792926548,17.665829447412758,0.5599999999999998,0.6443456301093102,1.20434563010931,-0.0843456301093104
52.680155515670776,14.904004172970074,-2.720712133434124,17.6247163064042,0.5599999999999998,0.6443456301093102,1.20434563010931,-0.0843456301093104
52.700172662734985,14.88151647637654,-2.7039134567473,17.58542993312384,0.5037387548387049,0.5743456301093102,1.078084384948015,-0.07060687527060527
52.72020721435547,14.856652162079062,-2.7039134567473,17.560565618826363,0.5037387548387049,0.5743456301093102,1.078084384948015,-0.07060687527060527
52.74016070365906,14.82954856434806,-2.69047451539784,17.5200230797459,0.5037387548387049,0.5743456301093102,1.078084384948015,-0.07060687527060527
52.76014566421509,14.800065824229321,-2.6797233623182724,17.479789186547592,0.5037387548387049,0.5743456301093102,1.078084384948015,-0.07060687527060527
52.78014922142029,14.768218804314625,-2.671122439854618,17.439341244169242,0.5037387548387049,0.5743456301093102,1.078084384948015,-0.07060687527060527
52.8001503944397,14.734043094462443,-2.664241701883695,17.39828479634614,0.5037387548387049,0.5743456301093102,1.078084384948015,-0.07060687527060527
52.820146799087524,14.697549414737738,-2.6587371115069565,17.356286526244695,0.5037387548387049,0.5743456301093102,1.078084384948015,-0.07060687527060527
52.84014940261841,14.65872326458495,-2.6543334392055655,17.313056703790515,0.5037387548387049,0.5743456301093102,1.078084384948015,-0.07060687527060527
52.86014914512634,14.61758777924372,-2.6332323763644525,17.250820155608174,0.5037387548387049,0.5743456301093102,1.078084384948015,-0.07060687527060527
52.880165338516235,14.574107383701628,-2.5987734010915617,17.17288078479319,0.5037387548387049,0.5743456301093102,1.078084384948015,-0.07060687527060527
52.90026354789734,14.528129501797947,-2.5712062208732496,17.099335722671196,0.5725810541212557,0.6443456301093102,1.216926684230566,-0.07176457598805452
52.92015790939331,14.480336310991811,-2.5315743516985996,17.01191066269041,0.5725810541212557,0.6443456301093102,1.216926684230566,-0.07176457598805452
52.9401535987854,14.430019871965271,-2.5315743516985996,16.96159422366387,0.5725810541212557,0.6443456301093102,1.216926684230566,-0.07176457598805452
52.960158586502075,14.377400761961953,-2.49986885635888,16.87726961832083,0.5725810541212557,0.6443456301093102,1.216926684230566,-0.07176457598805452
52.9801549911499,14.32253419766245,-2.474504460087104,16.797038657749553,0.5725810541212557,0.6443456301093102,1.216926684230566,-0.07176457598805452
53.00015211105347,14.265404668522038,-2.4717910680696833,16.737195736591723,0.5725810541212557,0.6443456301093102,1.216926684230566,-0.07176457598805452
53.02011322975159,14.206132039095163,-2.452042229455747,16.65817426855091,0.5725810541212557,0.6443456301093102,1.216926684230566,-0.07176457598805452
53.04014348983765,14.144407889114007,-2.4538212835645976,16.598229172678604,0.5725810541212557,0.6443456301093102,1.216926684230566,-0.07176457598805452
53.06031370162964,14.079988630980868,-2.4552445268516783,16.535233157832547,0.5725810541212557,0.6443456301093102,1.216926684230566,-0.07176457598805452
53.08025336265564,14.014082888057008,-2.4563831214813425,16.47046600953835,0.6192406466603277,0.5743456301093102,1.193586276769638,0.044895016551017575
53.100170850753784,13.946054442613468,-2.457293997185074,16.403348439798542,0.6192406466603277,0.5743456301093102,1.193586276769638,0.044895016551017575
53.12015676498413,13.875596921022312,-2.47560082274806,16.35119774377037,0.6192406466603277,0.5743456301093102,1.193586276769638,0.044895016551017575
53.14015483856201,13.802906506110167,-2.4902462831984478,16.293152789308614,0.6192406466603277,0.5743456301093102,1.193586276769638,0.044895016551017575
53.16015386581421,13.728033249933226,-2.4902462831984478,16.218279533131675,0.6192406466603277,0.5743456301093102,1.193586276769638,0.044895016551017575
53.180171489715576,13.65091974546273,-2.5019626515587583,16.15288239702149,0.6192406466603277,0.5743456301093102,1.193586276769638,0.044895016551017575
53.20015478134155,13.571784604587895,-2.5289138712470067,16.100698475834903,0.6192406466603277,0.5743456301093102,1.193586276769638,0.044895016551017575
53.22015333175659,13.490447027129338,-2.5504748469976057,16.040921874126944,0.6192406466603277,0.5743456301093102,1.193586276769638,0.044895016551017575
53.240148067474365,13.406995584092611,-2.5677236275980846,15.974719211690696,0.6192406466603277,0.5743456301093102,1.193586276769638,0.044895016551017575
53.26041293144226,13.320257696833666,-2.5815226520784678,15.901780348912133,0.5765869556367396,0.560062983520329,1.1366499391570686,0.016523972116410546
53.2801787853241,13.233575171258241,-2.5925618716627747,15.826137042921015,0.5765869556367396,0.560062983520329,1.1366499391570686,0.016523972116410546
53.30025029182434,13.143463607760792,-2.60139324733022,15.744856855091012,0.5765869556367396,0.560062983520329,1.1366499391570686,0.016523972116410546
53.32017683982849,13.05193502257818,-2.6084583478641763,15.660393370442357,0.5765869556367396,0.560062983520329,1.1366499391570686,0.016523972116410546
53.34021282196045,12.95784097475867,-2.6141104282913417,15.571951403050011,0.5765869556367396,0.560062983520329,1.1366499391570686,0.016523972116410546
53.3602294921875,12.861787021276667,-2.6186320926330735,15.48041911390974,0.5765869556367396,0.560062983520329,1.1366499391570686,0.016523972116410546
53.38018250465393,12.76401380805546,-2.6186320926330735,15.382645900688534,0.5765869556367396,0.560062983520329,1.1366499391570686,0.016523972116410546
53.40018177032471,12.6640008509646,-2.622249424106459,15.286250275071058,0.5765869556367396,0.560062983520329,1.1366499391570686,0.016523972116410546
53.420228004455566,12.56174632962498,-2.6251432892851674,15.186889618910147,0.5765869556367396,0.560062983520329,1.1366499391570686,0.016523972116410546
53.44015145301819,12.458143541108575,-2.6274583814281343,15.085601922536709,0.5765869556367396,0.560062983520329,1.1366499391570686,0.016523972116410546
53.46015024185181,12.352185658770907,-2.6293104551425075,14.981496113913414,0.5765869556367396,0.560062983520329,1.1366499391570686,0.016523972116410546
53.48014807701111,12.244282651366525,-2.6307921141140063,14.875074765480532,0.5765869556367396,0.560062983520329,1.1366499391570686,0.016523972116410546
53.50014781951904,12.134435980770174,-2.6319774412912054,14.76641342206138,0.5765869556367396,0.560062983520329,1.1366499391570686,0.016523972116410546
53.520158529281616,12.022611381622792,-2.6153475780329645,14.637958959655755,0.5765869556367396,0.560062983520329,1.1366499391570686,0.016523972116410546
53.54014778137207,11.909009199034225,-2.602043687426372,14.511052886460597,0.5765869556367396,0.560062983520329,1.1366499391570686,0.016523972116410546
53.56014680862427,11.793471537409893,-2.591400574941098,14.38487211235099,0.5765869556367396,0.560062983520329,1.1366499391570686,0.016523972116410546
53.5801465511322,11.676067499237217,-2.5828860849528783,14.258953584190095,0.5765869556367396,0.560062983520329,1.1366499391570686,0.016523972116410546
53.60014367103577,11.55683547936757,-2.5828860849528783,14.139721564320448,0.5765869556367396,0.560062983520329,1.1366499391570686,0.016523972116410546
53.62014389038086,11.435760123267176,-2.576074492962303,14.011834616229478,0.5765869556367396,0.560062983520329,1.1366499391570686,0.016523972116410546
53.64033484458923,11.31169838376033,-2.5706252193698425,13.882323603130173,0.5765869556367396,0.560062983520329,1.1366499391570686,0.016523972116410546
53.66033959388733,11.186985291094537,-2.566265800495874,13.75325109159041,0.5065869556367395,0.49768447268754246,1.004271428324282,0.008902482949197044
53.68027591705322,11.060940420234052,-2.5627782653966995,13.623718685630752,0.5065869556367395,0.49768447268754246,1.004271428324282,0.008902482949197044
53.70020008087158,10.933238462264237,-2.55998823731736,13.493226699581598,0.5065869556367395,0.49768447268754246,1.004271428324282,0.008902482949197044
53.72016787528992,10.803537823741612,-2.557756214853888,13.3612940385955,0.5065869556367395,0.49768447268754246,1.004271428324282,0.008902482949197044
53.740169525146484,10.671912447835867,-2.555970596883111,13.227883044718977,0.5065869556367395,0.49768447268754246,1.004271428324282,0.008902482949197044
53.76016116142273,10.53866873384851,-2.5545421025064887,13.093210836354999,0.5065869556367395,0.49768447268754246,1.004271428324282,0.008902482949197044
53.78015112876892,10.403773564458103,-2.5182430570051912,12.922016621463294,0.5065869556367395,0.49768447268754246,1.004271428324282,0.008902482949197044
53.80014157295227,10.267233890103808,-2.489203820604153,12.756437710707962,0.5065869556367395,0.49768447268754246,1.004271428324282,0.008902482949197044
53.82033038139343,10.127695456413832,-2.489203820604153,12.616899277017986,0.5065869556367395,0.49768447268754246,1.004271428324282,0.008902482949197044
53.84035086631775,9.987711062885642,-2.4483943064833227,12.436105369368965,0.4460514017939565,0.5676844726875425,1.013735874481499,-0.12163307089358599
53.860188484191895,9.847446398743683,-2.4157466951866584,12.263193093930342,0.4460514017939565,0.5676844726875425,1.013735874481499,-0.12163307089358599
53.88014817237854,9.704774636790582,-2.389628606149327,12.094403242939908,0.4460514017939565,0.5676844726875425,1.013735874481499,-0.12163307089358599
53.90014147758484,9.560332410085586,-2.3687341349194617,11.929066545005048,0.4460514017939565,0.5676844726875425,1.013735874481499,-0.12163307089358599
53.920148611068726,9.414280043523439,-2.3520185579355695,11.766298601459008,0.4460514017939565,0.5676844726875425,1.013735874481499,-0.12163307089358599
53.940162658691406,9.266688750450832,-2.3210679713484557,11.587756721799288,0.4460514017939565,0.5676844726875425,1.013735874481499,-0.12163307089358599
53.960139751434326,9.117908644678499,-2.2963075020787644,11.414216146757264,0.4460514017939565,0.5676844726875425,1.013735874481499,-0.12163307089358599
53.980143308639526,8.9674920713691,-2.276499126663012,11.243991198032113,0.4460514017939565,0.5676844726875425,1.013735874481499,-0.12163307089358599
54.00032305717468,8.814315354634717,-2.2606524263304095,11.074967780965126,0.4460514017939565,0.5676844726875425,1.013735874481499,-0.12163307089358599
54.02036809921265,8.660758231964872,-2.247975066064328,10.9087332980292,0.5160514017939566,0.6376844726875426,1.1537358744814992,-0.12163307089358599
54.04021644592285,8.507354188973153,-2.247975066064328,10.75532925503748,0.5160514017939566,0.6376844726875426,1.1537358744814992,-0.12163307089358599
54.06014919281006,8.351966302164739,-2.2378331778514626,10.5897994800162,0.5160514017939566,0.6376844726875426,1.1537358744814992,-0.12163307089358599
54.08015012741089,8.194730131461384,-2.2297196672811697,10.424449798742554,0.5160514017939566,0.6376844726875426,1.1537358744814992,-0.12163307089358599
54.100297689437866,8.035032889672525,-2.223228858824936,10.25826174849746,0.5160514017939566,0.6376844726875426,1.1537358744814992,-0.12163307089358599
54.12023997306824,7.875694671715579,-2.235614337059949,10.111309008775528,0.5160514017939566,0.6376844726875426,1.1537358744814992,-0.12163307089358599
54.14018964767456,7.715060219753545,-2.2455227196479592,9.960582939401505,0.5160514017939566,0.6376844726875426,1.1537358744814992,-0.12163307089358599
54.16015625,7.553075755885809,-2.253449425718368,9.806525181604176,0.5160514017939566,0.6376844726875426,1.1537358744814992,-0.12163307089358599
54.18014144897461,7.389750030163137,-2.224634540574695,9.614384570737831,0.5160514017939566,0.6376844726875426,1.1537358744814992,-0.12163307089358599
54.20014238357544,7.22512913724585,-2.2015826324597554,9.426711769705605,0.5160514017939566,0.6376844726875426,1.1537358744814992,-0.12163307089358599
54.22014617919922,7.059343414347434,-2.1831411059678043,9.242484520315237,0.5160514017939566,0.6376844726875426,1.1537358744814992,-0.12163307089358599
54.240163803100586,6.892326760789959,-2.1683878847742433,9.060714645564202,0.5160514017939566,0.6376844726875426,1.1537358744814992,-0.12163307089358599
54.26014542579651,6.724523108997371,-2.1683878847742433,8.892910993771615,0.5160514017939566,0.6376844726875426,1.1537358744814992,-0.12163307089358599
54.28014659881592,6.55549379853131,-2.1741634328193946,8.729657231350703,0.5160514017939566,0.6376844726875426,1.1537358744814992,-0.12163307089358599
54.30013680458069,6.385522708592319,-2.178783871255516,8.564306579847834,0.5160514017939566,0.6376844726875426,1.1537358744814992,-0.12163307089358599
54.3201379776001,6.214450182235319,-2.1824802220044126,8.39693040423973,0.5160514017939566,0.6376844726875426,1.1537358744814992,-0.12163307089358599
54.34013748168945,6.042410603689337,-2.20301542760353,8.245426031292867,0.5160514017939566,0.6376844726875426,1.1537358744814992,-0.12163307089358599
54.3602831363678,5.868149273382214,-2.2194435920828246,8.087592865465037,0.5160514017939566,0.6376844726875426,1.1537358744814992,-0.12163307089358599
54.38039827346802,5.693213848611078,-2.2325861236662594,7.925799972277337,0.5860514017939567,0.6938657097890975,1.279917111583054,-0.1078143079951408
54.400229692459106,5.519855452238618,-2.243100148933008,7.762955601171626,0.5860514017939567,0.6938657097890975,1.279917111583054,-0.1078143079951408
54.420228719711304,5.344164055671705,-2.2515113691464066,7.595675424818111,0.5860514017939567,0.6938657097890975,1.279917111583054,-0.1078143079951408
54.44028949737549,5.167082475138596,-2.258240345317126,7.425322820455722,0.5860514017939567,0.6938657097890975,1.279917111583054,-0.1078143079951408
54.46026945114136,4.989898355644386,-2.263623526253701,7.253521881898087,0.5860514017939567,0.6938657097890975,1.279917111583054,-0.1078143079951408
54.480205059051514,4.812323710847268,-2.263623526253701,7.075947237100969,0.5860514017939567,0.6938657097890975,1.279917111583054,-0.1078143079951408
54.500154972076416,4.633865801988751,-2.267930071002961,6.901795872991713,0.5860514017939567,0.6938657097890975,1.279917111583054,-0.1078143079951408
54.520142555236816,4.454340796136395,-2.271375306802369,6.725716102938764,0.5860514017939567,0.6938657097890975,1.279917111583054,-0.1078143079951408
54.54013967514038,4.274027115617546,-2.2741314954418956,6.548158611059442,0.5860514017939567,0.6938657097890975,1.279917111583054,-0.1078143079951408
54.56014084815979,4.093001960943604,-2.2763364463535165,6.36933840729712,0.5860514017939567,0.6938657097890975,1.279917111583054,-0.1078143079951408
54.580140590667725,3.911343413826814,-2.2781004070828135,6.189443820909627,0.5860514017939567,0.6938657097890975,1.279917111583054,-0.1078143079951408
54.60014224052429,3.729049824172419,-2.279511575666251,6.00856139983867,0.5860514017939567,0.6938657097890975,1.279917111583054,-0.1078143079951408
54.62014055252075,3.5461978439953685,-2.2806405105330008,5.82683835452837,0.5860514017939567,0.6938657097890975,1.279917111583054,-0.1078143079951408
54.64014220237732,3.3627553147260043,-2.281543658426401,5.644298973152406,0.5860514017939567,0.6938657097890975,1.279917111583054,-0.1078143079951408
54.66014504432678,3.178770699767667,-2.282266176741121,5.461036876508788,0.5860514017939567,0.6938657097890975,1.279917111583054,-0.1078143079951408
54.680147647857666,2.994286179219596,-2.300422316392897,5.294708495612493,0.5860514017939567,0.6938657097890975,1.279917111583054,-0.1078143079951408
54.700138092041016,2.8094412742926504,-2.300422316392897,5.109863590685547,0.5860514017939567,0.6938657097890975,1.279917111583054,-0.1078143079951408
54.72014021873474,2.6240447427027913,-2.3149472281143173,4.938991970817108,0.5860514017939567,0.6938657097890975,1.279917111583054,-0.1078143079951408
54.74014377593994,2.4382204529560165,-2.326567157491454,4.7647876104474705,0.5860514017939567,0.6938657097890975,1.279917111583054,-0.1078143079951408
54.76023292541504,2.2512134548566167,-2.3358631009931634,4.58707655584978,0.5860514017939567,0.6938657097890975,1.279917111583054,-0.1078143079951408
54.78020238876343,2.0649650689424845,-2.3432998557945304,4.408264924737015,0.5860514017939567,0.6938657097890975,1.279917111583054,-0.1078143079951408
54.80029582977295,1.8772323263168782,-2.3492492596356245,4.226481585952502,0.6560514017939567,0.6756587744131686,1.3317101762071253,-0.01960737261921186
54.82018804550171,1.6910847967820564,-2.3540087827084997,4.0450935794905565,0.6560514017939567,0.6756587744131686,1.3317101762071253,-0.01960737261921186
54.84014630317688,1.5040538033687594,-2.3578164011668,3.8618702045355593,0.6560514017939567,0.6756587744131686,1.3317101762071253,-0.01960737261921186
54.860143423080444,1.3164214385438846,-2.3608624959334397,3.677283934477324,0.6560514017939567,0.6756587744131686,1.3317101762071253,-0.01960737261921186
54.88014340400696,1.1285543673008747,-2.3808774967467516,3.5094318640476265,0.6560514017939567,0.6756587744131686,1.3317101762071253,-0.01960737261921186
54.90014576911926,0.9404866583711484,-2.3968894973974013,3.33737615576855,0.6560514017939567,0.6756587744131686,1.3317101762071253,-0.01960737261921186
54.92014241218567,0.7523242617132131,-2.3968894973974013,3.1492137591106144,0.6560514017939567,0.6756587744131686,1.3317101762071253,-0.01960737261921186
54.940144538879395,0.5639914587881378,-2.4096990979179216,2.9736905567060594,0.6560514017939567,0.6756587744131686,1.3317101762071253,-0.01960737261921186
54.96027874946594,0.37432510374147016,-2.419946778334337,2.7942718820758072,0.6560514017939567,0.6756587744131686,1.3317101762071253,-0.01960737261921186
54.980371952056885,0.18498530437126856,-2.42814492266747,2.6131302270387384,0.7,0.6056587744131685,1.3056587744131685,0.09434122558683145
55.000174045562744,-0.0016403407806075774,-2.4347034381339756,2.4330630973533682,0.7,0.6056587744131685,1.3056587744131685,0.09434122558683145
55.02015399932861,-0.18994189224672892,-2.4399502505071804,2.2500083582604513,0.7,0.6056587744131685,1.3056587744131685,0.09434122558683145
55.04015111923218,-0.37837524535928785,-2.4441477004057446,2.065772455046457,0.7,0.6056587744131685,1.3056587744131685,0.09434122558683145
55.0601806640625,-0.5670542452492516,-2.4475056603245955,1.8804514150753437,0.7,0.6056587744131685,1.3056587744131685,0.09434122558683145
55.08021545410156,-0.7556928081076232,-2.4501920282596763,1.694499220152053,0.7,0.6056587744131685,1.3056587744131685,0.09434122558683145
55.10016632080078,-0.943422231236109,-2.452341122607741,1.508918891371632,0.7,0.6056587744131685,1.3056587744131685,0.09434122558683145
55.120144844055176,-1.1312633228460718,-2.454060398086193,1.3227970752401212,0.7,0.6056587744131685,1.3056587744131685,0.09434122558683145
55.14016509056091,-1.3193178671694852,-2.454060398086193,1.1347425309167078,0.7,0.6056587744131685,1.3056587744131685,0.09434122558683145
55.16014337539673,-1.506770175340751,-2.4554358184689544,0.9486656431282035,0.7,0.6056587744131685,1.3056587744131685,0.09434122558683145
55.18014645576477,-1.6942172606053532,-2.4565361547751636,0.7623188941698105,0.7,0.6056587744131685,1.3056587744131685,0.09434122558683145
55.20013761520386,-1.881285262000322,-2.457416423820131,0.5761311618198088,0.7,0.6056587744131685,1.3056587744131685,0.09434122558683145
55.220144271850586,-2.0682011120464305,-2.4581206390561046,0.389919527009674,0.7,0.6056587744131685,1.3056587744131685,0.09434122558683145
55.240137338638306,-2.2546635255667815,-2.458684011244884,0.2040204856781025,0.7,0.6056587744131685,1.3056587744131685,0.09434122558683145
55.260140895843506,-2.440867700507585,-2.4591347089959075,0.0182670084883223,0.7,0.6056587744131685,1.3056587744131685,0.09434122558683145
55.280171632766724,-2.6269385013339566,-2.459495267196726,-0.1674432341372305,0.7,0.6056587744131685,1.3056587744131685,0.09434122558683145
55.30022430419922,-2.8127962630803833,-2.4597837137573806,-0.35301254932300274,0.7,0.6756587744131686,1.3756587744131685,0.024341225586831383
55.32022571563721,-2.9977341426007156,-2.4600144710059046,-0.5377196715948109,0.7,0.6756587744131686,1.3756587744131685,0.024341225586831383
55.34020447731018,-3.1819899680166808,-2.4601990768047237,-0.721790891211957,0.7,0.6756587744131686,1.3756587744131685,0.024341225586831383
55.3603196144104,-3.366996908668241,-2.4601990768047237,-0.9067978318635173,0.7,0.6756587744131686,1.3756587744131685,0.024341225586831383
55.38024163246155,-3.549697642790017,-2.460346761443779,-1.0893508813462378,0.7,0.6756587744131686,1.3756587744131685,0.024341225586831383
55.400246381759644,-3.7325974033096743,-2.4604649091550237,-1.2721324941546506,0.7,0.6756587744131686,1.3756587744131685,0.024341225586831383
55.4202241897583,-3.914662347742284,-2.4605594273240188,-1.4541029204182654,0.7,0.6756587744131686,1.3756587744131685,0.024341225586831383
55.44014573097229,-4.0956003433385,-2.460635041859215,-1.6349653014792849,0.7,0.6756587744131686,1.3756587744131685,0.024341225586831383
55.46013140678406,-4.276476032313268,-2.460695533487372,-1.8157804988258963,0.7,0.6756587744131686,1.3756587744131685,0.024341225586831383
55.48014807701111,-4.456956306596511,-2.478322051789898,-1.9786342548066127,0.7,0.6756587744131686,1.3756587744131685,0.024341225586831383
55.500147104263306,-4.636573464371229,-2.492423266431919,-2.14415019793931,0.7,0.6756587744131686,1.3756587744131685,0.024341225586831383
55.52018094062805,-4.815769226640594,-2.5037042381455348,-2.312064988495059,0.7,0.6756587744131686,1.3756587744131685,0.024341225586831383
55.540149450302124,-4.993621381868712,-2.512729015516428,-2.480892366352284,0.7,0.6756587744131686,1.3756587744131685,0.024341225586831383
55.5601441860199,-5.170919491762774,-2.5199488374131427,-2.6509706543496314,0.7,0.6756587744131686,1.3756587744131685,0.024341225586831383
55.580143451690674,-5.3474413720218825,-2.5199488374131427,-2.82749253460874,0.7,0.6756587744131686,1.3756587744131685,0.024341225586831383
55.60014319419861,-5.52312306965058,-2.5257246949305143,-2.997398374720066,0.7,0.6756587744131686,1.3756587744131685,0.024341225586831383
55.62014055252075,-5.697911838462709,-2.5303453809444116,-3.167566457518298,0.7,0.6756587744131686,1.3756587744131685,0.024341225586831383
55.64014649391174,-5.871875516576403,-2.5340419297555297,-3.3378335868208735,0.7,0.6756587744131686,1.3756587744131685,0.024341225586831383
55.6602566242218,-6.045810083511878,-2.5369991688044236,-3.508810914707454,0.7,0.6756587744131686,1.3756587744131685,0.024341225586831383
55.68035912513733,-6.2187139692711995,-2.5393649600435393,-3.67934900922766,0.7,0.6756587744131686,1.3756587744131685,0.024341225586831383
55.70032715797424,-6.389479174352927,-2.541257593034832,-3.8482215813180956,0.6736794661730527,0.6857850131019951,1.3594644792750479,-0.01210554692894239
55.72025918960571,-6.558933483988713,-2.5427716994278655,-4.016161784560847,0.6736794661730527,0.6857850131019951,1.3594644792750479,-0.01210554692894239
55.740169048309326,-6.7271723098037395,-2.5439829845422923,-4.183189325261447,0.6736794661730527,0.6857850131019951,1.3594644792750479,-0.01210554692894239
55.7601535320282,-6.894983015371242,-2.544952012633834,-4.350031002737408,0.6736794661730527,0.6857850131019951,1.3594644792750479,-0.01210554692894239
55.780147314071655,-7.06178392750326,-2.5457272351070674,-4.516056692396193,0.6736794661730527,0.6857850131019951,1.3594644792750479,-0.01210554692894239
55.8001389503479,-7.227452674335727,-2.5457272351070674,-4.68172543922866,0.6736794661730527,0.6857850131019951,1.3594644792750479,-0.01210554692894239
55.82014846801758,-7.3921277201351465,-2.546347413085654,-4.845780307049493,0.6736794661730527,0.6857850131019951,1.3594644792750479,-0.01210554692894239
55.84014272689819,-7.555510117437819,-2.546843555468523,-5.008666561969296,0.6736794661730527,0.6857850131019951,1.3594644792750479,-0.01210554692894239
55.86034655570984,-7.719393686431702,-2.5472404693748185,-5.172153217056883,0.6736794661730527,0.6857850131019951,1.3594644792750479,-0.01210554692894239
55.880375623703,-7.880631895127048,-2.565136125499855,-5.315495769627193,0.7,0.6920453182794155,1.3920453182794155,0.007954681720584444
55.900227308273315,-8.039210671753393,-2.5618745253998845,-5.477336146353508,0.7,0.6920453182794155,1.3920453182794155,0.007954681720584444
55.92015528678894,-8.197140920724312,-2.576843370319908,-5.620297550404404,0.7,0.6920453182794155,1.3920453182794155,0.007954681720584444
55.94016122817993,-8.354396327983693,-2.5712403212559263,-5.783156006727767,0.7,0.6920453182794155,1.3920453182794155,0.007954681720584444
55.96016240119934,-8.510294687678226,-2.5843360070047416,-5.925958680673483,0.7,0.6920453182794155,1.3920453182794155,0.007954681720584444
55.98118185997009,-8.672681175167666,-2.5772344306037933,-6.095446744563873,0.7,0.6920453182794155,1.3920453182794155,0.007954681720584444
56.00017809867859,-8.81813669697237,-2.589131294483035,-6.229005402489335,0.7,0.6920453182794155,1.3920453182794155,0.007954681720584444
56.02017259597778,-8.969878585118392,-2.589131294483035,-6.380747290635357,0.7,0.6920453182794155,1.3920453182794155,0.007954681720584444
56.04015588760376,-9.1201209571744,-2.598648785586428,-6.5214721715879715,0.7,0.6920453182794155,1.3920453182794155,0.007954681720584444
56.06029939651489,-9.27011273833958,-2.606262778469143,-6.663849959870438,0.7,0.6920453182794155,1.3920453182794155,0.007954681720584444
56.08018088340759,-9.416697470145987,-2.6123539727753147,-6.804343497370672,0.7,0.6220453182794154,1.3220453182794154,0.0779546817205845
56.10015392303467,-9.562477577696708,-2.6172269282202523,-6.945250649476455,0.7,0.6220453182794154,1.3220453182794154,0.0779546817205845
56.120147705078125,-9.70690076848094,-2.621125292576202,-7.085775475904738,0.7,0.6220453182794154,1.3220453182794154,0.0779546817205845
56.14014267921448,-9.84980055357016,-2.624243984060962,-7.225556569509198,0.7,0.6220453182794154,1.3220453182794154,0.0779546817205845
56.160144090652466,-9.991190975358665,-2.6267389372487693,-7.364452038109896,0.7,0.6220453182794154,1.3220453182794154,0.0779546817205845
56.1801552772522,-10.131071389846284,-2.628734899799016,-7.502336490047268,0.7,0.6220453182794154,1.3220453182794154,0.0779546817205845
56.200159788131714,-10.26930434035772,-2.630331669839213,-7.638972670518507,0.7,0.6220453182794154,1.3220453182794154,0.0779546817205845
56.220155239105225,-10.405853417577639,-2.6140309608713705,-7.791822456706268,0.7,0.6220453182794154,1.3220453182794154,0.0779546817205845
56.240161418914795,-10.540831978631134,-2.6140309608713705,-7.926801017759764,0.7,0.6220453182794154,1.3220453182794154,0.0779546817205845
56.260337829589844,-10.675272133311294,-2.6009903936970966,-8.074281739614197,0.7,0.6220453182794154,1.3220453182794154,0.0779546817205845
56.28020477294922,-10.80597399285335,-2.5905579399576775,-8.215416052895673,0.6299999999999999,0.5520453182794154,1.1820453182794153,0.0779546817205845
56.300159215927124,-10.935556570714704,-2.5822119769661422,-8.353344593748561,0.6299999999999999,0.5520453182794154,1.1820453182794153,0.0779546817205845
56.320148229599,-11.063640173298483,-2.5755352065729142,-8.488104966725569,0.6299999999999999,0.5520453182794154,1.1820453182794153,0.0779546817205845
56.34014558792114,-11.190030991962258,-2.5701937902583314,-8.619837201703927,0.6299999999999999,0.5520453182794154,1.1820453182794153,0.0779546817205845
56.36021304130554,-11.315088946550475,-2.5483425322066653,-8.76674641434381,0.6299999999999999,0.5520453182794154,1.1820453182794153,0.0779546817205845
56.38017010688782,-11.437674972676332,-2.5308615257653324,-8.906813446910999,0.6299999999999999,0.5520453182794154,1.1820453182794153,0.0779546817205845
56.40017342567444,-11.558740441557065,-2.516876720612266,-9.041863720944798,0.6299999999999999,0.5520453182794154,1.1820453182794153,0.0779546817205845
56.420207500457764,-11.678161966197088,-2.505688876489813,-9.172473089707275,0.6299999999999999,0.5520453182794154,1.1820453182794153,0.0779546817205845
56.44952940940857,-11.849606294949641,-2.49673860119185,-9.35286769375779,0.6299999999999999,0.5520453182794154,1.1820453182794153,0.0779546817205845
56.46029806137085,-11.911563545687423,-2.49673860119185,-9.414824944495573,0.6299999999999999,0.5520453182794154,1.1820453182794153,0.0779546817205845
56.480170249938965,-12.02446408339645,-2.4895783809534806,-9.53488570244297,0.623778992909938,0.48423911908641465,1.1080181119963526,0.13953987382352334
56.50018787384033,-12.136295604332155,-2.4838502047627844,-9.65244539956937,0.623778992909938,0.48423911908641465,1.1080181119963526,0.13953987382352334
56.520185470581055,-12.246098285694686,-2.479267663810228,-9.766830621884457,0.623778992909938,0.48423911908641465,1.1080181119963526,0.13953987382352334
56.54018950462341,-12.35400204132242,-2.4756016310481823,-9.878400410274239,0.623778992909938,0.48423911908641465,1.1080181119963526,0.13953987382352334
56.560182332992554,-12.459895367947551,-2.472668804838546,-9.987226563109004,0.623778992909938,0.48423911908641465,1.1080181119963526,0.13953987382352334
56.58018708229065,-12.563883921293607,-2.4703225438708367,-10.09356137742277,0.623778992909938,0.48423911908641465,1.1080181119963526,0.13953987382352334
56.600162744522095,-12.665740684056303,-2.450867410096669,-10.214873273959633,0.623778992909938,0.48423911908641465,1.1080181119963526,0.13953987382352334
56.62014818191528,-12.765650620843068,-2.4528814280773354,-10.312769192765733,0.623778992909938,0.48423911908641465,1.1080181119963526,0.13953987382352334
56.6401526927948,-12.86364011142018,-2.4896488924618687,-10.373991218958311,0.623778992909938,0.48423911908641465,1.1080181119963526,0.13953987382352334
56.660168409347534,-12.959650546516663,-2.554219113969495,-10.405431432547168,0.6271466562710701,0.4142391190864146,1.0413857753574847,0.21290753718465555
56.68026900291443,-13.054005341645468,-2.554219113969495,-10.499786227675973,0.6271466562710701,0.4142391190864146,1.0413857753574847,0.21290753718465555
56.700286626815796,-13.14590139401961,-2.6234534161755962,-10.522447977844013,0.6271466562710701,0.4142391190864146,1.0413857753574847,0.21290753718465555
56.72025728225708,-13.235509599739597,-2.678840857940477,-10.55666874179912,0.6271466562710701,0.4142391190864146,1.0413857753574847,0.21290753718465555
56.74022841453552,-13.323035958432904,-2.7231508113523817,-10.599885147080522,0.6271466562710701,0.4142391190864146,1.0413857753574847,0.21290753718465555
56.76024150848389,-13.408641801562203,-2.758598774081906,-10.650043027480297,0.6271466562710701,0.4142391190864146,1.0413857753574847,0.21290753718465555
56.780195236206055,-13.49188299030239,-2.8221133942655245,-10.669769596036865,0.6271466562710701,0.4142391190864146,1.0413857753574847,0.21290753718465555
56.80015182495117,-13.57301497982818,-2.99597196541242,-10.57704301441576,0.6271466562710701,0.4142391190864146,1.0413857753574847,0.21290753718465555
56.82013821601868,-13.652129297336522,-3.2405275723299365,-10.411601725006586,0.6271466562710701,0.4142391190864146,1.0413857753574847,0.21290753718465555
56.8401300907135,-13.729111537398765,-3.4889064328639496,-10.240205104534816,0.6271466562710701,0.4142391190864146,1.0413857753574847,0.21290753718465555
56.86013627052307,-13.803980308692546,-3.70518764629116,-10.098792662401387,0.6271466562710701,0.4142391190864146,1.0413857753574847,0.21290753718465555
56.88013291358948,-13.876633796211571,-3.895790742032928,-9.980843054178644,0.6271466562710701,0.4142391190864146,1.0413857753574847,0.21290753718465555
56.90014719963074,-13.947157936639115,-3.895790742032928,-10.051367194606188,0.6271466562710701,0.4142391190864146,1.0413857753574847,0.21290753718465555
56.92014193534851,-14.015410856546255,-4.048273218626343,-9.967137637919912,0.6271466562710701,0.4142391190864146,1.0413857753574847,0.21290753718465555
56.94013500213623,-14.081446325797419,-4.170259199901074,-9.911187125896344,0.6271466562710701,0.4142391190864146,1.0413857753574847,0.21290753718465555
56.96015191078186,-14.145334480151465,-4.267847984920858,-9.877486495230606,0.6271466562710701,0.4142391190864146,1.0413857753574847,0.21290753718465555
56.980144739151,-14.206912326379122,-4.345919012936687,-9.860993313442435,0.6271466562710701,0.4142391190864146,1.0413857753574847,0.21290753718465555
57.000142097473145,-14.266261534601295,-4.40837583534935,-9.857885699251945,0.6271466562710701,0.4142391190864146,1.0413857753574847,0.21290753718465555
57.020140409469604,-14.323361198924808,-4.458341293279481,-9.865019905645326,0.6271466562710701,0.4142391190864146,1.0413857753574847,0.21290753718465555
57.04014325141907,-14.378211585179622,-4.498313659623585,-9.879897925556037,0.6271466562710701,0.4142391190864146,1.0413857753574847,0.21290753718465555
57.060168981552124,-14.430849699420559,-4.530291552698867,-9.900558146721693,0.6271466562710701,0.4142391190864146,1.0413857753574847,0.21290753718465555
57.08022117614746,-14.4812681761996,-4.555873867159094,-9.925394309040506,0.6271466562710701,0.4142391190864146,1.0413857753574847,0.21290753718465555
57.100229263305664,-14.529284624291886,-4.576339718727276,-9.95294490556461,0.6971466562710702,0.3442391190864146,1.0413857753574849,0.3529075371846556
57.12024283409119,-14.575017089250077,-4.576339718727276,-9.9986773705228,0.6971466562710702,0.3442391190864146,1.0413857753574849,0.3529075371846556
57.140207052230835,-14.618340614836308,-4.592712399981822,-10.025628214854486,0.6971466562710702,0.3442391190864146,1.0413857753574849,0.3529075371846556
57.160160779953,-14.659343036352471,-4.605810544985457,-10.053532491367015,0.6971466562710702,0.3442391190864146,1.0413857753574849,0.3529075371846556
57.180139780044556,-14.69808882618389,-4.6162890609883656,-10.081799765195523,0.6971466562710702,0.3442391190864146,1.0413857753574849,0.3529075371846556
57.200138092041016,-14.734552579779987,-4.624671873790693,-10.109880705989294,0.6971466562710702,0.3442391190864146,1.0413857753574849,0.3529075371846556
57.22013807296753,-14.768692721104966,-4.648956249032555,-10.119736472072411,0.6971466562710702,0.3442391190864146,1.0413857753574849,0.3529075371846556
57.240143060684204,-14.80050838948532,-4.809008749226043,-9.991499640259276,0.6971466562710702,0.3442391190864146,1.0413857753574849,0.3529075371846556
57.26014065742493,-14.829975261959007,-5.147988249380835,-9.681987012578173,0.6971466562710702,0.3442391190864146,1.0413857753574849,0.3529075371846556
57.28018116950989,-14.857156563689827,-5.542218724504669,-9.31493783918516,0.6971466562710702,0.3442391190864146,1.0413857753574849,0.3529075371846556
57.300169706344604,-14.881920898680777,-5.892759354603736,-8.989161544077042,0.7,0.4080164019204676,1.1080164019204677,0.29198359807953234
57.32026743888855,-14.904453907781672,-6.20834810868299,-8.696105799098682,0.7,0.4080164019204676,1.1080164019204677,0.29198359807953234
57.3401620388031,-14.92441844774678,-6.20834810868299,-8.71607033906379,0.7,0.4080164019204676,1.1080164019204677,0.29198359807953234
57.36014413833618,-14.942123419244759,-6.531131611946392,-8.410991807298366,0.7,0.4080164019204676,1.1080164019204677,0.29198359807953234
57.380167722702026,-14.957502493642858,-6.806936539557114,-8.150565954085744,0.7,0.4080164019204676,1.1080164019204677,0.29198359807953234
57.40016722679138,-14.970499806378617,-7.027580481645692,-7.942919324732926,0.7,0.4080164019204676,1.1080164019204677,0.29198359807953234
57.420164823532104,-14.981132319543711,-7.204095635316555,-7.7770366842271565,0.7,0.4080164019204676,1.1080164019204677,0.29198359807953234
57.44017839431763,-14.98940536496246,-7.345307758253243,-7.644097606709217,0.7,0.4080164019204676,1.1080164019204677,0.29198359807953234
57.46032929420471,-14.995340510161649,-7.475855581602596,-7.519484928559053,0.7,0.4080164019204676,1.1080164019204677,0.29198359807953234
57.48027491569519,-14.998847998148298,-7.580293840282077,-7.418554157866221,0.6479758441448211,0.38660476507619024,1.0345806092210115,0.2613710790686309
57.50025033950806,-14.999999814441955,-7.663844447225663,-7.336155367216292,0.6479758441448211,0.38660476507619024,1.0345806092210115,0.2613710790686309
57.520267486572266,-14.998783772219788,-7.73068493278053,-7.268098839439258,0.6479758441448211,0.38660476507619024,1.0345806092210115,0.2613710790686309
57.540196657180786,-14.995216147394503,-7.784157321224424,-7.2110588261700785,0.6479758441448211,0.38660476507619024,1.0345806092210115,0.2613710790686309
57.56015729904175,-14.989286140382179,-7.784157321224424,-7.205128819157754,0.6479758441448211,0.38660476507619024,1.0345806092210115,0.2613710790686309
57.58017039299011,-14.980973575074056,-7.826935231979539,-7.154038343094517,0.6479758441448211,0.38660476507619024,1.0345806092210115,0.2613710790686309
57.600165605545044,-14.97030284222197,-7.861157560583632,-7.109145281638338,0.6479758441448211,0.38660476507619024,1.0345806092210115,0.2613710790686309
57.620163917541504,-14.957267053219773,-7.888535423466906,-7.068731629752867,0.6479758441448211,0.38660476507619024,1.0345806092210115,0.2613710790686309
57.64016890525818,-14.94186420316209,-7.910437713773526,-7.031426489388565,0.6479758441448211,0.38660476507619024,1.0345806092210115,0.2613710790686309
57.66016125679016,-14.924112647432645,-7.92795954601882,-6.996153101413825,0.6479758441448211,0.38660476507619024,1.0345806092210115,0.2613710790686309
57.680171966552734,-14.903986659199852,-7.941977011815056,-6.962009647384796,0.6479758441448211,0.38660476507619024,1.0345806092210115,0.2613710790686309
57.700164794921875,-14.881525777934812,-7.9531909844520445,-6.928334793482767,0.6479758441448211,0.38660476507619024,1.0345806092210115,0.2613710790686309
57.720221519470215,-14.856633566857484,-7.962162162561636,-6.894471404295848,0.6479758441448211,0.38660476507619024,1.0345806092210115,0.2613710790686309
57.74027109146118,-14.829392133043754,-7.969339105049309,-6.860053027994445,0.6479758441448211,0.38660476507619024,1.0345806092210115,0.2613710790686309
57.76032543182373,-14.799790025583752,-7.975080659039448,-6.824709366544304,0.6323148932307958,0.3526663683541119,0.9849812615849077,0.2796485248766839
57.78030276298523,-14.767965326987529,-7.975080659039448,-6.792884667948081,0.6323148932307958,0.3526663683541119,0.9849812615849077,0.2796485248766839
57.80031085014343,-14.733759510063486,-7.97967390223156,-6.754085607831926,0.6323148932307958,0.3526663683541119,0.9849812615849077,0.2796485248766839
57.82029747962952,-14.697265606255204,-7.983348496785247,-6.713917109469957,0.6323148932307958,0.3526663683541119,0.9849812615849077,0.2796485248766839
57.84027862548828,-14.658464901748136,-7.968710047428197,-6.689754854319939,0.6323148932307958,0.3526663683541119,0.9849812615849077,0.2796485248766839
57.86036038398743,-14.617140972651532,-7.956999287942558,-6.660141684708973,0.6323148932307958,0.3526663683541119,0.9849812615849077,0.2796485248766839
57.880265951156616,-14.573882998267875,-7.947630680354048,-6.626252317913827,0.6323148932307958,0.3526663683541119,0.9849812615849077,0.2796485248766839
57.9001739025116,-14.52833972932577,-7.94013579428324,-6.5882039350425305,0.6323148932307958,0.3526663683541119,0.9849812615849077,0.2796485248766839
57.92017483711243,-14.480294680239474,-7.934139885426592,-6.546154794812883,0.6323148932307958,0.3526663683541119,0.9849812615849077,0.2796485248766839
57.940183877944946,-14.429941949376097,-7.929343158341274,-6.5005987910348235,0.6323148932307958,0.3526663683541119,0.9849812615849077,0.2796485248766839
57.960169553756714,-14.377371291034597,-7.9255057766730195,-6.451865514361578,0.6323148932307958,0.3526663683541119,0.9849812615849077,0.2796485248766839
57.98016858100891,-14.322496139727704,-7.922435871338416,-6.400060268389288,0.6323148932307958,0.3526663683541119,0.9849812615849077,0.2796485248766839
58.00016403198242,-14.265369939198756,-7.922435871338416,-6.34293406786034,0.6323148932307958,0.3526663683541119,0.9849812615849077,0.2796485248766839
58.02018356323242,-14.20591923428043,-7.9199799470707335,-6.285939287209696,0.6323148932307958,0.3526663683541119,0.9849812615849077,0.2796485248766839
58.04015493392944,-14.144371982320216,-7.9180152076565875,-6.226356774663628,0.6323148932307958,0.3526663683541119,0.9849812615849077,0.2796485248766839
58.06017470359802,-14.080440310714009,-7.91644341612527,-6.163996894588738,0.6323148932307958,0.3526663683541119,0.9849812615849077,0.2796485248766839
58.08017635345459,-14.014341661426194,-7.9151859829002165,-6.099155678525977,0.6323148932307958,0.3526663683541119,0.9849812615849077,0.2796485248766839
58.100180864334106,-13.946019690879428,-7.914180036320175,-6.031839654559253,0.6323148932307958,0.3526663683541119,0.9849812615849077,0.2796485248766839
58.120171785354614,-13.875543144588084,-7.913375279056139,-5.962167865531945,0.6323148932307958,0.3526663683541119,0.9849812615849077,0.2796485248766839
58.140180587768555,-13.802811503799175,-7.912731473244913,-5.8900800305542615,0.6323148932307958,0.3526663683541119,0.9849812615849077,0.2796485248766839
58.160173177719116,-13.727959899650335,-7.912216428595931,-5.815743471054404,0.6323148932307958,0.3526663683541119,0.9849812615849077,0.2796485248766839
58.180158615112305,-13.650970037362773,-7.9118043928767445,-5.739165644486029,0.6323148932307958,0.3526663683541119,0.9849812615849077,0.2796485248766839
58.20015025138855,-13.571802786426154,-7.9114747643013965,-5.660328022124758,0.6323148932307958,0.3526663683541119,0.9849812615849077,0.2796485248766839
58.220170736312866,-13.490375310227567,-7.9114747643013965,-5.57890054592617,0.6323148932307958,0.3526663683541119,0.9849812615849077,0.2796485248766839
58.240312814712524,-13.406299175777134,-7.911211061441119,-5.495088114336015,0.6150932729244232,0.4171174146421254,1.0322106875665487,0.1979758582822978
58.26028919219971,-13.320793894161387,-7.911000099152895,-5.409793795008492,0.6150932729244232,0.4171174146421254,1.0322106875665487,0.1979758582822978
58.280290365219116,-13.233080034850722,-7.910831329322317,-5.322248705528406,0.6150932729244232,0.4171174146421254,1.0322106875665487,0.1979758582822978
58.30029845237732,-13.143244869987486,-7.910696313457854,-5.232548556529632,0.6150932729244232,0.4171174146421254,1.0322106875665487,0.1979758582822978
58.320430517196655,-13.050756587052842,-7.910588300766284,-5.140168286286558,0.6150932729244232,0.4171174146421254,1.0322106875665487,0.1979758582822978
58.34039258956909,-12.956987422802433,-7.910501890613029,-5.046485532189404,0.6150932729244232,0.4171174146421254,1.0322106875665487,0.1979758582822978
58.36028742790222,-12.861506045180764,-7.910432762490424,-4.9510732826903405,0.6150932729244232,0.4171174146421254,1.0322106875665487,0.1979758582822978
58.38019013404846,-12.763976038026914,-7.910377459992339,-4.853598578034576,0.6150932729244232,0.4171174146421254,1.0322106875665487,0.1979758582822978
58.400195837020874,-12.66392980018728,-7.9103332179938715,-4.753596582193408,0.6150932729244232,0.4171174146421254,1.0322106875665487,0.1979758582822978
58.42019748687744,-12.56190351652972,-7.910297824395098,-4.651605692134622,0.6150932729244232,0.4171174146421254,1.0322106875665487,0.1979758582822978
58.440195083618164,-12.457914511818553,-7.910297824395098,-4.547616687423455,0.6150932729244232,0.4171174146421254,1.0322106875665487,0.1979758582822978
58.460190296173096,-12.351971479734507,-7.927847634516079,-4.424123845218428,0.6150932729244232,0.4171174146421254,1.0322106875665487,0.1979758582822978
58.480180740356445,-12.244104822667108,-7.941887482612862,-4.302217340054246,0.6150932729244232,0.4171174146421254,1.0322106875665487,0.1979758582822978
58.500237226486206,-12.133940606466984,-7.953119361090291,-4.180821245376693,0.5450932729244231,0.38304415123537183,0.9281374241597949,0.16204912168905128
58.52030038833618,-12.0218118340851,-7.962104863872233,-4.059706970212866,0.5450932729244231,0.38304415123537183,0.9281374241597949,0.16204912168905128
58.540234327316284,-11.908513246952777,-7.969293266097788,-3.9392199808549897,0.5450932729244231,0.38304415123537183,0.9281374241597949,0.16204912168905128
58.56017756462097,-11.793292416182515,-7.957465862878232,-3.8358265533042832,0.5450932729244231,0.38304415123537183,0.9281374241597949,0.16204912168905128
58.5801899433136,-11.675810763873336,-7.948003940302586,-3.7278068235707504,0.5450932729244231,0.38304415123537183,0.9281374241597949,0.16204912168905128
58.60017251968384,-11.556662148009439,-7.9404344022420705,-3.616227745767368,0.5450932729244231,0.38304415123537183,0.9281374241597949,0.16204912168905128
58.62015652656555,-11.435683054710037,-7.916800646793656,-3.5188824079163803,0.5450932729244231,0.38304415123537183,0.9281374241597949,0.16204912168905128
58.640223026275635,-11.31239047434837,-7.8978936424349255,-3.4144968319134437,0.5450932729244231,0.38304415123537183,0.9281374241597949,0.16204912168905128
58.660178422927856,-11.187997147842855,-7.8978936424349255,-3.29010350540793,0.5450932729244231,0.38304415123537183,0.9281374241597949,0.16204912168905128
58.68016743659973,-11.061630988342944,-7.88276803894794,-3.178862949395004,0.5450932729244231,0.38304415123537183,0.9281374241597949,0.16204912168905128
58.70018482208252,-10.933336920137782,-7.870667556158352,-3.0626693639794293,0.5450932729244231,0.38304415123537183,0.9281374241597949,0.16204912168905128
58.7201623916626,-10.803573676973235,-7.860987169926681,-2.9425865070465536,0.5450932729244231,0.38304415123537183,0.9281374241597949,0.16204912168905128
58.740161657333374,-10.671964556500875,-7.853242860941346,-2.818721695559529,0.4750932729244231,0.4530441512353718,0.9281374241597948,0.02204912168905132
58.76030254364014,-10.537720479015936,-7.847047413753077,-2.6906730652628594,0.4750932729244231,0.4530441512353718,0.9281374241597948,0.02204912168905132
58.78031635284424,-10.402651740460211,-7.842091056002461,-2.5605606844577498,0.4750932729244231,0.4530441512353718,0.9281374241597948,0.02204912168905132
58.800294399261475,-10.266183782167316,-7.838125969801969,-2.4280578123653465,0.4750932729244231,0.4530441512353718,0.9281374241597948,0.02204912168905132
58.82031297683716,-10.127816456085924,-7.834953900841575,-2.2928625552443487,0.4750932729244231,0.4530441512353718,0.9281374241597948,0.02204912168905132
58.840399742126465,-9.987367377501888,-7.832416245673262,-2.1549511318286267,0.4750932729244231,0.4530441512353718,0.9281374241597948,0.02204912168905132
58.860387086868286,-9.84603437926979,-7.832416245673262,-2.0136181335965286,0.4750932729244231,0.4530441512353718,0.9281374241597948,0.02204912168905132
58.88039827346802,-9.702977185727718,-7.79522987153861,-1.9077473141891081,0.4750932729244231,0.4530441512353718,0.9281374241597948,0.02204912168905132
58.90042328834534,-9.55828562360223,-7.695168272230888,-1.8631173513713426,0.4750932729244231,0.4530441512353718,0.9281374241597948,0.02204912168905132
58.92030882835388,-9.413104419645652,-7.47449399278471,-1.9386104268609419,0.4750932729244231,0.4530441512353718,0.9281374241597948,0.02204912168905132
58.94026279449463,-9.265946606747974,-7.174907694227768,-2.0910389125202062,0.4750932729244231,0.4530441512353718,0.9281374241597948,0.02204912168905132
58.96013426780701,-9.117949682370964,-6.900082405382215,-2.2178672769887493,0.4750932729244231,0.4530441512353718,0.9281374241597948,0.02204912168905132
58.980133056640625,-8.967569526041771,-6.680222174305773,-2.287347351735998,0.4750932729244231,0.4530441512353718,0.9281374241597948,0.02204912168905132
59.00013971328735,-8.815713463769715,-6.504333989444619,-2.311379474325096,0.4750932729244231,0.4530441512353718,0.9281374241597948,0.02204912168905132
59.020139932632446,-8.662513901897753,-6.346045316555696,-2.316468585342058,0.4750932729244231,0.4530441512353718,0.9281374241597948,0.02204912168905132
59.04014563560486,-8.507903834238473,-6.219414378244556,-2.2884894559939166,0.4750932729244231,0.4530441512353718,0.9281374241597948,0.02204912168905132
59.06013870239258,-8.352048428040675,-6.118109627595646,-2.2339388004450287,0.4750932729244231,0.4530441512353718,0.9281374241597948,0.02204912168905132
59.080153465270996,-8.194703782370583,-6.037065827076517,-2.1576379552940663,0.4750932729244231,0.4530441512353718,0.9281374241597948,0.02204912168905132
59.10013747215271,-8.036307945857732,-6.037065827076517,-1.9992421187812157,0.4750932729244231,0.4530441512353718,0.9281374241597948,0.02204912168905132
59.120134353637695,-7.8765418468632165,-5.972230786661214,-1.9043110602020024,0.4750932729244231,0.4530441512353718,0.9281374241597948,0.02204912168905132
59.140164613723755,-7.715262557609452,-5.920362754328972,-1.7948998032804804,0.4750932729244231,0.4530441512353718,0.9281374241597948,0.02204912168905132
59.160228967666626,-7.552483626052641,-5.878868328463178,-1.6736152975894631,0.5450932729244231,0.38304415123537183,0.9281374241597949,0.16204912168905128
59.18021631240845,-7.389136014460886,-5.8456727877705426,-1.5434632266903439,0.5450932729244231,0.38304415123537183,0.9281374241597949,0.16204912168905128
59.200191497802734,-7.224723479656119,-5.819116355216434,-1.405607124439685,0.5450932729244231,0.38304415123537183,0.9281374241597949,0.16204912168905128
59.22015070915222,-7.059305744107016,-5.797871209173148,-1.2614345349338683,0.5450932729244231,0.38304415123537183,0.9281374241597949,0.16204912168905128
59.24014091491699,-6.892518355564702,-5.780875092338519,-1.111643263226183,0.5450932729244231,0.38304415123537183,0.9281374241597949,0.16204912168905128
59.260146617889404,-6.724513066038406,-5.767278198870815,-0.9572348671675908,0.5450932729244231,0.38304415123537183,0.9281374241597949,0.16204912168905128
59.280144453048706,-6.5555119883532615,-5.756400684096652,-0.7991113042566091,0.5450932729244231,0.38304415123537183,0.9281374241597949,0.16204912168905128
59.30014491081238,-6.385453577439219,-5.7476986722773225,-0.6377549051618967,0.5450932729244231,0.38304415123537183,0.9281374241597949,0.16204912168905128
59.32017397880554,-6.214141366436779,-5.7476986722773225,-0.4664426941594568,0.5450932729244231,0.38304415123537183,0.9281374241597949,0.16204912168905128
59.34029841423035,-6.041022324797672,-5.740737062821859,-0.3002852619758132,0.5450932729244231,0.38304415123537183,0.9281374241597949,0.16204912168905128
59.360278844833374,-5.868186496572222,-5.735167775257487,-0.1330187213147349,0.5546191391721367,0.3130441512353718,0.8676632904075086,0.24157498793676485
59.38022327423096,-5.694739727512058,-5.7307123452059905,0.03597261769393256,0.5546191391721367,0.3130441512353718,0.8676632904075086,0.24157498793676485
59.40021252632141,-5.520005886293333,-5.727148001164792,0.20714211487145917,0.5546191391721367,0.3130441512353718,0.8676632904075086,0.24157498793676485
59.42019295692444,-5.344478993063277,-5.724296525931834,0.37981753286855735,0.5546191391721367,0.3130441512353718,0.8676632904075086,0.24157498793676485
59.440208435058594,-5.167799703670475,-5.739593470745468,0.5717937670749924,0.5546191391721367,0.3130441512353718,0.8676632904075086,0.24157498793676485
59.460204124450684,-4.990478975547556,-5.751831026596375,0.761352051048819,0.5546191391721367,0.3130441512353718,0.8676632904075086,0.24157498793676485
59.48020339012146,-4.812338608683797,-5.8319335712771,1.0195949625933025,0.5546191391721367,0.3130441512353718,0.8676632904075086,0.24157498793676485
59.500192642211914,-4.63352813388214,-6.001484357021681,1.367956223139541,0.5546191391721367,0.3130441512353718,0.8676632904075086,0.24157498793676485
59.5202431678772,-4.45343530999167,-6.242593735617346,1.7891584256256756,0.5546191391721367,0.3130441512353718,0.8676632904075086,0.24157498793676485
59.54018449783325,-4.273622181647894,-6.242593735617346,1.9689715539694523,0.5546191391721367,0.3130441512353718,0.8676632904075086,0.24157498793676485
59.56020402908325,-4.092429088399247,-6.488215613493876,2.3957865250946293,0.5546191391721367,0.3130441512353718,0.8676632904075086,0.24157498793676485
59.58021330833435,-3.910681771713497,-6.702291240795102,2.791609469081605,0.5546191391721367,0.3130441512353718,0.8676632904075086,0.24157498793676485
59.60022306442261,-3.7283119868330696,-6.8911298676360815,3.162817880803012,0.5546191391721367,0.3130441512353718,0.8676632904075086,0.24157498793676485
59.620208740234375,-3.545573404242553,-7.042200769108866,3.496627364866313,0.5546191391721367,0.3130441512353718,0.8676632904075086,0.24157498793676485
59.64019155502319,-3.3623020145740026,-7.163057490287092,3.8007554757130895,0.5546191391721367,0.3130441512353718,0.8676632904075086,0.24157498793676485
59.6602201461792,-3.1780789543102728,-7.259742867229674,4.081663912919401,0.5546191391721367,0.3130441512353718,0.8676632904075086,0.24157498793676485
59.680197954177856,-2.9938215942853588,-7.337091168783739,4.343269574498381,0.5546191391721367,0.3130441512353718,0.8676632904075086,0.24157498793676485
59.70024919509888,-2.8084126761795725,-7.398969810026991,4.590557133847419,0.5546191391721367,0.3130441512353718,0.8676632904075086,0.24157498793676485
59.720428705215454,-2.621367705025031,-7.448472723021593,4.827105017996562,0.5546191391721367,0.3130441512353718,0.8676632904075086,0.24157498793676485
59.7404248714447,-2.4356063857417225,-7.488075053417274,5.0524686676755515,0.6060566363111137,0.33862864965572953,0.9446852859668433,0.2674279866553842
59.7602162361145,-2.2513689661406446,-7.488075053417274,5.23670608727663,0.6060566363111137,0.33862864965572953,0.9446852859668433,0.2674279866553842
59.78018856048584,-2.065094156445456,-7.50217879273382,5.437084636288364,0.6060566363111137,0.33862864965572953,0.9446852859668433,0.2674279866553842
59.80016088485718,-1.8784941463158893,-7.513461784187056,5.634967637871167,0.6060566363111137,0.33862864965572953,0.9446852859668433,0.2674279866553842
59.820159912109375,-1.691348257060451,-7.522488177349645,5.8311399202891945,0.6060566363111137,0.33862864965572953,0.9446852859668433,0.2674279866553842
59.840161085128784,-1.503915188811886,-7.5472874168797155,6.043372228067829,0.6060566363111137,0.33862864965572953,0.9446852859668433,0.2674279866553842
59.86016774177551,-1.3161931244455078,-7.549548683503772,6.233355559058264,0.6060566363111137,0.33862864965572953,0.9446852859668433,0.2674279866553842
59.88019347190857,-1.1280838253409715,-7.551357696803018,6.4232738714620465,0.6060566363111137,0.33862864965572953,0.9446852859668433,0.2674279866553842
59.9001898765564,-0.9400717731142045,-7.570383032442415,6.63031125932821,0.6060566363111137,0.33862864965572953,0.9446852859668433,0.2674279866553842
59.9201762676239,-0.7520055831335455,-7.585603300953932,6.833597717820386,0.6060566363111137,0.33862864965572953,0.9446852859668433,0.2674279866553842
59.94029235839844,-0.5625992753320455,-7.597779515763147,7.035180240431101,0.6060566363111137,0.33862864965572953,0.9446852859668433,0.2674279866553842
59.96018099784851,-0.3752461034128637,-7.607520487610517,7.232274384197654,0.575580300875008,0.40862864965572954,0.9842089505307375,0.16695165121927846
59.98016285896301,-0.1869558088908387,-7.607520487610517,7.420564678719678,0.575580300875008,0.40862864965572954,0.9842089505307375,0.16695165121927846
