time,target_deg,actual_deg,error_deg,p1_cmd_MPa,p2_cmd_MPa,ps_cmd_MPa,pd_cmd_MPa
8.654594421386719e-05,0.0008156763072188375,-0.08867122667930616,0.089486902986525,0.5224905546339869,0.6842421412467956,1.2067326958807825,-0.16175158661280875
0.02028942108154297,0.19121810917932508,-0.08851510634344492,0.27973321552277,0.5224905546339869,0.6842421412467956,1.2067326958807825,-0.16175158661280875
0.04040837287902832,0.38079902740933513,-0.08839021007475595,0.4691892374840911,0.5224905546339869,0.6842421412467956,1.2067326958807825,-0.16175158661280875
0.06022953987121582,0.56751455935292,-0.08829029305980476,0.6558048524127247,0.5224905546339869,0.6842421412467956,1.2067326958807825,-0.16175158661280875
0.08028507232666016,0.7563481105004766,-0.08829029305980476,0.8446384035602813,0.5224905546339869,0.6842421412467956,1.2067326958807825,-0.16175158661280875
0.10029411315917969,0.9446242582498764,-0.0882103594478438,1.0328346176977201,0.5224905546339869,0.6842421412467956,1.2067326958807825,-0.16175158661280875
0.12022590637207031,1.1320251398914325,-0.08814641255827504,1.2201715524497074,0.5224905546339869,0.6842421412467956,1.2067326958807825,-0.16175158661280875
0.1402270793914795,1.3198998329404141,-0.08809525504662004,1.4079950879870342,0.5224905546339869,0.6842421412467956,1.2067326958807825,-0.16175158661280875
0.1603097915649414,1.5083306693448615,-0.08805432903729603,1.5963849983821574,0.5224905546339869,0.6842421412467956,1.2067326958807825,-0.16175158661280875
0.18042588233947754,1.6968339157152896,-0.08802158822983683,1.7848555039451264,0.4820522713991522,0.6868221026845276,1.1688743740836798,-0.2047698312853754
0.2003343105316162,1.883124419477862,-0.08799539558386947,1.9711198150617315,0.4820522713991522,0.6868221026845276,1.1688743740836798,-0.2047698312853754
0.2203807830810547,2.0704088650731363,-0.08797444146709558,2.158383306540232,0.4820522713991522,0.6868221026845276,1.1688743740836798,-0.2047698312853754
0.24039530754089355,2.2570671730310963,-0.08795767817367647,2.345024851204773,0.4820522713991522,0.6868221026845276,1.1688743740836798,-0.2047698312853754
0.2604238986968994,2.4434993507785405,-0.10552239253894119,2.5490217433174815,0.4820522713991522,0.6868221026845276,1.1688743740836798,-0.2047698312853754
0.28034400939941406,2.6285379897794545,-0.10199603903115295,2.7305340288106077,0.4820522713991522,0.6868221026845276,1.1688743740836798,-0.2047698312853754
0.3002936840057373,2.813438550227653,-0.10199603903115295,2.9154345892588056,0.4820522713991522,0.6868221026845276,1.1688743740836798,-0.2047698312853754
0.32027411460876465,2.998181088741911,-0.11675308122492237,3.1149341699668334,0.4820522713991522,0.6868221026845276,1.1688743740836798,-0.2047698312853754
0.34022951126098633,3.182220537276573,-0.1285587149799379,3.310779252256511,0.4820522713991522,0.6868221026845276,1.1688743740836798,-0.2047698312853754
0.36020660400390625,3.3659589815599675,-0.13800322198395032,3.5039622035439177,0.4820522713991522,0.6868221026845276,1.1688743740836798,-0.2047698312853754
0.38022875785827637,3.5495797489682515,-0.12798070258716024,3.677560451555412,0.4820522713991522,0.6868221026845276,1.1688743740836798,-0.2047698312853754
0.400343656539917,3.7334853514922464,-0.11996268706972821,3.8534480385619747,0.4820522713991522,0.6868221026845276,1.1688743740836798,-0.2047698312853754
0.4203052520751953,3.915399860691551,-0.11354827465578257,4.028948135347334,0.4820522713991522,0.6868221026845276,1.1688743740836798,-0.2047698312853754
0.44036006927490234,4.0975436390510795,-0.10841674472462606,4.205960383775706,0.4820522713991522,0.6868221026845276,1.1688743740836798,-0.2047698312853754
0.4603087902069092,4.278078422528853,-0.10431152077970086,4.382389943308554,0.4820522713991522,0.6868221026845276,1.1688743740836798,-0.2047698312853754
0.4803016185760498,4.458338025713616,-0.10102734162376069,4.559365367337376,0.4820522713991522,0.6868221026845276,1.1688743740836798,-0.2047698312853754
0.5002739429473877,4.637710333597481,-0.09839999829900856,4.73611033189649,0.4820522713991522,0.6868221026845276,1.1688743740836798,-0.2047698312853754
0.5202703475952148,4.816567251976828,-0.09839999829900856,4.914967250275836,0.4820522713991522,0.6868221026845276,1.1688743740836798,-0.2047698312853754
0.5403861999511719,4.995725363791872,-0.09629812363920685,5.092023487431079,0.4820522713991522,0.6868221026845276,1.1688743740836798,-0.2047698312853754
0.5603508949279785,5.172748215056588,-0.09461662391136548,5.2673648389679535,0.4693378397780179,0.7,1.1693378397780179,-0.23066216022198205
0.5803236961364746,5.349028487407183,-0.0932714241290924,5.442299911536275,0.4693378397780179,0.7,1.1693378397780179,-0.23066216022198205
0.6003463268280029,5.524902999664239,-0.0921952643032739,5.617098263967513,0.4693378397780179,0.7,1.1693378397780179,-0.23066216022198205
0.6203742027282715,5.699948816934153,-0.09133433644261914,5.791283153376773,0.4693378397780179,0.7,1.1693378397780179,-0.23066216022198205
0.6404950618743896,5.874898380628302,-0.09064559415409532,5.965543974782397,0.4693378397780179,0.7,1.1693378397780179,-0.23066216022198205
0.6604328155517578,6.0473297552550225,-0.07251647532327625,6.119846230578299,0.4693378397780179,0.7,1.1693378397780179,-0.23066216022198205
0.6804625988006592,6.219601415099518,-0.07559130525862101,6.2951927203581395,0.4693378397780179,0.7,1.1693378397780179,-0.23066216022198205
0.7004272937774658,6.3903330165954095,-0.07805116920689681,6.468384185802306,0.4693378397780179,0.7,1.1693378397780179,-0.23066216022198205
0.7205207347869873,6.561150258588136,-0.08001906036551744,6.641169318953653,0.4693378397780179,0.7,1.1693378397780179,-0.23066216022198205
0.7404749393463135,6.729748952916978,-0.08001906036551744,6.809768013282495,0.4693378397780179,0.7,1.1693378397780179,-0.23066216022198205
0.7604906558990479,6.89780461138502,-0.06401524829241396,6.961819859677433,0.4693378397780179,0.7,1.1693378397780179,-0.23066216022198205
0.7803878784179688,7.063784136538982,-0.05121219863393117,7.114996335172913,0.4693378397780179,0.7,1.1693378397780179,-0.23066216022198205
0.8003523349761963,7.229214867545369,-0.04096975890714494,7.270184626452513,0.4693378397780179,0.7,1.1693378397780179,-0.23066216022198205
0.8203513622283936,7.393791566154757,-0.03277580712571595,7.426567373280473,0.4693378397780179,0.7,1.1693378397780179,-0.23066216022198205
0.840277910232544,7.556610734057762,-0.02622064570057276,7.582831379758335,0.4693378397780179,0.7,1.1693378397780179,-0.23066216022198205
0.8602147102355957,7.718328224262865,-0.020976516560458208,7.739304740823323,0.4693378397780179,0.7,1.1693378397780179,-0.23066216022198205
0.880216121673584,7.879352766410108,-0.016781213248366567,7.896133979658474,0.4693378397780179,0.7,1.1693378397780179,-0.23066216022198205
0.9002096652984619,8.039070288192445,-0.013424970598693254,8.052495258791138,0.4693378397780179,0.7,1.1693378397780179,-0.23066216022198205
0.9202427864074707,8.197831543991104,-0.010739976478954603,8.208571520470057,0.4693378397780179,0.7,1.1693378397780179,-0.23066216022198205
0.9402735233306885,8.355275314347473,-0.008591981183163684,8.363867295530637,0.4693378397780179,0.7,1.1693378397780179,-0.23066216022198205
0.9602694511413574,8.51112549012344,-0.008591981183163684,8.519717471306604,0.4693378397780179,0.7,1.1693378397780179,-0.23066216022198205
0.9802279472351074,8.665344246595414,-0.006873584946530948,8.672217831541944,0.4693378397780179,0.7,1.1693378397780179,-0.23066216022198205
1.0002586841583252,8.818751084320837,-0.005498867957224759,8.824249952278063,0.4693378397780179,0.7,1.1693378397780179,-0.23066216022198205
1.0202312469482422,8.970321627268198,-0.004399094365779807,8.974720721633979,0.4693378397780179,0.7,1.1693378397780179,-0.23066216022198205
1.040262222290039,9.12091659907877,-0.003519275492623846,9.124435874571393,0.4693378397780179,0.7,1.1693378397780179,-0.23066216022198205
1.060368537902832,9.27062503258943,-0.002815420394099077,9.273440452983529,0.4693378397780179,0.7,1.1693378397780179,-0.23066216022198205
1.0803472995758057,9.417918274626347,-0.01983046131527926,9.437748735941627,0.4693378397780179,0.7,1.1693378397780179,-0.23066216022198205
1.100377082824707,9.564097921725976,-0.01586436905222341,9.5799622907782,0.3993378397780179,0.7,1.0993378397780178,-0.30066216022198206
1.1202523708343506,9.707652800818021,-0.012691495241778728,9.7203442960598,0.3993378397780179,0.7,1.0993378397780178,-0.30066216022198206
1.1404180526733398,9.851757787383107,-0.027731321193422982,9.87948910857653,0.3993378397780179,0.7,1.0993378397780178,-0.30066216022198206
1.1603753566741943,9.992816614814016,-0.03976318195473839,10.032579796768754,0.3993378397780179,0.7,1.0993378397780178,-0.30066216022198206
1.1802663803100586,10.131843562117304,-0.03976318195473839,10.171606744072042,0.3993378397780179,0.7,1.0993378397780178,-0.30066216022198206
1.200225591659546,10.269756383370453,-0.031810545563790704,10.301566928934243,0.3993378397780179,0.7,1.0993378397780178,-0.30066216022198206
1.2202255725860596,10.406330839167405,-0.04302656145103256,10.449357400618437,0.3993378397780179,0.7,1.0993378397780178,-0.30066216022198206
1.2404069900512695,10.542478504394284,-0.034421249160826055,10.576899753555109,0.3993378397780179,0.7,1.0993378397780178,-0.30066216022198206
1.2603185176849365,10.675144270404926,-0.009958874328660845,10.685103144733587,0.3993378397780179,0.7,1.0993378397780178,-0.30066216022198206
1.280327320098877,10.806775009242758,0.18539227553707135,10.621382733705687,0.3993378397780179,0.7,1.0993378397780178,-0.30066216022198206
1.3002781867980957,10.936324023289542,0.5526106954296571,10.383713327859885,0.3993378397780179,0.7,1.0993378397780178,-0.30066216022198206
1.3202881813049316,11.064530813180067,0.9870104313437258,10.07752038183634,0.3993378397780179,0.7,1.0993378397780178,-0.30066216022198206
1.3402323722839355,11.190575666170169,1.3696864700749807,9.820889196095187,0.3993378397780179,0.7,1.0993378397780178,-0.30066216022198206
1.360273838043213,11.315465101290108,1.6758273010599847,9.639637800230124,0.3993378397780179,0.7,1.0993378397780178,-0.30066216022198206
1.3802714347839355,11.438292805532097,1.920739965847988,9.51755283968411,0.3993378397780179,0.7,1.0993378397780178,-0.30066216022198206
1.4003551006317139,11.559831649243364,1.920739965847988,9.639091683395376,0.3993378397780179,0.7,1.0993378397780178,-0.30066216022198206
1.4202992916107178,11.678704881815802,2.1166700976783903,9.562034784137412,0.3993378397780179,0.7,1.0993378397780178,-0.30066216022198206
1.4403424263000488,11.79632022234118,2.2909923281427123,9.505327894198468,0.3993378397780179,0.7,1.0993378397780178,-0.30066216022198206
1.4602746963500977,11.911429704739152,2.41287198751417,9.498557717224983,0.3993378397780179,0.7,1.0993378397780178,-0.30066216022198206
1.4802634716033936,12.02498930285667,2.5279538400113366,9.497035462845332,0.3293378397780179,0.7,1.0293378397780177,-0.37066216022198206
1.5003089904785156,12.136966415522314,2.6024411970090693,9.534525218513245,0.3293378397780179,0.7,1.0293378397780177,-0.37066216022198206
1.520259141921997,12.246499236056868,2.6796092076072555,9.566890028449613,0.3293378397780179,0.7,1.0293378397780177,-0.37066216022198206
1.540313959121704,12.354667270053636,2.7237654910858047,9.63090177896783,0.3293378397780179,0.7,1.0293378397780177,-0.37066216022198206
1.5602409839630127,12.460203132341968,2.776668642868644,9.683534489473324,0.3293378397780179,0.7,1.0293378397780177,-0.37066216022198206
1.58030366897583,12.564484159489904,2.8189911642949155,9.745492995194988,0.3293378397780179,0.7,1.0293378397780177,-0.37066216022198206
1.6002089977264404,12.665974221998193,2.9407398064359325,9.72523441556226,0.3293378397780179,0.7,1.0293378397780177,-0.37066216022198206
1.6203100681304932,12.766451714710232,2.9407398064359325,9.8257119082743,0.3293378397780179,0.7,1.0293378397780177,-0.37066216022198206
1.640259027481079,12.864155561683983,3.249076220148746,9.615079341535237,0.3293378397780179,0.7,1.0293378397780177,-0.37066216022198206
1.6603219509124756,12.960379144612293,3.7066828511189973,9.253696293493295,0.3293378397780179,0.7,1.0293378397780177,-0.37066216022198206
1.680248737335205,13.053911258455514,4.195815030895198,8.858096227560317,0.2593378397780179,0.7,0.9593378397780179,-0.44066216022198207
1.7003173828125,13.14604099100261,4.675011399716158,8.471029591286452,0.2593378397780179,0.7,0.9593378397780179,-0.44066216022198207
1.720308780670166,13.23573798496459,5.146259119772926,8.089478865191664,0.2593378397780179,0.7,0.9593378397780179,-0.44066216022198207
1.7402079105377197,13.322947170161674,5.5759916708183415,7.746955499343333,0.2593378397780179,0.7,0.9593378397780179,-0.44066216022198207
1.760256052017212,13.408703242105883,5.937355836654674,7.471347405451209,0.2593378397780179,0.7,0.9593378397780179,-0.44066216022198207
1.7802577018737793,13.492140255955317,6.279181544323739,7.212958711631577,0.2593378397780179,0.7,0.9593378397780179,-0.44066216022198207
1.8003475666046143,13.573800204775814,6.710845235458992,6.862954969316823,0.2593378397780179,0.7,0.9593378397780179,-0.44066216022198207
1.820345163345337,13.652937239406477,7.249535563367194,6.403401676039283,0.2593378397780179,0.7,0.9593378397780179,-0.44066216022198207
1.840362787246704,13.729994845989383,7.249535563367194,6.480459282622189,0.2593378397780179,0.7,0.9593378397780179,-0.44066216022198207
1.8602793216705322,13.80450780658216,7.838690950693756,5.965816855888404,0.2593378397780179,0.7,0.9593378397780179,-0.44066216022198207
1.880284070968628,13.877174666257567,8.415484010555005,5.4616906557025615,0.2593378397780179,0.7,0.9593378397780179,-0.44066216022198207
1.9002916812896729,13.947659040052965,8.964809083444004,4.982849956608961,0.29279535740191925,0.6873089287430048,0.9801042861449241,-0.3945135713410855
1.9202699661254883,14.015840779195452,9.509737891755204,4.506102887440248,0.29279535740191925,0.6873089287430048,0.9801042861449241,-0.3945135713410855
1.9404339790344238,14.082416984643123,10.033571563404163,4.04884542123896,0.29279535740191925,0.6873089287430048,0.9801042861449241,-0.3945135713410855
1.9603283405303955,14.145887659638047,10.522951000723332,3.622936658914716,0.29279535740191925,0.6873089287430048,0.9801042861449241,-0.3945135713410855
1.9802565574645996,14.207250431067477,10.949610800578666,3.2576396304888107,0.29279535740191925,0.6873089287430048,0.9801042861449241,-0.3945135713410855
2.0002365112304688,14.266536406130315,11.290938640462933,2.9755977656673824,0.29279535740191925,0.6873089287430048,0.9801042861449241,-0.3945135713410855
2.0203030109405518,14.323816206176573,11.564000912370348,2.7598152938062253,0.29279535740191925,0.6873089287430048,0.9801042861449241,-0.3945135713410855
2.0402987003326416,14.37862896379434,11.78245072989628,2.59617823389806,0.29279535740191925,0.6873089287430048,0.9801042861449241,-0.3945135713410855
2.060244560241699,14.43104403743024,11.78245072989628,2.648593307533961,0.29279535740191925,0.6873089287430048,0.9801042861449241,-0.3945135713410855
2.0803062915802,14.481477293373407,11.957210583917025,2.5242667094563824,0.29279535740191925,0.6873089287430048,0.9801042861449241,-0.3945135713410855
2.1002771854400635,14.529396876836605,12.09701846713362,2.432378409702986,0.29279535740191925,0.6873089287430048,0.9801042861449241,-0.3945135713410855
2.1203420162200928,14.575237994426919,12.208864773706896,2.366373220720023,0.29279535740191925,0.6873089287430048,0.9801042861449241,-0.3945135713410855
2.1404058933258057,14.618760553997134,12.298341818965518,2.320418735031616,0.36279535740191926,0.6710965789854526,1.0338919363873718,-0.30830122158353335
2.160343647003174,14.659708159734235,12.352345330172415,2.3073628295618196,0.36279535740191926,0.6710965789854526,1.0338919363873718,-0.30830122158353335
2.1802351474761963,14.698268225145613,12.395548139137933,2.30272008600768,0.36279535740191926,0.6710965789854526,1.0338919363873718,-0.30830122158353335
2.2001612186431885,14.734593401857927,12.430110386310346,2.3044830155475804,0.36279535740191926,0.6710965789854526,1.0338919363873718,-0.30830122158353335
2.2201526165008545,14.768716699116348,12.440182059048277,2.328534640068071,0.36279535740191926,0.6710965789854526,1.0338919363873718,-0.30830122158353335
2.2401516437530518,14.800521538387986,12.448239397238622,2.352282141149365,0.36279535740191926,0.6710965789854526,1.0338919363873718,-0.30830122158353335
2.26015043258667,14.829989093722098,12.437107142790898,2.3928819509311996,0.36279535740191926,0.6710965789854526,1.0338919363873718,-0.30830122158353335
2.2801501750946045,14.857116343130562,12.437107142790898,2.4200092003396634,0.36279535740191926,0.6710965789854526,1.0338919363873718,-0.30830122158353335
2.30014967918396,14.881897260629367,12.42820133923272,2.4536959213966476,0.36279535740191926,0.6710965789854526,1.0338919363873718,-0.30830122158353335
2.3201491832733154,14.90432827057151,12.403498571386175,2.500829699185335,0.36279535740191926,0.6710965789854526,1.0338919363873718,-0.30830122158353335
2.340280532836914,14.924530375206551,12.36615823210894,2.5583721430976105,0.36279535740191926,0.6710965789854526,1.0338919363873718,-0.30830122158353335
2.3602802753448486,14.942235967281189,12.318707835687153,2.6235281315940355,0.3793467514174699,0.6705218786257319,1.0498686300432016,-0.291175127208262
2.380171060562134,14.957504859979284,12.280747518549724,2.6767573414295605,0.3793467514174699,0.6705218786257319,1.0498686300432016,-0.291175127208262
2.4001574516296387,14.97049403094655,12.23280113983978,2.7376928911067715,0.3793467514174699,0.6705218786257319,1.0498686300432016,-0.291175127208262
2.420161247253418,14.98113062947558,12.212022161871824,2.769108467603756,0.3793467514174699,0.6705218786257319,1.0498686300432016,-0.291175127208262
2.4401512145996094,14.989395736646244,12.17782085449746,2.8115748821487845,0.3793467514174699,0.6705218786257319,1.0498686300432016,-0.291175127208262
2.460197925567627,14.995309601088694,12.168037933597969,2.8272716674907254,0.3793467514174699,0.6705218786257319,1.0498686300432016,-0.291175127208262
2.480212688446045,14.998840718275119,12.142633471878376,2.8562072463967425,0.3793467514174699,0.6705218786257319,1.0498686300432016,-0.291175127208262
2.500176429748535,14.999999907835296,12.142633471878376,2.8573664359569193,0.3793467514174699,0.6705218786257319,1.0498686300432016,-0.291175127208262
2.520189046859741,14.9987931680242,12.139888027502703,2.8589051405214967,0.3793467514174699,0.6705218786257319,1.0498686300432016,-0.291175127208262
2.5401580333709717,14.99522533582247,12.137691672002163,2.8575336638203073,0.3793467514174699,0.6705218786257319,1.0498686300432016,-0.291175127208262
2.5602922439575195,14.989238025543452,12.135934587601733,2.853303437941719,0.3793467514174699,0.6705218786257319,1.0498686300432016,-0.291175127208262
2.580190896987915,14.98096384367319,12.116950795081387,2.8640130485918025,0.31428577825005044,0.7,1.0142857782500503,-0.3857142217499495
2.6001603603363037,14.970305951319151,12.119341886065111,2.85096406525404,0.31428577825005044,0.7,1.0142857782500503,-0.3857142217499495
2.6201541423797607,14.95727400216207,12.121254758852091,2.8360192433099787,0.31428577825005044,0.7,1.0142857782500503,-0.3857142217499495
2.6401755809783936,14.941858669029715,12.122785057081673,2.819073611948042,0.31428577825005044,0.7,1.0142857782500503,-0.3857142217499495
2.6601688861846924,14.924105423468317,12.124009295665338,2.800096127802979,0.31428577825005044,0.7,1.0142857782500503,-0.3857142217499495
2.6801700592041016,14.903988689863509,12.142566811532271,2.7614218783312374,0.31428577825005044,0.7,1.0142857782500503,-0.3857142217499495
2.7001593112945557,14.88153226062399,12.157412824225819,2.724119436398171,0.31428577825005044,0.7,1.0142857782500503,-0.3857142217499495
2.7201647758483887,14.856707320841089,12.157412824225819,2.69929449661527,0.31428577825005044,0.7,1.0142857782500503,-0.3857142217499495
2.7401621341705322,14.829546537616787,12.186867759380656,2.6426787782361316,0.31428577825005044,0.7,1.0142857782500503,-0.3857142217499495
2.760289430618286,14.79984527358939,12.210431707504524,2.5894135660848665,0.31428577825005044,0.7,1.0142857782500503,-0.3857142217499495
2.7803194522857666,14.76793776682226,12.24686099100362,2.5210767758186403,0.31934306751514663,0.7,1.0193430675151465,-0.3806569324848533
2.800192356109619,14.733968947178663,12.276004417802897,2.457964529375767,0.31934306751514663,0.7,1.0193430675151465,-0.3806569324848533
2.8201704025268555,14.697504966098222,12.29931915924232,2.3981858068559028,0.31934306751514663,0.7,1.0193430675151465,-0.3806569324848533
2.8401575088500977,14.658707060162953,12.317970952393857,2.3407361077690965,0.31934306751514663,0.7,1.0193430675151465,-0.3806569324848533
2.86015248298645,14.617580721096687,12.332892386915086,2.2846883341816007,0.31934306751514663,0.7,1.0193430675151465,-0.3806569324848533
2.8801515102386475,14.574138218853207,12.344829534532069,2.229308684321138,0.31934306751514663,0.7,1.0193430675151465,-0.3806569324848533
2.900153160095215,14.528388365830995,12.354379252625657,2.1740091132053383,0.31934306751514663,0.7,1.0193430675151465,-0.3806569324848533
2.9201529026031494,14.480348623999037,12.362019027100526,2.1183295968985103,0.31934306751514663,0.7,1.0193430675151465,-0.3806569324848533
2.940153121948242,14.430021099050867,12.362019027100526,2.0680020719503407,0.31934306751514663,0.7,1.0193430675151465,-0.3806569324848533
2.960160970687866,14.377394355296694,12.368130846680423,2.0092635086162716,0.31934306751514663,0.7,1.0193430675151465,-0.3806569324848533
2.980292320251465,14.32214956417522,12.373020302344338,1.9491292618308815,0.31934306751514663,0.7,1.0193430675151465,-0.3806569324848533
3.000319242477417,14.264917690365005,12.376931866875472,1.887985823489533,0.31334633640522946,0.7,1.0133463364052293,-0.3866536635947705
3.0201897621154785,14.205900477271518,12.380061118500379,1.8258393587711392,0.31334633640522946,0.7,1.0133463364052293,-0.3866536635947705
3.040170669555664,14.14432260928461,12.382564519800304,1.7617580894843048,0.31334633640522946,0.7,1.0133463364052293,-0.3866536635947705
3.0601704120635986,14.080454254519807,12.384567240840246,1.6958870136795614,0.31334633640522946,0.7,1.0133463364052293,-0.3866536635947705
3.0801570415496826,14.01440654991172,12.386169417672196,1.6282371322395246,0.31334633640522946,0.7,1.0133463364052293,-0.3866536635947705
3.1001853942871094,13.94600396967553,12.387451159137758,1.5585528105377726,0.31334633640522946,0.7,1.0133463364052293,-0.3866536635947705
3.120177984237671,13.87552095077874,12.388476552310209,1.4870443984685302,0.31334633640522946,0.7,1.0133463364052293,-0.3866536635947705
3.140153646469116,13.802910904277796,12.371718741848166,1.43119216242963,0.31334633640522946,0.7,1.0133463364052293,-0.3866536635947705
3.1601572036743164,13.728020572251044,12.371718741848166,1.3563018304028773,0.31334633640522946,0.7,1.0133463364052293,-0.3866536635947705
3.180164098739624,13.650948616847893,12.375890618478534,1.275057998369359,0.31334633640522946,0.7,1.0133463364052293,-0.3866536635947705
3.2002851963043213,13.571261111887326,12.379228119782828,1.1920329921044974,0.31334633640522946,0.7,1.0133463364052293,-0.3866536635947705
3.220278024673462,13.48993318411316,12.381898120826264,1.108035063286895,0.3362730059730529,0.7,1.0362730059730527,-0.3637269940269471
3.2401838302612305,13.40684442228064,12.384034121661012,1.0228103006196285,0.3362730059730529,0.7,1.0362730059730527,-0.3637269940269471
3.2601850032806396,13.321245311935357,12.385742922328811,0.9355023896065457,0.3362730059730529,0.7,1.0362730059730527,-0.3637269940269471
3.2801570892333984,13.233671440228607,12.38710996286305,0.8465614773655563,0.3362730059730529,0.7,1.0362730059730527,-0.3637269940269471
3.3001513481140137,13.143912957008252,12.37062547029044,0.7732874867178126,0.3362730059730529,0.7,1.0362730059730527,-0.3637269940269471
3.3201615810394287,13.052005895345934,12.357437876232352,0.6945680191135821,0.3362730059730529,0.7,1.0362730059730527,-0.3637269940269471
3.3401527404785156,12.958126209907018,12.346887800985881,0.6112384089211371,0.3362730059730529,0.7,1.0362730059730527,-0.3637269940269471
3.3601503372192383,12.86217087876323,12.338447740788705,0.5237231379745246,0.3362730059730529,0.7,1.0362730059730527,-0.3637269940269471
3.3801488876342773,12.764180228750131,12.338447740788705,0.42573248796142593,0.3362730059730529,0.7,1.0362730059730527,-0.3637269940269471
3.4001495838165283,12.664163421055584,12.331695692630964,0.3324677284246196,0.3362730059730529,0.7,1.0362730059730527,-0.3637269940269471
3.420299530029297,12.561377904719418,12.326294054104773,0.23508385061464487,0.3362730059730529,0.7,1.0362730059730527,-0.3637269940269471
3.440293073654175,12.457400100435033,12.321972743283819,0.13542735715121346,0.31269198916430463,0.6994260106468573,1.0121179998111618,-0.38673402148255265
3.4601900577545166,12.351972754632872,12.300937569627056,0.05103518500581572,0.31269198916430463,0.6994260106468573,1.0121179998111618,-0.38673402148255265
3.4801628589630127,12.24420217478375,12.284109430701646,-0.03990725591789612,0.31269198916430463,0.6994260106468573,1.0121179998111618,-0.38673402148255265
3.5001580715179443,12.134379179793797,12.270646919561317,-0.13626773976752027,0.31269198916430463,0.6994260106468573,1.0121179998111618,-0.38673402148255265
3.5201587677001953,12.022610037925565,12.259876910649055,-0.2372668727234899,0.31269198916430463,0.6994260106468573,1.0121179998111618,-0.38673402148255265
3.5401532649993896,11.90897777611804,12.251260903519245,-0.34228312740120614,0.31269198916430463,0.6994260106468573,1.0121179998111618,-0.38673402148255265
3.5601632595062256,11.793375728929119,12.244368097815396,-0.45099236888627736,0.31269198916430463,0.6994260106468573,1.0121179998111618,-0.38673402148255265
3.580176591873169,11.675889760294313,12.23885385325232,-0.5629640929580066,0.31269198916430463,0.6994260106468573,1.0121179998111618,-0.38673402148255265
3.6001765727996826,11.556637795365651,12.23885385325232,-0.6822160578866683,0.31269198916430463,0.6994260106468573,1.0121179998111618,-0.38673402148255265
3.62015962600708,11.435664150991606,12.234442457601856,-0.7987783066102505,0.31269198916430463,0.6994260106468573,1.0121179998111618,-0.38673402148255265
3.6402814388275146,11.312028941454633,12.230913341081486,-0.9188843996268528,0.31269198916430463,0.6994260106468573,1.0121179998111618,-0.38673402148255265
3.6603097915649414,11.187172403428862,12.245668172865189,-1.0584957694363268,0.369368790458393,0.6929062972078099,1.0622750876662028,-0.32353750674941695
3.680192232131958,11.061473148734382,12.257472038292152,-1.1959988895577691,0.369368790458393,0.6929062972078099,1.0622750876662028,-0.32353750674941695
3.7001612186431885,10.933489220181228,12.266915130633722,-1.333425910452494,0.369368790458393,0.6929062972078099,1.0622750876662028,-0.32353750674941695
3.7201597690582275,10.803590824125617,12.274469604506978,-1.4708787803813603,0.369368790458393,0.6929062972078099,1.0622750876662028,-0.32353750674941695
3.7401554584503174,10.672005611628991,12.298091308605583,-1.6260856969765918,0.369368790458393,0.6929062972078099,1.0622750876662028,-0.32353750674941695
3.7601518630981445,10.538731095079788,12.299410546884467,-1.7606794518046787,0.369368790458393,0.6929062972078099,1.0622750876662028,-0.32353750674941695
3.7801501750946045,10.403780039307213,12.300465937507573,-1.89668589820036,0.369368790458393,0.6929062972078099,1.0622750876662028,-0.32353750674941695
3.8001511096954346,10.26716836351675,12.301310250006058,-2.034141886489307,0.369368790458393,0.6929062972078099,1.0622750876662028,-0.32353750674941695
3.82015061378479,10.128945175496202,12.301310250006058,-2.1723650745098553,0.369368790458393,0.6929062972078099,1.0622750876662028,-0.32353750674941695
3.840151071548462,9.989115883720531,12.301985700004847,-2.3128698162843158,0.369368790458393,0.6929062972078099,1.0622750876662028,-0.32353750674941695
3.860285997390747,9.846753121427152,12.284947935003878,-2.4381948135767253,0.369368790458393,0.6929062972078099,1.0622750876662028,-0.32353750674941695
3.88024640083313,9.704068707465336,12.271317723003104,-2.5672490155377687,0.3853985544251918,0.7,1.0853985544251916,-0.3146014455748082
3.9002740383148193,9.559369661221098,12.242835428402485,-2.683465767181387,0.3853985544251918,0.7,1.0853985544251916,-0.3146014455748082
3.9202682971954346,9.413401833509678,12.220049592721987,-2.806647759212309,0.3853985544251918,0.7,1.0853985544251916,-0.3146014455748082
3.940358877182007,9.265234467711979,12.184242799177591,-2.919008331465612,0.3853985544251918,0.7,1.0853985544251916,-0.3146014455748082
3.9603657722473145,9.11621708388123,12.155597364342073,-3.0393802804608434,0.3853985544251918,0.7,1.0853985544251916,-0.3146014455748082
3.980307102203369,8.966254547418108,12.13268101647366,-3.1664264690555513,0.3853985544251918,0.7,1.0853985544251916,-0.3146014455748082
4.000362873077393,8.814011718595335,12.114347938178929,-3.3003362195835937,0.3853985544251918,0.7,1.0853985544251916,-0.3146014455748082
4.020315647125244,8.66116185000599,12.099681475543143,-3.438519625537152,0.3853985544251918,0.7,1.0853985544251916,-0.3146014455748082
4.040366888046265,8.506186368221679,12.099681475543143,-3.5934951073214645,0.3853985544251918,0.7,1.0853985544251916,-0.3146014455748082
4.060364246368408,8.350282641749395,12.087948305434516,-3.737665663685121,0.3853985544251918,0.7,1.0853985544251916,-0.3146014455748082
4.080358266830444,8.193087008492375,12.078561769347612,-3.885474760855237,0.3853985544251918,0.7,1.0853985544251916,-0.3146014455748082
4.100409269332886,8.034144856013794,12.07105254047809,-4.036907684464296,0.4128121443050622,0.7,1.112812144305062,-0.28718785569493777
4.12037205696106,7.874635175882301,12.065045157382473,-4.190409981500172,0.4128121443050622,0.7,1.112812144305062,-0.28718785569493777
4.140371561050415,7.713589840672322,12.06023925090598,-4.346649410233658,0.4128121443050622,0.7,1.112812144305062,-0.28718785569493777
4.160350561141968,7.551493472092793,12.056394525724784,-4.504901053631991,0.4128121443050622,0.7,1.112812144305062,-0.28718785569493777
4.180192947387695,7.389327651689882,12.053318745579828,-4.663991093889946,0.4128121443050622,0.7,1.112812144305062,-0.28718785569493777
4.200154781341553,7.225026738891783,12.050858121463863,-4.82583138257208,0.4128121443050622,0.7,1.112812144305062,-0.28718785569493777
4.220151901245117,7.059295830876275,12.04888962217109,-4.989593791294816,0.4128121443050622,0.7,1.112812144305062,-0.28718785569493777
4.240156173706055,6.892390625873237,12.047314822736874,-5.154924196863638,0.4128121443050622,0.7,1.112812144305062,-0.28718785569493777
4.260150909423828,6.724476911354649,12.047314822736874,-5.3228379113822255,0.4128121443050622,0.7,1.112812144305062,-0.28718785569493777
4.280154466629028,6.5554271024154325,12.0460549831895,-5.490627880774067,0.4128121443050622,0.7,1.112812144305062,-0.28718785569493777
4.300296783447266,6.384158354329964,12.0450471115516,-5.660888757221636,0.4128121443050622,0.7,1.112812144305062,-0.28718785569493777
4.3202900886535645,6.213145362694746,12.044240814241281,-5.831095451546535,0.43376134782607545,0.6827538058161735,1.1165151536422488,-0.24899245799009806
4.340183973312378,6.0420095516881736,12.043595776393026,-6.001586224704853,0.43376134782607545,0.6827538058161735,1.1165151536422488,-0.24899245799009806
4.360159873962402,5.869218389129782,12.025501621114422,-6.156283231984641,0.43376134782607545,0.6827538058161735,1.1165151536422488,-0.24899245799009806
4.380151987075806,5.695361285149749,12.01102629689154,-6.315665011741791,0.43376134782607545,0.6827538058161735,1.1165151536422488,-0.24899245799009806
4.40015721321106,5.520490613879151,11.98186791251323,-6.46137729863408,0.43376134782607545,0.6827538058161735,1.1165151536422488,-0.24899245799009806
4.420158863067627,5.3447792308639315,11.940963080010587,-6.596183849146655,0.43376134782607545,0.6827538058161735,1.1165151536422488,-0.24899245799009806
4.440148830413818,5.168327069038248,11.85550483900847,-6.687177769970222,0.43376134782607545,0.6827538058161735,1.1165151536422488,-0.24899245799009806
4.460161447525024,4.990858281089788,11.751981996206776,-6.761123715116988,0.43376134782607545,0.6827538058161735,1.1165151536422488,-0.24899245799009806
4.480153799057007,4.81278128483823,11.751981996206776,-6.939200711368547,0.43376134782607545,0.6827538058161735,1.1165151536422488,-0.24899245799009806
4.500154495239258,4.6338700762518865,11.651585596965422,-7.017715520713535,0.43376134782607545,0.6827538058161735,1.1165151536422488,-0.24899245799009806
4.5202836990356445,4.453070535662487,11.536112227572339,-7.083041691909852,0.43376134782607545,0.6827538058161735,1.1165151536422488,-0.24899245799009806
4.54031229019165,4.272467670446159,11.40857728205787,-7.136109611611711,0.47981723099524964,0.6695375254377722,1.1493547564330218,-0.18972029444252259
4.560192108154297,4.092537178052172,11.306549325646296,-7.214012147594124,0.47981723099524964,0.6695375254377722,1.1493547564330218,-0.18972029444252259
4.580158948898315,3.9111763770800825,11.224926960517037,-7.3137505834369545,0.47981723099524964,0.6695375254377722,1.1493547564330218,-0.18972029444252259
4.600152015686035,3.728960587719192,11.15962906841363,-7.430668480694438,0.47981723099524964,0.6695375254377722,1.1493547564330218,-0.18972029444252259
4.6201605796813965,3.5460144427850238,11.107390754730902,-7.561376311945878,0.47981723099524964,0.6695375254377722,1.1493547564330218,-0.18972029444252259
4.640155076980591,3.362637062824108,11.065600103784723,-7.702963040960615,0.47981723099524964,0.6695375254377722,1.1493547564330218,-0.18972029444252259
4.660152912139893,3.178698231527848,11.032167583027778,-7.85346935149993,0.47981723099524964,0.6695375254377722,1.1493547564330218,-0.18972029444252259
4.680152416229248,2.9942421428612884,10.987843441422223,-7.993601298560934,0.47981723099524964,0.6695375254377722,1.1493547564330218,-0.18972029444252259
4.70015287399292,2.809304422972617,10.987843441422223,-8.178539018449605,0.47981723099524964,0.6695375254377722,1.1493547564330218,-0.18972029444252259
4.720150470733643,2.623949609782962,10.91722787813778,-8.293278268354818,0.47981723099524964,0.6695375254377722,1.1493547564330218,-0.18972029444252259
4.740303993225098,2.436730510475273,10.825579177510225,-8.388848667034951,0.47981723099524964,0.6695375254377722,1.1493547564330218,-0.18972029444252259
4.760276794433594,2.2508046811579625,10.75226021700818,-8.501455535850218,0.510687806453061,0.6285009196028113,1.1391887260558722,-0.11781311314975029
4.780180931091309,2.065165377069949,10.658448798606544,-8.593283421536595,0.510687806453061,0.6285009196028113,1.1391887260558722,-0.11781311314975029
4.800156831741333,1.8785320452943095,10.513087163885237,-8.634555118590928,0.510687806453061,0.6285009196028113,1.1391887260558722,-0.11781311314975029
4.820159435272217,1.691352722484288,10.36164160610819,-8.670288883623902,0.510687806453061,0.6285009196028113,1.1391887260558722,-0.11781311314975029
4.840156078338623,1.5039621389182656,10.222907034886552,-8.718944895968287,0.510687806453061,0.6285009196028113,1.1391887260558722,-0.11781311314975029
4.860152721405029,1.3163341420131283,10.024028752909242,-8.707694610896114,0.510687806453061,0.6285009196028113,1.1391887260558722,-0.11781311314975029
4.880151987075806,1.128473703044228,9.706723002327394,-8.578249299283165,0.510687806453061,0.6285009196028113,1.1391887260558722,-0.11781311314975029
4.900152206420898,0.9404261075948538,9.364987776861916,-8.424561669267062,0.510687806453061,0.6285009196028113,1.1391887260558722,-0.11781311314975029
4.920162677764893,0.7521335034493742,9.364987776861916,-8.612854273412543,0.510687806453061,0.6285009196028113,1.1391887260558722,-0.11781311314975029
4.940153360366821,0.5639083770086047,9.074021471489534,-8.510113094480928,0.510687806453061,0.6285009196028113,1.1391887260558722,-0.11781311314975029
4.9602885246276855,0.3742330036966061,8.841248427191626,-8.46701542349502,0.510687806453061,0.6285009196028113,1.1391887260558722,-0.11781311314975029
4.980291366577148,0.18574474662995474,8.6022956167533,-8.416550870123347,0.5231322560417174,0.6267483089352026,1.14988056497692,-0.10361605289348519
5.000178098678589,-0.0016785404973018356,8.358398993402641,-8.360077533899943,0.5231322560417174,0.6267483089352026,1.14988056497692,-0.10361605289348519
5.020158290863037,-0.18998233576222423,8.163281694722112,-8.353264030484336,0.5231322560417174,0.6267483089352026,1.14988056497692,-0.10361605289348519
5.0401530265808105,-0.37839321597633163,8.00718785577769,-8.385581071754022,0.5231322560417174,0.6267483089352026,1.14988056497692,-0.10361605289348519
5.060161828994751,-0.5668768557689872,7.882312784622153,-8.44918964039114,0.5231322560417174,0.6267483089352026,1.14988056497692,-0.10361605289348519
5.080155849456787,-0.7551317603893982,7.782412727697722,-8.537544488087121,0.5231322560417174,0.6267483089352026,1.14988056497692,-0.10361605289348519
5.1001527309417725,-0.9432944033785905,7.702492682158178,-8.64578708553677,0.5231322560417174,0.6267483089352026,1.14988056497692,-0.10361605289348519
5.120166778564453,-1.1314694618657102,7.638556645726544,-8.770026107592255,0.5231322560417174,0.6267483089352026,1.14988056497692,-0.10361605289348519
5.140157699584961,-1.319248478809377,7.638556645726544,-8.95780512453592,0.5231322560417174,0.6267483089352026,1.14988056497692,-0.10361605289348519
5.160285472869873,-1.5081026325675557,7.587407816581235,-9.09551044914879,0.5231322560417174,0.6267483089352026,1.14988056497692,-0.10361605289348519
5.180277585983276,-1.6954452195969003,7.546488753264988,-9.241933972861888,0.5335370663511275,0.6113112973282113,1.1448483636793387,-0.0777742309770838
5.200196981430054,-1.8818403561951127,7.513753502611991,-9.395593858807104,0.5335370663511275,0.6113112973282113,1.1448483636793387,-0.0777742309770838
5.220169305801392,-2.068434797744726,7.4875653020895925,-9.556000099834318,0.5335370663511275,0.6113112973282113,1.1448483636793387,-0.0777742309770838
5.240155220031738,-2.2548301389012826,7.466614741671674,-9.721444880572957,0.5335370663511275,0.6113112973282113,1.1448483636793387,-0.0777742309770838
5.26015305519104,-2.440980772157151,7.4498542933373395,-9.89083506549449,0.5335370663511275,0.6113112973282113,1.1448483636793387,-0.0777742309770838
5.280151128768921,-2.6267482420127517,7.436445934669873,-10.063194176682625,0.5335370663511275,0.6113112973282113,1.1448483636793387,-0.0777742309770838
5.300151586532593,-2.8121230697834223,7.425719247735898,-10.23784231751932,0.5335370663511275,0.6113112973282113,1.1448483636793387,-0.0777742309770838
5.320154190063477,-2.9970736259864297,7.417137898188719,-10.41421152417515,0.5335370663511275,0.6113112973282113,1.1448483636793387,-0.0777742309770838
5.340152978897095,-3.1815156516353027,7.410272818550975,-10.591788470186279,0.5335370663511275,0.6113112973282113,1.1448483636793387,-0.0777742309770838
5.360162019729614,-3.365549499319072,7.410272818550975,-10.775822317870048,0.5335370663511275,0.6113112973282113,1.1448483636793387,-0.0777742309770838
5.380283355712891,-3.550079704504987,7.404780754840781,-10.954860459345767,0.5335370663511275,0.6113112973282113,1.1448483636793387,-0.0777742309770838
5.400290489196777,-3.733000028600888,7.4003871038726246,-11.133387132473512,0.5749781865584372,0.5784168461570516,1.1533950327154887,-0.0034386595986143353
5.420190334320068,-3.9143543246217716,7.3968721830981,-11.311226507719873,0.5749781865584372,0.5784168461570516,1.1533950327154887,-0.0034386595986143353
5.440168142318726,-4.095803539026672,7.394060246478481,-11.489863785505154,0.5749781865584372,0.5784168461570516,1.1533950327154887,-0.0034386595986143353
5.460162162780762,-4.276753869908042,7.391810697182785,-11.668564567090826,0.5749781865584372,0.5784168461570516,1.1533950327154887,-0.0034386595986143353
5.480157136917114,-4.457037837758233,7.3900110577462295,-11.847048895504463,0.5749781865584372,0.5784168461570516,1.1533950327154887,-0.0034386595986143353
5.5001537799835205,-4.636633300327934,7.388571346196984,-12.025204646524918,0.5749781865584372,0.5784168461570516,1.1533950327154887,-0.0034386595986143353
5.520164728164673,-4.815624516418528,7.352263326957588,-12.167887843376116,0.5749781865584372,0.5784168461570516,1.1533950327154887,-0.0034386595986143353
5.540158271789551,-4.993699779954837,7.14743566156607,-12.141135441520907,0.5749781865584372,0.5784168461570516,1.1533950327154887,-0.0034386595986143353
5.56015419960022,-5.171008082445153,6.8605266542528565,-12.03153473669801,0.5749781865584372,0.5784168461570516,1.1533950327154887,-0.0034386595986143353
5.58015251159668,-5.347521149300155,6.8605266542528565,-12.208047803553011,0.5749781865584372,0.5784168461570516,1.1533950327154887,-0.0034386595986143353
5.600277662277222,-5.524301343248754,6.613421323402285,-12.13772266665104,0.5749781865584372,0.5784168461570516,1.1533950327154887,-0.0034386595986143353
5.62030553817749,-5.6993502074337,6.398158933721829,-12.09750914115553,0.6037651903885125,0.5117405424127355,1.1155057328012479,0.09202464797577703
5.640193700790405,-5.872284922317991,6.173214646977464,-12.045499569295455,0.6037651903885125,0.5117405424127355,1.1155057328012479,0.09202464797577703
5.660196781158447,-6.045293912922746,5.905368592581971,-11.950662505504717,0.6037651903885125,0.5117405424127355,1.1155057328012479,0.09202464797577703
5.680265188217163,-6.2179082929215985,5.673513624065578,-11.891421916987177,0.6037651903885125,0.5117405424127355,1.1155057328012479,0.09202464797577703
5.7002272605896,-6.388627339865188,5.4880296492524625,-11.87665698911765,0.6037651903885125,0.5117405424127355,1.1155057328012479,0.09202464797577703
5.720196962356567,-6.558406039332743,5.26932996940197,-11.827736008734714,0.6037651903885125,0.5117405424127355,1.1155057328012479,0.09202464797577703
5.740187644958496,-6.727328963947487,4.901010850521576,-11.628339814469063,0.6037651903885125,0.5117405424127355,1.1155057328012479,0.09202464797577703
5.7601845264434814,-6.895242439518724,4.44815243041726,-11.343394869935985,0.6037651903885125,0.5117405424127355,1.1155057328012479,0.09202464797577703
5.780186653137207,-7.062111029213733,4.015553194333809,-11.077664223547542,0.6037651903885125,0.5117405424127355,1.1155057328012479,0.09202464797577703
5.800189018249512,-7.227866161504129,4.015553194333809,-11.243419355837938,0.6037651903885125,0.5117405424127355,1.1155057328012479,0.09202464797577703
5.820174694061279,-7.392342795124526,3.599161305467047,-10.991504100591573,0.6037651903885125,0.5117405424127355,1.1155057328012479,0.09202464797577703
5.84028959274292,-7.55670584651515,3.2308915443736375,-10.787597390888788,0.6294015932785987,0.44683993554208423,1.0762415288206828,0.18256165773651445
5.86020827293396,-7.718276202149714,2.91869761049891,-10.636973812648623,0.6294015932785987,0.44683993554208423,1.0762415288206828,0.18256165773651445
5.880198240280151,-7.87920936139623,2.668942463399128,-10.548151824795358,0.6294015932785987,0.44683993554208423,1.0762415288206828,0.18256165773651445
5.9001970291137695,-8.038969742602449,2.4691383457193026,-10.508108088321752,0.6294015932785987,0.44683993554208423,1.0762415288206828,0.18256165773651445
5.920191287994385,-8.197425076621572,2.309295051575442,-10.506720128197014,0.6294015932785987,0.44683993554208423,1.0762415288206828,0.18256165773651445
5.940189838409424,-8.35462027750261,2.1814204162603534,-10.536040693762963,0.6294015932785987,0.44683993554208423,1.0762415288206828,0.18256165773651445
5.960187196731567,-8.510487126414759,2.061542583008283,-10.572029709423042,0.6294015932785987,0.44683993554208423,1.0762415288206828,0.18256165773651445
5.980194091796875,-8.665083793514098,1.8250153164066263,-10.490099109920724,0.6294015932785987,0.44683993554208423,1.0762415288206828,0.18256165773651445
6.0001935958862305,-8.818254850141331,1.424856003125301,-10.243110853266632,0.6294015932785987,0.44683993554208423,1.0762415288206828,0.18256165773651445
6.020195484161377,-8.970051481065202,1.424856003125301,-10.394907484190503,0.6294015932785987,0.44683993554208423,1.0762415288206828,0.18256165773651445
6.040184020996094,-9.120331467289283,0.9816816775002409,-10.102013144789524,0.6294015932785987,0.44683993554208423,1.0762415288206828,0.18256165773651445
6.060243844985962,-9.269701123732698,0.6095640920001928,-9.879265215732891,0.6331750315571844,0.41267962700221683,1.045854658559401,0.22049540455496752
6.080186128616333,-9.41673594979564,0.27671377360015426,-9.693449723395794,0.6331750315571844,0.41267962700221683,1.045854658559401,0.22049540455496752
6.100191116333008,-9.562747648091472,-0.024722731119876593,-9.538024916971596,0.6331750315571844,0.41267962700221683,1.045854658559401,0.22049540455496752
6.120189189910889,-9.707198845545705,-0.2658719348959013,-9.441326910649803,0.6331750315571844,0.41267962700221683,1.045854658559401,0.22049540455496752
6.14020562171936,-9.850247947297731,-0.4763694229167211,-9.373878524381011,0.6331750315571844,0.41267962700221683,1.045854658559401,0.22049540455496752
6.160251140594482,-9.991943488302468,-0.6271892883333768,-9.364754199969092,0.6331750315571844,0.41267962700221683,1.045854658559401,0.22049540455496752
6.180210113525391,-10.131452511086199,-0.7654233056667017,-9.366029205419498,0.6331750315571844,0.41267962700221683,1.045854658559401,0.22049540455496752
6.20019268989563,-10.269530364058518,-0.9990573945333614,-9.270472969525157,0.6331750315571844,0.41267962700221683,1.045854658559401,0.22049540455496752
6.220320701599121,-10.406976539764562,-1.3090115406266891,-9.097964999137872,0.6331750315571844,0.41267962700221683,1.045854658559401,0.22049540455496752
6.240271806716919,-10.541572146991642,-1.3090115406266891,-9.232560606364952,0.6331750315571844,0.41267962700221683,1.045854658559401,0.22049540455496752
6.2602386474609375,-10.674615437988615,-1.6097092325013516,-9.064906205487263,0.6331750315571844,0.41267962700221683,1.045854658559401,0.22049540455496752
6.280179977416992,-10.805811911705318,-1.8678455110010814,-8.937966400704237,0.6331750315571844,0.41267962700221683,1.045854658559401,0.22049540455496752
6.300196647644043,-10.935798040337858,-2.0919326588008653,-8.843865381536993,0.6812805880750238,0.4012249265098944,1.082505514584918,0.2800556615651294
6.320252418518066,-11.064303230206614,-2.271202377040692,-8.793100853165921,0.6812805880750238,0.4012249265098944,1.082505514584918,0.2800556615651294
6.340259790420532,-11.190747740390716,-2.414618151632554,-8.776129588758161,0.6812805880750238,0.4012249265098944,1.082505514584918,0.2800556615651294
6.360199213027954,-11.315003387481326,-2.5293507713060435,-8.785652616175282,0.6812805880750238,0.4012249265098944,1.082505514584918,0.2800556615651294
6.380159378051758,-11.437609552365513,-2.621136867044835,-8.81647268532068,0.6812805880750238,0.4012249265098944,1.082505514584918,0.2800556615651294
6.400144577026367,-11.55856715193861,-2.6945657436358683,-8.864001408302741,0.6812805880750238,0.4012249265098944,1.082505514584918,0.2800556615651294
6.420151472091675,-11.677830557052312,-2.753308844908695,-8.924521712143617,0.6812805880750238,0.4012249265098944,1.082505514584918,0.2800556615651294
6.440155267715454,-11.795230579277534,-2.888193950926956,-8.907036628350578,0.6812805880750238,0.4012249265098944,1.082505514584918,0.2800556615651294
6.460152626037598,-11.910730412329324,-2.888193950926956,-9.022536461402368,0.6812805880750238,0.4012249265098944,1.082505514584918,0.2800556615651294
6.480149984359741,-12.02434989979406,-3.101570785741565,-8.922779114052496,0.6812805880750238,0.4012249265098944,1.082505514584918,0.2800556615651294
6.500146389007568,-12.136065822134869,-3.289850378593252,-8.846215443541617,0.6812805880750238,0.4012249265098944,1.082505514584918,0.2800556615651294
6.520277261734009,-12.246597847659315,-3.4404740528746016,-8.806123794784714,0.6812805880750238,0.4012249265098944,1.082505514584918,0.2800556615651294
6.540250301361084,-12.354327018818797,-3.5785511172996816,-8.775775901519115,0.6833447039085149,0.38660839891526844,1.0699531028237832,0.29673630499324644
6.5603346824646,-12.460694769618163,-3.689012768839745,-8.771682000778418,0.6833447039085149,0.38660839891526844,1.0699531028237832,0.29673630499324644
6.580209732055664,-12.564000537262828,-3.777382090071797,-8.786618447191032,0.6833447039085149,0.38660839891526844,1.0699531028237832,0.29673630499324644
6.600318431854248,-12.66652672535655,-3.848077547057438,-8.818449178299112,0.6833447039085149,0.38660839891526844,1.0699531028237832,0.29673630499324644
6.620257377624512,-12.766190990262377,-3.904633912645951,-8.861557077616427,0.6833447039085149,0.38660839891526844,1.0699531028237832,0.29673630499324644
6.640244483947754,-12.8640850662709,-3.985035255116761,-8.879049811154138,0.6833447039085149,0.38660839891526844,1.0699531028237832,0.29673630499324644
6.6603102684021,-12.960323712040337,-4.137246954093409,-8.823076757946929,0.6833447039085149,0.38660839891526844,1.0699531028237832,0.29673630499324644
6.6803131103515625,-13.054210103624984,-4.137246954093409,-8.916963149531576,0.6833447039085149,0.38660839891526844,1.0699531028237832,0.29673630499324644
6.700246810913086,-13.145720668153377,-4.329328813274727,-8.816391854878649,0.6833447039085149,0.38660839891526844,1.0699531028237832,0.29673630499324644
6.7203123569488525,-13.23575384453507,-4.500572425619782,-8.735181418915289,0.6833447039085149,0.38660839891526844,1.0699531028237832,0.29673630499324644
6.740311145782471,-13.323394186321881,-4.655145440495826,-8.668248745826055,0.7,0.32870639062020923,1.0287063906202092,0.3712936093797907
6.760348558425903,-13.409094018041836,-4.761225727396662,-8.647868290645174,0.7,0.32870639062020923,1.0287063906202092,0.3712936093797907
6.78021764755249,-13.491975294110556,-4.8460899569173295,-8.645885337193228,0.7,0.32870639062020923,1.0287063906202092,0.3712936093797907
6.800322532653809,-13.573699791597893,-4.931559465533864,-8.642140326064029,0.7,0.32870639062020923,1.0287063906202092,0.3712936093797907
6.820310115814209,-13.65280042674352,-4.982356947427092,-8.670443479316429,0.7,0.32870639062020923,1.0287063906202092,0.3712936093797907
6.84031081199646,-13.729797575059623,-5.022994932941674,-8.70680264211795,0.7,0.32870639062020923,1.0287063906202092,0.3712936093797907
6.860302686691284,-13.804593953975635,-5.12581782135334,-8.678776132622296,0.7,0.32870639062020923,1.0287063906202092,0.3712936093797907
6.880173444747925,-13.87677883673933,-5.383857382082672,-8.492921454656658,0.7,0.32870639062020923,1.0287063906202092,0.3712936093797907
6.900166034698486,-13.947223268517005,-5.383857382082672,-8.563365886434333,0.7,0.32870639062020923,1.0287063906202092,0.3712936093797907
6.920156240463257,-14.01545889709725,-5.783648405666138,-8.231810491431112,0.7,0.32870639062020923,1.0287063906202092,0.3712936093797907
6.940204858779907,-14.081673166971282,-6.226528099532912,-7.85514506743837,0.7,0.32870639062020923,1.0287063906202092,0.3712936093797907
6.96017861366272,-14.145418215777982,-6.63356622962633,-7.511851986151652,0.7,0.3263326016487553,1.0263326016487553,0.37366739835124463
6.980165481567383,-14.20697505045708,-6.994352983701064,-7.212622066756016,0.7,0.3263326016487553,1.0263326016487553,0.37366739835124463
7.0001630783081055,-14.266322621501972,-7.300560511960851,-6.965762109541121,0.7,0.3263326016487553,1.0263326016487553,0.37366739835124463
7.020162343978882,-14.323422586925872,-7.580682784568681,-6.742739802357192,0.7,0.3263326016487553,1.0263326016487553,0.37366739835124463
7.040152549743652,-14.378236554935306,-7.8047806026549456,-6.57345595228036,0.7,0.3263326016487553,1.0263326016487553,0.37366739835124463
7.0601489543914795,-14.43079819745911,-7.984058857123956,-6.446739340335154,0.7,0.3263326016487553,1.0263326016487553,0.37366739835124463
7.080159664154053,-14.481117023720834,-8.127481460699165,-6.353635563021669,0.7,0.3263326016487553,1.0263326016487553,0.37366739835124463
7.1001667976379395,-14.529138285278615,-8.242219543559331,-6.286918741719283,0.7,0.3263326016487553,1.0263326016487553,0.37366739835124463
7.1201653480529785,-14.574844467696566,-8.242219543559331,-6.332624924137235,0.7,0.3263326016487553,1.0263326016487553,0.37366739835124463
7.140178203582764,-14.61827966945734,-8.334010009847466,-6.284269659609874,0.7,0.3263326016487553,1.0263326016487553,0.37366739835124463
7.160293340682983,-14.659607734398097,-8.407442382877973,-6.252165351520125,0.7,0.2837722105206921,0.9837722105206921,0.41622778947930783
7.18019437789917,-14.698191538547583,-8.46618828130238,-6.2320032572452035,0.7,0.2837722105206921,0.9837722105206921,0.41622778947930783
7.200163125991821,-14.734596768488366,-8.513185000041904,-6.221411768446462,0.7,0.2837722105206921,0.9837722105206921,0.41622778947930783
7.2201621532440186,-14.76873242173303,-8.550782375033524,-6.217950046699507,0.7,0.2837722105206921,0.9837722105206921,0.41622778947930783
7.240163087844849,-14.800539069588627,-8.58086027502682,-6.219678794561807,0.7,0.2837722105206921,0.9837722105206921,0.41622778947930783
7.2601540088653564,-14.829994153983453,-8.640078845021456,-6.1899153089619965,0.7,0.2837722105206921,0.9837722105206921,0.41622778947930783
7.280149221420288,-14.85711510548554,-8.828078701017166,-6.029036404468375,0.7,0.2837722105206921,0.9837722105206921,0.41622778947930783
7.300159454345703,-14.881908798544089,-9.154259835813734,-5.727648962730354,0.7,0.2837722105206921,0.9837722105206921,0.41622778947930783
7.3202128410339355,-14.904395912117485,-9.520673493650989,-5.383722418466496,0.7,0.2837722105206921,0.9837722105206921,0.41622778947930783
7.340198755264282,-14.924453138340402,-9.520673493650989,-5.403779644689413,0.7,0.2837722105206921,0.9837722105206921,0.41622778947930783
7.3601579666137695,-14.942134856433094,-9.884116919920793,-5.058017936512302,0.7,0.2837722105206921,0.9837722105206921,0.41622778947930783
7.380291938781738,-14.95759051083071,-10.192449785936635,-4.765140724894076,0.7,0.2837722105206921,0.9837722105206921,0.41622778947930783
7.400274991989136,-14.970563439564527,-10.43911607874931,-4.531447360815218,0.7,0.2988712908001616,0.9988712908001616,0.40112870919983834
7.420206785202026,-14.98115214402582,-10.654027237999447,-4.3271249060263735,0.7,0.2988712908001616,0.9988712908001616,0.40112870919983834
7.440169811248779,-14.989402324913822,-10.825956165399559,-4.163446159514264,0.7,0.2988712908001616,0.9988712908001616,0.40112870919983834
7.460160970687866,-14.995300887746874,-10.963499307319648,-4.031801580427226,0.7,0.2988712908001616,0.9988712908001616,0.40112870919983834
7.4801576137542725,-14.998834256042063,-11.073533820855719,-3.925300435186344,0.7,0.2988712908001616,0.9988712908001616,0.40112870919983834
7.500155925750732,-14.999999928012567,-11.161561431684577,-3.8384384963279903,0.7,0.2988712908001616,0.9988712908001616,0.40112870919983834
7.520151853561401,-14.998797610444607,-11.231983520347663,-3.7668140900969433,0.7,0.2988712908001616,0.9988712908001616,0.40112870919983834
7.540160655975342,-14.995224712196334,-11.288321191278133,-3.7069035209182015,0.7,0.2988712908001616,0.9988712908001616,0.40112870919983834
7.560163497924805,-14.989283932521237,-11.288321191278133,-3.7009627412431048,0.7,0.2988712908001616,0.9988712908001616,0.40112870919983834
7.580153226852417,-14.980981720381154,-11.333391328022506,-3.647590392358648,0.7,0.2988712908001616,0.9988712908001616,0.40112870919983834
7.600265264511108,-14.970243738481855,-11.369447437418007,-3.6007963010638484,0.7,0.2988712908001616,0.9988712908001616,0.40112870919983834
7.620283365249634,-14.957182094962565,-11.398292324934406,-3.558889770028159,0.6790547974407672,0.3418778562219813,1.0209326536627485,0.33717694121878594
7.640183448791504,-14.94185214632193,-11.421368234947524,-3.5204839113744057,0.6790547974407672,0.3418778562219813,1.0209326536627485,0.33717694121878594
7.660166501998901,-14.924107680994009,-11.439828962958021,-3.4842787180359878,0.6790547974407672,0.3418778562219813,1.0209326536627485,0.33717694121878594
7.680163621902466,-14.90399554319534,-11.454597545366418,-3.449397997828921,0.6790547974407672,0.3418778562219813,1.0209326536627485,0.33717694121878594
7.7001543045043945,-14.881538179446787,-11.466412411293136,-3.4151257681536507,0.6790547974407672,0.3418778562219813,1.0209326536627485,0.33717694121878594
7.720151662826538,-14.856724362142549,-11.475864304034511,-3.3808600581080377,0.6790547974407672,0.3418778562219813,1.0209326536627485,0.33717694121878594
7.740151882171631,-14.829561062259545,-11.483425818227609,-3.3461352440319363,0.6790547974407672,0.3418778562219813,1.0209326536627485,0.33717694121878594
7.760160207748413,-14.800043518626746,-11.48947502958209,-3.3105684890446554,0.6790547974407672,0.3418778562219813,1.0209326536627485,0.33717694121878594
7.780164957046509,-14.768192833145878,-11.48947502958209,-3.2787178035637883,0.6790547974407672,0.3418778562219813,1.0209326536627485,0.33717694121878594
7.800275802612305,-14.733821464758213,-11.494314398665674,-3.239507066092539,0.6790547974407672,0.3418778562219813,1.0209326536627485,0.33717694121878594
7.820295095443726,-14.697270097921496,-11.49818589393254,-3.1990842039889564,0.7,0.3618139875354245,1.0618139875354244,0.33818601246457547
7.840192556381226,-14.658636995491639,-11.501283090146032,-3.157353905345607,0.7,0.3618139875354245,1.0618139875354244,0.33818601246457547
7.860173225402832,-14.617536858313239,-11.503760847116826,-3.1137760111964123,0.7,0.3618139875354245,1.0618139875354244,0.33818601246457547
7.880162477493286,-14.574113763478435,-11.505743052693463,-3.068370710784972,0.7,0.3618139875354245,1.0618139875354244,0.33818601246457547
7.900158166885376,-14.528376626210843,-11.507328817154772,-3.0210478090560713,0.7,0.3618139875354245,1.0618139875354244,0.33818601246457547
7.920167446136475,-14.480312857248299,-11.508597428723819,-2.9717154285244796,0.7,0.3618139875354245,1.0618139875354244,0.33818601246457547
7.940152168273926,-14.430023553218213,-11.509612317979057,-2.920411235239156,0.7,0.3618139875354245,1.0618139875354244,0.33818601246457547
7.960150957107544,-14.377421263073996,-11.510424229383249,-2.8669970336907475,0.7,0.3618139875354245,1.0618139875354244,0.33818601246457547
7.980165481567383,-14.32250481969948,-11.5110737585066,-2.8114310611928808,0.7,0.3618139875354245,1.0618139875354244,0.33818601246457547
8.000163555145264,-14.265371328387037,-11.5110737585066,-2.7542975698804373,0.7,0.3618139875354245,1.0618139875354244,0.33818601246457547
8.020282745361328,-14.205619096277454,-11.51159338180528,-2.6940257144721738,0.7,0.3618139875354245,1.0618139875354244,0.33818601246457547
8.040287494659424,-14.143956008661798,-11.512009080444225,-2.631946928217573,0.7,0.3497208011569455,1.0497208011569454,0.3502791988430545
8.060177564620972,-14.08043101478658,-11.512341639355382,-2.5680893754311978,0.7,0.3497208011569455,1.0497208011569454,0.3502791988430545
8.080166578292847,-14.014374506473038,-11.512607686484307,-2.501766819988731,0.7,0.3497208011569455,1.0497208011569454,0.3502791988430545
8.100161790847778,-13.946085884182848,-11.512820524187445,-2.433265359995403,0.7,0.3497208011569455,1.0497208011569454,0.3502791988430545
8.120153665542603,-13.875608017593017,-11.512990794349957,-2.36261722324306,0.7,0.3497208011569455,1.0497208011569454,0.3502791988430545
8.140151500701904,-13.802918820960029,-11.513127010479966,-2.2897918104800628,0.7,0.3497208011569455,1.0497208011569454,0.3502791988430545
8.16015100479126,-13.728044116469906,-11.513235983383973,-2.214808133085933,0.7,0.3497208011569455,1.0497208011569454,0.3502791988430545
8.180149793624878,-13.651004496111891,-11.513323161707179,-2.1376813344047125,0.7,0.3497208011569455,1.0497208011569454,0.3502791988430545
8.200161218643188,-13.571758767049625,-11.513392904365746,-2.0583658626838783,0.7,0.3497208011569455,1.0497208011569454,0.3502791988430545
8.220162391662598,-13.490409695244804,-11.513392904365746,-1.9770167908790572,0.7,0.3497208011569455,1.0497208011569454,0.3502791988430545
8.240275144577026,-13.406458425078874,-11.513448698492597,-1.8930097265862766,0.7,0.3497208011569455,1.0497208011569454,0.3502791988430545
8.260273218154907,-13.320863108372064,-11.513493333794079,-1.8073697745779853,0.7,0.3726330668898299,1.0726330668898298,0.32736693311017007
8.28017520904541,-13.23359103993909,-11.513529042035264,-1.7200619979038265,0.7,0.3726330668898299,1.0726330668898298,0.32736693311017007
8.30016565322876,-13.143847993993287,-11.513557608628211,-1.6302903853650754,0.7,0.3726330668898299,1.0726330668898298,0.32736693311017007
8.320166826248169,-13.051981532967336,-11.513580461902569,-1.5384010710647669,0.7,0.3726330668898299,1.0726330668898298,0.32736693311017007
8.340155601501465,-12.958112627699647,-11.513598744522056,-1.4445138831775903,0.7,0.3726330668898299,1.0726330668898298,0.32736693311017007
8.360162019729614,-12.862114227099294,-11.513613370617648,-1.348500856481646,0.7,0.3726330668898299,1.0726330668898298,0.32736693311017007
8.380164861679077,-12.764101150123018,-11.513625071494118,-1.2504760786288998,0.7,0.3726330668898299,1.0726330668898298,0.32736693311017007
8.400177478790283,-12.664022527275968,-11.513634432195294,-1.1503880950806735,0.7,0.3726330668898299,1.0726330668898298,0.32736693311017007
8.420190334320068,-12.561940356542372,-11.513641920756237,-1.0482984357861351,0.7,0.3726330668898299,1.0726330668898298,0.32736693311017007
8.440160989761353,-12.458093480861166,-11.513641920756237,-0.9444515601049286,0.7,0.3726330668898299,1.0726330668898298,0.32736693311017007
8.460290670394897,-12.351434722901443,-11.513647911604991,-0.8377868112964517,0.6908497016876936,0.4303888202877715,1.121238521975465,0.2604608813999221
8.480283260345459,-12.24354664069916,-11.513652704283995,-0.7298939364151646,0.6908497016876936,0.4303888202877715,1.121238521975465,0.2604608813999221
8.5001962184906,-12.134167822901231,-11.513656538427197,-0.6205112844740341,0.6908497016876936,0.4303888202877715,1.121238521975465,0.2604608813999221
8.52017593383789,-12.022513291014823,-11.51365960574176,-0.5088536852730634,0.6908497016876936,0.4303888202877715,1.121238521975465,0.2604608813999221
8.540166139602661,-11.908904000020156,-11.51366205959341,-0.39524194042674665,0.6908497016876936,0.4303888202877715,1.121238521975465,0.2604608813999221
8.560153484344482,-11.793432658758004,-11.513664022674728,-0.2797686360832756,0.6908497016876936,0.4303888202877715,1.121238521975465,0.2604608813999221
8.580150604248047,-11.676043518828946,-11.513665593139782,-0.16237792568916376,0.6908497016876936,0.4303888202877715,1.121238521975465,0.2604608813999221
8.600147247314453,-11.556813992215266,-11.513666849511829,-0.04314714270343778,0.6908497016876936,0.4303888202877715,1.121238521975465,0.2604608813999221
8.620149374008179,-11.435726678510152,-11.513667854609464,0.07794117609931206,0.6908497016876936,0.4303888202877715,1.121238521975465,0.2604608813999221
8.640162706375122,-11.312763796405308,-11.513668658687573,0.20090486228226467,0.6908497016876936,0.4303888202877715,1.121238521975465,0.2604608813999221
8.66030240058899,-11.187218806680752,-11.513668658687573,0.32644985200682086,0.6908497016876936,0.4303888202877715,1.121238521975465,0.2604608813999221
8.680296659469604,-11.060808371688337,-11.513669301950058,0.45286093026172125,0.6953675400465726,0.4332899557659402,1.1286574958125128,0.26207758428063244
8.700204610824585,-10.93320923238953,-11.513669816560046,0.5804605841705168,0.6953675400465726,0.4332899557659402,1.1286574958125128,0.26207758428063244
8.720184326171875,-10.803430263277235,-11.513670228248039,0.7102399649708033,0.6953675400465726,0.4332899557659402,1.1286574958125128,0.26207758428063244
8.740169525146484,-10.671912447835837,-11.513670557598433,0.8417581097625959,0.6953675400465726,0.4332899557659402,1.1286574958125128,0.26207758428063244
8.760160684585571,-10.538671931869095,-11.513670821078748,0.9749988892096528,0.6953675400465726,0.4332899557659402,1.1286574958125128,0.26207758428063244
8.780150413513184,-10.403778420595282,-11.513671031863,1.1098926112677177,0.6953675400465726,0.4332899557659402,1.1286574958125128,0.26207758428063244
8.800147294998169,-10.267194574195809,-11.513671200490402,1.2464766262945925,0.6953675400465726,0.4332899557659402,1.1286574958125128,0.26207758428063244
8.82014799118042,-10.128963406515876,-11.51367133539232,1.3847079288764448,0.6953675400465726,0.4332899557659402,1.1286574958125128,0.26207758428063244
8.84015154838562,-9.989112531113571,-11.513671443313859,1.5245589122002876,0.6953675400465726,0.4332899557659402,1.1286574958125128,0.26207758428063244
8.860157489776611,-9.847666748094868,-11.513671529651088,1.6660047815562198,0.6953675400465726,0.4332899557659402,1.1286574958125128,0.26207758428063244
8.880162954330444,-9.704668407070516,-11.513671529651088,1.809003122580572,0.6953675400465726,0.4332899557659402,1.1286574958125128,0.26207758428063244
8.900296449661255,-9.559206887772962,-11.513671598720872,1.95446471094791,0.6953675400465726,0.4332899557659402,1.1286574958125128,0.26207758428063244
8.920300483703613,-9.413165652410806,-11.513671653976699,2.1005060015658934,0.6372761417180299,0.49339300340507175,1.1306691451231017,0.14388313831295818
8.940206289291382,-9.266365392346835,-11.513671698181362,2.2473063058345275,0.6372761417180299,0.49339300340507175,1.1306691451231017,0.14388313831295818
8.960165023803711,-9.117719513044676,-11.51367173354509,2.395952220500414,0.6372761417180299,0.49339300340507175,1.1306691451231017,0.14388313831295818
8.980161428451538,-8.967355173828288,-11.513671761836074,2.5463165880077856,0.6372761417180299,0.49339300340507175,1.1306691451231017,0.14388313831295818
9.00015115737915,-8.815626199002347,-11.513671784468858,2.6980455854665113,0.6372761417180299,0.49339300340507175,1.1306691451231017,0.14388313831295818
9.020150184631348,-8.662435019816709,-11.51367180257509,2.851236782758381,0.6372761417180299,0.49339300340507175,1.1306691451231017,0.14388313831295818
9.040151596069336,-8.507857568451131,-11.513671817060073,3.0058142486089423,0.6372761417180299,0.49339300340507175,1.1306691451231017,0.14388313831295818
9.060159683227539,-8.351884175925967,-11.513671828648059,3.161787652722092,0.6372761417180299,0.49339300340507175,1.1306691451231017,0.14388313831295818
9.080160856246948,-8.19464543782687,-11.408203087918448,3.2135576500915786,0.6372761417180299,0.49339300340507175,1.1306691451231017,0.14388313831295818
9.100154399871826,-8.036173233947508,-11.408203087918448,3.3720298539709397,0.6372761417180299,0.49339300340507175,1.1306691451231017,0.14388313831295818
9.120287656784058,-7.875312188501225,-11.23593747033476,3.360625281833534,0.6372761417180299,0.49339300340507175,1.1306691451231017,0.14388313831295818
9.140307664871216,-7.714106315580662,-11.027812476267808,3.313706160687146,0.6222147203981876,0.5360370496520772,1.1582517700502648,0.08617767074611038
9.160225629806519,-7.552510806127927,-10.843734356014247,3.29122354988632,0.6222147203981876,0.5360370496520772,1.1582517700502648,0.08617767074611038
9.18024730682373,-7.388881799352628,-10.643737484811398,3.25485568545877,0.6222147203981876,0.5360370496520772,1.1582517700502648,0.08617767074611038
9.200252056121826,-7.224223290438057,-10.448583737849118,3.224360447411061,0.6222147203981876,0.5360370496520772,1.1582517700502648,0.08617767074611038
9.220192193984985,-7.058960761350244,-10.292460740279294,3.23349997892905,0.6222147203981876,0.5360370496520772,1.1582517700502648,0.08617767074611038
9.240159511566162,-6.892362684918785,-10.167562342223436,3.2751996573046505,0.6222147203981876,0.5360370496520772,1.1582517700502648,0.08617767074611038
9.260148763656616,-6.724494988702617,-10.05006549877875,3.3255705100761332,0.6222147203981876,0.5360370496520772,1.1582517700502648,0.08617767074611038
9.280155658721924,-6.555416996929361,-9.885755524022999,3.3303385270936374,0.6222147203981876,0.5360370496520772,1.1582517700502648,0.08617767074611038
9.300158262252808,-6.385339714002304,-9.7191512942184,3.3338115802160972,0.6222147203981876,0.5360370496520772,1.1582517700502648,0.08617767074611038
9.320163011550903,-6.214235443109518,-9.7191512942184,3.5049158511088825,0.6222147203981876,0.5360370496520772,1.1582517700502648,0.08617767074611038
9.34014892578125,-6.04231188367513,-9.58586791037472,3.54355602669959,0.6222147203981876,0.5360370496520772,1.1582517700502648,0.08617767074611038
9.360281705856323,-5.868161681116978,-9.479241203299777,3.6110795221827994,0.6222147203981876,0.5360370496520772,1.1582517700502648,0.08617767074611038
9.380292654037476,-5.694134789208502,-9.393939837639822,3.69980504843132,0.5925718255341053,0.4683844739804044,1.0609562995145096,0.12418735155370086
9.400179624557495,-5.5202942164366675,-9.272964370111858,3.75267015367519,0.5925718255341053,0.4683844739804044,1.0609562995145096,0.12418735155370086
9.420163631439209,-5.344737239710659,-9.158605871089488,3.8138686313788295,0.5925718255341053,0.4683844739804044,1.0609562995145096,0.12418735155370086
9.440152645111084,-5.168293317871811,-9.049540946871591,3.8812476289997804,0.5925718255341053,0.4683844739804044,1.0609562995145096,0.12418735155370086
9.460159540176392,-4.990875233209017,-8.962289007497272,3.971413774288255,0.5925718255341053,0.4683844739804044,1.0609562995145096,0.12418735155370086
9.480150699615479,-4.812808951942738,-8.89248745599782,4.079678504055082,0.5925718255341053,0.4683844739804044,1.0609562995145096,0.12418735155370086
9.500158548355103,-4.633833745001489,-8.836646214798256,4.202812469796767,0.5925718255341053,0.4683844739804044,1.0609562995145096,0.12418735155370086
9.520160675048828,-4.454177724116385,-8.791973221838605,4.33779549772222,0.5925718255341053,0.4683844739804044,1.0609562995145096,0.12418735155370086
9.540151119232178,-4.273923728543294,-8.791973221838605,4.518049493295311,0.5925718255341053,0.4683844739804044,1.0609562995145096,0.12418735155370086
9.560148000717163,-4.092937107771733,-8.738656702470884,4.645719594699151,0.5925718255341053,0.4683844739804044,1.0609562995145096,0.12418735155370086
9.580291509628296,-3.9099702261665135,-8.696003486976709,4.786033260810195,0.5925718255341053,0.4683844739804044,1.0609562995145096,0.12418735155370086
9.60028600692749,-3.727737381183507,-8.661880914581367,4.93414353339786,0.6168575275689363,0.4711858187103643,1.0880433462793007,0.145671708858572
9.620226621627808,-3.5454096514819686,-8.634582856665093,5.089173205183124,0.6168575275689363,0.4711858187103643,1.0880433462793007,0.145671708858572
9.64018177986145,-3.362391798918811,-8.612744410332073,5.250352611413263,0.6168575275689363,0.4711858187103643,1.0880433462793007,0.145671708858572
9.660156965255737,-3.1786608993739804,-8.595273653265659,5.416612753891679,0.6168575275689363,0.4711858187103643,1.0880433462793007,0.145671708858572
9.680148601531982,-2.994277371950106,-8.581297047612527,5.58701967566242,0.6168575275689363,0.4711858187103643,1.0880433462793007,0.145671708858572
9.700150489807129,-2.8093264957825594,-8.570115763090023,5.760789267307463,0.6168575275689363,0.4711858187103643,1.0880433462793007,0.145671708858572
9.7201566696167,-2.6238920874995255,-8.561170735472018,5.937278647972493,0.6168575275689363,0.4711858187103643,1.0880433462793007,0.145671708858572
9.740161418914795,-2.438056383119368,-8.554014713377613,6.115958330258246,0.6168575275689363,0.4711858187103643,1.0880433462793007,0.145671708858572
9.760155200958252,-2.2519376910140694,-8.554014713377613,6.3020770223635445,0.6168575275689363,0.4711858187103643,1.0880433462793007,0.145671708858572
9.780148029327393,-2.0654725154696028,-8.54828989570209,6.482817380232488,0.6168575275689363,0.4711858187103643,1.0880433462793007,0.145671708858572
9.800288438796997,-1.8773014369489074,-8.543710041561672,6.666408604612765,0.6168575275689363,0.4711858187103643,1.0880433462793007,0.145671708858572
9.820279359817505,-1.69022966359417,-8.54004615824934,6.849816494655169,0.6790137391537427,0.49005349020007993,1.1690672293538227,0.1889602489536628
9.840176582336426,-1.5037698669597268,-8.537115051599471,7.033345184639744,0.6790137391537427,0.49005349020007993,1.1690672293538227,0.1889602489536628
9.86016297340393,-1.3162378919399993,-8.534770166279577,7.2185322743395774,0.6790137391537427,0.49005349020007993,1.1690672293538227,0.1889602489536628
9.880162239074707,-1.1283773540279611,-8.532894258023662,7.404516903995701,0.6790137391537427,0.49005349020007993,1.1690672293538227,0.1889602489536628
9.900155067443848,-0.9403991961337981,-8.53139353141893,7.5909943352851315,0.6790137391537427,0.49005349020007993,1.1690672293538227,0.1889602489536628
9.920148849487305,-0.7522636679249849,-8.530192950135143,7.777929282210159,0.6790137391537427,0.49005349020007993,1.1690672293538227,0.1889602489536628
9.940162897109985,-0.5638185588490728,-8.529232485108116,7.965413926259043,0.6790137391537427,0.49005349020007993,1.1690672293538227,0.1889602489536628
9.960166692733765,-0.37538088373391754,-8.528464113086493,8.153083229352575,0.6790137391537427,0.49005349020007993,1.1690672293538227,0.1889602489536628
9.980158805847168,-0.18699400563994045,-8.528464113086493,8.341470107446552,0.6790137391537427,0.49005349020007993,1.1690672293538227,0.1889602489536628
10.000289678573608,0.002730156221168158,-8.545427540469195,8.548157696690364,0.6790137391537427,0.49005349020007993,1.1690672293538227,0.1889602489536628
10.020315170288086,0.19146076998901107,-8.558998282375356,8.750459052364366,0.7,0.56005349020008,1.26005349020008,0.13994650979991996
10.040379524230957,0.3805272228728157,-8.569854875900285,8.950382098773101,0.7,0.56005349020008,1.26005349020008,0.13994650979991996
10.060181856155396,0.5670654724288852,-8.578540150720228,9.145605623149113,0.7,0.56005349020008,1.26005349020008,0.13994650979991996
10.080340385437012,0.7568687606850816,-8.585488370576181,9.342357131261263,0.7,0.56005349020008,1.26005349020008,0.13994650979991996
10.100305557250977,0.944731902163062,-8.591046946460946,9.535778848624007,0.7,0.56005349020008,1.26005349020008,0.13994650979991996
10.120226383209229,1.1320296211594765,-8.595493807168756,9.727523428328233,0.7,0.56005349020008,1.26005349020008,0.13994650979991996
10.140283823013306,1.3204325536985038,-8.599051295735006,9.91948384943351,0.7,0.56005349020008,1.26005349020008,0.13994650979991996
10.160208225250244,1.5073782781160872,-8.601897286588004,10.109275564704092,0.7,0.56005349020008,1.26005349020008,0.13994650979991996
10.18017578125,1.6944918778876665,-8.604174079270402,10.298665957158068,0.7,0.56005349020008,1.26005349020008,0.13994650979991996
10.200156927108765,1.881465835098001,-8.604174079270402,10.485639914368402,0.7,0.56005349020008,1.26005349020008,0.13994650979991996
10.220287799835205,2.069540903104828,-8.605995513416323,10.675536416521151,0.7,0.56005349020008,1.26005349020008,0.13994650979991996
10.240313529968262,2.2563052098723597,-8.62503078573306,10.881335995605419,0.6890819899737834,0.5465662275487557,1.2356482175225392,0.14251576242502773
10.260184526443481,2.4412734275295547,-8.640259003586447,11.081532431116003,0.6890819899737834,0.5465662275487557,1.2356482175225392,0.14251576242502773
10.280169486999512,2.6269185904952104,-8.652441577869158,11.279360168364368,0.6890819899737834,0.5465662275487557,1.2356482175225392,0.14251576242502773
10.300164461135864,2.812242258532555,-8.662187637295327,11.474429895827882,0.6890819899737834,0.5465662275487557,1.2356482175225392,0.14251576242502773
10.32017469406128,2.997262974701478,-8.669984484836263,11.667247459537741,0.6890819899737834,0.5465662275487557,1.2356482175225392,0.14251576242502773
10.340162754058838,3.1816056841675584,-8.69380008786901,11.875405772036569,0.6890819899737834,0.5465662275487557,1.2356482175225392,0.14251576242502773
10.360161304473877,3.3655429300637323,-8.712852570295208,12.07839550035894,0.6890819899737834,0.5465662275487557,1.2356482175225392,0.14251576242502773
10.380162000656128,3.54896844394581,-8.710516431236169,12.259484875181979,0.6890819899737834,0.5465662275487557,1.2356482175225392,0.14251576242502773
10.400163650512695,3.731842201113415,-8.708647519988935,12.440489721102349,0.6890819899737834,0.5465662275487557,1.2356482175225392,0.14251576242502773
10.42015528678894,3.9140354537508086,-8.708647519988935,12.622682973739742,0.6890819899737834,0.5465662275487557,1.2356482175225392,0.14251576242502773
10.440307855606079,4.097070251279091,-8.707152390991148,12.80422264227024,0.6890819899737834,0.5465662275487557,1.2356482175225392,0.14251576242502773
10.460299968719482,4.277998735023644,-8.70595628779292,12.983955022816565,0.7,0.4765662275487557,1.1765662275487556,0.22343377245124424
10.480198621749878,4.4574111628119635,-8.704999405234338,13.162410568046301,0.7,0.4765662275487557,1.1765662275487556,0.22343377245124424
10.50016975402832,4.636776478893092,-8.70423389918747,13.341010378080561,0.7,0.4765662275487557,1.1765662275487556,0.22343377245124424
10.52015495300293,4.815537264425472,-8.703621494349976,13.519158758775447,0.7,0.4765662275487557,1.1765662275487556,0.22343377245124424
10.54015302658081,4.993653164895108,-8.70313157047998,13.69678473537509,0.7,0.4765662275487557,1.1765662275487556,0.22343377245124424
10.560151100158691,5.170980661541548,-8.702739631383986,13.873720292925533,0.7,0.4765662275487557,1.1765662275487556,0.22343377245124424
10.580148696899414,5.347487558888309,-8.68484795510719,14.032335513995498,0.7,0.4765662275487557,1.1765662275487556,0.22343377245124424
10.600158929824829,5.523260954768248,-8.670534614085751,14.193795568854,0.7,0.4765662275487557,1.1765662275487556,0.22343377245124424
10.620164155960083,5.698117620436279,-8.6590839412686,14.35720156170488,0.7,0.4765662275487557,1.1765662275487556,0.22343377245124424
10.640151500701904,5.871918938642412,-8.6590839412686,14.53100287991101,0.7,0.4765662275487557,1.1765662275487556,0.22343377245124424
10.660290241241455,6.046100040133204,-8.649923403014881,14.696023443148086,0.7,0.4765662275487557,1.1765662275487556,0.22343377245124424
10.680282592773438,6.218057569616242,-8.642594972411905,14.860652542028147,0.6299999999999999,0.5069929551566019,1.1369929551566018,0.12300704484339797
10.700183391571045,6.388253256623432,-8.636732227929524,15.024985484552957,0.6299999999999999,0.5069929551566019,1.1369929551566018,0.12300704484339797
10.720165252685547,6.558137260996639,-8.63204203234362,15.190179293340258,0.6299999999999999,0.5069929551566019,1.1369929551566018,0.12300704484339797
10.740153551101685,6.727041763982456,-8.628289875874897,15.355331639857352,0.6299999999999999,0.5069929551566019,1.1369929551566018,0.12300704484339797
10.760209560394287,6.895451972498014,-8.625288150699918,15.520740123197932,0.6299999999999999,0.5069929551566019,1.1369929551566018,0.12300704484339797
10.780227184295654,7.062448038584542,-8.622886770559935,15.685334809144477,0.6299999999999999,0.5069929551566019,1.1369929551566018,0.12300704484339797
10.800171136856079,7.227718488336519,-8.620965666447947,15.848684154784467,0.6299999999999999,0.5069929551566019,1.1369929551566018,0.12300704484339797
10.820155143737793,7.392182466686499,-8.619428783158359,16.011611249844858,0.6299999999999999,0.5069929551566019,1.1369929551566018,0.12300704484339797
10.840161561965942,7.555663469406434,-8.618199276526687,16.17386274593312,0.6299999999999999,0.5069929551566019,1.1369929551566018,0.12300704484339797
10.860153198242188,7.717831118909297,-8.618199276526687,16.336030395435984,0.6299999999999999,0.5069929551566019,1.1369929551566018,0.12300704484339797
10.880157947540283,7.878886218452722,-8.61721567122135,16.496101889674073,0.6299999999999999,0.5069929551566019,1.1369929551566018,0.12300704484339797
10.900148868560791,8.0385865264623,-8.61642878697708,16.655015313439378,0.6299999999999999,0.5069929551566019,1.1369929551566018,0.12300704484339797
10.920168161392212,8.197242539871365,-8.615799279581664,16.813041819453026,0.6299999999999999,0.5069929551566019,1.1369929551566018,0.12300704484339797
10.94026803970337,8.355232392412445,-8.615295673665331,16.970528066077776,0.5793949748575686,0.46157071779016395,1.0409656926477326,0.11782425706740468
10.9601731300354,8.51037795469274,-8.614892788932266,17.125270743625006,0.5793949748575686,0.46157071779016395,1.0409656926477326,0.11782425706740468
10.98017144203186,8.664909544545283,-8.614570481145812,17.279480025691093,0.5793949748575686,0.46157071779016395,1.0409656926477326,0.11782425706740468
11.000149250030518,8.817916748077167,-8.614312634916649,17.432229382993818,0.5793949748575686,0.46157071779016395,1.0409656926477326,0.11782425706740468
11.020195722579956,8.970053282054886,-8.61410635793332,17.584159639988208,0.5793949748575686,0.46157071779016395,1.0409656926477326,0.11782425706740468
11.04020380973816,9.12047953625605,-8.613941336346656,17.734420872602705,0.5793949748575686,0.46157071779016395,1.0409656926477326,0.11782425706740468
11.060183048248291,9.269250631284265,-8.596231194077326,17.86548182536159,0.5793949748575686,0.46157071779016395,1.0409656926477326,0.11782425706740468
11.080152034759521,9.416485830244929,-8.596231194077326,18.012717024322257,0.5793949748575686,0.46157071779016395,1.0409656926477326,0.11782425706740468
11.10014295578003,9.562397940557688,-8.582063080261861,18.14446102081955,0.5793949748575686,0.46157071779016395,1.0409656926477326,0.11782425706740468
11.120145797729492,9.70688706362971,-8.553150464209489,18.2600375278392,0.5793949748575686,0.46157071779016395,1.0409656926477326,0.11782425706740468
11.140158891677856,9.849915792821534,-8.530020371367591,18.379936164189125,0.5793949748575686,0.46157071779016395,1.0409656926477326,0.11782425706740468
11.160156965255737,9.991281480420268,-8.511516297094074,18.502797777514342,0.5793949748575686,0.46157071779016395,1.0409656926477326,0.11782425706740468
11.180147647857666,10.13101836332943,-8.496713037675258,18.627731401004688,0.5793949748575686,0.46157071779016395,1.0409656926477326,0.11782425706740468
11.200144290924072,10.26919787839858,-8.484870430140207,18.754068308538788,0.5793949748575686,0.46157071779016395,1.0409656926477326,0.11782425706740468
11.22014570236206,10.40578868088225,-8.492974469112166,18.898763149994416,0.5793949748575686,0.46157071779016395,1.0409656926477326,0.11782425706740468
11.24015474319458,10.540787215203595,-8.481879575289733,19.02266679049333,0.5793949748575686,0.46157071779016395,1.0409656926477326,0.11782425706740468
11.260159015655518,10.67408815741353,-8.473003660231788,19.147091817645318,0.5793949748575686,0.46157071779016395,1.0409656926477326,0.11782425706740468
11.280160188674927,10.805682556599539,-8.46590292818543,19.27158548478497,0.5793949748575686,0.46157071779016395,1.0409656926477326,0.11782425706740468
11.300275802612305,10.936308644078464,-8.46590292818543,19.402211572263894,0.5793949748575686,0.46157071779016395,1.0409656926477326,0.11782425706740468
11.32016396522522,11.063740317656151,-8.460222342548345,19.523962660204496,0.5793949748575686,0.46157071779016395,1.0409656926477326,0.11782425706740468
11.3402681350708,11.190800110146448,-8.455677874038678,19.646477984185125,0.5093949748575686,0.4287316281581297,0.9381266030156983,0.08066334669943886
11.360169649124146,11.314820465226878,-8.452042299230943,19.76686276445782,0.5093949748575686,0.4287316281581297,0.9381266030156983,0.08066334669943886
11.380162000656128,11.437625544045044,-8.449133839384755,19.886759383429798,0.5093949748575686,0.4287316281581297,0.9381266030156983,0.08066334669943886
11.400150537490845,11.558602955890057,-8.464385196507804,20.02298815239786,0.5093949748575686,0.4287316281581297,0.9381266030156983,0.08066334669943886
11.420147895812988,11.67780940278574,-8.459008157206243,20.136817559991982,0.5093949748575686,0.4287316281581297,0.9381266030156983,0.08066334669943886
11.440147876739502,11.79518754543916,-8.454706525764996,20.249894071204157,0.5093949748575686,0.4287316281581297,0.9381266030156983,0.08066334669943886
11.460148572921753,11.910707192434149,-8.451265220611997,20.361972413046146,0.5093949748575686,0.4287316281581297,0.9381266030156983,0.08066334669943886
11.48015832901001,12.024396916807634,-8.448512176489597,20.472909093297233,0.5093949748575686,0.4287316281581297,0.9381266030156983,0.08066334669943886
11.500158071517944,12.136130531748634,-8.42873161619168,20.564862147940314,0.5093949748575686,0.4287316281581297,0.9381266030156983,0.08066334669943886
11.520168781280518,12.24600745187011,-8.42873161619168,20.67473906806179,0.5093949748575686,0.4287316281581297,0.9381266030156983,0.08066334669943886
11.54028034210205,12.354487589280035,-8.395329042953344,20.74981663223338,0.5015098186582325,0.47133516559842964,0.9728449842566622,0.03017465305980288
11.560176849365234,12.459866592362783,-8.368606984362676,20.828473576725457,0.5015098186582325,0.47133516559842964,0.9728449842566622,0.03017465305980288
11.580164194107056,12.56376607520299,-8.347229337490141,20.910995412693133,0.5015098186582325,0.47133516559842964,0.9728449842566622,0.03017465305980288
11.600157976150513,12.665716607371573,-8.330127219992113,20.995843827363686,0.5015098186582325,0.47133516559842964,0.9728449842566622,0.03017465305980288
11.620215892791748,12.765985704155208,-8.316445525993691,21.0824312301489,0.5015098186582325,0.47133516559842964,0.9728449842566622,0.03017465305980288
11.640225172042847,12.863991455947419,-8.305500170794952,21.16949162674237,0.5015098186582325,0.47133516559842964,0.9728449842566622,0.03017465305980288
11.660191535949707,12.959760296492057,-8.296743886635962,21.25650418312802,0.5015098186582325,0.47133516559842964,0.9728449842566622,0.03017465305980288
11.68015170097351,13.053460736675165,-8.28973885930877,21.343199595983933,0.5015098186582325,0.47133516559842964,0.9728449842566622,0.03017465305980288
11.700151443481445,13.145287758374101,-8.284134837447017,21.429422595821116,0.5015098186582325,0.47133516559842964,0.9728449842566622,0.03017465305980288
11.720152854919434,13.235046442715454,-8.262073494957614,21.49711993767307,0.5015098186582325,0.47133516559842964,0.9728449842566622,0.03017465305980288
11.740145683288574,13.322677694543964,-8.262073494957614,21.584751189501578,0.5015098186582325,0.47133516559842964,0.9728449842566622,0.03017465305980288
11.760144710540771,13.408232840893545,-8.13895567096609,21.547188511859638,0.5015098186582325,0.47133516559842964,0.9728449842566622,0.03017465305980288
11.780150890350342,13.491700338712821,-7.970148911772872,21.46184925048569,0.5015098186582325,0.47133516559842964,0.9728449842566622,0.03017465305980288
11.800143003463745,13.572979587267335,-7.817525379418298,21.390504966685633,0.5015098186582325,0.47133516559842964,0.9728449842566622,0.03017465305980288
11.820192813873291,13.652342474976027,-7.660270303534639,21.312612778510665,0.5015098186582325,0.47133516559842964,0.9728449842566622,0.03017465305980288
11.84016752243042,13.729253646806141,-7.481731867827712,21.210985514633855,0.5015098186582325,0.47133516559842964,0.9728449842566622,0.03017465305980288
11.86014986038208,13.80403042578602,-7.32132299426217,21.125353420048192,0.5015098186582325,0.47133516559842964,0.9728449842566622,0.03017465305980288
11.880152225494385,13.876702904879624,-7.1754177704097355,21.05212067528936,0.5015098186582325,0.47133516559842964,0.9728449842566622,0.03017465305980288
11.900150299072266,13.947168687588723,-7.076271716327789,21.023440403916513,0.5015098186582325,0.47133516559842964,0.9728449842566622,0.03017465305980288
11.920153617858887,14.015450089747667,-6.996954873062232,21.0124049628099,0.5015098186582325,0.47133516559842964,0.9728449842566622,0.03017465305980288
11.940272808074951,14.081893788501697,-6.933501398449786,21.015395186951483,0.5015098186582325,0.47133516559842964,0.9728449842566622,0.03017465305980288
11.960360765457153,14.145989306147765,-6.933501398449786,21.07949070459755,0.5015098186582325,0.47133516559842964,0.9728449842566622,0.03017465305980288
11.980239152908325,14.207197809572826,-6.86516049375983,21.072358303332656,0.5715098186582326,0.5314298574114218,1.1029396760696544,0.04007996124681079
12.000265836715698,14.266621772674338,-6.810487770007864,21.0771095426822,0.5715098186582326,0.5314298574114218,1.1029396760696544,0.04007996124681079
12.020329475402832,14.323890247462153,-6.766749591006292,21.090639838468444,0.5715098186582326,0.5314298574114218,1.1029396760696544,0.04007996124681079
12.040286540985107,14.378596321025624,-6.731759047805034,21.110355368830657,0.5715098186582326,0.5314298574114218,1.1029396760696544,0.04007996124681079
12.06023907661438,14.431029938291013,-6.703766613244028,21.13479655153504,0.5715098186582326,0.5314298574114218,1.1029396760696544,0.04007996124681079
12.080295085906982,14.481449764908444,-6.681372665595223,21.162822430503667,0.5715098186582326,0.5314298574114218,1.1029396760696544,0.04007996124681079
12.100298643112183,14.529447134900405,-6.663457507476179,21.192904642376583,0.5715098186582326,0.5314298574114218,1.1029396760696544,0.04007996124681079
12.120192766189575,14.57490555311877,-6.649125380980943,21.224030934099712,0.5715098186582326,0.5314298574114218,1.1029396760696544,0.04007996124681079
12.140155792236328,14.618232320145525,-6.655237804784756,21.27347012493028,0.5715098186582326,0.5314298574114218,1.1029396760696544,0.04007996124681079
12.160266637802124,14.659554422108036,-6.660127743827806,21.31968216593584,0.5715098186582326,0.5314298574114218,1.1029396760696544,0.04007996124681079
12.18041467666626,14.698605800504602,-6.660127743827806,21.35873354433241,0.5781477071531116,0.6014298574114219,1.1795775645645334,-0.023282150258310264
12.200209617614746,14.734678823560749,-6.664039695062245,21.398718518622992,0.5781477071531116,0.6014298574114219,1.1795775645645334,-0.023282150258310264
12.220163583755493,14.768734780079797,-6.684747381049798,21.453482161129592,0.5781477071531116,0.6014298574114219,1.1795775645645334,-0.023282150258310264
12.24014663696289,14.800513868247073,-6.6837354048398385,21.48424927308691,0.5781477071531116,0.6014298574114219,1.1795775645645334,-0.023282150258310264
12.260147094726562,14.829984370743944,-6.682925823871872,21.512910194615817,0.5781477071531116,0.6014298574114219,1.1795775645645334,-0.023282150258310264
12.28014874458313,14.857114486661027,-6.664700034097498,21.521814520758525,0.5781477071531116,0.6014298574114219,1.1795775645645334,-0.023282150258310264
12.300147533416748,14.881894727841237,-6.667697527277999,21.549592255119236,0.5781477071531116,0.6014298574114219,1.1795775645645334,-0.023282150258310264
12.320148229598999,14.904327257033735,-6.652517396822399,21.556844653856135,0.5781477071531116,0.6014298574114219,1.1795775645645334,-0.023282150258310264
12.340147256851196,14.924404479161284,-6.6227951674579195,21.547199646619205,0.5781477071531116,0.6014298574114219,1.1795775645645334,-0.023282150258310264
12.360148191452026,14.942126771640957,-6.599017383966336,21.54114415560729,0.5781477071531116,0.6014298574114219,1.1795775645645334,-0.023282150258310264
12.380154132843018,14.957492858593941,-6.5799951571730695,21.53748801576701,0.5781477071531116,0.6014298574114219,1.1795775645645334,-0.023282150258310264
12.400421380996704,14.97064976939017,-6.5799951571730695,21.550644926563237,0.6055931575782596,0.5806635283911601,1.1862566859694197,0.02492962918709951
12.420357465744019,14.98122324609995,-6.582355500738456,21.563578746838406,0.6055931575782596,0.5806635283911601,1.1862566859694197,0.02492962918709951
12.44033694267273,14.989461443013168,-6.566665650590766,21.556127093603934,0.6055931575782596,0.5806635283911601,1.1862566859694197,0.02492962918709951
12.46033787727356,14.995342526073664,-6.536535645472613,21.531878171546275,0.6055931575782596,0.5806635283911601,1.1862566859694197,0.02492962918709951
12.480340957641602,14.998855699217094,-6.4948535163780905,21.493709215595185,0.6055931575782596,0.5806635283911601,1.1862566859694197,0.02492962918709951
12.500348567962646,14.999999640254032,-6.461507813102473,21.461507453356504,0.6055931575782596,0.5806635283911601,1.1862566859694197,0.02492962918709951
12.520338296890259,14.99877525900364,-6.434831250481978,21.433606509485617,0.6055931575782596,0.5806635283911601,1.1862566859694197,0.02492962918709951
12.540281057357788,14.995196038244087,-6.413490000385583,21.408686038629668,0.6055931575782596,0.5806635283911601,1.1862566859694197,0.02492962918709951
12.560272455215454,14.989245087995428,-6.396417000308467,21.385662088303896,0.6055931575782596,0.5806635283911601,1.1862566859694197,0.02492962918709951
12.58036494255066,14.980881139792185,-6.365180475246774,21.34606161503896,0.6055931575782596,0.5806635283911601,1.1862566859694197,0.02492962918709951
12.600329875946045,14.97020538866462,-6.3401912551974196,21.310396643862042,0.6055931575782596,0.5806635283911601,1.1862566859694197,0.02492962918709951
12.620325565338135,14.957152059629726,-6.3401912551974196,21.297343314827145,0.5759811565466224,0.6031916701281443,1.1791728266747667,-0.027210513581521933
12.640188455581665,14.941847995317763,-6.3201998791579355,21.262047874475698,0.5759811565466224,0.6031916701281443,1.1791728266747667,-0.027210513581521933
12.660346031188965,14.923937595622217,-6.304206778326349,21.228144373948567,0.5759811565466224,0.6031916701281443,1.1791728266747667,-0.027210513581521933
12.6803297996521,14.903818547609111,-6.291412297661079,21.19523084527019,0.5759811565466224,0.6031916701281443,1.1791728266747667,-0.027210513581521933
12.700337171554565,14.881321905949422,-6.281176713128864,21.162498619078285,0.5759811565466224,0.6031916701281443,1.1791728266747667,-0.027210513581521933
12.72034740447998,14.85646987715399,-6.272988245503091,21.12945812265708,0.5759811565466224,0.6031916701281443,1.1791728266747667,-0.027210513581521933
12.740341901779175,14.82929174970294,-6.266437471402473,21.09572922110541,0.5759811565466224,0.6031916701281443,1.1791728266747667,-0.027210513581521933
12.760249614715576,14.799906366869525,-6.261196852121978,21.061103218991505,0.5759811565466224,0.6031916701281443,1.1791728266747667,-0.027210513581521933
12.780233383178711,14.768079881124375,-6.257004356697583,21.025084237821957,0.5759811565466224,0.6031916701281443,1.1791728266747667,-0.027210513581521933
12.800340414047241,14.733707243405071,-6.253650360358066,20.987357603763137,0.5759811565466224,0.6031916701281443,1.1791728266747667,-0.027210513581521933
12.820309162139893,14.697243596613621,-6.250967163286454,20.948210759900075,0.5241543069668113,0.5331916701281443,1.0573459770949556,-0.009037363161332967
12.840207576751709,14.658606965599336,-6.250967163286454,20.90957412888579,0.5241543069668113,0.5331916701281443,1.0573459770949556,-0.009037363161332967
12.860249280929565,14.617376006865037,-6.248820605629163,20.8661966124942,0.5241543069668113,0.5331916701281443,1.0573459770949556,-0.009037363161332967
12.880247831344604,14.573923413214791,-6.24710335950333,20.82102677271812,0.5241543069668113,0.5331916701281443,1.0573459770949556,-0.009037363161332967
12.900245666503906,14.528171439160365,-6.245729562602665,20.77390100176303,0.5241543069668113,0.5331916701281443,1.0573459770949556,-0.009037363161332967
12.920252799987793,14.480102923093714,-6.2270524000821315,20.707155323175847,0.5241543069668113,0.5331916701281443,1.0573459770949556,-0.009037363161332967
12.940242052078247,14.429792225177929,-6.141798170065706,20.571590395243636,0.5241543069668113,0.5331916701281443,1.0573459770949556,-0.009037363161332967
12.96020245552063,14.377282874156238,-5.968126036052565,20.345408910208803,0.5241543069668113,0.5331916701281443,1.0573459770949556,-0.009037363161332967
12.980200052261353,14.322408001553775,-5.8116102038420525,20.134018205395826,0.5241543069668113,0.5331916701281443,1.0573459770949556,-0.009037363161332967
13.000158071517944,14.265387303960424,-5.668819413073643,19.934206717034066,0.5241543069668113,0.5331916701281443,1.0573459770949556,-0.009037363161332967
13.020273923873901,14.205645793479256,-5.554586780458915,19.760232573938172,0.5241543069668113,0.5331916701281443,1.0573459770949556,-0.009037363161332967
13.040282487869263,14.143971721680128,-5.4632006743671315,19.60717239604726,0.507228804398328,0.6031916701281443,1.1104204745264723,-0.09596286572981638
13.060200452804565,14.080356645729223,-5.4632006743671315,19.543557320096355,0.507228804398328,0.6031916701281443,1.1104204745264723,-0.09596286572981638
13.08020305633545,14.014251935676727,-5.390091789493706,19.404343725170435,0.507228804398328,0.6031916701281443,1.1104204745264723,-0.09596286572981638
13.100246667861938,13.945791308607564,-5.331604681594965,19.27739599020253,0.507228804398328,0.6031916701281443,1.1104204745264723,-0.09596286572981638
13.120253086090088,13.875252047519444,-5.284814995275973,19.16006704279542,0.507228804398328,0.6031916701281443,1.1104204745264723,-0.09596286572981638
13.140257120132446,13.80252911449186,-5.247383246220778,19.04991236071264,0.507228804398328,0.6031916701281443,1.1104204745264723,-0.09596286572981638
13.160261631011963,13.72762391141345,-5.217437846976623,18.945061758390075,0.507228804398328,0.6031916701281443,1.1104204745264723,-0.09596286572981638
13.180272817611694,13.650523898401643,-5.193481527581299,18.844005425982942,0.507228804398328,0.6031916701281443,1.1104204745264723,-0.09596286572981638
13.200260162353516,13.57136160658445,-5.17431647206504,18.74567807864949,0.507228804398328,0.6031916701281443,1.1104204745264723,-0.09596286572981638
13.22034215927124,13.489668861671587,-5.158984427652032,18.64865328932362,0.507228804398328,0.6031916701281443,1.1104204745264723,-0.09596286572981638
13.240317821502686,13.406278009165215,-5.146718792121626,18.55299680128684,0.507228804398328,0.6031916701281443,1.1104204745264723,-0.09596286572981638
13.260276556015015,13.320848645812081,-5.066593783697301,18.38744242950938,0.4626183524914085,0.5331916701281443,0.9958100226195528,-0.0705733176367358
13.280344247817993,13.232840907228647,-5.066593783697301,18.29943469092595,0.4626183524914085,0.5331916701281443,0.9958100226195528,-0.0705733176367358
13.300353288650513,13.142995797473883,-4.932181276957841,18.075177074431725,0.4626183524914085,0.5331916701281443,0.9958100226195528,-0.0705733176367358
13.320340394973755,13.051175279752313,-4.789495021566273,17.840670301318585,0.4626183524914085,0.5331916701281443,0.9958100226195528,-0.0705733176367358
13.340349435806274,12.957192335631735,-4.640189767253018,17.59738210288475,0.4626183524914085,0.5331916701281443,0.9958100226195528,-0.0705733176367358
13.36034893989563,12.86120770622796,-4.450433063802414,17.311640770030372,0.4626183524914085,0.5331916701281443,0.9958100226195528,-0.0705733176367358
13.380343675613403,12.763215853855073,-4.193158951041932,16.956374804897003,0.4626183524914085,0.5331916701281443,0.9958100226195528,-0.0705733176367358
13.400355815887451,12.663121678525624,-3.917027160833546,16.58014883935917,0.4626183524914085,0.5331916701281443,0.9958100226195528,-0.0705733176367358
13.420347690582275,12.561129817657328,-3.6785436036668373,16.239673421324166,0.4626183524914085,0.5331916701281443,0.9958100226195528,-0.0705733176367358
13.440310716629028,12.457307476337148,-3.48775675793347,15.945064234270617,0.4626183524914085,0.5331916701281443,0.9958100226195528,-0.0705733176367358
13.460378170013428,12.350966773658845,-3.317549156346776,15.668515930005622,0.47724426781758655,0.528825608943589,1.0060698767611755,-0.051581341126002433
13.480294704437256,12.24348432886232,-3.198961200077421,15.44244552893974,0.47724426781758655,0.528825608943589,1.0060698767611755,-0.051581341126002433
13.500253200531006,12.133852095559524,-3.198961200077421,15.332813295636946,0.47724426781758655,0.528825608943589,1.0060698767611755,-0.051581341126002433
13.520195960998535,12.022400417851244,-3.086512710061937,15.108913127913182,0.47724426781758655,0.528825608943589,1.0060698767611755,-0.051581341126002433
13.54032039642334,11.908019992466578,-3.0141320430495497,14.922152035516127,0.47724426781758655,0.528825608943589,1.0060698767611755,-0.051581341126002433
13.560200929641724,11.793156336647462,-2.93864938443964,14.731805721087103,0.47724426781758655,0.528825608943589,1.0060698767611755,-0.051581341126002433
13.580160856246948,11.675982862164156,-2.8958413825517124,14.571824244715868,0.47724426781758655,0.528825608943589,1.0060698767611755,-0.051581341126002433
13.600163459777832,11.556716583059803,-2.8615949810413697,14.418311564101172,0.47724426781758655,0.528825608943589,1.0060698767611755,-0.051581341126002433
13.620156288146973,11.435684508840438,-2.834197859833096,14.269882368673535,0.47724426781758655,0.528825608943589,1.0060698767611755,-0.051581341126002433
13.640156030654907,11.312805111681685,-2.794702037866477,14.107507149548162,0.47724426781758655,0.528825608943589,1.0060698767611755,-0.051581341126002433
13.660346746444702,11.18694038355057,-2.7806835052931818,13.967623888843752,0.47724426781758655,0.528825608943589,1.0060698767611755,-0.051581341126002433
13.680311679840088,11.06071274915486,-2.7694686792345453,13.830181428389405,0.49218483978882416,0.45882560894358904,0.9510104487324131,0.03335923084523512
13.700300693511963,10.932589230501145,-2.7694686792345453,13.702057909735691,0.49218483978882416,0.45882560894358904,0.9510104487324131,0.03335923084523512
13.72031855583191,10.80255258911114,-2.760496818387636,13.563049407498777,0.49218483978882416,0.45882560894358904,0.9510104487324131,0.03335923084523512
13.740213394165039,10.671621897771026,-2.753319329710109,13.424941227481135,0.49218483978882416,0.45882560894358904,0.9510104487324131,0.03335923084523512
13.760209798812866,10.538342530776795,-2.747577338768087,13.285919869544882,0.49218483978882416,0.45882560894358904,0.9510104487324131,0.03335923084523512
13.780247688293457,10.403117966645913,-2.7429837460144695,13.146101712660382,0.49218483978882416,0.45882560894358904,0.9510104487324131,0.03335923084523512
13.800260066986084,10.266419696094754,-2.7393088718115757,13.00572856790633,0.49218483978882416,0.45882560894358904,0.9510104487324131,0.03335923084523512
13.820250272750854,10.128252376369167,-2.718790847449261,12.847043223818428,0.49218483978882416,0.45882560894358904,0.9510104487324131,0.03335923084523512
13.840246438980103,9.988445344484925,-2.702376427959409,12.690821772444334,0.49218483978882416,0.45882560894358904,0.9510104487324131,0.03335923084523512
13.86025357246399,9.846983652950033,-2.689244892367528,12.536228545317561,0.49218483978882416,0.45882560894358904,0.9510104487324131,0.03335923084523512
13.880249977111816,9.704043005457539,-2.6787396638940226,12.382782669351561,0.49218483978882416,0.45882560894358904,0.9510104487324131,0.03335923084523512
13.900263786315918,9.559444120783589,-2.6703354811152185,12.229779601898807,0.49218483978882416,0.45882560894358904,0.9510104487324131,0.03335923084523512
13.920211553573608,9.413818202662942,-2.6636121348921753,12.077430337555118,0.49218483978882416,0.45882560894358904,0.9510104487324131,0.03335923084523512
13.94019341468811,9.26646081021657,-2.6636121348921753,11.930072945108744,0.49218483978882416,0.45882560894358904,0.9510104487324131,0.03335923084523512
13.960157871246338,9.117773041098822,-2.6582334579137403,11.776006499012562,0.49218483978882416,0.45882560894358904,0.9510104487324131,0.03335923084523512
13.980148077011108,8.967456045813151,-2.6539305163309925,11.621386562144144,0.49218483978882416,0.45882560894358904,0.9510104487324131,0.03335923084523512
14.000149011611938,8.815642561180955,-2.6504881630647943,11.46613072424575,0.49218483978882416,0.45882560894358904,0.9510104487324131,0.03335923084523512
14.020147800445557,8.66245336451879,-2.647734280451836,11.310187644970625,0.49218483978882416,0.45882560894358904,0.9510104487324131,0.03335923084523512
14.040150880813599,8.507863120351903,-2.645531174361469,11.153394294713372,0.49218483978882416,0.45882560894358904,0.9510104487324131,0.03335923084523512
14.06014633178711,8.351988700166872,-2.6437686894891756,10.995757389656049,0.49218483978882416,0.45882560894358904,0.9510104487324131,0.03335923084523512
14.080146074295044,8.194762126737487,-2.642358701591341,10.837120828328828,0.49218483978882416,0.45882560894358904,0.9510104487324131,0.03335923084523512
14.100151777267456,8.036194104866356,-2.641230711273073,10.677424816139428,0.49218483978882416,0.45882560894358904,0.9510104487324131,0.03335923084523512
14.12027382850647,7.875423109361185,-2.6403283190184585,10.515751428379643,0.49218483978882416,0.45882560894358904,0.9510104487324131,0.03335923084523512
14.140292406082153,7.714229651033096,-2.639606405214767,10.353836056247864,0.49218483978882416,0.45882560894358904,0.9510104487324131,0.03335923084523512
14.160278558731079,7.552079803878138,-2.639606405214767,10.191686209092905,0.5095002629049121,0.4808759468095376,0.9903762097144497,0.028624316095374525
14.180187702178955,7.389370672073444,-2.639028874171814,10.028399546245257,0.5095002629049121,0.4808759468095376,0.9903762097144497,0.028624316095374525
14.200167655944824,7.224920401675477,-2.6385668493374514,9.863487251012929,0.5095002629049121,0.4808759468095376,0.9903762097144497,0.028624316095374525
14.220222473144531,7.058708960563254,-2.6381972294699616,9.696906190033216,0.5095002629049121,0.4808759468095376,0.9903762097144497,0.028624316095374525
14.240258932113647,6.891530429733757,-2.6379015335759695,9.529431963309726,0.5095002629049121,0.4808759468095376,0.9903762097144497,0.028624316095374525
14.260255575180054,6.72359512365401,-2.637664976860776,9.361260100514786,0.5095002629049121,0.4808759468095376,0.9903762097144497,0.028624316095374525
14.28028655052185,6.55430739218844,-2.6374757314886206,9.19178312367706,0.5095002629049121,0.4808759468095376,0.9903762097144497,0.028624316095374525
14.30026650428772,6.3844165902649435,-2.637324335190897,9.021740925455841,0.5095002629049121,0.4808759468095376,0.9903762097144497,0.028624316095374525
14.320276260375977,6.21326398499835,-2.637203218152718,8.850467203151068,0.5095002629049121,0.4808759468095376,0.9903762097144497,0.028624316095374525
14.34032130241394,6.040824875671255,-2.6371063245221746,8.67793120019343,0.5095002629049121,0.4808759468095376,0.9903762097144497,0.028624316095374525
14.360208988189697,5.868792401387206,-2.63702880961774,8.505821211004946,0.5095002629049121,0.4808759468095376,0.9903762097144497,0.028624316095374525
14.380148887634277,5.695388309135683,-2.63702880961774,8.332417118753423,0.5095002629049121,0.4808759468095376,0.9903762097144497,0.028624316095374525
14.40014123916626,5.52063059862211,-2.6545449226941917,8.175175521316302,0.5095002629049121,0.4808759468095376,0.9903762097144497,0.028624316095374525
14.420153379440308,5.344827520630877,-2.668557813155353,8.01338533378623,0.5095002629049121,0.4808759468095376,0.9903762097144497,0.028624316095374525
14.44014859199524,5.168329178485169,-2.6797681255242827,7.8480973040094515,0.5095002629049121,0.4808759468095376,0.9903762097144497,0.028624316095374525
14.46014404296875,4.991012968912082,-2.6887363754194262,7.679749344331508,0.5095002629049121,0.4808759468095376,0.9903762097144497,0.028624316095374525
14.48026418685913,4.811795898369285,-2.695910975335541,7.507706873704826,0.5095002629049121,0.4808759468095376,0.9903762097144497,0.028624316095374525
14.500265121459961,4.632878436046149,-2.7016506552684327,7.334529091314582,0.5095002629049121,0.4808759468095376,0.9903762097144497,0.028624316095374525
14.520267724990845,4.453214300007629,-2.706242399214746,7.159456699222376,0.530477694813162,0.5334893467323853,1.0639670415455473,-0.003011651919223368
14.540294408798218,4.2726292175145115,-2.7099157943717973,6.982545011886309,0.530477694813162,0.5334893467323853,1.0639670415455473,-0.003011651919223368
14.5601806640625,4.092640943903015,-2.7128545104974378,6.805495454400452,0.530477694813162,0.5334893467323853,1.0639670415455473,-0.003011651919223368
14.580162048339844,3.911148176019545,-2.71520548339795,6.626353659417495,0.530477694813162,0.5334893467323853,1.0639670415455473,-0.003011651919223368
14.600185632705688,3.7286537003065874,-2.71520548339795,6.443859183704538,0.530477694813162,0.5334893467323853,1.0639670415455473,-0.003011651919223368
14.620176553726196,3.545868158083764,-2.71708626171836,6.262954419802124,0.530477694813162,0.5334893467323853,1.0639670415455473,-0.003011651919223368
14.640220165252686,3.3620392303967113,-2.718590884374688,6.080630114771399,0.530477694813162,0.5334893467323853,1.0639670415455473,-0.003011651919223368
14.660228252410889,3.178004289297988,-2.7197945824997505,5.897798871797738,0.530477694813162,0.5334893467323853,1.0639670415455473,-0.003011651919223368
14.680224895477295,2.9935727869057565,-2.7207575409998004,5.714330327905557,0.530477694813162,0.5334893467323853,1.0639670415455473,-0.003011651919223368
14.700218677520752,2.8086952109303818,-2.7391060327998407,5.547801243730222,0.530477694813162,0.5334893467323853,1.0639670415455473,-0.003011651919223368
14.720227241516113,2.6232372156207204,-2.7537848262398725,5.377022041860593,0.530477694813162,0.5334893467323853,1.0639670415455473,-0.003011651919223368
14.740226745605469,2.4374488786836066,-2.7655278609918983,5.2029767396755044,0.530477694813162,0.5334893467323853,1.0639670415455473,-0.003011651919223368
14.76018476486206,2.251662215317031,-2.7749222887935185,5.0265845041105495,0.530477694813162,0.5334893467323853,1.0639670415455473,-0.003011651919223368
14.780186176300049,2.065116412895689,-2.8000159560348155,4.865132368930505,0.530477694813162,0.5334893467323853,1.0639670415455473,-0.003011651919223368
14.800230979919434,1.8778387149978393,-2.8200908898278527,4.697929604825692,0.530477694813162,0.5334893467323853,1.0639670415455473,-0.003011651919223368
14.820229768753052,1.6906940708201452,-2.8200908898278527,4.510784960647998,0.530477694813162,0.5334893467323853,1.0639670415455473,-0.003011651919223368
14.84023118019104,1.5032578857600485,-2.836150836862282,4.339408722622331,0.530477694813162,0.5334893467323853,1.0639670415455473,-0.003011651919223368
14.86023211479187,1.3155887621137647,-2.848998794489826,4.164587556603591,0.530477694813162,0.5334893467323853,1.0639670415455473,-0.003011651919223368
14.880335807800293,1.1267461356725599,-2.8592771605918608,3.9860232962644204,0.530477694813162,0.5334893467323853,1.0639670415455473,-0.003011651919223368
14.90023398399353,0.9396568871352305,-2.8674998534734892,3.8071567406087197,0.530477694813162,0.5334893467323853,1.0639670415455473,-0.003011651919223368
14.920290231704712,0.7509328456964699,-2.8740780077787917,3.6250108534752616,0.5783171948231756,0.5269919705996289,1.1053091654228044,0.051325224223546684
14.940165996551514,0.5637893679428679,-2.8617624062230336,3.4255517741659016,0.5783171948231756,0.5269919705996289,1.1053091654228044,0.051325224223546684
14.960213661193848,0.37493835489947963,-2.851909924978427,3.226848279877907,0.5783171948231756,0.5269919705996289,1.1053091654228044,0.051325224223546684
14.98018217086792,0.18677381259900327,-2.844027939982742,3.0308017525817452,0.5783171948231756,0.5269919705996289,1.1053091654228044,0.051325224223546684
15.000147342681885,-0.0013886720589265898,-2.8377223519861934,2.8363336799272667,0.5783171948231756,0.5269919705996289,1.1053091654228044,0.051325224223546684
15.020143508911133,-0.18984303031416885,-2.8377223519861934,2.6478793216720247,0.5783171948231756,0.5269919705996289,1.1053091654228044,0.051325224223546684
15.04014253616333,-0.37829437757615675,-2.832677881588955,2.454383504012798,0.5783171948231756,0.5269919705996289,1.1053091654228044,0.051325224223546684
15.060240983963013,-0.5676223401388883,-2.8286423052711642,2.261019965132276,0.5783171948231756,0.5269919705996289,1.1053091654228044,0.051325224223546684
15.080239295959473,-0.7559172268981592,-2.8254138442169316,2.0694966173187725,0.5783171948231756,0.5269919705996289,1.1053091654228044,0.051325224223546684
15.100237607955933,-0.9440927657126932,-2.8228310753735455,1.8787383096608523,0.5783171948231756,0.5269919705996289,1.1053091654228044,0.051325224223546684
15.120242357254028,-1.1321797435804688,-2.8207648602988367,1.6885851167183679,0.5783171948231756,0.5269919705996289,1.1053091654228044,0.051325224223546684
15.140243530273438,-1.320054277366541,-2.8191118882390693,1.4990576108725284,0.5783171948231756,0.5269919705996289,1.1053091654228044,0.051325224223546684
15.160324811935425,-1.508471515413735,-2.8177895105912554,1.3093179951775205,0.5783171948231756,0.5269919705996289,1.1053091654228044,0.051325224223546684
15.180317640304565,-1.69582030295816,-2.8343097334730047,1.1384894305148447,0.5783171948231756,0.5269919705996289,1.1053091654228044,0.051325224223546684
15.200330018997192,-1.8830842927124545,-2.847525911778404,0.9644416190659495,0.5783171948231756,0.5269919705996289,1.1053091654228044,0.051325224223546684
15.220330715179443,-2.0699415018142875,-2.8580988544227237,0.7881573526084362,0.5783171948231756,0.5269919705996289,1.1053091654228044,0.051325224223546684
15.240331172943115,-2.2564695989295807,-2.866557208538179,0.6100876096085983,0.5783171948231756,0.5269919705996289,1.1053091654228044,0.051325224223546684
15.260327100753784,-2.4425992330905397,-2.866557208538179,0.42395797544763925,0.5783171948231756,0.5269919705996289,1.1053091654228044,0.051325224223546684
15.280277013778687,-2.6279163388728413,-2.8733238918305437,0.24540755295770245,0.5783171948231756,0.5269919705996289,1.1053091654228044,0.051325224223546684
15.30033254623413,-2.813798316981001,-2.8787372384644354,0.06493892148343461,0.5783171948231756,0.5269919705996289,1.1053091654228044,0.051325224223546684
15.32032299041748,-2.9986324354796396,-2.900646040771549,-0.09798639470809078,0.5783171948231756,0.5269919705996289,1.1053091654228044,0.051325224223546684
15.340323448181152,-3.1830857139549384,-2.9181730826172396,-0.2649126313376988,0.5783171948231756,0.5269919705996289,1.1053091654228044,0.051325224223546684
15.360241889953613,-3.366283061888806,-2.932194716093792,-0.43408834579501443,0.6215824108757078,0.5161313831293954,1.1377137940051032,0.10545102774631232
15.38022255897522,-3.5495229851934558,-2.943412022875034,-0.606110962318422,0.6215824108757078,0.5161313831293954,1.1377137940051032,0.10545102774631232
15.400222778320312,-3.7323819431925487,-2.9523858683000275,-0.7799960748925212,0.6215824108757078,0.5161313831293954,1.1377137940051032,0.10545102774631232
15.420243740081787,-3.9148402194417518,-2.9595649446400225,-0.9552752748017292,0.6215824108757078,0.5161313831293954,1.1377137940051032,0.10545102774631232
15.440202236175537,-4.096112654313941,-2.9653082057120184,-1.1308044486019222,0.6215824108757078,0.5161313831293954,1.1377137940051032,0.10545102774631232
15.460308313369751,-4.27807411509948,-2.969902814569615,-1.3081713005298652,0.6215824108757078,0.5161313831293954,1.1377137940051032,0.10545102774631232
15.480336427688599,-4.458651266824832,-2.969902814569615,-1.488748452255217,0.6215824108757078,0.5161313831293954,1.1377137940051032,0.10545102774631232
15.500293970108032,-4.6378898365723344,-2.9735785016556924,-1.664311334916642,0.6215824108757078,0.5161313831293954,1.1377137940051032,0.10545102774631232
15.520241498947144,-4.816309757462541,-2.9765190513245545,-1.8397907061379866,0.6215824108757078,0.5161313831293954,1.1377137940051032,0.10545102774631232
15.540238618850708,-4.994413831135979,-2.978871491059644,-2.0155423400763355,0.6215824108757078,0.5161313831293954,1.1377137940051032,0.10545102774631232
15.560232162475586,-5.171697817184736,-2.9807534428477154,-2.1909443743370205,0.6215824108757078,0.5161313831293954,1.1377137940051032,0.10545102774631232
15.580195426940918,-5.347899039316486,-2.9822590042781725,-2.3656400350383135,0.6215824108757078,0.5161313831293954,1.1377137940051032,0.10545102774631232
15.600175380706787,-5.5234051068140175,-2.9834634534225386,-2.539941653391479,0.6215824108757078,0.5161313831293954,1.1377137940051032,0.10545102774631232
15.620155334472656,-5.698040712168592,-2.9844270127380312,-2.713613699430561,0.6215824108757078,0.5161313831293954,1.1377137940051032,0.10545102774631232
15.640154600143433,-5.871945818939844,-2.9851978601904254,-2.8867479587494187,0.6215824108757078,0.5161313831293954,1.1377137940051032,0.10545102774631232
15.660285234451294,-6.04605685527545,-2.985814538152341,-3.060242317123109,0.6215824108757078,0.5161313831293954,1.1377137940051032,0.10545102774631232
15.680270910263062,-6.217957370273116,-2.986307880521873,-3.2316494897512436,0.6215824108757078,0.5161313831293954,1.1377137940051032,0.10545102774631232
15.700261116027832,-6.388916031222552,-2.986307880521873,-3.402608150700679,0.6742958907224237,0.47357445279601956,1.1478703435184432,0.20072143792640412
15.720197200775146,-6.558408060212614,-3.0042806794174983,-3.5541273807951153,0.6742958907224237,0.47357445279601956,1.1478703435184432,0.20072143792640412
15.740166664123535,-6.727152225872789,-3.018658918533999,-3.7084933073387902,0.6742958907224237,0.47357445279601956,1.1478703435184432,0.20072143792640412
15.760154008865356,-6.894987006531783,-3.0301615098271992,-3.8648254967045834,0.6742958907224237,0.47357445279601956,1.1478703435184432,0.20072143792640412
15.780147075653076,-7.061781945055478,-3.0393635828617596,-4.022418362193719,0.6742958907224237,0.47357445279601956,1.1478703435184432,0.20072143792640412
15.800144910812378,-7.22750189937369,-3.046725241289408,-4.180776658084282,0.6742958907224237,0.47357445279601956,1.1478703435184432,0.20072143792640412
15.820147037506104,-7.392115988714323,-3.0701926930315264,-4.321923295682797,0.6742958907224237,0.47357445279601956,1.1478703435184432,0.20072143792640412
15.84014630317688,-7.555539234981616,-3.1065447794252217,-4.448994455556394,0.6742958907224237,0.47357445279601956,1.1478703435184432,0.20072143792640412
15.860156297683716,-7.717856167129288,-3.2059389485401777,-4.51191721858911,0.6742958907224237,0.47357445279601956,1.1478703435184432,0.20072143792640412
15.880274772644043,-7.879823127874152,-3.3030324088321423,-4.57679071904201,0.6742958907224237,0.47357445279601956,1.1478703435184432,0.20072143792640412
15.900277376174927,-8.0396090521547,-3.380707177065714,-4.658901875088986,0.6995339837111532,0.43005337262991805,1.1295873563410712,0.2694806110812351
15.920186996459961,-8.197391203953362,-3.380707177065714,-4.816684026887648,0.6995339837111532,0.43005337262991805,1.1295873563410712,0.2694806110812351
15.940165042877197,-8.354426188075553,-3.4428469916525715,-4.9115791964229825,0.6995339837111532,0.43005337262991805,1.1295873563410712,0.2694806110812351
15.960150718688965,-8.510204018711457,-3.4925588433220573,-5.0176451753894,0.6995339837111532,0.43005337262991805,1.1295873563410712,0.2694806110812351
15.980165719985962,-8.664865523475482,-3.5323283246576462,-5.132537198817836,0.6995339837111532,0.43005337262991805,1.1295873563410712,0.2694806110812351
16.000155210494995,-8.81796219230123,-3.564143909726117,-5.253818282575113,0.6995339837111532,0.43005337262991805,1.1295873563410712,0.2694806110812351
16.020153999328613,-8.969738105795619,-3.6247526277808944,-5.344985478014724,0.6995339837111532,0.43005337262991805,1.1295873563410712,0.2694806110812351
16.040151119232178,-9.12008527721149,-3.7962864772247156,-5.3237987999867755,0.6995339837111532,0.43005337262991805,1.1295873563410712,0.2694806110812351
16.06015133857727,-9.269015663189146,-4.021404181779772,-5.247611481409374,0.6995339837111532,0.43005337262991805,1.1295873563410712,0.2694806110812351
16.080276012420654,-9.417395335170001,-4.219076470423818,-5.198318864746183,0.6995339837111532,0.43005337262991805,1.1295873563410712,0.2694806110812351
16.100279331207275,-9.56338817878612,-4.3947924263390545,-5.168595752447065,0.6959768609330057,0.39602383295539756,1.0920006938884033,0.29995302797760814
16.120190620422363,-9.70720912394754,-4.552943316071244,-5.154265807876297,0.6959768609330057,0.39602383295539756,1.0920006938884033,0.29995302797760814
16.140166521072388,-9.84997002270379,-4.552943316071244,-5.297026706632546,0.6959768609330057,0.39602383295539756,1.0920006938884033,0.29995302797760814
16.160154581069946,-9.991264720273016,-4.679464027856996,-5.3118006924160195,0.6959768609330057,0.39602383295539756,1.0920006938884033,0.29995302797760814
16.180171012878418,-10.131180756302093,-4.780680597285597,-5.350500159016496,0.6959768609330057,0.39602383295539756,1.0920006938884033,0.29995302797760814
16.200187921524048,-10.269497607272367,-4.8616538528284785,-5.407843754443888,0.6959768609330057,0.39602383295539756,1.0920006938884033,0.29995302797760814
16.220170259475708,-10.405955377115252,-4.9264324572627824,-5.479522919852469,0.6959768609330057,0.39602383295539756,1.0920006938884033,0.29995302797760814
16.240151166915894,-10.540763234719698,-5.083724090810226,-5.457039143909472,0.6959768609330057,0.39602383295539756,1.0920006938884033,0.29995302797760814
16.260151386260986,-10.674037638111376,-5.332604272648181,-5.341433365463194,0.6959768609330057,0.39602383295539756,1.0920006938884033,0.29995302797760814
16.280160903930664,-10.80568723211439,-5.549286543118545,-5.2564006889958454,0.6959768609330057,0.39602383295539756,1.0920006938884033,0.29995302797760814
16.300289392471313,-10.936396305252874,-5.7226323594948365,-5.213763945758037,0.6959768609330057,0.39602383295539756,1.0920006938884033,0.29995302797760814
16.320210695266724,-11.064037709676782,-5.86130901259587,-5.202728697080913,0.7,0.34873110497836013,1.04873110497836,0.3512688950216398
16.34017586708069,-11.190221033171163,-5.86130901259587,-5.328912020575293,0.7,0.34873110497836013,1.04873110497836,0.3512688950216398
16.36015820503235,-11.314749655564086,-5.972250335076696,-5.34249932048739,0.7,0.34873110497836013,1.04873110497836,0.3512688950216398
16.380154371261597,-11.437579022709244,-6.061003393061357,-5.376575629647887,0.7,0.34873110497836013,1.04873110497836,0.3512688950216398
16.400158405303955,-11.558650216857732,-6.132005839449086,-5.426644377408646,0.7,0.34873110497836013,1.04873110497836,0.3512688950216398
16.42016053199768,-11.677884147597043,-6.188807796559269,-5.489076351037774,0.7,0.34873110497836013,1.04873110497836,0.3512688950216398
16.440173387527466,-11.79533608051472,-6.251827487247416,-5.543508593267303,0.7,0.34873110497836013,1.04873110497836,0.3512688950216398
16.460161447525024,-11.91078094948121,-6.425290114797933,-5.485490834683276,0.7,0.34873110497836013,1.04873110497836,0.3512688950216398
16.48015785217285,-12.024394230130053,-6.687107091838348,-5.337287138291705,0.7,0.34873110497836013,1.04873110497836,0.3512688950216398
16.500152587890625,-12.136100157929725,-6.966873173470678,-5.169226984459047,0.7,0.34873110497836013,1.04873110497836,0.3512688950216398
16.52027678489685,-12.246595252637478,-7.208264163776543,-5.038331088860935,0.7,0.34873110497836013,1.04873110497836,0.3512688950216398
16.540326595306396,-12.354734808209862,-7.4013769560212355,-4.953357852188627,0.6704063739627599,0.3485964779491768,1.0190028519119367,0.3218098960135831
16.560171127319336,-12.459836565507917,-7.4013769560212355,-5.058459609486682,0.6704063739627599,0.3485964779491768,1.0190028519119367,0.3218098960135831
16.580162525177002,-12.563757482157245,-7.555867189816989,-5.007890292340256,0.6704063739627599,0.3485964779491768,1.0190028519119367,0.3218098960135831
16.60015368461609,-12.665694938258097,-7.6794593768535915,-4.986235561404506,0.6704063739627599,0.3485964779491768,1.0190028519119367,0.3218098960135831
16.62025213241577,-12.766165035026681,-7.778333126482874,-4.987831908543807,0.6704063739627599,0.3485964779491768,1.0190028519119367,0.3218098960135831
16.640183448791504,-12.863789204954978,-7.857432126186299,-5.006357078768679,0.6704063739627599,0.3485964779491768,1.0190028519119367,0.3218098960135831
16.660158157348633,-12.959601893590344,-7.92071132594904,-5.038890567641304,0.6704063739627599,0.3485964779491768,1.0190028519119367,0.3218098960135831
16.6801540851593,-13.05347180658785,-7.971334685759233,-5.082137120828618,0.6704063739627599,0.3485964779491768,1.0190028519119367,0.3218098960135831
16.700164556503296,-13.145347286267516,-8.011833373607386,-5.1335139126601295,0.6704063739627599,0.3485964779491768,1.0190028519119367,0.3218098960135831
16.720301866531372,-13.235707322938826,-8.04423232388591,-5.191474999052916,0.6704063739627599,0.3485964779491768,1.0190028519119367,0.3218098960135831
16.740281105041504,-13.323264113499029,-8.070151484108727,-5.253112629390301,0.6775769766420126,0.34291924636170723,1.0204962230037198,0.3346577302803053
16.760188817977905,-13.408419196117794,-8.090886812286984,-5.317532383830811,0.6775769766420126,0.34291924636170723,1.0204962230037198,0.3346577302803053
16.78016233444214,-13.491747475609676,-8.107475074829587,-5.384272400780089,0.6775769766420126,0.34291924636170723,1.0204962230037198,0.3346577302803053
16.800162076950073,-13.57305611119938,-8.107475074829587,-5.465581036369793,0.6775769766420126,0.34291924636170723,1.0204962230037198,0.3346577302803053
16.820157051086426,-13.652202840782865,-8.120745684863671,-5.531457155919194,0.6775769766420126,0.34291924636170723,1.0204962230037198,0.3346577302803053
16.84015440940857,-13.729203864119988,-8.131362172890938,-5.59784169122905,0.6775769766420126,0.34291924636170723,1.0204962230037198,0.3346577302803053
16.860159158706665,-13.804064715849035,-8.139855363312751,-5.664209352536284,0.6775769766420126,0.34291924636170723,1.0204962230037198,0.3346577302803053
16.880160331726074,-13.876731912847523,-8.146649915650201,-5.730081997197322,0.6775769766420126,0.34291924636170723,1.0204962230037198,0.3346577302803053
16.900164365768433,-13.947217479695306,-8.152085557520163,-5.795131922175143,0.6775769766420126,0.34291924636170723,1.0204962230037198,0.3346577302803053
16.920158624649048,-14.015466903745667,-8.15643407101613,-5.859032832729536,0.6775769766420126,0.34291924636170723,1.0204962230037198,0.3346577302803053
16.940284252166748,-14.081930943286542,-8.159912881812904,-5.922018061473638,0.6775769766420126,0.34291924636170723,1.0204962230037198,0.3346577302803053
16.9601788520813,-14.145418963399571,-8.162695930450324,-5.982723032949247,0.6624954648315906,0.39383364196226456,1.0563291067938552,0.26866182286932605
16.98023009300232,-14.20717041688952,-8.16492236936026,-6.0422480475292595,0.6624954648315906,0.39383364196226456,1.0563291067938552,0.26866182286932605
17.00025510787964,-14.26659054157376,-8.166703520488209,-6.099887021085552,0.6624954648315906,0.39383364196226456,1.0563291067938552,0.26866182286932605
17.02019953727722,-14.32352667340554,-8.166703520488209,-6.156823152917331,0.6624954648315906,0.39383364196226456,1.0563291067938552,0.26866182286932605
17.040175914764404,-14.378299297283569,-8.168128441390568,-6.210170855893001,0.6624954648315906,0.39383364196226456,1.0563291067938552,0.26866182286932605
17.060152530670166,-14.430807394405528,-8.186846503112454,-6.243960891293074,0.6624954648315906,0.39383364196226456,1.0563291067938552,0.26866182286932605
17.08015203475952,-14.481098274618706,-8.184242827489964,-6.296855447128742,0.6624954648315906,0.39383364196226456,1.0563291067938552,0.26866182286932605
17.100165843963623,-14.529136050921752,-8.182159886991972,-6.34697616392978,0.6624954648315906,0.39383364196226456,1.0563291067938552,0.26866182286932605
17.12015414237976,-14.574819501104935,-8.198071659593577,-6.376747841511358,0.6624954648315906,0.39383364196226456,1.0563291067938552,0.26866182286932605
17.140178442001343,-14.618280173157835,-8.210801077674864,-6.407479095482971,0.6624954648315906,0.39383364196226456,1.0563291067938552,0.26866182286932605
17.160166025161743,-14.659353511948517,-8.22098461213989,-6.438368899808626,0.6624954648315906,0.39383364196226456,1.0563291067938552,0.26866182286932605
17.180158853530884,-14.69812471019818,-8.229131439711912,-6.468993270486267,0.6624954648315906,0.39383364196226456,1.0563291067938552,0.26866182286932605
17.200278759002686,-14.734800830927588,-8.23564890176953,-6.499151929158058,0.6624954648315906,0.39383364196226456,1.0563291067938552,0.26866182286932605
17.220277070999146,-14.768921837570147,-8.240862871415624,-6.528058966154523,0.6896137155592441,0.37727241504297115,1.0668861306022153,0.31234130051627296
17.24017357826233,-14.800555139183633,-8.240862871415624,-6.559692267768009,0.6896137155592441,0.37727241504297115,1.0668861306022153,0.31234130051627296
17.260154485702515,-14.829994828679311,-8.2450340471325,-6.584960781546812,0.6896137155592441,0.37727241504297115,1.0668861306022153,0.31234130051627296
17.2801570892334,-14.85712531589744,-8.248370987706,-6.60875432819144,0.6896137155592441,0.37727241504297115,1.0668861306022153,0.31234130051627296
17.30016016960144,-14.881909642759709,-8.2510405401648,-6.630869102594909,0.6896137155592441,0.37727241504297115,1.0668861306022153,0.31234130051627296
17.320159673690796,-14.904339419133837,-8.253176182131842,-6.651163237001995,0.6896137155592441,0.37727241504297115,1.0668861306022153,0.31234130051627296
17.340178728103638,-14.924434217183084,-8.254884695705474,-6.6695495214776095,0.6896137155592441,0.37727241504297115,1.0668861306022153,0.31234130051627296
17.360153913497925,-14.942131504270613,-8.25625150656438,-6.685879997706232,0.6896137155592441,0.37727241504297115,1.0668861306022153,0.31234130051627296
17.380159616470337,-14.957496746551943,-8.257344955251504,-6.7001517913004385,0.6896137155592441,0.37727241504297115,1.0668861306022153,0.31234130051627296
17.40016007423401,-14.970495580508146,-8.258219714201203,-6.712275866306943,0.6896137155592441,0.37727241504297115,1.0668861306022153,0.31234130051627296
17.42027711868286,-14.981185349205182,-8.258919521360964,-6.722265827844218,0.6896137155592441,0.37727241504297115,1.0668861306022153,0.31234130051627296
17.44027018547058,-14.989437849333019,-8.259479367088773,-6.729958482244246,0.7,0.34127568367228367,1.0412756836722836,0.3587243163277163
17.460278749465942,-14.995328629833656,-8.259479367088773,-6.735849262744884,0.7,0.34127568367228367,1.0412756836722836,0.3587243163277163
17.48017907142639,-14.998836775930847,-8.259927243671017,-6.7389095322598305,0.7,0.34127568367228367,1.0412756836722836,0.3587243163277163
17.500166177749634,-14.99999991823513,-8.260285544936815,-6.739714373298314,0.7,0.34127568367228367,1.0412756836722836,0.3587243163277163
17.520152807235718,-14.998797496638714,-8.260572185949451,-6.738225310689263,0.7,0.34127568367228367,1.0412756836722836,0.3587243163277163
17.540160179138184,-14.995224825585934,-8.260801498759562,-6.734423326826372,0.7,0.34127568367228367,1.0412756836722836,0.3587243163277163
17.56015419960022,-14.989287244227377,-8.26098494900765,-6.728302295219727,0.7,0.34127568367228367,1.0412756836722836,0.3587243163277163
17.58016061782837,-14.980978213587575,-8.26113170920612,-6.719846504381454,0.7,0.34127568367228367,1.0412756836722836,0.3587243163277163
17.60015296936035,-14.970310332043747,-8.243670992364898,-6.726639339678849,0.7,0.34127568367228367,1.0412756836722836,0.3587243163277163
17.620295524597168,-14.95717344179257,-8.229702418891918,-6.727471022900652,0.7,0.34127568367228367,1.0412756836722836,0.3587243163277163
17.64015507698059,-14.941875665885748,-8.218527560113536,-6.723348105772212,0.7,0.34903223493427493,1.0490322349342749,0.350967765065725
17.660156726837158,-14.924116936499194,-8.218527560113536,-6.705589376385658,0.7,0.34903223493427493,1.0490322349342749,0.350967765065725
17.680173873901367,-14.903984628514777,-8.209587673090828,-6.694396955423949,0.7,0.34903223493427493,1.0490322349342749,0.350967765065725
17.700153350830078,-14.881539306824905,-8.202435763472664,-6.679103543352241,0.7,0.34903223493427493,1.0490322349342749,0.350967765065725
17.720155477523804,-14.856719404777055,-8.196714235778131,-6.660005168998923,0.7,0.34903223493427493,1.0490322349342749,0.350967765065725
17.74015164375305,-14.829561400034617,-8.192137013622506,-6.6374243864121105,0.7,0.34903223493427493,1.0490322349342749,0.350967765065725
17.76015329360962,-14.800054123083719,-8.188475235898006,-6.611578887185713,0.7,0.34903223493427493,1.0490322349342749,0.350967765065725
17.780150651931763,-14.768216443358927,-8.185545813718406,-6.582670629640521,0.7,0.34903223493427493,1.0490322349342749,0.350967765065725
17.800156354904175,-14.734032562801906,-8.183202275974725,-6.55083028682718,0.7,0.34903223493427493,1.0490322349342749,0.350967765065725
17.820151329040527,-14.697540884441423,-8.18132744577978,-6.516213438661643,0.7,0.34903223493427493,1.0490322349342749,0.350967765065725
17.840301752090454,-14.658418653186,-8.179827581623824,-6.478591071562176,0.7,0.34903223493427493,1.0490322349342749,0.350967765065725
17.860304832458496,-14.617258498662338,-8.17862769029906,-6.438630808363278,0.6998187326855259,0.38010496885806777,1.0799237015435936,0.3197137638274581
17.88018274307251,-14.574068572378083,-8.17862769029906,-6.395440882079024,0.6998187326855259,0.38010496885806777,1.0799237015435936,0.3197137638274581
17.900169134140015,-14.52835091035,-8.177667777239249,-6.350683133110751,0.6998187326855259,0.38010496885806777,1.0799237015435936,0.3197137638274581
17.920157194137573,-14.480338070001626,-8.1768998467914,-6.303438223210225,0.6998187326855259,0.38010496885806777,1.0799237015435936,0.3197137638274581
17.94016170501709,-14.429999011311612,-8.176285502433121,-6.253713508878491,0.6998187326855259,0.38010496885806777,1.0799237015435936,0.3197137638274581
17.96015477180481,-14.377411012559277,-8.193372151946498,-6.1840388606127785,0.6998187326855259,0.38010496885806777,1.0799237015435936,0.3197137638274581
17.980157613754272,-14.32252685323005,-8.207041471557197,-6.115485381672853,0.6998187326855259,0.38010496885806777,1.0799237015435936,0.3197137638274581
18.000162363052368,-14.265374801352179,-8.21797692724576,-6.047397874106419,0.6998187326855259,0.38010496885806777,1.0799237015435936,0.3197137638274581
18.02015733718872,-14.205998588472038,-8.226725291796606,-5.979273296675432,0.6998187326855259,0.38010496885806777,1.0799237015435936,0.3197137638274581
18.040161609649658,-14.14435103635275,-8.233723983437287,-5.910627052915464,0.6998187326855259,0.38010496885806777,1.0799237015435936,0.3197137638274581
18.060351133346558,-14.079866976746088,-8.23932293674983,-5.840544039996258,0.6998187326855259,0.38010496885806777,1.0799237015435936,0.3197137638274581
18.08028554916382,-14.013974722282406,-8.243802099399863,-5.7701726228825425,0.6923086070484714,0.38845121168822505,1.0807598187366965,0.30385739536024636
18.10029149055481,-13.945635730221746,-8.247385429519891,-5.698250300701854,0.6923086070484714,0.38845121168822505,1.0807598187366965,0.30385739536024636
18.120178699493408,-13.87551838994105,-8.247385429519891,-5.6281329604211585,0.6923086070484714,0.38845121168822505,1.0807598187366965,0.30385739536024636
18.14016056060791,-13.80288539479773,-8.250252093615913,-5.552633301181817,0.6923086070484714,0.38845121168822505,1.0807598187366965,0.30385739536024636
18.160156965255737,-13.728021477801779,-8.252545424892732,-5.4754760529090465,0.6923086070484714,0.38845121168822505,1.0807598187366965,0.30385739536024636
18.180163860321045,-13.650949548177996,-8.254380089914186,-5.39656945826381,0.6923086070484714,0.38845121168822505,1.0807598187366965,0.30385739536024636
18.200184106826782,-13.57166689844879,-8.25584782193135,-5.315819076517439,0.6923086070484714,0.38845121168822505,1.0807598187366965,0.30385739536024636
18.22016215324402,-13.490410677668423,-8.25702200754508,-5.233388670123343,0.6923086070484714,0.38845121168822505,1.0807598187366965,0.30385739536024636
18.240154027938843,-13.406970390927361,-8.257961356036065,-5.1490090348912965,0.6923086070484714,0.38845121168822505,1.0807598187366965,0.30385739536024636
18.260286569595337,-13.320805257780576,-8.25871283482885,-5.062092422951725,0.6923086070484714,0.38845121168822505,1.0807598187366965,0.30385739536024636
18.280409812927246,-13.232549912895685,-8.259314017863082,-4.973235895032603,0.6680010934389429,0.3701801137748406,1.0381812072137835,0.29782097966410226
18.30017375946045,-13.143811181146791,-8.259794964290466,-4.884016216856326,0.6680010934389429,0.3701801137748406,1.0381812072137835,0.29782097966410226
18.320181608200073,-13.051912874592215,-8.260179721432374,-4.791733153159841,0.6680010934389429,0.3701801137748406,1.0381812072137835,0.29782097966410226
18.340174674987793,-12.958022078580377,-8.260179721432374,-4.697842357148003,0.6680010934389429,0.3701801137748406,1.0381812072137835,0.29782097966410226
18.36019539833069,-12.861952361383677,-8.2604875271459,-4.6014648342377775,0.6680010934389429,0.3701801137748406,1.0381812072137835,0.29782097966410226
18.380199193954468,-12.76393118573708,-8.260733771716719,-4.503197414020361,0.6680010934389429,0.3701801137748406,1.0381812072137835,0.29782097966410226
18.40016794204712,-12.66407069652717,-8.260930767373376,-4.403139929153795,0.6680010934389429,0.3701801137748406,1.0381812072137835,0.29782097966410226
18.420145750045776,-12.562169986901804,-8.261088363898702,-4.3010816230031015,0.6680010934389429,0.3701801137748406,1.0381812072137835,0.29782097966410226
18.44015145301819,-12.458143541108596,-8.26121444111896,-4.196929099989635,0.6680010934389429,0.3701801137748406,1.0381812072137835,0.29782097966410226
18.46014976501465,-12.352188208474221,-8.261315302895168,-4.090872905579053,0.6680010934389429,0.3701801137748406,1.0381812072137835,0.29782097966410226
18.480146646499634,-12.244290439366898,-8.261395992316135,-3.9828944470507626,0.6680010934389429,0.3701801137748406,1.0381812072137835,0.29782097966410226
18.500256299972534,-12.133834921659778,-8.261460543852909,-3.872374377806869,0.6680010934389429,0.3701801137748406,1.0381812072137835,0.29782097966410226
18.520209550857544,-12.02232382426323,-8.261512185082328,-3.7608116391809023,0.6680010934389429,0.3701801137748406,1.0381812072137835,0.29782097966410226
18.540176391601562,-11.908845251829309,-8.261553498065863,-3.6472917537634455,0.6680010934389429,0.3701801137748406,1.0381812072137835,0.29782097966410226
18.56027913093567,-11.792700868285749,-8.261553498065863,-3.5311473702198857,0.6680010934389429,0.3701801137748406,1.0381812072137835,0.29782097966410226
18.58017873764038,-11.675877064496367,-8.26158654845269,-3.4142905160436765,0.6680010934389429,0.3701801137748406,1.0381812072137835,0.29782097966410226
18.600282669067383,-11.556000302443582,-8.261612988762153,-3.2943873136814297,0.6680010934389429,0.3701801137748406,1.0381812072137835,0.29782097966410226
18.620282411575317,-11.434915238024818,-8.261634141009722,-3.1732810970150958,0.6680010934389429,0.3701801137748406,1.0381812072137835,0.29782097966410226
18.64026975631714,-11.31210124925238,-8.261651062807779,-3.0504501864446016,0.6680010934389429,0.3701801137748406,1.0381812072137835,0.29782097966410226
18.660335540771484,-11.187010738602444,-8.261664600246224,-2.92534613835622,0.6708059352851705,0.33310428501397826,1.0039102202991488,0.33770165027119226
18.68028998374939,-11.060850870275885,-8.26167543019698,-2.799175440078905,0.6708059352851705,0.33310428501397826,1.0039102202991488,0.33770165027119226
18.700230598449707,-10.93304154350225,-8.261684094157584,-2.671357449344667,0.6708059352851705,0.33310428501397826,1.0039102202991488,0.33770165027119226
18.720234870910645,-10.803099780426345,-8.261691025326067,-2.541408755100278,0.6708059352851705,0.33310428501397826,1.0039102202991488,0.33770165027119226
18.740236043930054,-10.671471882335572,-8.261696570260854,-2.409775312074718,0.6708059352851705,0.33310428501397826,1.0039102202991488,0.33770165027119226
18.76019024848938,-10.538473652802267,-8.261701006208684,-2.2767726465935834,0.6708059352851705,0.33310428501397826,1.0039102202991488,0.33770165027119226
18.78018808364868,-10.403522661176774,-8.261701006208684,-2.1418216549680906,0.6708059352851705,0.33310428501397826,1.0039102202991488,0.33770165027119226
18.800241470336914,-10.266547480810752,-8.261704554966947,-2.004842925843805,0.6708059352851705,0.33310428501397826,1.0039102202991488,0.33770165027119226
18.820250749588013,-10.128249061445352,-8.261707393973557,-1.866541667471795,0.6708059352851705,0.33310428501397826,1.0039102202991488,0.33770165027119226
18.840339422225952,-9.987791534199948,-8.261709665178847,-1.726081869021101,0.6708059352851705,0.33310428501397826,1.0039102202991488,0.33770165027119226
18.860430002212524,-9.84572924087105,-8.244133357143077,-1.6015958837279722,0.6119541642285184,0.3689543070021317,0.9809084712306502,0.24299985722638673
18.880253791809082,-9.704015589928533,-8.247650435714462,-1.4563651542140708,0.6119541642285184,0.3689543070021317,0.9809084712306502,0.24299985722638673
18.900238275527954,-9.55962940215941,-8.35593284857157,-1.2036965535878412,0.6119541642285184,0.3689543070021317,0.9809084712306502,0.24299985722638673
18.92020320892334,-9.413879432411523,-8.548027528857258,-0.8658519035542653,0.6119541642285184,0.3689543070021317,0.9809084712306502,0.24299985722638673
18.94019389152527,-9.266457276232217,-8.719281398085807,-0.54717587814641,0.6119541642285184,0.3689543070021317,0.9809084712306502,0.24299985722638673
18.96024203300476,-9.117143182664005,-8.856284493468646,-0.26085868919535926,0.6119541642285184,0.3689543070021317,0.9809084712306502,0.24299985722638673
18.980243921279907,-8.966731915069822,-8.856284493468646,-0.11044742160117593,0.6119541642285184,0.3689543070021317,0.9809084712306502,0.24299985722638673
19.00020170211792,-8.815240774160918,-8.965886969774916,0.15064619561399795,0.6119541642285184,0.3689543070021317,0.9809084712306502,0.24299985722638673
19.02021098136902,-8.66196722334542,-9.053568950819933,0.39160172747451405,0.6119541642285184,0.3689543070021317,0.9809084712306502,0.24299985722638673
19.04036235809326,-8.506221533506316,-9.106136410655948,0.5999148771496312,0.6119541642285184,0.3689543070021317,0.9809084712306502,0.24299985722638673
19.06034207344055,-8.35045624128102,-9.148190378524758,0.7977341372437383,0.6119541642285184,0.3689543070021317,0.9809084712306502,0.24299985722638673
19.080332040786743,-8.193294053467065,-9.181833552819809,0.9885394993527434,0.6183173614583211,0.4136836589995072,1.0320010204578283,0.20463370245881385
19.10020089149475,-8.03580324585511,-9.208748092255847,1.1729448464007373,0.6183173614583211,0.4136836589995072,1.0320010204578283,0.20463370245881385
19.120160341262817,-7.876333402922352,-9.23027972380468,1.3539463208823275,0.6183173614583211,0.4136836589995072,1.0320010204578283,0.20463370245881385
19.140228271484375,-7.714748037602989,-9.247505029043745,1.5327569914407562,0.6183173614583211,0.4136836589995072,1.0320010204578283,0.20463370245881385
19.160245418548584,-7.5523496666247905,-9.261285273234998,1.7089356066102077,0.6183173614583211,0.4136836589995072,1.0320010204578283,0.20463370245881385
19.180245637893677,-7.38889548792984,-9.272309468587999,1.8834139806581582,0.6183173614583211,0.4136836589995072,1.0320010204578283,0.20463370245881385
19.20024561882019,-7.224276460654924,-9.272309468587999,2.048033007933075,0.6183173614583211,0.4136836589995072,1.0320010204578283,0.20463370245881385
19.220257997512817,-7.05841353748523,-9.2811288248704,2.22271528738517,0.6183173614583211,0.4136836589995072,1.0320010204578283,0.20463370245881385
19.240251779556274,-6.891590305105281,-9.28818430989632,2.396594004791038,0.6183173614583211,0.4136836589995072,1.0320010204578283,0.20463370245881385
19.26034665107727,-6.722827804090203,-9.293828697917057,2.571000893826854,0.6183173614583211,0.4136836589995072,1.0320010204578283,0.20463370245881385
19.28035306930542,-6.553743477707549,-9.315922333333646,2.7621788556260967,0.6042382824263768,0.4836836589995072,1.087921941425884,0.12055462342686957
19.300206422805786,-6.384928988585381,-9.333597241666917,2.948668253081536,0.6042382824263768,0.4836836589995072,1.087921941425884,0.12055462342686957
19.320223569869995,-6.213715972580625,-9.347737168333534,3.1340211957529096,0.6042382824263768,0.4836836589995072,1.087921941425884,0.12055462342686957
19.340161323547363,-6.042204936640509,-9.35904910966683,3.31684417302632,0.6042382824263768,0.4836836589995072,1.087921941425884,0.12055462342686957
19.36016583442688,-5.869166691886194,-9.368098662733463,3.498931970847268,0.6042382824263768,0.4836836589995072,1.087921941425884,0.12055462342686957
19.38015580177307,-5.6953280248297276,-9.357760180186773,3.6624321553570454,0.6042382824263768,0.4836836589995072,1.087921941425884,0.12055462342686957
19.400150060653687,-5.520553293683565,-9.349489394149417,3.828936100465852,0.6042382824263768,0.4836836589995072,1.087921941425884,0.12055462342686957
19.420148372650146,-5.34487161123225,-9.349489394149417,4.004617782917167,0.6042382824263768,0.4836836589995072,1.087921941425884,0.12055462342686957
19.440147161483765,-5.168341835164234,-9.360450890319534,4.1921090551553,0.6042382824263768,0.4836836589995072,1.087921941425884,0.12055462342686957
19.46016526222229,-4.990824376829809,-9.351641962255627,4.360817585425818,0.6042382824263768,0.4836836589995072,1.087921941425884,0.12055462342686957
19.480318307876587,-4.8113127738682735,-9.344594819804504,4.533282045936231,0.6042382824263768,0.4836836589995072,1.087921941425884,0.12055462342686957
19.500301122665405,-4.632555720720522,-9.321378980843603,4.688823260123081,0.5342382824263767,0.45724657760292753,0.9914848600293042,0.07699170482344919
19.520182609558105,-4.4539803203724055,-9.250071934674883,4.796091614302478,0.5342382824263767,0.45724657760292753,0.9914848600293042,0.07699170482344919
19.540162324905396,-4.273822495152304,-9.157870047739907,4.884047552587603,0.5342382824263767,0.45724657760292753,0.9914848600293042,0.07699170482344919
19.560158252716064,-4.09284415141461,-9.084108538191927,4.991264386777317,0.5342382824263767,0.45724657760292753,0.9914848600293042,0.07699170482344919
19.58016324043274,-3.9111373294538616,-9.025099330553543,5.113962001099681,0.5342382824263767,0.45724657760292753,0.9914848600293042,0.07699170482344919
19.600159406661987,-3.7288931161612253,-8.960313839442833,5.231420723281607,0.5342382824263767,0.45724657760292753,0.9914848600293042,0.07699170482344919
19.620155811309814,-3.546058109790791,-8.820594821554266,5.274536711763475,0.5342382824263767,0.45724657760292753,0.9914848600293042,0.07699170482344919
19.640159845352173,-3.362593265767603,-8.620928982243413,5.25833571647581,0.5342382824263767,0.45724657760292753,0.9914848600293042,0.07699170482344919
19.660159826278687,-3.178634547252953,-8.620928982243413,5.44229443499046,0.5342382824263767,0.45724657760292753,0.9914848600293042,0.07699170482344919
19.680163383483887,-2.9941408591351486,-8.443618185794731,5.449477326659583,0.5342382824263767,0.45724657760292753,0.9914848600293042,0.07699170482344919
19.70038414001465,-2.807163330451984,-8.301769548635786,5.494606218183802,0.5342382824263767,0.45724657760292753,0.9914848600293042,0.07699170482344919
19.720361948013306,-2.621987192480539,-8.18829063890863,5.5663034464280905,0.4961048921785549,0.39027697430283287,0.8863818664813878,0.10582791787572204
19.74026131629944,-2.437127387448262,-8.097507511126905,5.660380123678642,0.4961048921785549,0.39027697430283287,0.8863818664813878,0.10582791787572204
19.760183572769165,-2.2516733232230943,-8.024881008901525,5.773207685678431,0.4961048921785549,0.39027697430283287,0.8863818664813878,0.10582791787572204
19.78016757965088,-2.0652900130486938,-7.96677980712122,5.901489794072527,0.4961048921785549,0.39027697430283287,0.8863818664813878,0.10582791787572204
19.800273895263672,-1.877437428719579,-7.920298845696978,6.042861416977399,0.4961048921785549,0.39027697430283287,0.8863818664813878,0.10582791787572204
19.820284843444824,-1.690178310771287,-7.883114076557583,6.192935765786296,0.4961048921785549,0.39027697430283287,0.8863818664813878,0.10582791787572204
19.840338468551636,-1.5022518040135728,-7.835788136246068,6.3335363322324945,0.4961048921785549,0.39027697430283287,0.8863818664813878,0.10582791787572204
19.86030864715576,-1.3148702396523846,-7.7979273839968535,6.483057144344469,0.4961048921785549,0.39027697430283287,0.8863818664813878,0.10582791787572204
19.880317211151123,-1.1269209097091066,-7.7979273839968535,6.671006474287747,0.4961048921785549,0.39027697430283287,0.8863818664813878,0.10582791787572204
19.90030789375305,-0.938961671174416,-7.767638782197482,6.828677111023065,0.4961048921785549,0.39027697430283287,0.8863818664813878,0.10582791787572204
19.920250415802002,-0.7513076309711602,-7.743407900757987,6.992100269786826,0.4961048921785549,0.39027697430283287,0.8863818664813878,0.10582791787572204
19.940322875976562,-0.562311856207321,-7.72402319560639,7.161711339399068,0.5551053060434059,0.4602769743028329,1.015382280346239,0.09482833174057304
19.960245609283447,-0.37463734525185655,-7.708515431485112,7.3338780862332555,0.5551053060434059,0.4602769743028329,1.015382280346239,0.09482833174057304
19.980207443237305,-0.18653564457065344,-7.69610922018809,7.509573575617436,0.5551053060434059,0.4602769743028329,1.015382280346239,0.09482833174057304
20.000245809555054,0.0023167004678120054,-7.686184251150474,7.688500951618286,0.5551053060434059,0.4602769743028329,1.015382280346239,0.09482833174057304
20.020265579223633,0.19099342319977747,-7.678244275920379,7.8692376991201565,0.5551053060434059,0.4602769743028329,1.015382280346239,0.09482833174057304
20.040287256240845,0.3796578967807045,-7.6718922957363045,8.05155019251701,0.5551053060434059,0.4602769743028329,1.015382280346239,0.09482833174057304
20.060274839401245,0.5679411914588928,-7.666810711589043,8.234751903047936,0.5551053060434059,0.4602769743028329,1.015382280346239,0.09482833174057304
20.08027958869934,0.7562964942685999,-7.662745444271235,8.419041938539834,0.5551053060434059,0.4602769743028329,1.015382280346239,0.09482833174057304
20.10025715827942,0.9442766577800679,-7.662745444271235,8.607022102051303,0.5551053060434059,0.4602769743028329,1.015382280346239,0.09482833174057304
20.120372533798218,1.1334031250266707,-7.677071355416989,8.81047448044366,0.5551053060434059,0.4602769743028329,1.015382280346239,0.09482833174057304
20.14026713371277,1.320275871296786,-7.688532084333593,9.00880795563038,0.5551053060434059,0.4602769743028329,1.015382280346239,0.09482833174057304
20.160342931747437,1.5086414247783502,-7.697700667466876,9.206342092245226,0.5258977374277309,0.48628964455157975,1.0121873819793108,0.03960809287615119
20.18026304244995,1.6953090283487668,-7.7050355339735015,9.400344562322267,0.5258977374277309,0.48628964455157975,1.0121873819793108,0.03960809287615119
20.200206518173218,1.8819295277092167,-7.710903427178803,9.592832954888019,0.5258977374277309,0.48628964455157975,1.0121873819793108,0.03960809287615119
20.220301866531372,2.069672210625382,-7.733175866743042,9.802848077368424,0.5258977374277309,0.48628964455157975,1.0121873819793108,0.03960809287615119
20.240220308303833,2.255436609035107,-7.750993818394434,10.00643042742954,0.5258977374277309,0.48628964455157975,1.0121873819793108,0.03960809287615119
20.26035451889038,2.442854193451503,-7.765248179715549,10.208102373167051,0.5258977374277309,0.48628964455157975,1.0121873819793108,0.03960809287615119
20.28023409843445,2.627518125880821,-7.7766516687724385,10.40416979465326,0.5258977374277309,0.48628964455157975,1.0121873819793108,0.03960809287615119
20.300261735916138,2.8131427897998362,-7.7766516687724385,10.589794458572275,0.5258977374277309,0.48628964455157975,1.0121873819793108,0.03960809287615119
20.320319175720215,2.998597208518932,-7.785774460017952,10.784371668536885,0.5258977374277309,0.48628964455157975,1.0121873819793108,0.03960809287615119
20.340256452560425,3.1824686728385414,-7.793072693014362,10.975541365852903,0.5258977374277309,0.48628964455157975,1.0121873819793108,0.03960809287615119
20.360299825668335,3.3668151631642464,-7.798911279411489,11.165726442575735,0.5258977374277309,0.48628964455157975,1.0121873819793108,0.03960809287615119
20.380236864089966,3.549653978438641,-7.803582148529192,11.353236126967833,0.5063522139779524,0.4315298850956605,0.9378820990736129,0.0748223288822919
20.40025782585144,3.7327018685255404,-7.807318843823354,11.540020712348895,0.5063522139779524,0.4315298850956605,0.9378820990736129,0.0748223288822919
20.420275926589966,3.9151330557088726,-7.792730075058684,11.707863130767556,0.5063522139779524,0.4315298850956605,0.9378820990736129,0.0748223288822919
20.440305471420288,4.097048635293812,-7.781059060046948,11.87810769534076,0.5063522139779524,0.4315298850956605,0.9378820990736129,0.0748223288822919
20.46026086807251,4.277645523958844,-7.666253498037558,11.943899021996401,0.5063522139779524,0.4315298850956605,0.9378820990736129,0.0748223288822919
20.480355978012085,4.458827195828708,-7.468940298430047,11.927767494258756,0.5063522139779524,0.4315298850956605,0.9378820990736129,0.0748223288822919
20.500353813171387,4.638426204180942,-7.2935116137440374,11.931937817924979,0.5063522139779524,0.4315298850956605,0.9378820990736129,0.0748223288822919
20.52037262916565,4.817480174320628,-7.2935116137440374,12.110991788064666,0.5063522139779524,0.4315298850956605,0.9378820990736129,0.0748223288822919
20.540356397628784,4.995460518170488,-7.153168665995231,12.14862918416572,0.5063522139779524,0.4315298850956605,0.9378820990736129,0.0748223288822919
20.560296535491943,5.1722673135794315,-7.040894307796186,12.213161621375617,0.5063522139779524,0.4315298850956605,0.9378820990736129,0.0748223288822919
20.580321788787842,5.349011692894482,-6.93349669623695,12.282508389131433,0.5063522139779524,0.4315298850956605,0.9378820990736129,0.0748223288822919
20.6002459526062,5.524023491502741,-6.84757860698956,12.371602098492302,0.5763522139779524,0.5015298850956604,1.0778820990736129,0.07482232888229201
20.620249271392822,5.698859672295896,-6.7788441355916484,12.477703807887544,0.5763522139779524,0.5015298850956604,1.0778820990736129,0.07482232888229201
20.640323400497437,5.873409727657077,-6.74143468347332,12.614844411130397,0.5763522139779524,0.5015298850956604,1.0778820990736129,0.07482232888229201
20.660258531570435,6.045826535023524,-6.693928996778656,12.73975553180218,0.5763522139779524,0.5015298850956604,1.0778820990736129,0.07482232888229201
20.68034601211548,6.218601503061379,-6.655924447422925,12.874525950484305,0.5763522139779524,0.5015298850956604,1.0778820990736129,0.07482232888229201
20.700345993041992,6.389639779944232,-6.643098932938341,13.032738712882573,0.5763522139779524,0.5015298850956604,1.0778820990736129,0.07482232888229201
20.72025990486145,6.558939546512717,-6.632838521350673,13.19177806786339,0.5763522139779524,0.5015298850956604,1.0778820990736129,0.07482232888229201
20.74032211303711,6.728461666576512,-6.632838521350673,13.361300187927185,0.5763522139779524,0.5015298850956604,1.0778820990736129,0.07482232888229201
20.760308027267456,6.896276118997326,-6.624630192080539,13.520906311077866,0.5763522139779524,0.5015298850956604,1.0778820990736129,0.07482232888229201
20.780215740203857,7.062352883461524,-6.6180635286644325,13.680416412125957,0.5763522139779524,0.5015298850956604,1.0778820990736129,0.07482232888229201
20.800304651260376,7.228821092627112,-6.630388322931546,13.85920941555866,0.5763522139779524,0.5015298850956604,1.0778820990736129,0.07482232888229201
20.820310831069946,7.393459197587568,-6.640248158345238,14.033707355932805,0.5118651068798499,0.47173746452957843,0.9836025714094283,0.04012764235027144
20.84024429321289,7.556337040837454,-6.648136026676191,14.204473067513646,0.5118651068798499,0.47173746452957843,0.9836025714094283,0.04012764235027144
20.86020040512085,7.718212619395504,-6.672024446340954,14.390237065736457,0.5118651068798499,0.47173746452957843,0.9836025714094283,0.04012764235027144
20.88020396232605,7.879255251108879,-6.691135182072763,14.570390433181643,0.5118651068798499,0.47173746452957843,0.9836025714094283,0.04012764235027144
20.900249004364014,8.039383304237461,-6.706423770658211,14.745807074895673,0.5118651068798499,0.47173746452957843,0.9836025714094283,0.04012764235027144
20.92026376724243,8.197997139347596,-6.7186546415265695,14.916651780874165,0.5118651068798499,0.47173746452957843,0.9836025714094283,0.04012764235027144
20.940422534942627,8.356441633307139,-6.728439338221256,15.084880971528396,0.5118651068798499,0.47173746452957843,0.9836025714094283,0.04012764235027144
20.960505962371826,8.512960890411009,-6.728439338221256,15.241400228632266,0.5118651068798499,0.47173746452957843,0.9836025714094283,0.04012764235027144
20.980389833450317,8.666589598323263,-6.736267095577006,15.402856693900269,0.5118651068798499,0.47173746452957843,0.9836025714094283,0.04012764235027144
21.000336408615112,8.819343637681568,-6.724951176461605,15.544294814143173,0.5118651068798499,0.47173746452957843,0.9836025714094283,0.04012764235027144
21.02026057243347,8.970543143774902,-6.715898441169284,15.686441584944188,0.5118651068798499,0.47173746452957843,0.9836025714094283,0.04012764235027144
21.040258646011353,9.120889840483507,-6.7086562529354286,15.829546093418935,0.5118651068798499,0.47173746452957843,0.9836025714094283,0.04012764235027144
21.060338497161865,9.270402451719958,-6.685284377348344,15.955686829068302,0.5118651068798499,0.47173746452957843,0.9836025714094283,0.04012764235027144
21.080389499664307,9.418227831889702,-6.666586876878675,16.084814708768377,0.4980524140439229,0.4017374645295784,0.8997898785735013,0.0963149495143445
21.100248336791992,9.5631631308088,-6.651628876502941,16.21479200731174,0.4980524140439229,0.4017374645295784,0.8997898785735013,0.0963149495143445
21.120394945144653,9.708677141784548,-6.639662476202353,16.348339617986902,0.4980524140439229,0.4017374645295784,0.8997898785735013,0.0963149495143445
21.140408515930176,9.85169000932371,-6.630089355961883,16.481779365285593,0.4980524140439229,0.4017374645295784,0.8997898785735013,0.0963149495143445
21.160427570343018,9.993183611434382,-6.622430859769507,16.61561447120389,0.4980524140439229,0.4017374645295784,0.8997898785735013,0.0963149495143445
21.18027949333191,10.131934695072015,-6.616304062815606,16.74823875788762,0.4980524140439229,0.4017374645295784,0.8997898785735013,0.0963149495143445
21.20021080970764,10.269654839005153,-6.616304062815606,16.885958901820757,0.4980524140439229,0.4017374645295784,0.8997898785735013,0.0963149495143445
21.220337867736816,10.407093053205685,-6.611402625252485,17.01849567845817,0.4980524140439229,0.4017374645295784,0.8997898785735013,0.0963149495143445
21.240278244018555,10.541615308592542,-6.589903350201989,17.13151865879453,0.4980524140439229,0.4017374645295784,0.8997898785735013,0.0963149495143445
21.26020884513855,10.674418105573075,-6.572703930161591,17.247122035734666,0.4980524140439229,0.4017374645295784,0.8997898785735013,0.0963149495143445
21.28037714958191,10.807100696028014,-6.5589443941292735,17.366045090157286,0.4980524140439229,0.4017374645295784,0.8997898785735013,0.0963149495143445
21.300353050231934,10.936806918033165,-6.547936765303419,17.484743683336582,0.4980524140439229,0.4017374645295784,0.8997898785735013,0.0963149495143445
21.320330142974854,11.064797836745733,-6.539130662242735,17.603928498988466,0.43004279909946486,0.4094262001413152,0.83946899924078,0.020616598958149657
21.340258598327637,11.190740258971914,-6.532085779794189,17.7228260387661,0.43004279909946486,0.4094262001413152,0.83946899924078,0.020616598958149657
21.360291242599487,11.315572781763791,-6.526449873835351,17.84202265559914,0.43004279909946486,0.4094262001413152,0.83946899924078,0.020616598958149657
21.380316972732544,11.438570451785957,-6.521941149068281,17.96051160085424,0.43004279909946486,0.4094262001413152,0.83946899924078,0.020616598958149657
21.400235414505005,11.55911278656742,-6.518334169254625,18.077446955822044,0.43004279909946486,0.4094262001413152,0.83946899924078,0.020616598958149657
21.420256853103638,11.678453876305989,-6.518334169254625,18.196788045560613,0.43004279909946486,0.4094262001413152,0.83946899924078,0.020616598958149657
21.440341472625732,11.796314670433317,-6.515448585403701,18.31176325583702,0.43004279909946486,0.4094262001413152,0.83946899924078,0.020616598958149657
21.460339069366455,11.911798444001981,-6.513140118322961,18.424938562324943,0.43004279909946486,0.4094262001413152,0.83946899924078,0.020616598958149657
21.480352878570557,12.02549299120303,-6.49371521965837,18.5192082108614,0.43004279909946486,0.4094262001413152,0.83946899924078,0.020616598958149657
21.50025200843811,12.13665082609932,-6.478175300726696,18.614826126826017,0.43004279909946486,0.4094262001413152,0.83946899924078,0.020616598958149657
21.520304203033447,12.246744464607175,-6.465743365581357,18.712487830188532,0.49675856111862227,0.3659940948087022,0.8627526559273244,0.13076446630992006
21.540250062942505,12.354325744432442,-6.455797817465086,18.810123561897527,0.49675856111862227,0.3659940948087022,0.8627526559273244,0.13076446630992006
21.560240745544434,12.460201881301451,-6.447841378972069,18.90804326027352,0.49675856111862227,0.3659940948087022,0.8627526559273244,0.13076446630992006
21.580238819122314,12.564150292985909,-6.441476228177655,19.005626521163563,0.49675856111862227,0.3659940948087022,0.8627526559273244,0.13076446630992006
21.60023856163025,12.6661234880684,-6.436384107542125,19.102507595610525,0.49675856111862227,0.3659940948087022,0.8627526559273244,0.13076446630992006
21.62024474143982,12.766128461504653,-6.436384107542125,19.202512569046778,0.49675856111862227,0.3659940948087022,0.8627526559273244,0.13076446630992006
21.640207052230835,12.863903622316707,-6.432310411033701,19.29621403335041,0.49675856111862227,0.3659940948087022,0.8627526559273244,0.13076446630992006
21.660340070724487,12.960465120281167,-6.429051453826961,19.38951657410813,0.49675856111862227,0.3659940948087022,0.8627526559273244,0.13076446630992006
21.680248022079468,13.053907937833664,-6.426444288061569,19.48035222589523,0.49675856111862227,0.3659940948087022,0.8627526559273244,0.13076446630992006
21.70030426979065,13.145981473509421,-6.424358555449255,19.570340028958675,0.49675856111862227,0.3659940948087022,0.8627526559273244,0.13076446630992006
21.72036337852478,13.235980100462605,-6.422689969359404,19.65867006982201,0.49675856111862227,0.3659940948087022,0.8627526559273244,0.13076446630992006
21.74032235145569,13.323442704333917,-6.421355100487524,19.74479780482144,0.4429523046157555,0.35208224498957846,0.7950345496053339,0.09087005962617706
21.760282278060913,13.408814033698901,-6.42028720539002,19.82910123908892,0.4429523046157555,0.35208224498957846,0.7950345496053339,0.09087005962617706
21.780219078063965,13.491981185752152,-6.4194328893120165,19.91141407506417,0.4429523046157555,0.35208224498957846,0.7950345496053339,0.09087005962617706
21.80024218559265,13.573377490426548,-6.418749436449613,19.99212692687616,0.4429523046157555,0.35208224498957846,0.7950345496053339,0.09087005962617706
21.82024598121643,13.65255005173471,-6.418202674159691,20.0707527258944,0.4429523046157555,0.35208224498957846,0.7950345496053339,0.09087005962617706
21.840338945388794,13.729904356555057,-6.418202674159691,20.148107030714748,0.4429523046157555,0.35208224498957846,0.7950345496053339,0.09087005962617706
21.860304594039917,13.804600986284562,-6.417765264327753,20.222366250612314,0.4429523046157555,0.35208224498957846,0.7950345496053339,0.09087005962617706
21.880341291427612,13.877379379355238,-6.417415336462203,20.294794715817442,0.4429523046157555,0.35208224498957846,0.7950345496053339,0.09087005962617706
21.900233030319214,13.94745563569476,-6.417135394169763,20.364591029864524,0.4429523046157555,0.35208224498957846,0.7950345496053339,0.09087005962617706
21.920252323150635,14.015781540121665,-6.41691144033581,20.432692980457475,0.4429523046157555,0.35208224498957846,0.7950345496053339,0.09087005962617706
21.94020652770996,14.081678586053185,-6.416732277268649,20.498410863321833,0.4429523046157555,0.35208224498957846,0.7950345496053339,0.09087005962617706
21.960231065750122,14.145582684880143,-6.41658894681492,20.562171631695062,0.41294168075837656,0.39313814037770484,0.8060798211360813,0.019803540380671725
21.980318546295166,14.207437836287607,-6.416474282451936,20.623912118739543,0.41294168075837656,0.39313814037770484,0.8060798211360813,0.019803540380671725
22.00029945373535,14.266719625924596,-6.416382550961549,20.683102176886145,0.41294168075837656,0.39313814037770484,0.8060798211360813,0.019803540380671725
22.020312070846558,14.323841554089546,-6.41630916576924,20.740150719858786,0.41294168075837656,0.39313814037770484,0.8060798211360813,0.019803540380671725
22.040302515029907,14.378639204490002,-6.398672332615392,20.777311537105394,0.41294168075837656,0.39313814037770484,0.8060798211360813,0.019803540380671725
22.060306072235107,14.431202181252875,-6.398672332615392,20.829874513868265,0.41294168075837656,0.39313814037770484,0.8060798211360813,0.019803540380671725
22.080255270004272,14.481351945194033,-6.384562866092314,20.86591481128635,0.41294168075837656,0.39313814037770484,0.8060798211360813,0.019803540380671725
22.100306749343872,14.529466120592744,-6.373275292873851,20.902741413466593,0.41294168075837656,0.39313814037770484,0.8060798211360813,0.019803540380671725
22.12030291557312,14.575150913567885,-6.364245234299081,20.939396147866965,0.41294168075837656,0.39313814037770484,0.8060798211360813,0.019803540380671725
22.140270948410034,14.618475584195679,-6.3570211874392655,20.975496771634944,0.41294168075837656,0.39313814037770484,0.8060798211360813,0.019803540380671725
22.160303115844727,14.659627249472452,-6.351241949951413,21.010869199423865,0.42836086219467684,0.4631381403777048,0.8914990025723817,-0.03477727818302795
22.180312871932983,14.69841439626659,-6.34661855996113,21.045032956227722,0.42836086219467684,0.4631381403777048,0.8914990025723817,-0.03477727818302795
22.200322151184082,14.734877386865582,-6.325341722968904,21.060219109834485,0.42836086219467684,0.4631381403777048,0.8914990025723817,-0.03477727818302795
22.22032141685486,14.768994911058819,-6.220429628375125,20.989424539433944,0.42836086219467684,0.4631381403777048,0.8914990025723817,-0.03477727818302795
22.240305423736572,14.800757049949103,-6.1013437027001,20.902100752649204,0.42836086219467684,0.4631381403777048,0.8914990025723817,-0.03477727818302795
22.260316371917725,14.830223810979401,-6.0060749621600795,20.836298773139482,0.42836086219467684,0.4631381403777048,0.8914990025723817,-0.03477727818302795
22.280301094055176,14.857312133236794,-5.9298599697280645,20.78717210296486,0.42836086219467684,0.4631381403777048,0.8914990025723817,-0.03477727818302795
22.300245761871338,14.882010645528377,-5.9298599697280645,20.811870615256442,0.42836086219467684,0.4631381403777048,0.8914990025723817,-0.03477727818302795
22.320337057113647,14.904527833143185,-5.868887975782451,20.773415808925634,0.42836086219467684,0.4631381403777048,0.8914990025723817,-0.03477727818302795
22.3402681350708,14.924518668361424,-5.7497978806259615,20.674316548987385,0.42836086219467684,0.4631381403777048,0.8914990025723817,-0.03477727818302795
22.360268115997314,14.942225919275888,-5.54905705450077,20.491282973776656,0.42836086219467684,0.4631381403777048,0.8914990025723817,-0.03477727818302795
22.380329608917236,14.957617185178066,-5.335730018600617,20.293347203778684,0.49836086219467685,0.5331381403777049,1.0314990025723818,-0.03477727818302806
22.40024733543396,14.970547115470929,-5.129912139880494,20.100459255351424,0.49836086219467685,0.5331381403777049,1.0314990025723818,-0.03477727818302806
22.420217037200928,14.981156985924292,-4.930101586904395,19.911258572828686,0.49836086219467685,0.5331381403777049,1.0314990025723818,-0.03477727818302806
22.440333127975464,14.989460095513301,-4.735096894523516,19.724556990036817,0.49836086219467685,0.5331381403777049,1.0314990025723818,-0.03477727818302806
22.460278272628784,14.995328517683078,-4.579093140618814,19.57442165830189,0.49836086219467685,0.5331381403777049,1.0314990025723818,-0.03477727818302806
22.480310440063477,14.998852143810165,-4.45429013749505,19.453142281305215,0.49836086219467685,0.5331381403777049,1.0314990025723818,-0.03477727818302806
22.500316619873047,14.999999703177144,-4.354447734996041,19.354447438173185,0.49836086219467685,0.5331381403777049,1.0314990025723818,-0.03477727818302806
22.520304441452026,14.998779332999662,-4.354447734996041,19.353227067995704,0.49836086219467685,0.5331381403777049,1.0314990025723818,-0.03477727818302806
22.54029107093811,14.9951936496143,-4.274573812996833,19.269767462611135,0.49836086219467685,0.5331381403777049,1.0314990025723818,-0.03477727818302806
22.560344457626343,14.989219379757532,-4.228252800397467,19.217472180155,0.49836086219467685,0.5331381403777049,1.0314990025723818,-0.03477727818302806
22.58022975921631,14.980945392451488,-4.191195990317974,19.17214138276946,0.49836086219467685,0.5331381403777049,1.0314990025723818,-0.03477727818302806
22.600211143493652,14.970275842771855,-4.161550542254379,19.131826385026233,0.42836086219467684,0.53696698140644,0.9653278436011168,-0.10860611921176311
22.620208263397217,14.957235521663836,-4.155412308803503,19.11264783046734,0.42836086219467684,0.53696698140644,0.9653278436011168,-0.10860611921176311
22.640305042266846,14.941751294409595,-4.150501722042803,19.092253016452396,0.42836086219467684,0.53696698140644,0.9653278436011168,-0.10860611921176311
22.66028356552124,14.923996796934635,-4.1465732526342425,19.07057004956888,0.42836086219467684,0.53696698140644,0.9653278436011168,-0.10860611921176311
22.680230617523193,14.903924205843062,-4.161008602107395,19.064932807950456,0.42836086219467684,0.53696698140644,0.9653278436011168,-0.10860611921176311
22.70024561882019,14.881430208242264,-4.1549787566859155,19.036408964928178,0.42836086219467684,0.53696698140644,0.9653278436011168,-0.10860611921176311
22.720306396484375,14.856523210522163,-4.1549787566859155,19.011501967208076,0.42836086219467684,0.53696698140644,0.9653278436011168,-0.10860611921176311
22.740306854248047,14.829341438055712,-4.150154880348733,18.979496318404443,0.42836086219467684,0.53696698140644,0.9653278436011168,-0.10860611921176311
22.760249853134155,14.799906001069065,-4.1462957792789865,18.94620178034805,0.42836086219467684,0.53696698140644,0.9653278436011168,-0.10860611921176311
22.780341148376465,14.76790193617971,-4.125630373423189,18.8935323096029,0.42836086219467684,0.53696698140644,0.9653278436011168,-0.10860611921176311
22.80021834373474,14.733923021281967,-4.091519923738551,18.82544294502052,0.42836086219467684,0.53696698140644,0.9653278436011168,-0.10860611921176311
22.820311546325684,14.697239104752734,-3.941184688990841,18.638423793743577,0.49685079371847674,0.49522755485319064,0.9920783485716673,0.0016232388652860918
22.840208292007446,14.6586055355719,-3.6802915011926727,18.33889703676457,0.49685079371847674,0.49522755485319064,0.9920783485716673,0.0016232388652860918
22.86030673980713,14.617254463729722,-3.4539988259541383,18.07125328968386,0.49685079371847674,0.49522755485319064,0.9920783485716673,0.0016232388652860918
22.88021206855774,14.574003174013889,-3.2553865607633106,17.829389734777198,0.49685079371847674,0.49522755485319064,0.9920783485716673,0.0016232388652860918
22.900343418121338,14.527942159189463,-3.0964967486106487,17.624438907800112,0.49685079371847674,0.49522755485319064,0.9920783485716673,0.0016232388652860918
22.92034387588501,14.47987886921316,-2.969384898888519,17.44926376810168,0.49685079371847674,0.49522755485319064,0.9920783485716673,0.0016232388652860918
22.94035005569458,14.429514202492284,-2.969384898888519,17.398899101380803,0.49685079371847674,0.49522755485319064,0.9920783485716673,0.0016232388652860918
22.96034598350525,14.376897099677858,-2.8676954191108153,17.244592518788675,0.49685079371847674,0.49522755485319064,0.9920783485716673,0.0016232388652860918
22.980345249176025,14.322001291549414,-2.7863438352886525,17.108345126838067,0.49685079371847674,0.49522755485319064,0.9920783485716673,0.0016232388652860918
23.000341653823853,14.264852377481082,-2.721262568230922,16.986114945712004,0.49685079371847674,0.49522755485319064,0.9920783485716673,0.0016232388652860918
23.020323991775513,14.205494263029646,-2.6691975545847377,16.874691817614384,0.48006166657723953,0.502744020934333,0.9828056875115725,-0.02268235435709348
23.04024887084961,14.144077219749546,-2.6275455436677904,16.771622763417337,0.48006166657723953,0.502744020934333,0.9828056875115725,-0.02268235435709348
23.060309886932373,14.08000102842738,-2.611802059934232,16.691803088361613,0.48006166657723953,0.502744020934333,0.9828056875115725,-0.02268235435709348
23.080305576324463,14.013907416241134,-2.599207272947386,16.61311468918852,0.48006166657723953,0.502744020934333,0.9828056875115725,-0.02268235435709348
23.10024070739746,13.945811996389455,-2.5891314433579087,16.534943439747366,0.48006166657723953,0.502744020934333,0.9828056875115725,-0.02268235435709348
23.120304822921753,13.875066785078825,-2.581070779686327,16.456137564765154,0.48006166657723953,0.502744020934333,0.9828056875115725,-0.02268235435709348
23.140303134918213,13.80235931365699,-2.592200373749062,16.39455968740605,0.48006166657723953,0.502744020934333,0.9828056875115725,-0.02268235435709348
23.160249710083008,13.727669195319201,-2.592200373749062,16.319869569068263,0.48006166657723953,0.502744020934333,0.9828056875115725,-0.02268235435709348
23.18030619621277,13.650393489607266,-2.60110404899925,16.251497538606515,0.48006166657723953,0.502744020934333,0.9828056875115725,-0.02268235435709348
23.20030665397644,13.571174970903067,-2.6082269891994003,16.179401960102467,0.48006166657723953,0.502744020934333,0.9828056875115725,-0.02268235435709348
23.22032380104065,13.489744524979958,-2.6139253413595207,16.10366986633948,0.48006166657723953,0.502744020934333,0.9828056875115725,-0.02268235435709348
23.240306854248047,13.406324373951609,-2.6184840230876167,16.024808397039227,0.4504534876934485,0.555536186362733,1.0059896740561816,-0.10508269866928455
23.260320901870728,13.32065649481217,-2.6221309684700933,15.942787463282263,0.4504534876934485,0.555536186362733,1.0059896740561816,-0.10508269866928455
23.28024673461914,13.233273653626,-2.607470399776075,15.840744053402075,0.4504534876934485,0.555536186362733,1.0059896740561816,-0.10508269866928455
23.30030059814453,13.143235123965065,-2.6133200698208605,15.756555193785925,0.4504534876934485,0.555536186362733,1.0059896740561816,-0.10508269866928455
23.32023000717163,13.051688065905205,-2.6004216808566882,15.652109746761894,0.4504534876934485,0.555536186362733,1.0059896740561816,-0.10508269866928455
23.34031391143799,12.957361013629908,-2.590102969685351,15.547463983315259,0.4504534876934485,0.555536186362733,1.0059896740561816,-0.10508269866928455
23.36036491394043,12.861130227466115,-2.581848000748281,15.442978228214395,0.4504534876934485,0.555536186362733,1.0059896740561816,-0.10508269866928455
23.380362033843994,12.763124954318648,-2.581848000748281,15.344972955066929,0.4504534876934485,0.555536186362733,1.0059896740561816,-0.10508269866928455
23.400219678878784,12.66380937288166,-2.575244025598625,15.239053398480285,0.4504534876934485,0.555536186362733,1.0059896740561816,-0.10508269866928455
23.42021417617798,12.561817555513437,-2.5699608454789002,15.131778400992339,0.4504534876934485,0.555536186362733,1.0059896740561816,-0.10508269866928455
23.440348863601685,12.457107202784162,-2.5657343013831206,15.022841504167282,0.4504534876934485,0.555536186362733,1.0059896740561816,-0.10508269866928455
23.460249423980713,12.351655296382301,-2.5799311911064966,14.931586487488797,0.49312354391731783,0.6134829204931156,1.1066064644104334,-0.12035937657579776
23.480210065841675,12.24394516185,-2.5912887028851976,14.835233864735198,0.49312354391731783,0.6134829204931156,1.1066064644104334,-0.12035937657579776
23.5003502368927,12.133314398558332,-2.600374712308158,14.73368911086649,0.49312354391731783,0.6134829204931156,1.1066064644104334,-0.12035937657579776
23.520291090011597,12.021864244327723,-2.607643519846527,14.62950776417425,0.49312354391731783,0.6134829204931156,1.1066064644104334,-0.12035937657579776
23.540351152420044,11.907843724107465,-2.6134585658772216,14.521302289984687,0.49312354391731783,0.6134829204931156,1.1066064644104334,-0.12035937657579776
23.560234785079956,11.792959155668685,-2.6181106027017775,14.411069758370463,0.49312354391731783,0.6134829204931156,1.1066064644104334,-0.12035937657579776
23.58023500442505,11.67554414488629,-2.6218322321614225,14.297376377047712,0.49312354391731783,0.6134829204931156,1.1066064644104334,-0.12035937657579776
23.60028839111328,11.55596591934334,-2.6218322321614225,14.177798151504762,0.49312354391731783,0.6134829204931156,1.1066064644104334,-0.12035937657579776
23.620352029800415,11.434490581409122,-2.6248095357291383,14.05930011713826,0.49312354391731783,0.6134829204931156,1.1066064644104334,-0.12035937657579776
23.64032292366028,11.3117721700642,-2.6271913785833108,13.93896354864751,0.49312354391731783,0.6134829204931156,1.1066064644104334,-0.12035937657579776
23.66027021408081,11.187420882545274,-2.629096852866649,13.816517735411923,0.49312354391731783,0.6134829204931156,1.1066064644104334,-0.12035937657579776
23.68030023574829,11.060785604507828,-2.6306212322933193,13.691406836801146,0.5298638283304171,0.5737437513127224,1.1036075796431395,-0.04387992298230525
23.700295209884644,10.93262461629645,-2.631840735834656,13.564465352131107,0.5298638283304171,0.5737437513127224,1.1036075796431395,-0.04387992298230525
23.720306396484375,10.802632097396092,-2.632816338667725,13.435448436063817,0.5298638283304171,0.5737437513127224,1.1036075796431395,-0.04387992298230525
23.740301847457886,10.671036035757167,-2.65117494593418,13.322210981691347,0.5298638283304171,0.5737437513127224,1.1036075796431395,-0.04387992298230525
23.760300159454346,10.537736470511902,-2.6658618317473444,13.203598302259246,0.5298638283304171,0.5737437513127224,1.1036075796431395,-0.04387992298230525
23.780245542526245,10.403132535902214,-2.6776113403978754,13.08074387630009,0.5298638283304171,0.5737437513127224,1.1036075796431395,-0.04387992298230525
23.800307989120483,10.26609039825133,-2.6870109473183,12.953101345569632,0.5298638283304171,0.5737437513127224,1.1036075796431395,-0.04387992298230525
23.820303916931152,10.127879441737237,-2.69453063285464,12.822410074591877,0.5298638283304171,0.5737437513127224,1.1036075796431395,-0.04387992298230525
23.84025502204895,9.988384994194552,-2.69453063285464,12.682915627049193,0.5298638283304171,0.5737437513127224,1.1036075796431395,-0.04387992298230525
23.860306978225708,9.846603951793295,-2.7181245062837123,12.564728458077006,0.5298638283304171,0.5737437513127224,1.1036075796431395,-0.04387992298230525
23.880269527435303,9.70390250028216,-2.7369996050269703,12.44090210530913,0.5298638283304171,0.5737437513127224,1.1036075796431395,-0.04387992298230525
23.90035653114319,9.55877050704935,-2.7520996840215766,12.310870191070926,0.559204823806067,0.5937894788041012,1.152994302610168,-0.0345846549980342
23.920252084732056,9.413520797345921,-2.7641797472172613,12.177700544563182,0.559204823806067,0.5937894788041012,1.152994302610168,-0.0345846549980342
23.940305471420288,9.265630301022131,-2.773843797773809,12.03947409879594,0.559204823806067,0.5937894788041012,1.152994302610168,-0.0345846549980342
23.96026611328125,9.116962963520121,-2.7815750382190476,11.898538001739169,0.559204823806067,0.5937894788041012,1.152994302610168,-0.0345846549980342
23.980300188064575,8.966306788340251,-2.7877600305752384,11.75406681891549,0.559204823806067,0.5937894788041012,1.152994302610168,-0.0345846549980342
24.000248908996582,8.814880793873778,-2.792708024460191,11.60758881833397,0.559204823806067,0.5937894788041012,1.152994302610168,-0.0345846549980342
24.02021622657776,8.661926863841888,-2.7966664195681528,11.45859328341004,0.559204823806067,0.5937894788041012,1.152994302610168,-0.0345846549980342
24.040361166000366,8.506230787517131,-2.7998331356545223,11.306063923171653,0.559204823806067,0.5937894788041012,1.152994302610168,-0.0345846549980342
24.06028151512146,8.350930365076849,-2.7998331356545223,11.15076350073137,0.559204823806067,0.5937894788041012,1.152994302610168,-0.0345846549980342
24.08030891418457,8.193476627644275,-2.802366508523618,10.995843136167892,0.559204823806067,0.5937894788041012,1.152994302610168,-0.0345846549980342
24.10020160675049,8.035797553677051,-2.8043932068188946,10.840190760495947,0.559204823806067,0.5937894788041012,1.152994302610168,-0.0345846549980342
24.12035083770752,7.8748053873535255,-2.806014565455116,10.68081995280864,0.629204823806067,0.5237894788041011,1.152994302610168,0.10541534500196592
24.140262842178345,7.714468611454375,-2.807311652364093,10.521780263818467,0.629204823806067,0.5237894788041011,1.152994302610168,0.10541534500196592
24.16026210784912,7.5522137649314605,-2.8083493218912747,10.360563086822735,0.629204823806067,0.5237894788041011,1.152994302610168,0.10541534500196592
24.18034863471985,7.388050691943822,-2.80917945751302,10.197230149456843,0.629204823806067,0.5237894788041011,1.152994302610168,0.10541534500196592
24.200215101242065,7.224528525259907,-2.809843566010416,10.034372091270324,0.629204823806067,0.5237894788041011,1.152994302610168,0.10541534500196592
24.220335245132446,7.057771128856261,-2.810374852808333,9.868145981664593,0.629204823806067,0.5237894788041011,1.152994302610168,0.10541534500196592
24.240339994430542,6.89085183246236,-2.8283780072466667,9.719229839709026,0.629204823806067,0.5237894788041011,1.152994302610168,0.10541534500196592
24.26034951210022,6.722803699454047,-2.8252024057973335,9.548006105251382,0.629204823806067,0.5237894788041011,1.152994302610168,0.10541534500196592
24.28026032447815,6.554529720915817,-2.8252024057973335,9.37973212671315,0.629204823806067,0.5237894788041011,1.152994302610168,0.10541534500196592
24.300336599349976,6.38381878072521,-2.8226619246378672,9.206480705363077,0.629204823806067,0.5237894788041011,1.152994302610168,0.10541534500196592
24.320251941680908,6.213472595497937,-2.8206295397102936,9.03410213520823,0.6384287012583809,0.5656775109126464,1.2041062121710273,0.07275119034573452
24.34030771255493,6.040942111240729,-2.8190036317682354,8.859945743008964,0.6384287012583809,0.5656775109126464,1.2041062121710273,0.07275119034573452
24.360231399536133,5.8685980167738645,-2.8177029054145883,8.686300922188453,0.6384287012583809,0.5656775109126464,1.2041062121710273,0.07275119034573452
24.380293130874634,5.694130631519502,-2.816662324331671,8.510792955851173,0.6384287012583809,0.5656775109126464,1.2041062121710273,0.07275119034573452
24.40024209022522,5.519746805021961,-2.833407984465337,8.353154789487299,0.6384287012583809,0.5656775109126464,1.2041062121710273,0.07275119034573452
24.420268774032593,5.3438113225897315,-2.8468045125722696,8.190615835162001,0.6384287012583809,0.5656775109126464,1.2041062121710273,0.07275119034573452
24.440306186676025,5.166934808776814,-2.8575217350578157,8.02445654383463,0.6384287012583809,0.5656775109126464,1.2041062121710273,0.07275119034573452
24.46030902862549,4.989546589131826,-2.8660955130462527,7.855642102178079,0.6384287012583809,0.5656775109126464,1.2041062121710273,0.07275119034573452
24.480257511138916,4.811855490433262,-2.8660955130462527,7.6779510034795155,0.6384287012583809,0.5656775109126464,1.2041062121710273,0.07275119034573452
24.50032877922058,4.6323078053505276,-2.8729545354370027,7.50526234078753,0.6384287012583809,0.5656775109126464,1.2041062121710273,0.07275119034573452
24.520256280899048,4.453317295083544,-2.8784417533496023,7.331759048433145,0.6384287012583809,0.5656775109126464,1.2041062121710273,0.07275119034573452
24.54025387763977,4.272995388872671,-2.900409652679682,7.173405041552353,0.6159658135689097,0.5816606882616178,1.1976265018305274,0.034305125307291906
24.56024479866028,4.0920594200507665,-2.917983972143746,7.010043392194513,0.6159658135689097,0.5816606882616178,1.1976265018305274,0.034305125307291906
24.580262184143066,3.9102370568529565,-2.932043427714997,6.8422804845679535,0.6159658135689097,0.5816606882616178,1.1976265018305274,0.034305125307291906
24.60027575492859,3.7278309726527183,-2.943290992171998,6.671121964824716,0.6159658135689097,0.5816606882616178,1.1976265018305274,0.034305125307291906
24.62025785446167,3.545123628919969,-2.9698671687375984,6.514990797657568,0.6159658135689097,0.5816606882616178,1.1976265018305274,0.034305125307291906
24.64027214050293,3.361561836361854,-2.9911281099900786,6.352689946351933,0.6159658135689097,0.5816606882616178,1.1976265018305274,0.034305125307291906
24.660350799560547,3.1768755199526675,-3.008136862992063,6.1850123829447305,0.6159658135689097,0.5816606882616178,1.1976265018305274,0.034305125307291906
24.680349826812744,2.9924190140413556,-3.0217438653936504,6.0141628794350055,0.6159658135689097,0.5816606882616178,1.1976265018305274,0.034305125307291906
24.700304985046387,2.807896164669109,-3.0217438653936504,5.829640030062759,0.6159658135689097,0.5816606882616178,1.1976265018305274,0.034305125307291906
24.720348596572876,2.622111089418132,-3.03262946731492,5.654740556733052,0.6159658135689097,0.5816606882616178,1.1976265018305274,0.034305125307291906
24.740376234054565,2.436058697974983,-3.041337948851936,5.47739664682692,0.6159658135689097,0.5816606882616178,1.1976265018305274,0.034305125307291906
24.760384798049927,2.249798290797756,-3.0483047340815492,5.298103024879305,0.5970113837934332,0.5863005284807876,1.1833119122742208,0.010710855312645595
24.780253887176514,2.0644843279052734,-3.0538781622652396,5.118362490170513,0.5970113837934332,0.5863005284807876,1.1833119122742208,0.010710855312645595
24.800251483917236,1.877646989501859,-3.0583369048121916,4.935983894314051,0.5970113837934332,0.5863005284807876,1.1833119122742208,0.010710855312645595
24.820343494415283,1.6896290575848636,-3.0619038988497533,4.751532956434617,0.5970113837934332,0.5863005284807876,1.1833119122742208,0.010710855312645595
24.840312957763672,1.5024910285143176,-3.064757494079803,4.56724852259412,0.5970113837934332,0.5863005284807876,1.1833119122742208,0.010710855312645595
24.860342741012573,1.3145501492279317,-3.0670403702638422,4.381590519491774,0.5970113837934332,0.5863005284807876,1.1833119122742208,0.010710855312645595
24.880363702774048,1.1264839743292996,-3.051288546211074,4.1777725205403735,0.5970113837934332,0.5863005284807876,1.1833119122742208,0.010710855312645595
24.90035891532898,0.9384817467167202,-3.0386870869688596,3.97716883368558,0.5970113837934332,0.5863005284807876,1.1833119122742208,0.010710855312645595
24.920233011245728,0.7514714591172177,-3.0386870869688596,3.790158546086077,0.5970113837934332,0.5863005284807876,1.1833119122742208,0.010710855312645595
24.940348863601685,0.5620671006959115,-3.0286059195750883,3.5906730202709998,0.5970113837934332,0.5863005284807876,1.1833119122742208,0.010710855312645595
24.960366010665894,0.37350294186620026,-3.020540985660071,3.3940439275262713,0.5970113837934332,0.5863005284807876,1.1833119122742208,0.010710855312645595
24.980361700057983,0.18508191983292904,-3.014089038528057,3.199170958360986,0.6602447816944914,0.5747916939324931,1.2350364756269845,0.08545308776199834
25.000288724899292,-0.0027211680526350317,-3.0265056058224453,3.02378443776981,0.6602447816944914,0.5747916939324931,1.2350364756269845,0.08545308776199834
25.02030634880066,-0.19137763619873638,-3.018860734657957,2.8274830984592203,0.6602447816944914,0.5747916939324931,1.2350364756269845,0.08545308776199834
25.040289163589478,-0.3796758673588609,-3.0127448377263657,2.6330689703675048,0.6602447816944914,0.5747916939324931,1.2350364756269845,0.08545308776199834
25.0601909160614,-0.5671507989836304,-3.007852120181093,2.440701321197462,0.6602447816944914,0.5747916939324931,1.2350364756269845,0.08545308776199834
25.08015727996826,-0.7551452255470508,-3.0039379461448745,2.248792720597824,0.6602447816944914,0.5747916939324931,1.2350364756269845,0.08545308776199834
25.100149154663086,-0.9432607644572751,-3.0008066069159,2.057545842458625,0.6602447816944914,0.5747916939324931,1.2350364756269845,0.08545308776199834
25.12015390396118,-1.1313484672498249,-2.9983015355327205,1.8669530682828956,0.6602447816944914,0.5747916939324931,1.2350364756269845,0.08545308776199834
25.140156269073486,-1.3192350488009152,-2.9983015355327205,1.6790664867318053,0.6602447816944914,0.5747916939324931,1.2350364756269845,0.08545308776199834
25.160152435302734,-1.506855131025957,-2.9962974784261767,1.4894423474002196,0.6602447816944914,0.5747916939324931,1.2350364756269845,0.08545308776199834
25.180152654647827,-1.6942753098349543,-2.9946942327409416,1.3004189229059873,0.6602447816944914,0.5747916939324931,1.2350364756269845,0.08545308776199834
25.20028018951416,-1.8826183753783712,-2.9934116361927536,1.1107932608143825,0.6602447816944914,0.5747916939324931,1.2350364756269845,0.08545308776199834
25.22030019760132,-2.069656631775477,-2.9923855589542034,0.9227289271787265,0.6856246648199158,0.5704927280201808,1.2561173928400966,0.11513193679973499
25.240174770355225,-2.2550123024879687,-2.991564697163363,0.7365523946753942,0.6856246648199158,0.5704927280201808,1.2561173928400966,0.11513193679973499
25.260154247283936,-2.440991857605309,-2.990908007730691,0.549916150125382,0.6856246648199158,0.5704927280201808,1.2561173928400966,0.11513193679973499
25.28015398979187,-2.626774789851186,-3.007960781184553,0.38118599133336684,0.6856246648199158,0.5704927280201808,1.2561173928400966,0.11513193679973499
25.30015254020691,-2.8121318985859687,-3.021602999947642,0.20947110136167346,0.6856246648199158,0.5704927280201808,1.2561173928400966,0.11513193679973499
25.32016396522522,-2.997163896947516,-3.0325167749581134,0.03535287801059761,0.6856246648199158,0.5704927280201808,1.2561173928400966,0.11513193679973499
25.34015154838562,-3.1815024761327013,-3.0412477949664907,-0.14025468116621065,0.6856246648199158,0.5704927280201808,1.2561173928400966,0.11513193679973499
25.360157251358032,-3.365505704270635,-3.0482326109731925,-0.31727309329744235,0.6856246648199158,0.5704927280201808,1.2561173928400966,0.11513193679973499
25.38023328781128,-3.5496212301542194,-3.0482326109731925,-0.5013886191810268,0.6856246648199158,0.5704927280201808,1.2561173928400966,0.11513193679973499
25.400335550308228,-3.7334113563429994,-3.053820463778554,-0.6795908925644452,0.6856246648199158,0.5704927280201808,1.2561173928400966,0.11513193679973499
25.42034125328064,-3.915727399950131,-3.058290746022843,-0.8574366539272882,0.6856246648199158,0.5704927280201808,1.2561173928400966,0.11513193679973499
25.440263271331787,-4.096666030832868,-3.061866971818275,-1.0347990590145928,0.6900284180260496,0.5716168674296931,1.2616452854557427,0.11841155059635655
25.460183143615723,-4.276943401614459,-3.0647279524546196,-1.2122154491598396,0.6900284180260496,0.5716168674296931,1.2616452854557427,0.11841155059635655
25.480276346206665,-4.458110602748658,-3.067016736963696,-1.3910938657849616,0.6900284180260496,0.5716168674296931,1.2616452854557427,0.11841155059635655
25.500182151794434,-4.63688760223366,-3.0688477645709566,-1.5680398376627034,0.6900284180260496,0.5716168674296931,1.2616452854557427,0.11841155059635655
25.52016043663025,-4.815586210687863,-3.0703125866567653,-1.745273624031098,0.6900284180260496,0.5716168674296931,1.2616452854557427,0.11841155059635655
25.540159702301025,-4.9937124931435255,-3.0714844443254123,-1.9222280488181132,0.6900284180260496,0.5716168674296931,1.2616452854557427,0.11841155059635655
25.56015706062317,-5.171033394031083,-3.09000005546033,-2.081033338570753,0.6900284180260496,0.5716168674296931,1.2616452854557427,0.11841155059635655
25.58016800880432,-5.347657610032328,-3.104812544368264,-2.2428450656640635,0.6900284180260496,0.5716168674296931,1.2616452854557427,0.11841155059635655
25.600165843963623,-5.523321540482567,-3.104812544368264,-2.418508996114303,0.6900284180260496,0.5716168674296931,1.2616452854557427,0.11841155059635655
25.620309114456177,-5.699381385273703,-3.116662535494611,-2.5827188497790923,0.6900284180260496,0.5716168674296931,1.2616452854557427,0.11841155059635655
25.640292167663574,-5.873138868171913,-3.126142528395689,-2.746996339776224,0.690463439586456,0.5284479315049246,1.2189113710913806,0.1620155080815313
25.66023278236389,-6.045604438883085,-3.1337265227165516,-2.911877916166534,0.690463439586456,0.5284479315049246,1.2189113710913806,0.1620155080815313
25.680176734924316,-6.217149628638969,-3.1397937181732414,-3.077355910465728,0.690463439586456,0.5284479315049246,1.2189113710913806,0.1620155080815313
25.70015859603882,-6.388041816122438,-3.1446474745385933,-3.243394341583845,0.690463439586456,0.5284479315049246,1.2189113710913806,0.1620155080815313
25.720163345336914,-6.5581210937956484,-3.1485304796308746,-3.409590614164774,0.690463439586456,0.5284479315049246,1.2189113710913806,0.1620155080815313
25.740151166915894,-6.727021679953326,-3.1516368837047,-3.5753847962486263,0.690463439586456,0.5284479315049246,1.2189113710913806,0.1620155080815313
25.760154962539673,-6.894994988851003,-3.1541220069637603,-3.740872981887243,0.690463439586456,0.5284479315049246,1.2189113710913806,0.1620155080815313
25.78014874458313,-7.061795822186471,-3.1561101055710084,-3.9056857166154626,0.690463439586456,0.5284479315049246,1.2189113710913806,0.1620155080815313
25.80015802383423,-7.227610194100401,-3.1561101055710084,-4.071500088529392,0.690463439586456,0.5284479315049246,1.2189113710913806,0.1620155080815313
25.820165157318115,-7.39226458626971,-3.1401224594568067,-4.252142126812903,0.690463439586456,0.5284479315049246,1.2189113710913806,0.1620155080815313
25.84028387069702,-7.556659260872587,-3.1449104675654453,-4.411748793307142,0.690463439586456,0.5284479315049246,1.2189113710913806,0.1620155080815313
25.86029362678528,-7.71896596657263,-3.131162749052357,-4.587803217520273,0.6901333182427334,0.4584479315049246,1.148581249747658,0.2316853867378088
25.880187511444092,-7.879123317910494,-3.1377426992418855,-4.741380618668609,0.6901333182427334,0.4584479315049246,1.148581249747658,0.2316853867378088
25.900158166885376,-8.03866051431027,-3.1430066593935084,-4.895653854916761,0.6901333182427334,0.4584479315049246,1.148581249747658,0.2316853867378088
25.920156240463257,-8.197148448086969,-3.1472178275148073,-5.0499306205721615,0.6901333182427334,0.4584479315049246,1.148581249747658,0.2316853867378088
25.940149068832397,-8.35430114862067,-3.1505867620118457,-5.203714386608825,0.6901333182427334,0.4584479315049246,1.148581249747658,0.2316853867378088
25.960167169570923,-8.51033169528797,-3.153281909609477,-5.357049785678493,0.6901333182427334,0.4584479315049246,1.148581249747658,0.2316853867378088
25.98014807701111,-8.664729791138583,-3.2609067776875817,-5.403823013451001,0.6901333182427334,0.4584479315049246,1.148581249747658,0.2316853867378088
26.000153303146362,-8.817947650163008,-3.4173191721500653,-5.400628478012942,0.6901333182427334,0.4584479315049246,1.148581249747658,0.2316853867378088
26.020155668258667,-8.969750712964354,-3.4173191721500653,-5.552431540814288,0.6901333182427334,0.4584479315049246,1.148581249747658,0.2316853867378088
26.040194511413574,-9.120409961856904,-3.5951834627200525,-5.525226499136851,0.6901333182427334,0.4584479315049246,1.148581249747658,0.2316853867378088
26.060166120529175,-9.269125197646208,-3.7726311451760424,-5.496494052470165,0.6901333182427334,0.4584479315049246,1.148581249747658,0.2316853867378088
26.080268144607544,-9.417337618286327,-3.9321674161408344,-5.4851702021454924,0.6901333182427334,0.4584479315049246,1.148581249747658,0.2316853867378088
26.10029673576355,-9.5635145502909,-4.059796432912668,-5.503718117378233,0.7,0.4451755417353705,1.1451755417353704,0.25482445826462946
26.120288848876953,-9.707914888782751,-4.161899646330134,-5.546015242452617,0.7,0.4451755417353705,1.1451755417353704,0.25482445826462946
26.140183925628662,-9.850093733775541,-4.243582217064108,-5.606511516711433,0.7,0.4451755417353705,1.1451755417353704,0.25482445826462946
26.16016149520874,-9.991313324638302,-4.308928273651286,-5.6823850509870155,0.7,0.4451755417353705,1.1451755417353704,0.25482445826462946
26.18015193939209,-10.131048190773829,-4.3612051189210295,-5.769843071852799,0.7,0.4451755417353705,1.1451755417353704,0.25482445826462946
26.200157403945923,-10.269287961658161,-4.403026595136824,-5.8662613665213375,0.7,0.4451755417353705,1.1451755417353704,0.25482445826462946
26.220171213150024,-10.405961850705381,-4.436483776109459,-5.969478074595922,0.7,0.4451755417353705,1.1451755417353704,0.25482445826462946
26.240174531936646,-10.540919906252466,-4.436483776109459,-6.104436130143006,0.7,0.4451755417353705,1.1451755417353704,0.25482445826462946
26.260289430618286,-10.67495168380167,-4.463249520887568,-6.211702162914102,0.7,0.4451755417353705,1.1451755417353704,0.25482445826462946
26.28030252456665,-10.806612941057937,-4.484662116710054,-6.321950824347883,0.7,0.4451755417353705,1.1451755417353704,0.25482445826462946
26.3002986907959,-10.93645628349173,-4.501792193368044,-6.434664090123685,0.7,0.4451755417353705,1.1451755417353704,0.25482445826462946
26.32033133506775,-11.06480542253014,-4.515496254694436,-6.5493091678357045,0.7,0.44123786518641267,1.1412378651864126,0.2587621348135873
26.34026527404785,-11.190782154836263,-4.561615753755548,-6.629166401080715,0.7,0.44123786518641267,1.1412378651864126,0.2587621348135873
26.360280990600586,-11.315509353703355,-4.633667603004438,-6.681841750698917,0.7,0.44123786518641267,1.1412378651864126,0.2587621348135873
26.380248069763184,-11.438150344656941,-4.691309082403551,-6.74684126225339,0.7,0.44123786518641267,1.1412378651864126,0.2587621348135873
26.40030598640442,-11.559536665695441,-4.737422265922841,-6.822114399772601,0.7,0.44123786518641267,1.1412378651864126,0.2587621348135873
26.42028546333313,-11.67862309441565,-4.774312812738273,-6.904310281677377,0.7,0.44123786518641267,1.1412378651864126,0.2587621348135873
26.440192699432373,-11.795448520939694,-4.803825250190619,-6.991623270749074,0.7,0.44123786518641267,1.1412378651864126,0.2587621348135873
26.460158109664917,-11.91076182735866,-4.803825250190619,-7.1069365771680415,0.7,0.44123786518641267,1.1412378651864126,0.2587621348135873
26.480153560638428,-12.024370049983204,-4.827435200152496,-7.196934849830709,0.7,0.44123786518641267,1.1412378651864126,0.2587621348135873
26.50028920173645,-12.13685681928512,-4.8463231601219965,-7.290533659163123,0.7,0.44123786518641267,1.1412378651864126,0.2587621348135873
26.52030372619629,-12.246741869647442,-4.8614335280975975,-7.385308341549845,0.6822315238416194,0.4051568155951098,1.0873883394367292,0.27707470824650965
26.54016947746277,-12.353894985964583,-4.873521822478079,-7.4803731634865045,0.6822315238416194,0.4051568155951098,1.0873883394367292,0.27707470824650965
26.56038737297058,-12.460971218427545,-4.900770582982463,-7.560200635445082,0.6822315238416194,0.4051568155951098,1.0873883394367292,0.27707470824650965
26.580344438552856,-12.564694042825721,-4.904991466385971,-7.65970257643975,0.6822315238416194,0.4051568155951098,1.0873883394367292,0.27707470824650965
26.600188970565796,-12.665873103790119,-4.9083681731087765,-7.757504930681343,0.6822315238416194,0.4051568155951098,1.0873883394367292,0.27707470824650965
26.620152473449707,-12.765671859203612,-4.9462257884870215,-7.819446070716591,0.6822315238416194,0.4051568155951098,1.0873883394367292,0.27707470824650965
26.640223026275635,-12.863981054683451,-5.099558755789618,-7.764422298893834,0.6822315238416194,0.4051568155951098,1.0873883394367292,0.27707470824650965
26.660229444503784,-12.95994019001728,-5.327693879631694,-7.632246310385586,0.6822315238416194,0.4051568155951098,1.0873883394367292,0.27707470824650965
26.680163860321045,-13.0535171929236,-5.327693879631694,-7.725823313291906,0.6822315238416194,0.4051568155951098,1.0873883394367292,0.27707470824650965
26.700148344039917,-13.145273688014345,-5.527780103705355,-7.61749358430899,0.6822315238416194,0.4051568155951098,1.0873883394367292,0.27707470824650965
26.72014856338501,-13.235027407646214,-5.687849082964284,-7.54717832468193,0.6822315238416194,0.4051568155951098,1.0873883394367292,0.27707470824650965
26.74014449119568,-13.322672531976991,-5.815904266371428,-7.506768265605563,0.6822315238416194,0.4051568155951098,1.0873883394367292,0.27707470824650965
26.760157346725464,-13.408286230199497,-5.918348413097142,-7.489937817102355,0.6822315238416194,0.4051568155951098,1.0873883394367292,0.27707470824650965
26.7802836894989,-13.492247280200413,-6.0003037304777145,-7.4919435497226985,0.6822315238416194,0.4051568155951098,1.0873883394367292,0.27707470824650965
26.80026912689209,-13.573485565594245,-6.065867984382171,-7.507617581212074,0.7,0.38790880533226285,1.0879088053322628,0.3120911946677371
26.820171356201172,-13.652258695287312,-6.118319387505737,-7.533939307781575,0.7,0.38790880533226285,1.0879088053322628,0.3120911946677371
26.84021234512329,-13.729423806041229,-6.160280510004591,-7.569143296036638,0.7,0.38790880533226285,1.0879088053322628,0.3120911946677371
26.860191822052002,-13.804185166951093,-6.193849408003673,-7.6103357589474205,0.7,0.38790880533226285,1.0879088053322628,0.3120911946677371
26.88016104698181,-13.87673447235682,-6.220704526402939,-7.656029945953881,0.7,0.38790880533226285,1.0879088053322628,0.3120911946677371
26.900147676467896,-13.947159590634799,-6.242188621122351,-7.7049709695124475,0.7,0.38790880533226285,1.0879088053322628,0.3120911946677371
26.920151710510254,-14.015443684378614,-6.242188621122351,-7.773255063256262,0.7,0.38790880533226285,1.0879088053322628,0.3120911946677371
26.940147638320923,-14.081487360511002,-6.259375896897882,-7.82211146361312,0.7,0.38790880533226285,1.0879088053322628,0.3120911946677371
26.9601469039917,-14.145318779278208,-6.2731257175183055,-7.872193061759902,0.7,0.38790880533226285,1.0879088053322628,0.3120911946677371
26.98015308380127,-14.206937560493714,-6.284125574014645,-7.9228119864790685,0.7,0.38790880533226285,1.0879088053322628,0.3120911946677371
27.00015115737915,-14.266287913339815,-6.310503584211717,-7.955784329128098,0.7,0.38790880533226285,1.0879088053322628,0.3120911946677371
27.020175457000732,-14.323459284974936,-6.419496617369374,-7.903962667605562,0.7,0.38790880533226285,1.0879088053322628,0.3120911946677371
27.040287971496582,-14.378600161394912,-6.5418472938955,-7.8367528674994125,0.6892558455467224,0.3721019310719565,1.0613577766186788,0.3171539144747659
27.060243368148804,-14.43104097241454,-6.6397278351164,-7.79131313729814,0.6892558455467224,0.3721019310719565,1.0613577766186788,0.3171539144747659
27.08019781112671,-14.481210764239925,-6.71803226809312,-7.763178496146805,0.6892558455467224,0.3721019310719565,1.0613577766186788,0.3171539144747659
27.10016703605652,-14.52913884386701,-6.780675814474496,-7.748463029392513,0.6892558455467224,0.3721019310719565,1.0613577766186788,0.3171539144747659
27.12015438079834,-14.574820032316529,-6.780675814474496,-7.794144217842033,0.6892558455467224,0.3721019310719565,1.0613577766186788,0.3171539144747659
27.140151500701904,-14.618223252925352,-6.830790651579598,-7.787432601345754,0.6892558455467224,0.3721019310719565,1.0613577766186788,0.3171539144747659
27.160150289535522,-14.659322084682705,-6.870882521263678,-7.788439563419026,0.6892558455467224,0.3721019310719565,1.0613577766186788,0.3171539144747659
27.180148363113403,-14.698104974251548,-6.902956017010943,-7.795148957240604,0.6892558455467224,0.3721019310719565,1.0613577766186788,0.3171539144747659
27.200148820877075,-14.734571518244255,-7.016505438608755,-7.7180660796355,0.6892558455467224,0.3721019310719565,1.0613577766186788,0.3171539144747659
27.220185041427612,-14.76877015384953,-7.142501225887004,-7.626268927962526,0.6892558455467224,0.3721019310719565,1.0613577766186788,0.3171539144747659
27.24030041694641,-14.800749384307016,-7.260875980709604,-7.539873403597412,0.7,0.34637537243135724,1.0463753724313571,0.3536246275686427
27.26015830039978,-14.830000226198237,-7.337997659567684,-7.492002566630553,0.7,0.34637537243135724,1.0463753724313571,0.3536246275686427
27.280176401138306,-14.857150376278225,-7.3996950026541475,-7.457455373624078,0.7,0.34637537243135724,1.0463753724313571,0.3536246275686427
27.300178289413452,-14.88193102855288,-7.449052877123319,-7.432878151429562,0.7,0.34637537243135724,1.0463753724313571,0.3536246275686427
27.320233583450317,-14.904417947470764,-7.488539176698655,-7.4158787707721086,0.7,0.34637537243135724,1.0463753724313571,0.3536246275686427
27.340256214141846,-14.924507410925525,-7.488539176698655,-7.43596823422687,0.7,0.34637537243135724,1.0463753724313571,0.3536246275686427
27.360301733016968,-14.94225369692766,-7.520128216358924,-7.422125480568735,0.7,0.34637537243135724,1.0463753724313571,0.3536246275686427
27.380255460739136,-14.957564672622377,-7.58055569808714,-7.377008974535237,0.7,0.34637537243135724,1.0463753724313571,0.3536246275686427
27.400264263153076,-14.970557107478692,-7.734366433469713,-7.236190674008979,0.7,0.34637537243135724,1.0463753724313571,0.3536246275686427
27.420186758041382,-14.981142683640217,-7.910149396775771,-7.070993286864446,0.7,0.34637537243135724,1.0463753724313571,0.3536246275686427
27.440146446228027,-14.98939404701722,-8.068353892420618,-6.921040154596602,0.7,0.34637537243135724,1.0463753724313571,0.3536246275686427
27.46015214920044,-14.995298806592581,-8.194917488936495,-6.800381317656086,0.7,0.34637537243135724,1.0463753724313571,0.3536246275686427
27.480145931243896,-14.998832882956368,-8.296168366149198,-6.70266451680717,0.7,0.34637537243135724,1.0463753724313571,0.3536246275686427
27.500149726867676,-14.999999933622563,-8.37716906791936,-6.622830865703204,0.7,0.34637537243135724,1.0463753724313571,0.3536246275686427
27.52028727531433,-14.99878139609473,-8.441969629335489,-6.556811766759241,0.7,0.34637537243135724,1.0463753724313571,0.3536246275686427
27.54029393196106,-14.995192967039621,-8.49381007846839,-6.50138288857123,0.6854344017803669,0.34392913191870306,1.0293635336990699,0.3415052698616638
27.560189247131348,-14.989274758972575,-8.49381007846839,-6.495464680504185,0.6854344017803669,0.34392913191870306,1.0293635336990699,0.3415052698616638
27.580174684524536,-14.980971538474964,-8.535282437774713,-6.4456891007002515,0.6854344017803669,0.34392913191870306,1.0293635336990699,0.3415052698616638
27.60015034675598,-14.970311886416807,-8.568460325219773,-6.401851561197034,0.6854344017803669,0.34392913191870306,1.0293635336990699,0.3415052698616638
27.62015199661255,-14.957275527464123,-8.595002635175819,-6.3622728922883045,0.6854344017803669,0.34392913191870306,1.0293635336990699,0.3415052698616638
27.640156030654907,-14.941874875389292,-8.616236483140657,-6.325638392248635,0.6854344017803669,0.34392913191870306,1.0293635336990699,0.3415052698616638
27.66016697883606,-14.92410722949155,-8.633223561512526,-6.290883667979024,0.6854344017803669,0.34392913191870306,1.0293635336990699,0.3415052698616638
27.68018412590027,-14.9039737132158,-8.646813224210021,-6.257160489005779,0.6854344017803669,0.34392913191870306,1.0293635336990699,0.3415052698616638
27.700148820877075,-14.88154466179801,-8.657684954368017,-6.223859707429993,0.6854344017803669,0.34392913191870306,1.0293635336990699,0.3415052698616638
27.72016930580139,-14.85670143361166,-8.666382338494413,-6.190319095117246,0.6854344017803669,0.34392913191870306,1.0293635336990699,0.3415052698616638
27.74015712738037,-14.829553631123844,-8.673340245795533,-6.156213385328311,0.6854344017803669,0.34392913191870306,1.0293635336990699,0.3415052698616638
27.76026701927185,-14.799879662563233,-8.678906571636428,-6.120973090926805,0.6854344017803669,0.34392913191870306,1.0293635336990699,0.3415052698616638
27.78031277656555,-14.767948791083233,-8.678906571636428,-6.089042219446805,0.6772226205095648,0.38050935550883863,1.0577319760184034,0.2967132650007262
27.80029582977295,-14.733786062950388,-8.683359632309143,-6.050426430641245,0.6772226205095648,0.38050935550883863,1.0577319760184034,0.2967132650007262
27.820253133773804,-14.697349145849739,-8.686922080847316,-6.010427065002423,0.6772226205095648,0.38050935550883863,1.0577319760184034,0.2967132650007262
27.840201139450073,-14.65861983571306,-8.689772039677853,-5.968847796035206,0.6772226205095648,0.38050935550883863,1.0577319760184034,0.2967132650007262
27.86016035079956,-14.61756408378145,-8.692052006742284,-5.925512077039166,0.6772226205095648,0.38050935550883863,1.0577319760184034,0.2967132650007262
27.88014507293701,-14.574152572772606,-8.693875980393827,-5.880276592378779,0.6772226205095648,0.38050935550883863,1.0577319760184034,0.2967132650007262
27.900141716003418,-14.528415198708586,-8.695335159315064,-5.833080039393522,0.6772226205095648,0.38050935550883863,1.0577319760184034,0.2967132650007262
27.920142650604248,-14.48037383590002,-8.696502502452052,-5.7838713334479674,0.6772226205095648,0.38050935550883863,1.0577319760184034,0.2967132650007262
27.940152883529663,-14.430021712593199,-8.697436376961642,-5.732585335631557,0.6772226205095648,0.38050935550883863,1.0577319760184034,0.2967132650007262
27.960145711898804,-14.377435357396882,-8.698183476569314,-5.679251880827568,0.6772226205095648,0.38050935550883863,1.0577319760184034,0.2967132650007262
27.98028826713562,-14.322160917732376,-8.698781156255453,-5.623379761476922,0.6772226205095648,0.38050935550883863,1.0577319760184034,0.2967132650007262
28.000296592712402,-14.264983695193001,-8.698781156255453,-5.566202538937548,0.6667515652254223,0.3713632444228277,1.03811480964825,0.29538832080259464
28.020214319229126,-14.205826168541376,-8.699259300004362,-5.506566868537014,0.6667515652254223,0.3713632444228277,1.03811480964825,0.29538832080259464
28.040197372436523,-14.144238821575426,-8.699641815003492,-5.444597006571934,0.6667515652254223,0.3713632444228277,1.03811480964825,0.29538832080259464
28.060169219970703,-14.08045812778104,-8.699947827002793,-5.380510300778246,0.6667515652254223,0.3713632444228277,1.03811480964825,0.29538832080259464
28.08014678955078,-14.014440996047098,-8.700192636602235,-5.314248359444862,0.6667515652254223,0.3713632444228277,1.03811480964825,0.29538832080259464
28.10014772415161,-13.946134700460826,-8.700388484281788,-5.245746216179038,0.6667515652254223,0.3713632444228277,1.03811480964825,0.29538832080259464
28.12022042274475,-13.875369002892322,-8.700545162425433,-5.174823840466889,0.6667515652254223,0.3713632444228277,1.03811480964825,0.29538832080259464
28.14032745361328,-13.80226956969566,-8.700670504940348,-5.101599064755312,0.6667515652254223,0.3713632444228277,1.03811480964825,0.29538832080259464
28.16028118133545,-13.727549644140801,-8.700770778952277,-5.026778865188524,0.6667515652254223,0.3713632444228277,1.03811480964825,0.29538832080259464
28.180152893066406,-13.65099238903161,-8.700850998161823,-4.950141390869787,0.6667515652254223,0.3713632444228277,1.03811480964825,0.29538832080259464
28.20028781890869,-13.571250583677124,-8.700915173529458,-4.870335410147666,0.6667515652254223,0.3713632444228277,1.03811480964825,0.29538832080259464
28.220171451568604,-13.490372362923125,-8.700915173529458,-4.7894571893936675,0.6521089913323521,0.3794935591827378,1.0316025505150899,0.2726154321496143
28.240153551101685,-13.406972406387496,-8.700966513823566,-4.70600589256393,0.6521089913323521,0.3794935591827378,1.0316025505150899,0.2726154321496143
28.260156869888306,-13.321367195275538,-8.701007586058855,-4.620359609216683,0.6521089913323521,0.3794935591827378,1.0316025505150899,0.2726154321496143
28.280157804489136,-13.233668266565497,-8.701040443847086,-4.5326278227184105,0.6521089913323521,0.3794935591827378,1.0316025505150899,0.2726154321496143
28.300154447555542,-13.143898881778467,-8.70106673007767,-4.442832151700797,0.6521089913323521,0.3794935591827378,1.0316025505150899,0.2726154321496143
28.320149660110474,-13.052061263860985,-8.701087759062137,-4.350973504798848,0.6521089913323521,0.3794935591827378,1.0316025505150899,0.2726154321496143
28.34015417098999,-12.958119418808574,-8.70110458224971,-4.257014836558863,0.6521089913323521,0.3794935591827378,1.0316025505150899,0.2726154321496143
28.360150814056396,-12.862168566463998,-8.70111804079977,-4.161050525664228,0.6521089913323521,0.3794935591827378,1.0316025505150899,0.2726154321496143
28.38030481338501,-12.763408271946743,-8.701128807639815,-4.062279464306927,0.6521089913323521,0.3794935591827378,1.0316025505150899,0.2726154321496143
28.400269269943237,-12.663558874982957,-8.701137421111852,-3.962421453871105,0.6521089913323521,0.3794935591827378,1.0316025505150899,0.2726154321496143
28.42024040222168,-12.56168247112566,-8.701144311889482,-3.860538159236178,0.6318586653098464,0.43473242822394226,1.0665910935337886,0.1971262370859041
28.4402015209198,-12.457880719819256,-8.701144311889482,-3.7567364079297736,0.6318586653098464,0.43473242822394226,1.0665910935337886,0.1971262370859041
28.460243463516235,-12.351687170476744,-8.701149824511587,-3.650537345965157,0.6318586653098464,0.43473242822394226,1.0665910935337886,0.1971262370859041
28.48021674156189,-12.243908815717285,-8.70115423460927,-3.5427545811080154,0.6318586653098464,0.43473242822394226,1.0665910935337886,0.1971262370859041
28.500256061553955,-12.133836242730633,-8.701157762687417,-3.432678480043215,0.6318586653098464,0.43473242822394226,1.0665910935337886,0.1971262370859041
28.520206928253174,-12.022338605550228,-8.701160585149935,-3.3211780204002928,0.6318586653098464,0.43473242822394226,1.0665910935337886,0.1971262370859041
28.540217876434326,-11.90860752154665,-8.70116284311995,-3.2074446784266986,0.6318586653098464,0.43473242822394226,1.0665910935337886,0.1971262370859041
28.56015634536743,-11.793415996415122,-8.70116464949596,-3.092251346919163,0.6318586653098464,0.43473242822394226,1.0665910935337886,0.1971262370859041
28.580158948898315,-11.675994147161731,-8.701166094596768,-2.9748280525649626,0.6318586653098464,0.43473242822394226,1.0665910935337886,0.1971262370859041
28.600149154663086,-11.556802532376867,-8.701167250677415,-2.8556352816994526,0.6318586653098464,0.43473242822394226,1.0665910935337886,0.1971262370859041
28.620150089263916,-11.435722316140538,-8.701168175541934,-2.734554140598604,0.6318586653098464,0.43473242822394226,1.0665910935337886,0.1971262370859041
28.640153884887695,-11.312818391549685,-8.701168915433549,-2.6116494761161366,0.6436454139649868,0.4603785708855137,1.1040239848505005,0.18326684307947305
28.660181045532227,-11.187980683636468,-8.701168915433549,-2.4868117682029194,0.6436454139649868,0.4603785708855137,1.1040239848505005,0.18326684307947305
28.68023109436035,-11.06122576010019,-8.701169507346838,-2.360056252753351,0.6436454139649868,0.4603785708855137,1.1040239848505005,0.18326684307947305
28.700217485427856,-10.933126157525319,-8.701169980877474,-2.231956176647845,0.6436454139649868,0.4603785708855137,1.1040239848505005,0.18326684307947305
28.720162630081177,-10.803572118139732,-8.70117035970198,-2.102401758437752,0.6436454139649868,0.4603785708855137,1.1040239848505005,0.18326684307947305
28.740151166915894,-10.672034034315184,-8.701170662761584,-1.9708633715536,0.6436454139649868,0.4603785708855137,1.1040239848505005,0.18326684307947305
28.760146617889404,-10.538766273051587,-8.701170905209269,-1.8375953678423187,0.6436454139649868,0.4603785708855137,1.1040239848505005,0.18326684307947305
28.780150651931763,-10.403776801883112,-8.701171099167416,-1.7026057027156956,0.6436454139649868,0.4603785708855137,1.1040239848505005,0.18326684307947305
28.800148010253906,-10.267189659697966,-8.701171254333936,-1.56601840536403,0.6436454139649868,0.4603785708855137,1.1040239848505005,0.18326684307947305
28.820149183273315,-10.128955119692183,-8.701171378467148,-1.427783741225035,0.6436454139649868,0.4603785708855137,1.1040239848505005,0.18326684307947305
28.840147733688354,-9.989139351944182,-8.701171477773718,-1.287967874170464,0.6436454139649868,0.4603785708855137,1.1040239848505005,0.18326684307947305
28.860178232192993,-9.847519283942441,-8.701171557218975,-1.1463477267234659,0.6436454139649868,0.4603785708855137,1.1040239848505005,0.18326684307947305
28.880308628082275,-9.7036214855387,-8.701171557218975,-1.0024499283197255,0.6788101390004158,0.5159984439919933,1.194808582992409,0.1628116950084224
28.900162935256958,-9.560176573940801,-8.701171620775181,-0.8590049531656199,0.6788101390004158,0.5159984439919933,1.194808582992409,0.1628116950084224
28.920156955718994,-9.414218815468097,-8.701171671620145,-0.7130471438479518,0.6788101390004158,0.5159984439919933,1.194808582992409,0.1628116950084224
28.940232038497925,-9.26617455478828,-8.701171712296116,-0.5650028424921647,0.6788101390004158,0.5159984439919933,1.194808582992409,0.1628116950084224
28.960334539413452,-9.116450844264651,-8.701171744836893,-0.4152790994277584,0.6788101390004158,0.5159984439919933,1.194808582992409,0.1628116950084224
28.980336904525757,-8.966029369092947,-8.701171770869514,-0.2648575982234327,0.6788101390004158,0.5159984439919933,1.194808582992409,0.1628116950084224
29.00036382675171,-8.814004445808209,-8.718749916695613,-0.09525452911259613,0.6788101390004158,0.5159984439919933,1.194808582992409,0.1628116950084224
29.020191431045532,-8.662117653393393,-8.732812433356491,0.07069477996309814,0.6788101390004158,0.5159984439919933,1.194808582992409,0.1628116950084224
29.040161848068237,-8.50777799101776,-8.726484321685195,0.21870633066743572,0.6788101390004158,0.5159984439919933,1.194808582992409,0.1628116950084224
29.060283660888672,-8.350913565621399,-8.721421832348156,0.3705082667267572,0.6788101390004158,0.5159984439919933,1.194808582992409,0.1628116950084224
29.08029532432556,-8.19358391269401,-8.682215590878524,0.4886316781845146,0.682915386557579,0.5346262831549391,1.217541669712518,0.1482891034026399
29.10026478767395,-8.03529473821194,-8.682215590878524,0.6469208526665842,0.682915386557579,0.5346262831549391,1.217541669712518,0.1482891034026399
29.12034797668457,-7.874828337107706,-8.65085059770282,0.7760222605951146,0.682915386557579,0.5346262831549391,1.217541669712518,0.1482891034026399
29.140283346176147,-7.714302881122521,-8.608180478162256,0.8938775970397348,0.682915386557579,0.5346262831549391,1.217541669712518,0.1482891034026399
29.16029381752014,-7.5519555494262125,-8.574044382529806,1.0220888331035933,0.682915386557579,0.5346262831549391,1.217541669712518,0.1482891034026399
29.18031334877014,-7.388340116275407,-8.546735506023845,1.1583953897484376,0.682915386557579,0.5346262831549391,1.217541669712518,0.1482891034026399
29.200255632400513,-7.224193751377629,-8.524888404819075,1.3006946534414459,0.682915386557579,0.5346262831549391,1.217541669712518,0.1482891034026399
29.220301628112793,-7.058050697617905,-8.50741072385526,1.449360026237355,0.682915386557579,0.5346262831549391,1.217541669712518,0.1482891034026399
29.240301370620728,-6.891175166333107,-8.49342857908421,1.6022534127511028,0.682915386557579,0.5346262831549391,1.217541669712518,0.1482891034026399
29.260300636291504,-6.723215484003737,-8.499820988267366,1.776605504263629,0.682915386557579,0.5346262831549391,1.217541669712518,0.1482891034026399
29.280299425125122,-6.554198248343719,-8.504934915613894,1.9507366672701751,0.682915386557579,0.5346262831549391,1.217541669712518,0.1482891034026399
29.300304412841797,-6.384093286643314,-8.491447932491116,2.107354645847802,0.6866673988290131,0.5440263035084352,1.2306937023374482,0.1426410953205779
29.320247411727905,-6.213511454156201,-8.491447932491116,2.277936478334915,0.6866673988290131,0.5440263035084352,1.2306937023374482,0.1426410953205779
29.340306282043457,-6.040954451801348,-8.498236470992895,2.457282019191547,0.6866673988290131,0.5440263035084352,1.2306937023374482,0.1426410953205779
29.3603355884552,-5.86769431983476,-8.486089176794316,2.618394856959556,0.6866673988290131,0.5440263035084352,1.2306937023374482,0.1426410953205779
29.380255460739136,-5.694459087376653,-8.476371341435453,2.7819122540588,0.6866673988290131,0.5440263035084352,1.2306937023374482,0.1426410953205779
29.40033745765686,-5.518911046004245,-8.486175198148363,2.967264152144118,0.6866673988290131,0.5440263035084352,1.2306937023374482,0.1426410953205779
29.42034411430359,-5.343147839288972,-8.49401828351869,3.150870444229718,0.6866673988290131,0.5440263035084352,1.2306937023374482,0.1426410953205779
29.440409660339355,-5.166019264653389,-8.500292751814952,3.3342734871615622,0.6866673988290131,0.5440263035084352,1.2306937023374482,0.1426410953205779
29.460240125656128,-4.990158999925525,-8.505312326451962,3.5151533265264376,0.6866673988290131,0.5440263035084352,1.2306937023374482,0.1426410953205779
29.480353116989136,-4.811002038870424,-8.50932798616157,3.6983259472911447,0.6866673988290131,0.5440263035084352,1.2306937023374482,0.1426410953205779
29.500347137451172,-4.63214324006527,-8.512540513929254,3.8803972738639843,0.6866673988290131,0.5440263035084352,1.2306937023374482,0.1426410953205779
29.52027177810669,-4.4531778225296765,-8.515110536143403,4.061932713613727,0.6866673988290131,0.5440263035084352,1.2306937023374482,0.1426410953205779
29.54030680656433,-4.272517211604463,-8.515110536143403,4.24259332453894,0.6304439914412796,0.5184295637841567,1.1488735552254363,0.11201442765712288
29.560256719589233,-4.091951329383056,-8.517166553914723,4.425215224531668,0.6304439914412796,0.5184295637841567,1.1488735552254363,0.11201442765712288
29.58031463623047,-3.9097597977783902,-8.518811368131779,4.6090515703533885,0.6304439914412796,0.5184295637841567,1.1488735552254363,0.11201442765712288
29.600216388702393,-3.728372929514473,-8.520127219505422,4.7917542899909495,0.6304439914412796,0.5184295637841567,1.1488735552254363,0.11201442765712288
29.620157957077026,-3.5460384596421597,-8.521179900604338,4.975141440962178,0.6304439914412796,0.5184295637841567,1.1488735552254363,0.11201442765712288
29.64016056060791,-3.362586696206523,-8.52202204548347,5.159435349276946,0.6304439914412796,0.5184295637841567,1.1488735552254363,0.11201442765712288
29.66015386581421,-3.178689447493496,-8.522695761386776,5.3440063138932805,0.6304439914412796,0.5184295637841567,1.1488735552254363,0.11201442765712288
29.680150747299194,-2.9942575555897686,-8.52323473410942,5.528977178519652,0.6304439914412796,0.5184295637841567,1.1488735552254363,0.11201442765712288
29.700162410736084,-2.809216131669853,-8.523665912287537,5.714449780617684,0.6304439914412796,0.5184295637841567,1.1488735552254363,0.11201442765712288
29.72028684616089,-2.622684110353994,-8.50643272983003,5.883748619476036,0.6304439914412796,0.5184295637841567,1.1488735552254363,0.11201442765712288
29.74030303955078,-2.4367393792535657,-8.492646183864025,6.055906804610459,0.684264348167926,0.5730539238388881,1.2573182720068141,0.11121042432903794
29.76018524169922,-2.2516577721542737,-8.492646183864025,6.240988411709751,0.684264348167926,0.5730539238388881,1.2573182720068141,0.11121042432903794
29.780162811279297,-2.0653345258630207,-8.48161694709122,6.4162824212282,0.684264348167926,0.5730539238388881,1.2573182720068141,0.11121042432903794
29.800159454345703,-1.8785075224273469,-8.472793557672976,6.594286035245629,0.684264348167926,0.5730539238388881,1.2573182720068141,0.11121042432903794
29.820158004760742,-1.691366118755063,-8.465734846138382,6.774368727383319,0.684264348167926,0.5730539238388881,1.2573182720068141,0.11121042432903794
29.840160131454468,-1.5039241316904648,-8.460087876910706,6.956163745220241,0.684264348167926,0.5730539238388881,1.2573182720068141,0.11121042432903794
29.86017084121704,-1.3161640255677856,-8.455570301528564,7.139406275960778,0.684264348167926,0.5730539238388881,1.2573182720068141,0.11121042432903794
29.880156755447388,-1.1284288895541363,-8.45195624122285,7.323527351668714,0.684264348167926,0.5730539238388881,1.2573182720068141,0.11121042432903794
29.90015935897827,-0.9403588289365248,-8.44906499297828,7.508706164041756,0.684264348167926,0.5730539238388881,1.2573182720068141,0.11121042432903794
29.920154571533203,-0.7522098067695883,-8.446751994382625,7.694542187613036,0.684264348167926,0.5730539238388881,1.2573182720068141,0.11121042432903794
29.94028067588806,-0.5627093029110117,-8.444901595506101,7.882192292595089,0.684264348167926,0.5730539238388881,1.2573182720068141,0.11121042432903794
29.960288047790527,-0.37423749638205644,-8.37310877640488,7.998871280022824,0.6851194300572387,0.5264104245539054,1.2115298546111442,0.15870900550333333
29.98021650314331,-0.1864502635678981,-8.37310877640488,8.186658512836981,0.6851194300572387,0.5264104245539054,1.2115298546111442,0.15870900550333333
30.000186443328857,0.0017571869726951807,-8.262940146123906,8.264697333096601,0.6851194300572387,0.5264104245539054,1.2115298546111442,0.15870900550333333
30.020183563232422,0.19022050310317273,-8.174805241899124,8.365025745002297,0.6851194300572387,0.5264104245539054,1.2115298546111442,0.15870900550333333
30.04018807411194,0.37872342596678765,-8.121875443519299,8.500598869486087,0.6851194300572387,0.5264104245539054,1.2115298546111442,0.15870900550333333
30.060226917266846,0.5674898595853046,-8.06195347981544,8.629443339400744,0.6851194300572387,0.5264104245539054,1.2115298546111442,0.15870900550333333
30.0802059173584,0.7556030405438736,-7.996437783852353,8.752040824396227,0.6851194300572387,0.5264104245539054,1.2115298546111442,0.15870900550333333
30.10024070739746,0.9441219193426399,-7.944025227081883,8.888147146424522,0.6851194300572387,0.5264104245539054,1.2115298546111442,0.15870900550333333
30.12032151222229,1.1329236321028497,-7.902095181665507,9.035018813768357,0.6851194300572387,0.5264104245539054,1.2115298546111442,0.15870900550333333
30.140301942825317,1.3206026658559622,-7.868551145332407,9.189153811188369,0.6851194300572387,0.5264104245539054,1.2115298546111442,0.15870900550333333
30.160362243652344,1.5088225121753596,-7.824137791265925,9.332960303441284,0.6851194300572387,0.5264104245539054,1.2115298546111442,0.15870900550333333
30.18021011352539,1.6948133803163548,-7.78860710801274,9.483420488329095,0.6851194300572387,0.5264104245539054,1.2115298546111442,0.15870900550333333
30.20033359527588,1.883117731684555,-7.78860710801274,9.671724839697294,0.6851194300572387,0.5264104245539054,1.2115298546111442,0.15870900550333333
30.220218420028687,2.0688932653419494,-7.760182561410192,9.829075826752142,0.6851194300572387,0.5264104245539054,1.2115298546111442,0.15870900550333333
30.240238428115845,2.255605442540366,-7.737442924128154,9.993048366668521,0.7,0.5083362231339559,1.2083362231339558,0.19166377686604408
30.260291814804077,2.442271109124411,-7.719251214302523,10.161522323426935,0.7,0.5083362231339559,1.2083362231339558,0.19166377686604408
30.280319452285767,2.6283101253970735,-7.704697846442018,10.333007971839091,0.7,0.5083362231339559,1.2083362231339558,0.19166377686604408
30.30023980140686,2.812939729745306,-7.693055152153615,10.505994881898921,0.7,0.5083362231339559,1.2083362231339558,0.19166377686604408
30.320291757583618,2.9983440142318876,-7.683740996722892,10.68208501095478,0.7,0.5083362231339559,1.2083362231339558,0.19166377686604408
30.340197324752808,3.181924090940747,-7.676289672378313,10.85821376331906,0.7,0.5083362231339559,1.2083362231339558,0.19166377686604408
30.360206842422485,3.3659611712974797,-7.670328612902651,11.03628978420013,0.7,0.5083362231339559,1.2083362231339558,0.19166377686604408
30.380218744277954,3.5494880536129805,-7.665559765322122,11.215047818935103,0.7,0.5083362231339559,1.2083362231339558,0.19166377686604408
30.400201320648193,3.732186069646396,-7.6617446872576975,11.393930756904094,0.7,0.5083362231339559,1.2083362231339558,0.19166377686604408
30.42029309272766,3.9152892343966177,-7.6617446872576975,11.577033921654316,0.7,0.5083362231339559,1.2083362231339558,0.19166377686604408
30.440287590026855,4.096886515111175,-7.658692624806157,11.755579139917332,0.7,0.5749403531040296,1.2749403531040295,0.12505964689597038
30.460195779800415,4.277057551033572,-7.656250974844927,11.933308525878498,0.7,0.5749403531040296,1.2749403531040295,0.12505964689597038
30.48016119003296,4.4570743121785865,-7.654297654875942,12.111371967054527,0.7,0.5749403531040296,1.2749403531040295,0.12505964689597038
30.500176191329956,4.636834177585793,-7.652734998900754,12.289569176486546,0.7,0.5749403531040296,1.2749403531040295,0.12505964689597038
30.520162343978882,4.815603235461343,-7.651484874120603,12.467088109581947,0.7,0.5749403531040296,1.2749403531040295,0.12505964689597038
30.5401554107666,4.993674353565335,-7.650484774296483,12.644159127861819,0.7,0.5749403531040296,1.2749403531040295,0.12505964689597038
30.560153245925903,5.170999645246102,-7.649684694437187,12.82068433968329,0.7,0.5749403531040296,1.2749403531040295,0.12505964689597038
30.580150842666626,5.347506453498747,-7.649044630549749,12.996551084048496,0.7,0.5749403531040296,1.2749403531040295,0.12505964689597038
30.600152015686035,5.523200368949702,-7.648532579439799,13.1717329483895,0.7,0.5749403531040296,1.2749403531040295,0.12505964689597038
30.620161294937134,5.698092677233512,-7.66570106355184,13.36379374078535,0.7,0.5749403531040296,1.2749403531040295,0.12505964689597038
30.64030885696411,5.873283602529314,-7.66570106355184,13.538984666081154,0.7,0.5749403531040296,1.2749403531040295,0.12505964689597038
30.66030216217041,6.0462028609822625,-7.6794358508414735,13.725638711823736,0.7,0.5690025314065859,1.2690025314065858,0.1309974685934141
30.680306911468506,6.21826614676609,-7.690423680673179,13.908689827439268,0.7,0.5690025314065859,1.2690025314065858,0.1309974685934141
30.7001690864563,6.38813127190822,-7.699213944538545,14.087345216446764,0.7,0.5690025314065859,1.2690025314065858,0.1309974685934141
30.72016453742981,6.558131198297348,-7.7062461556308355,14.264377353928182,0.7,0.5690025314065859,1.2690025314065858,0.1309974685934141
30.74016261100769,6.727118083155465,-7.729450049504669,14.456568132660134,0.7,0.5690025314065859,1.2690025314065858,0.1309974685934141
30.76016092300415,6.8950448782900216,-7.748013164603735,14.643058042893756,0.7,0.5690025314065859,1.2690025314065858,0.1309974685934141
30.780153036117554,7.061831506201985,-7.762863656682988,14.824695162884973,0.7,0.5690025314065859,1.2690025314065858,0.1309974685934141
30.800153732299805,7.227574752243836,-7.757165925346391,14.984740677590228,0.7,0.5690025314065859,1.2690025314065858,0.1309974685934141
30.82016396522522,7.3922548101442,-7.770185865277113,15.162440675421312,0.7,0.5690025314065859,1.2690025314065858,0.1309974685934141
30.840153455734253,7.555597469954705,-7.780601817221691,15.336199287176395,0.7,0.5690025314065859,1.2690025314065858,0.1309974685934141
30.860175848007202,7.718014162919252,-7.780601817221691,15.498615980140944,0.6558400213718414,0.6220505646738455,1.2778905860456868,0.033789456697995934
30.880391597747803,7.880759994838678,-7.7889345787773525,15.669694573616031,0.6558400213718414,0.6220505646738455,1.2778905860456868,0.033789456697995934
30.90024495124817,8.03935105432644,-7.778022663021883,15.817373717348323,0.6558400213718414,0.6220505646738455,1.2778905860456868,0.033789456697995934
30.92019534111023,8.19745706742016,-7.769293130417506,15.966750197837666,0.6558400213718414,0.6220505646738455,1.2778905860456868,0.033789456697995934
30.940165758132935,8.354431786837425,-7.762309504334007,16.116741291171433,0.6558400213718414,0.6220505646738455,1.2778905860456868,0.033789456697995934
30.960161685943604,8.510289136530156,-7.756722603467206,16.26701173999736,0.6558400213718414,0.6220505646738455,1.2778905860456868,0.033789456697995934
30.980153560638428,8.664771978330316,-7.752253082773765,16.41702506110408,0.6558400213718414,0.6220505646738455,1.2778905860456868,0.033789456697995934
31.00015139579773,8.817933108012078,-7.748677466219013,16.566610574231092,0.6558400213718414,0.6220505646738455,1.2778905860456868,0.033789456697995934
31.02016282081604,8.969804743575732,-7.745816972975211,16.71562171655094,0.6558400213718414,0.6220505646738455,1.2778905860456868,0.033789456697995934
31.040153980255127,9.120106685199088,-7.74352857838017,16.86363526357926,0.6558400213718414,0.6220505646738455,1.2778905860456868,0.033789456697995934
31.060163974761963,9.269109297532673,-7.741697862704138,17.01080716023681,0.6558400213718414,0.6220505646738455,1.2778905860456868,0.033789456697995934
31.080310583114624,9.417648936931505,-7.741697862704138,17.159346799635642,0.6558400213718414,0.6220505646738455,1.2778905860456868,0.033789456697995934
31.10019826889038,9.562799584107132,-7.757811415163311,17.320610999270443,0.7,0.6277140969719037,1.3277140969719037,0.07228590302809623
31.120194673538208,9.707238246043504,-7.770702257130649,17.477940503174153,0.7,0.6277140969719037,1.3277140969719037,0.07228590302809623
31.14016366004944,9.849949686524441,-7.7810149307045195,17.630964617228962,0.7,0.6277140969719037,1.3277140969719037,0.07228590302809623
31.160163402557373,9.991326732705861,-7.789265069563616,17.780591802269477,0.7,0.6277140969719037,1.3277140969719037,0.07228590302809623
31.180163860321045,10.131131044399506,-7.7782870556508925,17.9094181000504,0.7,0.6277140969719037,1.3277140969719037,0.07228590302809623
31.20015811920166,10.269292875270473,-7.7167702695207145,17.98606314479119,0.7,0.6277140969719037,1.3277140969719037,0.07228590302809623
31.220155715942383,10.405856654402582,-7.649978715616572,18.055835370019153,0.7,0.6277140969719037,1.3277140969719037,0.07228590302809623
31.240150690078735,10.540760037317826,-7.614123597493258,18.154883634811085,0.7,0.6277140969719037,1.3277140969719037,0.07228590302809623
31.260161638259888,10.674105523367006,-7.567861377994606,18.24196690136161,0.7,0.6277140969719037,1.3277140969719037,0.07228590302809623
31.280163526535034,10.80570437565016,-7.5484297273956855,18.354134103045844,0.7,0.6277140969719037,1.3277140969719037,0.07228590302809623
31.300257205963135,10.936188685389775,-7.5484297273956855,18.48461841278546,0.7,0.6277140969719037,1.3277140969719037,0.07228590302809623
31.320164918899536,11.063746386976414,-7.497728156916548,18.561474543892963,0.7,0.6913469652022466,1.3913469652022465,0.008653034797753367
31.340182304382324,11.19026143511083,-7.42201065053324,18.612272085644072,0.7,0.6913469652022466,1.3913469652022465,0.008653034797753367
31.36023449897766,11.315221708932226,-7.3614366454265925,18.676658354358818,0.7,0.6913469652022466,1.3913469652022465,0.008653034797753367
31.380274534225464,11.438311703218078,-7.312977441341274,18.75128914455935,0.7,0.6913469652022466,1.3913469652022465,0.008653034797753367
31.40025806427002,11.55924883133176,-7.27421007807302,18.83345890940478,0.7,0.6913469652022466,1.3913469652022465,0.008653034797753367
31.420369625091553,11.679120855808513,-7.243196187458417,18.92231704326693,0.7,0.6913469652022466,1.3913469652022465,0.008653034797753367
31.44036030769348,11.79642431982938,-7.218385074966733,19.014809394796114,0.7,0.6913469652022466,1.3913469652022465,0.008653034797753367
31.46027636528015,11.911439264892014,-7.198536184973386,19.1099754498654,0.7,0.6913469652022466,1.3913469652022465,0.008653034797753367
31.480316162109375,12.025286147780959,-7.18265707297871,19.207943220759667,0.7,0.6913469652022466,1.3913469652022465,0.008653034797753367
31.500344038009644,12.13716051509708,-7.16995378338297,19.307114298480048,0.7,0.6913469652022466,1.3913469652022465,0.008653034797753367
31.52034902572632,12.246988385912571,-7.16995378338297,19.41694216929554,0.7,0.6913469652022466,1.3913469652022465,0.008653034797753367
31.540239572525024,12.354269671158805,-7.159791151706376,19.514060822865183,0.6789294451475143,0.6589901889051542,1.3379196340526684,0.019939256242360148
31.560178995132446,12.459877852391841,-7.151661046365102,19.611538898756944,0.6789294451475143,0.6589901889051542,1.3379196340526684,0.019939256242360148
31.58016014099121,12.563745206353628,-7.145156962092082,19.70890216844571,0.6789294451475143,0.6589901889051542,1.3379196340526684,0.019939256242360148
31.600160837173462,12.665731053396044,-7.1399536946736655,19.80568474806971,0.6789294451475143,0.6589901889051542,1.3379196340526684,0.019939256242360148
31.620163440704346,12.765726134592173,-7.135791080738932,19.901517215331104,0.6789294451475143,0.6589901889051542,1.3379196340526684,0.019939256242360148
31.640157222747803,12.863662071234756,-7.132460989591147,19.9961230608259,0.6789294451475143,0.6589901889051542,1.3379196340526684,0.019939256242360148
31.66015362739563,12.959580395614394,-7.129796916672918,20.08937731228731,0.6789294451475143,0.6589901889051542,1.3379196340526684,0.019939256242360148
31.680152416229248,13.053464057652052,-7.127665658338334,20.181129715990387,0.6789294451475143,0.6589901889051542,1.3379196340526684,0.019939256242360148
31.70016074180603,13.145329969154187,-7.125960651670668,20.271290620824853,0.6789294451475143,0.6589901889051542,1.3379196340526684,0.019939256242360148
31.720160484313965,13.23508028260092,-7.124596646336535,20.359676928937454,0.6789294451475143,0.6589901889051542,1.3379196340526684,0.019939256242360148
31.740294218063354,13.3233208919023,-7.124596646336535,20.447917538238833,0.6789294451475143,0.6589901889051542,1.3379196340526684,0.019939256242360148
31.760183334350586,13.40839602819101,-7.123505442069228,20.531901470260237,0.637771763652563,0.6831502164091214,1.3209219800616845,-0.045378452756558385
31.780285358428955,13.492254153194146,-7.069898103655383,20.56215225684953,0.637771763652563,0.6831502164091214,1.3209219800616845,-0.045378452756558385
31.800263166427612,13.573461655493968,-7.0094341079243065,20.582895763418275,0.637771763652563,0.6831502164091214,1.3209219800616845,-0.045378452756558385
31.820197343826294,13.652360161481939,-6.961062911339446,20.613423072821384,0.637771763652563,0.6831502164091214,1.3209219800616845,-0.045378452756558385
31.84018588066101,13.72932334100101,-6.922365954071556,20.651689295072565,0.637771763652563,0.6831502164091214,1.3209219800616845,-0.045378452756558385
31.860199689865112,13.804214179851273,-6.891408388257245,20.69562256810852,0.637771763652563,0.6831502164091214,1.3209219800616845,-0.045378452756558385
31.8801851272583,13.876820640867653,-6.866642335605798,20.743462976473452,0.637771763652563,0.6831502164091214,1.3209219800616845,-0.045378452756558385
31.900188207626343,13.947300175692774,-6.8468294934846385,20.794129669177412,0.637771763652563,0.6831502164091214,1.3209219800616845,-0.045378452756558385
31.9201877117157,14.015564582323838,-6.830979219787712,20.84654380211155,0.637771763652563,0.6831502164091214,1.3209219800616845,-0.045378452756558385
31.94019055366516,14.081626717062628,-6.783142750830169,20.8647694678928,0.637771763652563,0.6831502164091214,1.3209219800616845,-0.045378452756558385
31.96018695831299,14.145444382344653,-6.783142750830169,20.928587133174823,0.637771763652563,0.6831502164091214,1.3209219800616845,-0.045378452756558385
31.980356454849243,14.20755243116733,-6.639404825664137,20.846957256831466,0.6001813121140003,0.646152208962594,1.2463335210765942,-0.04597089684859368
32.000181674957275,14.266376764636746,-6.4892582355313095,20.755635000168056,0.6001813121140003,0.646152208962594,1.2463335210765942,-0.04597089684859368
32.0201895236969,14.323498650892061,-6.369140963425049,20.69263961431711,0.6001813121140003,0.646152208962594,1.2463335210765942,-0.04597089684859368
32.0402410030365,14.378474063199338,-6.27304714574004,20.65152120893938,0.6001813121140003,0.646152208962594,1.2463335210765942,-0.04597089684859368
32.0602126121521,14.43096189221067,-6.1961720915920315,20.6271339838027,0.6001813121140003,0.646152208962594,1.2463335210765942,-0.04597089684859368
32.08030366897583,14.48147085060552,-6.134672048273626,20.616142898879147,0.6001813121140003,0.646152208962594,1.2463335210765942,-0.04597089684859368
32.10030722618103,14.529467237386427,-6.067893888618902,20.597361126005328,0.6001813121140003,0.646152208962594,1.2463335210765942,-0.04597089684859368
32.12031173706055,14.575170560627726,-5.944158860895121,20.519329421522848,0.6001813121140003,0.646152208962594,1.2463335210765942,-0.04597089684859368
32.14031004905701,14.61855816576485,-5.810014588716098,20.428572754480946,0.6001813121140003,0.646152208962594,1.2463335210765942,-0.04597089684859368
32.160351037979126,14.659722912933516,-5.685121045972879,20.344843958906395,0.6001813121140003,0.646152208962594,1.2463335210765942,-0.04597089684859368
32.18034863471985,14.698481641141894,-5.685121045972879,20.383602687114774,0.6001813121140003,0.646152208962594,1.2463335210765942,-0.04597089684859368
32.20020890235901,14.73467756127025,-5.585206211778304,20.319883773048552,0.6330257512629032,0.688103831776534,1.3211295830394372,-0.055078080513630834
32.220290184020996,14.768943446516149,-5.505274344422644,20.274217790938792,0.6330257512629032,0.688103831776534,1.3211295830394372,-0.055078080513630834
32.24037313461304,14.800860704247448,-5.441328850538116,20.242189554785565,0.6330257512629032,0.688103831776534,1.3211295830394372,-0.055078080513630834
32.26034641265869,14.830266285662194,-5.390172455430493,20.220438741092686,0.6330257512629032,0.688103831776534,1.3211295830394372,-0.055078080513630834
32.28031134605408,14.857325428508819,-5.3492473393443944,20.206572767853213,0.6330257512629032,0.688103831776534,1.3211295830394372,-0.055078080513630834
32.300254821777344,14.88202133411014,-5.316507246475516,20.198528580585656,0.6330257512629032,0.688103831776534,1.3211295830394372,-0.055078080513630834
32.32030200958252,14.904490620857995,-5.290315172180414,20.19480579303841,0.6330257512629032,0.688103831776534,1.3211295830394372,-0.055078080513630834
32.340247631073,14.92449930505322,-5.269361512744331,20.193860817797553,0.6330257512629032,0.688103831776534,1.3211295830394372,-0.055078080513630834
32.36037468910217,14.942313957409434,-5.252598585195465,20.1949125426049,0.6330257512629032,0.688103831776534,1.3211295830394372,-0.055078080513630834
32.38028812408447,14.957587809163735,-5.239188243156372,20.196776052320107,0.6330257512629032,0.688103831776534,1.3211295830394372,-0.055078080513630834
32.400254011154175,14.970551056183275,-5.239188243156372,20.209739299339645,0.6330257512629032,0.688103831776534,1.3211295830394372,-0.055078080513630834
32.420193910598755,14.981146062621672,-5.228459969525098,20.20960603214677,0.6330257512629032,0.688103831776534,1.3211295830394372,-0.055078080513630834
32.4402391910553,14.989426886159947,-5.219877350620079,20.209304236780028,0.6330257512629032,0.688103831776534,1.3211295830394372,-0.055078080513630834
32.460246086120605,14.99532094440715,-5.213011255496063,20.20833219990321,0.6330257512629032,0.688103831776534,1.3211295830394372,-0.055078080513630834
32.48029398918152,14.998850224936001,-5.207518379396851,20.20636860433285,0.6330257512629032,0.688103831776534,1.3211295830394372,-0.055078080513630834
32.500319719314575,14.99999969733741,-5.203124078517481,20.20312377585489,0.6533788356930017,0.7,1.3533788356930017,-0.04662116430699825
32.520251750946045,14.998785660013635,-5.199608637813986,20.19839429782762,0.6533788356930017,0.7,1.3533788356930017,-0.04662116430699825
32.5401713848114,14.995222160574516,-5.214374410251189,20.209596570825703,0.6533788356930017,0.7,1.3533788356930017,-0.04662116430699825
32.56028437614441,14.989240833783793,-5.226187028200952,20.215427861984743,0.6533788356930017,0.7,1.3533788356930017,-0.04662116430699825
32.58033013343811,14.98089769490062,-5.235637122560761,20.21653481746138,0.6533788356930017,0.7,1.3533788356930017,-0.04662116430699825
32.600176095962524,14.970296623539808,-5.24319719804861,20.21349382158842,0.6533788356930017,0.7,1.3533788356930017,-0.04662116430699825
32.620157957077026,14.957271290446842,-5.24319719804861,20.200468488495453,0.6533788356930017,0.7,1.3533788356930017,-0.04662116430699825
32.64015316963196,14.941877246862555,-5.249245258438889,20.191122505301443,0.6533788356930017,0.7,1.3533788356930017,-0.04662116430699825
32.660149574279785,14.924123708463384,-5.2540837067511115,20.178207415214494,0.6533788356930017,0.7,1.3533788356930017,-0.04662116430699825
32.68014931678772,14.904010771948695,-5.25795446540089,20.161965237349584,0.6533788356930017,0.7,1.3533788356930017,-0.04662116430699825
32.700316190719604,14.881346729574245,-5.261051072320712,20.14239780189496,0.6533788356930017,0.7,1.3533788356930017,-0.04662116430699825
32.72035622596741,14.856458402989219,-5.26352835785657,20.11998676084579,0.7,0.7,1.4,0.0
32.74027228355408,14.829390443331445,-5.2655101862852565,20.094900629616703,0.7,0.7,1.4,0.0
32.76024270057678,14.799916974938352,-5.267095649028206,20.06701262396656,0.7,0.7,1.4,0.0
32.78019189834595,14.76814836400526,-5.285942144222564,20.054090508227823,0.7,0.7,1.4,0.0
32.80015325546265,14.734038039291173,-5.301019340378052,20.035057379669226,0.7,0.7,1.4,0.0
32.82015323638916,14.69753729270209,-5.313081097302442,20.01061839000453,0.7,0.7,1.4,0.0
32.84014940261841,14.658723264584948,-5.313081097302442,19.97180436188739,0.7,0.7,1.4,0.0
32.86014747619629,14.617591308293127,-5.322730502841955,19.94032181113508,0.7,0.7,1.4,0.0
32.88015794754028,14.574123864695391,-5.330450027273564,19.904573891968955,0.7,0.7,1.4,0.0
32.90015244483948,14.528390042907857,-5.3366256468188515,19.865015689726707,0.7,0.7,1.4,0.0
32.92024326324463,14.480126381490505,-5.341566142455082,19.821692523945586,0.7,0.7,1.4,0.0
32.940319299697876,14.429593381282412,-5.345518538964066,19.775111920246477,0.7,0.6369152337312698,1.3369152337312697,0.06308476626873016
32.960251808166504,14.377150237318089,-5.3486804561712535,19.725830693489343,0.7,0.6369152337312698,1.3369152337312697,0.06308476626873016
32.98030352592468,14.322118174445563,-5.351209989937003,19.673328164382568,0.7,0.6369152337312698,1.3369152337312697,0.06308476626873016
33.00020885467529,14.265239349781309,-5.353233616949604,19.618472966730913,0.7,0.6369152337312698,1.3369152337312697,0.06308476626873016
33.0201621055603,14.205984160724118,-5.3548525185596825,19.5608366792838,0.7,0.6369152337312698,1.3369152337312697,0.06308476626873016
33.04016160964966,14.144351036352752,-5.356147639847746,19.5004986762005,0.7,0.6369152337312698,1.3369152337312697,0.06308476626873016
33.06015396118164,14.080507704827022,-5.356147639847746,19.43665534467477,0.7,0.6369152337312698,1.3369152337312697,0.06308476626873016
33.080148696899414,14.014434587507797,-5.357183736878198,19.371618324385995,0.7,0.6369152337312698,1.3369152337312697,0.06308476626873016
33.10014867782593,13.946131390917072,-5.358012614502559,19.30414400541963,0.7,0.6369152337312698,1.3369152337312697,0.06308476626873016
33.12014698982239,13.875631917720419,-5.341097591602048,19.216729509322466,0.7,0.6369152337312698,1.3369152337312697,0.06308476626873016
33.140270471572876,13.802479847043992,-5.327565573281638,19.13004542032563,0.7,0.6843317866325378,1.3843317866325378,0.015668213367462158
33.160200357437134,13.72785666249469,-5.316739958625312,19.04459662112,0.7,0.6843317866325378,1.3843317866325378,0.015668213367462158
33.18015909194946,13.65096817471575,-5.308079466900249,18.959047641616,0.7,0.6843317866325378,1.3843317866325378,0.015668213367462158
33.2001519203186,13.571796087866964,-5.3011510735202,18.872947161387163,0.7,0.6843317866325378,1.3843317866325378,0.015668213367462158
33.22014832496643,13.490467657720073,-5.29560835881616,18.786076016536235,0.7,0.6843317866325378,1.3843317866325378,0.015668213367462158
33.24016094207764,13.406941166620136,-5.2911741870529285,18.698115353673064,0.7,0.6843317866325378,1.3843317866325378,0.015668213367462158
33.26016974449158,13.321311418670327,-5.2876268496423435,18.60893826831267,0.7,0.6843317866325378,1.3843317866325378,0.015668213367462158
33.28015685081482,13.233672498115723,-5.2876268496423435,18.521299347758067,0.7,0.6843317866325378,1.3843317866325378,0.015668213367462158
33.300150632858276,13.143916205131136,-5.284788979713875,18.42870518484501,0.7,0.6843317866325378,1.3843317866325378,0.015668213367462158
33.32015109062195,13.05205461967784,-5.282518683771101,18.33457330344894,0.7,0.6843317866325378,1.3843317866325378,0.015668213367462158
33.34020209312439,12.957891910960951,-5.280702447016881,18.23859435797783,0.7,0.6843317866325378,1.3843317866325378,0.015668213367462158
33.36032485961914,12.861324500121837,-5.2968275826135045,18.15815208273534,0.6336284399032592,0.7,1.3336284399032592,-0.06637156009674072
33.3801794052124,12.764029152045769,-5.292149566090805,18.05617871813657,0.6336284399032592,0.7,1.3336284399032592,-0.06637156009674072
33.400158643722534,12.664117661109305,-5.288407152872644,17.95252481398195,0.6336284399032592,0.7,1.3336284399032592,-0.06637156009674072
33.42015862464905,12.562103677542956,-5.302991347298115,17.86509502484107,0.6336284399032592,0.7,1.3336284399032592,-0.06637156009674072
33.4401535987854,12.458132277591941,-5.314658702838493,17.772790980430436,0.6336284399032592,0.7,1.3336284399032592,-0.06637156009674072
33.46016478538513,12.352107892287316,-5.323992587270794,17.67610047955811,0.6336284399032592,0.7,1.3336284399032592,-0.06637156009674072
33.48016667366028,12.244181406461884,-5.331459694816635,17.57564110127852,0.6336284399032592,0.7,1.3336284399032592,-0.06637156009674072
33.500155448913574,12.134393710324076,-5.331459694816635,17.465853405140713,0.6336284399032592,0.7,1.3336284399032592,-0.06637156009674072
33.52021074295044,12.02231710548563,-5.337433380853308,17.35975048633894,0.6336284399032592,0.7,1.3336284399032592,-0.06637156009674072
33.540173053741455,11.908864379201527,-5.3246342046826465,17.233498583884174,0.6336284399032592,0.7,1.3336284399032592,-0.06637156009674072
33.56014680862427,11.793471537409888,-5.314394863746118,17.107866401156006,0.6336284399032592,0.7,1.3336284399032592,-0.06637156009674072
33.58019828796387,11.675761390692996,-5.306203390996894,16.98196478168989,0.6336284399032592,0.7,1.3336284399032592,-0.06637156009674072
33.60017013549805,11.556676473058987,-5.299650212797516,16.8563266858565,0.6336284399032592,0.7,1.3336284399032592,-0.06637156009674072
33.62015461921692,11.435694687745988,-5.294407670238014,16.730102357984002,0.6336284399032592,0.7,1.3336284399032592,-0.06637156009674072
33.640177965164185,11.312669360740491,-5.290213636190411,16.6028829969309,0.6336284399032592,0.7,1.3336284399032592,-0.06637156009674072
33.66018009185791,11.187986670624099,-5.286858408952329,16.47484507957643,0.6336284399032592,0.7,1.3336284399032592,-0.06637156009674072
33.68018293380737,11.06153233890225,-5.284174227161865,16.345706566064116,0.6492322336882352,0.6888659697026014,1.3380982033908366,-0.03963373601436615
33.70027565956116,10.932750773293078,-5.282026881729492,16.21477765502257,0.6492322336882352,0.6888659697026014,1.3380982033908366,-0.03963373601436615
33.720256328582764,10.802959477808201,-5.282026881729492,16.084986359537695,0.6492322336882352,0.6888659697026014,1.3380982033908366,-0.03963373601436615
33.74023675918579,10.671467144970812,-5.280309005383594,15.951776150354405,0.6492322336882352,0.6888659697026014,1.3380982033908366,-0.03963373601436615
33.76020050048828,10.538404893889648,-5.2789347043068755,15.817339598196524,0.6492322336882352,0.6888659697026014,1.3380982033908366,-0.03963373601436615
33.780163526535034,10.403689391079235,-5.277835263445501,15.681524654524736,0.6492322336882352,0.6888659697026014,1.3380982033908366,-0.03963373601436615
33.80014228820801,10.267228975622542,-5.276955710756401,15.544184686378944,0.6492322336882352,0.6888659697026014,1.3380982033908366,-0.03963373601436615
33.8201425075531,10.129001525831773,-5.293830193605121,15.422831719436894,0.6492322336882352,0.6888659697026014,1.3380982033908366,-0.03963373601436615
33.84014415740967,9.989164496420733,-5.289751654884097,15.27891615130483,0.6492322336882352,0.6888659697026014,1.3380982033908366,-0.03963373601436615
33.860148668289185,9.84772946222748,-5.286488823907279,15.13421828613476,0.6492322336882352,0.6888659697026014,1.3380982033908366,-0.03963373601436615
33.88015031814575,9.704759216399264,-5.2838785591258235,14.988637775525088,0.6492322336882352,0.6888659697026014,1.3380982033908366,-0.03963373601436615
33.90036201477051,9.558730677971589,-5.299368472300658,14.858099150272247,0.6492322336882352,0.6888659697026014,1.3380982033908366,-0.03963373601436615
33.92036318778992,9.412705525584858,-5.311760402840526,14.724465928425385,0.634873579069972,0.6771299101412296,1.3120034892112016,-0.04225633107125759
33.940295457839966,9.265704518606299,-5.311760402840526,14.577464921446825,0.634873579069972,0.6771299101412296,1.3120034892112016,-0.04225633107125759
33.960256576538086,9.117034337688098,-5.304095822272422,14.42113015996052,0.634873579069972,0.6771299101412296,1.3120034892112016,-0.04225633107125759
33.9802029132843,8.967041746134338,-5.297964157817938,14.265005903952275,0.634873579069972,0.6771299101412296,1.3120034892112016,-0.04225633107125759
34.000160455703735,8.815555296043247,-5.2930588262543505,14.108614122297597,0.634873579069972,0.6771299101412296,1.3120034892112016,-0.04225633107125759
34.02015423774719,8.662403833778527,-5.289134561003481,13.951538394782007,0.634873579069972,0.6771299101412296,1.3120034892112016,-0.04225633107125759
34.040151596069336,8.507857568451149,-5.285995148802786,13.793852717253934,0.634873579069972,0.6771299101412296,1.3120034892112016,-0.04225633107125759
34.06019711494446,8.351591131616786,-5.2834836190422285,13.635074750659015,0.634873579069972,0.6771299101412296,1.3120034892112016,-0.04225633107125759
34.08020091056824,8.194329244967873,-5.299052520233784,13.493381765201658,0.634873579069972,0.6771299101412296,1.3120034892112016,-0.04225633107125759
34.10014772415161,8.036226359879851,-5.311507641187027,13.347734001066879,0.634873579069972,0.6771299101412296,1.3120034892112016,-0.04225633107125759
34.12014675140381,7.876442405979061,-5.321471737949621,13.197914143928681,0.634873579069972,0.6771299101412296,1.3120034892112016,-0.04225633107125759
34.140143394470215,7.715434061535483,-5.329443015359698,13.04487707689518,0.634873579069972,0.6771299101412296,1.3120034892112016,-0.04225633107125759
34.16014313697815,7.553182531718682,-5.329443015359698,12.88262554707838,0.634873579069972,0.6771299101412296,1.3120034892112016,-0.04225633107125759
34.180142641067505,7.389740252971139,-5.335820037287758,12.725560290258898,0.634873579069972,0.6771299101412296,1.3120034892112016,-0.04225633107125759
34.20014524459839,7.225105506895359,-5.340921654830207,12.566027161725565,0.634873579069972,0.6771299101412296,1.3120034892112016,-0.04225633107125759
34.22014331817627,7.059367206048776,-5.345002948864165,12.404370154912941,0.634873579069972,0.6771299101412296,1.3120034892112016,-0.04225633107125759
34.24030613899231,6.8911352487908575,-5.348267984091332,12.23940323288219,0.634873579069972,0.6771299101412296,1.3120034892112016,-0.04225633107125759
34.26026439666748,6.723520803088561,-5.350880012273065,12.074400815361626,0.634873579069972,0.6771299101412296,1.3120034892112016,-0.04225633107125759
34.28020524978638,6.554996605450018,-5.352969634818452,11.90796624026847,0.5648735790699719,0.7,1.2648735790699719,-0.13512642093002802
34.300164222717285,6.385288881965767,-5.354641332854762,11.739930214820529,0.5648735790699719,0.7,1.2648735790699719,-0.13512642093002802
34.32015132904053,6.2143356548929125,-5.35597869128381,11.570314346176723,0.5648735790699719,0.7,1.2648735790699719,-0.13512642093002802
34.34014940261841,6.042307770334416,-5.357048578027048,11.399356348361465,0.5648735790699719,0.7,1.2648735790699719,-0.13512642093002802
34.36015701293945,5.869243203777467,-5.357904487421638,11.227147691199104,0.5648735790699719,0.7,1.2648735790699719,-0.13512642093002802
34.38015913963318,5.695298922022874,-5.357904487421638,11.053203409444512,0.5648735790699719,0.7,1.2648735790699719,-0.13512642093002802
34.40015530586243,5.5205073285045545,-5.341011089937311,10.861518418441864,0.5648735790699719,0.7,1.2648735790699719,-0.13512642093002802
34.420149087905884,5.344865312578156,-5.327496371949849,10.672361684528004,0.5648735790699719,0.7,1.2648735790699719,-0.13512642093002802
34.44015884399414,5.168238472163032,-5.26395022255988,10.432188694722912,0.5648735790699719,0.7,1.2648735790699719,-0.13512642093002802
34.46017575263977,4.990731139967077,-5.054910178047904,10.045641318014981,0.5648735790699719,0.7,1.2648735790699719,-0.13512642093002802
34.48017454147339,4.812596127592059,-4.7997875174383235,9.612383645030382,0.634873579069972,0.7,1.334873579069972,-0.06512642093002796
34.50017261505127,4.633707653958164,-4.595689388950659,9.229397042908824,0.634873579069972,0.7,1.334873579069972,-0.06512642093002796
34.52015995979309,4.45418416118076,-4.432410886160527,8.886595047341288,0.634873579069972,0.7,1.334873579069972,-0.06512642093002796
34.540151596069336,4.273919420743741,-4.301788083928422,8.575707504672163,0.634873579069972,0.7,1.334873579069972,-0.06512642093002796
34.56015753746033,4.092850636747395,-4.197289842142738,8.290140478890134,0.634873579069972,0.7,1.334873579069972,-0.06512642093002796
34.58015751838684,3.9111893929491828,-4.113691248714191,8.024880641663373,0.634873579069972,0.7,1.334873579069972,-0.06512642093002796
34.60015273094177,3.728954058217125,-4.113691248714191,7.842645306931315,0.634873579069972,0.7,1.334873579069972,-0.06512642093002796
34.62015151977539,3.5460974100687803,-4.046812373971353,7.592909784040133,0.634873579069972,0.7,1.334873579069972,-0.06512642093002796
34.640158891677856,3.362602025181338,-3.9933092741770824,7.355911299358421,0.634873579069972,0.7,1.334873579069972,-0.06512642093002796
34.660167932510376,3.1785598828542465,-3.9505067943416665,7.1290666771959135,0.634873579069972,0.7,1.334873579069972,-0.06512642093002796
34.680256605148315,2.993279941722893,-3.9162648104733333,6.909544752196226,0.634873579069972,0.7,1.334873579069972,-0.06512642093002796
34.700249671936035,2.808408261565923,-3.888871223378667,6.69727948494459,0.652066509053111,0.6951141900382936,1.3471806990914046,-0.043047680985182524
34.72016954421997,2.6237726180144474,-3.8669563537029346,6.490728971717382,0.652066509053111,0.6951141900382936,1.3471806990914046,-0.043047680985182524
34.74015736579895,2.438094074865132,-3.867002582962348,6.30509665782748,0.652066509053111,0.6951141900382936,1.3471806990914046,-0.043047680985182524
34.760151386260986,2.251973236208685,-3.8670395663698787,6.119012802578563,0.652066509053111,0.6951141900382936,1.3471806990914046,-0.043047680985182524
34.78015732765198,2.0653857155765767,-3.8670691530959034,5.93245486867248,0.652066509053111,0.6951141900382936,1.3471806990914046,-0.043047680985182524
34.80015516281128,1.87854765075249,-3.867092822476723,5.745640473229213,0.652066509053111,0.6951141900382936,1.3471806990914046,-0.043047680985182524
34.82015371322632,1.6914063075591645,-3.867092822476723,5.558499130035887,0.652066509053111,0.6951141900382936,1.3471806990914046,-0.043047680985182524
34.84015369415283,1.503984496106558,-3.867111757981379,5.371096254087937,0.652066509053111,0.6951141900382936,1.3471806990914046,-0.043047680985182524
34.86015772819519,1.3162871361702855,-3.8847050313851037,5.200992167555389,0.652066509053111,0.6951141900382936,1.3471806990914046,-0.043047680985182524
34.880298376083374,1.1270979242816117,-3.898779650108083,5.025877574389694,0.652066509053111,0.6951141900382936,1.3471806990914046,-0.043047680985182524
34.90029716491699,0.9390625897460101,-3.9100393450864663,4.849101934832476,0.6575738008134067,0.6860876486636698,1.3436614494770764,-0.02851384785026312
34.92019557952881,0.7518238015377681,-3.9190471010691734,4.670870902606941,0.6575738008134067,0.6860876486636698,1.3436614494770764,-0.02851384785026312
34.94016480445862,0.5638005952147391,-3.926253305855339,4.490053901070078,0.6575738008134067,0.6860876486636698,1.3436614494770764,-0.02851384785026312
34.96015191078186,0.3755201567005003,-3.9320182696842716,4.307538426384772,0.6575738008134067,0.6860876486636698,1.3436614494770764,-0.02851384785026312
34.980149030685425,0.18708612720633405,-3.936630240747417,4.123716367953751,0.6575738008134067,0.6860876486636698,1.3436614494770764,-0.02851384785026312
35.000160932540894,-0.0015167534619878978,-3.940319817597935,3.938803064135947,0.6575738008134067,0.6860876486636698,1.3436614494770764,-0.02851384785026312
35.020158529281616,-0.18998458262417361,-3.943271479078348,3.753286896454174,0.6575738008134067,0.6860876486636698,1.3436614494770764,-0.02851384785026312
35.0401554107666,-0.37841567924682146,-3.943271479078348,3.5648557998315265,0.6575738008134067,0.6860876486636698,1.3436614494770764,-0.02851384785026312
35.06015229225159,-0.5667870382803524,-3.9456328082626793,3.378845769982327,0.6575738008134067,0.6860876486636698,1.3436614494770764,-0.02851384785026312
35.080153703689575,-0.7551115626517599,-3.9650999966101432,3.209988433958383,0.6575738008134067,0.6860876486636698,1.3436614494770764,-0.02851384785026312
35.10028958320618,-0.9445816491873833,-3.9806737472881153,3.036092098100732,0.6575738008134067,0.6860876486636698,1.3436614494770764,-0.02851384785026312
35.12028646469116,-1.1325942601207315,-3.975554622830492,2.8429603627097606,0.6583860813872888,0.6817969598807394,1.3401830412680282,-0.023410878493450582
35.140175104141235,-1.3194118771603223,-3.9714593232643933,2.652047446104071,0.6583860813872888,0.6817969598807394,1.3401830412680282,-0.023410878493450582
35.160157918930054,-1.5069065515484723,-3.985761208611515,2.4788546570630423,0.6583860813872888,0.6817969598807394,1.3401830412680282,-0.023410878493450582
35.18016600608826,-1.6944003388574664,-3.9796245918892126,2.285224253031746,0.6583860813872888,0.6817969598807394,1.3401830412680282,-0.023410878493450582
35.20015001296997,-1.881401185502294,-3.9747152985113696,2.0933141130090753,0.6583860813872888,0.6817969598807394,1.3401830412680282,-0.023410878493450582
35.220162868499756,-2.0683747071854617,-3.9707878638090963,1.9024131566236346,0.6583860813872888,0.6817969598807394,1.3401830412680282,-0.023410878493450582
35.24015784263611,-2.2548545754997544,-3.9676459160472772,1.7127913405475228,0.6583860813872888,0.6817969598807394,1.3401830412680282,-0.023410878493450582
35.260154247283936,-2.4409918576053053,-3.9676459160472772,1.5266540584419719,0.6583860813872888,0.6817969598807394,1.3401830412680282,-0.023410878493450582
35.28015756607056,-2.6268079746372712,-3.9651323578378226,1.3383243832005514,0.6583860813872888,0.6817969598807394,1.3401830412680282,-0.023410878493450582
35.30016279220581,-2.8122268081495085,-3.963121511270258,1.1508947031207493,0.6583860813872888,0.6817969598807394,1.3401830412680282,-0.023410878493450582
35.32020306587219,-2.997524979661175,-3.9615128340162067,0.9639878543550315,0.6583860813872888,0.6817969598807394,1.3401830412680282,-0.023410878493450582
35.3402738571167,-3.182628972318478,-3.960225892212966,0.7775969198944881,0.6799996550427749,0.6959148210473358,1.3759144760901107,-0.015915166004560888
35.36019539833069,-3.3658560638120805,-3.959196338770373,0.5933402749582926,0.6799996550427749,0.6959148210473358,1.3759144760901107,-0.015915166004560888
35.380165338516235,-3.5489990093452475,-3.9583726960162995,0.409373686671052,0.6799996550427749,0.6959148210473358,1.3759144760901107,-0.015915166004560888
35.40015745162964,-3.7317856149519555,-3.9577137818130397,0.2259281668610842,0.6799996550427749,0.6959148210473358,1.3759144760901107,-0.015915166004560888
35.4201877117157,-3.9143304636018867,-3.9571866504504323,0.04285618684854553,0.6799996550427749,0.6959148210473358,1.3759144760901107,-0.015915166004560888
35.440168619155884,-4.095807862330377,-3.9567649453603457,-0.1390429169700309,0.6799996550427749,0.6959148210473358,1.3759144760901107,-0.015915166004560888
35.46021842956543,-4.277262157808129,-3.956427581288277,-0.3208345765198515,0.6799996550427749,0.6959148210473358,1.3759144760901107,-0.015915166004560888
35.480262756347656,-4.457988308802744,-3.956427581288277,-0.5015607275144665,0.6799996550427749,0.6959148210473358,1.3759144760901107,-0.015915166004560888
35.50025248527527,-4.637518008166641,-3.956157690030622,-0.6813603181360186,0.6799996550427749,0.6959148210473358,1.3759144760901107,-0.015915166004560888
35.52037262916565,-4.817480174320599,-3.9559417770244987,-0.8615383972960999,0.6799996550427749,0.6959148210473358,1.3759144760901107,-0.015915166004560888
35.54041934013367,-4.996019870065861,-3.9557690466195994,-1.0402508234462613,0.6989989280002191,0.6430645299144089,1.342063457914628,0.055934398085810244
35.56027579307556,-5.172083810109505,-3.9556308622956795,-1.216452947813825,0.6989989280002191,0.6430645299144089,1.342063457914628,0.055934398085810244
35.5802161693573,-5.348081684763831,-3.9555203148365434,-1.3925613699272876,0.6989989280002191,0.6430645299144089,1.342063457914628,0.055934398085810244
35.60036873817444,-5.525099371407207,-3.9554318768692354,-1.5696674945379718,0.6989989280002191,0.6430645299144089,1.342063457914628,0.055934398085810244
35.620341062545776,-5.699659906034479,-3.955361126495389,-1.7442987795390898,0.6989989280002191,0.6430645299144089,1.342063457914628,0.055934398085810244
35.640307664871216,-5.873273264382347,-3.955304526196312,-1.9179687381860355,0.6989989280002191,0.6430645299144089,1.342063457914628,0.055934398085810244
35.6602897644043,-6.046095927292173,-3.9552592459570497,-2.0908366813351233,0.6989989280002191,0.6430645299144089,1.342063457914628,0.055934398085810244
35.68031406402588,-6.218327492710354,-3.9552230217656406,-2.2631044709447132,0.6989989280002191,0.6430645299144089,1.342063457914628,0.055934398085810244
35.70025944709778,-6.388901800026207,-3.9552230217656406,-2.4336787782605662,0.6989989280002191,0.6430645299144089,1.342063457914628,0.055934398085810244
35.720301389694214,-6.559291170636275,-3.955194042412513,-2.6040971282237617,0.6989989280002191,0.6430645299144089,1.342063457914628,0.055934398085810244
35.74033856391907,-6.728600238600874,-3.955170858930011,-2.7734293796708633,0.6989989280002191,0.6430645299144089,1.342063457914628,0.055934398085810244
35.760331869125366,-6.896475666238367,-3.9551523121440084,-2.941323354094359,0.7,0.6142663502134382,1.3142663502134382,0.08573364978656173
35.78020477294922,-7.06226169279268,-3.9375593497152077,-3.124702343077472,0.7,0.6142663502134382,1.3142663502134382,0.08573364978656173
35.80034279823303,-7.229136113080836,-3.9410631047721663,-3.2880730083086696,0.7,0.6142663502134382,1.3142663502134382,0.08573364978656173
35.820218324661255,-7.392700597250315,-3.943866108817733,-3.4488344884325817,0.7,0.6142663502134382,1.3142663502134382,0.08573364978656173
35.840341091156006,-7.557125112902488,-3.928530387054187,-3.6285947258483016,0.7,0.6142663502134382,1.3142663502134382,0.08573364978656173
35.860265254974365,-7.718736689800274,-3.9338399346433492,-3.7848967551569244,0.7,0.6142663502134382,1.3142663502134382,0.08573364978656173
35.88036370277405,-7.880536297810011,-3.9205094477146805,-3.96002685009533,0.7,0.6142663502134382,1.3142663502134382,0.08573364978656173
35.90022611618042,-8.039201186408786,-3.909845058171744,-4.129356128237042,0.7,0.6142663502134382,1.3142663502134382,0.08573364978656173
35.920342445373535,-8.198618109245817,-3.909845058171744,-4.288773051074074,0.7,0.6142663502134382,1.3142663502134382,0.08573364978656173
35.94026780128479,-8.355230526239103,-3.9013135465373954,-4.453916979701708,0.7,0.6142663502134382,1.3142663502134382,0.08573364978656173
35.96034550666809,-8.511715725034666,-3.894488337229917,-4.617227387804749,0.7,0.6142663502134382,1.3142663502134382,0.08573364978656173
35.98029851913452,-8.665887150271903,-3.8890281697839337,-4.776858980487969,0.6884895393624901,0.5473144420422613,1.2358039814047515,0.14117509732022882
36.00024628639221,-8.818656564661845,-3.884660035827147,-4.933996528834698,0.6884895393624901,0.5473144420422613,1.2358039814047515,0.14117509732022882
36.020339012145996,-8.971135640438446,-3.881165528661718,-5.0899701117767275,0.6884895393624901,0.5473144420422613,1.2358039814047515,0.14117509732022882
36.04027056694031,-9.120979035621945,-3.8783699229293744,-5.24260911269257,0.6884895393624901,0.5473144420422613,1.2358039814047515,0.14117509732022882
36.06033945083618,-9.270409517830092,-3.8761334383435,-5.394276079486593,0.6884895393624901,0.5473144420422613,1.2358039814047515,0.14117509732022882
36.08026361465454,-9.417304387248894,-3.8743442506748,-5.542960136574094,0.6884895393624901,0.5473144420422613,1.2358039814047515,0.14117509732022882
36.10034227371216,-9.563845188132309,-3.855334775539841,-5.708510412592467,0.6884895393624901,0.5473144420422613,1.2358039814047515,0.14117509732022882
36.12034344673157,-9.708307154704436,-3.8401271954318723,-5.868179959272563,0.6884895393624901,0.5473144420422613,1.2358039814047515,0.14117509732022882
36.14026880264282,-9.850697020204631,-3.8401271954318723,-6.010569824772759,0.6884895393624901,0.5473144420422613,1.2358039814047515,0.14117509732022882
36.16026210784912,-9.992020580616986,-3.827961131345498,-6.1640594492714875,0.6884895393624901,0.5473144420422613,1.2358039814047515,0.14117509732022882
36.18031597137451,-10.132188206764436,-3.818228280076399,-6.313959926688037,0.6884895393624901,0.5473144420422613,1.2358039814047515,0.14117509732022882
36.200289487838745,-10.27019530688733,-3.810441999061119,-6.459753307826212,0.7,0.5046886646188795,1.2046886646188795,0.19531133538112044
36.22025465965271,-10.406528275376187,-3.8042129742488955,-6.602315301127292,0.7,0.5046886646188795,1.2046886646188795,0.19531133538112044
36.24024438858032,-10.54138830861182,-3.799229754399117,-6.742158554212703,0.7,0.5046886646188795,1.2046886646188795,0.19531133538112044
36.260220527648926,-10.674495460325996,-3.7952431785192937,-6.879252281806703,0.7,0.5046886646188795,1.2046886646188795,0.19531133538112044
36.28023672103882,-10.806182824311888,-3.792053917815435,-7.0141289064964525,0.7,0.5046886646188795,1.2046886646188795,0.19531133538112044
36.30034589767456,-10.936760782638203,-3.7895025092523484,-7.147258273385854,0.7,0.5046886646188795,1.2046886646188795,0.19531133538112044
36.32042956352234,-11.06543046983409,-3.805039507401879,-7.260390962432211,0.7,0.5046886646188795,1.2046886646188795,0.19531133538112044
36.340370893478394,-11.191444981061538,-3.835047230921504,-7.356397750140035,0.7,0.5046886646188795,1.2046886646188795,0.19531133538112044
36.36033511161804,-11.315844189556458,-3.835047230921504,-7.480796958634954,0.7,0.5046886646188795,1.2046886646188795,0.19531133538112044
36.38024711608887,-11.43814452987499,-3.876631534737203,-7.561512995137786,0.7,0.5046886646188795,1.2046886646188795,0.19531133538112044
36.4003369808197,-11.559722821643101,-3.945055227789762,-7.614667593853339,0.7,0.5046886646188795,1.2046886646188795,0.19531133538112044
36.420214891433716,-11.67820568291865,-3.98221605723181,-7.69598962568684,0.7,0.5046886646188795,1.2046886646188795,0.19531133538112044
36.44033885002136,-11.796299402664852,-4.029522845785448,-7.766776556879404,0.7,0.5046886646188795,1.2046886646188795,0.19531133538112044
36.46033835411072,-11.911794347006113,-4.0673682766283585,-7.844426070377755,0.7,0.5046886646188795,1.2046886646188795,0.19531133538112044
36.48024368286133,-12.02487781470689,-4.0976446213026865,-7.927233193404204,0.7,0.5046886646188795,1.2046886646188795,0.19531133538112044
36.500200510025024,-12.136365593822958,-4.12186569704215,-8.014499896780809,0.7,0.5046886646188795,1.2046886646188795,0.19531133538112044
36.52020215988159,-12.246189118172644,-4.141242557633721,-8.104946560538924,0.7,0.5046886646188795,1.2046886646188795,0.19531133538112044
36.5402889251709,-12.354533465746222,-4.156744046106977,-8.197789419639246,0.7,0.5046886646188795,1.2046886646188795,0.19531133538112044
36.56033682823181,-12.460706027981237,-4.169145236885582,-8.291560791095655,0.7,0.5046886646188795,1.2046886646188795,0.19531133538112044
36.5802960395813,-12.56444488216036,-4.169145236885582,-8.395299645274779,0.6661074094474315,0.4603554413653909,1.1264628508128225,0.2057519680820406
36.600324869155884,-12.666559223689166,-4.1790661895084655,-8.487493034180702,0.6661074094474315,0.4603554413653909,1.1264628508128225,0.2057519680820406
36.620301246643066,-12.766408064986015,-4.187002951606773,-8.579405113379241,0.6661074094474315,0.4603554413653909,1.1264628508128225,0.2057519680820406
36.64033007621765,-12.864499933669775,-4.193352361285418,-8.671147572384356,0.6661074094474315,0.4603554413653909,1.1264628508128225,0.2057519680820406
36.6602463722229,-12.960020517455796,-4.198431889028336,-8.761588628427461,0.6661074094474315,0.4603554413653909,1.1264628508128225,0.2057519680820406
36.68022179603577,-13.053786179878777,-4.202495511222669,-8.851290668656109,0.6661074094474315,0.4603554413653909,1.1264628508128225,0.2057519680820406
36.70023441314697,-13.145664392551213,-4.2057464089781345,-8.939917983573078,0.6661074094474315,0.4603554413653909,1.1264628508128225,0.2057519680820406
36.72023344039917,-13.235403861146299,-4.243503377182508,-8.991900483963791,0.6661074094474315,0.4603554413653909,1.1264628508128225,0.2057519680820406
36.740236043930054,-13.323068995364693,-4.3615995767460065,-8.961469418618687,0.6661074094474315,0.4603554413653909,1.1264628508128225,0.2057519680820406
36.76024103164673,-13.408639787099187,-4.473654661396806,-8.934985125702381,0.6661074094474315,0.4603554413653909,1.1264628508128225,0.2057519680820406
36.78021264076233,-13.491954673279109,-4.563298729117444,-8.928655944161665,0.6661074094474315,0.4603554413653909,1.1264628508128225,0.2057519680820406
36.80019497871399,-13.57318811040047,-4.563298729117444,-9.009889381283024,0.6816110879182815,0.4117345803417265,1.093345668260008,0.269876507576555
36.820329904556274,-13.652877675523424,-4.635013983293955,-9.017863692229469,0.6816110879182815,0.4117345803417265,1.093345668260008,0.269876507576555
36.840325593948364,-13.729853681125995,-4.692386186635164,-9.03746749449083,0.6816110879182815,0.4117345803417265,1.093345668260008,0.269876507576555
36.86026453971863,-13.80445330363342,-4.738283949308132,-9.066169354325288,0.6816110879182815,0.4117345803417265,1.093345668260008,0.269876507576555
36.88025212287903,-13.87706036030788,-4.7750021594465055,-9.102058200861375,0.6816110879182815,0.4117345803417265,1.093345668260008,0.269876507576555
36.90031099319458,-13.947726010513538,-4.804376727557204,-9.143349282956333,0.6816110879182815,0.4117345803417265,1.093345668260008,0.269876507576555
36.92031240463257,-14.015983266129508,-4.827876382045764,-9.188106884083744,0.6816110879182815,0.4117345803417265,1.093345668260008,0.269876507576555
36.94021987915039,-14.081721938151002,-4.881832355636612,-9.199889582514391,0.6816110879182815,0.4117345803417265,1.093345668260008,0.269876507576555
36.960349321365356,-14.14595343157948,-5.030465884509289,-9.115487547070192,0.6816110879182815,0.4117345803417265,1.093345668260008,0.269876507576555
36.980337381362915,-14.20749477437371,-5.237263332607431,-8.97023144176628,0.6816110879182815,0.4117345803417265,1.093345668260008,0.269876507576555
37.00023579597473,-14.26653432395898,-5.420279416085945,-8.846254907873035,0.6816110879182815,0.4117345803417265,1.093345668260008,0.269876507576555
37.0203218460083,-14.32386890263297,-5.420279416085945,-8.903589486547025,0.6849596228450536,0.37258984828367825,1.0575494711287319,0.3123697745613754
37.04033923149109,-14.378737766962034,-5.566692282868756,-8.812045484093279,0.6849596228450536,0.37258984828367825,1.0575494711287319,0.3123697745613754
37.06032752990723,-14.431257342631161,-5.683822576295005,-8.747434766336156,0.6849596228450536,0.37258984828367825,1.0575494711287319,0.3123697745613754
37.08051037788391,-14.481978537263076,-5.777526811036004,-8.704451726227074,0.6849596228450536,0.37258984828367825,1.0575494711287319,0.3123697745613754
37.100364446640015,-14.52960124316104,-5.852490198828803,-8.677111044332236,0.6849596228450536,0.37258984828367825,1.0575494711287319,0.3123697745613754
37.1202507019043,-14.575034615045015,-5.912460909063042,-8.662573705981973,0.6849596228450536,0.37258984828367825,1.0575494711287319,0.3123697745613754
37.14027166366577,-14.618477094913363,-6.0131718522504345,-8.60530524266293,0.6849596228450536,0.37258984828367825,1.0575494711287319,0.3123697745613754
37.16033339500427,-14.6596876950957,-6.199209356800348,-8.460478338295353,0.6849596228450536,0.37258984828367825,1.0575494711287319,0.3123697745613754
37.180301666259766,-14.698393324678646,-6.4007737354402785,-8.297619589238368,0.6849596228450536,0.37258984828367825,1.0575494711287319,0.3123697745613754
37.200321197509766,-14.734875704435208,-6.5796033633522235,-8.155272341082984,0.6849596228450536,0.37258984828367825,1.0575494711287319,0.3123697745613754
37.220298290252686,-14.768956804272221,-6.7226670656817795,-8.046289738590442,0.6849596228450536,0.37258984828367825,1.0575494711287319,0.3123697745613754
37.24039435386658,-14.800893181947577,-6.7226670656817795,-8.078226116265798,0.6921813560649752,0.37141421057749535,1.0635955666424706,0.32076714548747987
37.260255575180054,-14.830137834145104,-6.837118027545424,-7.99301980659968,0.6921813560649752,0.37141421057749535,1.0635955666424706,0.32076714548747987
37.280245780944824,-14.857240389970542,-6.92867879703634,-7.928561592934202,0.6921813560649752,0.37141421057749535,1.0635955666424706,0.32076714548747987
37.30023431777954,-14.88199714347263,-7.0019274126290725,-7.880069730843557,0.6921813560649752,0.37141421057749535,1.0635955666424706,0.32076714548747987
37.32033061981201,-14.904520998775501,-7.0605263051032585,-7.843994693672243,0.6921813560649752,0.37141421057749535,1.0635955666424706,0.32076714548747987
37.34025287628174,-14.924504258693426,-7.107405419082608,-7.817098839610819,0.6921813560649752,0.37141421057749535,1.0635955666424706,0.32076714548747987
37.360254526138306,-14.942214688120215,-7.144908710266087,-7.797305977854128,0.6921813560649752,0.37141421057749535,1.0635955666424706,0.32076714548747987
37.38036775588989,-14.957644188636143,-7.17491134321287,-7.782732845423273,0.6921813560649752,0.37141421057749535,1.0635955666424706,0.32076714548747987
37.40030479431152,-14.970581025122339,-7.198913449570297,-7.771667575552042,0.6921813560649752,0.37141421057749535,1.0635955666424706,0.32076714548747987
37.42028546333313,-14.981189286861232,-7.218115134656239,-7.763074152204993,0.6921813560649752,0.37141421057749535,1.0635955666424706,0.32076714548747987
37.4402437210083,-14.989428488824567,-7.23347648272499,-7.755952006099577,0.6921813560649752,0.37141421057749535,1.0635955666424706,0.32076714548747987
37.4602415561676,-14.995319878046374,-7.23347648272499,-7.7618433953213835,0.6921813560649752,0.37141421057749535,1.0635955666424706,0.32076714548747987
37.480252265930176,-14.998845351040021,-7.245765561179992,-7.753079789860029,0.6921813560649752,0.37141421057749535,1.0635955666424706,0.32076714548747987
37.50024175643921,-14.999999826947809,-7.255596823943994,-7.744403003003815,0.6921813560649752,0.37141421057749535,1.0635955666424706,0.32076714548747987
37.520203590393066,-14.998791428696217,-7.263461834155195,-7.735329594541022,0.6921813560649752,0.37141421057749535,1.0635955666424706,0.32076714548747987
37.54027509689331,-14.99519745976571,-7.269753842324158,-7.7254436174415515,0.6921813560649752,0.37141421057749535,1.0635955666424706,0.32076714548747987
37.5603301525116,-14.989224489796523,-7.274787448859326,-7.714437040937198,0.6921813560649752,0.37141421057749535,1.0635955666424706,0.32076714548747987
37.58028817176819,-14.980917642217543,-7.278814334087461,-7.702103308130082,0.7,0.38140680261421944,1.0814068026142194,0.3185931973857805
37.60032939910889,-14.970205671779471,-7.28203584226997,-7.688169829509501,0.7,0.38140680261421944,1.0814068026142194,0.3185931973857805
37.62020778656006,-14.957235860774585,-7.302191173815976,-7.655044686958608,0.7,0.38140680261421944,1.0814068026142194,0.3185931973857805
37.640246868133545,-14.941799556009828,-7.300737314052781,-7.641062241957047,0.7,0.38140680261421944,1.0814068026142194,0.3185931973857805
37.66023540496826,-14.92404242499948,-7.2995742262422265,-7.624468198757253,0.7,0.38140680261421944,1.0814068026142194,0.3185931973857805
37.68023419380188,-14.903920397056854,-7.2995742262422265,-7.604346170814628,0.7,0.38140680261421944,1.0814068026142194,0.3185931973857805
37.7002956867218,-14.881370986527157,-7.298643755993782,-7.582727230533376,0.7,0.38140680261421944,1.0814068026142194,0.3185931973857805
37.720303535461426,-14.856526931086766,-7.315477504795025,-7.541049426291741,0.7,0.38140680261421944,1.0814068026142194,0.3185931973857805
37.74027919769287,-14.82938064283604,-7.328944503836021,-7.50043613900002,0.7,0.38140680261421944,1.0814068026142194,0.3185931973857805
37.760300159454346,-14.799828809744062,-7.322139978068817,-7.477688831675245,0.7,0.38140680261421944,1.0814068026142194,0.3185931973857805
37.78029656410217,-14.76797556320674,-7.334274482455054,-7.4337010807516855,0.665195994824171,0.38456667813006784,1.0497626729542389,0.2806293166941032
37.80030417442322,-14.733771311508573,-7.326403960964044,-7.407367350544528,0.665195994824171,0.38456667813006784,1.0497626729542389,0.2806293166941032
37.82025218009949,-14.697350942274824,-7.337685668771236,-7.3596652735035875,0.665195994824171,0.38456667813006784,1.0497626729542389,0.2806293166941032
37.84029674530029,-14.658428666023813,-7.32913291001699,-7.329295756006823,0.665195994824171,0.38456667813006784,1.0497626729542389,0.2806293166941032
37.860305309295654,-14.617257489931148,-7.339868828013592,-7.2773886619175565,0.665195994824171,0.38456667813006784,1.0497626729542389,0.2806293166941032
37.880250692367554,-14.57391703203297,-7.348457562410873,-7.225459469622097,0.665195994824171,0.38456667813006784,1.0497626729542389,0.2806293166941032
37.9003050327301,-14.52803220005446,-7.348457562410873,-7.1795746376435865,0.665195994824171,0.38456667813006784,1.0497626729542389,0.2806293166941032
37.920207262039185,-14.48021493225249,-7.355328549928699,-7.124886382323791,0.665195994824171,0.38456667813006784,1.0497626729542389,0.2806293166941032
37.9402551651001,-14.429758473208375,-7.36082533994296,-7.068933133265415,0.665195994824171,0.38456667813006784,1.0497626729542389,0.2806293166941032
37.9603066444397,-14.377002846839416,-7.365222771954368,-7.011780074885047,0.665195994824171,0.38456667813006784,1.0497626729542389,0.2806293166941032
37.98030138015747,-14.322124185299828,-7.368740717563495,-6.953383467736333,0.6488256927579641,0.37622134520206596,1.02504703796003,0.27260434755589813
38.000250816345215,-14.265117085604365,-7.371555074050796,-6.893562011553569,0.6488256927579641,0.37622134520206596,1.02504703796003,0.27260434755589813
38.02020764350891,-14.2058463693076,-7.356228434240637,-6.849617935066964,0.6488256927579641,0.37622134520206596,1.02504703796003,0.27260434755589813
38.040302753448486,-14.143908120504522,-7.343967122392509,-6.799940998112013,0.6488256927579641,0.37622134520206596,1.02504703796003,0.27260434755589813
38.06025314331055,-14.080185430893637,-7.334158072914009,-6.746027357979629,0.6488256927579641,0.37622134520206596,1.02504703796003,0.27260434755589813
38.08030319213867,-14.01391542898145,-7.343888958331207,-6.670026470650243,0.6488256927579641,0.37622134520206596,1.02504703796003,0.27260434755589813
38.1003143787384,-13.94555628167346,-7.334095541664966,-6.611460740008494,0.6488256927579641,0.37622134520206596,1.02504703796003,0.27260434755589813
38.12028646469116,-13.875132525042503,-7.334095541664966,-6.541036983377537,0.6488256927579641,0.37622134520206596,1.02504703796003,0.27260434755589813
38.14026498794556,-13.8025000820062,-7.326260808331974,-6.476239273674225,0.6488256927579641,0.37622134520206596,1.02504703796003,0.27260434755589813
38.160311222076416,-13.727435522099704,-7.31999302166558,-6.407442500434124,0.6488256927579641,0.37622134520206596,1.02504703796003,0.27260434755589813
38.18031573295593,-13.650356228848967,-7.3149787923324645,-6.335377436516502,0.6488256927579641,0.37622134520206596,1.02504703796003,0.27260434755589813
38.20038723945618,-13.570851441622578,-7.310967408865973,-6.259884032756605,0.657312817685306,0.400327948317863,1.057640766003169,0.256984869367443
38.22025728225708,-13.490018666608886,-7.307758302092779,-6.182260364516107,0.657312817685306,0.400327948317863,1.057640766003169,0.256984869367443
38.24031090736389,-13.406307239213413,-7.3051910166742235,-6.10111622253919,0.657312817685306,0.400327948317863,1.057640766003169,0.256984869367443
38.26032567024231,-13.320635832798553,-7.303137188339379,-6.017498644459174,0.657312817685306,0.400327948317863,1.057640766003169,0.256984869367443
38.28030800819397,-13.23300173809588,-7.301494125671503,-5.931507612424376,0.657312817685306,0.400327948317863,1.057640766003169,0.256984869367443
38.30030584335327,-13.143211300254118,-7.300179675537203,-5.8430316247169145,0.657312817685306,0.400327948317863,1.057640766003169,0.256984869367443
38.32031226158142,-13.051305974193566,-7.299128115429763,-5.752177858763803,0.657312817685306,0.400327948317863,1.057640766003169,0.256984869367443
38.34034442901611,-12.957216109431666,-7.299128115429763,-5.658087994001903,0.657312817685306,0.400327948317863,1.057640766003169,0.256984869367443
38.36035418510437,-12.861182265583372,-7.298286867343812,-5.56289539823956,0.657312817685306,0.400327948317863,1.057640766003169,0.256984869367443
38.38026475906372,-12.763606584470171,-7.297613868875049,-5.465992715595122,0.657312817685306,0.400327948317863,1.057640766003169,0.256984869367443
38.400370359420776,-12.663048206575498,-7.297075470100039,-5.365972736475459,0.6585697022266686,0.41371012798044826,1.0722798302071168,0.2448595742462203
38.420350551605225,-12.561115079450131,-7.2966447510800325,-5.264470328370098,0.6585697022266686,0.41371012798044826,1.0722798302071168,0.2448595742462203
38.44025492668152,-12.457600363521513,-7.313878300864027,-5.143722062657486,0.6585697022266686,0.41371012798044826,1.0722798302071168,0.2448595742462203
38.46035981178284,-12.351064956839794,-7.327665140691222,-5.023399816148572,0.6585697022266686,0.41371012798044826,1.0722798302071168,0.2448595742462203
38.48029065132141,-12.243506397710284,-7.3386946125529775,-4.904811785157307,0.6585697022266686,0.41371012798044826,1.0722798302071168,0.2448595742462203
38.500370502471924,-12.133202097422345,-7.347518190042383,-4.785683907379962,0.6585697022266686,0.41371012798044826,1.0722798302071168,0.2448595742462203
38.52022981643677,-12.022209604126607,-7.354577052033906,-4.667632552092701,0.6585697022266686,0.41371012798044826,1.0722798302071168,0.2448595742462203
38.540358781814575,-11.907799997934667,-7.360224141627125,-4.547575856307542,0.6585697022266686,0.41371012798044826,1.0722798302071168,0.2448595742462203
38.560274839401245,-11.792725864239081,-7.360224141627125,-4.432501722611956,0.6585697022266686,0.41371012798044826,1.0722798302071168,0.2448595742462203
38.5804328918457,-11.674373167638121,-7.3647418133017,-4.309631354336421,0.6585697022266686,0.41371012798044826,1.0722798302071168,0.2448595742462203
38.600388526916504,-11.555364190909659,-7.3683559506413605,-4.187008240268298,0.6585697022266686,0.41371012798044826,1.0722798302071168,0.2448595742462203
38.62037253379822,-11.434365507139168,-7.371247260513088,-4.06311824662608,0.6585697022266686,0.41371012798044826,1.0722798302071168,0.2448595742462203
38.64038395881653,-11.311394377495121,-7.373560308410472,-3.9378340690846496,0.6649285995401442,0.43118264845106746,1.0961112479912116,0.2337459510890767
38.66037702560425,-11.186750272445133,-7.375410746728377,-3.8113395257167557,0.6649285995401442,0.43118264845106746,1.0961112479912116,0.2337459510890767
38.68043780326843,-11.059909784572069,-7.376891097382702,-3.6830186871893664,0.6649285995401442,0.43118264845106746,1.0961112479912116,0.2337459510890767
38.70043063163757,-10.931750703031442,-7.378075377906162,-3.5536753251252797,0.6649285995401442,0.43118264845106746,1.0961112479912116,0.2337459510890767
38.72052502632141,-10.80120241100163,-7.37902280232493,-3.422179608676699,0.6649285995401442,0.43118264845106746,1.0961112479912116,0.2337459510890767
38.740545988082886,-10.669418822401497,-7.379780741859944,-3.289638080541552,0.6649285995401442,0.43118264845106746,1.0961112479912116,0.2337459510890767
38.760432720184326,-10.536847307442912,-7.380387093487956,-3.156460213954956,0.6649285995401442,0.43118264845106746,1.0961112479912116,0.2337459510890767
38.7804639339447,-10.401649612398392,-7.380387093487956,-3.0212625189104365,0.6649285995401442,0.43118264845106746,1.0961112479912116,0.2337459510890767
38.80029559135437,-10.266175590625725,-7.380872174790365,-2.8853034158353594,0.6649285995401442,0.43118264845106746,1.0961112479912116,0.2337459510890767
38.82022976875305,-10.128394917233445,-7.381260239832293,-2.747134677401152,0.6649285995401442,0.43118264845106746,1.0961112479912116,0.2337459510890767
38.840179204940796,-9.988918078375594,-7.381570691865834,-2.60734738650976,0.6649285995401442,0.43118264845106746,1.0961112479912116,0.2337459510890767
38.86014771461487,-9.847736242115573,-7.381819053492668,-2.465917188622905,0.6649285995401442,0.43118264845106746,1.0961112479912116,0.2337459510890767
38.88014245033264,-9.704815757747738,-7.382017742794134,-2.3227980149536043,0.6649285995401442,0.43118264845106746,1.0961112479912116,0.2337459510890767
38.9001407623291,-9.56033760459379,-7.382176694235307,-2.178160910358484,0.6649285995401442,0.43118264845106746,1.0961112479912116,0.2337459510890767
38.92014217376709,-9.41432727641789,-7.382303855388246,-2.0320234210296437,0.6649285995401442,0.43118264845106746,1.0961112479912116,0.2337459510890767
38.940139055252075,-9.266863678981357,-7.382405584310598,-1.8844580946707596,0.6649285995401442,0.43118264845106746,1.0961112479912116,0.2337459510890767
38.960142612457275,-9.117887233665499,-7.382486967448478,-1.7354002662170211,0.6649285995401442,0.43118264845106746,1.0961112479912116,0.2337459510890767
38.980143547058105,-8.967490270093203,-7.382552073958783,-1.58493819613442,0.6649285995401442,0.43118264845106746,1.0961112479912116,0.2337459510890767
39.000147342681885,-8.815655287308784,-7.382552073958783,-1.4331032133500017,0.6649285995401442,0.43118264845106746,1.0961112479912116,0.2337459510890767
39.02014183998108,-8.662499226188975,-7.382604159167026,-1.2798950670219496,0.6649285995401442,0.43118264845106746,1.0961112479912116,0.2337459510890767
39.04015016555786,-8.507868672250998,-7.382645827333621,-1.125222844917377,0.6649285995401442,0.43118264845106746,1.0961112479912116,0.2337459510890767
39.06014847755432,-8.351971901667824,-7.382679161866898,-0.9692927398009257,0.6649285995401442,0.43118264845106746,1.0961112479912116,0.2337459510890767
39.08014106750488,-8.194801650240485,-7.382705829493519,-0.8120958207469666,0.6649285995401442,0.43118264845106746,1.0961112479912116,0.2337459510890767
39.10028600692749,-8.035125865271704,-7.382727163594816,-0.652398701676888,0.6649285995401442,0.43118264845106746,1.0961112479912116,0.2337459510890767
39.12029814720154,-7.875228041245372,-7.382744230875853,-0.49248381036951905,0.6649285995401442,0.43118264845106746,1.0961112479912116,0.2337459510890767
39.14030694961548,-7.714112096945857,-7.382757884700683,-0.3313542122451736,0.607735011074692,0.3865682440111413,0.9943032550858333,0.22116676706355065
39.160151958465576,-7.553110700760247,-7.382768807760547,-0.17034189299970048,0.607735011074692,0.3865682440111413,0.9943032550858333,0.22116676706355065
39.18014860153198,-7.389691366948949,-7.3827775462084375,-0.006913820740511056,0.607735011074692,0.3865682440111413,0.9943032550858333,0.22116676706355065
39.200149059295654,-7.225073999725079,-7.38278453696675,0.1577105372416714,0.607735011074692,0.3865682440111413,0.9943032550858333,0.22116676706355065
39.2201452255249,-7.059351344917064,-7.38278453696675,0.323433192049686,0.607735011074692,0.3865682440111413,0.9943032550858333,0.22116676706355065
39.240190267562866,-6.892105227554706,-7.3827901295734,0.4906849020186943,0.607735011074692,0.3865682440111413,0.9943032550858333,0.22116676706355065
39.26024866104126,-6.723653374763658,-7.382794603658721,0.6591412288950629,0.607735011074692,0.3865682440111413,0.9943032550858333,0.22116676706355065
39.280245304107666,-6.554657053839913,-7.382798182926977,0.8281411290870642,0.607735011074692,0.3865682440111413,0.9943032550858333,0.22116676706355065
39.300328731536865,-6.383885882412952,-7.365222921341582,0.98133703892863,0.607735011074692,0.3865682440111413,0.9943032550858333,0.22116676706355065
39.32032489776611,-6.212846759647294,-7.351162712073265,1.1383159524259705,0.607735011074692,0.3865682440111413,0.9943032550858333,0.22116676706355065
39.34034013748169,-6.040662390557253,-7.339914544658613,1.2992521541013593,0.5464541570283472,0.4565682440111414,1.0030224010394886,0.08988591301720583
39.360185384750366,-5.868997124349439,-7.33091601072689,1.4619188863774504,0.5464541570283472,0.4565682440111414,1.0030224010394886,0.08988591301720583
39.380165815353394,-5.695240716334007,-7.323717183581512,1.6284764672475047,0.5464541570283472,0.4565682440111414,1.0030224010394886,0.08988591301720583
39.40015363693237,-5.520521953795298,-7.31795812186521,1.797436168069912,0.5464541570283472,0.4565682440111414,1.0030224010394886,0.08988591301720583
39.420156478881836,-5.344800226422567,-7.313350872492168,1.968550646069601,0.5464541570283472,0.4565682440111414,1.0030224010394886,0.08988591301720583
39.44015121459961,-5.168305974562727,-7.313350872492168,2.1450448979294414,0.5464541570283472,0.4565682440111414,1.0030224010394886,0.08988591301720583
39.46015954017639,-4.990875233209028,-7.292086947993735,2.3012117147847073,0.5464541570283472,0.4565682440111414,1.0030224010394886,0.08988591301720583
39.48016142845154,-4.812713181118616,-7.2750758083949885,2.462362627276373,0.5464541570283472,0.4565682440111414,1.0030224010394886,0.08988591301720583
39.50015735626221,-4.633844430666507,-7.261466896715992,2.627622466049485,0.5464541570283472,0.4565682440111414,1.0030224010394886,0.08988591301720583
39.52015018463135,-4.454272134303592,-7.250579767372794,2.796307633069202,0.5464541570283472,0.4565682440111414,1.0030224010394886,0.08988591301720583
39.540149211883545,-4.273940959737675,-7.241870063898235,2.96792910416056,0.5464541570283472,0.4565682440111414,1.0030224010394886,0.08988591301720583
39.56014966964722,-4.09292197535309,-7.234902301118587,3.1419803257654966,0.5464541570283472,0.4565682440111414,1.0030224010394886,0.08988591301720583
39.580153703689575,-3.9112241019179574,-7.22932809089487,3.3181039889769126,0.5464541570283472,0.4565682440111414,1.0030224010394886,0.08988591301720583
39.600172996520996,-3.7287690553447517,-7.224868722715897,3.496099667371145,0.5464541570283472,0.4565682440111414,1.0030224010394886,0.08988591301720583
39.62028098106384,-3.54491184034163,-7.221301228172717,3.6763893878310867,0.5464541570283472,0.4565682440111414,1.0030224010394886,0.08988591301720583
39.64027500152588,-3.361535557687022,-7.218447232538174,3.856911674851152,0.4764541570283472,0.465517796673812,0.9419719537021591,0.010936360354535213
39.66017246246338,-3.1785181585955726,-7.218447232538174,4.039929073942601,0.4764541570283472,0.465517796673812,0.9419719537021591,0.010936360354535213
39.68015933036804,-2.9941782900939664,-7.2161640360305395,4.221985745936573,0.4764541570283472,0.465517796673812,0.9419719537021591,0.010936360354535213
39.70016574859619,-2.80918522969003,-7.196759353824431,4.387574124134401,0.4764541570283472,0.465517796673812,0.9419719537021591,0.010936360354535213
39.720237731933594,-2.6231398693605645,-7.181235608059546,4.558095738698981,0.4764541570283472,0.465517796673812,0.9419719537021591,0.010936360354535213
39.74021625518799,-2.4375464344172353,-7.168816611447636,4.731270177030401,0.4764541570283472,0.465517796673812,0.9419719537021591,0.010936360354535213
39.76017236709595,-2.2517777374781587,-7.15888141415811,4.9071036766799505,0.4764541570283472,0.465517796673812,0.9419719537021591,0.010936360354535213
39.78018569946289,-2.065120864185213,-7.115777006326487,5.050656142141275,0.4764541570283472,0.465517796673812,0.9419719537021591,0.010936360354535213
39.80018973350525,-1.8782243944118802,-7.01098098006119,5.13275658564931,0.4764541570283472,0.465517796673812,0.9419719537021591,0.010936360354535213
39.820162773132324,-1.6913214645138483,-6.874409784048953,5.183088319535105,0.4764541570283472,0.465517796673812,0.9419719537021591,0.010936360354535213
39.84014105796814,-1.5041029891481192,-6.729996577239162,5.225893588091043,0.4764541570283472,0.465517796673812,0.9419719537021591,0.010936360354535213
39.860143184661865,-1.3164236769158804,-6.596887886791331,5.280464209875451,0.4764541570283472,0.465517796673812,0.9419719537021591,0.010936360354535213
39.88020920753479,-1.127935940494421,-6.596887886791331,5.46895194629691,0.4764541570283472,0.465517796673812,0.9419719537021591,0.010936360354535213
39.90017247200012,-0.9402354846802033,-6.490400934433064,5.550165449752861,0.4764541570283472,0.465517796673812,0.9419719537021591,0.010936360354535213
39.92015361785889,-0.75221878362949,-6.405211372546452,5.652992588916962,0.4764541570283472,0.465517796673812,0.9419719537021591,0.010936360354535213
39.94014620780945,-0.5639757406149957,-6.337059723037162,5.7730839824221665,0.4764541570283472,0.465517796673812,0.9419719537021591,0.010936360354535213
39.96026587486267,-0.37444640621804515,-6.282538403429729,5.9080919972116845,0.4764541570283472,0.465517796673812,0.9419719537021591,0.010936360354535213
39.98028254508972,-0.18582788081282445,-6.2389213477437835,6.053093466930959,0.4764541570283472,0.465517796673812,0.9419719537021591,0.010936360354535213
40.000322341918945,0.003038000992744529,-6.2040277031950275,6.207065704187772,0.5464541570283472,0.5355177966738119,1.0819719537021593,0.010936360354535268
40.020248889923096,0.19083614298861232,-6.176112787556022,6.366948930544634,0.5464541570283472,0.5355177966738119,1.0819719537021593,0.010936360354535268
40.040250062942505,0.37930747039808416,-6.153780855044818,6.533088325442902,0.5464541570283472,0.5355177966738119,1.0819719537021593,0.010936360354535268
40.06016826629639,0.566937482562308,-6.135915309035855,6.702852791598163,0.5464541570283472,0.5355177966738119,1.0819719537021593,0.010936360354535268
40.08017563819885,0.7553180283492943,-6.121622872228685,6.87694090057798,0.5464541570283472,0.5355177966738119,1.0819719537021593,0.010936360354535268
40.10019111633301,0.9436554608340186,-6.121622872228685,7.065278333062704,0.5464541570283472,0.5355177966738119,1.0819719537021593,0.010936360354535268
40.12016797065735,1.1314806650671536,-6.110188922782948,7.241669587850101,0.5464541570283472,0.5355177966738119,1.0819719537021593,0.010936360354535268
40.140158891677856,1.3192596704822774,-6.013151138226359,7.332410808708636,0.5464541570283472,0.5355177966738119,1.0819719537021593,0.010936360354535268
40.16015148162842,1.506846188324542,-5.865208410581087,7.372054598905629,0.5464541570283472,0.5355177966738119,1.0819719537021593,0.010936360354535268
40.18028903007507,1.6955523863811313,-5.746854228464871,7.442406614846002,0.5464541570283472,0.5355177966738119,1.0819719537021593,0.010936360354535268
40.200297355651855,1.8827788829937313,-5.652170882771897,7.534949765765629,0.5321893881075084,0.573476310619153,1.1056656987266615,-0.041286922511644675
40.22019124031067,2.068639550507324,-5.576424206217518,7.645063756724841,0.5321893881075084,0.573476310619153,1.1056656987266615,-0.041286922511644675
40.24017024040222,2.254970093882321,-5.515826864974015,7.7707969588563355,0.5321893881075084,0.573476310619153,1.1056656987266615,-0.041286922511644675
40.2601592540741,2.4410384164726255,-5.467348991979212,7.908387408451837,0.5321893881075084,0.573476310619153,1.1056656987266615,-0.041286922511644675
40.28015995025635,2.6268300978206796,-5.42856669358337,8.05539679140405,0.5321893881075084,0.573476310619153,1.1056656987266615,-0.041286922511644675
40.30015730857849,2.812176042583507,-5.397540854866697,8.209716897450203,0.5321893881075084,0.573476310619153,1.1056656987266615,-0.041286922511644675
40.320151567459106,2.997049406928828,-5.397540854866697,8.394590261795525,0.5321893881075084,0.573476310619153,1.1056656987266615,-0.041286922511644675
40.34014940261841,3.181482712874012,-5.3727201838933585,8.554202896767372,0.5321893881075084,0.573476310619153,1.1056656987266615,-0.041286922511644675
40.36015009880066,3.3654400116413736,-5.352863647114687,8.71830365875606,0.5321893881075084,0.573476310619153,1.1056656987266615,-0.041286922511644675
40.38041663169861,3.551300102437986,-5.354556542691751,8.905856645129736,0.5321893881075084,0.573476310619153,1.1056656987266615,-0.041286922511644675
40.400264263153076,3.7327606301246132,-5.3383327341534015,9.071093364278015,0.47857850445434447,0.6215937470877543,1.1001722515420989,-0.1430152426334098
40.42026877403259,3.9150679811212257,-5.325353687322721,9.240421668443947,0.47857850445434447,0.6215937470877543,1.1001722515420989,-0.1430152426334098
40.440276861190796,4.096789242753368,-5.314970449858178,9.411759692611547,0.47857850445434447,0.6215937470877543,1.1001722515420989,-0.1430152426334098
40.460355043411255,4.278496241350853,-5.306663859886544,9.585160101237395,0.47857850445434447,0.6215937470877543,1.1001722515420989,-0.1430152426334098
40.480220556259155,4.457608551846306,-5.300018587909235,9.757627139755542,0.47857850445434447,0.6215937470877543,1.1001722515420989,-0.1430152426334098
40.500168561935425,4.636765793941667,-5.277124245327388,9.913890039269056,0.47857850445434447,0.6215937470877543,1.1001722515420989,-0.1430152426334098
40.520169258117676,4.815664950207344,-5.1181837712619105,9.933848721469253,0.47857850445434447,0.6215937470877543,1.1001722515420989,-0.1430152426334098
40.54016089439392,4.993723087464343,-5.1181837712619105,10.111906858726254,0.47857850445434447,0.6215937470877543,1.1001722515420989,-0.1430152426334098
40.560163259506226,5.1710882357432215,-4.867984517009529,10.039072752752752,0.47857850445434447,0.6215937470877543,1.1001722515420989,-0.1430152426334098
40.58016657829285,5.347645013678281,-4.5799344886076225,9.927579502285903,0.47857850445434447,0.6215937470877543,1.1001722515420989,-0.1430152426334098
40.6001763343811,5.52341346343623,-4.296760090886098,9.820173554322327,0.47857850445434447,0.6215937470877543,1.1001722515420989,-0.1430152426334098
40.62033152580261,5.6995767657493355,-4.0526424477088785,9.752219213458215,0.5039388465695083,0.5670651083672419,1.0710039549367503,-0.06312626179773362
40.64028739929199,5.87309751537971,-3.8573483331671037,9.730445848546815,0.5039388465695083,0.5670651083672419,1.0710039549367503,-0.06312626179773362
40.660176515579224,6.045119112180356,-3.701113041533683,9.74623215371404,0.5039388465695083,0.5670651083672419,1.0710039549367503,-0.06312626179773362
40.68017864227295,6.217165988179204,-3.5761248082269463,9.79329079640615,0.5039388465695083,0.5670651083672419,1.0710039549367503,-0.06312626179773362
40.70016670227051,6.38811094107219,-3.440977971581557,9.829088912653747,0.5039388465695083,0.5670651083672419,1.0710039549367503,-0.06312626179773362
40.72015833854675,6.55807865484831,-3.315282377265246,9.873361032113555,0.5039388465695083,0.5670651083672419,1.0710039549367503,-0.06312626179773362
40.74015235900879,6.727031721969764,-3.2147259018121965,9.94175762378196,0.5039388465695083,0.5670651083672419,1.0710039549367503,-0.06312626179773362
40.760151863098145,6.894969046304487,-3.2147259018121965,10.109694948116683,0.5039388465695083,0.5670651083672419,1.0710039549367503,-0.06312626179773362
40.780160427093506,7.061892961886128,-3.1342807214497572,10.196173683335886,0.5039388465695083,0.5670651083672419,1.0710039549367503,-0.06312626179773362
40.80016207695007,7.227643666916668,-3.069924577159806,10.297568244076475,0.5039388465695083,0.5670651083672419,1.0710039549367503,-0.06312626179773362
40.82029175758362,7.3933027871908985,-3.000861536727845,10.394164323918744,0.5039388465695083,0.5670651083672419,1.0710039549367503,-0.06312626179773362
40.84028339385986,7.556655378731325,-2.945611104382276,10.502266483113601,0.43393884656950826,0.5753094076970592,1.0092482542665675,-0.14137056112755092
40.86017680168152,7.71802187000115,-2.901410758505821,10.61943262850697,0.43393884656950826,0.5753094076970592,1.0092482542665675,-0.14137056112755092
40.88016223907471,7.878920636284599,-2.8836286068046566,10.762549243089255,0.43393884656950826,0.5753094076970592,1.0092482542665675,-0.14137056112755092
40.90016198158264,8.038690868219792,-2.8518247604437255,10.890515628663518,0.43393884656950826,0.5753094076970592,1.0092482542665675,-0.14137056112755092
40.92016339302063,8.19720490321279,-2.8439598083549806,11.04116471156777,0.43393884656950826,0.5753094076970592,1.0092482542665675,-0.14137056112755092
40.94015693664551,8.35436273532305,-2.837667846683985,11.192030582007035,0.43393884656950826,0.5753094076970592,1.0092482542665675,-0.14137056112755092
40.96015286445618,8.510220672229497,-2.815056152347188,11.325276824576685,0.43393884656950826,0.5753094076970592,1.0092482542665675,-0.14137056112755092
40.98015284538269,8.664766475658942,-2.815056152347188,11.47982262800613,0.43393884656950826,0.5753094076970592,1.0092482542665675,-0.14137056112755092
41.00016450881958,8.818033085043806,-2.8145449218777507,11.632578006921557,0.43393884656950826,0.5753094076970592,1.0092482542665675,-0.14137056112755092
41.02015924453735,8.969777728292685,-2.7965578125022006,11.766335540794886,0.43393884656950826,0.5753094076970592,1.0092482542665675,-0.14137056112755092
41.040201902389526,9.120465264609818,-2.7821681250017605,11.902633389611578,0.43393884656950826,0.5753094076970592,1.0092482542665675,-0.14137056112755092
41.060301065444946,9.270125104268923,-2.7706563750014084,12.040781479270331,0.4616108430735767,0.5663338096672669,1.0279446527408436,-0.10472296659369018
41.080212116241455,9.41692659746,-2.7438688500011272,12.160795447461126,0.4616108430735767,0.5663338096672669,1.0279446527408436,-0.10472296659369018
41.10017991065979,9.56266628127862,-2.704860705000902,12.267526986279522,0.4616108430735767,0.5663338096672669,1.0279446527408436,-0.10472296659369018
41.120163679122925,9.707015546062562,-2.603341689000722,12.310357235063284,0.4616108430735767,0.5663338096672669,1.0279446527408436,-0.10472296659369018
41.14017581939697,9.850036115066757,-2.4518139762005777,12.301850091267335,0.4616108430735767,0.5663338096672669,1.0279446527408436,-0.10472296659369018
41.16016912460327,9.991366956822523,-2.3305918059604624,12.321958762782986,0.4616108430735767,0.5663338096672669,1.0279446527408436,-0.10472296659369018
41.180163860321045,10.131131044399503,-2.23361406976837,12.364745114167873,0.4616108430735767,0.5663338096672669,1.0279446527408436,-0.10472296659369018
41.20016098022461,10.269312529698903,-2.23361406976837,12.502926599467273,0.4616108430735767,0.5663338096672669,1.0279446527408436,-0.10472296659369018
41.22016477584839,10.40591815389941,-2.1560318808146963,12.561950034714107,0.4616108430735767,0.5663338096672669,1.0279446527408436,-0.10472296659369018
41.24016213417053,10.540836774701646,-2.0939661296517573,12.634802904353403,0.4616108430735767,0.5663338096672669,1.0279446527408436,-0.10472296659369018
41.260274171829224,10.674850653338048,-2.0443135287214056,12.719164182059453,0.4616108430735767,0.5663338096672669,1.0279446527408436,-0.10472296659369018
41.28029179573059,10.806542814588031,-2.0045914479771247,12.811134262565156,0.5316108430735766,0.5546384852239862,1.086249328297563,-0.023027642150409533
41.300177335739136,10.93567346122397,-1.9728137833817,12.90848724460567,0.5316108430735766,0.5546384852239862,1.086249328297563,-0.023027642150409533
41.32016181945801,11.063726661671062,-1.9473916517053602,13.011118313376421,0.5316108430735766,0.5546384852239862,1.086249328297563,-0.023027642150409533
41.340163230895996,11.190141725127603,-1.9270539463642882,13.117195671491892,0.5316108430735766,0.5546384852239862,1.086249328297563,-0.023027642150409533
41.36016798019409,11.31481013885415,-1.9283619070914306,13.243172045945581,0.5316108430735766,0.5546384852239862,1.086249328297563,-0.023027642150409533
41.38016605377197,11.437650258397776,-1.9294082756731448,13.367058534070921,0.5316108430735766,0.5546384852239862,1.086249328297563,-0.023027642150409533
41.40016961097717,11.558717527445244,-1.930245370538516,13.488962897983761,0.5316108430735766,0.5546384852239862,1.086249328297563,-0.023027642150409533
41.42017102241516,11.67794619933398,-1.930245370538516,13.608191569872497,0.5316108430735766,0.5546384852239862,1.086249328297563,-0.023027642150409533
41.440176010131836,11.79535135030396,-1.9309150464308131,13.726266396734774,0.5316108430735766,0.5546384852239862,1.086249328297563,-0.023027642150409533
41.4601616859436,11.910782315345084,-1.9314507871446507,13.842233102489736,0.5316108430735766,0.5546384852239862,1.086249328297563,-0.023027642150409533
41.480294942855835,12.025166605482532,-1.9494575047157208,13.974624110198253,0.5316108430735766,0.5546384852239862,1.086249328297563,-0.023027642150409533
41.50021171569824,12.136427659335121,-1.9638628787725765,14.100290538107698,0.5187528816051781,0.5802016749838367,1.0989545565890149,-0.061448793378658606
41.52017331123352,12.246032106898483,-1.9753871780180612,14.221419284916543,0.5187528816051781,0.5802016749838367,1.0989545565890149,-0.061448793378658606
41.54028654098511,12.35452072231944,-1.984606617414449,14.33912733973389,0.5187528816051781,0.5802016749838367,1.0989545565890149,-0.061448793378658606
41.56034469604492,12.460747308452063,-1.9919821689315593,14.452729477383622,0.5187528816051781,0.5802016749838367,1.0989545565890149,-0.061448793378658606
41.58020806312561,12.563991944594026,-2.015460735145248,14.579452679739273,0.5187528816051781,0.5802016749838367,1.0989545565890149,-0.061448793378658606
41.60016441345215,12.66574911086911,-2.0166654631161984,14.682414573985309,0.5187528816051781,0.5802016749838367,1.0989545565890149,-0.061448793378658606
41.620152950286865,12.765674219015727,-2.0352073704929583,14.800881589508686,0.5187528816051781,0.5802016749838367,1.0989545565890149,-0.061448793378658606
41.64016604423523,12.863704834785032,-2.0352073704929583,14.898912205277991,0.5187528816051781,0.5802016749838367,1.0989545565890149,-0.061448793378658606
41.6601505279541,12.959565686412452,-2.032462771394367,14.992028457806818,0.5187528816051781,0.5802016749838367,1.0989545565890149,-0.061448793378658606
41.68027853965759,13.054049615355446,-2.0302670921154933,15.08431670747094,0.5187528816051781,0.5802016749838367,1.0989545565890149,-0.061448793378658606
41.70029020309448,13.145917626479159,-2.028510548692395,15.174428175171554,0.5537119929678738,0.517950800047256,1.07166279301513,0.035761192920617746
41.72017002105713,13.235122582030076,-2.027105313953916,15.262227895983992,0.5537119929678738,0.517950800047256,1.07166279301513,0.035761192920617746
41.740164279937744,13.322758229620957,-2.0259811261631326,15.34873935578409,0.5537119929678738,0.517950800047256,1.07166279301513,0.035761192920617746
41.760151863098145,13.408263061359206,-2.025081775930506,15.433344837289711,0.5537119929678738,0.517950800047256,1.07166279301513,0.035761192920617746
41.78015732765198,13.491726853303131,-2.024362295744405,15.516089149047536,0.5537119929678738,0.517950800047256,1.07166279301513,0.035761192920617746
41.80015254020691,13.573017849477017,-2.023786711595524,15.596804561072542,0.5537119929678738,0.517950800047256,1.07166279301513,0.035761192920617746
41.82015609741211,13.65219911711,-2.0233262442764195,15.67552536138642,0.5537119929678738,0.517950800047256,1.07166279301513,0.035761192920617746
41.840152740478516,13.729197528074897,-2.0229578704211355,15.752155398496033,0.5537119929678738,0.517950800047256,1.07166279301513,0.035761192920617746
41.860220432281494,13.804290666789262,-2.0229578704211355,15.827248537210398,0.5537119929678738,0.517950800047256,1.07166279301513,0.035761192920617746
41.8802330493927,13.876992115284159,-2.0226631713369088,15.899655286621067,0.5537119929678738,0.517950800047256,1.07166279301513,0.035761192920617746
41.90018653869629,13.947294387074823,-2.004849287069527,15.95214367414435,0.5537119929678738,0.517950800047256,1.07166279301513,0.035761192920617746
41.920156717300415,14.015460498429448,-1.9905981796556218,16.00605867808507,0.5537119929678738,0.517950800047256,1.07166279301513,0.035761192920617746
41.94015073776245,14.081497425493865,-1.9791972937244975,16.06069471921836,0.5537119929678738,0.517950800047256,1.07166279301513,0.035761192920617746
41.960150957107544,14.145331489519737,-1.9700765849795985,16.115408074499335,0.5537119929678738,0.517950800047256,1.07166279301513,0.035761192920617746
41.98039698600769,14.207674945078628,-1.962780017983679,16.170454963062305,0.5537119929678738,0.517950800047256,1.07166279301513,0.035761192920617746
42.000325441360474,14.26679526698286,-1.9745208893869433,16.241316156369805,0.5537119929678738,0.517950800047256,1.07166279301513,0.035761192920617746
42.02025628089905,14.323685456938431,-1.9839135865095545,16.307599043447986,0.5236394082196056,0.5381194677064195,1.0617588759260252,-0.014480059486813857
42.04031729698181,14.378678886405492,-1.9914277442076438,16.370106630613137,0.5236394082196056,0.5381194677064195,1.0617588759260252,-0.014480059486813857
42.0603084564209,14.431208310424442,-1.9974390703661151,16.428647380790558,0.5236394082196056,0.5381194677064195,1.0617588759260252,-0.014480059486813857
42.080299615859985,14.481460893523272,-1.9974390703661151,16.478899963889386,0.5236394082196056,0.5381194677064195,1.0617588759260252,-0.014480059486813857
42.10026669502258,14.529372305266428,-2.002248131292892,16.53162043655932,0.5236394082196056,0.5381194677064195,1.0617588759260252,-0.014480059486813857
42.12029480934143,14.575132859118105,-2.0060953800343135,16.581228239152416,0.5236394082196056,0.5381194677064195,1.0617588759260252,-0.014480059486813857
42.14018702507019,14.618298306157385,-2.009173179027451,16.627471485184834,0.5236394082196056,0.5381194677064195,1.0617588759260252,-0.014480059486813857
42.160167932510376,14.65935732121669,-2.011635418221961,16.670992739438653,0.5236394082196056,0.5381194677064195,1.0617588759260252,-0.014480059486813857
42.18016839027405,14.698142651413717,-2.0136052095775687,16.711747860991284,0.5236394082196056,0.5381194677064195,1.0617588759260252,-0.014480059486813857
42.20017671585083,14.734620755117689,-2.0151810426620553,16.749801797779746,0.5236394082196056,0.5381194677064195,1.0617588759260252,-0.014480059486813857
42.220287799835205,14.76893951769144,-2.0164417091296443,16.785381226821084,0.5467893549241125,0.4990012895176187,1.0457906444417313,0.04778806540649383
42.24015736579895,14.80053030408396,-2.0174502423037155,16.817980546387677,0.5467893549241125,0.4990012895176187,1.0457906444417313,0.04778806540649383
42.26015090942383,14.829989768427932,-2.0182570688429724,16.848246837270906,0.5467893549241125,0.4990012895176187,1.0457906444417313,0.04778806540649383
42.28014826774597,14.85711386783518,-2.018902530074378,16.87601639790956,0.5467893549241125,0.4990012895176187,1.0457906444417313,0.04778806540649383
42.30015277862549,14.881900919053354,-2.018902530074378,16.900803449127732,0.5467893549241125,0.4990012895176187,1.0457906444417313,0.04778806540649383
42.32015419006348,14.904333591557027,-2.0194188990595023,16.92375249061653,0.5467893549241125,0.4990012895176187,1.0457906444417313,0.04778806540649383
42.340152978897095,14.92440988650839,-2.019831994247602,16.944241880755992,0.5467893549241125,0.4990012895176187,1.0457906444417313,0.04778806540649383
42.360148906707764,14.942127363230227,-2.0201624703980814,16.962289833628308,0.5467893549241125,0.4990012895176187,1.0457906444417313,0.04778806540649383
42.38015127182007,14.957490830023627,-2.020426851318465,16.977917681342092,0.5467893549241125,0.4990012895176187,1.0457906444417313,0.04778806540649383
42.40015387535095,14.970491917842496,-2.020638356054772,16.99113027389727,0.5467893549241125,0.4990012895176187,1.0457906444417313,0.04778806540649383
42.420212507247925,14.981154846557432,-2.003229434843818,16.98438428140125,0.5467893549241125,0.4990012895176187,1.0457906444417313,0.04778806540649383
42.44017481803894,14.989404098328507,-1.9893022978750545,16.97870639620356,0.5208224945701658,0.5213498517731204,1.0421723463432864,-0.0005273572029546036
42.46015644073486,14.995299819103563,-1.9781605883000437,16.973460407403607,0.5208224945701658,0.5213498517731204,1.0421723463432864,-0.0005273572029546036
42.48015880584717,14.998834396107409,-1.969247220640035,16.968081616747444,0.5208224945701658,0.5213498517731204,1.0421723463432864,-0.0005273572029546036
42.500160694122314,14.999999923542344,-1.9621165265120284,16.96211645005437,0.5208224945701658,0.5213498517731204,1.0421723463432864,-0.0005273572029546036
42.520161151885986,14.998796500607428,-1.9621165265120284,16.960913027119457,0.5208224945701658,0.5213498517731204,1.0421723463432864,-0.0005273572029546036
42.5401508808136,14.995227036414068,-1.956411971209623,16.95163900762369,0.5208224945701658,0.5213498517731204,1.0421723463432864,-0.0005273572029546036
42.5601532459259,14.989287583860616,-1.9518483269676985,16.941135910828315,0.5208224945701658,0.5213498517731204,1.0421723463432864,-0.0005273572029546036
42.58015727996826,14.980979797340812,-1.9481974115741587,16.92917720891497,0.5208224945701658,0.5213498517731204,1.0421723463432864,-0.0005273572029546036
42.60016393661499,14.970303831497802,-1.9452766792593272,16.915580510757128,0.5208224945701658,0.5213498517731204,1.0421723463432864,-0.0005273572029546036
42.620288133621216,14.957178701666619,-1.9429400934074623,16.900118795074082,0.5208224945701658,0.5213498517731204,1.0421723463432864,-0.0005273572029546036
42.64017629623413,14.94185807607137,-1.94107082472597,16.88292890079734,0.5083176151849329,0.5010380193451419,1.009355634530075,0.007279595839790987
42.66018080711365,14.924094135337498,-1.9395754097807762,16.863669545118274,0.5083176151849329,0.5010380193451419,1.009355634530075,0.007279595839790987
42.68017053604126,14.903988182199598,-1.938379077824621,16.84236726002422,0.5083176151849329,0.5010380193451419,1.009355634530075,0.007279595839790987
42.70015835762024,14.881533388030167,-1.955000137259697,16.836533525289866,0.5083176151849329,0.5010380193451419,1.009355634530075,0.007279595839790987
42.720152616500854,14.85672312280918,-1.9507188598077578,16.80744198261694,0.5083176151849329,0.5010380193451419,1.009355634530075,0.007279595839790987
42.74015522003174,14.829556333373649,-1.9507188598077578,16.780275193181406,0.5083176151849329,0.5010380193451419,1.009355634530075,0.007279595839790987
42.76015114784241,14.800057414065293,-1.9472938378462066,16.7473512519115,0.5083176151849329,0.5010380193451419,1.009355634530075,0.007279595839790987
42.78015995025635,14.768201096856162,-1.9445538202769654,16.712754917133125,0.5083176151849329,0.5010380193451419,1.009355634530075,0.007279595839790987
42.800153493881226,14.73403761802475,-1.9423618062215726,16.676399424246323,0.5083176151849329,0.5010380193451419,1.009355634530075,0.007279595839790987
42.82015061378479,14.697542231338238,-1.9406081949772582,16.638150426315494,0.5083176151849329,0.5010380193451419,1.009355634530075,0.007279595839790987
42.840291023254395,14.658440109089396,-1.939205305981807,16.597645415071202,0.5083176151849329,0.5010380193451419,1.009355634530075,0.007279595839790987
42.86028289794922,14.617304898878531,-1.9380829947854457,16.555387893663976,0.47897932613268485,0.4665198594192042,0.945499185551889,0.012459466713480638
42.88017249107361,14.574091434053594,-1.9371851458283567,16.51127657988195,0.47897932613268485,0.4665198594192042,0.945499185551889,0.012459466713480638
42.90016174316406,14.528368240679855,-1.9364668666626856,16.46483510734254,0.47897932613268485,0.4665198594192042,0.945499185551889,0.012459466713480638
42.920162200927734,14.480325756871576,-1.9358922433301486,16.416218000201724,0.47897932613268485,0.4665198594192042,0.945499185551889,0.012459466713480638
42.940157413482666,14.430010055233705,-1.935432544664119,16.365442599897825,0.47897932613268485,0.4665198594192042,0.945499185551889,0.012459466713480638
42.96015977859497,14.377397558633369,-1.935432544664119,16.31283010329749,0.47897932613268485,0.4665198594192042,0.945499185551889,0.012459466713480638
42.98015856742859,14.322524182517713,-1.917486660731295,16.240010843249006,0.47897932613268485,0.4665198594192042,0.945499185551889,0.012459466713480638
43.00015616416931,14.265392860641915,-1.9031299535850361,16.16852281422695,0.47897932613268485,0.4665198594192042,0.945499185551889,0.012459466713480638
43.02015829086304,14.205995702932654,-1.874066462868029,16.080062165800683,0.47897932613268485,0.4665198594192042,0.945499185551889,0.012459466713480638
43.04015874862671,14.144360013226416,-1.8508156702944232,15.99517568352084,0.47897932613268485,0.4665198594192042,0.945499185551889,0.012459466713480638
43.0602867603302,14.08007618621514,-1.8322150362355387,15.912291222450678,0.47897932613268485,0.4665198594192042,0.945499185551889,0.012459466713480638
43.080164194107056,14.014382517379882,-1.8173345289884308,15.831717046368313,0.548979326132685,0.4293851598957553,0.9783644860284403,0.11959416623692964
43.100159883499146,13.946092503403026,-1.8054301231907448,15.75152262659377,0.548979326132685,0.4293851598957553,0.9783644860284403,0.11959416623692964
43.120153188705444,13.875609724753083,-1.7959065985525962,15.67151632330568,0.548979326132685,0.4293851598957553,0.9783644860284403,0.11959416623692964
43.14015460014343,13.802907385744316,-1.7882877788420768,15.591195164586393,0.548979326132685,0.4293851598957553,0.9783644860284403,0.11959416623692964
43.16015005111694,13.72804773863895,-1.7821927230736616,15.51024046171261,0.548979326132685,0.4293851598957553,0.9783644860284403,0.11959416623692964
43.18015933036804,13.65096724339177,-1.7821927230736616,15.433159966465432,0.548979326132685,0.4293851598957553,0.9783644860284403,0.11959416623692964
43.20015859603882,13.571769293480918,-1.7773166784589294,15.349085971939846,0.548979326132685,0.4293851598957553,0.9783644860284403,0.11959416623692964
43.22015905380249,13.49042344914786,-1.7734158427671434,15.263839291915003,0.548979326132685,0.4293851598957553,0.9783644860284403,0.11959416623692964
43.24015736579895,13.406956282672704,-1.7702951742137147,15.177251456886419,0.548979326132685,0.4293851598957553,0.9783644860284403,0.11959416623692964
43.26027750968933,13.320844513641337,-1.767798639370972,15.088643153012308,0.548979326132685,0.4293851598957553,0.9783644860284403,0.11959416623692964
43.28028845787048,13.233088499267334,-1.7833795364967777,15.016468035764111,0.47897932613268496,0.3593851598957553,0.8383644860284403,0.11959416623692964
43.30016756057739,13.14383933217773,-1.8134223791974224,14.957261711375153,0.47897932613268496,0.3593851598957553,0.8383644860284403,0.11959416623692964
43.320159673690796,13.052014754357568,-1.890191028357938,14.942205782715506,0.47897932613268496,0.3593851598957553,0.8383644860284403,0.11959416623692964
43.340147972106934,12.958148846826255,-1.9867621976863505,14.944911044512605,0.47897932613268496,0.3593851598957553,0.8383644860284403,0.11959416623692964
43.360154151916504,12.862152380336928,-2.0640191331490807,14.92617151348601,0.47897932613268496,0.3593851598957553,0.8383644860284403,0.11959416623692964
43.38015341758728,12.764157803598447,-2.2137153065192647,14.977873110117713,0.47897932613268496,0.3593851598957553,0.8383644860284403,0.11959416623692964
43.40015625953674,12.664129703240215,-2.2137153065192647,14.87784500975948,0.47897932613268496,0.3593851598957553,0.8383644860284403,0.11959416623692964
43.42016267776489,12.5620828022043,-2.456519120215412,15.018601922419712,0.47897932613268496,0.3593851598957553,0.8383644860284403,0.11959416623692964
43.44017767906189,12.458005874351818,-2.7386527961723295,15.196658670524148,0.47897932613268496,0.3593851598957553,0.8383644860284403,0.11959416623692964
43.46015405654907,12.352165261104512,-3.0346722369378636,15.386837498042375,0.47897932613268496,0.3593851598957553,0.8383644860284403,0.11959416623692964
43.480249881744385,12.243728379940814,-3.2714877895502914,15.515216169491104,0.47897932613268496,0.3593851598957553,0.8383644860284403,0.11959416623692964
43.50036311149597,12.133243054535152,-3.460940231640233,15.594183286175385,0.40897932613268495,0.36449677180964496,0.7734760979423299,0.04448255432303999
43.52018070220947,12.022486416624739,-3.5949240603121866,15.617410476936925,0.40897932613268495,0.36449677180964496,0.7734760979423299,0.04448255432303999
43.540159702301025,11.908940888166516,-3.702111123249749,15.611052011416264,0.40897932613268495,0.36449677180964496,0.7734760979423299,0.04448255432303999
43.560158491134644,11.793403499632928,-3.7878607735997996,15.581264273232728,0.40897932613268495,0.36449677180964496,0.7734760979423299,0.04448255432303999
43.58015418052673,11.676022359582285,-3.85646049387984,15.532482853462126,0.40897932613268495,0.36449677180964496,0.7734760979423299,0.04448255432303999
43.60015249252319,11.556782477619716,-3.9113402701038726,15.468122747723589,0.40897932613268495,0.36449677180964496,0.7734760979423299,0.04448255432303999
43.62015509605408,11.435691779488566,-3.9113402701038726,15.347032049592439,0.40897932613268495,0.36449677180964496,0.7734760979423299,0.04448255432303999
43.64023232460022,11.312332925233983,-3.937665966083098,15.24999889131708,0.40897932613268495,0.36449677180964496,0.7734760979423299,0.04448255432303999
43.6602258682251,11.187699290686101,-3.958726522866478,15.146425813552579,0.40897932613268495,0.36449677180964496,0.7734760979423299,0.04448255432303999
43.68022441864014,11.06126825677644,-3.9755749682931825,15.036843225069623,0.40897932613268495,0.36449677180964496,0.7734760979423299,0.04448255432303999
43.700265645980835,10.932815389652502,-3.9890537246345463,14.921869114287048,0.40897932613268495,0.36449677180964496,0.7734760979423299,0.04448255432303999
43.720314025878906,10.802582209918446,-3.9998367297076376,14.802418939626083,0.3490043651498854,0.43449677180964497,0.7835011369595304,-0.08549240665975955
43.74031209945679,10.670968130481176,-4.00846313376611,14.679431264247286,0.3490043651498854,0.43449677180964497,0.7835011369595304,-0.08549240665975955
43.76030731201172,10.537688495953075,-4.015364257012889,14.553052752965964,0.3490043651498854,0.43449677180964497,0.7835011369595304,-0.08549240665975955
43.780309200286865,10.402700306591303,-4.020885155610311,14.423585462201615,0.3490043651498854,0.43449677180964497,0.7835011369595304,-0.08549240665975955
43.8003408908844,10.265864307775965,-4.025301874488249,14.291166182264213,0.3490043651498854,0.43449677180964497,0.7835011369595304,-0.08549240665975955
43.82027244567871,10.128098231449702,-4.0288352495906,14.156933481040301,0.3490043651498854,0.43449677180964497,0.7835011369595304,-0.08549240665975955
43.84020400047302,9.988743738873685,-4.0288352495906,14.017578988464285,0.3490043651498854,0.43449677180964497,0.7835011369595304,-0.08549240665975955
43.86021184921265,9.847280286763981,-4.014083824672481,13.861364111436462,0.3490043651498854,0.43449677180964497,0.7835011369595304,-0.08549240665975955
43.88018012046814,9.704545042474116,-3.9319701847379847,13.6365152272121,0.3490043651498854,0.43449677180964497,0.7835011369595304,-0.08549240665975955
43.900158405303955,9.560209472827195,-3.7080761477903876,13.268285620617583,0.3490043651498854,0.43449677180964497,0.7835011369595304,-0.08549240665975955
43.920166015625,9.414152339000736,-3.3707577932323103,12.784910132233048,0.3490043651498854,0.43449677180964497,0.7835011369595304,-0.08549240665975955
43.940282583236694,9.265799940675583,-3.013012484585848,12.278812425261432,0.3490043651498854,0.43449677180964497,0.7835011369595304,-0.08549240665975955
43.96017289161682,9.117660631972434,-2.6916599876686784,11.809320619641113,0.37523758003488183,0.5044967718096449,0.8797343518445268,-0.12925919177476308
43.9801721572876,8.96727411552601,-2.4169998651349425,11.384273980660952,0.37523758003488183,0.5044967718096449,0.8797343518445268,-0.12925919177476308
44.00016450881958,8.815524389531006,-2.197271767107954,11.01279615663896,0.37523758003488183,0.5044967718096449,0.8797343518445268,-0.12925919177476308
44.0201575756073,8.662378151116702,-2.021489288686363,10.683867439803064,0.37523758003488183,0.5044967718096449,0.8797343518445268,-0.12925919177476308
44.04015779495239,8.507809451905706,-1.8808633059490907,10.388672757854795,0.37523758003488183,0.5044967718096449,0.8797343518445268,-0.12925919177476308
44.060152530670166,8.351940171128149,-1.8808633059490907,10.23280347707724,0.37523758003488183,0.5044967718096449,0.8797343518445268,-0.12925919177476308
44.08015441894531,8.194696254052262,-1.7683625197592727,9.963058773811536,0.37523758003488183,0.5044967718096449,0.8797343518445268,-0.12925919177476308
44.10015320777893,8.03618272073154,-1.6783618908074183,9.714544611538958,0.37523758003488183,0.5044967718096449,0.8797343518445268,-0.12925919177476308
44.12016463279724,7.876298980785138,-1.6063613876459348,9.482660368431073,0.37523758003488183,0.5044967718096449,0.8797343518445268,-0.12925919177476308
44.14015555381775,7.715335784172625,-1.548760985116748,9.264096769289374,0.37523758003488183,0.5044967718096449,0.8797343518445268,-0.12925919177476308
44.160282373428345,7.552048740330238,-1.4499462880933984,9.001995028423636,0.37523758003488183,0.5044967718096449,0.8797343518445268,-0.12925919177476308
44.18028020858765,7.388611937171578,-1.2830039054747187,8.671615842646297,0.35649950021877885,0.5233419499965384,0.8798414502153172,-0.16684244977775953
44.200204849243164,7.224613202617105,-1.1142937493797749,8.33890695199688,0.35649950021877885,0.5233419499965384,0.8798414502153172,-0.16684244977775953
44.220168590545654,7.0591570452309735,-0.99690374950382,8.056060794734794,0.35649950021877885,0.5233419499965384,0.8798414502153172,-0.16684244977775953
44.24015688896179,6.892384638528428,-0.9029917496030561,7.795376388131484,0.35649950021877885,0.5233419499965384,0.8798414502153172,-0.16684244977775953
44.26015615463257,6.724432722230369,-0.8278621496824449,7.552294871912814,0.35649950021877885,0.5233419499965384,0.8798414502153172,-0.16684244977775953
44.28015732765198,6.55540284924267,-0.8278621496824449,7.383264998925115,0.35649950021877885,0.5233419499965384,0.8798414502153172,-0.16684244977775953
44.300153732299805,6.385378346290189,-0.767758469745956,7.153136816036144,0.35649950021877885,0.5233419499965384,0.8798414502153172,-0.16684244977775953
44.32015371322632,6.2143152035357145,-0.7196755257967649,6.933990729332479,0.35649950021877885,0.5233419499965384,0.8798414502153172,-0.16684244977775953
44.3401665687561,6.042159689707813,-0.6812091706374119,6.723368860345225,0.35649950021877885,0.5233419499965384,0.8798414502153172,-0.16684244977775953
44.36015725135803,5.869241135890879,-0.6504360865099296,6.519677222400809,0.35649950021877885,0.5233419499965384,0.8798414502153172,-0.16684244977775953
44.38015556335449,5.69533010360068,-0.6258176192079437,6.3211477228086235,0.35649950021877885,0.5233419499965384,0.8798414502153172,-0.16684244977775953
44.400269746780396,5.5195044369470665,-0.606122845366355,6.125627282313421,0.4100722741521895,0.4737782366247847,0.8838505107769742,-0.06370596247259519
44.42016124725342,5.344758235293315,-0.590367026293084,5.935125261586399,0.4100722741521895,0.4737782366247847,0.8838505107769742,-0.06370596247259519
44.4401593208313,5.168234253259146,-0.5777623710344673,5.745996624293613,0.4100722741521895,0.4737782366247847,0.8838505107769742,-0.06370596247259519
44.46015381813049,4.990926089523729,-0.5676786468275739,5.5586047363513025,0.4100722741521895,0.4737782366247847,0.8838505107769742,-0.06370596247259519
44.48015546798706,4.812766387159004,-0.5244554174620591,5.3372218046210635,0.4100722741521895,0.4737782366247847,0.8838505107769742,-0.06370596247259519
44.500157594680786,4.633842293533706,-0.5244554174620591,5.1582977109957655,0.4100722741521895,0.4737782366247847,0.8838505107769742,-0.06370596247259519
44.52015161514282,4.454259260198551,-0.4722987089696474,4.926557969168199,0.4100722741521895,0.4737782366247847,0.8838505107769742,-0.06370596247259519
44.54031181335449,4.2724719783750125,-0.4305733421757179,4.70304532055073,0.4100722741521895,0.4737782366247847,0.8838505107769742,-0.06370596247259519
44.5602548122406,4.091968623905293,-0.3971930487405743,4.489161672645867,0.4100722741521895,0.4737782366247847,0.8838505107769742,-0.06370596247259519
44.580312728881836,3.909777152728259,-0.37048881399245953,4.280265966720719,0.4100722741521895,0.4737782366247847,0.8838505107769742,-0.06370596247259519
44.60031747817993,3.7274500761723046,-0.3491254261939676,4.076575502366272,0.45411202276125556,0.482382973623462,0.9364949963847176,-0.028270950862206434
44.62024712562561,3.545221881099059,-0.33203471595517414,3.8772565970542328,0.45411202276125556,0.482382973623462,0.9364949963847176,-0.028270950862206434
44.640291929244995,3.3613800753053056,-0.3359402727641393,3.6973203480694448,0.45411202276125556,0.482382973623462,0.9364949963847176,-0.028270950862206434
44.660181760787964,3.1784325139838208,-0.32148659321131146,3.499919107195132,0.45411202276125556,0.482382973623462,0.9364949963847176,-0.028270950862206434
44.68016695976257,2.9941078318024035,-0.32750177456904916,3.3216096063714526,0.45411202276125556,0.482382973623462,0.9364949963847176,-0.028270950862206434
44.70015239715576,2.809308837535147,-0.3323139196552393,3.1416227571903863,0.45411202276125556,0.482382973623462,0.9364949963847176,-0.028270950862206434
44.72017049789429,2.623763768416149,-0.3323139196552393,2.956077688071388,0.45411202276125556,0.482382973623462,0.9364949963847176,-0.028270950862206434
44.74016618728638,2.438012039868867,-0.3361636357241915,2.7741756755930584,0.45411202276125556,0.482382973623462,0.9364949963847176,-0.028270950862206434
44.76015877723694,2.251904367382373,-0.3568215335793532,2.6087259009617263,0.45411202276125556,0.482382973623462,0.9364949963847176,-0.028270950862206434
44.78015446662903,2.0654124232434885,-0.37334785186348257,2.4387602751069712,0.45411202276125556,0.482382973623462,0.9364949963847176,-0.028270950862206434
44.80027961730957,1.8773839237793357,-0.38656890649078607,2.2639528302701217,0.45411202276125556,0.482382973623462,0.9364949963847176,-0.028270950862206434
44.82029104232788,1.6901202597299996,-0.4147238751926289,2.1048441349226286,0.4710830185748637,0.4613859373750165,0.9324689559498802,0.00969708119984719
44.840198040008545,1.5035686518521159,-0.4372478501541031,1.940816502006219,0.4710830185748637,0.4613859373750165,0.9324689559498802,0.00969708119984719
44.86018252372742,1.3160543451375326,-0.45526703012328257,1.7713213752608152,0.4710830185748637,0.4613859373750165,0.9324689559498802,0.00969708119984719
44.88016653060913,1.1283370218677329,-0.46968237409862607,1.598019395966359,0.4710830185748637,0.4613859373750165,0.9324689559498802,0.00969708119984719
44.9001522064209,0.9404261075948883,-0.4812146492789009,1.4216407568737892,0.4710830185748637,0.4613859373750165,0.9324689559498802,0.00969708119984719
44.920148849487305,0.7522636679249844,-0.49044046942312064,1.2427041373481051,0.4710830185748637,0.4613859373750165,0.9324689559498802,0.00969708119984719
44.94015407562256,0.5639016406473358,-0.49044046942312064,1.0543421100704564,0.4710830185748637,0.4613859373750165,0.9324689559498802,0.00969708119984719
44.96026158332825,0.3744868403714625,-0.4978211255384965,0.8723079659099591,0.4710830185748637,0.4613859373750165,0.9324689559498802,0.00969708119984719
44.980342388153076,0.18526391637936618,-0.5037256504307972,0.6889895668101633,0.4710830185748637,0.4613859373750165,0.9324689559498802,0.00969708119984719
45.00026774406433,-0.0025234283446987256,-0.5084492703446378,0.5059258419999391,0.4710830185748637,0.4613859373750165,0.9324689559498802,0.00969708119984719
45.020264863967896,-0.19098668261971882,-0.5122281662757102,0.32124148365599137,0.4710830185748637,0.4613859373750165,0.9324689559498802,0.00969708119984719
45.04029631614685,-0.3797432570219968,-0.49767315802056816,0.11792990099857137,0.46849267382174736,0.4496730081411078,0.9181656819628552,0.018819665680639586
45.06025552749634,-0.5677593115120756,-0.4860291514164546,-0.08173016009562101,0.46849267382174736,0.4496730081411078,0.9181656819628552,0.018819665680639586
45.08029866218567,-0.756476028949464,-0.49429207113316376,-0.2621839578163002,0.46849267382174736,0.4496730081411078,0.9181656819628552,0.018819665680639586
45.10025596618652,-0.9442654448532077,-0.48332428190653104,-0.4609411629466767,0.46849267382174736,0.4496730081411078,0.9181656819628552,0.018819665680639586
45.12024450302124,-1.1321999092701138,-0.4921281755252248,-0.640071733744889,0.46849267382174736,0.4496730081411078,0.9181656819628552,0.018819665680639586
45.140342235565186,-1.3209809409609656,-0.4815931654201798,-0.8393877755407858,0.46849267382174736,0.4496730081411078,0.9181656819628552,0.018819665680639586
45.16034722328186,-1.5086816664413247,-0.4815931654201798,-1.027088501021145,0.46849267382174736,0.4496730081411078,0.9181656819628552,0.018819665680639586
45.18022084236145,-1.694913849663582,-0.47316515733614384,-1.2217486923274383,0.46849267382174736,0.4496730081411078,0.9181656819628552,0.018819665680639586
45.2002899646759,-1.8827097755750652,-0.46642275086891505,-1.41628702470615,0.46849267382174736,0.4496730081411078,0.9181656819628552,0.018819665680639586
45.22023558616638,-2.0690535059792308,-0.46102882569513204,-1.6080246802840987,0.46849267382174736,0.4496730081411078,0.9181656819628552,0.018819665680639586
45.24032807350159,-2.2564407197909593,-0.4567136855561057,-1.7997270342348535,0.46849267382174736,0.4496730081411078,0.9181656819628552,0.018819665680639586
45.26018834114075,-2.441308900843141,-0.45326157344488455,-1.9880473273982562,0.5384926738217473,0.5118408426316454,1.0503335164533927,0.026651831190101838
45.28015875816345,-2.6268190362296835,-0.45049988375590766,-2.1763191524737757,0.5384926738217473,0.5118408426316454,1.0503335164533927,0.026651831190101838
45.300151348114014,-2.8121208625826313,-0.4482905320047261,-2.363830330577905,0.5384926738217473,0.5118408426316454,1.0503335164533927,0.026651831190101838
45.320154428482056,-2.997075827718508,-0.44652305060378095,-2.550552777114727,0.5384926738217473,0.5118408426316454,1.0503335164533927,0.026651831190101838
45.34015417098999,-3.181526631218811,-0.44510906548302476,-2.736417565735786,0.5384926738217473,0.5118408426316454,1.0503335164533927,0.026651831190101838
45.36014914512634,-3.3654312526190155,-0.4439778773864198,-2.9214533752325957,0.5384926738217473,0.5118408426316454,1.0503335164533927,0.026651831190101838
45.38015627861023,-3.548916046081888,-0.4439778773864198,-3.104938168695468,0.5384926738217473,0.5118408426316454,1.0503335164533927,0.026651831190101838
45.40015268325806,-3.7317420870969564,-0.44307292690913586,-3.2886691601878204,0.5384926738217473,0.5118408426316454,1.0503335164533927,0.026651831190101838
45.4201557636261,-3.914039792142721,-0.4599270915273087,-3.454112700615412,0.5384926738217473,0.5118408426316454,1.0503335164533927,0.026651831190101838
45.44029521942139,-4.096955686452325,-0.47341042322184695,-3.623545263230478,0.5384926738217473,0.5118408426316454,1.0503335164533927,0.026651831190101838
45.46036100387573,-4.27855008371969,-0.48419708857747756,-3.794352995142212,0.5322045155800879,0.4808394815446808,1.0130439971247687,0.05136503403540704
45.4802086353302,-4.45750127530224,-0.510404545861982,-3.947096729440258,0.5322045155800879,0.4808394815446808,1.0130439971247687,0.05136503403540704
45.50017428398132,-4.636817081684771,-0.5489486366895857,-4.087868444995185,0.5322045155800879,0.4808394815446808,1.0130439971247687,0.05136503403540704
45.52016472816467,-4.815624516418488,-0.5797839093516686,-4.2358406070668195,0.5322045155800879,0.4808394815446808,1.0130439971247687,0.05136503403540704
45.540154457092285,-4.9936658780985965,-0.6220302524813349,-4.3716356256172615,0.5322045155800879,0.4808394815446808,1.0130439971247687,0.05136503403540704
45.56015992164612,-5.17105870560029,-0.6558273269850678,-4.515231378615222,0.5322045155800879,0.4808394815446808,1.0130439971247687,0.05136503403540704
45.58015727996826,-5.347563137271731,-0.6828649865880544,-4.664698150683677,0.5322045155800879,0.4808394815446808,1.0130439971247687,0.05136503403540704
45.60015654563904,-5.523240063118468,-0.6828649865880544,-4.840375076530414,0.5322045155800879,0.4808394815446808,1.0130439971247687,0.05136503403540704
45.62015628814697,-5.698049026584372,-0.7044951142704435,-4.993553912313929,0.5322045155800879,0.4808394815446808,1.0130439971247687,0.05136503403540704
45.640151262283325,-5.871916870926294,-0.7393773414163548,-5.132539529509939,0.5322045155800879,0.4808394815446808,1.0130439971247687,0.05136503403540704
45.6602942943573,-6.0461349992599445,-0.7672831231330839,-5.27885187612686,0.5322045155800879,0.4808394815446808,1.0130439971247687,0.05136503403540704
45.680283308029175,-6.218063704259032,-0.7896077485064671,-5.428455955752566,0.600067547801882,0.4648590180696919,1.0649265658715739,0.1352085297321901
45.70015621185303,-6.38802148522333,-0.8426236988051737,-5.545397786418157,0.600067547801882,0.4648590180696919,1.0649265658715739,0.1352085297321901
45.7201611995697,-6.558102905683317,-0.902614584044139,-5.655488321639178,0.600067547801882,0.4648590180696919,1.0649265658715739,0.1352085297321901
45.74015808105469,-6.727079923596195,-0.9330291672353114,-5.794050756360884,0.600067547801882,0.4648590180696919,1.0649265658715739,0.1352085297321901
45.76015257835388,-6.894975033048331,-0.9573608337882492,-5.937614199260081,0.600067547801882,0.4648590180696919,1.0649265658715739,0.1352085297321901
45.780155420303345,-7.061851330632843,-0.9768261670305994,-6.085025163602244,0.600067547801882,0.4648590180696919,1.0649265658715739,0.1352085297321901
45.80015301704407,-7.227568845262652,-0.9923984336244797,-6.235170411638172,0.600067547801882,0.4648590180696919,1.0649265658715739,0.1352085297321901
45.82016134262085,-7.3922333026534695,-0.9923984336244797,-6.3998348690289895,0.600067547801882,0.4648590180696919,1.0649265658715739,0.1352085297321901
45.84016728401184,-7.555710057136677,-1.0048562468995839,-6.5508538102370935,0.600067547801882,0.4648590180696919,1.0649265658715739,0.1352085297321901
45.86015963554382,-7.717883142102663,-1.0148224975196671,-6.703060644582996,0.600067547801882,0.4648590180696919,1.0649265658715739,0.1352085297321901
45.88021516799927,-7.879345118167802,-1.0227954980157339,-6.856549620152068,0.600067547801882,0.4648590180696919,1.0649265658715739,0.1352085297321901
45.90029287338257,-8.03973235876168,-1.029173898412587,-7.010558460349094,0.6194785063154995,0.495600281250663,1.1150787875661625,0.12387822506483648
45.9201774597168,-8.197315931143935,-1.0694328687300696,-7.127883062413865,0.6194785063154995,0.495600281250663,1.1150787875661625,0.12387822506483648
45.94017171859741,-8.354478443120785,-1.1719525449840558,-7.1825258981367295,0.6194785063154995,0.495600281250663,1.1150787875661625,0.12387822506483648
45.96015739440918,-8.510255829605736,-1.2715464109872447,-7.238709418618491,0.6194785063154995,0.495600281250663,1.1150787875661625,0.12387822506483648
45.98015284538269,-8.66476647565894,-1.3512215037897959,-7.313544971869144,0.6194785063154995,0.495600281250663,1.1150787875661625,0.12387822506483648
46.0001585483551,-8.817987641012698,-1.414961578031837,-7.40302606298086,0.6194785063154995,0.495600281250663,1.1150787875661625,0.12387822506483648
46.020161390304565,-8.969793937467937,-1.4659536374254698,-7.503840300042468,0.6194785063154995,0.495600281250663,1.1150787875661625,0.12387822506483648
46.040162563323975,-9.120170908984953,-1.4659536374254698,-7.654217271559483,0.6194785063154995,0.495600281250663,1.1150787875661625,0.12387822506483648
46.06016397476196,-9.269109297532667,-1.5770597849403758,-7.692049512592291,0.6194785063154995,0.495600281250663,1.1150787875661625,0.12387822506483648
46.08015322685242,-9.416494575756674,-1.6835228279523007,-7.732971747804374,0.6194785063154995,0.495600281250663,1.1150787875661625,0.12387822506483648
46.100285053253174,-9.563429725708408,-1.7686932623618408,-7.794736463346568,0.6194785063154995,0.495600281250663,1.1150787875661625,0.12387822506483648
46.12029409408569,-9.70795257421451,-1.8544077348894727,-7.853544839325036,0.6437507004477083,0.464758068290539,1.1085087687382473,0.17899263215716932
46.1401731967926,-9.850017473665092,-1.9229793129115782,-7.927038160753514,0.6437507004477083,0.464758068290539,1.1085087687382473,0.17899263215716932
46.160167932510376,-9.991358576808873,-1.9778365753292626,-8.01352200147961,0.6437507004477083,0.464758068290539,1.1085087687382473,0.17899263215716932
46.180169343948364,-10.13116915687646,-2.03930051026341,-8.091868646613051,0.6437507004477083,0.464758068290539,1.1085087687382473,0.17899263215716932
46.200156688690186,-10.269283048043809,-2.0884716582107283,-8.18081138983308,0.6437507004477083,0.464758068290539,1.1085087687382473,0.17899263215716932
46.22016525268555,-10.405921390705666,-2.127808576568583,-8.278112814137083,0.6437507004477083,0.464758068290539,1.1085087687382473,0.17899263215716932
46.2401556968689,-10.540793609990303,-2.1592781112548667,-8.381515498735435,0.6437507004477083,0.464758068290539,1.1085087687382473,0.17899263215716932
46.26016449928284,-10.674124468010456,-2.1592781112548667,-8.514846356755589,0.6437507004477083,0.464758068290539,1.1085087687382473,0.17899263215716932
46.280163526535034,-10.805704375650155,-2.1844537390038936,-8.621250636646261,0.6437507004477083,0.464758068290539,1.1085087687382473,0.17899263215716932
46.30028462409973,-10.936365547036864,-2.204594241203115,-8.73177130583375,0.6437507004477083,0.464758068290539,1.1085087687382473,0.17899263215716932
46.32030153274536,-11.064615776057957,-2.238284767962492,-8.826331008095465,0.6672297690995037,0.394758068290539,1.0619878373900427,0.2724717008089647
46.34020662307739,-11.19041406300854,-2.353127814369994,-8.837286248638545,0.6672297690995037,0.394758068290539,1.0619878373900427,0.2724717008089647
46.36017894744873,-11.314877997647121,-2.5328928764959953,-8.781985121151127,0.6672297690995037,0.394758068290539,1.0619878373900427,0.2724717008089647
46.38017010688782,-11.437674972676334,-2.6942830511967966,-8.743391921479537,0.6672297690995037,0.394758068290539,1.0619878373900427,0.2724717008089647
46.40017366409302,-11.55874187368686,-2.8233951909574375,-8.735346682729421,0.6672297690995037,0.394758068290539,1.0619878373900427,0.2724717008089647
46.4201557636261,-11.677855942094347,-2.9794192777659507,-8.698436664328396,0.6672297690995037,0.394758068290539,1.0619878373900427,0.2724717008089647
46.440155029296875,-11.795229191093147,-3.280019797212761,-8.515209393880387,0.6672297690995037,0.394758068290539,1.0619878373900427,0.2724717008089647
46.460166931152344,-11.910812364283098,-3.661125212770209,-8.24968715151289,0.6672297690995037,0.394758068290539,1.0619878373900427,0.2724717008089647
46.480162143707275,-12.024418410189464,-3.661125212770209,-8.363293197419255,0.6672297690995037,0.394758068290539,1.0619878373900427,0.2724717008089647
46.50016379356384,-12.136162226014743,-4.001165795216168,-8.134996430798576,0.6672297690995037,0.394758068290539,1.0619878373900427,0.2724717008089647
46.520297050476074,-12.246705540095906,-4.308354511172935,-7.9383510289229715,0.6672297690995037,0.394758068290539,1.0619878373900427,0.2724717008089647
46.54028367996216,-12.354505430170693,-4.606839858938348,-7.7476655712323454,0.6802469336427748,0.3777924406202509,1.0580393742630256,0.30245449302252386
46.56030869483948,-12.460558416533686,-4.845628137150679,-7.614930279383008,0.6802469336427748,0.3777924406202509,1.0580393742630256,0.30245449302252386
46.58034086227417,-12.56467563233669,-5.036658759720543,-7.528016872616147,0.6802469336427748,0.3777924406202509,1.0580393742630256,0.30245449302252386
46.6002094745636,-12.66597662955012,-5.207061382776435,-7.458915246773684,0.6802469336427748,0.3777924406202509,1.0580393742630256,0.30245449302252386
46.62017035484314,-12.76576035137342,-5.3433834812211485,-7.422376870152271,0.6802469336427748,0.3777924406202509,1.0580393742630256,0.30245449302252386
46.6401686668396,-12.863717548196746,-5.452441159976919,-7.411276388219827,0.6802469336427748,0.3777924406202509,1.0580393742630256,0.30245449302252386
46.66017937660217,-12.95970259323788,-5.539687302981536,-7.4200152902563445,0.6802469336427748,0.3777924406202509,1.0580393742630256,0.30245449302252386
46.68016815185547,-13.053537118476434,-5.609484217385229,-7.444052901091205,0.6802469336427748,0.3777924406202509,1.0580393742630256,0.30245449302252386
46.70016646385193,-13.145355944795849,-5.609484217385229,-7.53587172741062,0.6802469336427748,0.3777924406202509,1.0580393742630256,0.30245449302252386
46.72016525268555,-13.235101432374911,-5.735634248908183,-7.499467183466728,0.6802469336427748,0.3777924406202509,1.0580393742630256,0.30245449302252386
46.74014973640442,-13.322695247215758,-5.889288649126548,-7.433406598089211,0.6802469336427748,0.3777924406202509,1.0580393742630256,0.30245449302252386
46.76014709472656,-13.408242914412192,-6.012212169301239,-7.396030745110953,0.6802469336427748,0.3777924406202509,1.0580393742630256,0.30245449302252386
46.78022646903992,-13.492011625726803,-6.110550985440991,-7.3814606402858125,0.6802469336427748,0.3777924406202509,1.0580393742630256,0.30245449302252386
46.80024027824402,-13.573369838939804,-6.189222038352793,-7.384147800587011,0.6802469336427748,0.3777924406202509,1.0580393742630256,0.30245449302252386
46.82024073600769,-13.65252957398748,-6.252158880682235,-7.400370693305244,0.6802469336427748,0.3777924406202509,1.0580393742630256,0.30245449302252386
46.840245962142944,-13.729551418321334,-6.302508354545789,-7.427043063775545,0.6802469336427748,0.3777924406202509,1.0580393742630256,0.30245449302252386
46.860235929489136,-13.80434781067239,-6.3427879336366315,-7.461559877035758,0.6802469336427748,0.3777924406202509,1.0580393742630256,0.30245449302252386
46.88033628463745,-13.877361467675302,-6.375011596909306,-7.502349870765996,0.6802469336427748,0.3777924406202509,1.0580393742630256,0.30245449302252386
46.900381088256836,-13.947969071227396,-6.4007905275274455,-7.547178543699951,0.670021968241781,0.35472504634875796,1.0247470145905389,0.315296921893023
46.92022228240967,-14.015680669627582,-6.4007905275274455,-7.614890142100136,0.670021968241781,0.35472504634875796,1.0247470145905389,0.315296921893023
46.940163135528564,-14.081537684891261,-6.421413672021957,-7.660124012869304,0.670021968241781,0.35472504634875796,1.0247470145905389,0.315296921893023
46.96015214920044,-14.14533522780861,-6.437912187617566,-7.707423040191045,0.670021968241781,0.35472504634875796,1.0247470145905389,0.315296921893023
46.98015308380127,-14.20693756049371,-6.451111000094053,-7.755826560399657,0.670021968241781,0.35472504634875796,1.0247470145905389,0.315296921893023
47.000155448913574,-14.266300408370393,-6.461670050075243,-7.8046303582951495,0.670021968241781,0.35472504634875796,1.0247470145905389,0.315296921893023
47.020161628723145,-14.323420585186131,-6.487695415060195,-7.8357251701259365,0.670021968241781,0.35472504634875796,1.0247470145905389,0.315296921893023
47.040162563323975,-14.378263444892573,-6.508515707048156,-7.869747737844417,0.670021968241781,0.35472504634875796,1.0247470145905389,0.315296921893023
47.060160398483276,-14.430827627431164,-6.613062565638526,-7.817765061792638,0.670021968241781,0.35472504634875796,1.0247470145905389,0.315296921893023
47.08016109466553,-14.481120539140433,-6.8021688025108205,-7.678951736629612,0.670021968241781,0.35472504634875796,1.0247470145905389,0.315296921893023
47.10029125213623,-14.52942982408771,-6.9886100420086565,-7.540819782079054,0.670021968241781,0.35472504634875796,1.0247470145905389,0.315296921893023
47.120314836502075,-14.57517746354245,-7.137763033606926,-7.437414429935525,0.6541999413631856,0.36291252196300766,1.0171124633261932,0.29128741940017794
47.140174865722656,-14.618272617615874,-7.137763033606926,-7.480509584008948,0.6541999413631856,0.36291252196300766,1.0171124633261932,0.29128741940017794
47.16015577316284,-14.659333036771343,-7.257085426885542,-7.402247609885801,0.6541999413631856,0.36291252196300766,1.0171124633261932,0.29128741940017794
47.180163621902466,-14.698133680871912,-7.352543341508434,-7.345590339363478,0.6541999413631856,0.36291252196300766,1.0171124633261932,0.29128741940017794
47.2001588344574,-14.734589193540115,-7.428909673206747,-7.305679520333368,0.6541999413631856,0.36291252196300766,1.0171124633261932,0.29128741940017794
47.220154762268066,-14.768720236751331,-7.490002738565399,-7.278717498185933,0.6541999413631856,0.36291252196300766,1.0171124633261932,0.29128741940017794
47.24016070365906,-14.800535417318269,-7.538877190852319,-7.26165822646595,0.6541999413631856,0.36291252196300766,1.0171124633261932,0.29128741940017794
47.26016020774841,-14.830002924925754,-7.577976752681856,-7.252026172243898,0.6541999413631856,0.36291252196300766,1.0171124633261932,0.29128741940017794
47.28015756607056,-14.85712593469861,-7.609256402145486,-7.247869532553124,0.6541999413631856,0.36291252196300766,1.0171124633261932,0.29128741940017794
47.30017614364624,-14.881928496125434,-7.634280121716389,-7.247648374409045,0.6541999413631856,0.36291252196300766,1.0171124633261932,0.29128741940017794
47.32030749320984,-14.904496443665286,-7.654299097373112,-7.250197346292174,0.6799613147042691,0.33549066193867466,1.0154519766429437,0.34447065276559447
47.34018111228943,-14.92443646982573,-7.67031427789849,-7.25412219192724,0.6799613147042691,0.33549066193867466,1.0154519766429437,0.34447065276559447
47.36016631126404,-14.94214175763895,-7.67031427789849,-7.27182747974046,0.6799613147042691,0.33549066193867466,1.0154519766429437,0.34447065276559447
47.380165815353394,-14.957501141421082,-7.683126422318793,-7.274374719102289,0.6799613147042691,0.33549066193867466,1.0154519766429437,0.34447065276559447
47.40015459060669,-14.970492340469354,-7.693376137855035,-7.2771162026143195,0.6799613147042691,0.33549066193867466,1.0154519766429437,0.34447065276559447
47.42016291618347,-14.981131418183454,-7.701575910284029,-7.279555507899425,0.6799613147042691,0.33549066193867466,1.0154519766429437,0.34447065276559447
47.440162658691406,-14.989399791206942,-7.708135728227224,-7.2812640629797185,0.6799613147042691,0.33549066193867466,1.0154519766429437,0.34447065276559447
47.460164308547974,-14.995301675090525,-7.71338358258178,-7.281918092508746,0.6799613147042691,0.33549066193867466,1.0154519766429437,0.34447065276559447
47.480164766311646,-14.99883509630792,-7.717581866065424,-7.281253230242496,0.6799613147042691,0.33549066193867466,1.0154519766429437,0.34447065276559447
47.50015449523926,-14.999999929327378,-7.72094049285234,-7.2790594364750385,0.6799613147042691,0.33549066193867466,1.0154519766429437,0.34447065276559447
47.5202796459198,-14.998782312465792,-7.7236273942818725,-7.27515491818392,0.6799613147042691,0.33549066193867466,1.0154519766429437,0.34447065276559447
47.54028296470642,-14.995195583312752,-7.7257769154255,-7.269418667887252,0.677371827699244,0.32682165530044577,1.0041934829996897,0.3505501723987982
47.560176610946655,-14.989279261296906,-7.7274965323404,-7.261782728956506,0.677371827699244,0.32682165530044577,1.0041934829996897,0.3505501723987982
47.58025050163269,-14.980935540597384,-7.7274965323404,-7.253439008256985,0.677371827699244,0.32682165530044577,1.0041934829996897,0.3505501723987982
47.60018706321716,-14.970290121494866,-7.79918472587232,-7.171105395622546,0.677371827699244,0.32682165530044577,1.0041934829996897,0.3505501723987982
47.620166063308716,-14.957265527766674,-7.944425905697856,-7.012839622068818,0.677371827699244,0.32682165530044577,1.0041934829996897,0.3505501723987982
47.64016795158386,-14.941864993730968,-8.095775099558287,-6.846089894172682,0.677371827699244,0.32682165530044577,1.0041934829996897,0.3505501723987982
47.660160303115845,-14.92411355040407,-8.21685445464663,-6.70725909575744,0.677371827699244,0.32682165530044577,1.0041934829996897,0.3505501723987982
47.6801700592041,-14.90398868986351,-8.313717938717303,-6.590270751146207,0.677371827699244,0.32682165530044577,1.0041934829996897,0.3505501723987982
47.7002010345459,-14.881482931373386,-8.391208725973843,-6.490274205399542,0.677371827699244,0.32682165530044577,1.0041934829996897,0.3505501723987982
47.72018218040466,-14.856684700828788,-8.453201355779077,-6.403483345049711,0.677371827699244,0.32682165530044577,1.0041934829996897,0.3505501723987982
47.74015402793884,-14.829558022268957,-8.502795459623263,-6.326762562645694,0.677371827699244,0.32682165530044577,1.0041934829996897,0.3505501723987982
47.76016974449158,-14.800028891331216,-8.54247074269861,-6.257558148632606,0.677371827699244,0.32682165530044577,1.0041934829996897,0.3505501723987982
47.78027272224426,-14.768014931192793,-8.54247074269861,-6.225544188494183,0.7,0.3216993532003834,1.0216993532003833,0.37830064679961656
47.80024862289429,-14.733869506337243,-8.574210969158889,-6.159658537178354,0.7,0.3216993532003834,1.0216993532003833,0.37830064679961656
47.82035994529724,-14.697147912846257,-8.59960315032711,-6.097544762519146,0.7,0.3216993532003834,1.0216993532003833,0.37830064679961656
47.840227127075195,-14.658567877117228,-8.619916895261689,-6.03865098185554,0.7,0.3216993532003834,1.0216993532003833,0.37830064679961656
47.8602352142334,-14.617405759335382,-8.636167891209352,-5.98123786812603,0.7,0.3216993532003834,1.0216993532003833,0.37830064679961656
47.8803014755249,-14.573803758218668,-8.649168687967482,-5.9246350702511865,0.7,0.3216993532003834,1.0216993532003833,0.37830064679961656
47.900233030319214,-14.528201073790605,-8.659569325373987,-5.868631748416618,0.7,0.3216993532003834,1.0216993532003833,0.37830064679961656
47.92024254798889,-14.480128140849299,-8.66788983529919,-5.812238305550109,0.7,0.3216993532003834,1.0216993532003833,0.37830064679961656
47.94024157524109,-14.42979345250382,-8.674546243239353,-5.755247209264466,0.7,0.3216993532003834,1.0216993532003833,0.37830064679961656
47.96024227142334,-14.377175868702588,-8.679871369591483,-5.697304499111105,0.7,0.3216993532003834,1.0216993532003833,0.37830064679961656
47.980260372161865,-14.322239054400416,-8.684131470673188,-5.638107583727228,0.7,0.3216993532003834,1.0216993532003833,0.37830064679961656
48.00031042098999,-14.264943397852035,-8.684131470673188,-5.580811927178846,0.7,0.3508897389145567,1.0508897389145566,0.34911026108544324
48.02022075653076,-14.205806688994393,-8.722695801538551,-5.483110887455842,0.7,0.3508897389145567,1.0508897389145566,0.34911026108544324
48.04026198387146,-14.144036068771005,-8.823859766230841,-5.320176302540164,0.7,0.3508897389145567,1.0508897389145566,0.34911026108544324
48.06024408340454,-14.080214871647257,-8.904790937984673,-5.175423933662584,0.7,0.3508897389145567,1.0508897389145566,0.34911026108544324
48.08025765419006,-14.014068466284863,-8.96953587538774,-5.0445325908971235,0.7,0.3508897389145567,1.0508897389145566,0.34911026108544324
48.1002516746521,-13.945773930719618,-9.021331825310192,-4.924442105409426,0.7,0.3508897389145567,1.0508897389145566,0.34911026108544324
48.12030816078186,-13.87505483215981,-9.062768585248154,-4.812286246911656,0.7,0.3508897389145567,1.0508897389145566,0.34911026108544324
48.14030647277832,-13.802346996049167,-9.095917993198523,-4.706429002850644,0.7,0.3508897389145567,1.0508897389145566,0.34911026108544324
48.16030168533325,-13.72747175184896,-9.122437519558819,-4.605034232290141,0.7,0.3508897389145567,1.0508897389145566,0.34911026108544324
48.18030500411987,-13.650398147167605,-9.143653140647055,-4.50674500652055,0.7,0.3508897389145567,1.0508897389145566,0.34911026108544324
48.20030951499939,-13.571163485252118,-9.160625637517645,-4.4105378477344725,0.7,0.3508897389145567,1.0508897389145566,0.34911026108544324
48.22021532058716,-13.490191589708791,-9.174203635014116,-4.315987954694675,0.670008973032236,0.3712336703063919,1.041242643338628,0.2987753027258441
48.24029588699341,-13.406370738101392,-9.174203635014116,-4.232167103087276,0.670008973032236,0.3712336703063919,1.041242643338628,0.2987753027258441
48.26029944419861,-13.32074947239384,-9.185066033011294,-4.135683439382547,0.670008973032236,0.3712336703063919,1.041242643338628,0.2987753027258441
48.28024435043335,-13.233284233600386,-9.211334076409036,-4.02195015719135,0.670008973032236,0.3712336703063919,1.041242643338628,0.2987753027258441
48.30020809173584,-13.143655264134425,-9.232348511127228,-3.9113067530071977,0.670008973032236,0.3712336703063919,1.041242643338628,0.2987753027258441
48.320295572280884,-13.051383502867113,-9.249160058901783,-3.80222344396533,0.670008973032236,0.3712336703063919,1.041242643338628,0.2987753027258441
48.34030890464783,-12.957384786520013,-9.262609297121427,-3.6947754893985856,0.670008973032236,0.3712336703063919,1.041242643338628,0.2987753027258441
48.36030435562134,-12.86142394606712,-9.273368687697143,-3.5880552583699767,0.670008973032236,0.3712336703063919,1.041242643338628,0.2987753027258441
48.38031244277954,-12.76337049721619,-9.281976200157716,-3.4813942970584737,0.670008973032236,0.3712336703063919,1.041242643338628,0.2987753027258441
48.400238275527954,-12.663715437610481,-9.288862210126174,-3.374853227484307,0.670008973032236,0.3712336703063919,1.041242643338628,0.2987753027258441
48.420337438583374,-12.561182629233185,-9.294371018100941,-3.266811611132244,0.670008973032236,0.3712336703063919,1.041242643338628,0.2987753027258441
48.44034385681152,-12.457133489096003,-9.298778064480752,-3.1583554246152516,0.6225620701909065,0.4033732882561161,1.0259353584470225,0.21918878193479036
48.460341691970825,-12.35116186330303,-9.298778064480752,-3.0523837988222784,0.6225620701909065,0.4033732882561161,1.0259353584470225,0.21918878193479036
48.48034310340881,-12.243220794719292,-9.302303701584602,-2.94091709313469,0.6225620701909065,0.4033732882561161,1.0259353584470225,0.21918878193479036
48.500293493270874,-12.13362883127337,-9.30512421126768,-2.82850462000569,0.6225620701909065,0.4033732882561161,1.0259353584470225,0.21918878193479036
48.52024579048157,-12.022119570409826,-9.307380619014143,-2.7147389513956828,0.6225620701909065,0.4033732882561161,1.0259353584470225,0.21918878193479036
48.540305376052856,-11.90810607539788,-9.309185745211314,-2.5989203301865658,0.6225620701909065,0.4033732882561161,1.0259353584470225,0.21918878193479036
48.56030750274658,-11.792535615103828,-9.310629846169052,-2.4819057689347765,0.6225620701909065,0.4033732882561161,1.0259353584470225,0.21918878193479036
48.58031105995178,-11.675094115948506,-9.311785126935241,-2.363308989013264,0.6225620701909065,0.4033732882561161,1.0259353584470225,0.21918878193479036
48.60030674934387,-11.555855605888304,-9.295131226548193,-2.260724379340111,0.6225620701909065,0.4033732882561161,1.0259353584470225,0.21918878193479036
48.62029695510864,-11.434826527320569,-9.281808106238554,-2.153018421082015,0.6225620701909065,0.4033732882561161,1.0259353584470225,0.21918878193479036
48.6402633190155,-11.312141092064188,-9.271149609990845,-2.040991482073343,0.6925620701909065,0.4004749176418408,1.0930369878327473,0.29208715254906575
48.660244941711426,-11.18757954631366,-9.262622812992676,-1.9249567333209843,0.6925620701909065,0.4004749176418408,1.0930369878327473,0.29208715254906575
48.68025255203247,-11.061089162322727,-9.262622812992676,-1.7984663493300506,0.6925620701909065,0.4004749176418408,1.0930369878327473,0.29208715254906575
48.700297117233276,-10.932612308208466,-9.255801375394142,-1.6768109328143233,0.6925620701909065,0.4004749176418408,1.0930369878327473,0.29208715254906575
48.72024321556091,-10.803045218530428,-9.250344225315313,-1.5527009932151152,0.6925620701909065,0.4004749176418408,1.0930369878327473,0.29208715254906575
48.740310192108154,-10.670980764054438,-9.245978505252252,-1.425002258802186,0.6925620701909065,0.4004749176418408,1.0930369878327473,0.29208715254906575
48.76025032997131,-10.53807068736569,-9.260064054201802,-1.2780066331638888,0.6925620701909065,0.4004749176418408,1.0930369878327473,0.29208715254906575
48.78032064437866,-10.402622600680678,-9.253754368361443,-1.1488682323192343,0.6925620701909065,0.4004749176418408,1.0930369878327473,0.29208715254906575
48.800318479537964,-10.2660183119095,-9.248706619689155,-1.0173116922203445,0.6925620701909065,0.4004749176418408,1.0930369878327473,0.29208715254906575
48.820215940475464,-10.12849104849508,-9.244668420751324,-0.883822627743756,0.6925620701909065,0.4004749176418408,1.0930369878327473,0.29208715254906575
48.84023642539978,-9.988515752789864,-9.24143786160106,-0.7470778911888036,0.6925620701909065,0.4004749176418408,1.0930369878327473,0.29208715254906575
48.86020541191101,-9.84732605252122,-9.238853414280848,-0.6084726382403716,0.7,0.47047491764184074,1.1704749176418408,0.22952508235815922
48.88020896911621,-9.70433771887336,-9.23678585642468,-0.46755186244867986,0.7,0.47047491764184074,1.1704749176418408,0.22952508235815922
48.900299072265625,-9.559187839692376,-9.23678585642468,-0.32240198326769587,0.7,0.47047491764184074,1.1704749176418408,0.22952508235815922
48.920305490493774,-9.413128912782753,-9.235131810139745,-0.17799710264300828,0.7,0.47047491764184074,1.1704749176418408,0.22952508235815922
48.94030404090881,-9.265640903556601,-9.233808573111796,-0.03183233044480538,0.7,0.47047491764184074,1.1704749176418408,0.22952508235815922
48.96030855178833,-9.11664534450317,-9.232749983489438,0.11610463898626833,0.7,0.47047491764184074,1.1704749176418408,0.22952508235815922
48.98031306266785,-8.966209512004577,-9.249481236791551,0.2832717247869745,0.7,0.47047491764184074,1.1704749176418408,0.22952508235815922
49.00031089782715,-8.81440808070884,-9.26286623943324,0.4484581587243994,0.7,0.47047491764184074,1.1704749176418408,0.22952508235815922
49.02035140991211,-8.66088665690747,-9.273574241546592,0.6126875846391222,0.7,0.47047491764184074,1.1704749176418408,0.22952508235815922
49.04033946990967,-8.506399209680222,-9.282140643237273,0.7757414335570516,0.7,0.47047491764184074,1.1704749176418408,0.22952508235815922
49.06034755706787,-8.35041330821436,-9.288993764589819,0.9385804563754583,0.7,0.47047491764184074,1.1704749176418408,0.22952508235815922
49.080312967300415,-8.19344463023308,-9.294476261671857,1.1010316314387776,0.6485120736062526,0.474616969670169,1.1231290432764216,0.17389510393608365
49.100306034088135,-8.03496647826517,-9.294476261671857,1.2595097834066866,0.6485120736062526,0.474616969670169,1.1231290432764216,0.17389510393608365
49.1203396320343,-7.874895273745438,-9.316440384337486,1.441545110592048,0.6485120736062526,0.474616969670169,1.1231290432764216,0.17389510393608365
49.14035248756409,-7.713744013588518,-9.31643355746999,1.6026895438814721,0.6485120736062526,0.474616969670169,1.1231290432764216,0.17389510393608365
49.160348892211914,-7.551507062739607,-9.334006220975992,1.7824991582363845,0.6485120736062526,0.474616969670169,1.1231290432764216,0.17389510393608365
49.1803503036499,-7.388037002865244,-9.348064351780794,1.96002734891555,0.6485120736062526,0.474616969670169,1.1231290432764216,0.17389510393608365
49.20035219192505,-7.223396182958417,-9.341732731424637,2.11833654846622,0.6485120736062526,0.474616969670169,1.1231290432764216,0.17389510393608365
49.22035360336304,-7.05761845522454,-9.33666743513971,2.27904897991517,0.6485120736062526,0.474616969670169,1.1231290432764216,0.17389510393608365
49.240346908569336,-6.890793951279456,-9.33261519811177,2.4418212468323137,0.6485120736062526,0.474616969670169,1.1231290432764216,0.17389510393608365
49.26035475730896,-6.722759507564694,-9.329373408489417,2.6066139009247227,0.6485120736062526,0.474616969670169,1.1231290432764216,0.17389510393608365
49.280346632003784,-6.553798050577017,-9.326779976791535,2.772981926214518,0.6485120736062526,0.474616969670169,1.1231290432764216,0.17389510393608365
49.30033564567566,-6.38382691427142,-9.32470523143323,2.9408783171618094,0.5997173607349395,0.4811996693862601,1.0809170301211997,0.11851769134867945
49.320213317871094,-6.213803915074443,-9.323045435146584,3.109241520072141,0.5997173607349395,0.4811996693862601,1.0809170301211997,0.11851769134867945
49.34016704559326,-6.0421555763470245,-9.323045435146584,3.2808898587995596,0.5997173607349395,0.4811996693862601,1.0809170301211997,0.11851769134867945
49.360212087631226,-5.868765518478106,-9.321717598117267,3.4529520796391617,0.5997173607349395,0.4811996693862601,1.0809170301211997,0.11851769134867945
49.380236864089966,-5.694621235294519,-9.320655328493816,3.626034093199297,0.5997173607349395,0.4811996693862601,1.0809170301211997,0.11851769134867945
49.400206089019775,-5.520062298898335,-9.319805512795053,3.7997432138967184,0.5997173607349395,0.4811996693862601,1.0809170301211997,0.11851769134867945
49.42015624046326,-5.344802325977784,-9.319125660236045,3.974323334258261,0.5997173607349395,0.4811996693862601,1.0809170301211997,0.11851769134867945
49.44031381607056,-5.166867303965079,-9.301003653188836,4.134136349223757,0.5997173607349395,0.4811996693862601,1.0809170301211997,0.11851769134867945
49.460211753845215,-4.9904111663574096,-9.25134979755107,4.26093863119366,0.5997173607349395,0.4811996693862601,1.0809170301211997,0.11851769134867945
49.48015522956848,-4.8127685153992275,-9.194048588040856,4.381280072641628,0.5997173607349395,0.4811996693862601,1.0809170301211997,0.11851769134867945
49.50015664100647,-4.633850842064238,-9.148207620432684,4.514356778368446,0.5997173607349395,0.4811996693862601,1.0809170301211997,0.11851769134867945
49.52028727531433,-4.4530383495536485,-9.11153484634615,4.658496496792501,0.5997173607349395,0.4811996693862601,1.0809170301211997,0.11851769134867945
49.540282011032104,-4.272741223165314,-9.11153484634615,4.838793623180836,0.6072284991852939,0.5511996693862602,1.158428168571554,0.056028829799033675
49.560179471969604,-4.092651752833674,-9.08219662707692,4.989544874243246,0.6072284991852939,0.5511996693862602,1.158428168571554,0.056028829799033675
49.580167293548584,-3.9111004511141116,-9.076304176661536,5.165203725547424,0.6072284991852939,0.5511996693862602,1.158428168571554,0.056028829799033675
49.600159645080566,-3.7288909396580436,-9.071590216329229,5.342699276671185,0.6072284991852939,0.5511996693862602,1.158428168571554,0.056028829799033675
49.62015700340271,-3.5460471930423503,-9.050240923063383,5.504193730021033,0.6072284991852939,0.5511996693862602,1.158428168571554,0.056028829799033675
49.64015507698059,-3.362637062824137,-8.945270863450705,5.582633800626569,0.6072284991852939,0.5511996693862602,1.158428168571554,0.056028829799033675
49.660154819488525,-3.1786806634580276,-8.808560440760566,5.629879777302538,0.6072284991852939,0.5511996693862602,1.158428168571554,0.056028829799033675
49.680163860321045,-2.9941364554916743,-8.681613977608452,5.687477522116778,0.6072284991852939,0.5511996693862602,1.158428168571554,0.056028829799033675
49.70016264915466,-2.809213924385989,-8.527322432086763,5.718108507700774,0.6072284991852939,0.5511996693862602,1.158428168571554,0.056028829799033675
49.72028350830078,-2.6227150843461464,-8.36873294566941,5.746017861323264,0.6072284991852939,0.5511996693862602,1.158428168571554,0.056028829799033675
49.74032187461853,-2.4365642207199145,-8.20670510653553,5.770140885815616,0.5618389475159347,0.5822778589976951,1.1441168065136298,-0.02043891148176047
49.76034879684448,-2.2501337554025698,-8.041926585228424,5.791792829825854,0.5618389475159347,0.5822778589976951,1.1441168065136298,-0.02043891148176047
49.78033638000488,-2.0637142474803785,-8.041926585228424,5.978212337748046,0.5618389475159347,0.5822778589976951,1.1441168065136298,-0.02043891148176047
49.8003408908844,-1.8768109735231315,-7.89252564318274,6.015714669659609,0.5618389475159347,0.5822778589976951,1.1441168065136298,-0.02043891148176047
49.82025098800659,-1.690495358313805,-7.7730048895461925,6.082509531232388,0.5618389475159347,0.5822778589976951,1.1441168065136298,-0.02043891148176047
49.84024667739868,-1.5031125632631324,-7.677388286636956,6.174275723373823,0.5618389475159347,0.5822778589976951,1.1441168065136298,-0.02043891148176047
49.860275745391846,-1.3151791375318418,-7.6008950043095656,6.285715866777724,0.5618389475159347,0.5822778589976951,1.1441168065136298,-0.02043891148176047
49.8801805973053,-1.128204821951617,-7.539700378447653,6.411495556496035,0.5618389475159347,0.5822778589976951,1.1441168065136298,-0.02043891148176047
49.90018677711487,-0.9401009272369399,-7.473166552758124,6.533065625521184,0.5618389475159347,0.5822778589976951,1.1441168065136298,-0.02043891148176047
49.920164346694946,-0.7521177939398952,-7.296892617206498,6.544774823266603,0.5618389475159347,0.5822778589976951,1.1441168065136298,-0.02043891148176047
49.94017672538757,-0.5636883224818208,-7.032826593765199,6.469138271283378,0.5618389475159347,0.5822778589976951,1.1441168065136298,-0.02043891148176047
49.9602746963501,-0.374363291560803,-6.803995650012159,6.429632358451356,0.6255688074044883,0.568657550397329,1.1942263578018173,0.056911257007159266
49.980162620544434,-0.18695805575847252,-6.620930895009728,6.433972839251256,0.6255688074044883,0.568657550397329,1.1942263578018173,0.056911257007159266
50.00016379356384,0.0015437179678834088,-6.620930895009728,6.622474612977611,0.6255688074044883,0.568657550397329,1.1942263578018173,0.056911257007159266
50.02022624015808,0.19062269123985345,-6.474479091007783,6.665101782247636,0.6255688074044883,0.568657550397329,1.1942263578018173,0.056911257007159266
50.04022932052612,0.37911204021007855,-6.3573176478062265,6.7364296880163055,0.6255688074044883,0.568657550397329,1.1942263578018173,0.056911257007159266
50.06026577949524,0.5678558650744779,-6.263588493244982,6.83144435831946,0.6255688074044883,0.568657550397329,1.1942263578018173,0.056911257007159266
50.0802800655365,0.7563009826369,-6.188605169595986,6.944906152232886,0.6255688074044883,0.568657550397329,1.1942263578018173,0.056911257007159266
50.100228786468506,0.9440097899771354,-6.128618510676789,7.072628300653925,0.6255688074044883,0.568657550397329,1.1942263578018173,0.056911257007159266
50.12025570869446,1.1323052189493137,-6.080629183541433,7.212934402490746,0.6255688074044883,0.568657550397329,1.1942263578018173,0.056911257007159266
50.1403374671936,1.3209361747204893,-6.042237721833146,7.3631738965536355,0.6255688074044883,0.568657550397329,1.1942263578018173,0.056911257007159266
50.160287857055664,1.5081249891299082,-6.0115245524665175,7.519649541596426,0.6255688074044883,0.568657550397329,1.1942263578018173,0.056911257007159266
50.18037390708923,1.69634720396091,-5.986954016973214,7.683301220934124,0.6255688074044883,0.568657550397329,1.1942263578018173,0.056911257007159266
50.20021367073059,1.8819964063004364,-5.967297588578572,7.849293994879009,0.5877717363648116,0.526720880898647,1.1144926172634586,0.06105085546616462
50.22026324272156,2.0693116709441677,-5.967297588578572,8.03660925952274,0.5877717363648116,0.526720880898647,1.1144926172634586,0.06105085546616462
50.240278482437134,2.255978652409223,-5.951572445862858,8.20755109827208,0.5877717363648116,0.526720880898647,1.1144926172634586,0.06105085546616462
50.26032257080078,2.442557109135032,-5.9389923316902875,8.381549440825319,0.5877717363648116,0.526720880898647,1.1144926172634586,0.06105085546616462
50.2802677154541,2.6278300595533493,-5.9289282403522305,8.55675829990558,0.5877717363648116,0.526720880898647,1.1144926172634586,0.06105085546616462
50.300307512283325,2.813566565583659,-5.920876967281785,8.734443532865445,0.5877717363648116,0.526720880898647,1.1144926172634586,0.06105085546616462
50.32030510902405,2.998467308952408,-5.914435948825428,8.912903257777836,0.5877717363648116,0.526720880898647,1.1144926172634586,0.06105085546616462
50.34020400047302,3.18198557621365,-5.909283134060344,9.091268710273994,0.5877717363648116,0.526720880898647,1.1144926172634586,0.06105085546616462
50.36021304130554,3.3660181044460304,-5.905160882248275,9.271178986694306,0.5877717363648116,0.526720880898647,1.1144926172634586,0.06105085546616462
50.38029909133911,3.5502237957181775,-5.901863080798621,9.452086876516798,0.5877717363648116,0.526720880898647,1.1144926172634586,0.06105085546616462
50.40029239654541,3.733017439359605,-5.899224839638897,9.632242278998502,0.5188584330491721,0.596720880898647,1.1155793139478192,-0.07786244784947494
50.42018961906433,3.914347817071907,-5.899224839638897,9.813572656710804,0.5188584330491721,0.596720880898647,1.1155793139478192,-0.07786244784947494
50.44023585319519,4.096417444470068,-5.897114246711118,9.993531691181186,0.5188584330491721,0.596720880898647,1.1155793139478192,-0.07786244784947494
50.46019983291626,4.277094164941071,-5.895425772368895,10.172519937309968,0.5188584330491721,0.596720880898647,1.1155793139478192,-0.07786244784947494
50.4803102016449,4.458415263445969,-5.894074992895116,10.352490256341085,0.5188584330491721,0.596720880898647,1.1155793139478192,-0.07786244784947494
50.50026845932007,4.637661183845313,-5.875416244316094,10.513077428161406,0.5188584330491721,0.596720880898647,1.1155793139478192,-0.07786244784947494
50.52016735076904,4.815647925458931,-5.860489245452876,10.676137170911808,0.5188584330491721,0.596720880898647,1.1155793139478192,-0.07786244784947494
50.54016137123108,4.993727325191904,-5.848547646362301,10.842274971554206,0.5188584330491721,0.596720880898647,1.1155793139478192,-0.07786244784947494
50.56015610694885,5.17102495683759,-5.838994367089842,11.01001932392743,0.5188584330491721,0.596720880898647,1.1155793139478192,-0.07786244784947494
50.58017444610596,5.347714293572067,-5.778617368671873,11.12633166224394,0.5188584330491721,0.596720880898647,1.1155793139478192,-0.07786244784947494
50.60029220581055,5.524428778278423,-5.624847019937499,11.149275798215921,0.5188584330491721,0.596720880898647,1.1155793139478192,-0.07786244784947494
50.62029480934143,5.699256673740941,-5.43151824095,11.130774914690942,0.5888584330491722,0.5683211358962581,1.1571795689454303,0.02053729715291408
50.64017987251282,5.872164995918581,-5.43151824095,11.303683236868581,0.5888584330491722,0.5683211358962581,1.1571795689454303,0.02053729715291408
50.6601619720459,6.044993666337652,-5.29443334276,11.339427009097651,0.5888584330491722,0.5683211358962581,1.1571795689454303,0.02053729715291408
50.68016505241394,6.217049426260304,-5.167187299208,11.384236725468304,0.5888584330491722,0.5683211358962581,1.1571795689454303,0.02053729715291408
50.700159788131714,6.388051981566606,-5.0302342143664,11.418286195933007,0.5888584330491722,0.5683211358962581,1.1571795689454303,0.02053729715291408
50.720168352127075,6.558163532678119,-4.86793737149312,11.42610090417124,0.5888584330491722,0.5683211358962581,1.1571795689454303,0.02053729715291408
50.74016451835632,6.727134150321968,-4.7205217721944965,11.447655922516464,0.5888584330491722,0.5683211358962581,1.1571795689454303,0.02053729715291408
50.76015663146973,6.895008957903674,-4.602589292755598,11.497598250659273,0.5888584330491722,0.5683211358962581,1.1571795689454303,0.02053729715291408
50.780160427093506,7.061892961886125,-4.508243309204478,11.570136271090604,0.5888584330491722,0.5683211358962581,1.1571795689454303,0.02053729715291408
50.80015420913696,7.227578690230502,-4.432766522363583,11.660345212594084,0.5888584330491722,0.5683211358962581,1.1571795689454303,0.02053729715291408
50.820300817489624,7.3933770822616935,-4.372385092890866,11.76576217515256,0.5888584330491722,0.5683211358962581,1.1571795689454303,0.02053729715291408
50.84029221534729,7.556727198235316,-4.324079949312693,11.880807147548008,0.569324135761708,0.5647960329195485,1.1341201686812565,0.004528102842159543
50.860183000564575,7.7180719659660255,-4.324079949312693,12.042151915278719,0.569324135761708,0.5647960329195485,1.1341201686812565,0.004528102842159543
50.8801691532135,7.8789760871155,-4.285435834450155,12.164411921565655,0.569324135761708,0.5647960329195485,1.1341201686812565,0.004528102842159543
50.90016150474548,8.03868707398365,-4.254520542560124,12.293207616543775,0.569324135761708,0.5647960329195485,1.1341201686812565,0.004528102842159543
50.92016410827637,8.197210548716285,-4.229788309048099,12.426998857764385,0.569324135761708,0.5647960329195485,1.1341201686812565,0.004528102842159543
50.94015455245972,8.3543440727075,-4.210002522238479,12.56434659494598,0.569324135761708,0.5647960329195485,1.1341201686812565,0.004528102842159543
50.96015763282776,8.510257679992055,-4.194173892790784,12.704431572782838,0.569324135761708,0.5647960329195485,1.1341201686812565,0.004528102842159543
50.98015213012695,8.66476097298586,-4.181510989232627,12.846271962218488,0.569324135761708,0.5647960329195485,1.1341201686812565,0.004528102842159543
51.00015950202942,8.817994912065975,-4.188958791386101,13.006953703452076,0.569324135761708,0.5647960329195485,1.1341201686812565,0.004528102842159543
51.02016234397888,8.969801141540588,-4.194917033108882,13.164718174649469,0.569324135761708,0.5647960329195485,1.1341201686812565,0.004528102842159543
51.040274143218994,9.121005794063713,-4.199683626487105,13.320689420550817,0.569324135761708,0.5647960329195485,1.1341201686812565,0.004528102842159543
51.06019043922424,9.269305397755117,-4.203496901189685,13.472802298944803,0.5876658595912159,0.5468616695841775,1.1345275291753933,0.04080419000703839
51.08016514778137,9.416582030583543,-4.206547520951748,13.62312955153529,0.5876658595912159,0.5468616695841775,1.1345275291753933,0.04080419000703839
51.10015392303467,9.56247757769667,-4.206547520951748,13.769025098648418,0.5876658595912159,0.5468616695841775,1.1345275291753933,0.04080419000703839
51.12015771865845,9.706972718721033,-4.208988016761399,13.915960735482432,0.5876658595912159,0.5468616695841775,1.1345275291753933,0.04080419000703839
51.1401526927948,9.849871730875506,-4.21094041340912,14.060812144284625,0.5876658595912159,0.5468616695841775,1.1345275291753933,0.04080419000703839
51.16015601158142,9.991274776364016,-4.212502330727296,14.203777107091312,0.5876658595912159,0.5468616695841775,1.1345275291753933,0.04080419000703839
51.18016839027405,10.131162528628208,-4.213751864581837,14.344914393210043,0.5876658595912159,0.5468616695841775,1.1345275291753933,0.04080419000703839
51.200156927108765,10.2692846859155,-4.19717336666547,14.466458052580968,0.5876658595912159,0.5468616695841775,1.1345275291753933,0.04080419000703839
51.220165729522705,10.405924627511062,-4.183910568332376,14.589835195843438,0.5876658595912159,0.5468616695841775,1.1345275291753933,0.04080419000703839
51.24015140533447,10.540764833420258,-4.173300329665901,14.71406516308616,0.5876658595912159,0.5468616695841775,1.1345275291753933,0.04080419000703839
51.260175466537476,10.674197088824103,-4.164812138732721,14.839009227556824,0.5876658595912159,0.5468616695841775,1.1345275291753933,0.04080419000703839
51.28022074699402,10.806078409126885,-4.158021585986177,14.964099995113061,0.5176658595912158,0.515774861513637,1.0334407211048529,0.0018909980775787538
51.30016112327576,10.935568875045599,-4.1525891437889415,15.088158018834541,0.5176658595912158,0.515774861513637,1.0334407211048529,0.0018909980775787538
51.32016158103943,11.063725144338099,-4.1525891437889415,15.216314288127041,0.5176658595912158,0.515774861513637,1.0334407211048529,0.0018909980775787538
51.34015345573425,11.190080373138297,-4.148243190031154,15.338323563169451,0.5176658595912158,0.515774861513637,1.0334407211048529,0.0018909980775787538
51.36016392707825,11.314785060468568,-4.144766427024924,15.459551487493492,0.5176658595912158,0.515774861513637,1.0334407211048529,0.0018909980775787538
51.38015413284302,11.43757756891327,-4.141985016619939,15.579562585533209,0.5176658595912158,0.515774861513637,1.0334407211048529,0.0018909980775787538
51.40015649795532,11.558638759679347,-4.122181763295952,15.6808205229753,0.5176658595912158,0.515774861513637,1.0334407211048529,0.0018909980775787538
51.42016291618347,11.677898250309081,-4.106339160636762,15.784237410945842,0.5176658595912158,0.515774861513637,1.0334407211048529,0.0018909980775787538
51.440152168273926,11.795212532860159,-4.076086953509409,15.871299486369569,0.5176658595912158,0.515774861513637,1.0334407211048529,0.0018909980775787538
51.46014904975891,11.910709924190533,-4.051885187807527,15.96259511199806,0.5176658595912158,0.515774861513637,1.0334407211048529,0.0018909980775787538
51.48031139373779,12.025259284529326,-4.032523775246022,16.05778305977535,0.5176658595912158,0.515774861513637,1.0334407211048529,0.0018909980775787538
51.50019645690918,12.136343144446995,-4.0170346451968175,16.153377789643812,0.5876658595912159,0.5530430977931247,1.1407089573843405,0.034622761798091206
51.52016258239746,12.245973713249473,-4.004643341157454,16.250617054406927,0.5876658595912159,0.5530430977931247,1.1407089573843405,0.034622761798091206
51.54016065597534,12.353847830007812,-4.004643341157454,16.358491171165266,0.5876658595912159,0.5530430977931247,1.1407089573843405,0.034622761798091206
51.56015706062317,12.45976274880508,-3.994730297925964,16.454493046731045,0.5876658595912159,0.5530430977931247,1.1407089573843405,0.034622761798091206
51.58017563819885,12.563824998573061,-3.9867998633407717,16.550624861913832,0.5876658595912159,0.5530430977931247,1.1407089573843405,0.034622761798091206
51.60036873817444,12.666780688289952,-3.980455515672617,16.64723620396257,0.5876658595912159,0.5530430977931247,1.1407089573843405,0.034622761798091206
51.6202917098999,12.766360875653811,-3.975380037538094,16.741740913191904,0.5876658595912159,0.5530430977931247,1.1407089573843405,0.034622761798091206
51.64025378227234,12.864130137232596,-3.971319655030476,16.835449792263073,0.5876658595912159,0.5530430977931247,1.1407089573843405,0.034622761798091206
51.66019630432129,12.959782925012682,-3.9856494740243806,16.945432399037063,0.5876658595912159,0.5530430977931247,1.1407089573843405,0.034622761798091206
51.680336475372314,13.054318568070723,-3.9971133292195042,17.05143189729023,0.5876658595912159,0.5530430977931247,1.1407089573843405,0.034622761798091206
51.700242042541504,13.145699023785394,-4.006284413375604,17.151983437160997,0.5876658595912159,0.5530430977931247,1.1407089573843405,0.034622761798091206
51.72033715248108,13.235863802385717,-4.013621280700484,17.2494850830862,0.5876658595912159,0.5530430977931247,1.1407089573843405,0.034622761798091206
51.74033260345459,13.32348709257489,-4.037068899560388,17.36055599213528,0.5876658595912159,0.5530430977931247,1.1407089573843405,0.034622761798091206
51.760337829589844,13.40904869841273,-4.037068899560388,17.446117597973117,0.5876658595912159,0.5530430977931247,1.1407089573843405,0.034622761798091206
51.780341386795044,13.492484880802687,-4.05582699464831,17.548311875451,0.5876658595912159,0.5530430977931247,1.1407089573843405,0.034622761798091206
51.80033230781555,13.573739000952727,-4.070833470718648,17.644572471671374,0.5876658595912159,0.5530430977931247,1.1407089573843405,0.034622761798091206
51.82027626037598,13.652668261285859,-4.082838651574919,17.735506912860778,0.5876658595912159,0.5530430977931247,1.1407089573843405,0.034622761798091206
51.840349435806274,13.729944172285732,-4.1100209212599355,17.83996509354567,0.5876658595912159,0.5530430977931247,1.1407089573843405,0.034622761798091206
51.86034607887268,13.804753934098684,-4.131766737007948,17.93652067110663,0.5876658595912159,0.5530430977931247,1.1407089573843405,0.034622761798091206
51.880329847335815,13.877338438170709,-4.149163389606358,18.026501827777068,0.5861989107029513,0.5180642461171374,1.1042631568200887,0.06813466458581385
51.90023875236511,13.947475480856216,-4.163080711685088,18.110556192541303,0.5861989107029513,0.5180642461171374,1.1042631568200887,0.06813466458581385
51.92020320892334,14.01561662227778,-4.174214569348069,18.18983119162585,0.5861989107029513,0.5180642461171374,1.1042631568200887,0.06813466458581385
51.94032907485962,14.082076459183432,-4.183121655478455,18.265198114661885,0.5861989107029513,0.5180642461171374,1.1042631568200887,0.06813466458581385
51.96033763885498,14.14591680886994,-4.183121655478455,18.329038464348393,0.5861989107029513,0.5180642461171374,1.1042631568200887,0.06813466458581385
51.98030877113342,14.207408285357342,-4.1902473243827645,18.397655609740106,0.5861989107029513,0.5180642461171374,1.1042631568200887,0.06813466458581385
52.00034022331238,14.266838290474816,-4.178369734506212,18.445208024981028,0.5861989107029513,0.5180642461171374,1.1042631568200887,0.06813466458581385
52.020344257354736,14.323931602132001,-4.16886766260497,18.49279926473697,0.5861989107029513,0.5180642461171374,1.1042631568200887,0.06813466458581385
52.04033851623535,14.378735846986968,-4.161266005083976,18.540001852070944,0.5861989107029513,0.5180642461171374,1.1042631568200887,0.06813466458581385
52.0602867603302,14.431152533769575,-4.155184679067181,18.586337212836757,0.5861989107029513,0.5180642461171374,1.1042631568200887,0.06813466458581385
52.08022689819336,14.481282235795586,-4.150319618253745,18.63160185404933,0.5708274232270196,0.5654498455813155,1.1362772688083351,0.0053775776457041236
52.100300550460815,14.529451602156033,-4.128849444602996,18.65830104675903,0.5708274232270196,0.5654498455813155,1.1362772688083351,0.0053775776457041236
52.12032961845398,14.57521038437529,-4.111673305682397,18.686883690057687,0.5708274232270196,0.5654498455813155,1.1362772688083351,0.0053775776457041236
52.14037585258484,14.618697124583797,-4.097932394545918,18.716629519129715,0.5708274232270196,0.5654498455813155,1.1362772688083351,0.0053775776457041236
52.16048717498779,14.65999460080414,-4.104517790636734,18.764512391440874,0.5708274232270196,0.5654498455813155,1.1362772688083351,0.0053775776457041236
52.180505990982056,14.698777430424666,-4.104517790636734,18.8032952210614,0.5708274232270196,0.5654498455813155,1.1362772688083351,0.0053775776457041236
52.20050549507141,14.735200735824476,-4.092207982509388,18.827408718333864,0.5708274232270196,0.5654498455813155,1.1362772688083351,0.0053775776457041236
52.220404863357544,14.769132383847237,-4.082360136007511,18.851492519854748,0.5708274232270196,0.5654498455813155,1.1362772688083351,0.0053775776457041236
52.24030089378357,14.80075011437448,-4.074481858806008,18.87523197318049,0.5708274232270196,0.5654498455813155,1.1362772688083351,0.0053775776457041236
52.26028609275818,14.830180993849307,-4.085757362044807,18.915938355894113,0.5708274232270196,0.5654498455813155,1.1362772688083351,0.0053775776457041236
52.28029155731201,14.857299764988419,-4.094777764635846,18.952077529624265,0.5708274232270196,0.5654498455813155,1.1362772688083351,0.0053775776457041236
52.30023455619812,14.881997424773306,-4.101994086708677,18.98399151148198,0.5708274232270196,0.5654498455813155,1.1362772688083351,0.0053775776457041236
52.32028913497925,14.904476949223774,-4.1077671443669415,19.012244093590716,0.5708274232270196,0.5654498455813155,1.1362772688083351,0.0053775776457041236
52.34028172492981,14.924531500817011,-4.112385590493553,19.036917091310563,0.5708274232270196,0.5654498455813155,1.1362772688083351,0.0053775776457041236
52.360230445861816,14.942194784625018,-4.116080347394843,19.058275132019862,0.5592847397597507,0.5081185703864322,1.0674033101461828,0.051166169373318526
52.380247831344604,14.957559267559105,-4.136614277915874,19.09417354547498,0.5592847397597507,0.5081185703864322,1.0674033101461828,0.051166169373318526
52.4003267288208,14.970593964739406,-4.1354632973327,19.106057262072106,0.5592847397597507,0.5081185703864322,1.0674033101461828,0.051166169373318526
52.42034316062927,14.98121650167208,-4.1354632973327,19.11667979900478,0.5592847397597507,0.5081185703864322,1.0674033101461828,0.051166169373318526
52.44033408164978,14.98946043239634,-4.15212063786616,19.1415810702625,0.5592847397597507,0.5081185703864322,1.0674033101461828,0.051166169373318526
52.46026301383972,14.995324928153853,-4.165446510292928,19.16077143844678,0.5592847397597507,0.5081185703864322,1.0674033101461828,0.051166169373318526
52.480215311050415,14.998841025552505,-4.158529083234343,19.157370108786846,0.5592847397597507,0.5081185703864322,1.0674033101461828,0.051166169373318526
52.500349044799805,14.999999639269102,-4.135417016587475,19.135416655856577,0.5592847397597507,0.5081185703864322,1.0674033101461828,0.051166169373318526
52.52033591270447,14.998775546126916,-4.11692736326998,19.115702909396894,0.5592847397597507,0.5081185703864322,1.0674033101461828,0.051166169373318526
52.540342807769775,14.995181298904107,-4.102135640615984,19.09731693952009,0.5317521864594892,0.5302884975215421,1.0620406839810312,0.0014636889379471274
52.560250759124756,14.989252828502611,-4.090302262492787,19.0795550909954,0.5317521864594892,0.5302884975215421,1.0620406839810312,0.0014636889379471274
52.580299854278564,14.980912089749213,-4.08083555999423,19.06174764974344,0.5317521864594892,0.5302884975215421,1.0620406839810312,0.0014636889379471274
52.60037040710449,14.97018131899081,-4.073262197995384,19.043443516986194,0.5317521864594892,0.5302884975215421,1.0620406839810312,0.0014636889379471274
52.620309352874756,14.957163599871578,-4.067203508396307,19.024367108267885,0.5317521864594892,0.5302884975215421,1.0620406839810312,0.0014636889379471274
52.640230655670166,14.94181300240705,-4.067203508396307,19.009016510803356,0.5317521864594892,0.5302884975215421,1.0620406839810312,0.0014636889379471274
52.66024398803711,14.924034294265859,-4.062356556717046,18.986390850982904,0.5317521864594892,0.5302884975215421,1.0620406839810312,0.0014636889379471274
52.680255651474,14.90389754275927,-4.058478995373638,18.962376538132908,0.5317521864594892,0.5302884975215421,1.0620406839810312,0.0014636889379471274
52.70019316673279,14.881492234243096,-4.05537694629891,18.936869180542004,0.5317521864594892,0.5302884975215421,1.0620406839810312,0.0014636889379471274
52.72014784812927,14.856729319422694,-4.035317182039129,18.892046501461824,0.5317521864594892,0.5302884975215421,1.0620406839810312,0.0014636889379471274
52.74014163017273,14.82957558628699,-4.019269370631303,18.848844956918292,0.5317521864594892,0.5302884975215421,1.0620406839810312,0.0014636889379471274
52.76014018058777,14.800074234217663,-4.024009246505043,18.824083480722706,0.5317521864594892,0.5302884975215421,1.0620406839810312,0.0014636889379471274
52.78014516830444,14.768225493624273,-4.027801147204035,18.79602664082831,0.5317521864594892,0.5302884975215421,1.0620406839810312,0.0014636889379471274
52.80014657974243,14.734049834616743,-4.030834667763228,18.76488450237997,0.5317521864594892,0.5302884975215421,1.0620406839810312,0.0014636889379471274
52.82014608383179,14.69755076161574,-4.033261484210582,18.73081224582632,0.5317521864594892,0.5302884975215421,1.0620406839810312,0.0014636889379471274
52.84014320373535,14.658735655945186,-4.035202937368466,18.693938593313653,0.5317521864594892,0.5302884975215421,1.0620406839810312,0.0014636889379471274
52.86014485359192,14.617596853909703,-4.035202937368466,18.65279979127817,0.5317521864594892,0.5302884975215421,1.0620406839810312,0.0014636889379471274
52.880149364471436,14.574143003519499,-4.036756099894773,18.610899103414273,0.5317521864594892,0.5302884975215421,1.0620406839810312,0.0014636889379471274
52.90016007423401,14.528372153936772,-4.037998629915818,18.56637078385259,0.5317521864594892,0.5302884975215421,1.0620406839810312,0.0014636889379471274
52.920146226882935,14.48036504111909,-4.038992653932655,18.519357695051745,0.5317521864594892,0.5302884975215421,1.0620406839810312,0.0014636889379471274
52.94015145301819,14.430025393840321,-4.039787873146124,18.469813266986446,0.5317521864594892,0.5302884975215421,1.0620406839810312,0.0014636889379471274
52.960139989852905,14.377450732843744,-4.0404240485169,18.417874781360645,0.5317521864594892,0.5302884975215421,1.0620406839810312,0.0014636889379471274
52.98030710220337,14.322108156297311,-4.04093298881352,18.36304114511083,0.5317521864594892,0.5302884975215421,1.0620406839810312,0.0014636889379471274
53.000203132629395,14.265256021400765,-4.041340141050815,18.30659616245158,0.5849893229128793,0.6002884975215421,1.1852778204344214,-0.015299174608662813
53.02020502090454,14.205854305254542,-4.041665862840652,18.247520168095193,0.5849893229128793,0.6002884975215421,1.1852778204344214,-0.015299174608662813
53.04021072387695,14.14419692622773,-4.041926440272523,18.186123366500254,0.5849893229128793,0.6002884975215421,1.1852778204344214,-0.015299174608662813
53.06015062332153,14.080518549633297,-4.042134902218018,18.122653451851313,0.5849893229128793,0.6002884975215421,1.1852778204344214,-0.015299174608662813
53.080145597457886,14.014445001373918,-4.042134902218018,18.05657990359194,0.5849893229128793,0.6002884975215421,1.1852778204344214,-0.015299174608662813
53.10014867782593,13.946131390917095,-4.042301671774415,17.98843306269151,0.5849893229128793,0.6002884975215421,1.1852778204344214,-0.015299174608662813
53.120224952697754,13.875352783153163,-4.042435087419532,17.917787870572695,0.5849893229128793,0.6002884975215421,1.1852778204344214,-0.015299174608662813
53.14023947715759,13.802594216415248,-4.042541819935626,17.845136036350873,0.5849893229128793,0.6002884975215421,1.1852778204344214,-0.015299174608662813
53.160324811935425,13.727383893855402,-4.0426272059485004,17.770011099803902,0.5849893229128793,0.6002884975215421,1.1852778204344214,-0.015299174608662813
53.18035435676575,13.65020531776568,-4.042695514758801,17.69290083252448,0.5849893229128793,0.6002884975215421,1.1852778204344214,-0.015299174608662813
53.20032453536987,13.571103184865152,-4.042750161807041,17.613853346672194,0.5795908054383472,0.6521025321027265,1.2316933375410737,-0.07251172666437933
53.22019386291504,13.490280012670297,-4.060372004445633,17.55065201711593,0.5795908054383472,0.6521025321027265,1.2316933375410737,-0.07251172666437933
53.24015808105469,13.406953259467592,-4.074469478556506,17.481422738024097,0.5795908054383472,0.6521025321027265,1.2316933375410737,-0.07251172666437933
53.26015067100525,13.321394050367157,-4.085747457845206,17.407141508212362,0.5795908054383472,0.6521025321027265,1.2316933375410737,-0.07251172666437933
53.28016686439514,13.233628066601288,-4.085747457845206,17.319375524446492,0.5795908054383472,0.6521025321027265,1.2316933375410737,-0.07251172666437933
53.30023431777954,13.143536156740547,-4.112347966276164,17.25588412301671,0.5795908054383472,0.6521025321027265,1.2316933375410737,-0.07251172666437933
53.32017493247986,13.051943881739742,-4.133628373020931,17.18557225476067,0.5795908054383472,0.6521025321027265,1.2316933375410737,-0.07251172666437933
53.34023070335388,12.957756079779697,-4.150652698416746,17.10840877819644,0.5795908054383472,0.6521025321027265,1.2316933375410737,-0.07251172666437933
53.36025643348694,12.861656363730619,-4.164272158733397,17.025928522464014,0.5795908054383472,0.6521025321027265,1.2316933375410737,-0.07251172666437933
53.38026309013367,12.763614847316527,-4.192745851986718,16.956360699303247,0.5795908054383472,0.6521025321027265,1.2316933375410737,-0.07251172666437933
53.40018939971924,12.663962315072567,-4.215524806589374,16.879487121661942,0.5795908054383472,0.6521025321027265,1.2316933375410737,-0.07251172666437933
53.42014455795288,12.562176126615691,-4.233747970271499,16.79592409688719,0.5795908054383472,0.6521025321027265,1.2316933375410737,-0.07251172666437933
53.44014811515808,12.458161062089511,-4.2483265012172,16.70648756330671,0.5795908054383472,0.6521025321027265,1.2316933375410737,-0.07251172666437933
53.46029806137085,12.351395197297236,-4.25998932597376,16.611384523270996,0.5795908054383472,0.6521025321027265,1.2316933375410737,-0.07251172666437933
53.48026895523071,12.243624529605013,-4.269319585779008,16.51294411538402,0.6062830040277913,0.7,1.3062830040277913,-0.09371699597220862
53.500240325927734,12.13392343280439,-4.269319585779008,16.4032430185834,0.6062830040277913,0.7,1.3062830040277913,-0.09371699597220862
53.5202202796936,12.022263355021924,-4.276783793623207,16.29904714864513,0.6062830040277913,0.7,1.3062830040277913,-0.09371699597220862
53.54017925262451,11.908828856897168,-4.282755159898565,16.191584016795733,0.6062830040277913,0.7,1.3062830040277913,-0.09371699597220862
53.5601544380188,11.793427104647968,-4.305110377918853,16.09853748256682,0.6062830040277913,0.7,1.3062830040277913,-0.09371699597220862
53.58014273643494,11.676090068964081,-4.322994552335082,15.999084621299163,0.6062830040277913,0.7,1.3062830040277913,-0.09371699597220862
53.600146532058716,11.556818289650424,-4.337301891868066,15.89412018151849,0.6062830040277913,0.7,1.3062830040277913,-0.09371699597220862
53.62014722824097,11.435739765605156,-4.348747763494453,15.784487529099609,0.6062830040277913,0.7,1.3062830040277913,-0.09371699597220862
53.640151500701904,11.312833146934446,-4.357904460795563,15.67073760773001,0.6062830040277913,0.7,1.3062830040277913,-0.09371699597220862
53.66015100479126,11.188169271817486,-4.36522981863645,15.553399090453937,0.6062830040277913,0.7,1.3062830040277913,-0.09371699597220862
53.68020153045654,11.061413958189034,-4.37109010490916,15.432504063098193,0.6062830040277913,0.7,1.3062830040277913,-0.09371699597220862
53.70027279853821,10.93276923515426,-4.375778333927329,15.308547569081588,0.6550219977321103,0.7,1.3550219977321103,-0.044978002267889616
53.72015428543091,10.803626677167696,-4.375778333927329,15.179405011095024,0.6550219977321103,0.7,1.3550219977321103,-0.044978002267889616
53.740153789520264,10.672016664905078,-4.379528917141863,15.051545582046941,0.6550219977321103,0.7,1.3550219977321103,-0.044978002267889616
53.76015114784241,10.538735892082686,-4.382529383713491,14.921265275796177,0.6550219977321103,0.7,1.3550219977321103,-0.044978002267889616
53.780152320861816,10.403765470891424,-4.384929756970792,14.788695227862217,0.6550219977321103,0.7,1.3550219977321103,-0.044978002267889616
53.80014944076538,10.26717983069609,-4.386850055576635,14.654029886272724,0.6550219977321103,0.7,1.3550219977321103,-0.044978002267889616
53.82015085220337,10.1289435181294,-4.3883862944613075,14.517329812590708,0.6550219977321103,0.7,1.3550219977321103,-0.044978002267889616
53.84015393257141,9.989095768065352,-4.389615285569047,14.3787110536344,0.6550219977321103,0.7,1.3550219977321103,-0.044978002267889616
53.86014938354492,9.847724377309065,-4.390598478455237,14.238322855764302,0.6550219977321103,0.7,1.3550219977321103,-0.044978002267889616
53.8801634311676,9.704664980291403,-4.39138503276419,14.096050013055592,0.6550219977321103,0.7,1.3550219977321103,-0.044978002267889616
53.90035891532898,9.55875319007298,-4.392014276211352,13.950767466284333,0.7,0.7,1.4,0.0
53.92019987106323,9.413903924238479,-4.392517670969082,13.80642159520756,0.7,0.7,1.4,0.0
53.94026017189026,9.265966044312714,-4.392920386775265,13.658886431087979,0.7,0.7,1.4,0.0
53.960155725479126,9.11778909947917,-4.392920386775265,13.510709486254434,0.7,0.7,1.4,0.0
53.98015284538269,8.967420020176688,-4.393242559420212,13.3606625795969,0.7,0.7,1.4,0.0
54.000160455703735,8.81555529604325,-4.393500297536169,13.20905559357942,0.7,0.7,1.4,0.0
54.02015137672424,8.662425847458369,-4.393706488028936,13.056132335487305,0.7,0.7,1.4,0.0
54.04015350341797,8.507842763373985,-4.393871440423149,12.901714203797134,0.7,0.7,1.4,0.0
54.060150146484375,8.351958836157996,-4.41158152733852,12.763540363496517,0.7,0.7,1.4,0.0
54.0802640914917,8.193830477824719,-4.4257495968708165,12.619580074695534,0.7,0.7,1.4,0.0
54.10029697418213,8.035038582068571,-4.437084052496654,12.472122634565224,0.6893516171723604,0.677391880005598,1.3667434971779584,0.011959737166762352
54.12017846107483,7.876188064620106,-4.446151616997323,12.322339681617429,0.6893516171723604,0.677391880005598,1.3667434971779584,0.011959737166762352
54.14019441604614,7.715021678993172,-4.453405668597859,12.168427347591031,0.6893516171723604,0.677391880005598,1.3667434971779584,0.011959737166762352
54.160162925720215,7.553021397082973,-4.459208909878287,12.01223030696126,0.6893516171723604,0.677391880005598,1.3667434971779584,0.011959737166762352
54.18014931678772,7.389685500619303,-4.459208909878287,11.84889441049759,0.6893516171723604,0.677391880005598,1.3667434971779584,0.011959737166762352
54.20014810562134,7.225081876521534,-4.463851502902631,11.688933379424164,0.6893516171723604,0.677391880005598,1.3667434971779584,0.011959737166762352
54.220149755477905,7.05931367468869,-4.467565577322105,11.526879252010795,0.6893516171723604,0.677391880005598,1.3667434971779584,0.011959737166762352
54.24014687538147,6.892468461229362,-4.470536836857684,11.363005298087046,0.6893516171723604,0.677391880005598,1.3667434971779584,0.011959737166762352
54.26014971733093,6.72448695432728,-4.472913844486148,11.197400798813428,0.6893516171723604,0.677391880005598,1.3667434971779584,0.011959737166762352
54.28014779090881,6.555483693069516,-4.474815450588919,11.030299143658436,0.6893516171723604,0.677391880005598,1.3667434971779584,0.011959737166762352
54.300145626068115,6.385447477623608,-4.4763367354711345,10.861784213094744,0.6893516171723604,0.677391880005598,1.3667434971779584,0.011959737166762352
54.32028126716614,6.213221035597823,-4.477553763376908,10.690774798974731,0.6727343507111072,0.7,1.3727343507111072,-0.027265649288892746
54.340157985687256,6.042233730109008,-4.478527385701527,10.520761115810537,0.6727343507111072,0.7,1.3727343507111072,-0.027265649288892746
54.36015439033508,5.869265950521232,-4.479306283561223,10.348572234082454,0.6727343507111072,0.7,1.3727343507111072,-0.027265649288892746
54.38015532493591,5.6953321823715735,-4.479929401848978,10.175261584220552,0.6727343507111072,0.7,1.3727343507111072,-0.027265649288892746
54.400156021118164,5.520501060520986,-4.479929401848978,10.000430462369964,0.6727343507111072,0.7,1.3727343507111072,-0.027265649288892746
54.4201557636261,5.3448065250878525,-4.480427896479184,9.825234421567036,0.6727343507111072,0.7,1.3727343507111072,-0.027265649288892746
54.44016098976135,5.168219487091707,-4.4808266921833475,9.649046179275054,0.6727343507111072,0.7,1.3727343507111072,-0.027265649288892746
54.460161209106445,4.990860400105135,-4.481145728746678,9.472006128851813,0.6727343507111072,0.7,1.3727343507111072,-0.027265649288892746
54.48015594482422,4.812762130678241,-4.4814009579973435,9.294163088675585,0.6727343507111072,0.7,1.3727343507111072,-0.027265649288892746
54.500155448913574,4.6338615277251245,-4.499183266397875,9.133044794122998,0.6727343507111072,0.7,1.3727343507111072,-0.027265649288892746
54.52027916908264,4.453111304701485,-4.495830988118301,8.948942292819787,0.6727343507111072,0.7,1.3727343507111072,-0.027265649288892746
54.540175437927246,4.27370403027678,-4.493149165494641,8.766853195771422,0.6853148609399795,0.7,1.3853148609399795,-0.014685139060020447
54.56023287773132,4.092167510488916,-4.491003707395713,8.58317121788463,0.6853148609399795,0.7,1.3853148609399795,-0.014685139060020447
54.58018374443054,3.9109507681805504,-4.5068654659165714,8.417816234097122,0.6853148609399795,0.7,1.3853148609399795,-0.014685139060020447
54.60016322135925,3.7288582920998388,-4.5068654659165714,8.23572375801641,0.6853148609399795,0.7,1.3853148609399795,-0.014685139060020447
54.62015724182129,3.5460450096924125,-4.5195548727332575,8.06559988242567,0.6853148609399795,0.7,1.3853148609399795,-0.014685139060020447
54.6401526927948,3.36265896134112,-4.529706398186606,7.8923653595277266,0.6853148609399795,0.7,1.3853148609399795,-0.014685139060020447
54.660149812698364,3.1787267796316097,-4.537827618549286,7.716554398180895,0.6853148609399795,0.7,1.3853148609399795,-0.014685139060020447
54.680156230926514,2.9942069137553413,-4.544324594839429,7.538531508594771,0.6853148609399795,0.7,1.3853148609399795,-0.014685139060020447
54.70015788078308,2.8092580700512237,-4.549522175871544,7.358780245922768,0.6853148609399795,0.7,1.3853148609399795,-0.014685139060020447
54.72015714645386,2.6238876627068546,-4.553680240697235,7.17756790340409,0.6853148609399795,0.7,1.3853148609399795,-0.014685139060020447
54.74027705192566,2.4369810531258773,-4.557006692557789,6.9939877456836665,0.6853148609399795,0.7,1.3853148609399795,-0.014685139060020447
54.76022744178772,2.251264551448636,-4.559667854046232,6.810932405494868,0.6718624036759138,0.7,1.3718624036759137,-0.02813759632408619
54.780317068099976,2.063894526920953,-4.561796783236987,6.62569131015794,0.6718624036759138,0.7,1.3718624036759137,-0.02813759632408619
54.800254344940186,1.8776202370823303,-4.563499926589589,6.441120163671919,0.6718624036759138,0.7,1.3718624036759137,-0.02813759632408619
54.82025384902954,1.6904685655932696,-4.563499926589589,6.253968492182858,0.6718624036759138,0.7,1.3718624036759137,-0.02813759632408619
54.84017300605774,1.503803402784429,-4.564862441271671,6.068665844056101,0.6718624036759138,0.7,1.3718624036759137,-0.02813759632408619
54.86015772819519,1.3162871361702928,-4.565952453017338,5.8822395891876305,0.6718624036759138,0.7,1.3718624036759137,-0.02813759632408619
54.88015675544739,1.1284288895540924,-4.566824462413871,5.695253351967963,0.6718624036759138,0.7,1.3718624036759137,-0.02813759632408619
54.90016770362854,0.9402803371444541,-4.567522069931098,5.507802407075552,0.6718624036759138,0.7,1.3718624036759137,-0.02813759632408619
54.920159578323364,0.7521626782506347,-4.5680801559448785,5.320242834195513,0.6718624036759138,0.7,1.3718624036759137,-0.02813759632408619
54.94015836715698,0.5638612224773665,-4.568526624755903,5.13238784723327,0.6718624036759138,0.7,1.3718624036759137,-0.02813759632408619
54.96028232574463,0.37429140860476595,-4.568883799804723,4.943175208409489,0.6718624036759138,0.7,1.3718624036759137,-0.02813759632408619
54.980167627334595,0.18691087153736605,-4.569169539843779,4.756080411381145,0.6995127730071544,0.7,1.3995127730071544,-0.0004872269928455353
55.000184059143066,-0.001734716551208154,-4.569398131875023,4.567663415323815,0.6995127730071544,0.7,1.3995127730071544,-0.0004872269928455353
55.02015542984009,-0.1899553734186614,-4.569581005500019,4.379625632081358,0.6995127730071544,0.7,1.3995127730071544,-0.0004872269928455353
55.04015302658081,-0.3783932159763532,-4.569581005500019,4.191187789523666,0.6995127730071544,0.7,1.3995127730071544,-0.0004872269928455353
55.06015491485596,-0.5668117380916936,-4.569727304400016,4.002915566308322,0.6995127730071544,0.7,1.3995127730071544,-0.0004872269928455353
55.08016300201416,-0.755199086171526,-4.569844343520013,3.814645257348487,0.6995127730071544,0.7,1.3995127730071544,-0.0004872269928455353
55.100149154663086,-0.9432607644572375,-4.569937974816011,3.626677210358774,0.6995127730071544,0.7,1.3995127730071544,-0.0004872269928455353
55.12015414237976,-1.1313507078914777,-4.5700128798528095,3.4386621719613317,0.6995127730071544,0.7,1.3995127730071544,-0.0004872269928455353
55.140156507492065,-1.3192372871357316,-4.5700728038822485,3.250835516746517,0.6995127730071544,0.7,1.3995127730071544,-0.0004872269928455353
55.16015100479126,-1.5068417169736685,-4.570120743105799,3.0632790261321308,0.6995127730071544,0.7,1.3995127730071544,-0.0004872269928455353
55.1802875995636,-1.6955389905378886,-4.57015909448464,2.8746201039467514,0.6995127730071544,0.7,1.3995127730071544,-0.0004872269928455353
55.200210094451904,-1.8819629670095837,-4.570189775587712,2.6882268085781287,0.7,0.7,1.4,0.0
55.22017860412598,-2.0685215951594453,-4.57021432047017,2.501692725310725,0.7,0.7,1.4,0.0
55.24015974998474,-2.25487234756753,-4.570233956376137,2.3153616088086073,0.7,0.7,1.4,0.0
55.26015615463257,-2.4410095943195347,-4.570233956376137,2.1292243620566027,0.7,0.7,1.4,0.0
55.2801513671875,-2.626750454332937,-4.570249665100911,1.9434992107679738,0.7,0.7,1.4,0.0
55.300153970718384,-2.812145141787882,-4.570262232080729,1.7581170902928474,0.7,0.7,1.4,0.0
55.320151805877686,-2.997051608661727,-4.570272285664584,1.5732206770028565,0.7,0.7,1.4,0.0
55.34015440940857,-3.1815288271352555,-4.570280328531668,1.3887515013964125,0.7,0.7,1.4,0.0
55.36015605926514,-3.365494755503832,-4.570286762825335,1.2047920073215028,0.7,0.7,1.4,0.0
55.38014554977417,-3.5488177999634387,-4.570291910260268,1.0214741102968294,0.7,0.7,1.4,0.0
55.400301456451416,-3.7331001403903956,-4.570296028208215,0.8371958878178196,0.7,0.680069862678647,1.380069862678647,0.01993013732135296
55.42016077041626,-3.9140853452367845,-4.570299322566572,0.6562139773297875,0.7,0.680069862678647,1.380069862678647,0.01993013732135296
55.44015622138977,-4.0956954563149095,-4.570301958053259,0.4746065017383492,0.7,0.680069862678647,1.380069862678647,0.01993013732135296
55.46015238761902,-4.276665565109231,-4.570304066442607,0.2936385013333762,0.7,0.680069862678647,1.380069862678647,0.01993013732135296
55.480151414871216,-4.4569863444096685,-4.570305753154086,0.1133194087444176,0.7,0.680069862678647,1.380069862678647,0.01993013732135296
55.500159740448,-4.636686725220276,-4.570305753154086,-0.06638097206618987,0.7,0.680069862678647,1.380069862678647,0.01993013732135296
55.52015233039856,-4.815513855323274,-4.5703071025232695,-0.24520675280000415,0.7,0.680069862678647,1.380069862678647,0.01993013732135296
55.540154218673706,-4.993663759231566,-4.570308182018616,-0.42335557721295025,0.7,0.680069862678647,1.380069862678647,0.01993013732135296
55.56017231941223,-5.171168388873715,-4.570309045614893,-0.6008593432588221,0.7,0.680069862678647,1.380069862678647,0.01993013732135296
55.580172300338745,-5.34769539906857,-4.570309736491915,-0.7773856625766546,0.7,0.680069862678647,1.380069862678647,0.01993013732135296
55.600223541259766,-5.5238271137581725,-4.570310289193532,-0.9535168245646402,0.7,0.680069862678647,1.380069862678647,0.01993013732135296
55.62018156051636,-5.698269357856429,-4.570310731354827,-1.1279586265016022,0.7,0.680069862678647,1.380069862678647,0.01993013732135296
55.64018797874451,-5.872235297654739,-4.570311085083862,-1.301924212570877,0.7,0.680069862678647,1.380069862678647,0.01993013732135296
55.66015648841858,-6.044946366954433,-4.570311368067091,-1.4746349988873426,0.7,0.6571994189172983,1.3571994189172982,0.04280058108270168
55.68017101287842,-6.2171005499647665,-4.570311594453673,-1.6467889555110933,0.7,0.6571994189172983,1.3571994189172982,0.04280058108270168
55.700159549713135,-6.388049948478045,-4.5878899005629385,-1.8001600479151065,0.7,0.6571994189172983,1.3571994189172982,0.04280058108270168
55.72015452384949,-6.558046320368678,-4.5878899005629385,-1.9701564198057397,0.7,0.6571994189172983,1.3571994189172982,0.04280058108270168
55.740150451660156,-6.72701565474161,-4.601952545450351,-2.1250631092912586,0.7,0.6571994189172983,1.3571994189172982,0.04280058108270168
55.76015019416809,-6.89495507723014,-4.5956245363602815,-2.2993305408698586,0.7,0.6571994189172983,1.3571994189172982,0.04280058108270168
55.78014850616455,-7.061793839739688,-4.590562129088226,-2.4712317106514625,0.7,0.6571994189172983,1.3571994189172982,0.04280058108270168
55.800211906433105,-7.228055181827308,-4.586512203270581,-2.6415429785567275,0.7,0.6571994189172983,1.3571994189172982,0.04280058108270168
55.82020115852356,-7.392559823306372,-4.5832722626164655,-2.8092875606899064,0.7,0.6571994189172983,1.3571994189172982,0.04280058108270168
55.840158224105835,-7.555636293185348,-4.580680310093173,-2.9749559830921752,0.7,0.6571994189172983,1.3571994189172982,0.04280058108270168
55.86015009880066,-7.717806070659999,-4.578606748074539,-3.13919932258546,0.7,0.6571994189172983,1.3571994189172982,0.04280058108270168
55.88029479980469,-7.879983736654891,-4.576947898459632,-3.3030358381952594,0.7,0.6571994189172983,1.3571994189172982,0.04280058108270168
55.90030312538147,-8.039813930405815,-4.575620818767706,-3.4641931116381093,0.7,0.6467425066977739,1.3467425066977738,0.05325749330222607
55.92019510269165,-8.197455185609979,-4.575620818767706,-3.621834366842273,0.7,0.6467425066977739,1.3467425066977738,0.05325749330222607
55.94022512435913,-8.354896478191009,-4.574559155014165,-3.780337323176844,0.7,0.6467425066977739,1.3467425066977738,0.05325749330222607
55.9601948261261,-8.510546337918113,-4.573709824011333,-3.93683651390678,0.7,0.6467425066977739,1.3467425066977738,0.05325749330222607
55.98015236854553,-8.664762807210428,-4.573030359209066,-4.091732448001362,0.7,0.6467425066977739,1.3467425066977738,0.05325749330222607
56.000147581100464,-8.817904023672265,-4.572486787367254,-4.245417236305011,0.7,0.6467425066977739,1.3467425066977738,0.05325749330222607
56.02014684677124,-8.969684074960751,-4.572051929893803,-4.397632145066948,0.7,0.6467425066977739,1.3467425066977738,0.05325749330222607
56.04014492034912,-9.120038893137291,-4.571704043915043,-4.548334849222249,0.7,0.6467425066977739,1.3467425066977738,0.05325749330222607
56.060150146484375,-9.269006829730364,-4.571425735132035,-4.697581094598329,0.7,0.6467425066977739,1.3467425066977738,0.05325749330222607
56.08015275001526,-9.416491077552637,-4.571203088105628,-4.845287989447009,0.7,0.6467425066977739,1.3467425066977738,0.05325749330222607
56.100149154663086,-9.562442952909466,-4.571024970484503,-4.991417982424963,0.7,0.6467425066977739,1.3467425066977738,0.05325749330222607
56.1202929019928,-9.707944009352873,-4.570882476387603,-5.13706153296527,0.7,0.5767425066977738,1.2767425066977738,0.12325749330222613
56.140183448791504,-9.850090344446782,-4.570882476387603,-5.279207868059179,0.7,0.5767425066977738,1.2767425066977738,0.12325749330222613
56.16015362739563,-9.991258016207835,-4.5707684811100835,-5.420489535097752,0.7,0.5767425066977738,1.2767425066977738,0.12325749330222613
56.18015170097351,-10.131046533695502,-4.570677284888067,-5.560369248807435,0.7,0.5767425066977738,1.2767425066977738,0.12325749330222613
56.20015048980713,-10.26924046329906,-4.570604327910454,-5.698636135388606,0.7,0.5767425066977738,1.2767425066977738,0.12325749330222613
56.22014880180359,-10.405809720349241,-4.570545962328365,-5.835263758020877,0.7,0.5767425066977738,1.2767425066977738,0.12325749330222613
56.24014902114868,-10.54074884640376,-4.552921144862692,-5.987827701541068,0.7,0.5767425066977738,1.2767425066977738,0.12325749330222613
56.260146379470825,-10.674004484686003,-4.538821290890154,-6.135183193795849,0.7,0.5767425066977738,1.2767425066977738,0.12325749330222613
56.280147552490234,-10.805599955477339,-4.527541407712124,-6.278058547765215,0.7,0.5767425066977738,1.2767425066977738,0.12325749330222613
56.3001503944397,-10.935499662980114,-4.5009393761697,-6.434560286810414,0.7,0.5767425066977738,1.2767425066977738,0.12325749330222613
56.32026743888855,-11.06439881573594,-4.479657750935759,-6.5847410648001805,0.7,0.5767425066977738,1.2767425066977738,0.12325749330222613
56.340272665023804,-11.190828539313578,-4.462632450748608,-6.72819608856497,0.6703701566904783,0.5162171154469251,1.1865872721374033,0.15415304124355322
56.36017990112305,-11.314883898386356,-4.462632450748608,-6.852251447637747,0.6703701566904783,0.5162171154469251,1.1865872721374033,0.15415304124355322
56.38015580177307,-11.437587745479702,-4.4490122105988865,-6.988575534880815,0.6703701566904783,0.5162171154469251,1.1865872721374033,0.15415304124355322
56.40015244483948,-11.558614413120276,-4.45569414347911,-7.102920269641166,0.6703701566904783,0.5162171154469251,1.1865872721374033,0.15415304124355322
56.420156955718994,-11.677862993479838,-4.443461564783288,-7.23440142869655,0.6703701566904783,0.5162171154469251,1.1865872721374033,0.15415304124355322
56.44023394584656,-11.79568866566123,-4.43367550182663,-7.362013163834599,0.6703701566904783,0.5162171154469251,1.1865872721374033,0.15415304124355322
56.46025896072388,-11.911339565511025,-4.425846651461304,-7.48549291404972,0.6703701566904783,0.5162171154469251,1.1865872721374033,0.15415304124355322
56.480304479599,-12.025220332622677,-4.419583571169043,-7.605636761453634,0.6703701566904783,0.5162171154469251,1.1865872721374033,0.15415304124355322
56.500295639038086,-12.136892471279008,-4.396994981935235,-7.7398974893437735,0.6703701566904783,0.5162171154469251,1.1865872721374033,0.15415304124355322
56.52025604248047,-12.246482368123766,-4.378924110548188,-7.8675582575755785,0.6703701566904783,0.5162171154469251,1.1865872721374033,0.15415304124355322
56.540260791778564,-12.35438309154351,-4.36446741343855,-7.9899156781049605,0.6598171561956405,0.44621711544692505,1.1060342716425655,0.21360004074871547
56.56026744842529,-12.460341996101704,-4.352902055750841,-8.107439940350863,0.6598171561956405,0.44621711544692505,1.1060342716425655,0.21360004074871547
56.580214500427246,-12.564025087668927,-4.352902055750841,-8.211123031918087,0.6598171561956405,0.44621711544692505,1.1060342716425655,0.21360004074871547
56.60025072097778,-12.666184878490174,-4.343649769600673,-8.3225351088895,0.6598171561956405,0.44621711544692505,1.1060342716425655,0.21360004074871547
56.62024235725403,-12.76611666353557,-4.336247940680538,-8.429868722855032,0.6598171561956405,0.44621711544692505,1.1060342716425655,0.21360004074871547
56.64024806022644,-12.864102401308138,-4.330326477544431,-8.533775923763706,0.6598171561956405,0.44621711544692505,1.1060342716425655,0.21360004074871547
56.660252809524536,-12.960051064125064,-4.3255893070355445,-8.63446175708952,0.6598171561956405,0.44621711544692505,1.1060342716425655,0.21360004074871547
56.68033719062805,-13.05432188836653,-4.3393776956284364,-8.714944192738095,0.6598171561956405,0.44621711544692505,1.1060342716425655,0.21360004074871547
56.70031189918518,-13.146016101977663,-4.4031427815027495,-8.742873320474914,0.6598171561956405,0.44621711544692505,1.1060342716425655,0.21360004074871547
56.72030305862427,-13.235712609512815,-4.5068892252022,-8.728823384310616,0.6598171561956405,0.44621711544692505,1.1060342716425655,0.21360004074871547
56.740241050720215,-13.323090675684814,-4.589886380161761,-8.733204295523052,0.6598171561956405,0.44621711544692505,1.1060342716425655,0.21360004074871547
56.76029181480408,-13.408854320648173,-4.656284104129408,-8.752570216518766,0.6561470251064747,0.3802847968786954,1.03643182198517,0.27586222822777934
56.78031063079834,-13.492358228142988,-4.709402283303527,-8.782955944839461,0.6561470251064747,0.3802847968786954,1.03643182198517,0.27586222822777934
56.80029845237732,-13.573603200515084,-4.709402283303527,-8.864200917211557,0.6561470251064747,0.3802847968786954,1.03643182198517,0.27586222822777934
56.820263624191284,-13.652618930341712,-4.751896826642822,-8.90072210369889,0.6561470251064747,0.3802847968786954,1.03643182198517,0.27586222822777934
56.84032201766968,-13.72984010718627,-4.785892461314258,-8.943947645872012,0.6561470251064747,0.3802847968786954,1.03643182198517,0.27586222822777934
56.860188722610474,-13.804173737534166,-4.813088969051407,-8.991084768482759,0.6561470251064747,0.3802847968786954,1.03643182198517,0.27586222822777934
56.880157232284546,-13.876720821608163,-4.887580550241125,-8.989140271367038,0.6561470251064747,0.3802847968786954,1.03643182198517,0.27586222822777934
56.900224685668945,-13.947426694511154,-5.087798815192901,-8.859627879318253,0.6561470251064747,0.3802847968786954,1.03643182198517,0.27586222822777934
56.92021346092224,-14.015651047978503,-5.353442177154321,-8.662208870824182,0.6561470251064747,0.3802847968786954,1.03643182198517,0.27586222822777934
56.94023394584656,-14.081767611610578,-5.601113116723457,-8.480654494887121,0.6561470251064747,0.3802847968786954,1.03643182198517,0.27586222822777934
56.96018862724304,-14.145449615611346,-5.834406118378766,-8.31104349723258,0.6561470251064747,0.3802847968786954,1.03643182198517,0.27586222822777934
56.980146408081055,-14.206917373233287,-6.038618644703013,-8.168298728530274,0.6561470251064747,0.3802847968786954,1.03643182198517,0.27586222822777934
57.000152587890625,-14.26629207836153,-6.219566790762411,-8.04672528759912,0.6561470251064747,0.3802847968786954,1.03643182198517,0.27586222822777934
57.02028489112854,-14.323765508958155,-6.219566790762411,-8.104198718195745,0.6730951252859085,0.32581921242177475,0.9989143377076832,0.3472759128641338
57.040173053741455,-14.378291614713525,-6.364325307609929,-8.013966307103598,0.6730951252859085,0.32581921242177475,0.9989143377076832,0.3472759128641338
57.06015491485596,-14.430813525662645,-6.4801321210879435,-7.950681404574701,0.6730951252859085,0.32581921242177475,0.9989143377076832,0.3472759128641338
57.08014726638794,-14.481086556260903,-6.572777571870355,-7.9083089843905485,0.6730951252859085,0.32581921242177475,0.9989143377076832,0.3472759128641338
57.10014843940735,-14.529095272992585,-6.646893932496284,-7.882201340496301,0.6730951252859085,0.32581921242177475,0.9989143377076832,0.3472759128641338
57.12015748023987,-14.574826938037564,-6.706187020997027,-7.868639917040537,0.6730951252859085,0.32581921242177475,0.9989143377076832,0.3472759128641338
57.14016103744507,-14.618243402159168,-6.753621491797622,-7.864621910361546,0.6730951252859085,0.32581921242177475,0.9989143377076832,0.3472759128641338
57.16015267372131,-14.659326846481765,-6.826725318438098,-7.832601528043667,0.6730951252859085,0.32581921242177475,0.9989143377076832,0.3472759128641338
57.18017792701721,-14.698160592101505,-7.008255254750479,-7.689905337351027,0.6730951252859085,0.32581921242177475,0.9989143377076832,0.3472759128641338
57.20015215873718,-14.734577410074357,-7.276526078800384,-7.458051331273973,0.6730951252859085,0.32581921242177475,0.9989143377076832,0.3472759128641338
57.220277547836304,-14.768922623367558,-7.526298988040307,-7.242623635327251,0.6730951252859085,0.32581921242177475,0.9989143377076832,0.3472759128641338
57.24016857147217,-14.800547469684409,-7.761273565432246,-7.039273904252163,0.6994565106462687,0.3359828474372624,1.035439358083531,0.36347366320900626
57.260173082351685,-14.830021140779374,-7.761273565432246,-7.068747575347128,0.6994565106462687,0.3359828474372624,1.035439358083531,0.36347366320900626
57.28016400337219,-14.857134288383925,-7.966831352345796,-6.890302936038129,0.6994565106462687,0.3359828474372624,1.035439358083531,0.36347366320900626
57.300161838531494,-14.881911612584473,-8.148855706876637,-6.733055905707836,0.6994565106462687,0.3359828474372624,1.035439358083531,0.36347366320900626
57.32015109062195,-14.904330297631,-8.294475190501311,-6.60985510712969,0.6994565106462687,0.3359828474372624,1.035439358083531,0.36347366320900626
57.340171337127686,-14.924427233778033,-8.41097077740105,-6.513456456376984,0.6994565106462687,0.3359828474372624,1.035439358083531,0.36347366320900626
57.36015176773071,-14.942129729557122,-8.50416724692084,-6.437962482636282,0.6994565106462687,0.3359828474372624,1.035439358083531,0.36347366320900626
57.380151987075806,-14.957491337170733,-8.578724422536672,-6.3787669146340615,0.6994565106462687,0.3359828474372624,1.035439358083531,0.36347366320900626
57.40015721321106,-14.970493890075298,-8.638370163029338,-6.3321237270459605,0.6994565106462687,0.3359828474372624,1.035439358083531,0.36347366320900626
57.420175552368164,-14.981137389294263,-8.68608675542347,-6.295050633870792,0.6994565106462687,0.3359828474372624,1.035439358083531,0.36347366320900626
57.44029879570007,-14.989447964139439,-8.724260029338776,-6.265187934800663,0.7,0.3287730351462959,1.0287730351462958,0.37122696485370404
57.4601731300354,-14.995303755609829,-8.724260029338776,-6.271043726271053,0.7,0.3287730351462959,1.0287730351462958,0.37122696485370404
57.480159521102905,-14.998834480142579,-8.754798648471022,-6.244035831671557,0.7,0.3287730351462959,1.0287730351462958,0.37122696485370404
57.500229835510254,-14.999999843593335,-8.779229543776818,-6.220770299816516,0.7,0.3287730351462959,1.0287730351462958,0.37122696485370404
57.520195960998535,-14.998792341286745,-8.798774260021455,-6.20001808126529,0.7,0.3287730351462959,1.0287730351462958,0.37122696485370404
57.540149211883545,-14.995227433175195,-8.814410033017165,-6.1808174001580305,0.7,0.3287730351462959,1.0287730351462958,0.37122696485370404
57.56018900871277,-14.989274843930836,-8.826918651413733,-6.1623561925171035,0.7,0.3287730351462959,1.0287730351462958,0.37122696485370404
57.580294370651245,-14.980914696110379,-8.836925546130987,-6.143989149979392,0.7,0.3287730351462959,1.0287730351462958,0.37122696485370404
57.60029911994934,-14.970223646820594,-8.84493106190479,-6.125292584915805,0.7,0.3287730351462959,1.0287730351462958,0.37122696485370404
57.62029480934143,-14.957173950826737,-8.85133547452383,-6.105838476302907,0.7,0.3287730351462959,1.0287730351462958,0.37122696485370404
57.640289306640625,-14.94176435074646,-8.856459004619063,-6.085305346127397,0.7,0.3287730351462959,1.0287730351462958,0.37122696485370404
57.6602988243103,-14.92398233766731,-8.860557828695251,-6.063424508972059,0.7,0.3287730351462959,1.0287730351462958,0.37122696485370404
57.680235147476196,-14.903919381367817,-8.860557828695251,-6.043361552672566,0.7,0.3287730351462959,1.0287730351462958,0.37122696485370404
57.700233697891235,-14.881444306479933,-8.863836887956202,-6.017607418523731,0.7,0.3287730351462959,1.0287730351462958,0.37122696485370404
57.720205307006836,-14.85665464135126,-8.866460135364962,-5.990194505986299,0.7,0.3287730351462959,1.0287730351462958,0.37122696485370404
57.740209102630615,-14.829479986618903,-8.86855873329197,-5.960921253326934,0.7,0.3287730351462959,1.0287730351462958,0.37122696485370404
57.76032614707947,-14.799788927864538,-8.887815736633577,-5.911973191230961,0.7,0.3287730351462959,1.0287730351462958,0.37122696485370404
57.780330657958984,-14.767919261228684,-8.955955714306862,-5.811963546921822,0.7,0.3287730351462959,1.0287730351462958,0.37122696485370404
57.800376176834106,-14.733644010813993,-9.045623946445488,-5.688020064368505,0.7,0.3743212134018539,1.0743212134018538,0.32567878659814603
57.82025718688965,-14.697341510984243,-9.117358532156391,-5.579982978827852,0.7,0.3743212134018539,1.0743212134018538,0.32567878659814603
57.840344190597534,-14.658333776639545,-9.174746200725114,-5.483587575914431,0.7,0.3743212134018539,1.0743212134018538,0.32567878659814603
57.86026477813721,-14.617343227397798,-9.220656335580092,-5.396686891817707,0.7,0.3743212134018539,1.0743212134018538,0.32567878659814603
57.88029885292053,-14.573809608403405,-9.257384443464074,-5.31642516493933,0.7,0.3743212134018539,1.0743212134018538,0.32567878659814603
57.90033555030823,-14.527960615459033,-9.257384443464074,-5.270576171994959,0.7,0.3743212134018539,1.0743212134018538,0.32567878659814603
57.92024230957031,-14.4801287273016,-9.269188804771261,-5.21093992253034,0.7,0.3743212134018539,1.0743212134018538,0.32567878659814603
57.94024848937988,-14.429775656151657,-9.29621041881701,-5.133565237334647,0.7,0.3743212134018539,1.0743212134018538,0.32567878659814603
57.96030569076538,-14.377005410297917,-9.317827710053608,-5.059177700244309,0.7,0.3743212134018539,1.0743212134018538,0.32567878659814603
57.98033404350281,-14.32203268392257,-9.335121543042886,-4.986911140879684,0.7,0.3743212134018539,1.0743212134018538,0.32567878659814603
58.00035548210144,-14.264812076631003,-9.34895660943431,-4.9158554671966925,0.7,0.3743212134018539,1.0743212134018538,0.32567878659814603
58.020405769348145,-14.20524673306204,-9.360024662547449,-4.845222070514591,0.7,0.39250571135431517,1.092505711354315,0.3074942886456848
58.040422201156616,-14.14353320110093,-9.368879105037959,-4.774654096062971,0.7,0.39250571135431517,1.092505711354315,0.3074942886456848
58.06024742126465,-14.080204025106912,-9.375962659030368,-4.704241366076545,0.7,0.39250571135431517,1.092505711354315,0.3074942886456848
58.08019661903381,-14.014273566352196,-9.381629502224294,-4.632644064127902,0.7,0.39250571135431517,1.092505711354315,0.3074942886456848
58.10019040107727,-13.945986593476634,-9.386162976779437,-4.559823616697198,0.7,0.39250571135431517,1.092505711354315,0.3074942886456848
58.12029767036438,-13.875092398271187,-9.386162976779437,-4.488929421491751,0.7,0.39250571135431517,1.092505711354315,0.3074942886456848
58.14032578468323,-13.802275728697943,-9.38978975642355,-4.412485972274393,0.7,0.39250571135431517,1.092505711354315,0.3074942886456848
58.16025400161743,-13.727652893201848,-9.39269118013884,-4.334961713063008,0.7,0.39250571135431517,1.092505711354315,0.3074942886456848
58.18032121658325,-13.650334803690983,-9.395012319111073,-4.25532248457991,0.7,0.39250571135431517,1.092505711354315,0.3074942886456848
58.20024275779724,-13.571431472347587,-9.396869230288859,-4.1745622420587285,0.7,0.39250571135431517,1.092505711354315,0.3074942886456848
58.22028636932373,-13.489898793957087,-9.398354759231088,-4.091544034725999,0.7,0.39250571135431517,1.092505711354315,0.3074942886456848
58.24023628234863,-13.406622706044743,-9.399543182384873,-4.00707952365987,0.6993088854243978,0.38739186054095615,1.086700745965354,0.3119170248834417
58.260242223739624,-13.320997400773903,-9.400493920907898,-3.920503479866005,0.6993088854243978,0.38739186054095615,1.086700745965354,0.3119170248834417
58.28028917312622,-13.23308532511334,-9.40125451172632,-3.83183081338702,0.6993088854243978,0.38739186054095615,1.086700745965354,0.3119170248834417
58.30023503303528,-13.14353290830707,-9.401862984381056,-3.7416699239260147,0.6993088854243978,0.38739186054095615,1.086700745965354,0.3119170248834417
58.32027721405029,-13.051468782750494,-9.402349762504846,-3.6491190202456476,0.6993088854243978,0.38739186054095615,1.086700745965354,0.3119170248834417
58.340352296829224,-12.957178750545632,-9.402349762504846,-3.5548289880407857,0.6993088854243978,0.38739186054095615,1.086700745965354,0.3119170248834417
58.360273599624634,-12.861573110982588,-9.402739185003878,-3.458833925978711,0.6993088854243978,0.38739186054095615,1.086700745965354,0.3119170248834417
58.38035726547241,-12.763148564751086,-9.403050723003103,-3.360097841747983,0.6993088854243978,0.38739186054095615,1.086700745965354,0.3119170248834417
58.400277614593506,-12.663516722685749,-9.403299953402483,-3.260216769283266,0.6993088854243978,0.38739186054095615,1.086700745965354,0.3119170248834417
58.42026686668396,-12.561546155240421,-9.403499337721986,-3.1580468175184357,0.6993088854243978,0.38739186054095615,1.086700745965354,0.3119170248834417
58.4402756690979,-12.457491471356004,-9.403658845177588,-3.0538326261784157,0.6974289217498153,0.43300615524873126,1.1304350769985465,0.26442276650108404
58.4602484703064,-12.351660396249036,-9.403786451142071,-2.9478739451069647,0.6974289217498153,0.43300615524873126,1.1304350769985465,0.26442276650108404
58.48038721084595,-12.242980618274963,-9.403888535913657,-2.839092082361306,0.6974289217498153,0.43300615524873126,1.1304350769985465,0.26442276650108404
58.5002965927124,-12.133611656775384,-9.403970203730927,-2.729641453044458,0.6974289217498153,0.43300615524873126,1.1304350769985465,0.26442276650108404
58.52022099494934,-12.022259323719792,-9.404035537984742,-2.6182237857350508,0.6974289217498153,0.43300615524873126,1.1304350769985465,0.26442276650108404
58.54024910926819,-11.908428535362921,-9.404087805387793,-2.5043407299751284,0.6974289217498153,0.43300615524873126,1.1304350769985465,0.26442276650108404
58.56031012535095,-11.792520339410373,-9.404129619310236,-2.388390720100137,0.6974289217498153,0.43300615524873126,1.1304350769985465,0.26442276650108404
58.58020615577698,-11.67571483854322,-9.404129619310236,-2.2715852192329837,0.6974289217498153,0.43300615524873126,1.1304350769985465,0.26442276650108404
58.60030674934387,-11.555855605888272,-9.404163070448188,-2.151692535440084,0.6974289217498153,0.43300615524873126,1.1304350769985465,0.26442276650108404
58.620256423950195,-11.435073751495946,-9.404189831358552,-2.030883920137393,0.6974289217498153,0.43300615524873126,1.1304350769985465,0.26442276650108404
58.640302658081055,-11.311897605324347,-9.404211240086843,-1.9076863652375042,0.6974289217498153,0.43300615524873126,1.1304350769985465,0.26442276650108404
58.66023778915405,-11.187624450641653,-9.404228367069473,-1.78339608357218,0.6974289217498153,0.43300615524873126,1.1304350769985465,0.26442276650108404
58.680235624313354,-11.06119692295904,-9.421820193655579,-1.6393767293034607,0.7,0.46355239203199733,1.1635523920319972,0.23644760796800263
58.700284242630005,-10.932695387497693,-9.435893654924463,-1.4968017325732301,0.7,0.46355239203199733,1.1635523920319972,0.23644760796800263
58.720219135284424,-10.803202667764996,-9.44715242393957,-1.3560502438254254,0.7,0.46355239203199733,1.1635523920319972,0.23644760796800263
58.74025273323059,-10.671361343263312,-9.456159439151655,-1.215201904111657,0.7,0.46355239203199733,1.1635523920319972,0.23644760796800263
58.7602961063385,-10.537763656000763,-9.463365051321325,-1.0743986046794376,0.7,0.46355239203199733,1.1635523920319972,0.23644760796800263
58.78030204772949,-10.402748872512376,-9.463365051321325,-0.9393838211910506,0.7,0.46355239203199733,1.1635523920319972,0.23644760796800263
58.80025124549866,-10.266480312096311,-9.469129541057061,-0.79735077103925,0.7,0.46355239203199733,1.1635523920319972,0.23644760796800263
58.82023024559021,-10.128391602348708,-9.473741132845648,-0.6546504695030606,0.7,0.46355239203199733,1.1635523920319972,0.23644760796800263
58.840200424194336,-9.988768884143726,-9.477430406276518,-0.5113384778672074,0.7,0.46355239203199733,1.1635523920319972,0.23644760796800263
58.86029672622681,-9.846676841714544,-9.480381825021215,-0.36629501669332853,0.7,0.46355239203199733,1.1635523920319972,0.23644760796800263
58.88026261329651,-9.703952191304248,-9.482742960016973,-0.22120923128727554,0.7,0.46355239203199733,1.1635523920319972,0.23644760796800263
58.90029978752136,-9.559182644756826,-9.484631868013578,-0.07455077674324784,0.7,0.481931059565395,1.181931059565395,0.21806894043460495
58.920330286026,-9.412946962775553,-9.486142994410862,0.07319603163530886,0.7,0.481931059565395,1.181931059565395,0.21806894043460495
58.940327644348145,-9.265465960780503,-9.48735189552869,0.22188593474818674,0.7,0.481931059565395,1.181931059565395,0.21806894043460495
58.96023488044739,-9.117196712700752,-9.488319016422953,0.3711223037222009,0.7,0.481931059565395,1.181931059565395,0.21806894043460495
58.9802622795105,-8.966593209699122,-9.489092713138362,0.5224995034392403,0.7,0.481931059565395,1.181931059565395,0.21806894043460495
59.00025749206543,-8.814815342079278,-9.489092713138362,0.6742773710590839,0.7,0.481931059565395,1.181931059565395,0.21806894043460495
59.02028489112854,-8.661398512573063,-9.48971167051069,0.828313157937627,0.7,0.481931059565395,1.181931059565395,0.21806894043460495
59.040252685546875,-8.507072882524636,-9.490206836408552,0.9831339538839163,0.7,0.481931059565395,1.181931059565395,0.21806894043460495
59.06023907661438,-8.351262617854577,-9.490602969126842,1.1393403512722653,0.7,0.481931059565395,1.181931059565395,0.21806894043460495
59.08030390739441,-8.193516153784744,-9.490919875301474,1.29740372151673,0.7,0.481931059565395,1.181931059565395,0.21806894043460495
59.10029339790344,-8.03506704402459,-9.491173400241179,1.4561063562165888,0.7,0.481931059565395,1.181931059565395,0.21806894043460495
59.12024641036987,-7.8756430368944645,-9.491376220192944,1.6157331832984791,0.7,0.5112510909698902,1.2112510909698901,0.18874890903010977
59.14023566246033,-7.71468829852542,-9.491538476154354,1.7768501776289334,0.7,0.5112510909698902,1.2112510909698901,0.18874890903010977
59.16023373603821,-7.552444797316048,-9.491668280923482,1.9392234836074342,0.7,0.5112510909698902,1.2112510909698901,0.18874890903010977
59.18025612831116,-7.388809445309603,-9.491772124738786,2.102962679429183,0.7,0.5112510909698902,1.2112510909698901,0.18874890903010977
59.20028114318848,-7.223983038355124,-9.49185519979103,2.267872161435905,0.7,0.5112510909698902,1.2112510909698901,0.18874890903010977
59.22020721435547,-7.058835852617839,-9.49185519979103,2.4330193471731905,0.7,0.5112510909698902,1.2112510909698901,0.18874890903010977
59.2402982711792,-6.891201112702359,-9.491921659832823,2.6007205471304635,0.7,0.5112510909698902,1.2112510909698901,0.18874890903010977
59.26030421257019,-6.723185353641998,-9.491974827866258,2.76878947422426,0.7,0.5112510909698902,1.2112510909698901,0.18874890903010977
59.28025531768799,-6.554572165288742,-9.492017362293007,2.9374451970042648,0.7,0.5112510909698902,1.2112510909698901,0.18874890903010977
59.3003032207489,-6.384103453478983,-9.492051389834405,3.107947936355422,0.7,0.5112510909698902,1.2112510909698901,0.18874890903010977
59.320302963256836,-6.213034920818018,-9.492078611867523,3.2790436910495053,0.7,0.5112510909698902,1.2112510909698901,0.18874890903010977
59.34030055999756,-6.041003813995118,-9.492100389494018,3.4510965754989,0.7,0.5671244775317608,1.2671244775317607,0.1328755224682392
59.36035943031311,-5.867487520660913,-9.492117811595215,3.6246302909343013,0.7,0.5671244775317608,1.2671244775317607,0.1328755224682392
59.38022804260254,-5.694698151342687,-9.49213174927617,3.797433597933484,0.7,0.5671244775317608,1.2671244775317607,0.1328755224682392
59.40025448799133,-5.519638157470386,-9.492142899420935,3.9725047419505497,0.7,0.5671244775317608,1.2671244775317607,0.1328755224682392
59.42030668258667,-5.343477482805366,-9.492151819536748,4.148674336731381,0.7,0.5671244775317608,1.2671244775317607,0.1328755224682392
59.44029927253723,-5.166995984909885,-9.492151819536748,4.325155834626862,0.7,0.5671244775317608,1.2671244775317607,0.1328755224682392
59.46024179458618,-4.990144166556566,-9.492158955629398,4.502014789072832,0.7,0.5671244775317608,1.2671244775317607,0.1328755224682392
59.48029613494873,-4.811510706605397,-9.492164664503518,4.680653957898121,0.7,0.5671244775317608,1.2671244775317607,0.1328755224682392
59.50023579597473,-4.6331413083674216,-9.457012981602816,4.823871673235394,0.7,0.5671244775317608,1.2671244775317607,0.1328755224682392
59.52030396461487,-4.4528881474148845,-9.411313510282252,4.958425362867367,0.7,0.5671244775317608,1.2671244775317607,0.1328755224682392
59.54024648666382,-4.273062160998125,-9.374753933225803,5.101691772227677,0.7,0.5671244775317608,1.2671244775317607,0.1328755224682392
59.56024193763733,-4.092085361776878,-9.310350021580643,5.218264659803765,0.6299999999999999,0.6371244775317608,1.2671244775317607,-0.007124477531760931
59.580254793167114,-3.9103043066538854,-9.223670642264514,5.313366335610628,0.6299999999999999,0.6371244775317608,1.2671244775317607,-0.007124477531760931
59.60025238990784,-3.728044273562709,-9.154327138811611,5.426282865248902,0.6299999999999999,0.6371244775317608,1.2671244775317607,-0.007124477531760931
59.6203396320343,-3.544374723683792,-9.098852336049289,5.554477612365497,0.6299999999999999,0.6371244775317608,1.2671244775317607,-0.007124477531760931
59.6403386592865,-3.3609508543624496,-9.019316243839432,5.658365389476982,0.6299999999999999,0.6371244775317608,1.2671244775317607,-0.007124477531760931
59.66034007072449,-3.1769743429240505,-9.019316243839432,5.842341900915382,0.6299999999999999,0.6371244775317608,1.2671244775317607,-0.007124477531760931
59.68035316467285,-2.992388187795909,-8.832640495071546,5.840252307275637,0.6299999999999999,0.6371244775317608,1.2671244775317607,-0.007124477531760931
59.70027041435242,-2.8082162256271563,-8.577831146057237,5.769614920430081,0.6299999999999999,0.6371244775317608,1.2671244775317607,-0.007124477531760931
59.72035527229309,-2.6220491409724014,-8.32124929184579,5.699200150873389,0.6299999999999999,0.6371244775317608,1.2671244775317607,-0.007124477531760931
59.74034905433655,-2.436311459702683,-8.063249433476631,5.626937973773948,0.6299999999999999,0.6371244775317608,1.2671244775317607,-0.007124477531760931
59.76034641265869,-2.2501559715609587,-7.839271421781306,5.589115450220348,0.6299999999999999,0.6371244775317608,1.2671244775317607,-0.007124477531760931
59.78031277656555,-2.0639345889775877,-7.660089012425044,5.596154423447457,0.6720050173997878,0.6772279242239891,1.349232941623777,-0.0052229068242013454
59.800384283065796,-1.8764052249664507,-7.516743084940036,5.640337859973585,0.6720050173997878,0.6772279242239891,1.349232941623777,-0.0052229068242013454
59.82039761543274,-1.689122224356944,-7.384488217952029,5.695365993595085,0.6720050173997878,0.6772279242239891,1.349232941623777,-0.0052229068242013454
59.840352296829224,-1.5021221307584365,-7.225949949361623,5.723827818603187,0.6720050173997878,0.6772279242239891,1.349232941623777,-0.0052229068242013454
59.86034107208252,-1.3145658180040607,-7.081541209489299,5.766975391485238,0.6720050173997878,0.6772279242239891,1.349232941623777,-0.0052229068242013454
59.88021779060364,-1.1278552759861749,-7.081541209489299,5.953685933503125,0.6720050173997878,0.6772279242239891,1.349232941623777,-0.0052229068242013454
59.90032601356506,-0.9387912308232825,-6.9660142175914395,6.027222986768157,0.6720050173997878,0.6772279242239891,1.349232941623777,-0.0052229068242013454
59.920257329940796,-0.7512425485321064,-6.873592624073152,6.122350075541045,0.6720050173997878,0.6772279242239891,1.349232941623777,-0.0052229068242013454
59.94033098220825,-0.5622355104676257,-6.799655349258522,6.237419838790896,0.6720050173997878,0.6772279242239891,1.349232941623777,-0.0052229068242013454
59.96030139923096,-0.3741117011769381,-6.740505529406819,6.366393828229881,0.6720050173997878,0.6772279242239891,1.349232941623777,-0.0052229068242013454
59.98025298118591,-0.1861064926273157,-6.693185673525455,6.507079180898139,0.6720050173997878,0.6772279242239891,1.349232941623777,-0.0052229068242013454
