time,target_deg,actual_deg,error_deg,p1_cmd_MPa,p2_cmd_MPa,ps_cmd_MPa,pd_cmd_MPa
7.891654968261719e-05,0.0,5.976562500000008,-5.976562500000008,0.03807090362533927,0.040462049357593066,0.07853295298293234,-0.0023911457322537966
0.020308732986450195,0.0,5.976562500000007,-5.976562500000007,0.03807090362533927,0.040462049357593066,0.07853295298293234,-0.0023911457322537966
0.04025912284851074,0.0,5.976562500000007,-5.976562500000007,0.03807090362533927,0.040462049357593066,0.07853295298293234,-0.0023911457322537966
0.060294151306152344,0.0,5.976562500000006,-5.976562500000006,0.03807090362533927,0.040462049357593066,0.07853295298293234,-0.0023911457322537966
0.08030867576599121,0.0,5.976562500000005,-5.976562500000005,0.03807090362533927,0.040462049357593066,0.07853295298293234,-0.0023911457322537966
0.10030269622802734,0.0,5.976562500000005,-5.976562500000005,0.03807090362533927,0.040462049357593066,0.07853295298293234,-0.0023911457322537966
0.12026357650756836,0.0,5.976562500000005,-5.976562500000005,0.03807090362533927,0.040462049357593066,0.07853295298293234,-0.0023911457322537966
0.14036798477172852,0.0,5.976562500000005,-5.976562500000005,0.03807090362533927,0.040462049357593066,0.07853295298293234,-0.0023911457322537966
0.16028738021850586,0.0,5.976562500000005,-5.976562500000005,0.03807090362533927,0.040462049357593066,0.07853295298293234,-0.0023911457322537966
0.18025922775268555,0.0,5.976562500000005,-5.976562500000005,0.03807090362533927,0.040462049357593066,0.07853295298293234,-0.0023911457322537966
0.20029711723327637,0.0,5.976562500000005,-5.976562500000005,0.03807090362533927,0.040462049357593066,0.07853295298293234,-0.0023911457322537966
0.22034454345703125,0.0,5.976562500000005,-5.976562500000005,0.03807090362533927,0.040462049357593066,0.07853295298293234,-0.0023911457322537966
0.2402200698852539,0.0,5.976562500000005,-5.976562500000005,0.0,0.008441890291869647,0.008441890291869647,-0.008441890291869647
0.26029181480407715,0.0,5.976562500000005,-5.976562500000005,0.0,0.008441890291869647,0.008441890291869647,-0.008441890291869647
0.28031086921691895,0.0,5.976562500000005,-5.976562500000005,0.0,0.008441890291869647,0.008441890291869647,-0.008441890291869647
0.30028390884399414,0.0,5.976562500000005,-5.976562500000005,0.0,0.008441890291869647,0.008441890291869647,-0.008441890291869647
0.32019782066345215,0.0,5.976562500000005,-5.976562500000005,0.0,0.008441890291869647,0.008441890291869647,-0.008441890291869647
0.3402528762817383,0.0,5.976562500000005,-5.976562500000005,0.0,0.008441890291869647,0.008441890291869647,-0.008441890291869647
0.36034345626831055,0.0,5.976562500000005,-5.976562500000005,0.0,0.008441890291869647,0.008441890291869647,-0.008441890291869647
0.38034582138061523,0.0,5.976562500000005,-5.976562500000005,0.0,0.008441890291869647,0.008441890291869647,-0.008441890291869647
0.4002697467803955,0.0,5.976562500000005,-5.976562500000005,0.0,0.008441890291869647,0.008441890291869647,-0.008441890291869647
0.4202554225921631,0.0,5.976562500000005,-5.976562500000005,0.0,0.008441890291869647,0.008441890291869647,-0.008441890291869647
0.4402475357055664,0.0,5.976562500000005,-5.976562500000005,0.0,0.008441890291869647,0.008441890291869647,-0.008441890291869647
0.4602696895599365,0.0,5.976562500000005,-5.976562500000005,0.0,0.017648708708584315,0.017648708708584315,-0.017648708708584315
0.48025989532470703,0.0,5.976562500000005,-5.976562500000005,0.0,0.017648708708584315,0.017648708708584315,-0.017648708708584315
0.5003373622894287,0.0,5.976562500000005,-5.976562500000005,0.0,0.017648708708584315,0.017648708708584315,-0.017648708708584315
0.5204038619995117,0.0,5.976562500000005,-5.976562500000005,0.0,0.017648708708584315,0.017648708708584315,-0.017648708708584315
0.5404250621795654,0.0,5.976562500000005,-5.976562500000005,0.0,0.017648708708584315,0.017648708708584315,-0.017648708708584315
0.560427188873291,0.0,5.976562500000005,-5.976562500000005,0.0,0.017648708708584315,0.017648708708584315,-0.017648708708584315
0.5803101062774658,0.0,5.976562500000005,-5.976562500000005,0.0,0.017648708708584315,0.017648708708584315,-0.017648708708584315
0.6002767086029053,0.0,5.976562500000005,-5.976562500000005,0.0,0.017648708708584315,0.017648708708584315,-0.017648708708584315
0.6202719211578369,0.0,5.976562500000005,-5.976562500000005,0.0,0.017648708708584315,0.017648708708584315,-0.017648708708584315
0.6404721736907959,0.0,5.976562500000005,-5.976562500000005,0.0,0.017648708708584315,0.017648708708584315,-0.017648708708584315
0.6603646278381348,0.0,5.976562500000005,-5.976562500000005,0.0,0.017648708708584315,0.017648708708584315,-0.017648708708584315
0.6803188323974609,0.0,5.976562500000005,-5.976562500000005,0.0,0.017648708708584315,0.017648708708584315,-0.017648708708584315
0.7003345489501953,0.0,5.976562500000005,-5.976562500000005,0.0,0.017648708708584315,0.017648708708584315,-0.017648708708584315
0.7203290462493896,0.0,5.976562500000005,-5.976562500000005,0.0,0.017648708708584315,0.017648708708584315,-0.017648708708584315
0.7402005195617676,0.0,5.976562500000005,-5.976562500000005,0.0,0.017648708708584315,0.017648708708584315,-0.017648708708584315
0.7602238655090332,0.0,5.976562500000005,-5.976562500000005,0.0,0.017648708708584315,0.017648708708584315,-0.017648708708584315
0.7802231311798096,0.0,5.976562500000005,-5.976562500000005,0.0,0.017648708708584315,0.017648708708584315,-0.017648708708584315
0.8001811504364014,0.0,5.976562500000005,-5.976562500000005,0.0,0.017648708708584315,0.017648708708584315,-0.017648708708584315
0.8202481269836426,0.0,5.976562500000005,-5.976562500000005,0.0,0.017648708708584315,0.017648708708584315,-0.017648708708584315
0.8402416706085205,0.0,5.976562500000005,-5.976562500000005,0.0,0.017648708708584315,0.017648708708584315,-0.017648708708584315
0.8602406978607178,0.0,5.976562500000005,-5.976562500000005,0.0,0.017648708708584315,0.017648708708584315,-0.017648708708584315
0.8802490234375,0.0,5.976562500000005,-5.976562500000005,0.0,0.017648708708584315,0.017648708708584315,-0.017648708708584315
0.900242805480957,0.0,5.976562500000005,-5.976562500000005,0.0,0.017648708708584315,0.017648708708584315,-0.017648708708584315
0.9203290939331055,0.0,5.976562500000005,-5.976562500000005,0.0,0.017648708708584315,0.017648708708584315,-0.017648708708584315
0.9403667449951172,0.0,5.976562500000005,-5.976562500000005,0.0,0.017648708708584315,0.017648708708584315,-0.017648708708584315
0.9603793621063232,0.0,5.976562500000005,-5.976562500000005,0.016776492819190025,0.0018598741665482588,0.018636366985738284,0.014916618652641767
0.9802496433258057,0.0,5.976562500000005,-5.976562500000005,0.016776492819190025,0.0018598741665482588,0.018636366985738284,0.014916618652641767
1.000192403793335,0.0,5.976562500000005,-5.976562500000005,0.016776492819190025,0.0018598741665482588,0.018636366985738284,0.014916618652641767
1.0203137397766113,0.0,5.976562500000005,-5.976562500000005,0.016776492819190025,0.0018598741665482588,0.018636366985738284,0.014916618652641767
1.0403265953063965,0.0,5.976562500000005,-5.976562500000005,0.016776492819190025,0.0018598741665482588,0.018636366985738284,0.014916618652641767
1.0603322982788086,0.0,5.976562500000005,-5.976562500000005,0.016776492819190025,0.0018598741665482588,0.018636366985738284,0.014916618652641767
1.0803296566009521,0.0,5.976562500000005,-5.976562500000005,0.016776492819190025,0.0018598741665482588,0.018636366985738284,0.014916618652641767
1.1003317832946777,0.0,5.976562500000005,-5.976562500000005,0.016776492819190025,0.0018598741665482588,0.018636366985738284,0.014916618652641767
1.120330572128296,0.0,5.976562500000005,-5.976562500000005,0.016776492819190025,0.0018598741665482588,0.018636366985738284,0.014916618652641767
1.140246868133545,0.0,5.976562500000005,-5.976562500000005,0.016776492819190025,0.0018598741665482588,0.018636366985738284,0.014916618652641767
1.160330057144165,0.0,5.976562500000005,-5.976562500000005,0.016776492819190025,0.0018598741665482588,0.018636366985738284,0.014916618652641767
1.1803362369537354,0.0,5.976562500000005,-5.976562500000005,0.016776492819190025,0.0018598741665482588,0.018636366985738284,0.014916618652641767
1.2002458572387695,0.0,5.976562500000005,-5.976562500000005,0.016776492819190025,0.0018598741665482588,0.018636366985738284,0.014916618652641767
1.2202470302581787,0.0,5.976562500000005,-5.976562500000005,0.016776492819190025,0.0018598741665482588,0.018636366985738284,0.014916618652641767
1.2402405738830566,0.0,5.976562500000005,-5.976562500000005,0.016776492819190025,0.0018598741665482588,0.018636366985738284,0.014916618652641767
1.2602450847625732,0.0,5.976562500000005,-5.976562500000005,0.016776492819190025,0.0018598741665482588,0.018636366985738284,0.014916618652641767
1.2802071571350098,0.0,5.976562500000005,-5.976562500000005,0.016776492819190025,0.0018598741665482588,0.018636366985738284,0.014916618652641767
1.300342321395874,0.0,5.976562500000005,-5.976562500000005,0.016776492819190025,0.0018598741665482588,0.018636366985738284,0.014916618652641767
1.3202240467071533,0.0,5.976562500000005,-5.976562500000005,0.016776492819190025,0.0018598741665482588,0.018636366985738284,0.014916618652641767
1.3403632640838623,0.0,5.976562500000005,-5.976562500000005,0.0429286640137434,0.033985861279070384,0.07691452529281378,0.008942802734673017
1.3602497577667236,0.0,5.976562500000005,-5.976562500000005,0.0429286640137434,0.033985861279070384,0.07691452529281378,0.008942802734673017
1.3802380561828613,0.0,5.976562500000005,-5.976562500000005,0.0429286640137434,0.033985861279070384,0.07691452529281378,0.008942802734673017
1.4002485275268555,0.0,5.976562500000005,-5.976562500000005,0.0429286640137434,0.033985861279070384,0.07691452529281378,0.008942802734673017
1.4201898574829102,0.0,5.976562500000005,-5.976562500000005,0.0429286640137434,0.033985861279070384,0.07691452529281378,0.008942802734673017
1.440232515335083,0.0,5.976562500000005,-5.976562500000005,0.0429286640137434,0.033985861279070384,0.07691452529281378,0.008942802734673017
1.4602410793304443,0.0,5.976562500000005,-5.976562500000005,0.0429286640137434,0.033985861279070384,0.07691452529281378,0.008942802734673017
1.4801959991455078,0.0,5.976562500000005,-5.976562500000005,0.0429286640137434,0.033985861279070384,0.07691452529281378,0.008942802734673017
1.500333309173584,0.0,5.976562500000005,-5.976562500000005,0.0429286640137434,0.033985861279070384,0.07691452529281378,0.008942802734673017
1.5203559398651123,0.0,5.976562500000005,-5.976562500000005,0.0429286640137434,0.033985861279070384,0.07691452529281378,0.008942802734673017
1.5403692722320557,0.0,5.976562500000005,-5.976562500000005,0.0429286640137434,0.033985861279070384,0.07691452529281378,0.008942802734673017
1.5603363513946533,0.0,5.976562500000005,-5.976562500000005,0.0429286640137434,0.033985861279070384,0.07691452529281378,0.008942802734673017
1.5803234577178955,0.0,5.976562500000005,-5.976562500000005,0.0429286640137434,0.033985861279070384,0.07691452529281378,0.008942802734673017
1.600353479385376,0.0,5.976562500000005,-5.976562500000005,0.010054683312773705,0.0,0.010054683312773705,0.010054683312773705
1.6203255653381348,0.0,5.976562500000005,-5.976562500000005,0.010054683312773705,0.0,0.010054683312773705,0.010054683312773705
1.6403040885925293,0.0,5.976562500000005,-5.976562500000005,0.010054683312773705,0.0,0.010054683312773705,0.010054683312773705
1.6602425575256348,0.0,5.976562500000005,-5.976562500000005,0.010054683312773705,0.0,0.010054683312773705,0.010054683312773705
1.680232286453247,0.0,5.976562500000005,-5.976562500000005,0.010054683312773705,0.0,0.010054683312773705,0.010054683312773705
1.7002301216125488,0.0,5.976562500000005,-5.976562500000005,0.010054683312773705,0.0,0.010054683312773705,0.010054683312773705
1.7202305793762207,0.0,5.976562500000005,-5.976562500000005,0.010054683312773705,0.0,0.010054683312773705,0.010054683312773705
1.7402350902557373,0.0,5.976562500000005,-5.976562500000005,0.010054683312773705,0.0,0.010054683312773705,0.010054683312773705
1.7602365016937256,0.0,5.976562500000005,-5.976562500000005,0.010054683312773705,0.0,0.010054683312773705,0.010054683312773705
1.7803454399108887,0.0,5.976562500000005,-5.976562500000005,0.010054683312773705,0.0,0.010054683312773705,0.010054683312773705
1.8003063201904297,0.0,5.976562500000005,-5.976562500000005,0.010054683312773705,0.0,0.010054683312773705,0.010054683312773705
1.8203258514404297,0.0,5.976562500000005,-5.976562500000005,0.0,0.0,0.0,0.0
1.840205430984497,0.0,5.976562500000005,-5.976562500000005,0.0,0.0,0.0,0.0
1.8602747917175293,0.0,5.976562500000005,-5.976562500000005,0.0,0.0,0.0,0.0
1.8803625106811523,0.0,5.976562500000005,-5.976562500000005,0.0,0.0,0.0,0.0
1.9003310203552246,0.0,5.976562500000005,-5.976562500000005,0.0,0.0,0.0,0.0
1.9202849864959717,0.0,5.976562500000005,-5.976562500000005,0.0,0.0,0.0,0.0
1.9402508735656738,0.0,5.976562500000005,-5.976562500000005,0.0,0.0,0.0,0.0
1.9602973461151123,0.0,5.976562500000005,-5.976562500000005,0.0,0.0,0.0,0.0
1.9803838729858398,0.0,5.976562500000005,-5.976562500000005,0.0,0.0,0.0,0.0
2.000274896621704,0.0,5.976562500000005,-5.976562500000005,0.0,0.0,0.0,0.0
2.020347833633423,0.0,5.976562500000005,-5.976562500000005,0.0,0.0,0.0,0.0
2.0402538776397705,0.0,5.976562500000005,-5.976562500000005,0.0,0.0,0.0,0.0
2.060328960418701,0.0,5.976562500000005,-5.976562500000005,0.0,0.0,0.0,0.0
2.080339193344116,0.0,5.976562500000005,-5.976562500000005,0.0,0.0,0.0,0.0
2.1002399921417236,0.0,5.976562500000005,-5.976562500000005,0.0,0.0,0.0,0.0
2.120246171951294,0.0,5.976562500000005,-5.976562500000005,0.0,0.0,0.0,0.0
2.140328884124756,0.0,5.976562500000005,-5.976562500000005,0.0,0.0,0.0,0.0
2.1602423191070557,0.0,5.976562500000005,-5.976562500000005,0.0,0.0,0.0,0.0
2.180241346359253,0.0,5.976562500000005,-5.976562500000005,0.0,0.0,0.0,0.0
2.200230836868286,0.0,5.976562500000005,-5.976562500000005,0.0,0.0,0.0,0.0
2.22023868560791,0.0,5.976562500000005,-5.976562500000005,0.0,0.0,0.0,0.0
2.240238904953003,0.0,5.976562500000005,-5.976562500000005,0.0,0.0,0.0,0.0
2.26023268699646,0.0,5.976562500000005,-5.976562500000005,0.0,0.0,0.0,0.0
2.2803170680999756,0.0,5.976562500000005,-5.976562500000005,0.0,0.0,0.0,0.0
2.3003921508789062,0.0,5.976562500000005,-5.976562500000005,0.05646751075983048,0.0,0.05646751075983048,0.05646751075983048
2.320309638977051,0.0,5.976562500000005,-5.976562500000005,0.05646751075983048,0.0,0.05646751075983048,0.05646751075983048
2.3402297496795654,0.0,5.976562500000005,-5.976562500000005,0.05646751075983048,0.0,0.05646751075983048,0.05646751075983048
2.3601789474487305,0.0,5.976562500000005,-5.976562500000005,0.05646751075983048,0.0,0.05646751075983048,0.05646751075983048
2.3802731037139893,0.0,5.976562500000005,-5.976562500000005,0.05646751075983048,0.0,0.05646751075983048,0.05646751075983048
2.4003047943115234,0.0,5.976562500000005,-5.976562500000005,0.05646751075983048,0.0,0.05646751075983048,0.05646751075983048
2.4202747344970703,0.0,5.976562500000005,-5.976562500000005,0.05646751075983048,0.0,0.05646751075983048,0.05646751075983048
2.440289258956909,0.0,5.976562500000005,-5.976562500000005,0.05646751075983048,0.0,0.05646751075983048,0.05646751075983048
2.460240125656128,0.0,5.976562500000005,-5.976562500000005,0.05646751075983048,0.0,0.05646751075983048,0.05646751075983048
2.480287551879883,0.0,5.976562500000005,-5.976562500000005,0.05646751075983048,0.0,0.05646751075983048,0.05646751075983048
2.5002503395080566,0.0,5.976562500000005,-5.976562500000005,0.12044455856084824,0.0006533389096148312,0.12109789747046307,0.1197912196512334
2.5202865600585938,0.0,5.976562500000005,-5.976562500000005,0.12044455856084824,0.0006533389096148312,0.12109789747046307,0.1197912196512334
2.5402233600616455,0.0,5.976562500000005,-5.976562500000005,0.12044455856084824,0.0006533389096148312,0.12109789747046307,0.1197912196512334
2.560248613357544,0.0,5.976562500000005,-5.976562500000005,0.12044455856084824,0.0006533389096148312,0.12109789747046307,0.1197912196512334
2.5802817344665527,0.0,5.976562500000005,-5.976562500000005,0.12044455856084824,0.0006533389096148312,0.12109789747046307,0.1197912196512334
2.600259304046631,0.0,5.976562500000005,-5.976562500000005,0.12044455856084824,0.0006533389096148312,0.12109789747046307,0.1197912196512334
2.620234966278076,0.0,5.976562500000005,-5.976562500000005,0.12044455856084824,0.0006533389096148312,0.12109789747046307,0.1197912196512334
2.6402347087860107,0.0,5.976562500000005,-5.976562500000005,0.12044455856084824,0.0006533389096148312,0.12109789747046307,0.1197912196512334
2.6602413654327393,0.0,5.976562500000005,-5.976562500000005,0.12044455856084824,0.0006533389096148312,0.12109789747046307,0.1197912196512334
2.680318832397461,0.0,5.976562500000005,-5.976562500000005,0.12044455856084824,0.0006533389096148312,0.12109789747046307,0.1197912196512334
2.7002437114715576,0.0,5.976562500000005,-5.976562500000005,0.12044455856084824,0.0006533389096148312,0.12109789747046307,0.1197912196512334
2.7202420234680176,0.0,5.976562500000005,-5.976562500000005,0.12044455856084824,0.0006533389096148312,0.12109789747046307,0.1197912196512334
2.740245819091797,0.0,5.958984375000005,-5.958984375000005,0.12044455856084824,0.0006533389096148312,0.12109789747046307,0.1197912196512334
2.7603538036346436,0.0,5.874609375000004,-5.874609375000004,0.12044455856084824,0.0006533389096148312,0.12109789747046307,0.1197912196512334
2.7803080081939697,0.0,5.719218750000004,-5.719218750000004,0.19044455856084824,0.0,0.19044455856084824,0.19044455856084824
2.80025053024292,0.0,5.719218750000004,-5.719218750000004,0.19044455856084824,0.0,0.19044455856084824,0.19044455856084824
2.8203396797180176,0.0,5.471859375000004,-5.471859375000004,0.19044455856084824,0.0,0.19044455856084824,0.19044455856084824
2.8402750492095947,0.0,5.1685031250000035,-5.1685031250000035,0.19044455856084824,0.0,0.19044455856084824,0.19044455856084824
2.8602454662323,0.0,4.873083750000003,-4.873083750000003,0.19044455856084824,0.0,0.19044455856084824,0.19044455856084824
2.880335569381714,0.0,4.619170125000002,-4.619170125000002,0.19044455856084824,0.0,0.19044455856084824,0.19044455856084824
2.9003102779388428,0.0,4.416039225000001,-4.416039225000001,0.19044455856084824,0.0,0.19044455856084824,0.19044455856084824
2.920269012451172,0.0,4.200800130000001,-4.200800130000001,0.19044455856084824,0.0,0.19044455856084824,0.19044455856084824
2.9403035640716553,0.0,3.835249479000002,-3.835249479000002,0.19044455856084824,0.0,0.19044455856084824,0.19044455856084824
2.9602913856506348,0.0,3.173668333200001,-3.173668333200001,0.19044455856084824,0.0,0.19044455856084824,0.19044455856084824
2.9803357124328613,0.0,2.117059666560001,-2.117059666560001,0.19044455856084824,0.0,0.19044455856084824,0.19044455856084824
3.000260829925537,0.0,0.6565383582480009,-0.6565383582480009,0.12044455856084824,0.03839610144495964,0.15884066000580788,0.0820484571158886
3.0202882289886475,0.0,0.6565383582480009,-0.6565383582480009,0.12044455856084824,0.03839610144495964,0.15884066000580788,0.0820484571158886
3.040234327316284,0.0,-1.1271130634015996,1.1271130634015996,0.12044455856084824,0.03839610144495964,0.15884066000580788,0.0820484571158886
3.060272216796875,0.0,-3.06379982572128,3.06379982572128,0.12044455856084824,0.03839610144495964,0.15884066000580788,0.0820484571158886
3.080220937728882,0.0,-4.9119773605770245,4.9119773605770245,0.12044455856084824,0.03839610144495964,0.15884066000580788,0.0820484571158886
3.1001832485198975,0.0,-6.46083188846162,6.46083188846162,0.12044455856084824,0.03839610144495964,0.15884066000580788,0.0820484571158886
3.120208263397217,0.0,-7.699915510769296,7.699915510769296,0.12044455856084824,0.03839610144495964,0.15884066000580788,0.0820484571158886
3.140191078186035,0.0,-8.691182408615436,8.691182408615436,0.12044455856084824,0.03839610144495964,0.15884066000580788,0.0820484571158886
3.16018009185791,0.0,-9.48419592689235,9.48419592689235,0.12044455856084824,0.03839610144495964,0.15884066000580788,0.0820484571158886
3.180180072784424,0.0,-10.11860674151388,10.11860674151388,0.12044455856084824,0.03839610144495964,0.15884066000580788,0.0820484571158886
3.2002146244049072,0.0,-10.626135393211104,10.626135393211104,0.12044455856084824,0.03839610144495964,0.15884066000580788,0.0820484571158886
3.2201764583587646,0.0,-11.032158314568884,11.032158314568884,0.12044455856084824,0.03839610144495964,0.15884066000580788,0.0820484571158886
3.240206480026245,0.0,-11.032158314568884,11.032158314568884,0.12044455856084824,0.03839610144495964,0.15884066000580788,0.0820484571158886
3.2601943016052246,0.0,-11.304242276655108,11.304242276655108,0.12044455856084824,0.03839610144495964,0.15884066000580788,0.0820484571158886
3.2802035808563232,0.0,-11.434018821324088,11.434018821324088,0.12044455856084824,0.03839610144495964,0.15884066000580788,0.0820484571158886
3.3001856803894043,0.0,-11.41479318205927,11.41479318205927,0.05044455856084823,0.08141188696026802,0.13185644552111625,-0.03096732839941979
3.3201744556427,0.0,-11.276365795647417,11.276365795647417,0.05044455856084823,0.08141188696026802,0.13185644552111625,-0.03096732839941979
3.340313196182251,0.0,-11.077733261517935,11.077733261517935,0.05044455856084823,0.08141188696026802,0.13185644552111625,-0.03096732839941979
3.3602068424224854,0.0,-10.848514734214348,10.848514734214348,0.05044455856084823,0.08141188696026802,0.13185644552111625,-0.03096732839941979
3.3802499771118164,0.0,-10.61240553737148,10.61240553737148,0.05044455856084823,0.08141188696026802,0.13185644552111625,-0.03096732839941979
3.400223731994629,0.0,-10.388361929897183,10.388361929897183,0.05044455856084823,0.08141188696026802,0.13185644552111625,-0.03096732839941979
3.4201884269714355,0.0,-10.138814543917748,10.138814543917748,0.05044455856084823,0.08141188696026802,0.13185644552111625,-0.03096732839941979
3.440207004547119,0.0,-9.8337078851342,9.8337078851342,0.05044455856084823,0.08141188696026802,0.13185644552111625,-0.03096732839941979
3.460160255432129,0.0,-9.8337078851342,9.8337078851342,0.05044455856084823,0.08141188696026802,0.13185644552111625,-0.03096732839941979
3.480149984359741,0.0,-9.44899755810736,9.44899755810736,0.05044455856084823,0.08141188696026802,0.13185644552111625,-0.03096732839941979
3.500164270401001,0.0,-9.00060429648589,9.00060429648589,0.05044455856084823,0.08141188696026802,0.13185644552111625,-0.03096732839941979
3.520174741744995,0.0,-8.483686562188712,8.483686562188712,0.05044455856084823,0.08141188696026802,0.13185644552111625,-0.03096732839941979
3.540198802947998,0.0,-7.92952737475097,7.92952737475097,0.05044455856084823,0.08141188696026802,0.13185644552111625,-0.03096732839941979
3.560157060623169,0.0,-7.380731274800777,7.380731274800777,0.05044455856084823,0.08141188696026802,0.13185644552111625,-0.03096732839941979
3.5802769660949707,0.0,-6.888960019840622,6.888960019840622,0.05044455856084823,0.08141188696026802,0.13185644552111625,-0.03096732839941979
3.6003081798553467,0.0,-6.477964890872498,6.477964890872498,0.05044455856084823,0.08141188696026802,0.13185644552111625,-0.03096732839941979
3.620299816131592,0.0,-6.149168787697999,6.149168787697999,0.07930920489132404,0.15141188696026803,0.23072109185159206,-0.07210268206894399
3.6402299404144287,0.0,-5.886131905158399,5.886131905158399,0.07930920489132404,0.15141188696026803,0.23072109185159206,-0.07210268206894399
3.660250425338745,0.0,-5.6757023991267195,5.6757023991267195,0.07930920489132404,0.15141188696026803,0.23072109185159206,-0.07210268206894399
3.680333137512207,0.0,-5.6757023991267195,5.6757023991267195,0.07930920489132404,0.15141188696026803,0.23072109185159206,-0.07210268206894399
3.7002387046813965,0.0,-5.507358794301376,5.507358794301376,0.07930920489132404,0.15141188696026803,0.23072109185159206,-0.07210268206894399
3.720205307006836,0.0,-5.372683910441101,5.372683910441101,0.07930920489132404,0.15141188696026803,0.23072109185159206,-0.07210268206894399
3.7402188777923584,0.0,-5.2649440033528805,5.2649440033528805,0.07930920489132404,0.15141188696026803,0.23072109185159206,-0.07210268206894399
3.760213613510132,0.0,-5.178752077682304,5.178752077682304,0.07930920489132404,0.15141188696026803,0.23072109185159206,-0.07210268206894399
3.7801713943481445,0.0,-5.074642287145845,5.074642287145845,0.07930920489132404,0.15141188696026803,0.23072109185159206,-0.07210268206894399
3.8001532554626465,0.0,-4.868307579716675,4.868307579716675,0.07930920489132404,0.15141188696026803,0.23072109185159206,-0.07210268206894399
3.82014536857605,0.0,-4.40441168877334,4.40441168877334,0.07930920489132404,0.15141188696026803,0.23072109185159206,-0.07210268206894399
3.840146064758301,0.0,-3.593841851018673,3.593841851018673,0.07930920489132404,0.15141188696026803,0.23072109185159206,-0.07210268206894399
3.8602914810180664,0.0,-2.4180422308149385,2.4180422308149385,0.07930920489132404,0.15141188696026803,0.23072109185159206,-0.07210268206894399
3.8802590370178223,0.0,-0.9852150346519511,0.9852150346519511,0.05855071015655994,0.22141188696026803,0.27996259711682797,-0.1628611768037081
3.900279998779297,0.0,-0.9852150346519511,0.9852150346519511,0.05855071015655994,0.22141188696026803,0.27996259711682797,-0.1628611768037081
3.920196294784546,0.0,0.5829217222784391,-0.5829217222784391,0.05855071015655994,0.22141188696026803,0.27996259711682797,-0.1628611768037081
3.9402120113372803,0.0,2.0483686278227515,-2.0483686278227515,0.05855071015655994,0.22141188696026803,0.27996259711682797,-0.1628611768037081
3.9601943492889404,0.0,3.2207261522582016,-3.2207261522582016,0.05855071015655994,0.22141188696026803,0.27996259711682797,-0.1628611768037081
3.9801762104034424,0.0,4.158612171806562,-4.158612171806562,0.05855071015655994,0.22141188696026803,0.27996259711682797,-0.1628611768037081
4.00016450881958,0.0,4.908920987445249,-4.908920987445249,0.05855071015655994,0.22141188696026803,0.27996259711682797,-0.1628611768037081
4.0201497077941895,0.0,5.5267461649562,-5.5267461649562,0.05855071015655994,0.22141188696026803,0.27996259711682797,-0.1628611768037081
4.040150880813599,0.0,6.056162556964961,-6.056162556964961,0.05855071015655994,0.22141188696026803,0.27996259711682797,-0.1628611768037081
4.06023383140564,0.0,6.602742545571969,-6.602742545571969,0.05855071015655994,0.22141188696026803,0.27996259711682797,-0.1628611768037081
4.080188989639282,0.0,7.321256536457575,-7.321256536457575,0.05855071015655994,0.22141188696026803,0.27996259711682797,-0.1628611768037081
4.100186824798584,0.0,8.212473979166061,-8.212473979166061,0.05855071015655994,0.22141188696026803,0.27996259711682797,-0.1628611768037081
4.1201465129852295,0.0,8.212473979166061,-8.212473979166061,0.11030630610883235,0.15141188696026803,0.2617181930691004,-0.041105580851435675
4.140152931213379,0.0,9.136385433332851,-9.136385433332851,0.11030630610883235,0.15141188696026803,0.2617181930691004,-0.041105580851435675
4.160154342651367,0.0,9.91067084666628,-9.91067084666628,0.11030630610883235,0.15141188696026803,0.2617181930691004,-0.041105580851435675
4.180150747299194,0.0,10.530099177333026,-10.530099177333026,0.11030630610883235,0.15141188696026803,0.2617181930691004,-0.041105580851435675
4.200160503387451,0.0,11.025641841866422,-11.025641841866422,0.11030630610883235,0.15141188696026803,0.2617181930691004,-0.041105580851435675
4.220160007476807,0.0,11.422075973493138,-11.422075973493138,0.11030630610883235,0.15141188696026803,0.2617181930691004,-0.041105580851435675
4.2401463985443115,0.0,11.739223278794512,-11.739223278794512,0.11030630610883235,0.15141188696026803,0.2617181930691004,-0.041105580851435675
4.2601518630981445,0.0,11.99294112303561,-11.99294112303561,0.11030630610883235,0.15141188696026803,0.2617181930691004,-0.041105580851435675
4.280152320861816,0.0,12.17833727342849,-12.17833727342849,0.11030630610883235,0.15141188696026803,0.2617181930691004,-0.041105580851435675
4.300142288208008,0.0,12.326654193742792,-12.326654193742792,0.11030630610883235,0.15141188696026803,0.2617181930691004,-0.041105580851435675
4.320271015167236,0.0,12.392573354994234,-12.392573354994234,0.11030630610883235,0.15141188696026803,0.2617181930691004,-0.041105580851435675
4.340259075164795,0.0,12.392573354994234,-12.392573354994234,0.1203624925762415,0.08141188696026802,0.2017743795365095,0.03895060561597348
4.360177040100098,0.0,12.322261808995387,-12.322261808995387,0.1203624925762415,0.08141188696026802,0.2017743795365095,0.03895060561597348
4.380157232284546,0.0,12.12538757219631,-12.12538757219631,0.1203624925762415,0.08141188696026802,0.2017743795365095,0.03895060561597348
4.400160074234009,0.0,11.827263182757049,-11.827263182757049,0.1203624925762415,0.08141188696026802,0.2017743795365095,0.03895060561597348
4.420142650604248,0.0,11.465716796205639,-11.465716796205639,0.1203624925762415,0.08141188696026802,0.2017743795365095,0.03895060561597348
4.440147399902344,0.0,11.053432811964512,-11.053432811964512,0.1203624925762415,0.08141188696026802,0.2017743795365095,0.03895060561597348
4.460142135620117,0.0,10.600558749571611,-10.600558749571611,0.1203624925762415,0.08141188696026802,0.2017743795365095,0.03895060561597348
4.48017144203186,0.0,10.062478249657289,-10.062478249657289,0.1203624925762415,0.08141188696026802,0.2017743795365095,0.03895060561597348
4.500171184539795,0.0,9.473810724725832,-9.473810724725832,0.1203624925762415,0.08141188696026802,0.2017743795365095,0.03895060561597348
4.520268440246582,0.0,8.844673579780665,-8.844673579780665,0.1203624925762415,0.08141188696026802,0.2017743795365095,0.03895060561597348
4.5401904582977295,0.0,8.183160738824533,-8.183160738824533,0.1203624925762415,0.08141188696026802,0.2017743795365095,0.03895060561597348
4.560163974761963,0.0,8.183160738824533,-8.183160738824533,0.1203624925762415,0.08141188696026802,0.2017743795365095,0.03895060561597348
4.580296754837036,0.0,7.530903591059627,-7.530903591059627,0.1203624925762415,0.08141188696026802,0.2017743795365095,0.03895060561597348
4.600282669067383,0.0,6.903629122847702,-6.903629122847702,0.1203624925762415,0.08141188696026802,0.2017743795365095,0.03895060561597348
4.620347261428833,0.0,6.331497048278162,-6.331497048278162,0.1903624925762415,0.05989536643028259,0.2502578590065241,0.1304671261459589
4.640171051025391,0.0,5.83863513862253,-5.83863513862253,0.1903624925762415,0.05989536643028259,0.2502578590065241,0.1304671261459589
4.6601502895355225,0.0,5.444345610898025,-5.444345610898025,0.1903624925762415,0.05989536643028259,0.2502578590065241,0.1304671261459589
4.680140733718872,0.0,5.128913988718421,-5.128913988718421,0.1903624925762415,0.05989536643028259,0.2502578590065241,0.1304671261459589
4.700147390365601,0.0,4.876568690974737,-4.876568690974737,0.1903624925762415,0.05989536643028259,0.2502578590065241,0.1304671261459589
4.72014856338501,0.0,4.62195807777979,-4.62195807777979,0.1903624925762415,0.05989536643028259,0.2502578590065241,0.1304671261459589
4.740140438079834,0.0,4.260066462223832,-4.260066462223832,0.1903624925762415,0.05989536643028259,0.2502578590065241,0.1304671261459589
4.760258197784424,0.0,3.6365687947790657,-3.6365687947790657,0.1903624925762415,0.05989536643028259,0.2502578590065241,0.1304671261459589
4.780202388763428,0.0,3.6365687947790657,-3.6365687947790657,0.1903624925762415,0.05989536643028259,0.2502578590065241,0.1304671261459589
4.800267696380615,0.0,2.6455831608232527,-2.6455831608232527,0.1903624925762415,0.05989536643028259,0.2502578590065241,0.1304671261459589
4.820197343826294,0.0,1.2727165286586022,-1.2727165286586022,0.1903624925762415,0.05989536643028259,0.2502578590065241,0.1304671261459589
4.840153694152832,0.0,-0.38807677707311816,0.38807677707311816,0.1903624925762415,0.05989536643028259,0.2502578590065241,0.1304671261459589
4.860141754150391,0.0,-2.138586421658495,2.138586421658495,0.1903624925762415,0.05989536643028259,0.2502578590065241,0.1304671261459589
4.880220413208008,0.0,-3.732353512326797,3.732353512326797,0.1903624925762415,0.05989536643028259,0.2502578590065241,0.1304671261459589
4.900333404541016,0.0,-5.024945309861438,5.024945309861438,0.2603624925762415,0.0,0.2603624925762415,0.2603624925762415
4.920282602310181,0.0,-6.059018747889151,6.059018747889151,0.2603624925762415,0.0,0.2603624925762415,0.2603624925762415
4.94034743309021,0.0,-6.886277498311321,6.886277498311321,0.2603624925762415,0.0,0.2603624925762415,0.2603624925762415
4.960339784622192,0.0,-7.548084498649058,7.548084498649058,0.2603624925762415,0.0,0.2603624925762415,0.2603624925762415
4.980242013931274,0.0,-8.077530098919246,8.077530098919246,0.2603624925762415,0.0,0.2603624925762415,0.2603624925762415
5.00021505355835,20.0,-8.077530098919246,28.077530098919247,0.2603624925762415,0.0,0.2603624925762415,0.2603624925762415
5.020188808441162,20.0,-8.501086579135396,28.501086579135396,0.2603624925762415,0.0,0.2603624925762415,0.2603624925762415
5.040197849273682,20.0,-8.839931763308318,28.839931763308318,0.2603624925762415,0.0,0.2603624925762415,0.2603624925762415
5.060201406478882,20.0,-9.181320410646654,29.181320410646656,0.2603624925762415,0.0,0.2603624925762415,0.2603624925762415
5.080232858657837,20.0,-9.630212578517323,29.630212578517323,0.2603624925762415,0.0,0.2603624925762415,0.2603624925762415
5.100214242935181,20.0,-10.252998187813859,30.25299818781386,0.2603624925762415,0.0,0.2603624925762415,0.2603624925762415
5.120222568511963,20.0,-11.067632925251086,31.067632925251086,0.2603624925762415,0.0,0.2603624925762415,0.2603624925762415
5.140232563018799,20.0,-12.00059071520087,32.00059071520087,0.2603624925762415,0.0,0.2603624925762415,0.2603624925762415
5.160345792770386,20.0,-12.957894447160697,32.9578944471607,0.2603624925762415,0.0,0.2603624925762415,0.2603624925762415
5.1802709102630615,20.0,-13.829206182728559,33.829206182728555,0.2603624925762415,0.0,0.2603624925762415,0.2603624925762415
5.200209617614746,20.0,-14.52625557118285,34.52625557118285,0.2603624925762415,0.0,0.2603624925762415,0.2603624925762415
5.220188617706299,20.0,-14.52625557118285,34.52625557118285,0.2603624925762415,0.0,0.2603624925762415,0.2603624925762415
5.240463018417358,20.0,-15.08389508194628,35.08389508194628,0.2603624925762415,0.0,0.2603624925762415,0.2603624925762415
5.260290145874023,20.0,-15.530006690557025,35.53000669055702,0.2603624925762415,0.0,0.2603624925762415,0.2603624925762415
5.280194520950317,20.0,-15.886895977445622,35.88689597744562,0.19228808738291264,0.008899782784283161,0.2011878701671958,0.18338830459862948
5.300289154052734,20.0,-16.1724074069565,36.172407406956495,0.19228808738291264,0.008899782784283161,0.2011878701671958,0.18338830459862948
5.3202691078186035,20.0,-16.4008165505652,36.400816550565196,0.19228808738291264,0.008899782784283161,0.2011878701671958,0.18338830459862948
5.34028697013855,20.0,-16.60112199045216,36.60112199045216,0.19228808738291264,0.008899782784283161,0.2011878701671958,0.18338830459862948
5.36039924621582,20.0,-16.74378821736173,36.743788217361725,0.19228808738291264,0.008899782784283161,0.2011878701671958,0.18338830459862948
5.380484342575073,20.0,-16.857921198889386,36.857921198889386,0.19228808738291264,0.008899782784283161,0.2011878701671958,0.18338830459862948
5.400341749191284,20.0,-16.96680570911151,36.96680570911151,0.19228808738291264,0.008899782784283161,0.2011878701671958,0.18338830459862948
5.420328855514526,20.0,-17.05391331728921,37.053913317289215,0.19228808738291264,0.008899782784283161,0.2011878701671958,0.18338830459862948
5.44031023979187,20.0,-17.05391331728921,37.053913317289215,0.19228808738291264,0.008899782784283161,0.2011878701671958,0.18338830459862948
5.460240364074707,20.0,-17.12359940383137,37.12359940383137,0.19228808738291264,0.008899782784283161,0.2011878701671958,0.18338830459862948
5.480273485183716,20.0,-17.1793482730651,37.1793482730651,0.19228808738291264,0.008899782784283161,0.2011878701671958,0.18338830459862948
5.50043511390686,20.0,-17.223947368452084,37.22394736845209,0.19228808738291264,0.008899782784283161,0.2011878701671958,0.18338830459862948
5.5202741622924805,20.0,-17.259626644761667,37.25962664476167,0.19228808738291264,0.008899782784283161,0.2011878701671958,0.18338830459862948
5.540399789810181,20.0,-17.288170065809336,37.28817006580934,0.19228808738291264,0.008899782784283161,0.2011878701671958,0.18338830459862948
5.560320615768433,20.0,-17.311004802647467,37.31100480264747,0.2007465983554721,0.07889978278428317,0.27964638113975526,0.12184681557118893
5.580219268798828,20.0,-17.294116342117977,37.294116342117974,0.2007465983554721,0.07889978278428317,0.27964638113975526,0.12184681557118893
5.600300073623657,20.0,-17.22787119869438,37.22787119869438,0.2007465983554721,0.07889978278428317,0.27964638113975526,0.12184681557118893
5.620391130447388,20.0,-17.122140708955506,37.122140708955506,0.2007465983554721,0.07889978278428317,0.27964638113975526,0.12184681557118893
5.640422821044922,20.0,-16.98482194216441,36.98482194216441,0.2007465983554721,0.07889978278428317,0.27964638113975526,0.12184681557118893
5.660405874252319,20.0,-16.98482194216441,36.98482194216441,0.2007465983554721,0.07889978278428317,0.27964638113975526,0.12184681557118893
5.680314302444458,20.0,-16.874966928731528,36.874966928731524,0.2007465983554721,0.07889978278428317,0.27964638113975526,0.12184681557118893
5.700310230255127,20.0,-16.787082917985224,36.787082917985224,0.2007465983554721,0.07889978278428317,0.27964638113975526,0.12184681557118893
5.720282077789307,20.0,-16.699197584388177,36.69919758438817,0.2007465983554721,0.07889978278428317,0.27964638113975526,0.12184681557118893
5.740274429321289,20.0,-16.576154942510545,36.57615494251054,0.2007465983554721,0.07889978278428317,0.27964638113975526,0.12184681557118893
5.760217666625977,20.0,-16.407408329008437,36.40740832900843,0.2007465983554721,0.07889978278428317,0.27964638113975526,0.12184681557118893
5.780445098876953,20.0,-16.20209853820675,36.202098538206755,0.2007465983554721,0.07889978278428317,0.27964638113975526,0.12184681557118893
5.800278663635254,20.0,-15.985116330565402,35.985116330565404,0.2007465983554721,0.07889978278428317,0.27964638113975526,0.12184681557118893
5.8203020095825195,20.0,-15.793952439452324,35.793952439452326,0.2007465983554721,0.07889978278428317,0.27964638113975526,0.12184681557118893
5.840257406234741,20.0,-15.64102132656186,35.64102132656186,0.2007465983554721,0.07889978278428317,0.27964638113975526,0.12184681557118893
5.860376834869385,20.0,-15.518676436249487,35.518676436249486,0.2007465983554721,0.07889978278428317,0.27964638113975526,0.12184681557118893
5.880284309387207,20.0,-15.518676436249487,35.518676436249486,0.2007465983554721,0.07889978278428317,0.27964638113975526,0.12184681557118893
5.900376558303833,20.0,-15.438378648999592,35.43837864899959,0.2007465983554721,0.07889978278428317,0.27964638113975526,0.12184681557118893
5.920301675796509,20.0,-15.356562294199675,35.356562294199676,0.2007465983554721,0.07889978278428317,0.27964638113975526,0.12184681557118893
5.940354347229004,20.0,-15.291109210359743,35.29110921035974,0.2007465983554721,0.07889978278428317,0.27964638113975526,0.12184681557118893
5.960269451141357,20.0,-15.256324868287795,35.25632486828779,0.2007465983554721,0.07889978278428317,0.27964638113975526,0.12184681557118893
5.9801905155181885,20.0,-15.210919269630235,35.21091926963024,0.2007465983554721,0.07889978278428317,0.27964638113975526,0.12184681557118893
6.000414848327637,20.0,-15.17459479070419,35.17459479070419,0.2007465983554721,0.07889978278428317,0.27964638113975526,0.12184681557118893
6.020333528518677,20.0,-15.145535207563352,35.145535207563356,0.2007465983554721,0.07889978278428317,0.27964638113975526,0.12184681557118893
6.040359020233154,20.0,-15.122287541050682,35.12228754105068,0.2007465983554721,0.07889978278428317,0.27964638113975526,0.12184681557118893
6.0603415966033936,20.0,-15.103689407840545,35.10368940784055,0.2007465983554721,0.07889978278428317,0.27964638113975526,0.12184681557118893
6.080337762832642,20.0,-15.088810901272437,35.08881090127244,0.2007465983554721,0.07889978278428317,0.27964638113975526,0.12184681557118893
6.1003313064575195,20.0,-15.088810901272437,35.08881090127244,0.1307465983554721,0.008899782784283161,0.13964638113975525,0.12184681557118893
6.120479106903076,20.0,-15.07690809601795,35.07690809601795,0.1307465983554721,0.008899782784283161,0.13964638113975525,0.12184681557118893
6.140446901321411,20.0,-15.067385851814363,35.067385851814365,0.1307465983554721,0.008899782784283161,0.13964638113975525,0.12184681557118893
6.160515785217285,20.0,-15.05976805645149,35.05976805645149,0.1307465983554721,0.008899782784283161,0.13964638113975525,0.12184681557118893
6.180415391921997,20.0,-15.053673820161194,35.053673820161194,0.1307465983554721,0.008899782784283161,0.13964638113975525,0.12184681557118893
6.200369596481323,20.0,-15.048798431128956,35.04879843112896,0.1307465983554721,0.008899782784283161,0.13964638113975525,0.12184681557118893
6.220263719558716,20.0,-15.062476244903166,35.062476244903166,0.1307465983554721,0.008899782784283161,0.13964638113975525,0.12184681557118893
6.240330219268799,20.0,-15.073418495922535,35.07341849592254,0.1307465983554721,0.008899782784283161,0.13964638113975525,0.12184681557118893
6.26032018661499,20.0,-15.08217229673803,35.08217229673803,0.1307465983554721,0.008899782784283161,0.13964638113975525,0.12184681557118893
6.280324220657349,20.0,-15.089175337390426,35.08917533739043,0.1307465983554721,0.008899782784283161,0.13964638113975525,0.12184681557118893
6.300278186798096,20.0,-15.042043394912342,35.04204339491234,0.1307465983554721,0.008899782784283161,0.13964638113975525,0.12184681557118893
6.320281982421875,20.0,-15.042043394912342,35.04204339491234,0.1307465983554721,0.008899782784283161,0.13964638113975525,0.12184681557118893
6.34034276008606,20.0,-14.916447215929875,34.91644721592988,0.1307465983554721,0.008899782784283161,0.13964638113975525,0.12184681557118893
6.360275030136108,20.0,-14.675345272743899,34.6753452727439,0.06074659835547209,0.0,0.06074659835547209,0.06074659835547209
6.38027286529541,20.0,-14.341838718195119,34.34183871819512,0.06074659835547209,0.0,0.06074659835547209,0.06074659835547209
6.400339841842651,20.0,-13.951986599556097,33.95198659955609,0.06074659835547209,0.0,0.06074659835547209,0.06074659835547209
6.420250415802002,20.0,-13.552214279644879,33.55221427964488,0.06074659835547209,0.0,0.06074659835547209,0.06074659835547209
6.440346002578735,20.0,-13.179662048715905,33.179662048715905,0.06074659835547209,0.0,0.06074659835547209,0.06074659835547209
6.460374593734741,20.0,-12.828885888972724,32.82888588897272,0.06074659835547209,0.0,0.06074659835547209,0.06074659835547209
6.481156826019287,20.0,-12.46037433617818,32.46037433617818,0.06074659835547209,0.0,0.06074659835547209,0.06074659835547209
6.500362157821655,20.0,-12.077674468942545,32.07767446894255,0.06074659835547209,0.0,0.06074659835547209,0.06074659835547209
6.520343780517578,20.0,-11.648467700154036,31.648467700154036,0.06074659835547209,0.0,0.06074659835547209,0.06074659835547209
6.540273189544678,20.0,-11.648467700154036,31.648467700154036,0.06074659835547209,0.0,0.06074659835547209,0.06074659835547209
6.5603554248809814,20.0,-11.18205541012323,31.18205541012323,0.06074659835547209,0.0,0.06074659835547209,0.06074659835547209
6.580375671386719,20.0,-10.685878703098584,30.685878703098584,0.0,0.07,0.07,-0.07
6.600252151489258,20.0,-10.183468587478869,30.18346858747887,0.0,0.07,0.07,-0.07
6.620265960693359,20.0,-9.676071744983096,29.676071744983098,0.0,0.07,0.07,-0.07
6.640247344970703,20.0,-9.182263645986477,29.182263645986477,0.0,0.07,0.07,-0.07
6.66028356552124,20.0,-8.769639041789183,28.769639041789183,0.0,0.07,0.07,-0.07
6.680370092391968,20.0,-8.421961233431347,28.421961233431347,0.0,0.07,0.07,-0.07
6.700332164764404,20.0,-8.143818986745078,28.143818986745078,0.0,0.07,0.07,-0.07
6.720273733139038,20.0,-7.921305189396063,27.92130518939606,0.0,0.07,0.07,-0.07
6.740338563919067,20.0,-7.74329415151685,27.74329415151685,0.0,0.07,0.07,-0.07
6.760316610336304,20.0,-7.74329415151685,27.74329415151685,0.0,0.07,0.07,-0.07
6.78028130531311,20.0,-7.600885321213481,27.600885321213482,0.0,0.07,0.07,-0.07
6.800255298614502,20.0,-7.4869582569707855,27.486958256970787,0.0,0.07,0.07,-0.07
6.820250511169434,20.0,-7.395816605576628,27.395816605576627,0.0,0.07,0.07,-0.07
6.840268611907959,20.0,-7.322903284461303,27.322903284461304,0.0,0.07,0.07,-0.07
6.860310077667236,20.0,-7.264572627569042,27.26457262756904,0.07,0.14,0.21000000000000002,-0.07
6.880234718322754,20.0,-7.217908102055234,27.217908102055233,0.07,0.14,0.21000000000000002,-0.07
6.900256872177124,20.0,-7.180576481644188,27.180576481644188,0.07,0.14,0.21000000000000002,-0.07
6.920344829559326,20.0,-7.150711185315351,27.15071118531535,0.07,0.14,0.21000000000000002,-0.07
6.940246343612671,20.0,-7.126818948252281,27.126818948252282,0.07,0.14,0.21000000000000002,-0.07
6.960268259048462,20.0,-7.107705158601825,27.107705158601824,0.07,0.14,0.21000000000000002,-0.07
6.980357885360718,20.0,-7.107705158601825,27.107705158601824,0.07,0.14,0.21000000000000002,-0.07
7.000353574752808,20.0,-7.092414126881461,27.09241412688146,0.07,0.14,0.21000000000000002,-0.07
7.020267009735107,20.0,-7.062603176505169,27.06260317650517,0.07,0.14,0.21000000000000002,-0.07
7.040209770202637,20.0,-6.915707541204135,26.915707541204135,0.07,0.14,0.21000000000000002,-0.07
7.060236930847168,20.0,-6.534519157963309,26.53451915796331,0.07,0.14,0.21000000000000002,-0.07
7.080327033996582,20.0,-5.790115326370647,25.790115326370646,0.07,0.14,0.21000000000000002,-0.07
7.100243806838989,20.0,-4.667248511096518,24.667248511096517,0.07,0.14,0.21000000000000002,-0.07
7.120240688323975,20.0,-3.2240331838772143,23.224033183877214,0.07,0.14,0.21000000000000002,-0.07
7.140235185623169,20.0,-1.5948515471017715,21.594851547101772,0.07,0.14,0.21000000000000002,-0.07
7.160231828689575,20.0,-0.0102562376814173,20.010256237681418,0.07,0.14,0.21000000000000002,-0.07
7.180234909057617,20.0,1.3101543848548662,18.689845615145135,0.07,0.14,0.21000000000000002,-0.07
7.2003185749053955,20.0,1.3101543848548662,18.689845615145135,0.07,0.14,0.21000000000000002,-0.07
7.2203168869018555,20.0,2.366482882883893,17.633517117116106,0.07,0.14,0.21000000000000002,-0.07
7.2403130531311035,20.0,3.2115456813071153,16.788454318692885,0.0,0.21000000000000002,0.21000000000000002,-0.21000000000000002
7.260223388671875,20.0,3.887595920045692,16.11240407995431,0.0,0.21000000000000002,0.21000000000000002,-0.21000000000000002
7.280227184295654,20.0,4.428436111036555,15.571563888963446,0.0,0.21000000000000002,0.21000000000000002,-0.21000000000000002
7.300251245498657,20.0,4.861108263829244,15.138891736170756,0.0,0.21000000000000002,0.21000000000000002,-0.21000000000000002
7.32037091255188,20.0,5.207245986063396,14.792754013936605,0.0,0.21000000000000002,0.21000000000000002,-0.21000000000000002
7.3402416706085205,20.0,5.484156163850717,14.515843836149283,0.0,0.21000000000000002,0.21000000000000002,-0.21000000000000002
7.360231637954712,20.0,5.723262431080574,14.276737568919426,0.0,0.21000000000000002,0.21000000000000002,-0.21000000000000002
7.380207777023315,20.0,5.98485994486446,14.01514005513554,0.0,0.21000000000000002,0.21000000000000002,-0.21000000000000002
7.400243282318115,20.0,6.405075455891567,13.594924544108434,0.0,0.21000000000000002,0.21000000000000002,-0.21000000000000002
7.42034912109375,20.0,6.405075455891567,13.594924544108434,0.0,0.21000000000000002,0.21000000000000002,-0.21000000000000002
7.440263509750366,20.0,7.092810364713254,12.907189635286745,0.0,0.21000000000000002,0.21000000000000002,-0.21000000000000002
7.460321664810181,20.0,8.135185791770605,11.864814208229395,0.0,0.21000000000000002,0.21000000000000002,-0.21000000000000002
7.48032808303833,20.0,9.461273633416484,10.538726366583516,0.0,0.21000000000000002,0.21000000000000002,-0.21000000000000002
7.500324249267578,20.0,10.873706406733186,9.126293593266814,0.0,0.19590206913650038,0.19590206913650038,-0.19590206913650038
7.5203094482421875,20.0,12.091543250386549,7.9084567496134515,0.0,0.19590206913650038,0.19590206913650038,-0.19590206913650038
7.54025411605835,20.0,13.06581272530924,6.9341872746907605,0.0,0.19590206913650038,0.19590206913650038,-0.19590206913650038
7.560229778289795,20.0,13.845228305247392,6.154771694752608,0.0,0.19590206913650038,0.19590206913650038,-0.19590206913650038
7.580244302749634,20.0,14.468760769197916,5.531239230802084,0.0,0.19590206913650038,0.19590206913650038,-0.19590206913650038
7.600263357162476,20.0,14.967586740358334,5.032413259641666,0.0,0.19590206913650038,0.19590206913650038,-0.19590206913650038
7.620224714279175,20.0,15.366647517286667,4.633352482713333,0.0,0.19590206913650038,0.19590206913650038,-0.19590206913650038
7.640273094177246,20.0,15.366647517286667,4.633352482713333,0.0,0.19590206913650038,0.19590206913650038,-0.19590206913650038
7.660232305526733,20.0,15.685896138829333,4.314103861170667,0.0,0.19590206913650038,0.19590206913650038,-0.19590206913650038
7.680338144302368,20.0,15.941295036063467,4.058704963936533,0.0,0.19590206913650038,0.19590206913650038,-0.19590206913650038
7.700340270996094,20.0,16.145614153850776,3.854385846149224,0.0,0.19590206913650038,0.19590206913650038,-0.19590206913650038
7.720342397689819,20.0,16.30906944808062,3.6909305519193794,0.0,0.14708325736224653,0.14708325736224653,-0.14708325736224653
7.74020791053772,20.0,16.439833683464496,3.560166316535504,0.0,0.14708325736224653,0.14708325736224653,-0.14708325736224653
7.760254383087158,20.0,16.544445071771598,3.455554928228402,0.0,0.14708325736224653,0.14708325736224653,-0.14708325736224653
7.780234098434448,20.0,16.628134182417277,3.371865817582723,0.0,0.14708325736224653,0.14708325736224653,-0.14708325736224653
7.8002119064331055,20.0,16.677507345933822,3.3224926540661777,0.0,0.14708325736224653,0.14708325736224653,-0.14708325736224653
7.820280075073242,20.0,16.71700587674706,3.2829941232529407,0.0,0.14708325736224653,0.14708325736224653,-0.14708325736224653
7.840208053588867,20.0,16.71344845139765,3.2865515486023504,0.0,0.14708325736224653,0.14708325736224653,-0.14708325736224653
7.860246658325195,20.0,16.71344845139765,3.2865515486023504,0.0,0.14708325736224653,0.14708325736224653,-0.14708325736224653
7.880206823348999,20.0,16.657868136118122,3.342131863881878,0.0,0.14708325736224653,0.14708325736224653,-0.14708325736224653
7.9002525806427,20.0,16.5079351338945,3.492064866105501,0.0,0.14708325736224653,0.14708325736224653,-0.14708325736224653
7.920263290405273,20.0,16.2649418571156,3.7350581428844016,0.0,0.14708325736224653,0.14708325736224653,-0.14708325736224653
7.940247297286987,20.0,15.982656610692478,4.017343389307522,0.06741233170032501,0.09780379481613638,0.1652161265164614,-0.030391463115811368
7.960266828536987,20.0,15.686515913553983,4.313484086446017,0.06741233170032501,0.09780379481613638,0.1652161265164614,-0.030391463115811368
7.98034405708313,20.0,15.39686898084319,4.603131019156811,0.06741233170032501,0.09780379481613638,0.1652161265164614,-0.030391463115811368
8.000267505645752,20.0,15.129995184674552,4.870004815325448,0.06741233170032501,0.09780379481613638,0.1652161265164614,-0.030391463115811368
8.020403861999512,20.0,14.898918022739645,5.101081977260355,0.06741233170032501,0.09780379481613638,0.1652161265164614,-0.030391463115811368
8.040369749069214,20.0,14.714056293191716,5.285943706808284,0.06741233170032501,0.09780379481613638,0.1652161265164614,-0.030391463115811368
8.060408115386963,20.0,14.531010659553372,5.468989340446628,0.06741233170032501,0.09780379481613638,0.1652161265164614,-0.030391463115811368
8.080407619476318,20.0,14.531010659553372,5.468989340446628,0.06741233170032501,0.09780379481613638,0.1652161265164614,-0.030391463115811368
8.100403308868408,20.0,14.3494179026427,5.650582097357301,0.06741233170032501,0.09780379481613638,0.1652161265164614,-0.030391463115811368
8.12027883529663,20.0,14.15140932211416,5.84859067788584,0.06741233170032501,0.09780379481613638,0.1652161265164614,-0.030391463115811368
8.140211582183838,20.0,13.887533707691329,6.112466292308671,0.06741233170032501,0.09780379481613638,0.1652161265164614,-0.030391463115811368
8.160194396972656,20.0,13.570964466153065,6.429035533846935,0.06741233170032501,0.09780379481613638,0.1652161265164614,-0.030391463115811368
8.180229902267456,20.0,13.194662197922451,6.805337802077549,0.06741233170032501,0.09780379481613638,0.1652161265164614,-0.030391463115811368
8.200339317321777,20.0,12.77057350833796,7.229426491662039,0.06741233170032501,0.09780379481613638,0.1652161265164614,-0.030391463115811368
8.2202787399292,20.0,12.34341193167037,7.656588068329629,0.06741233170032501,0.09780379481613638,0.1652161265164614,-0.030391463115811368
8.240324020385742,20.0,11.931370170336296,8.068629829663704,0.031934961676597595,0.153990221247077,0.1859251829236746,-0.12205525957047941
8.26021409034729,20.0,11.566580511269038,8.433419488730962,0.031934961676597595,0.153990221247077,0.1859251829236746,-0.12205525957047941
8.280236959457397,20.0,11.257170659015232,8.742829340984768,0.031934961676597595,0.153990221247077,0.1859251829236746,-0.12205525957047941
8.300231695175171,20.0,11.257170659015232,8.742829340984768,0.031934961676597595,0.153990221247077,0.1859251829236746,-0.12205525957047941
8.320237159729004,20.0,11.009642777212187,8.990357222787813,0.031934961676597595,0.153990221247077,0.1859251829236746,-0.12205525957047941
8.340240955352783,20.0,10.81162047176975,9.18837952823025,0.031934961676597595,0.153990221247077,0.1859251829236746,-0.12205525957047941
8.360237121582031,20.0,10.6532026274158,9.3467973725842,0.031934961676597595,0.153990221247077,0.1859251829236746,-0.12205525957047941
8.380237579345703,20.0,10.52646835193264,9.47353164806736,0.031934961676597595,0.153990221247077,0.1859251829236746,-0.12205525957047941
8.400240182876587,20.0,10.425080931546114,9.574919068453886,0.031934961676597595,0.153990221247077,0.1859251829236746,-0.12205525957047941
8.420246124267578,20.0,10.343970995236893,9.656029004763107,0.031934961676597595,0.153990221247077,0.1859251829236746,-0.12205525957047941
8.440188646316528,20.0,10.279083046189514,9.720916953810486,0.031934961676597595,0.153990221247077,0.1859251829236746,-0.12205525957047941
8.460192680358887,20.0,10.244750811951613,9.755249188048387,0.031934961676597595,0.153990221247077,0.1859251829236746,-0.12205525957047941
8.480321407318115,20.0,10.217285024561292,9.782714975438708,0.031934961676597595,0.153990221247077,0.1859251829236746,-0.12205525957047941
8.500354766845703,20.0,10.212890519649035,9.787109480350965,0.0,0.22399022124707701,0.22399022124707701,-0.22399022124707701
8.52028203010559,20.0,10.212890519649035,9.787109480350965,0.0,0.22399022124707701,0.22399022124707701,-0.22399022124707701
8.5402193069458,20.0,10.209374915719229,9.790625084280771,0.0,0.22399022124707701,0.22399022124707701,-0.22399022124707701
8.56026840209961,20.0,10.206562432575383,9.793437567424617,0.0,0.22399022124707701,0.22399022124707701,-0.22399022124707701
8.580323696136475,20.0,10.204312446060307,9.795687553939693,0.0,0.22399022124707701,0.22399022124707701,-0.22399022124707701
8.60033655166626,20.0,10.202512456848247,9.797487543151753,0.0,0.22399022124707701,0.22399022124707701,-0.22399022124707701
8.620519399642944,20.0,10.2010724654786,9.7989275345214,0.0,0.22399022124707701,0.22399022124707701,-0.22399022124707701
8.640434741973877,20.0,10.23507672238288,9.76492327761712,0.0,0.22399022124707701,0.22399022124707701,-0.22399022124707701
8.6604323387146,20.0,10.385327002906305,9.614672997093695,0.0,0.22399022124707701,0.22399022124707701,-0.22399022124707701
8.680259704589844,20.0,10.786777227325045,9.213222772674955,0.0,0.22399022124707701,0.22399022124707701,-0.22399022124707701
8.700247526168823,20.0,11.459499906860037,8.540500093139963,0.0,0.22399022124707701,0.22399022124707701,-0.22399022124707701
8.720244407653809,20.0,12.401974925488028,7.5980250745119715,0.0,0.22399022124707701,0.22399022124707701,-0.22399022124707701
8.740232229232788,20.0,12.401974925488028,7.5980250745119715,0.0,0.22399022124707701,0.22399022124707701,-0.22399022124707701
8.760260343551636,20.0,13.437204940390425,6.562795059609575,0.0,0.22399022124707701,0.22399022124707701,-0.22399022124707701
8.780229330062866,20.0,14.353279577312339,5.646720422687661,0.0,0.22399022124707701,0.22399022124707701,-0.22399022124707701
8.800275325775146,20.0,15.086139286849873,4.913860713150127,0.0,0.22399022124707701,0.22399022124707701,-0.22399022124707701
8.820212602615356,20.0,15.672427054479899,4.327572945520101,0.0,0.22399022124707701,0.22399022124707701,-0.22399022124707701
8.840209007263184,20.0,16.14145726858392,3.8585427314160796,0.0,0.22399022124707701,0.22399022124707701,-0.22399022124707701
8.860207319259644,20.0,16.51668143986714,3.4833185601328616,0.0,0.22399022124707701,0.22399022124707701,-0.22399022124707701
8.880275964736938,20.0,16.81686077689371,3.1831392231062914,0.0,0.22399022124707701,0.22399022124707701,-0.22399022124707701
8.900256872177124,20.0,17.057004246514968,2.9429957534850324,0.0,0.22399022124707701,0.22399022124707701,-0.22399022124707701
8.920319080352783,20.0,17.249119022211975,2.750880977788025,0.0,0.22399022124707701,0.22399022124707701,-0.22399022124707701
8.940304040908813,20.0,17.40281084276958,2.597189157230421,0.0,0.22399022124707701,0.22399022124707701,-0.22399022124707701
8.960226058959961,20.0,17.40281084276958,2.597189157230421,0.0,0.22399022124707701,0.22399022124707701,-0.22399022124707701
8.980285167694092,20.0,17.525764299215663,2.4742357007843374,0.0,0.22399022124707701,0.22399022124707701,-0.22399022124707701
9.000302791595459,20.0,17.62412706437253,2.37587293562747,0.0,0.22399022124707701,0.22399022124707701,-0.22399022124707701
9.020375728607178,20.0,17.702817276498024,2.297182723501976,0.0,0.22399022124707701,0.22399022124707701,-0.22399022124707701
9.040348291397095,20.0,17.765769446198423,2.234230553801577,0.0,0.22399022124707701,0.22399022124707701,-0.22399022124707701
9.0603666305542,20.0,17.81613118195874,2.1838688180412618,0.0,0.28128639675676825,0.28128639675676825,-0.28128639675676825
9.080283880233765,20.0,17.856420570566993,2.1435794294330073,0.0,0.28128639675676825,0.28128639675676825,-0.28128639675676825
9.100244283676147,20.0,17.888652081453593,2.1113479185464072,0.0,0.28128639675676825,0.28128639675676825,-0.28128639675676825
9.12026834487915,20.0,17.914437290162873,2.085562709837127,0.0,0.28128639675676825,0.28128639675676825,-0.28128639675676825
9.14024829864502,20.0,17.9350654571303,2.0649345428697004,0.0,0.28128639675676825,0.28128639675676825,-0.28128639675676825
9.16025447845459,20.0,17.95156799070424,2.048432009295759,0.0,0.28128639675676825,0.28128639675676825,-0.28128639675676825
9.180257320404053,20.0,17.95156799070424,2.048432009295759,0.0,0.28128639675676825,0.28128639675676825,-0.28128639675676825
9.200257539749146,20.0,17.964770017563396,2.0352299824366042,0.0,0.28128639675676825,0.28128639675676825,-0.28128639675676825
9.220261812210083,20.0,17.992909764050715,2.007090235949285,0.0,0.28128639675676825,0.28128639675676825,-0.28128639675676825
9.240254640579224,20.0,18.085734061240576,1.9142659387594243,0.0,0.28128639675676825,0.28128639675676825,-0.28128639675676825
9.260257005691528,20.0,18.33577474899246,1.6642252510075402,0.0,0.28128639675676825,0.28128639675676825,-0.28128639675676825
9.280271291732788,20.0,18.76432292419397,1.2356770758060307,0.0,0.28128639675676825,0.28128639675676825,-0.28128639675676825
9.30037522315979,20.0,19.335677089355176,0.6643229106448238,0.0,0.28128639675676825,0.28128639675676825,-0.28128639675676825
9.320268392562866,20.0,19.915807296484143,0.08419270351585695,0.06695185601711273,0.22759337417781353,0.2945452301949263,-0.1606415181607008
9.340272903442383,20.0,20.37991146218732,-0.3799114621873194,0.06695185601711273,0.22759337417781353,0.2945452301949263,-0.1606415181607008
9.360296964645386,20.0,20.751194794749857,-0.751194794749857,0.06695185601711273,0.22759337417781353,0.2945452301949263,-0.1606415181607008
9.380339622497559,20.0,21.048221460799883,-1.0482214607998834,0.06695185601711273,0.22759337417781353,0.2945452301949263,-0.1606415181607008
9.40035104751587,20.0,21.048221460799883,-1.0482214607998834,0.06695185601711273,0.22759337417781353,0.2945452301949263,-0.1606415181607008
9.420294523239136,20.0,21.285842793639905,-1.2858427936399046,0.06695185601711273,0.22759337417781353,0.2945452301949263,-0.1606415181607008
9.440468549728394,20.0,21.475939859911925,-1.4759398599119251,0.06695185601711273,0.22759337417781353,0.2945452301949263,-0.1606415181607008
9.460393905639648,20.0,21.628017512929542,-1.6280175129295422,0.06695185601711273,0.22759337417781353,0.2945452301949263,-0.1606415181607008
9.480308294296265,20.0,21.749679635343632,-1.7496796353436324,0.06695185601711273,0.22759337417781353,0.2945452301949263,-0.1606415181607008
9.500410318374634,20.0,21.847009333274908,-1.847009333274908,0.06695185601711273,0.22759337417781353,0.2945452301949263,-0.1606415181607008
9.520281076431274,20.0,21.907294966619926,-1.9072949666199257,0.06695185601711273,0.22759337417781353,0.2945452301949263,-0.1606415181607008
9.540212154388428,20.0,21.85005472329594,-1.8500547232959406,0.06695185601711273,0.22759337417781353,0.2945452301949263,-0.1606415181607008
9.560328245162964,20.0,21.69879377863676,-1.6987937786367588,0.06695185601711273,0.22759337417781353,0.2945452301949263,-0.1606415181607008
9.580209732055664,20.0,21.472316272909406,-1.4723162729094064,0.06695185601711273,0.22759337417781353,0.2945452301949263,-0.1606415181607008
9.600181818008423,20.0,21.273556143327525,-1.273556143327525,0.06695185601711273,0.22759337417781353,0.2945452301949263,-0.1606415181607008
9.620154857635498,20.0,21.273556143327525,-1.273556143327525,0.06695185601711273,0.22759337417781353,0.2945452301949263,-0.1606415181607008
9.64016342163086,20.0,21.114548039662022,-1.1145480396620222,0.06695185601711273,0.22759337417781353,0.2945452301949263,-0.1606415181607008
9.660147666931152,20.0,20.987341556729618,-0.9873415567296178,0.06695185601711273,0.22759337417781353,0.2945452301949263,-0.1606415181607008
9.680152416229248,20.0,20.885576370383696,-0.8855763703836956,0.06695185601711273,0.22759337417781353,0.2945452301949263,-0.1606415181607008
9.700235605239868,20.0,20.80416422130696,-0.8041642213069586,0.06695185601711273,0.22759337417781353,0.2945452301949263,-0.1606415181607008
9.720356225967407,20.0,20.739034502045566,-0.7390345020455662,0.06695185601711273,0.22759337417781353,0.2945452301949263,-0.1606415181607008
9.740270853042603,20.0,20.686930726636454,-0.6869307266364544,0.06695185601711273,0.22759337417781353,0.2945452301949263,-0.1606415181607008
9.760271072387695,20.0,20.645247706309167,-0.6452477063091671,0.06695185601711273,0.22759337417781353,0.2945452301949263,-0.1606415181607008
9.780223608016968,20.0,20.61190129004733,-0.6119012900473315,0.06695185601711273,0.22759337417781353,0.2945452301949263,-0.1606415181607008
9.800225496292114,20.0,20.585224157037867,-0.5852241570378673,0.06695185601711273,0.22759337417781353,0.2945452301949263,-0.1606415181607008
9.820219278335571,20.0,20.56388245063029,-0.5638824506302917,0.06695185601711273,0.22759337417781353,0.2945452301949263,-0.1606415181607008
9.840232610702515,20.0,20.56388245063029,-0.5638824506302917,0.06695185601711273,0.22759337417781353,0.2945452301949263,-0.1606415181607008
9.860202074050903,20.0,20.546809085504236,-0.5468090855042362,0.06695185601711273,0.22759337417781353,0.2945452301949263,-0.1606415181607008
9.880253553390503,20.0,20.53315039340339,-0.533150393403389,0.04991196468472481,0.1613398759812117,0.2112518406659365,-0.11142791129648688
9.900320529937744,20.0,20.522223439722712,-0.5222234397227119,0.04991196468472481,0.1613398759812117,0.2112518406659365,-0.11142791129648688
9.920199394226074,20.0,20.51348187677817,-0.5134818767781688,0.04991196468472481,0.1613398759812117,0.2112518406659365,-0.11142791129648688
9.940160512924194,20.0,20.506488626422538,-0.5064886264225379,0.04991196468472481,0.1613398759812117,0.2112518406659365,-0.11142791129648688
9.960163593292236,20.0,20.500894026138027,-0.5008940261380275,0.04991196468472481,0.1613398759812117,0.2112518406659365,-0.11142791129648688
9.980167865753174,20.0,20.496418345910424,-0.4964183459104241,0.04991196468472481,0.1613398759812117,0.2112518406659365,-0.11142791129648688
10.000181913375854,-20.0,20.49283780172834,-40.49283780172834,0.04991196468472481,0.1613398759812117,0.2112518406659365,-0.11142791129648688
10.020201921463013,-20.0,20.48997336638267,-40.48997336638267,0.04991196468472481,0.1613398759812117,0.2112518406659365,-0.11142791129648688
10.040213823318481,-20.0,20.45252556810614,-40.45252556810614,0.04991196468472481,0.1613398759812117,0.2112518406659365,-0.11142791129648688
10.060335397720337,-20.0,20.45252556810614,-40.45252556810614,0.04991196468472481,0.1613398759812117,0.2112518406659365,-0.11142791129648688
10.080352067947388,-20.0,20.352254829484913,-40.35225482948491,0.04991196468472481,0.1613398759812117,0.2112518406659365,-0.11142791129648688
10.100424528121948,-20.0,20.14899136358793,-40.148991363587925,0.0,0.2313398759812117,0.2313398759812117,-0.2313398759812117
10.120242357254028,-20.0,19.863333715870347,-39.86333371587035,0.0,0.2313398759812117,0.2313398759812117,-0.2313398759812117
10.140346765518188,-20.0,19.529338847696277,-39.52933884769628,0.0,0.2313398759812117,0.2313398759812117,-0.2313398759812117
10.160502672195435,-20.0,19.17425232815702,-39.174252328157024,0.0,0.2313398759812117,0.2313398759812117,-0.2313398759812117
10.180375099182129,-20.0,18.85502686252562,-38.85502686252562,0.0,0.2313398759812117,0.2313398759812117,-0.2313398759812117
10.200360298156738,-20.0,18.599646490020497,-38.5996464900205,0.0,0.2313398759812117,0.2313398759812117,-0.2313398759812117
10.220343589782715,-20.0,18.395342192016397,-38.3953421920164,0.0,0.2313398759812117,0.2313398759812117,-0.2313398759812117
10.240352630615234,-20.0,18.23189875361312,-38.23189875361312,0.0,0.2313398759812117,0.2313398759812117,-0.2313398759812117
10.260311126708984,-20.0,18.1011440028905,-38.1011440028905,0.0,0.2313398759812117,0.2313398759812117,-0.2313398759812117
10.280279874801636,-20.0,18.1011440028905,-38.1011440028905,0.0,0.2313398759812117,0.2313398759812117,-0.2313398759812117
10.300343751907349,-20.0,18.0492745773124,-38.0492745773124,0.0,0.2313398759812117,0.2313398759812117,-0.2313398759812117
10.32029104232788,-20.0,18.148404036849918,-38.14840403684992,0.0,0.2313398759812117,0.2313398759812117,-0.2313398759812117
10.340260744094849,-20.0,18.385910729479935,-38.38591072947993,0.0,0.2313398759812117,0.2313398759812117,-0.2313398759812117
10.360354661941528,-20.0,18.716541083583948,-38.71654108358395,0.0,0.2313398759812117,0.2313398759812117,-0.2313398759812117
10.380231142044067,-20.0,19.01620161686716,-39.016201616867164,0.07,0.18133818395435813,0.25133818395435814,-0.11133818395435813
10.40025281906128,-20.0,19.255930043493727,-39.25593004349373,0.07,0.18133818395435813,0.25133818395435814,-0.11133818395435813
10.420435428619385,-20.0,19.447712784794984,-39.44771278479499,0.07,0.18133818395435813,0.25133818395435814,-0.11133818395435813
10.440252304077148,-20.0,19.601138977835987,-39.60113897783599,0.07,0.18133818395435813,0.25133818395435814,-0.11133818395435813
10.460217475891113,-20.0,19.72387993226879,-39.72387993226879,0.07,0.18133818395435813,0.25133818395435814,-0.11133818395435813
10.480344533920288,-20.0,19.82207269581503,-39.82207269581503,0.07,0.18133818395435813,0.25133818395435814,-0.11133818395435813
10.50034236907959,-20.0,19.82207269581503,-39.82207269581503,0.07,0.18133818395435813,0.25133818395435814,-0.11133818395435813
10.520346641540527,-20.0,19.900626906652025,-39.90062690665202,0.07,0.18133818395435813,0.25133818395435814,-0.11133818395435813
10.540364265441895,-20.0,19.963470275321622,-39.963470275321626,0.07,0.18133818395435813,0.25133818395435814,-0.11133818395435813
10.560355186462402,-20.0,19.9961668452573,-39.9961668452573,0.07,0.18133818395435813,0.25133818395435814,-0.11133818395435813
10.580358266830444,-20.0,19.987167851205843,-39.98716785120584,0.07,0.18133818395435813,0.25133818395435814,-0.11133818395435813
10.600266218185425,-20.0,19.874499905964672,-39.87449990596467,0.07,0.18133818395435813,0.25133818395435814,-0.11133818395435813
10.620243072509766,-20.0,19.64374054977174,-39.643740549771735,0.07,0.18133818395435813,0.25133818395435814,-0.11133818395435813
10.640315532684326,-20.0,19.336086189817394,-39.336086189817394,0.07,0.18133818395435813,0.25133818395435814,-0.11133818395435813
10.660208702087402,-20.0,19.019650201853917,-39.01965020185392,0.07,0.18133818395435813,0.25133818395435814,-0.11133818395435813
10.680336952209473,-20.0,18.766501411483134,-38.766501411483134,0.07,0.18133818395435813,0.25133818395435814,-0.11133818395435813
10.70034384727478,-20.0,18.563982379186506,-38.563982379186506,0.07,0.18133818395435813,0.25133818395435814,-0.11133818395435813
10.72033977508545,-20.0,18.563982379186506,-38.563982379186506,0.07,0.18133818395435813,0.25133818395435814,-0.11133818395435813
10.740689516067505,-20.0,18.401967153349204,-38.401967153349204,0.11919517040252686,0.15990406125783924,0.2790992316603661,-0.040708890855312374
10.760212898254395,-20.0,18.272354972679363,-38.272354972679366,0.11919517040252686,0.15990406125783924,0.2790992316603661,-0.040708890855312374
10.78020191192627,-20.0,18.16866522814349,-38.16866522814349,0.11919517040252686,0.15990406125783924,0.2790992316603661,-0.040708890855312374
10.800204038619995,-20.0,18.08571343251479,-38.085713432514794,0.11919517040252686,0.15990406125783924,0.2790992316603661,-0.040708890855312374
10.820213079452515,-20.0,18.01935199601183,-38.019351996011835,0.11919517040252686,0.15990406125783924,0.2790992316603661,-0.040708890855312374
10.840229988098145,-20.0,17.966262846809467,-37.96626284680947,0.11919517040252686,0.15990406125783924,0.2790992316603661,-0.040708890855312374
10.860231876373291,-20.0,17.906213402447573,-37.90621340244758,0.11919517040252686,0.15990406125783924,0.2790992316603661,-0.040708890855312374
10.880213737487793,-20.0,17.77028322195806,-37.77028322195806,0.11919517040252686,0.15990406125783924,0.2790992316603661,-0.040708890855312374
10.900206089019775,-20.0,17.52091407756645,-37.520914077566445,0.11919517040252686,0.15990406125783924,0.2790992316603661,-0.040708890855312374
10.920224905014038,-20.0,17.11048126205316,-37.110481262053156,0.11919517040252686,0.15990406125783924,0.2790992316603661,-0.040708890855312374
10.94021463394165,-20.0,17.11048126205316,-37.110481262053156,0.11919517040252686,0.15990406125783924,0.2790992316603661,-0.040708890855312374
10.960248947143555,-20.0,16.553619384642527,-36.55361938464253,0.11919517040252686,0.15990406125783924,0.2790992316603661,-0.040708890855312374
10.980456829071045,-20.0,15.897192382714024,-35.897192382714024,0.11919517040252686,0.15990406125783924,0.2790992316603661,-0.040708890855312374
11.000216960906982,-20.0,15.231425781171218,-35.23142578117122,0.11919517040252686,0.15990406125783924,0.2790992316603661,-0.040708890855312374
11.020182847976685,-20.0,14.593343749936976,-34.59334374993698,0.11919517040252686,0.15990406125783924,0.2790992316603661,-0.040708890855312374
11.040210008621216,-20.0,14.04772187494958,-34.04772187494958,0.11919517040252686,0.15990406125783924,0.2790992316603661,-0.040708890855312374
11.060186386108398,-20.0,13.611224374959665,-33.61122437495966,0.11919517040252686,0.15990406125783924,0.2790992316603661,-0.040708890855312374
11.08018708229065,-20.0,13.262026374967732,-33.26202637496773,0.11919517040252686,0.15990406125783924,0.2790992316603661,-0.040708890855312374
11.10017991065979,-20.0,12.982667974974188,-32.98266797497419,0.11919517040252686,0.15990406125783924,0.2790992316603661,-0.040708890855312374
11.120314836502075,-20.0,12.75918125497935,-32.75918125497935,0.11919517040252686,0.15990406125783924,0.2790992316603661,-0.040708890855312374
11.140217304229736,-20.0,12.58039187898348,-32.58039187898348,0.18919517040252687,0.08990406125783923,0.2790992316603661,0.09929110914468764
11.160192012786865,-20.0,12.58039187898348,-32.58039187898348,0.18919517040252687,0.08990406125783923,0.2790992316603661,0.09929110914468764
11.180268287658691,-20.0,12.437360378186785,-32.43736037818678,0.18919517040252687,0.08990406125783923,0.2790992316603661,0.09929110914468764
11.200281858444214,-20.0,12.322935177549429,-32.322935177549425,0.18919517040252687,0.08990406125783923,0.2790992316603661,0.09929110914468764
11.220280885696411,-20.0,12.231395017039544,-32.231395017039546,0.18919517040252687,0.08990406125783923,0.2790992316603661,0.09929110914468764
11.240209102630615,-20.0,12.158162888631635,-32.15816288863164,0.18919517040252687,0.08990406125783923,0.2790992316603661,0.09929110914468764
11.260216236114502,-20.0,12.046842810905309,-32.04684281090531,0.18919517040252687,0.08990406125783923,0.2790992316603661,0.09929110914468764
11.28020167350769,-20.0,11.74684924872425,-31.74684924872425,0.18919517040252687,0.08990406125783923,0.2790992316603661,0.09929110914468764
11.30026888847351,-20.0,11.1552918989794,-31.1552918989794,0.18919517040252687,0.08990406125783923,0.2790992316603661,0.09929110914468764
11.3202383518219,-20.0,10.189858519183522,-30.189858519183524,0.18919517040252687,0.08990406125783923,0.2790992316603661,0.09929110914468764
11.340195655822754,-20.0,8.872589940346817,-28.872589940346817,0.18919517040252687,0.08990406125783923,0.2790992316603661,0.09929110914468764
11.360424518585205,-20.0,7.291431327277454,-27.291431327277454,0.18919517040252687,0.08990406125783923,0.2790992316603661,0.09929110914468764
11.380169868469238,-20.0,7.291431327277454,-27.291431327277454,0.18919517040252687,0.08990406125783923,0.2790992316603661,0.09929110914468764
11.400160551071167,-20.0,5.5518950618219645,-25.551895061821966,0.18919517040252687,0.08990406125783923,0.2790992316603661,0.09929110914468764
11.420161008834839,-20.0,3.8262816744575714,-23.826281674457572,0.18919517040252687,0.08990406125783923,0.2790992316603661,0.09929110914468764
11.440167665481567,-20.0,2.252431589566057,-22.252431589566058,0.18919517040252687,0.08990406125783923,0.2790992316603661,0.09929110914468764
11.460156917572021,-20.0,0.9406171466528456,-20.940617146652844,0.18919517040252687,0.08990406125783923,0.2790992316603661,0.09929110914468764
11.4801607131958,-20.0,-0.10883440767772354,-19.891165592322277,0.18919517040252687,0.08990406125783923,0.2790992316603661,0.09929110914468764
11.500152111053467,-20.0,-0.9659737761421789,-19.034026223857822,0.18919517040252687,0.08990406125783923,0.2790992316603661,0.09929110914468764
11.520152568817139,-20.0,-1.6692633959137433,-18.33073660408626,0.18919517040252687,0.08990406125783923,0.2790992316603661,0.09929110914468764
11.54014778137207,-20.0,-2.284629466730995,-17.715370533269006,0.18919517040252687,0.08990406125783923,0.2790992316603661,0.09929110914468764
11.560808181762695,-20.0,-2.8120785733847957,-17.187921426615205,0.18919517040252687,0.08990406125783923,0.2790992316603661,0.09929110914468764
11.580147981643677,-20.0,-3.304350358707837,-16.695649641292164,0.18919517040252687,0.08990406125783923,0.2790992316603661,0.09929110914468764
11.600159645080566,-20.0,-3.304350358707837,-16.695649641292164,0.18919517040252687,0.08990406125783923,0.2790992316603661,0.09929110914468764
11.62016773223877,-20.0,-3.7157459119662697,-16.28425408803373,0.18919517040252687,0.08990406125783923,0.2790992316603661,0.09929110914468764
11.6401686668396,-20.0,-4.080018604573016,-15.919981395426984,0.18919517040252687,0.08990406125783923,0.2790992316603661,0.09929110914468764
11.660175085067749,-20.0,-4.371436758658413,-15.628563241341588,0.18919517040252687,0.08990406125783923,0.2790992316603661,0.09929110914468764
11.680186986923218,-20.0,-4.604571281926731,-15.39542871807327,0.18919517040252687,0.08990406125783923,0.2790992316603661,0.09929110914468764
11.700345277786255,-20.0,-4.791078900541384,-15.208921099458616,0.18919517040252687,0.08990406125783923,0.2790992316603661,0.09929110914468764
11.720358610153198,-20.0,-4.940284995433108,-15.059715004566893,0.2591951704025269,0.029667469412088424,0.2888626398146153,0.22952770099043845
11.74019718170166,-20.0,-5.059649871346486,-14.940350128653513,0.2591951704025269,0.029667469412088424,0.2888626398146153,0.22952770099043845
11.760170221328735,-20.0,-5.155141772077188,-14.844858227922812,0.2591951704025269,0.029667469412088424,0.2888626398146153,0.22952770099043845
11.780166625976562,-20.0,-5.231535292661751,-14.76846470733825,0.2591951704025269,0.029667469412088424,0.2888626398146153,0.22952770099043845
11.800251245498657,-20.0,-5.292650109129401,-14.7073498908706,0.2591951704025269,0.029667469412088424,0.2888626398146153,0.22952770099043845
11.820278644561768,-20.0,-5.292650109129401,-14.7073498908706,0.2591951704025269,0.029667469412088424,0.2888626398146153,0.22952770099043845
11.840265989303589,-20.0,-5.341541962303521,-14.65845803769648,0.2591951704025269,0.029667469412088424,0.2888626398146153,0.22952770099043845
11.860236167907715,-20.0,-5.398233569842817,-14.601766430157184,0.2591951704025269,0.029667469412088424,0.2888626398146153,0.22952770099043845
11.880159616470337,-20.0,-5.566633730874254,-14.433366269125745,0.2591951704025269,0.029667469412088424,0.2888626398146153,0.22952770099043845
11.90015435218811,-20.0,-5.982603859699403,-14.017396140300598,0.2591951704025269,0.029667469412088424,0.2888626398146153,0.22952770099043845
11.92016315460205,-20.0,-6.719676837759523,-13.280323162240478,0.2591951704025269,0.029667469412088424,0.2888626398146153,0.22952770099043845
11.940161228179932,-20.0,-7.731210220207618,-12.268789779792382,0.2591951704025269,0.029667469412088424,0.2888626398146153,0.22952770099043845
11.960161685943604,-20.0,-8.909577551166095,-11.090422448833905,0.2591951704025269,0.029667469412088424,0.2888626398146153,0.22952770099043845
11.98019790649414,-20.0,-10.115943290932876,-9.884056709067124,0.2591951704025269,0.029667469412088424,0.2888626398146153,0.22952770099043845
12.00027084350586,-20.0,-11.204082757746301,-8.795917242253699,0.3291951704025269,0.005818729028105762,0.33501389943063264,0.3233764413744211
12.020210981369019,-20.0,-11.204082757746301,-8.795917242253699,0.3291951704025269,0.005818729028105762,0.33501389943063264,0.3233764413744211
12.040190935134888,-20.0,-12.092172456197043,-7.9078275438029575,0.3291951704025269,0.005818729028105762,0.33501389943063264,0.3233764413744211
12.060169458389282,-20.0,-12.802644214957635,-7.197355785042365,0.3291951704025269,0.005818729028105762,0.33501389943063264,0.3233764413744211
12.080167770385742,-20.0,-13.388599746966108,-6.611400253033892,0.3291951704025269,0.005818729028105762,0.33501389943063264,0.3233764413744211
12.10014796257019,-20.0,-13.874942297572886,-6.125057702427114,0.3291951704025269,0.005818729028105762,0.33501389943063264,0.3233764413744211
12.120142221450806,-20.0,-14.31675071305831,-5.68324928694169,0.3291951704025269,0.005818729028105762,0.33501389943063264,0.3233764413744211
12.140159845352173,-20.0,-14.75808807044665,-5.24191192955335,0.3291951704025269,0.005818729028105762,0.33501389943063264,0.3233764413744211
12.160155773162842,-20.0,-15.25178295635732,-4.748217043642679,0.3291951704025269,0.005818729028105762,0.33501389943063264,0.3233764413744211
12.180152177810669,-20.0,-15.804941990085858,-4.195058009914142,0.3291951704025269,0.005818729028105762,0.33501389943063264,0.3233764413744211
12.200206995010376,-20.0,-16.370516092068684,-3.6294839079313164,0.3291951704025269,0.005818729028105762,0.33501389943063264,0.3233764413744211
12.2202889919281,-20.0,-16.91086599865495,-3.0891340013450517,0.36656572178006175,0.0,0.36656572178006175,0.36656572178006175
12.240171909332275,-20.0,-16.91086599865495,-3.0891340013450517,0.36656572178006175,0.0,0.36656572178006175,0.36656572178006175
12.260157108306885,-20.0,-17.431036548923963,-2.568963451076037,0.36656572178006175,0.0,0.36656572178006175,0.36656572178006175
12.28015398979187,-20.0,-17.95264173913917,-2.047358260860829,0.36656572178006175,0.0,0.36656572178006175,0.36656572178006175
12.30014157295227,-20.0,-18.45781651631134,-1.5421834836886603,0.36656572178006175,0.0,0.36656572178006175,0.36656572178006175
12.32014012336731,-20.0,-18.897112588049072,-1.1028874119509275,0.36656572178006175,0.0,0.36656572178006175,0.36656572178006175
12.340139865875244,-20.0,-19.26612757043926,-0.7338724295607406,0.36656572178006175,0.0,0.36656572178006175,0.36656572178006175
12.360149145126343,-20.0,-19.59649580635141,-0.40350419364859036,0.36656572178006175,0.0,0.36656572178006175,0.36656572178006175
12.380152463912964,-20.0,-19.966259145081125,-0.03374085491887513,0.36656572178006175,0.0,0.36656572178006175,0.36656572178006175
12.400148868560791,-20.0,-20.3675385660649,0.3675385660649013,0.36656572178006175,0.0,0.36656572178006175,0.36656572178006175
12.420279264450073,-20.0,-20.829187102851925,0.8291871028519253,0.36656572178006175,0.0,0.36656572178006175,0.36656572178006175
12.44028925895691,-20.0,-21.321552807281538,1.3215528072815381,0.381915548555553,0.008790740743279457,0.39070628929883244,0.37312480781227353
12.460180044174194,-20.0,-21.321552807281538,1.3215528072815381,0.381915548555553,0.008790740743279457,0.39070628929883244,0.37312480781227353
12.480212450027466,-20.0,-21.785757870825233,1.7857578708252326,0.381915548555553,0.008790740743279457,0.39070628929883244,0.37312480781227353
12.500231266021729,-20.0,-22.17470004666019,2.1747000466601882,0.381915548555553,0.008790740743279457,0.39070628929883244,0.37312480781227353
12.520222187042236,-20.0,-22.485853787328153,2.4858537873281534,0.381915548555553,0.008790740743279457,0.39070628929883244,0.37312480781227353
12.54024362564087,-20.0,-22.734776779862525,2.734776779862525,0.381915548555553,0.008790740743279457,0.39070628929883244,0.37312480781227353
12.560231924057007,-20.0,-22.93391517389002,2.9339151738900213,0.381915548555553,0.008790740743279457,0.39070628929883244,0.37312480781227353
12.580179929733276,-20.0,-23.093225889112016,3.0932258891120163,0.381915548555553,0.008790740743279457,0.39070628929883244,0.37312480781227353
12.600148677825928,-20.0,-23.22067446128961,3.2206744612896117,0.381915548555553,0.008790740743279457,0.39070628929883244,0.37312480781227353
12.620141744613647,-20.0,-23.34021144403169,3.3402114440316915,0.381915548555553,0.008790740743279457,0.39070628929883244,0.37312480781227353
12.640135526657104,-20.0,-23.435841030225355,3.4358410302253546,0.381915548555553,0.008790740743279457,0.39070628929883244,0.37312480781227353
12.66014289855957,-20.0,-23.529922824180286,3.529922824180286,0.381915548555553,0.008790740743279457,0.39070628929883244,0.37312480781227353
12.68013858795166,-20.0,-23.62276638434423,3.6227663843442315,0.381915548555553,0.008790740743279457,0.39070628929883244,0.37312480781227353
12.700298309326172,-20.0,-23.62276638434423,3.6227663843442315,0.381915548555553,0.008790740743279457,0.39070628929883244,0.37312480781227353
12.720200061798096,-20.0,-23.714619357475385,3.714619357475385,0.344167401753366,0.020253805443644524,0.36442120719701054,0.3239135963097215
12.74020266532898,-20.0,-23.78810173598031,3.788101735980309,0.344167401753366,0.020253805443644524,0.36442120719701054,0.3239135963097215
12.760227680206299,-20.0,-23.84688763878425,3.846887638784249,0.344167401753366,0.020253805443644524,0.36442120719701054,0.3239135963097215
12.780209302902222,-20.0,-23.893916361027397,3.8939163610273972,0.344167401753366,0.020253805443644524,0.36442120719701054,0.3239135963097215
12.800204515457153,-20.0,-23.93153933882192,3.9315393388219206,0.344167401753366,0.020253805443644524,0.36442120719701054,0.3239135963097215
12.820163249969482,-20.0,-23.96163772105754,3.9616377210575386,0.344167401753366,0.020253805443644524,0.36442120719701054,0.3239135963097215
12.840132713317871,-20.0,-23.985716426846032,3.9857164268460323,0.344167401753366,0.020253805443644524,0.36442120719701054,0.3239135963097215
12.860132694244385,-20.0,-24.004979391476827,4.004979391476827,0.344167401753366,0.020253805443644524,0.36442120719701054,0.3239135963097215
12.880131959915161,-20.0,-24.020389763181466,4.020389763181466,0.344167401753366,0.020253805443644524,0.36442120719701054,0.3239135963097215
12.90013337135315,-20.0,-24.03271806054517,4.032718060545172,0.344167401753366,0.020253805443644524,0.36442120719701054,0.3239135963097215
12.920138359069824,-20.0,-24.03271806054517,4.032718060545172,0.344167401753366,0.020253805443644524,0.36442120719701054,0.3239135963097215
12.940136671066284,-20.0,-24.04258069843614,4.04258069843614,0.344167401753366,0.020253805443644524,0.36442120719701054,0.3239135963097215
12.960137367248535,-20.0,-24.050470808748912,4.050470808748912,0.344167401753366,0.020253805443644524,0.36442120719701054,0.3239135963097215
12.980133056640625,-20.0,-24.05678289699913,4.056782896999131,0.344167401753366,0.020253805443644524,0.36442120719701054,0.3239135963097215
13.000137090682983,-20.0,-24.061832567599303,4.0618325675993034,0.344167401753366,0.020253805443644524,0.36442120719701054,0.3239135963097215
13.020143032073975,-20.0,-24.065872304079445,4.065872304079445,0.344167401753366,0.020253805443644524,0.36442120719701054,0.3239135963097215
13.04014539718628,-20.0,-24.069104093263554,4.0691040932635545,0.344167401753366,0.020253805443644524,0.36442120719701054,0.3239135963097215
13.060141801834106,-20.0,-24.071689524610846,4.071689524610846,0.344167401753366,0.020253805443644524,0.36442120719701054,0.3239135963097215
13.0801362991333,-20.0,-24.073757869688677,4.073757869688677,0.344167401753366,0.020253805443644524,0.36442120719701054,0.3239135963097215
13.100135087966919,-20.0,-24.075412545750943,4.075412545750943,0.344167401753366,0.020253805443644524,0.36442120719701054,0.3239135963097215
13.120143413543701,-20.0,-24.076736286600756,4.076736286600756,0.344167401753366,0.020253805443644524,0.36442120719701054,0.3239135963097215
13.140152931213379,-20.0,-24.076736286600756,4.076736286600756,0.344167401753366,0.020253805443644524,0.36442120719701054,0.3239135963097215
13.160157918930054,-20.0,-24.077795279280608,4.077795279280608,0.344167401753366,0.020253805443644524,0.36442120719701054,0.3239135963097215
13.180286884307861,-20.0,-24.078642473424484,4.078642473424484,0.3443510062218411,0.03463721740990877,0.3789882236317499,0.30971378881193234
13.20018482208252,-20.0,-24.07932022873959,4.07932022873959,0.3443510062218411,0.03463721740990877,0.3789882236317499,0.30971378881193234
13.220154523849487,-20.0,-24.079862432991675,4.079862432991675,0.3443510062218411,0.03463721740990877,0.3789882236317499,0.30971378881193234
13.240145206451416,-20.0,-24.080296196393338,4.080296196393338,0.3443510062218411,0.03463721740990877,0.3789882236317499,0.30971378881193234
13.260148286819458,-20.0,-24.080643207114672,4.080643207114672,0.3443510062218411,0.03463721740990877,0.3789882236317499,0.30971378881193234
13.280145168304443,-20.0,-24.080920815691737,4.080920815691737,0.3443510062218411,0.03463721740990877,0.3789882236317499,0.30971378881193234
13.300140619277954,-20.0,-24.081142902553392,4.081142902553392,0.3443510062218411,0.03463721740990877,0.3789882236317499,0.30971378881193234
13.32014012336731,-20.0,-24.081320572042713,4.0813205720427135,0.3443510062218411,0.03463721740990877,0.3789882236317499,0.30971378881193234
13.340150594711304,-20.0,-24.081462707634174,4.081462707634174,0.3443510062218411,0.03463721740990877,0.3789882236317499,0.30971378881193234
13.360169410705566,-20.0,-24.081462707634174,4.081462707634174,0.3443510062218411,0.03463721740990877,0.3789882236317499,0.30971378881193234
13.380270719528198,-20.0,-24.08157641610734,4.081576416107339,0.3443510062218411,0.03463721740990877,0.3789882236317499,0.30971378881193234
13.400289535522461,-20.0,-24.081667382885872,4.081667382885872,0.34217109416320457,0.011697703041136265,0.35386879720434083,0.3304733911220683
13.420183897018433,-20.0,-24.0817401563087,4.081740156308701,0.34217109416320457,0.011697703041136265,0.35386879720434083,0.3304733911220683
13.440154075622559,-20.0,-24.081798375046965,4.081798375046965,0.34217109416320457,0.011697703041136265,0.35386879720434083,0.3304733911220683
13.460151672363281,-20.0,-24.08184495003757,4.081844950037571,0.34217109416320457,0.011697703041136265,0.35386879720434083,0.3304733911220683
13.480154991149902,-20.0,-24.08188221003006,4.081882210030059,0.34217109416320457,0.011697703041136265,0.35386879720434083,0.3304733911220683
13.500144958496094,-20.0,-24.08191201802405,4.081912018024049,0.34217109416320457,0.011697703041136265,0.35386879720434083,0.3304733911220683
13.520154237747192,-20.0,-24.08193586441924,4.08193586441924,0.34217109416320457,0.011697703041136265,0.35386879720434083,0.3304733911220683
13.540151357650757,-20.0,-24.081954941535393,4.081954941535393,0.34217109416320457,0.011697703041136265,0.35386879720434083,0.3304733911220683
13.560151100158691,-20.0,-24.081970203228316,4.081970203228316,0.34217109416320457,0.011697703041136265,0.35386879720434083,0.3304733911220683
13.580156326293945,-20.0,-24.081970203228316,4.081970203228316,0.34217109416320457,0.011697703041136265,0.35386879720434083,0.3304733911220683
13.600279092788696,-20.0,-24.081982412582654,4.081982412582654,0.34217109416320457,0.011697703041136265,0.35386879720434083,0.3304733911220683
13.620276689529419,-20.0,-24.081992180066127,4.081992180066127,0.32537751530006065,0.0,0.32537751530006065,0.32537751530006065
13.640168905258179,-20.0,-24.0819999940529,4.0819999940529,0.32537751530006065,0.0,0.32537751530006065,0.32537751530006065
13.660159587860107,-20.0,-24.082006245242322,4.082006245242322,0.32537751530006065,0.0,0.32537751530006065,0.32537751530006065
13.68018126487732,-20.0,-24.08201124619386,4.082011246193861,0.32537751530006065,0.0,0.32537751530006065,0.32537751530006065
13.700221538543701,-20.0,-24.08201524695509,4.082015246955091,0.32537751530006065,0.0,0.32537751530006065,0.32537751530006065
13.72019624710083,-20.0,-24.082018447564074,4.082018447564074,0.32537751530006065,0.0,0.32537751530006065,0.32537751530006065
13.740221500396729,-20.0,-24.08202100805126,4.08202100805126,0.32537751530006065,0.0,0.32537751530006065,0.32537751530006065
13.76020884513855,-20.0,-24.09960118144101,4.09960118144101,0.32537751530006065,0.0,0.32537751530006065,0.32537751530006065
13.780177593231201,-20.0,-24.09960118144101,4.09960118144101,0.32537751530006065,0.0,0.32537751530006065,0.32537751530006065
13.800156593322754,-20.0,-24.11366532015281,4.113665320152808,0.32537751530006065,0.0,0.32537751530006065,0.32537751530006065
13.82014012336731,-20.0,-24.124916631122247,4.124916631122247,0.32537751530006065,0.0,0.32537751530006065,0.32537751530006065
13.840136766433716,-20.0,-24.1339176798978,4.133917679897799,0.32537751530006065,0.0,0.32537751530006065,0.32537751530006065
13.860137224197388,-20.0,-24.14111851891824,4.1411185189182405,0.32537751530006065,0.0,0.32537751530006065,0.32537751530006065
13.880263090133667,-20.0,-24.14687919013459,4.146879190134591,0.32537751530006065,0.0,0.32537751530006065,0.32537751530006065
13.900293350219727,-20.0,-24.151487727107675,4.151487727107675,0.30557515171065464,0.0,0.30557515171065464,0.30557515171065464
13.920193672180176,-20.0,-24.15517455668614,4.155174556686141,0.30557515171065464,0.0,0.30557515171065464,0.30557515171065464
13.940164566040039,-20.0,-24.158124020348914,4.1581240203489145,0.30557515171065464,0.0,0.30557515171065464,0.30557515171065464
13.960166931152344,-20.0,-24.16048359127913,4.160483591279132,0.30557515171065464,0.0,0.30557515171065464,0.30557515171065464
13.980164766311646,-20.0,-24.162371248023305,4.162371248023305,0.30557515171065464,0.0,0.30557515171065464,0.30557515171065464
14.000175952911377,-20.0,-24.163881373418647,4.163881373418647,0.30557515171065464,0.0,0.30557515171065464,0.30557515171065464
14.020172357559204,-20.0,-24.163881373418647,4.163881373418647,0.30557515171065464,0.0,0.30557515171065464,0.30557515171065464
14.040241479873657,-20.0,-24.165089473734916,4.165089473734916,0.30557515171065464,0.0,0.30557515171065464,0.30557515171065464
14.060233116149902,-20.0,-24.166055953987932,4.166055953987932,0.30557515171065464,0.0,0.30557515171065464,0.30557515171065464
14.08020281791687,-20.0,-24.166829138190348,4.166829138190348,0.30557515171065464,0.0,0.30557515171065464,0.30557515171065464
14.100273609161377,-20.0,-24.16744768555228,4.167447685552279,0.30557515171065464,0.0,0.30557515171065464,0.30557515171065464
14.12024474143982,-20.0,-24.167942523441823,4.167942523441823,0.2900809010182275,0.0,0.2900809010182275,0.2900809010182275
14.140296697616577,-20.0,-24.168338393753462,4.168338393753462,0.2900809010182275,0.0,0.2900809010182275,0.2900809010182275
14.160317420959473,-20.0,-24.168655090002773,4.168655090002773,0.2900809010182275,0.0,0.2900809010182275,0.2900809010182275
14.180239915847778,-20.0,-24.168908447002217,4.168908447002217,0.2900809010182275,0.0,0.2900809010182275,0.2900809010182275
14.200191736221313,-20.0,-24.169111132601774,4.169111132601774,0.2900809010182275,0.0,0.2900809010182275,0.2900809010182275
14.220203399658203,-20.0,-24.16927328108142,4.16927328108142,0.2900809010182275,0.0,0.2900809010182275,0.2900809010182275
14.2401762008667,-20.0,-24.16927328108142,4.16927328108142,0.2900809010182275,0.0,0.2900809010182275,0.2900809010182275
14.260176181793213,-20.0,-24.169402999865135,4.1694029998651345,0.2900809010182275,0.0,0.2900809010182275,0.2900809010182275
14.280317306518555,-20.0,-24.16950677489211,4.16950677489211,0.2900809010182275,0.0,0.2900809010182275,0.2900809010182275
14.300241231918335,-20.0,-24.15201166991369,4.152011669913691,0.2900809010182275,0.0,0.2900809010182275,0.2900809010182275
14.320203065872192,-20.0,-24.120437460930955,4.120437460930955,0.2900809010182275,0.0,0.2900809010182275,0.2900809010182275
14.340186357498169,-20.0,-24.095178093744767,4.095178093744767,0.2900809010182275,0.0,0.2900809010182275,0.2900809010182275
14.360164403915405,-20.0,-24.057392474995815,4.057392474995815,0.2900809010182275,0.0,0.2900809010182275,0.2900809010182275
14.380180835723877,-20.0,-24.027163979996654,4.027163979996654,0.3091617429320468,0.0,0.3091617429320468,0.3091617429320468
14.400179862976074,-20.0,-24.002981183997328,4.002981183997328,0.3091617429320468,0.0,0.3091617429320468,0.3091617429320468
14.420252561569214,-20.0,-23.983634947197864,3.9836349471978636,0.3091617429320468,0.0,0.3091617429320468,0.3091617429320468
14.440345048904419,-20.0,-23.968157957758294,3.9681579577582937,0.3091617429320468,0.0,0.3091617429320468,0.3091617429320468
14.460241556167603,-20.0,-23.968157957758294,3.9681579577582937,0.3091617429320468,0.0,0.3091617429320468,0.3091617429320468
14.480206966400146,-20.0,-23.95577636620664,3.9557763662066385,0.3091617429320468,0.0,0.3091617429320468,0.3091617429320468
14.500329971313477,-20.0,-23.945871092965312,3.9458710929653122,0.3091617429320468,0.0,0.3091617429320468,0.3091617429320468
14.52021074295044,-20.0,-23.93794687437225,3.937946874372251,0.3091617429320468,0.0,0.3091617429320468,0.3091617429320468
14.540273666381836,-20.0,-23.931607499497805,3.9316074994978045,0.3091617429320468,0.0,0.3091617429320468,0.3091617429320468
14.560243844985962,-20.0,-23.926535999598247,3.926535999598247,0.3091617429320468,0.0,0.3091617429320468,0.3091617429320468
14.58034634590149,-20.0,-23.9224787996786,3.9224787996786006,0.2793548123602523,0.0013787697535008192,0.2807335821137531,0.27797604260675146
14.600291013717651,-20.0,-23.919233039742885,3.9192330397428847,0.2793548123602523,0.0013787697535008192,0.2807335821137531,0.27797604260675146
14.62026071548462,-20.0,-23.916636431794313,3.9166364317943128,0.2793548123602523,0.0013787697535008192,0.2807335821137531,0.27797604260675146
14.640295028686523,-20.0,-23.91455914543545,3.914559145435451,0.2793548123602523,0.0013787697535008192,0.2807335821137531,0.27797604260675146
14.660190105438232,-20.0,-23.912897316348367,3.912897316348367,0.2793548123602523,0.0013787697535008192,0.2807335821137531,0.27797604260675146
14.680169582366943,-20.0,-23.912897316348367,3.912897316348367,0.2793548123602523,0.0013787697535008192,0.2807335821137531,0.27797604260675146
14.700172424316406,-20.0,-23.911567853078697,3.9115678530786973,0.2793548123602523,0.0013787697535008192,0.2807335821137531,0.27797604260675146
14.720178842544556,-20.0,-23.91050428246296,3.9105042824629592,0.2793548123602523,0.0013787697535008192,0.2807335821137531,0.27797604260675146
14.74016523361206,-20.0,-23.90965342597037,3.909653425970369,0.2793548123602523,0.0013787697535008192,0.2807335821137531,0.27797604260675146
14.760210514068604,-20.0,-23.908972740776296,3.9089727407762958,0.2793548123602523,0.0013787697535008192,0.2807335821137531,0.27797604260675146
14.780184984207153,-20.0,-23.908428192621038,3.908428192621038,0.2793548123602523,0.0013787697535008192,0.2807335821137531,0.27797604260675146
14.800197124481201,-20.0,-23.907992554096836,3.907992554096836,0.2793548123602523,0.0013787697535008192,0.2807335821137531,0.27797604260675146
14.820210695266724,-20.0,-23.90764404327747,3.9076440432774717,0.2793548123602523,0.0013787697535008192,0.2807335821137531,0.27797604260675146
14.840185403823853,-20.0,-23.90736523462198,3.907365234621981,0.2793548123602523,0.0013787697535008192,0.2807335821137531,0.27797604260675146
14.860208988189697,-20.0,-23.907142187697588,3.9071421876975876,0.2793548123602523,0.0013787697535008192,0.2807335821137531,0.27797604260675146
14.880191087722778,-20.0,-23.906963750158074,3.9069637501580736,0.2793548123602523,0.0013787697535008192,0.2807335821137531,0.27797604260675146
14.90018105506897,-20.0,-23.906963750158074,3.9069637501580736,0.2793548123602523,0.0013787697535008192,0.2807335821137531,0.27797604260675146
14.920209884643555,-20.0,-23.90682100012646,3.9068210001264596,0.2793548123602523,0.0013787697535008192,0.2807335821137531,0.27797604260675146
14.940216779708862,-20.0,-23.88912867510117,3.889128675101169,0.2793548123602523,0.0013787697535008192,0.2807335821137531,0.27797604260675146
14.960216283798218,-20.0,-23.857396690080936,3.857396690080936,0.2793548123602523,0.0013787697535008192,0.2807335821137531,0.27797604260675146
14.980215549468994,-20.0,-23.79685485206475,3.796854852064751,0.2793548123602523,0.0013787697535008192,0.2807335821137531,0.27797604260675146
15.000199556350708,30.0,-23.748421381651802,53.7484213816518,0.2793548123602523,0.0013787697535008192,0.2807335821137531,0.27797604260675146
15.020151615142822,30.0,-23.709674605321442,53.70967460532144,0.2793548123602523,0.0013787697535008192,0.2807335821137531,0.27797604260675146
15.040183782577515,30.0,-23.678677184257158,53.678677184257154,0.2793548123602523,0.0013787697535008192,0.2807335821137531,0.27797604260675146
15.060213804244995,30.0,-23.653879247405726,53.653879247405726,0.2793548123602523,0.0013787697535008192,0.2807335821137531,0.27797604260675146
15.080312490463257,30.0,-23.634040897924585,53.634040897924585,0.2907219750498189,0.04961533728055656,0.34033731233037545,0.24110663776926233
15.100223302841187,30.0,-23.634040897924585,53.634040897924585,0.2907219750498189,0.04961533728055656,0.34033731233037545,0.24110663776926233
15.120234727859497,30.0,-23.618170218339667,53.61817021833967,0.2907219750498189,0.04961533728055656,0.34033731233037545,0.24110663776926233
15.140252828598022,30.0,-23.60547367467174,53.60547367467174,0.2907219750498189,0.04961533728055656,0.34033731233037545,0.24110663776926233
15.160183906555176,30.0,-23.595316439737392,53.59531643973739,0.2907219750498189,0.04961533728055656,0.34033731233037545,0.24110663776926233
15.180143594741821,30.0,-23.587190651789914,53.58719065178991,0.2907219750498189,0.04961533728055656,0.34033731233037545,0.24110663776926233
15.20015025138855,30.0,-23.580690021431934,53.580690021431934,0.2907219750498189,0.04961533728055656,0.34033731233037545,0.24110663776926233
15.220149517059326,30.0,-23.55791139214555,53.55791139214555,0.2907219750498189,0.04961533728055656,0.34033731233037545,0.24110663776926233
15.240139245986938,30.0,-23.52211036371644,53.522110363716436,0.2907219750498189,0.04961533728055656,0.34033731233037545,0.24110663776926233
15.260170936584473,30.0,-23.440735165973155,53.44073516597315,0.2907219750498189,0.04961533728055656,0.34033731233037545,0.24110663776926233
15.28015422821045,30.0,-23.305322507778524,53.30532250777853,0.2907219750498189,0.04961533728055656,0.34033731233037545,0.24110663776926233
15.300149917602539,30.0,-23.17941425622282,53.17941425622282,0.2907219750498189,0.04961533728055656,0.34033731233037545,0.24110663776926233
15.320284128189087,30.0,-23.078687654978253,53.07868765497825,0.2907219750498189,0.04961533728055656,0.34033731233037545,0.24110663776926233
15.34027624130249,30.0,-23.078687654978253,53.07868765497825,0.27281308152421846,0.05545068648643792,0.3282637680106564,0.21736239503778054
15.360194206237793,30.0,-22.99810637398261,52.99810637398261,0.27281308152421846,0.05545068648643792,0.3282637680106564,0.21736239503778054
15.380170583724976,30.0,-22.916063224186086,52.91606322418609,0.27281308152421846,0.05545068648643792,0.3282637680106564,0.21736239503778054
15.400182485580444,30.0,-22.868006829348868,52.86800682934887,0.27281308152421846,0.05545068648643792,0.3282637680106564,0.21736239503778054
15.42022967338562,30.0,-22.829561713479098,52.829561713479094,0.27281308152421846,0.05545068648643792,0.3282637680106564,0.21736239503778054
15.440230369567871,30.0,-22.78122749578328,52.781227495783284,0.27281308152421846,0.05545068648643792,0.3282637680106564,0.21736239503778054
15.460167407989502,30.0,-22.742560121626624,52.742560121626624,0.27281308152421846,0.05545068648643792,0.3282637680106564,0.21736239503778054
15.480153799057007,30.0,-22.729204347301298,52.7292043473013,0.27281308152421846,0.05545068648643792,0.3282637680106564,0.21736239503778054
15.500153541564941,30.0,-22.71851972784104,52.71851972784104,0.27281308152421846,0.05545068648643792,0.3282637680106564,0.21736239503778054
15.520148992538452,30.0,-22.692393907272834,52.69239390727283,0.27281308152421846,0.05545068648643792,0.3282637680106564,0.21736239503778054
15.540161848068237,30.0,-22.68907137581827,52.68907137581827,0.27281308152421846,0.05545068648643792,0.3282637680106564,0.21736239503778054
15.560164451599121,30.0,-22.68907137581827,52.68907137581827,0.27281308152421846,0.05545068648643792,0.3282637680106564,0.21736239503778054
15.580162763595581,30.0,-22.686413350654618,52.68641335065462,0.27281308152421846,0.05545068648643792,0.3282637680106564,0.21736239503778054
15.600172281265259,30.0,-22.684286930523697,52.6842869305237,0.27281308152421846,0.05545068648643792,0.3282637680106564,0.21736239503778054
15.620157241821289,30.0,-22.682585794418955,52.682585794418955,0.27281308152421846,0.05545068648643792,0.3282637680106564,0.21736239503778054
15.64015245437622,30.0,-22.68122488553517,52.68122488553517,0.27281308152421846,0.05545068648643792,0.3282637680106564,0.21736239503778054
15.660155534744263,30.0,-22.680136158428134,52.680136158428134,0.27281308152421846,0.05545068648643792,0.3282637680106564,0.21736239503778054
15.68015170097351,30.0,-22.661687051742508,52.661687051742504,0.27281308152421846,0.05545068648643792,0.3282637680106564,0.21736239503778054
15.700151205062866,30.0,-22.629349641394008,52.62934964139401,0.27281308152421846,0.05545068648643792,0.3282637680106564,0.21736239503778054
15.720148801803589,30.0,-22.585901588115206,52.585901588115206,0.27281308152421846,0.05545068648643792,0.3282637680106564,0.21736239503778054
15.740148067474365,30.0,-22.55114314549217,52.55114314549217,0.27281308152421846,0.05545068648643792,0.3282637680106564,0.21736239503778054
15.760354042053223,30.0,-22.523336391393737,52.52333639139374,0.27281308152421846,0.05545068648643792,0.3282637680106564,0.21736239503778054
15.780283212661743,30.0,-22.523336391393737,52.52333639139374,0.2916283661191119,0.12545068648643792,0.41707905260554984,0.166177679632674
15.800255537033081,30.0,-22.501090988114992,52.501090988114996,0.2916283661191119,0.12545068648643792,0.41707905260554984,0.166177679632674
15.820312976837158,30.0,-22.483294665491997,52.483294665492,0.2916283661191119,0.12545068648643792,0.41707905260554984,0.166177679632674
15.840262651443481,30.0,-22.469057607393598,52.469057607393594,0.2916283661191119,0.12545068648643792,0.41707905260554984,0.166177679632674
15.860315084457397,30.0,-22.457667960914883,52.45766796091488,0.2916283661191119,0.12545068648643792,0.41707905260554984,0.166177679632674
15.8802490234375,30.0,-22.448556243731908,52.44855624373191,0.2916283661191119,0.12545068648643792,0.41707905260554984,0.166177679632674
15.900270462036133,30.0,-22.388532494985526,52.388532494985526,0.2916283661191119,0.12545068648643792,0.41707905260554984,0.166177679632674
15.920265197753906,30.0,-22.25262287098842,52.25262287098842,0.2916283661191119,0.12545068648643792,0.41707905260554984,0.166177679632674
15.940293550491333,30.0,-22.03842642179074,52.03842642179074,0.2916283661191119,0.12545068648643792,0.41707905260554984,0.166177679632674
15.96023440361023,30.0,-21.708866137432594,51.708866137432594,0.2916283661191119,0.12545068648643792,0.41707905260554984,0.166177679632674
15.980353355407715,30.0,-21.322171034946074,51.322171034946074,0.2916283661191119,0.12545068648643792,0.41707905260554984,0.166177679632674
16.000224828720093,30.0,-21.322171034946074,51.322171034946074,0.2916283661191119,0.12545068648643792,0.41707905260554984,0.166177679632674
16.02028799057007,30.0,-20.94250245295686,50.94250245295686,0.2216283661191119,0.17337361809797586,0.39500198421708776,0.04825474802113605
16.040294408798218,30.0,-20.621189462365486,50.621189462365486,0.2216283661191119,0.17337361809797586,0.39500198421708776,0.04825474802113605
16.06036639213562,30.0,-20.364139069892392,50.36413906989239,0.2216283661191119,0.17337361809797586,0.39500198421708776,0.04825474802113605
16.080347537994385,30.0,-20.140920630913914,50.14092063091391,0.2216283661191119,0.17337361809797586,0.39500198421708776,0.04825474802113605
16.10034441947937,30.0,-19.97992400473113,49.97992400473113,0.2216283661191119,0.17337361809797586,0.39500198421708776,0.04825474802113605
16.120322704315186,30.0,-19.833548578784907,49.83354857878491,0.2216283661191119,0.17337361809797586,0.39500198421708776,0.04825474802113605
16.140458345413208,30.0,-19.716448238027922,49.71644823802792,0.2216283661191119,0.17337361809797586,0.39500198421708776,0.04825474802113605
16.160386085510254,30.0,-19.57003359042234,49.57003359042234,0.2216283661191119,0.17337361809797586,0.39500198421708776,0.04825474802113605
16.180352210998535,30.0,-19.29469874733787,49.29469874733787,0.2216283661191119,0.17337361809797586,0.39500198421708776,0.04825474802113605
16.20034670829773,30.0,-19.29469874733787,49.29469874733787,0.2216283661191119,0.17337361809797586,0.39500198421708776,0.04825474802113605
16.22036075592041,30.0,-18.810758997870295,48.810758997870295,0.2216283661191119,0.17337361809797586,0.39500198421708776,0.04825474802113605
16.240253686904907,30.0,-18.08962282329624,48.08962282329624,0.2216283661191119,0.17337361809797586,0.39500198421708776,0.04825474802113605
16.260355949401855,30.0,-17.231463883636994,47.23146388363699,0.2216283661191119,0.17337361809797586,0.39500198421708776,0.04825474802113605
16.28024458885193,30.0,-16.439467981909594,46.439467981909594,0.2856355664198054,0.24337361809797586,0.5290091845177813,0.04226194832182956
16.300292491912842,30.0,-15.788293135527676,45.788293135527674,0.2856355664198054,0.24337361809797586,0.5290091845177813,0.04226194832182956
16.3203387260437,30.0,-15.24977513342214,45.24977513342214,0.2856355664198054,0.24337361809797586,0.5290091845177813,0.04226194832182956
16.34030556678772,30.0,-14.748648231737713,44.74864823173771,0.2856355664198054,0.24337361809797586,0.5290091845177813,0.04226194832182956
16.360243797302246,30.0,-14.25985608539017,44.25985608539017,0.2856355664198054,0.24337361809797586,0.5290091845177813,0.04226194832182956
16.38025188446045,30.0,-13.798509868312138,43.79850986831214,0.2856355664198054,0.24337361809797586,0.5290091845177813,0.04226194832182956
16.400341510772705,30.0,-13.306386019649711,43.30638601964971,0.2856355664198054,0.24337361809797586,0.5290091845177813,0.04226194832182956
16.420346975326538,30.0,-13.306386019649711,43.30638601964971,0.2856355664198054,0.24337361809797586,0.5290091845177813,0.04226194832182956
16.44019627571106,30.0,-12.68417131571977,42.684171315719766,0.2856355664198054,0.24337361809797586,0.5290091845177813,0.04226194832182956
16.46014666557312,30.0,-11.887571427575816,41.887571427575814,0.2856355664198054,0.24337361809797586,0.5290091845177813,0.04226194832182956
16.48084807395935,30.0,-11.004197767060655,41.00419776706065,0.2856355664198054,0.24337361809797586,0.5290091845177813,0.04226194832182956
16.50028944015503,30.0,-10.244764463648524,40.24476446364852,0.3147868142341031,0.2838122589606792,0.5985990731947823,0.03097455527342391
16.52018928527832,30.0,-9.637217820918819,39.63721782091882,0.3147868142341031,0.2838122589606792,0.5985990731947823,0.03097455527342391
16.54015016555786,30.0,-9.151180506735056,39.15118050673506,0.3147868142341031,0.2838122589606792,0.5985990731947823,0.03097455527342391
16.560203313827515,30.0,-8.762350655388046,38.76235065538805,0.3147868142341031,0.2838122589606792,0.5985990731947823,0.03097455527342391
16.580228328704834,30.0,-8.451286774310436,38.45128677431043,0.3147868142341031,0.2838122589606792,0.5985990731947823,0.03097455527342391
16.600210905075073,30.0,-8.202435669448349,38.20243566944835,0.3147868142341031,0.2838122589606792,0.5985990731947823,0.03097455527342391
16.620445251464844,30.0,-8.00335478555868,38.00335478555868,0.3147868142341031,0.2838122589606792,0.5985990731947823,0.03097455527342391
16.640540838241577,30.0,-8.00335478555868,38.00335478555868,0.3147868142341031,0.2838122589606792,0.5985990731947823,0.03097455527342391
16.660399436950684,30.0,-7.826511953446945,37.826511953446946,0.3147868142341031,0.2838122589606792,0.5985990731947823,0.03097455527342391
16.68021035194397,30.0,-7.685037687757557,37.68503768775756,0.3147868142341031,0.2838122589606792,0.5985990731947823,0.03097455527342391
16.700145483016968,30.0,-7.571858275206045,37.57185827520605,0.3147868142341031,0.2838122589606792,0.5985990731947823,0.03097455527342391
16.720131397247314,30.0,-7.481314745164837,37.48131474516484,0.3147868142341031,0.2838122589606792,0.5985990731947823,0.03097455527342391
16.740137338638306,30.0,-7.408879921131871,37.40887992113187,0.3147868142341031,0.2838122589606792,0.5985990731947823,0.03097455527342391
16.760133504867554,30.0,-7.350932061905497,37.350932061905496,0.3147868142341031,0.2838122589606792,0.5985990731947823,0.03097455527342391
16.780132293701172,30.0,-7.304573774524399,37.3045737745244,0.3147868142341031,0.2838122589606792,0.5985990731947823,0.03097455527342391
16.800143480300903,30.0,-7.26748714461952,37.26748714461952,0.3147868142341031,0.2838122589606792,0.5985990731947823,0.03097455527342391
16.820136785507202,30.0,-7.237817840695618,37.23781784069562,0.3147868142341031,0.2838122589606792,0.5985990731947823,0.03097455527342391
16.84013557434082,30.0,-7.214082397556494,37.214082397556496,0.3147868142341031,0.2838122589606792,0.5985990731947823,0.03097455527342391
16.86063551902771,30.0,-7.195094043045195,37.195094043045195,0.3147868142341031,0.2838122589606792,0.5985990731947823,0.03097455527342391
16.880135536193848,30.0,-7.195094043045195,37.195094043045195,0.3147868142341031,0.2838122589606792,0.5985990731947823,0.03097455527342391
16.900139570236206,30.0,-7.179903359436158,37.17990335943616,0.3147868142341031,0.2838122589606792,0.5985990731947823,0.03097455527342391
16.92013454437256,30.0,-7.167750812548927,37.167750812548924,0.3147868142341031,0.2838122589606792,0.5985990731947823,0.03097455527342391
16.940168142318726,30.0,-7.158028775039142,37.15802877503914,0.3147868142341031,0.2838122589606792,0.5985990731947823,0.03097455527342391
16.96017551422119,30.0,-7.150251145031314,37.15025114503131,0.3147868142341031,0.2838122589606792,0.5985990731947823,0.03097455527342391
16.98017120361328,30.0,-7.144029041025052,37.14402904102505,0.24478681423410306,0.3366292012948543,0.5814160155289574,-0.09184238706075123
17.000166654586792,30.0,-7.139051357820042,37.139051357820044,0.24478681423410306,0.3366292012948543,0.5814160155289574,-0.09184238706075123
17.02017045021057,30.0,-7.1350692112560345,37.13506921125604,0.24478681423410306,0.3366292012948543,0.5814160155289574,-0.09184238706075123
17.040363073349,30.0,-7.131883494004828,37.131883494004825,0.24478681423410306,0.3366292012948543,0.5814160155289574,-0.09184238706075123
17.060320377349854,30.0,-7.129334920203863,37.12933492020386,0.24478681423410306,0.3366292012948543,0.5814160155289574,-0.09184238706075123
17.0803439617157,30.0,-7.127296061163091,37.127296061163094,0.24478681423410306,0.3366292012948543,0.5814160155289574,-0.09184238706075123
17.100253582000732,30.0,-7.127296061163091,37.127296061163094,0.24478681423410306,0.3366292012948543,0.5814160155289574,-0.09184238706075123
17.120328664779663,30.0,-6.985039973930473,36.98503997393047,0.24478681423410306,0.3366292012948543,0.5814160155289574,-0.09184238706075123
17.140161752700806,30.0,-6.607563229144378,36.607563229144375,0.24478681423410306,0.3366292012948543,0.5814160155289574,-0.09184238706075123
17.160144567489624,30.0,-5.971597458315503,35.9715974583155,0.24478681423410306,0.3366292012948543,0.5814160155289574,-0.09184238706075123
17.180248498916626,30.0,-5.146418591652402,35.146418591652406,0.24478681423410306,0.3366292012948543,0.5814160155289574,-0.09184238706075123
17.200242280960083,30.0,-4.257759873321922,34.25775987332192,0.24478681423410306,0.3366292012948543,0.5814160155289574,-0.09184238706075123
17.220255613327026,30.0,-3.388629773657538,33.38862977365754,0.24478681423410306,0.3366292012948543,0.5814160155289574,-0.09184238706075123
17.2402446269989,30.0,-2.6054350689260306,32.60543506892603,0.24478681423410306,0.3366292012948543,0.5814160155289574,-0.09184238706075123
17.260170698165894,30.0,-1.8909886801408247,31.890988680140826,0.24478681423410306,0.3366292012948543,0.5814160155289574,-0.09184238706075123
17.280142068862915,30.0,-1.3018534441126597,31.30185344411266,0.24478681423410306,0.3366292012948543,0.5814160155289574,-0.09184238706075123
17.300211906433105,30.0,-1.3018534441126597,31.30185344411266,0.24478681423410306,0.3366292012948543,0.5814160155289574,-0.09184238706075123
17.320225715637207,30.0,-0.8305452552901279,30.83054525529013,0.21873749457939995,0.2666292012948543,0.48536669587425424,-0.04789170671545434
17.340163230895996,30.0,-0.45349870423210237,30.453498704232103,0.21873749457939995,0.2666292012948543,0.48536669587425424,-0.04789170671545434
17.360148429870605,30.0,-0.1518614633856819,30.151861463385682,0.21873749457939995,0.2666292012948543,0.48536669587425424,-0.04789170671545434
17.380149841308594,30.0,0.08944832929145446,29.910551670708546,0.21873749457939995,0.2666292012948543,0.48536669587425424,-0.04789170671545434
17.40014410018921,30.0,0.2824961634331636,29.717503836566838,0.21873749457939995,0.2666292012948543,0.48536669587425424,-0.04789170671545434
17.42030692100525,30.0,0.4369344307465309,29.563065569253467,0.21873749457939995,0.2666292012948543,0.48536669587425424,-0.04789170671545434
17.440138578414917,30.0,0.5604850445972247,29.439514955402775,0.21873749457939995,0.2666292012948543,0.48536669587425424,-0.04789170671545434
17.460144519805908,30.0,0.6593255356777797,29.34067446432222,0.21873749457939995,0.2666292012948543,0.48536669587425424,-0.04789170671545434
17.480144500732422,30.0,0.7383979285422237,29.261602071457776,0.21873749457939995,0.2666292012948543,0.48536669587425424,-0.04789170671545434
17.5002760887146,30.0,0.8016558428337791,29.198344157166222,0.21873749457939995,0.2666292012948543,0.48536669587425424,-0.04789170671545434
17.52027726173401,30.0,0.8016558428337791,29.198344157166222,0.14873749457939994,0.3292157025355846,0.4779531971149845,-0.18047820795618463
17.54020667076111,30.0,0.8522621742670233,29.147737825732978,0.14873749457939994,0.3292157025355846,0.4779531971149845,-0.18047820795618463
17.560163021087646,30.0,0.8927472394136187,29.10725276058638,0.14873749457939994,0.3292157025355846,0.4779531971149845,-0.18047820795618463
17.580143213272095,30.0,0.925135291530895,29.074864708469104,0.14873749457939994,0.3292157025355846,0.4779531971149845,-0.18047820795618463
17.60014319419861,30.0,0.9510457332247161,29.048954266775283,0.14873749457939994,0.3292157025355846,0.4779531971149845,-0.18047820795618463
17.620850324630737,30.0,0.9717740865797728,29.028225913420226,0.14873749457939994,0.3292157025355846,0.4779531971149845,-0.18047820795618463
17.640319108963013,30.0,0.9883567692638183,29.011643230736183,0.14873749457939994,0.3292157025355846,0.4779531971149845,-0.18047820795618463
17.660240173339844,30.0,1.0016229154110547,28.998377084588945,0.14873749457939994,0.3292157025355846,0.4779531971149845,-0.18047820795618463
17.680245399475098,30.0,1.1177045823288438,28.882295417671155,0.14873749457939994,0.3292157025355846,0.4779531971149845,-0.18047820795618463
17.70031237602234,30.0,1.4742417908630752,28.525758209136924,0.14873749457939994,0.3292157025355846,0.4779531971149845,-0.18047820795618463
17.720273971557617,30.0,2.14619030769046,27.85380969230954,0.14873749457939994,0.3292157025355846,0.4779531971149845,-0.18047820795618463
17.74019694328308,30.0,2.14619030769046,27.85380969230954,0.14873749457939994,0.3292157025355846,0.4779531971149845,-0.18047820795618463
17.760144233703613,30.0,3.0880459961523683,26.911954003847633,0.14873749457939994,0.3292157025355846,0.4779531971149845,-0.18047820795618463
17.78026819229126,30.0,4.157936796921895,25.842063203078105,0.14873749457939994,0.3292157025355846,0.4779531971149845,-0.18047820795618463
17.800275802612305,30.0,5.207208812537517,24.792791187462484,0.10094401308044326,0.3519236752111465,0.45286768829158974,-0.2509796621307032
17.82017421722412,30.0,6.134517050030013,23.865482949969987,0.10094401308044326,0.3519236752111465,0.45286768829158974,-0.2509796621307032
17.84016227722168,30.0,6.929098015024011,23.07090198497599,0.10094401308044326,0.3519236752111465,0.45286768829158974,-0.2509796621307032
17.860158920288086,30.0,7.582340912019209,22.41765908798079,0.10094401308044326,0.3519236752111465,0.45286768829158974,-0.2509796621307032
17.88014245033264,30.0,8.157669604615368,21.842330395384632,0.10094401308044326,0.3519236752111465,0.45286768829158974,-0.2509796621307032
17.900203704833984,30.0,8.705823183692294,21.294176816307704,0.10094401308044326,0.3519236752111465,0.45286768829158974,-0.2509796621307032
17.920206546783447,30.0,9.267392921953837,20.732607078046165,0.10094401308044326,0.3519236752111465,0.45286768829158974,-0.2509796621307032
17.940164804458618,30.0,9.839695587563071,20.16030441243693,0.10094401308044326,0.3519236752111465,0.45286768829158974,-0.2509796621307032
17.96022057533264,30.0,10.473318970050457,19.526681029949543,0.10094401308044326,0.3519236752111465,0.45286768829158974,-0.2509796621307032
17.98024344444275,30.0,10.473318970050457,19.526681029949543,0.10094401308044326,0.3519236752111465,0.45286768829158974,-0.2509796621307032
18.000240564346313,30.0,11.138420801040368,18.86157919895963,0.10094401308044326,0.3519236752111465,0.45286768829158974,-0.2509796621307032
18.020254135131836,30.0,11.811127265832294,18.188872734167706,0.10094401308044326,0.3519236752111465,0.45286768829158974,-0.2509796621307032
18.040239095687866,30.0,12.454761187665836,17.545238812334162,0.10094401308044326,0.3519236752111465,0.45286768829158974,-0.2509796621307032
18.06023383140564,30.0,13.039980825132671,16.960019174867327,0.10094401308044326,0.3519236752111465,0.45286768829158974,-0.2509796621307032
18.080198049545288,30.0,13.578469035106137,16.42153096489386,0.10094401308044326,0.3519236752111465,0.45286768829158974,-0.2509796621307032
18.100176572799683,30.0,14.114728353084908,15.885271646915092,0.10094401308044326,0.3519236752111465,0.45286768829158974,-0.2509796621307032
18.1203191280365,30.0,14.649204557467927,15.350795442532073,0.10094401308044326,0.3519236752111465,0.45286768829158974,-0.2509796621307032
18.14033555984497,30.0,15.147098020974342,14.852901979025658,0.10094401308044326,0.3519236752111465,0.45286768829158974,-0.2509796621307032
18.160329580307007,30.0,15.580569041779476,14.419430958220524,0.10094401308044326,0.3519236752111465,0.45286768829158974,-0.2509796621307032
18.180328845977783,30.0,15.580569041779476,14.419430958220524,0.17094401308044327,0.4219236752111465,0.5928676882915898,-0.2509796621307032
18.200238704681396,30.0,15.927345858423582,14.072654141576418,0.17094401308044327,0.4219236752111465,0.5928676882915898,-0.2509796621307032
18.220221042633057,30.0,16.222345436738866,13.777654563261134,0.17094401308044327,0.4219236752111465,0.5928676882915898,-0.2509796621307032
18.240230560302734,30.0,16.475923224391096,13.524076775608904,0.17094401308044327,0.4219236752111465,0.5928676882915898,-0.2509796621307032
18.26027488708496,30.0,16.678785454512877,13.321214545487123,0.17094401308044327,0.4219236752111465,0.5928676882915898,-0.2509796621307032
18.28023886680603,30.0,16.841075238610305,13.158924761389695,0.17094401308044327,0.4219236752111465,0.5928676882915898,-0.2509796621307032
18.300241708755493,30.0,16.970907065888245,13.029092934111755,0.17094401308044327,0.4219236752111465,0.5928676882915898,-0.2509796621307032
18.32024621963501,30.0,17.0747725277106,12.9252274722894,0.17094401308044327,0.4219236752111465,0.5928676882915898,-0.2509796621307032
18.340256929397583,30.0,17.157864897168484,12.842135102831516,0.17094401308044327,0.4219236752111465,0.5928676882915898,-0.2509796621307032
18.360325574874878,30.0,17.206760667734788,12.793239332265212,0.17094401308044327,0.4219236752111465,0.5928676882915898,-0.2509796621307032
18.380193948745728,30.0,17.24587728418783,12.75412271581217,0.17094401308044327,0.4219236752111465,0.5928676882915898,-0.2509796621307032
18.400241136550903,30.0,17.259592452350265,12.740407547649735,0.24094401308044328,0.4013509607035667,0.64229497378401,-0.1604069476231234
18.420256853103638,30.0,17.259592452350265,12.740407547649735,0.24094401308044328,0.4013509607035667,0.64229497378401,-0.1604069476231234
18.440248250961304,30.0,17.252986461880212,12.747013538119788,0.24094401308044328,0.4013509607035667,0.64229497378401,-0.1604069476231234
18.460285186767578,30.0,17.24770166950417,12.75229833049583,0.24094401308044328,0.4013509607035667,0.64229497378401,-0.1604069476231234
18.480346202850342,30.0,17.243473835603336,12.756526164396664,0.24094401308044328,0.4013509607035667,0.64229497378401,-0.1604069476231234
18.500450134277344,30.0,17.24009156848267,12.759908431517331,0.24094401308044328,0.4013509607035667,0.64229497378401,-0.1604069476231234
18.520558834075928,30.0,17.219807629786136,12.780192370213864,0.24094401308044328,0.4013509607035667,0.64229497378401,-0.1604069476231234
18.540374755859375,30.0,17.20358047882891,12.796419521171089,0.24094401308044328,0.4013509607035667,0.64229497378401,-0.1604069476231234
18.56033229827881,30.0,17.17302063306313,12.826979366936872,0.24094401308044328,0.4013509607035667,0.64229497378401,-0.1604069476231234
18.580225229263306,30.0,17.025525881450502,12.974474118549498,0.24094401308044328,0.4013509607035667,0.64229497378401,-0.1604069476231234
18.600151300430298,30.0,16.714170705160402,13.285829294839598,0.24094401308044328,0.4013509607035667,0.64229497378401,-0.1604069476231234
18.620144367218018,30.0,16.714170705160402,13.285829294839598,0.24094401308044328,0.4013509607035667,0.64229497378401,-0.1604069476231234
18.640137195587158,30.0,16.289305314128324,13.710694685871676,0.24094401308044328,0.4013509607035667,0.64229497378401,-0.1604069476231234
18.660139322280884,30.0,15.879100501302661,14.120899498697339,0.24094401308044328,0.4013509607035667,0.64229497378401,-0.1604069476231234
18.680137157440186,30.0,15.533358526042129,14.466641473957871,0.24094401308044328,0.4013509607035667,0.64229497378401,-0.1604069476231234
18.700139045715332,30.0,15.256764945833703,14.743235054166297,0.24094401308044328,0.4013509607035667,0.64229497378401,-0.1604069476231234
18.720136880874634,30.0,15.053068206666966,14.946931793333034,0.24094401308044328,0.4013509607035667,0.64229497378401,-0.1604069476231234
18.740137577056885,30.0,14.890110815333575,15.109889184666425,0.24094401308044328,0.4013509607035667,0.64229497378401,-0.1604069476231234
18.76017141342163,30.0,14.759744902266862,15.240255097733138,0.24094401308044328,0.4013509607035667,0.64229497378401,-0.1604069476231234
18.78015422821045,30.0,14.655452171813492,15.344547828186508,0.24094401308044328,0.4013509607035667,0.64229497378401,-0.1604069476231234
18.80014181137085,30.0,14.572017987450796,15.427982012549204,0.24094401308044328,0.4013509607035667,0.64229497378401,-0.1604069476231234
18.820137977600098,30.0,14.505270639960639,15.494729360039361,0.24094401308044328,0.4013509607035667,0.64229497378401,-0.1604069476231234
18.840273141860962,30.0,14.505270639960639,15.494729360039361,0.24094401308044328,0.4013509607035667,0.64229497378401,-0.1604069476231234
18.860263347625732,30.0,14.451872761968511,15.548127238031489,0.24094401308044328,0.4013509607035667,0.64229497378401,-0.1604069476231234
18.880270957946777,30.0,14.40915445957481,15.59084554042519,0.18876553334936036,0.40332982955500485,0.5920953629043653,-0.2145642962056445
18.90016484260559,30.0,14.374979817659849,15.625020182340151,0.18876553334936036,0.40332982955500485,0.5920953629043653,-0.2145642962056445
18.920145988464355,30.0,14.34764010412788,15.65235989587212,0.18876553334936036,0.40332982955500485,0.5920953629043653,-0.2145642962056445
18.9401535987854,30.0,14.325768333302305,15.674231666697695,0.18876553334936036,0.40332982955500485,0.5920953629043653,-0.2145642962056445
18.960222482681274,30.0,14.308270916641845,15.691729083358155,0.18876553334936036,0.40332982955500485,0.5920953629043653,-0.2145642962056445
18.980338096618652,30.0,14.311851108313476,15.688148891686524,0.18876553334936036,0.40332982955500485,0.5920953629043653,-0.2145642962056445
19.00032067298889,30.0,14.31471526165078,15.68528473834922,0.18876553334936036,0.40332982955500485,0.5920953629043653,-0.2145642962056445
19.020288705825806,30.0,14.317006584320625,15.682993415679375,0.18876553334936036,0.40332982955500485,0.5920953629043653,-0.2145642962056445
19.040231943130493,30.0,14.3188396424565,15.6811603575435,0.18876553334936036,0.40332982955500485,0.5920953629043653,-0.2145642962056445
19.060182094573975,30.0,14.3188396424565,15.6811603575435,0.18876553334936036,0.40332982955500485,0.5920953629043653,-0.2145642962056445
19.080142498016357,30.0,14.3378842139652,15.6621157860348,0.18876553334936036,0.40332982955500485,0.5920953629043653,-0.2145642962056445
19.10013437271118,30.0,14.353119871172161,15.646880128827839,0.18876553334936036,0.40332982955500485,0.5920953629043653,-0.2145642962056445
19.12013292312622,30.0,14.365308396937728,15.634691603062272,0.18876553334936036,0.40332982955500485,0.5920953629043653,-0.2145642962056445
19.140134572982788,30.0,14.375059217550183,15.624940782449817,0.18876553334936036,0.40332982955500485,0.5920953629043653,-0.2145642962056445
19.1601345539093,30.0,14.382859874040147,15.617140125959853,0.18876553334936036,0.40332982955500485,0.5920953629043653,-0.2145642962056445
19.180256605148315,30.0,14.389100399232118,15.610899600767882,0.18876553334936036,0.40332982955500485,0.5920953629043653,-0.2145642962056445
19.200260400772095,30.0,14.394092819385694,15.605907180614306,0.18876553334936036,0.40332982955500485,0.5920953629043653,-0.2145642962056445
19.220260858535767,30.0,14.398086755508555,15.601913244491445,0.1976352139253868,0.42415866708382965,0.6217938810092165,-0.22652345315844286
19.240160703659058,30.0,14.401281904406845,15.598718095593155,0.1976352139253868,0.42415866708382965,0.6217938810092165,-0.22652345315844286
19.26018261909485,30.0,14.403838023525477,15.596161976474523,0.1976352139253868,0.42415866708382965,0.6217938810092165,-0.22652345315844286
19.280307292938232,30.0,14.403838023525477,15.596161976474523,0.1976352139253868,0.42415866708382965,0.6217938810092165,-0.22652345315844286
19.30027961730957,30.0,14.405882918820382,15.594117081179618,0.1976352139253868,0.42415866708382965,0.6217938810092165,-0.22652345315844286
19.320260524749756,30.0,14.407518835056306,15.592481164943694,0.1976352139253868,0.42415866708382965,0.6217938810092165,-0.22652345315844286
19.34022545814514,30.0,14.408827568045046,15.591172431954954,0.1976352139253868,0.42415866708382965,0.6217938810092165,-0.22652345315844286
19.360207080841064,30.0,14.409874554436037,15.590125445563963,0.1976352139253868,0.42415866708382965,0.6217938810092165,-0.22652345315844286
19.380183935165405,30.0,14.410712143548832,15.589287856451168,0.1976352139253868,0.42415866708382965,0.6217938810092165,-0.22652345315844286
19.400178909301758,30.0,14.411382214839065,15.588617785160935,0.1976352139253868,0.42415866708382965,0.6217938810092165,-0.22652345315844286
19.420161724090576,30.0,14.411918271871253,15.588081728128747,0.1976352139253868,0.42415866708382965,0.6217938810092165,-0.22652345315844286
19.440160751342773,30.0,14.412347117497001,15.587652882502999,0.1976352139253868,0.42415866708382965,0.6217938810092165,-0.22652345315844286
19.46023154258728,30.0,14.412690193997603,15.587309806002397,0.1976352139253868,0.42415866708382965,0.6217938810092165,-0.22652345315844286
19.48017191886902,30.0,14.412964655198085,15.587035344801915,0.1976352139253868,0.42415866708382965,0.6217938810092165,-0.22652345315844286
19.50023627281189,30.0,14.413184224158467,15.586815775841533,0.1976352139253868,0.42415866708382965,0.6217938810092165,-0.22652345315844286
19.5202534198761,30.0,14.413184224158467,15.586815775841533,0.1976352139253868,0.42415866708382965,0.6217938810092165,-0.22652345315844286
19.54025363922119,30.0,14.413359879326773,15.586640120673227,0.1976352139253868,0.42415866708382965,0.6217938810092165,-0.22652345315844286
19.560296297073364,30.0,14.413500403461418,15.586499596538582,0.1976352139253868,0.42415866708382965,0.6217938810092165,-0.22652345315844286
19.580289363861084,30.0,14.413612822769137,15.586387177230863,0.1976352139253868,0.42415866708382965,0.6217938810092165,-0.22652345315844286
19.600377321243286,30.0,14.41370275821531,15.58629724178469,0.1976352139253868,0.42415866708382965,0.6217938810092165,-0.22652345315844286
19.6202130317688,30.0,14.413774706572248,15.586225293427752,0.1976352139253868,0.42415866708382965,0.6217938810092165,-0.22652345315844286
19.640216827392578,30.0,14.413832265257799,15.586167734742201,0.1976352139253868,0.42415866708382965,0.6217938810092165,-0.22652345315844286
19.660221815109253,30.0,14.413878312206242,15.586121687793758,0.2676352139253868,0.3934041772596538,0.6610393911850406,-0.12576896333426701
19.68022871017456,30.0,14.413915149764993,15.586084850235007,0.2676352139253868,0.3934041772596538,0.6610393911850406,-0.12576896333426701
19.700279474258423,30.0,14.413944619811994,15.586055380188006,0.2676352139253868,0.3934041772596538,0.6610393911850406,-0.12576896333426701
19.72023892402649,30.0,14.413968195849595,15.586031804150405,0.2676352139253868,0.3934041772596538,0.6610393911850406,-0.12576896333426701
19.740201950073242,30.0,14.413968195849595,15.586031804150405,0.2676352139253868,0.3934041772596538,0.6610393911850406,-0.12576896333426701
19.76024317741394,30.0,14.413987056679675,15.586012943320325,0.2676352139253868,0.3934041772596538,0.6610393911850406,-0.12576896333426701
19.78025984764099,30.0,14.414002145343739,15.585997854656261,0.2676352139253868,0.3934041772596538,0.6610393911850406,-0.12576896333426701
19.80024480819702,30.0,14.41401421627499,15.58598578372501,0.2676352139253868,0.3934041772596538,0.6610393911850406,-0.12576896333426701
19.82024884223938,30.0,14.396445748019993,15.603554251980007,0.2676352139253868,0.3934041772596538,0.6610393911850406,-0.12576896333426701
19.840248584747314,30.0,14.364812848415994,15.635187151584006,0.2676352139253868,0.3934041772596538,0.6610393911850406,-0.12576896333426701
19.86035966873169,30.0,14.321928403732795,15.678071596267205,0.2676352139253868,0.3934041772596538,0.6610393911850406,-0.12576896333426701
19.88036561012268,30.0,14.199730222986235,15.800269777013765,0.2676352139253868,0.3934041772596538,0.6610393911850406,-0.12576896333426701
19.900333166122437,30.0,13.943768553388988,16.05623144661101,0.3376352139253868,0.3980370265059173,0.7356722404313041,-0.06040181258053051
19.920307636260986,30.0,13.633530467711191,16.36646953228881,0.3376352139253868,0.3980370265059173,0.7356722404313041,-0.06040181258053051
19.940351724624634,30.0,13.385339999168954,16.614660000831044,0.3376352139253868,0.3980370265059173,0.7356722404313041,-0.06040181258053051
19.960341215133667,30.0,13.385339999168954,16.614660000831044,0.3376352139253868,0.3980370265059173,0.7356722404313041,-0.06040181258053051
19.980337142944336,30.0,13.186787624335164,16.813212375664836,0.3376352139253868,0.3980370265059173,0.7356722404313041,-0.06040181258053051
20.00026798248291,-30.0,13.027945724468132,-43.02794572446813,0.3376352139253868,0.3980370265059173,0.7356722404313041,-0.06040181258053051
20.020269632339478,-30.0,12.883294079574506,-42.883294079574505,0.3376352139253868,0.3980370265059173,0.7356722404313041,-0.06040181258053051
20.04025149345398,-30.0,12.749994638659606,-42.74999463865961,0.3376352139253868,0.3980370265059173,0.7356722404313041,-0.06040181258053051
20.060272455215454,-30.0,12.537886335927684,-42.53788633592768,0.3376352139253868,0.3980370265059173,0.7356722404313041,-0.06040181258053051
20.080244779586792,-30.0,12.245152818742149,-42.24515281874215,0.3376352139253868,0.3980370265059173,0.7356722404313041,-0.06040181258053051
20.10036873817444,-30.0,11.870341004993719,-41.87034100499372,0.3376352139253868,0.3980370265059173,0.7356722404313041,-0.06040181258053051
20.120299100875854,-30.0,11.447444678994977,-41.44744467899498,0.3376352139253868,0.3980370265059173,0.7356722404313041,-0.06040181258053051
20.14036273956299,-30.0,11.038815118195982,-41.038815118195984,0.3376352139253868,0.3980370265059173,0.7356722404313041,-0.06040181258053051
20.16034698486328,-30.0,11.038815118195982,-41.038815118195984,0.3376352139253868,0.3980370265059173,0.7356722404313041,-0.06040181258053051
20.180376291275024,-30.0,10.694333344556787,-40.69433334455679,0.30805772770836487,0.46803702650591733,0.7760947542142822,-0.15997929879755246
20.20025658607483,-30.0,10.38359167564543,-40.383591675645434,0.30805772770836487,0.46803702650591733,0.7760947542142822,-0.15997929879755246
20.220291137695312,-30.0,10.117420215516345,-40.11742021551635,0.30805772770836487,0.46803702650591733,0.7760947542142822,-0.15997929879755246
20.240288257598877,-30.0,9.904483047413075,-39.90448304741307,0.30805772770836487,0.46803702650591733,0.7760947542142822,-0.15997929879755246
20.26025891304016,-30.0,9.734133312930462,-39.73413331293046,0.30805772770836487,0.46803702650591733,0.7760947542142822,-0.15997929879755246
20.28020930290222,-30.0,9.59785352534437,-39.59785352534437,0.30805772770836487,0.46803702650591733,0.7760947542142822,-0.15997929879755246
20.300255298614502,-30.0,9.488829695275495,-39.4888296952755,0.30805772770836487,0.46803702650591733,0.7760947542142822,-0.15997929879755246
20.32039523124695,-30.0,9.401610631220397,-39.40161063122039,0.30805772770836487,0.46803702650591733,0.7760947542142822,-0.15997929879755246
20.340492725372314,-30.0,9.331835379976317,-39.33183537997632,0.30805772770836487,0.46803702650591733,0.7760947542142822,-0.15997929879755246
20.360424041748047,-30.0,9.276015178981053,-39.276015178981055,0.30805772770836487,0.46803702650591733,0.7760947542142822,-0.15997929879755246
20.380552291870117,-30.0,9.276015178981053,-39.276015178981055,0.30805772770836487,0.46803702650591733,0.7760947542142822,-0.15997929879755246
20.400293827056885,-30.0,9.248937143184845,-39.24893714318485,0.30805772770836487,0.46803702650591733,0.7760947542142822,-0.15997929879755246
20.420271158218384,-30.0,9.209696589547876,-39.209696589547875,0.30805772770836487,0.46803702650591733,0.7760947542142822,-0.15997929879755246
20.44033908843994,-30.0,9.195882271638302,-39.195882271638304,0.30805772770836487,0.46803702650591733,0.7760947542142822,-0.15997929879755246
20.46034550666809,-30.0,9.184830817310644,-39.18483081731064,0.30805772770836487,0.46803702650591733,0.7760947542142822,-0.15997929879755246
20.48026204109192,-30.0,9.175989653848516,-39.17598965384852,0.3780577277083649,0.43704267641529443,0.8151004041236594,-0.05898494870692955
20.500272274017334,-30.0,9.168916723078814,-39.168916723078816,0.3780577277083649,0.43704267641529443,0.8151004041236594,-0.05898494870692955
20.520330905914307,-30.0,9.163258378463052,-39.163258378463055,0.3780577277083649,0.43704267641529443,0.8151004041236594,-0.05898494870692955
20.540336847305298,-30.0,9.158731702770442,-39.15873170277044,0.3780577277083649,0.43704267641529443,0.8151004041236594,-0.05898494870692955
20.56028389930725,-30.0,9.155110362216355,-39.155110362216355,0.3780577277083649,0.43704267641529443,0.8151004041236594,-0.05898494870692955
20.580466270446777,-30.0,9.152213289773085,-39.15221328977309,0.3780577277083649,0.43704267641529443,0.8151004041236594,-0.05898494870692955
20.600504159927368,-30.0,9.152213289773085,-39.15221328977309,0.3780577277083649,0.43704267641529443,0.8151004041236594,-0.05898494870692955
20.620501041412354,-30.0,9.149895631818469,-39.14989563181847,0.3780577277083649,0.43704267641529443,0.8151004041236594,-0.05898494870692955
20.640236854553223,-30.0,9.148041505454776,-39.14804150545478,0.3780577277083649,0.43704267641529443,0.8151004041236594,-0.05898494870692955
20.660163640975952,-30.0,9.12898007936382,-39.12898007936382,0.3780577277083649,0.43704267641529443,0.8151004041236594,-0.05898494870692955
20.680150985717773,-30.0,9.113730938491056,-39.11373093849106,0.3780577277083649,0.43704267641529443,0.8151004041236594,-0.05898494870692955
20.70015048980713,-30.0,9.083953500792846,-39.083953500792845,0.3780577277083649,0.43704267641529443,0.8151004041236594,-0.05898494870692955
20.720263242721558,-30.0,9.024975300634278,-39.02497530063428,0.3780577277083649,0.43704267641529443,0.8151004041236594,-0.05898494870692955
20.74028992652893,-30.0,8.889902115507425,-38.889902115507425,0.4140368868847145,0.3990696785412729,0.8131065654259875,0.014967208343441618
20.760169744491577,-30.0,8.711531067405941,-38.71153106740594,0.4140368868847145,0.3990696785412729,0.8131065654259875,0.014967208343441618
20.78019881248474,-30.0,8.568834228924754,-38.56883422892476,0.4140368868847145,0.3990696785412729,0.8131065654259875,0.014967208343441618
20.800230503082275,-30.0,8.454676758139803,-38.454676758139804,0.4140368868847145,0.3990696785412729,0.8131065654259875,0.014967208343441618
20.82023048400879,-30.0,8.363350781511842,-38.36335078151184,0.4140368868847145,0.3990696785412729,0.8131065654259875,0.014967208343441618
20.84021234512329,-30.0,8.363350781511842,-38.36335078151184,0.4140368868847145,0.3990696785412729,0.8131065654259875,0.014967208343441618
20.860212087631226,-30.0,8.290290000209474,-38.290290000209474,0.4140368868847145,0.3990696785412729,0.8131065654259875,0.014967208343441618
20.880204916000366,-30.0,8.23184137516758,-38.231841375167576,0.4140368868847145,0.3990696785412729,0.8131065654259875,0.014967208343441618
20.90021586418152,-30.0,8.185082475134065,-38.18508247513407,0.4140368868847145,0.3990696785412729,0.8131065654259875,0.014967208343441618
20.92022180557251,-30.0,8.094940980107252,-38.09494098010725,0.4140368868847145,0.3990696785412729,0.8131065654259875,0.014967208343441618
20.940232753753662,-30.0,7.917359034085802,-37.917359034085806,0.4140368868847145,0.3990696785412729,0.8131065654259875,0.014967208343441618
20.960205554962158,-30.0,7.652246602268642,-37.65224660226864,0.4140368868847145,0.3990696785412729,0.8131065654259875,0.014967208343441618
20.980191469192505,-30.0,7.369844156814914,-37.369844156814914,0.4140368868847145,0.3990696785412729,0.8131065654259875,0.014967208343441618
21.000162363052368,-30.0,7.108765950451932,-37.10876595045193,0.4140368868847145,0.3990696785412729,0.8131065654259875,0.014967208343441618
21.020172357559204,-30.0,6.8999033853615455,-36.89990338536155,0.4140368868847145,0.3990696785412729,0.8131065654259875,0.014967208343441618
21.040176391601562,-30.0,6.715235208289237,-36.715235208289236,0.4140368868847145,0.3990696785412729,0.8131065654259875,0.014967208343441618
21.060177087783813,-30.0,6.715235208289237,-36.715235208289236,0.4140368868847145,0.3990696785412729,0.8131065654259875,0.014967208343441618
21.080153465270996,-30.0,6.54992254163139,-36.54992254163139,0.4140368868847145,0.3990696785412729,0.8131065654259875,0.014967208343441618
21.10014295578003,-30.0,6.347359908305113,-36.347359908305116,0.4140368868847145,0.3990696785412729,0.8131065654259875,0.014967208343441618
21.120144844055176,-30.0,6.167731676644091,-36.16773167664409,0.4140368868847145,0.3990696785412729,0.8131065654259875,0.014967208343441618
21.140143871307373,-30.0,6.024029091315272,-36.02402909131527,0.4140368868847145,0.3990696785412729,0.8131065654259875,0.014967208343441618
21.16014051437378,-30.0,5.909067023052218,-35.909067023052216,0.4140368868847145,0.3990696785412729,0.8131065654259875,0.014967208343441618
21.180140256881714,-30.0,5.817097368441774,-35.81709736844177,0.4140368868847145,0.3990696785412729,0.8131065654259875,0.014967208343441618
21.200138568878174,-30.0,5.74352164475342,-35.74352164475342,0.4140368868847145,0.3990696785412729,0.8131065654259875,0.014967208343441618
21.220271587371826,-30.0,5.684661065802737,-35.684661065802736,0.4140368868847145,0.3990696785412729,0.8131065654259875,0.014967208343441618
21.240283250808716,-30.0,5.637572602642189,-35.63757260264219,0.4140368868847145,0.3990696785412729,0.8131065654259875,0.014967208343441618
21.260292053222656,-30.0,5.637572602642189,-35.63757260264219,0.3557677214284195,0.3290696785412729,0.6848373999696924,0.02669804288714661
21.280169010162354,-30.0,5.599901832113751,-35.59990183211375,0.3557677214284195,0.3290696785412729,0.6848373999696924,0.02669804288714661
21.30016589164734,-30.0,5.569765215691001,-35.569765215691,0.3557677214284195,0.3290696785412729,0.6848373999696924,0.02669804288714661
21.32020854949951,-30.0,5.545655922552801,-35.545655922552804,0.3557677214284195,0.3290696785412729,0.6848373999696924,0.02669804288714661
21.34022283554077,-30.0,5.526368488042241,-35.52636848804224,0.3557677214284195,0.3290696785412729,0.6848373999696924,0.02669804288714661
21.36021614074707,-30.0,5.528516665433793,-35.52851666543379,0.3557677214284195,0.3290696785412729,0.6848373999696924,0.02669804288714661
21.380213499069214,-30.0,5.530235207347035,-35.53023520734703,0.3557677214284195,0.3290696785412729,0.6848373999696924,0.02669804288714661
21.400186777114868,-30.0,5.549188165877628,-35.54918816587763,0.3557677214284195,0.3290696785412729,0.6848373999696924,0.02669804288714661
21.420188903808594,-30.0,5.564350532702103,-35.5643505327021,0.3557677214284195,0.3290696785412729,0.6848373999696924,0.02669804288714661
21.440168142318726,-30.0,5.576480426161683,-35.57648042616168,0.3557677214284195,0.3290696785412729,0.6848373999696924,0.02669804288714661
21.460163116455078,-30.0,5.568606215929346,-35.56860621592935,0.3557677214284195,0.3290696785412729,0.6848373999696924,0.02669804288714661
21.48016333580017,-30.0,5.568606215929346,-35.56860621592935,0.3557677214284195,0.3290696785412729,0.6848373999696924,0.02669804288714661
21.50015354156494,-30.0,5.509572472743478,-35.50957247274348,0.3557677214284195,0.3290696785412729,0.6848373999696924,0.02669804288714661
21.52017331123352,-30.0,5.4447673531947824,-35.444767353194784,0.3557677214284195,0.3290696785412729,0.6848373999696924,0.02669804288714661
21.540152311325073,-30.0,5.392923257555826,-35.39292325755583,0.3557677214284195,0.3290696785412729,0.6848373999696924,0.02669804288714661
21.56016755104065,-30.0,5.333869856044662,-35.333869856044664,0.3557677214284195,0.3290696785412729,0.6848373999696924,0.02669804288714661
21.580161809921265,-30.0,5.30420525983573,-35.30420525983573,0.3557677214284195,0.3290696785412729,0.6848373999696924,0.02669804288714661
21.600159645080566,-30.0,5.280473582868584,-35.28047358286858,0.3557677214284195,0.3290696785412729,0.6848373999696924,0.02669804288714661
21.620178937911987,-30.0,5.2614882412948685,-35.26148824129487,0.3557677214284195,0.3290696785412729,0.6848373999696924,0.02669804288714661
21.640183448791504,-30.0,5.228721843035895,-35.22872184303589,0.3557677214284195,0.3290696785412729,0.6848373999696924,0.02669804288714661
21.66031289100647,-30.0,5.202508724428716,-35.20250872442872,0.4257677214284195,0.29040036430582405,0.7161680857342436,0.13536735712259546
21.680229425430298,-30.0,5.199116354542973,-35.19911635454297,0.4257677214284195,0.29040036430582405,0.7161680857342436,0.13536735712259546
21.70021152496338,-30.0,5.199116354542973,-35.19911635454297,0.4257677214284195,0.29040036430582405,0.7161680857342436,0.13536735712259546
21.72021245956421,-30.0,5.178824333634379,-35.17882433363438,0.4257677214284195,0.29040036430582405,0.7161680857342436,0.13536735712259546
21.7402503490448,-30.0,5.162590716907503,-35.1625907169075,0.4257677214284195,0.29040036430582405,0.7161680857342436,0.13536735712259546
21.76020312309265,-30.0,5.149603823526003,-35.149603823526,0.4257677214284195,0.29040036430582405,0.7161680857342436,0.13536735712259546
21.78021550178528,-30.0,5.139214308820803,-35.139214308820804,0.4257677214284195,0.29040036430582405,0.7161680857342436,0.13536735712259546
21.800204038619995,-30.0,5.1309026970566425,-35.13090269705664,0.4257677214284195,0.29040036430582405,0.7161680857342436,0.13536735712259546
21.820205211639404,-30.0,4.983628407645314,-34.98362840764531,0.4257677214284195,0.29040036430582405,0.7161680857342436,0.13536735712259546
21.840205907821655,-30.0,4.619715226116251,-34.61971522611625,0.4257677214284195,0.29040036430582405,0.7161680857342436,0.13536735712259546
21.860208749771118,-30.0,4.029756555893002,-34.029756555893,0.4257677214284195,0.29040036430582405,0.7161680857342436,0.13536735712259546
21.880313396453857,-30.0,3.311695869714402,-33.3116958697144,0.4257677214284195,0.29040036430582405,0.7161680857342436,0.13536735712259546
21.90028691291809,-30.0,2.596622320771522,-32.59662232077152,0.4257677214284195,0.29040036430582405,0.7161680857342436,0.13536735712259546
21.920203924179077,-30.0,2.596622320771522,-32.59662232077152,0.49576772142841946,0.24120655735954644,0.7369742787879658,0.254561164068873
21.940253496170044,-30.0,1.9190947316172176,-31.919094731617218,0.49576772142841946,0.24120655735954644,0.7369742787879658,0.254561164068873
21.960208892822266,-30.0,1.236447660293774,-31.236447660293774,0.49576772142841946,0.24120655735954644,0.7369742787879658,0.254561164068873
21.980185985565186,-30.0,0.5848612532350193,-30.58486125323502,0.49576772142841946,0.24120655735954644,0.7369742787879658,0.254561164068873
22.000176906585693,-30.0,0.028435877588015364,-30.028435877588016,0.49576772142841946,0.24120655735954644,0.7369742787879658,0.254561164068873
22.02017831802368,-30.0,-0.45186067292958765,-29.548139327070412,0.49576772142841946,0.24120655735954644,0.7369742787879658,0.254561164068873
22.040180206298828,-30.0,-0.97672291334367,-29.02327708665633,0.49576772142841946,0.24120655735954644,0.7369742787879658,0.254561164068873
22.06015634536743,-30.0,-1.6251283306749362,-28.374871669325064,0.49576772142841946,0.24120655735954644,0.7369742787879658,0.254561164068873
22.080183029174805,-30.0,-2.372368289539949,-27.62763171046005,0.49576772142841946,0.24120655735954644,0.7369742787879658,0.254561164068873
22.10017466545105,-30.0,-3.1459415066319596,-26.85405849336804,0.49576772142841946,0.24120655735954644,0.7369742787879658,0.254561164068873
22.12017822265625,-30.0,-3.905425080305568,-26.09457491969443,0.49576772142841946,0.24120655735954644,0.7369742787879658,0.254561164068873
22.140286684036255,-30.0,-3.905425080305568,-26.09457491969443,0.49576772142841946,0.24120655735954644,0.7369742787879658,0.254561164068873
22.160279035568237,-30.0,-4.636058814244454,-25.363941185755547,0.49576772142841946,0.24120655735954644,0.7369742787879658,0.254561164068873
22.180271863937378,-30.0,-5.343612676395564,-24.656387323604434,0.5657677214284196,0.19172595521435143,0.757493676642771,0.37404176621406815
22.200230836868286,-30.0,-5.997546391116451,-24.00245360888355,0.5657677214284196,0.19172595521435143,0.757493676642771,0.37404176621406815
22.220247745513916,-30.0,-6.538271487893161,-23.461728512106838,0.5657677214284196,0.19172595521435143,0.757493676642771,0.37404176621406815
22.24032974243164,-30.0,-6.97085156531453,-23.02914843468547,0.5657677214284196,0.19172595521435143,0.757493676642771,0.37404176621406815
22.260342121124268,-30.0,-7.316915627251624,-22.683084372748375,0.5657677214284196,0.19172595521435143,0.757493676642771,0.37404176621406815
22.280195474624634,-30.0,-7.6465012518013005,-22.3534987481987,0.5657677214284196,0.19172595521435143,0.757493676642771,0.37404176621406815
22.300169706344604,-30.0,-8.085951001441039,-21.91404899855896,0.5657677214284196,0.19172595521435143,0.757493676642771,0.37404176621406815
22.32034945487976,-30.0,-8.64844830115283,-21.351551698847167,0.5657677214284196,0.19172595521435143,0.757493676642771,0.37404176621406815
22.340420484542847,-30.0,-9.309383640922267,-20.690616359077733,0.5657677214284196,0.19172595521435143,0.757493676642771,0.37404176621406815
22.36042594909668,-30.0,-9.309383640922267,-20.690616359077733,0.5657677214284196,0.19172595521435143,0.757493676642771,0.37404176621406815
22.3803129196167,-30.0,-9.978756912737813,-20.021243087262185,0.5657677214284196,0.19172595521435143,0.757493676642771,0.37404176621406815
22.40023684501648,-30.0,-10.602146155190251,-19.39785384480975,0.5657677214284196,0.19172595521435143,0.757493676642771,0.37404176621406815
22.420231342315674,-30.0,-11.188748174152199,-18.8112518258478,0.5657677214284196,0.19172595521435143,0.757493676642771,0.37404176621406815
22.440198183059692,-30.0,-11.74592041432176,-18.25407958567824,0.5657677214284196,0.19172595521435143,0.757493676642771,0.37404176621406815
22.4601993560791,-30.0,-12.31470508145741,-17.68529491854259,0.5657677214284196,0.19172595521435143,0.757493676642771,0.37404176621406815
22.480168104171753,-30.0,-12.840045315165927,-17.159954684834073,0.5657677214284196,0.19172595521435143,0.757493676642771,0.37404176621406815
22.500157833099365,-30.0,-13.277895627132741,-16.722104372867257,0.5657677214284196,0.19172595521435143,0.757493676642771,0.37404176621406815
22.52018976211548,-30.0,-13.628175876706194,-16.371824123293806,0.5657677214284196,0.19172595521435143,0.757493676642771,0.37404176621406815
22.540332078933716,-30.0,-13.943556326364957,-16.056443673635044,0.5657677214284196,0.19172595521435143,0.757493676642771,0.37404176621406815
22.560381650924683,-30.0,-14.231016936091967,-15.768983063908033,0.5657677214284196,0.19172595521435143,0.757493676642771,0.37404176621406815
22.58029294013977,-30.0,-14.231016936091967,-15.768983063908033,0.6076185453374638,0.12172595521435142,0.7293445005518153,0.4858925901231124
22.6003475189209,-30.0,-14.478563548873574,-15.521436451126426,0.6076185453374638,0.12172595521435142,0.7293445005518153,0.4858925901231124
22.62029480934143,-30.0,-14.67660083909886,-15.32339916090114,0.6076185453374638,0.12172595521435142,0.7293445005518153,0.4858925901231124
22.640371799468994,-30.0,-14.83503067127909,-15.16496932872091,0.6076185453374638,0.12172595521435142,0.7293445005518153,0.4858925901231124
22.660271406173706,-30.0,-14.961774537023274,-15.038225462976726,0.6076185453374638,0.12172595521435142,0.7293445005518153,0.4858925901231124
22.680343866348267,-30.0,-15.080747754618619,-14.919252245381381,0.6076185453374638,0.12172595521435142,0.7293445005518153,0.4858925901231124
22.700230360031128,-30.0,-15.281395078694898,-14.718604921305102,0.6076185453374638,0.12172595521435142,0.7293445005518153,0.4858925901231124
22.720191478729248,-30.0,-15.635272312955921,-14.364727687044079,0.6076185453374638,0.12172595521435142,0.7293445005518153,0.4858925901231124
22.740184783935547,-30.0,-16.094155350364737,-13.905844649635263,0.6076185453374638,0.12172595521435142,0.7293445005518153,0.4858925901231124
22.760189294815063,-30.0,-16.566730530291792,-13.433269469708208,0.6076185453374638,0.12172595521435142,0.7293445005518153,0.4858925901231124
22.780177354812622,-30.0,-17.032681299233435,-12.967318700766565,0.6076185453374638,0.12172595521435142,0.7293445005518153,0.4858925901231124
22.800232887268066,-30.0,-17.49333253938675,-12.50666746061325,0.6076185453374638,0.12172595521435142,0.7293445005518153,0.4858925901231124
22.820199012756348,-30.0,-17.49333253938675,-12.50666746061325,0.6308677263249411,0.051725955214351416,0.6825936815392926,0.5791417711105897
22.840198040008545,-30.0,-17.9497441565094,-12.0502558434906,0.6308677263249411,0.051725955214351416,0.6825936815392926,0.5791417711105897
22.86019492149353,-30.0,-18.385185950207518,-11.614814049792482,0.6308677263249411,0.051725955214351416,0.6825936815392926,0.5791417711105897
22.880195140838623,-30.0,-18.78627376016602,-11.213726239833981,0.6308677263249411,0.051725955214351416,0.6825936815392926,0.5791417711105897
22.90019130706787,-30.0,-19.195034633132813,-10.804965366867187,0.6308677263249411,0.051725955214351416,0.6825936815392926,0.5791417711105897
22.920199632644653,-30.0,-19.627512081506254,-10.372487918493746,0.6308677263249411,0.051725955214351416,0.6825936815392926,0.5791417711105897
22.94021701812744,-30.0,-20.114119040205,-9.885880959795,0.6308677263249411,0.051725955214351416,0.6825936815392926,0.5791417711105897
22.96025800704956,-30.0,-20.696763982164004,-9.303236017835996,0.6308677263249411,0.051725955214351416,0.6825936815392926,0.5791417711105897
22.980228662490845,-30.0,-21.338661185731205,-8.661338814268795,0.6308677263249411,0.051725955214351416,0.6825936815392926,0.5791417711105897
23.000197172164917,-30.0,-22.010382073584964,-7.989617926415036,0.6308677263249411,0.051725955214351416,0.6825936815392926,0.5791417711105897
23.020169258117676,-30.0,-22.010382073584964,-7.989617926415036,0.6308677263249411,0.051725955214351416,0.6825936815392926,0.5791417711105897
23.04019045829773,-30.0,-22.653227533867973,-7.346772466132027,0.6308677263249411,0.051725955214351416,0.6825936815392926,0.5791417711105897
23.060276985168457,-30.0,-23.25539452709438,-6.744605472905619,0.6308677263249411,0.051725955214351416,0.6825936815392926,0.5791417711105897
23.080276012420654,-30.0,-23.825018746675507,-6.174981253324493,0.6308677263249411,0.051725955214351416,0.6825936815392926,0.5791417711105897
23.10038924217224,-30.0,-24.351030622340406,-5.6489693776595935,0.6943996913422599,0.0,0.6943996913422599,0.6943996913422599
23.12027668952942,-30.0,-24.842152622872327,-5.157847377127673,0.6943996913422599,0.0,0.6943996913422599,0.6943996913422599
23.14029359817505,-30.0,-25.287784598297865,-4.712215401702135,0.6943996913422599,0.0,0.6943996913422599,0.6943996913422599
23.160393714904785,-30.0,-25.714602678638293,-4.285397321361707,0.6943996913422599,0.0,0.6943996913422599,0.6943996913422599
23.180232286453247,-30.0,-26.108791517910635,-3.8912084820893647,0.6943996913422599,0.0,0.6943996913422599,0.6943996913422599
23.200178146362305,-30.0,-26.512033214328508,-3.4879667856714924,0.6943996913422599,0.0,0.6943996913422599,0.6943996913422599
23.220205783843994,-30.0,-26.992829696462806,-3.007170303537194,0.6943996913422599,0.0,0.6943996913422599,0.6943996913422599
23.240169525146484,-30.0,-26.992829696462806,-3.007170303537194,0.6943996913422599,0.0,0.6943996913422599,0.6943996913422599
23.260204792022705,-30.0,-27.535670007170246,-2.4643299928297537,0.6943996913422599,0.0,0.6943996913422599,0.6943996913422599
23.28018856048584,-30.0,-28.0929891307362,-1.9070108692638001,0.6943996913422599,0.0,0.6943996913422599,0.6943996913422599
23.300182580947876,-30.0,-28.59157880458896,-1.4084211954110408,0.6943996913422599,0.0,0.6943996913422599,0.6943996913422599
23.320165872573853,-30.0,-29.02560679367117,-0.9743932063288305,0.6943996913422599,0.0,0.6943996913422599,0.6943996913422599
23.340176820755005,-30.0,-29.390407309936933,-0.6095926900630673,0.6943996913422599,0.0,0.6943996913422599,0.6943996913422599
23.360207557678223,-30.0,-29.699825847949555,-0.3001741520504453,0.6943996913422599,0.0,0.6943996913422599,0.6943996913422599
23.38022494316101,-30.0,-29.964938803359644,-0.03506119664035623,0.7,0.0,0.7,0.7
23.400283813476562,-30.0,-30.177029167687717,0.17702916768771715,0.7,0.0,0.7,0.7
23.42030429840088,-30.0,-30.364279584150175,0.36427958415017514,0.7,0.0,0.7,0.7
23.44023084640503,-30.0,-30.514079917320142,0.5140799173201422,0.7,0.0,0.7,0.7
23.46026635169983,-30.0,-30.514079917320142,0.5140799173201422,0.7,0.0,0.7,0.7
23.480228662490845,-30.0,-30.63392018385612,0.6339201838561195,0.7,0.0,0.7,0.7
23.500171661376953,-30.0,-30.747370522084893,0.7473705220848927,0.7,0.0,0.7,0.7
23.520177125930786,-30.0,-30.838130792667915,0.8381307926679149,0.7,0.0,0.7,0.7
23.54019546508789,-30.0,-30.910739009134332,0.9107390091343319,0.7,0.0,0.7,0.7
23.560224771499634,-30.0,-30.968825582307463,0.9688255823074634,0.7,0.0,0.7,0.7
23.580199003219604,-30.0,-31.01529484084597,1.0152948408459714,0.7,0.0,0.7,0.7
23.600170612335205,-30.0,-31.052470247676784,1.0524702476767835,0.7,0.0,0.7,0.7
23.62019181251526,-30.0,-31.082210573141428,1.0822105731414275,0.7,0.0,0.7,0.7
23.64027976989746,-30.0,-31.10600283351314,1.1060028335131413,0.7,0.0,0.7,0.7
23.66027569770813,-30.0,-31.142614766810514,1.1426147668105138,0.7,0.0,0.7,0.7
23.680357217788696,-30.0,-31.142614766810514,1.1426147668105138,0.7,0.0,0.7,0.7
23.700308322906494,-30.0,-31.171904313448415,1.1719043134484153,0.7,0.0,0.7,0.7
23.720172882080078,-30.0,-31.195335950758732,1.1953359507587322,0.7,0.0,0.7,0.7
23.74018430709839,-30.0,-31.21408126060699,1.2140812606069886,0.7,0.0,0.7,0.7
23.760172605514526,-30.0,-31.229077508485595,1.2290775084855952,0.7,0.0,0.7,0.7
23.78016972541809,-30.0,-31.241074506788475,1.2410745067884754,0.7,0.0,0.7,0.7
23.80016779899597,-30.0,-31.250672105430784,1.2506721054307839,0.7,0.0,0.7,0.7
23.82015347480774,-30.0,-31.25835018434463,1.2583501843446285,0.7,0.0,0.7,0.7
23.840194940567017,-30.0,-31.264492647475702,1.2644926474757021,0.7,0.0,0.7,0.7
23.860162019729614,-30.0,-31.269406617980565,1.2694066179805645,0.7,0.0,0.7,0.7
23.88027787208557,-30.0,-31.273337794384457,1.2733377943844566,0.7,0.0,0.7,0.7
23.900290489196777,-30.0,-31.273337794384457,1.2733377943844566,0.7,0.0,0.7,0.7
23.920172214508057,-30.0,-31.276482735507567,1.2764827355075674,0.7,0.0,0.7,0.7
23.940162897109985,-30.0,-31.27899868840606,1.278998688406059,0.7,0.0,0.7,0.7
23.96014714241028,-30.0,-31.298589575724847,1.2985895757248471,0.7,0.0,0.7,0.7
23.980141401290894,-30.0,-31.31426228557988,1.3142622855798791,0.7,0.0,0.7,0.7
24.0001380443573,-30.0,-31.326800453463903,1.3268004534639033,0.7,0.0,0.7,0.7
24.020154237747192,-30.0,-31.336830987771123,1.3368309877711226,0.7,0.0,0.7,0.7
24.04014754295349,-30.0,-31.344855415216898,1.344855415216898,0.7,0.0,0.7,0.7
24.060148239135742,-30.0,-31.35127495717352,1.3512749571735192,0.7,0.0,0.7,0.7
24.080145835876465,-30.0,-31.356410590738815,1.3564105907388146,0.7,0.0,0.7,0.7
24.100274562835693,-30.0,-31.36051909759105,1.3605190975910517,0.7,0.0,0.7,0.7
24.120402097702026,-30.0,-31.36051909759105,1.3605190975910517,0.7,0.0,0.7,0.7
24.140347957611084,-30.0,-31.363805903072844,1.3638059030728442,0.6682134985923767,0.0,0.6682134985923767,0.6682134985923767
24.160283088684082,-30.0,-31.366435347458278,1.3664353474582782,0.6682134985923767,0.0,0.6682134985923767,0.6682134985923767
24.180441856384277,-30.0,-31.368538902966627,1.3685389029666268,0.6682134985923767,0.0,0.6682134985923767,0.6682134985923767
24.20048236846924,-30.0,-31.3702217473733,1.3702217473733,0.6682134985923767,0.0,0.6682134985923767,0.6682134985923767
24.220520496368408,-30.0,-31.371568022898643,1.3715680228986429,0.6682134985923767,0.0,0.6682134985923767,0.6682134985923767
24.240521907806396,-30.0,-31.372645043318915,1.372645043318915,0.6682134985923767,0.0,0.6682134985923767,0.6682134985923767
24.260448455810547,-30.0,-31.373506659655135,1.3735066596551349,0.6682134985923767,0.0,0.6682134985923767,0.6682134985923767
24.280367612838745,-30.0,-31.39177407772411,1.3917740777241114,0.6682134985923767,0.0,0.6682134985923767,0.6682134985923767
24.30016541481018,-30.0,-31.40638801217929,1.4063880121792884,0.6682134985923767,0.0,0.6682134985923767,0.6682134985923767
24.32013988494873,-30.0,-31.41807915974343,1.4180791597434315,0.6682134985923767,0.0,0.6682134985923767,0.6682134985923767
24.34014081954956,-30.0,-31.41807915974343,1.4180791597434315,0.6682134985923767,0.0,0.6682134985923767,0.6682134985923767
24.36014437675476,-30.0,-31.427432077794748,1.427432077794748,0.6682134985923767,0.0,0.6682134985923767,0.6682134985923767
24.380149126052856,-30.0,-31.434914412235802,1.434914412235802,0.6682134985923767,0.0,0.6682134985923767,0.6682134985923767
24.40014100074768,-30.0,-31.440900279788643,1.440900279788643,0.6682134985923767,0.0,0.6682134985923767,0.6682134985923767
24.42014241218567,-30.0,-31.445688973830915,1.445688973830915,0.6682134985923767,0.0,0.6682134985923767,0.6682134985923767
24.44015121459961,-30.0,-31.44951992906473,1.4495199290647314,0.6682134985923767,0.0,0.6682134985923767,0.6682134985923767
24.460145235061646,-30.0,-31.452584693251787,1.4525846932517865,0.6682134985923767,0.0,0.6682134985923767,0.6682134985923767
24.480146408081055,-30.0,-31.45503650460143,1.4550365046014306,0.6682134985923767,0.0,0.6682134985923767,0.6682134985923767
24.50014615058899,-30.0,-31.456997953681146,1.456997953681146,0.6682134985923767,0.0,0.6682134985923767,0.6682134985923767
24.52014708518982,-30.0,-31.458567112944916,1.458567112944916,0.6682134985923767,0.0,0.6682134985923767,0.6682134985923767
24.540152311325073,-30.0,-31.459822440355936,1.4598224403559357,0.6682134985923767,0.0,0.6682134985923767,0.6682134985923767
24.560139894485474,-30.0,-31.459822440355936,1.4598224403559357,0.6682134985923767,0.0,0.6682134985923767,0.6682134985923767
24.580134868621826,-30.0,-31.46082670228475,1.4608267022847485,0.6682134985923767,0.0,0.6682134985923767,0.6682134985923767
24.600131511688232,-30.0,-31.461630111827798,1.4616301118277981,0.6682134985923767,0.0,0.6682134985923767,0.6682134985923767
24.620261669158936,-30.0,-31.46227283946224,1.4622728394622406,0.6682134985923767,0.0,0.6682134985923767,0.6682134985923767
24.640286207199097,-30.0,-31.462787021569795,1.4627870215697953,0.6682134985923767,0.0,0.6682134985923767,0.6682134985923767
24.660297870635986,-30.0,-31.46319836725584,1.4631983672558384,0.6910180084407329,0.0,0.6910180084407329,0.6910180084407329
24.680196046829224,-30.0,-31.463527443804676,1.4635274438046757,0.6910180084407329,0.0,0.6910180084407329,0.6910180084407329
24.700145483016968,-30.0,-31.463790705043742,1.463790705043742,0.6910180084407329,0.0,0.6910180084407329,0.6910180084407329
24.7201406955719,-30.0,-31.464001314034995,1.464001314034995,0.6910180084407329,0.0,0.6910180084407329,0.6910180084407329
24.740155458450317,-30.0,-31.481747926228,1.4817479262279996,0.6910180084407329,0.0,0.6910180084407329,0.6910180084407329
24.760160446166992,-30.0,-31.478367090982402,1.4783670909824025,0.6910180084407329,0.0,0.6910180084407329,0.6910180084407329
24.780139446258545,-30.0,-31.478367090982402,1.4783670909824025,0.6910180084407329,0.0,0.6910180084407329,0.6910180084407329
24.800134658813477,-30.0,-31.49324054778592,1.4932405477859199,0.6910180084407329,0.0,0.6910180084407329,0.6910180084407329
24.820136785507202,-30.0,-31.505139313228735,1.5051393132287352,0.6910180084407329,0.0,0.6910180084407329,0.6910180084407329
24.840144634246826,-30.0,-31.51465832558299,1.5146583255829889,0.6910180084407329,0.0,0.6910180084407329,0.6910180084407329
24.860267400741577,-30.0,-31.52227353546639,1.5222735354663897,0.6910180084407329,0.0,0.6910180084407329,0.6910180084407329
24.880274295806885,-30.0,-31.52836570337311,1.5283657033731117,0.6950819942168891,0.0,0.6950819942168891,0.6950819942168891
24.90016531944275,-30.0,-31.53323943769849,1.5332394376984908,0.6950819942168891,0.0,0.6950819942168891,0.6950819942168891
24.920145273208618,-30.0,-31.537138425158794,1.537138425158794,0.6950819942168891,0.0,0.6950819942168891,0.6950819942168891
24.940138578414917,-30.0,-31.54025761512704,1.5402576151270395,0.6950819942168891,0.0,0.6950819942168891,0.6950819942168891
24.960147857666016,-30.0,-31.54275296710163,1.542752967101631,0.6950819942168891,0.0,0.6950819942168891,0.6950819942168891
24.980144023895264,-30.0,-31.54474924868131,1.5447492486813097,0.6950819942168891,0.0,0.6950819942168891,0.6950819942168891
25.000137329101562,0.0,-31.54634627394505,31.54634627394505,0.6950819942168891,0.0,0.6950819942168891,0.6950819942168891
25.02015471458435,0.0,-31.54634627394505,31.54634627394505,0.6950819942168891,0.0,0.6950819942168891,0.6950819942168891
25.040144443511963,0.0,-31.547623894156043,31.547623894156043,0.6950819942168891,0.0,0.6950819942168891,0.6950819942168891
25.060266733169556,0.0,-31.548645990324836,31.548645990324836,0.6950819942168891,0.0,0.6950819942168891,0.6950819942168891
25.08027195930481,0.0,-31.549463667259868,31.549463667259868,0.6950819942168891,0.0,0.6950819942168891,0.6950819942168891
25.100351333618164,0.0,-31.550117808807894,31.550117808807894,0.6810172501020133,0.01754268817603588,0.6985599382780492,0.6634745619259774
25.120253086090088,0.0,-31.55064112204632,31.55064112204632,0.6810172501020133,0.01754268817603588,0.6985599382780492,0.6634745619259774
25.140235662460327,0.0,-31.551059772637053,31.551059772637053,0.6810172501020133,0.01754268817603588,0.6985599382780492,0.6634745619259774
25.160233736038208,0.0,-31.551394693109643,31.551394693109643,0.6810172501020133,0.01754268817603588,0.6985599382780492,0.6634745619259774
25.180227041244507,0.0,-31.551662629487716,31.551662629487716,0.6810172501020133,0.01754268817603588,0.6985599382780492,0.6634745619259774
25.200169324874878,0.0,-31.551876978590172,31.551876978590172,0.6810172501020133,0.01754268817603588,0.6985599382780492,0.6634745619259774
25.220136880874634,0.0,-31.551876978590172,31.551876978590172,0.6810172501020133,0.01754268817603588,0.6985599382780492,0.6634745619259774
25.240134239196777,0.0,-31.55204845787214,31.55204845787214,0.6810172501020133,0.01754268817603588,0.6985599382780492,0.6634745619259774
25.260141611099243,0.0,-31.55218564129771,31.55218564129771,0.6810172501020133,0.01754268817603588,0.6985599382780492,0.6634745619259774
25.280140161514282,0.0,-31.552295388038175,31.552295388038175,0.6810172501020133,0.01754268817603588,0.6985599382780492,0.6634745619259774
25.300138473510742,0.0,-31.55238318543054,31.55238318543054,0.6810172501020133,0.01754268817603588,0.6985599382780492,0.6634745619259774
25.320136308670044,0.0,-31.53487529834443,31.53487529834443,0.6810172501020133,0.01754268817603588,0.6985599382780492,0.6634745619259774
25.340135097503662,0.0,-31.520868988675545,31.520868988675545,0.6810172501020133,0.01754268817603588,0.6985599382780492,0.6634745619259774
25.360135316848755,0.0,-31.509663940940438,31.509663940940438,0.6810172501020133,0.01754268817603588,0.6985599382780492,0.6634745619259774
25.380139112472534,0.0,-31.500699902752352,31.500699902752352,0.6810172501020133,0.01754268817603588,0.6985599382780492,0.6634745619259774
25.400135278701782,0.0,-31.493528672201887,31.493528672201887,0.6810172501020133,0.01754268817603588,0.6985599382780492,0.6634745619259774
25.420134782791138,0.0,-31.487791687761508,31.487791687761508,0.6810172501020133,0.01754268817603588,0.6985599382780492,0.6634745619259774
25.440135717391968,0.0,-31.483202100209212,31.483202100209212,0.6810172501020133,0.01754268817603588,0.6985599382780492,0.6634745619259774
25.460134029388428,0.0,-31.483202100209212,31.483202100209212,0.6810172501020133,0.01754268817603588,0.6985599382780492,0.6634745619259774
25.48013401031494,0.0,-31.47953043016737,31.47953043016737,0.6810172501020133,0.01754268817603588,0.6985599382780492,0.6634745619259774
25.500149250030518,0.0,-31.476593094133893,31.476593094133893,0.6810172501020133,0.01754268817603588,0.6985599382780492,0.6634745619259774
25.520137071609497,0.0,-31.474243225307113,31.474243225307113,0.6810172501020133,0.01754268817603588,0.6985599382780492,0.6634745619259774
25.540287494659424,0.0,-31.472363330245695,31.472363330245695,0.6810172501020133,0.01754268817603588,0.6985599382780492,0.6634745619259774
25.560261487960815,0.0,-31.470859414196557,31.470859414196557,0.6110172501020132,0.04905383475124836,0.6600710848532616,0.5619634153507649
25.58019208908081,0.0,-31.469656281357246,31.469656281357246,0.6110172501020132,0.04905383475124836,0.6600710848532616,0.5619634153507649
25.600150108337402,0.0,-31.4686937750858,31.4686937750858,0.6110172501020132,0.04905383475124836,0.6600710848532616,0.5619634153507649
25.620133876800537,0.0,-31.467923770068644,31.467923770068644,0.6110172501020132,0.04905383475124836,0.6600710848532616,0.5619634153507649
25.64013361930847,0.0,-31.467307766054915,31.467307766054915,0.6110172501020132,0.04905383475124836,0.6600710848532616,0.5619634153507649
25.6601345539093,0.0,-31.467307766054915,31.467307766054915,0.6110172501020132,0.04905383475124836,0.6600710848532616,0.5619634153507649
25.6801335811615,0.0,-31.466814962843937,31.466814962843937,0.6110172501020132,0.04905383475124836,0.6600710848532616,0.5619634153507649
25.700133562088013,0.0,-31.46642072027515,31.46642072027515,0.6110172501020132,0.04905383475124836,0.6600710848532616,0.5619634153507649
25.720137119293213,0.0,-31.46610532622012,31.46610532622012,0.6110172501020132,0.04905383475124836,0.6600710848532616,0.5619634153507649
25.74014449119568,0.0,-31.465853010976097,31.465853010976097,0.6110172501020132,0.04905383475124836,0.6600710848532616,0.5619634153507649
25.76027274131775,0.0,-31.46565115878088,31.46565115878088,0.6110172501020132,0.04905383475124836,0.6600710848532616,0.5619634153507649
25.78026270866394,0.0,-31.465489677024703,31.465489677024703,0.5410172501020132,0.10088355280458927,0.6419008029066025,0.4401336972974239
25.800164699554443,0.0,-31.465360491619762,31.465360491619762,0.5410172501020132,0.10088355280458927,0.6419008029066025,0.4401336972974239
25.820143461227417,0.0,-31.44767901829581,31.44767901829581,0.5410172501020132,0.10088355280458927,0.6419008029066025,0.4401336972974239
25.84014081954956,0.0,-31.433533839636645,31.433533839636645,0.5410172501020132,0.10088355280458927,0.6419008029066025,0.4401336972974239
25.86014723777771,0.0,-31.422217696709318,31.422217696709318,0.5410172501020132,0.10088355280458927,0.6419008029066025,0.4401336972974239
25.88014054298401,0.0,-31.422217696709318,31.422217696709318,0.5410172501020132,0.10088355280458927,0.6419008029066025,0.4401336972974239
25.900150537490845,0.0,-31.395586657367456,31.395586657367456,0.5410172501020132,0.10088355280458927,0.6419008029066025,0.4401336972974239
25.92015528678894,0.0,-31.268813075893966,31.268813075893966,0.5410172501020132,0.10088355280458927,0.6419008029066025,0.4401336972974239
25.940144538879395,0.0,-31.02676921071517,31.02676921071517,0.5410172501020132,0.10088355280458927,0.6419008029066025,0.4401336972974239
25.960248947143555,0.0,-30.710087243572136,30.710087243572136,0.5410172501020132,0.10088355280458927,0.6419008029066025,0.4401336972974239
25.980290174484253,0.0,-30.404007294857706,30.404007294857706,0.5410172501020132,0.10088355280458927,0.6419008029066025,0.4401336972974239
26.00028133392334,0.0,-30.15914333588617,30.15914333588617,0.6110172501020132,0.17088355280458928,0.7819008029066026,0.44013369729742396
26.020275592803955,0.0,-29.963252168708937,29.963252168708937,0.6110172501020132,0.17088355280458928,0.7819008029066026,0.44013369729742396
26.04020595550537,0.0,-29.806539234967147,29.806539234967147,0.6110172501020132,0.17088355280458928,0.7819008029066026,0.44013369729742396
26.06035804748535,0.0,-29.681168887973715,29.681168887973715,0.6110172501020132,0.17088355280458928,0.7819008029066026,0.44013369729742396
26.08034086227417,0.0,-29.580872610378975,29.580872610378975,0.6110172501020132,0.17088355280458928,0.7819008029066026,0.44013369729742396
26.10034203529358,0.0,-29.580872610378975,29.580872610378975,0.6110172501020132,0.17088355280458928,0.7819008029066026,0.44013369729742396
26.120262145996094,0.0,-29.465479338303183,29.465479338303183,0.6110172501020132,0.17088355280458928,0.7819008029066026,0.44013369729742396
26.14019227027893,0.0,-29.26769597064255,29.26769597064255,0.6110172501020132,0.17088355280458928,0.7819008029066026,0.44013369729742396
26.160250663757324,0.0,-28.95126615151404,28.95126615151404,0.6110172501020132,0.17088355280458928,0.7819008029066026,0.44013369729742396
26.18027424812317,0.0,-28.522341046211235,28.522341046211235,0.6110172501020132,0.17088355280458928,0.7819008029066026,0.44013369729742396
26.200193643569946,0.0,-28.09131033696899,28.09131033696899,0.6110172501020132,0.17088355280458928,0.7819008029066026,0.44013369729742396
26.220293283462524,0.0,-27.711329519575195,27.711329519575195,0.6110172501020132,0.17088355280458928,0.7819008029066026,0.44013369729742396
26.240252256393433,0.0,-27.407344865660157,27.407344865660157,0.6110172501020132,0.17088355280458928,0.7819008029066026,0.44013369729742396
26.26029086112976,0.0,-27.164157142528126,27.164157142528126,0.5778492471389471,0.24088355280458928,0.8187327999435364,0.33696569433435786
26.280200004577637,0.0,-26.9696069640225,26.9696069640225,0.5778492471389471,0.24088355280458928,0.8187327999435364,0.33696569433435786
26.300150156021118,0.0,-26.813966821218003,26.813966821218003,0.5778492471389471,0.24088355280458928,0.8187327999435364,0.33696569433435786
26.320148944854736,0.0,-26.813966821218003,26.813966821218003,0.5778492471389471,0.24088355280458928,0.8187327999435364,0.33696569433435786
26.340139150619507,0.0,-26.689454706974402,26.689454706974402,0.5778492471389471,0.24088355280458928,0.8187327999435364,0.33696569433435786
26.36013627052307,0.0,-26.58984501557952,26.58984501557952,0.5778492471389471,0.24088355280458928,0.8187327999435364,0.33696569433435786
26.380135774612427,0.0,-26.49257913746362,26.49257913746362,0.5778492471389471,0.24088355280458928,0.8187327999435364,0.33696569433435786
26.400137662887573,0.0,-26.397188309970897,26.397188309970897,0.5778492471389471,0.24088355280458928,0.8187327999435364,0.33696569433435786
26.420137643814087,0.0,-26.232985022976717,26.232985022976717,0.5778492471389471,0.24088355280458928,0.8187327999435364,0.33696569433435786
26.440140962600708,0.0,-25.92584114338138,25.92584114338138,0.5778492471389471,0.24088355280458928,0.8187327999435364,0.33696569433435786
26.46028470993042,0.0,-25.504344789705105,25.504344789705105,0.5778492471389471,0.24088355280458928,0.8187327999435364,0.33696569433435786
26.48030114173889,0.0,-25.096835206764084,25.096835206764084,0.5374236559681593,0.3108835528045893,0.8483072087727486,0.22654010316357004
26.500181674957275,0.0,-24.75324941541127,24.75324941541127,0.5374236559681593,0.3108835528045893,0.8483072087727486,0.22654010316357004
26.520167350769043,0.0,-24.478380782329015,24.478380782329015,0.5374236559681593,0.3108835528045893,0.8483072087727486,0.22654010316357004
26.54014539718628,0.0,-24.478380782329015,24.478380782329015,0.5374236559681593,0.3108835528045893,0.8483072087727486,0.22654010316357004
26.56014895439148,0.0,-24.223329625863215,24.223329625863215,0.5374236559681593,0.3108835528045893,0.8483072087727486,0.22654010316357004
26.580145597457886,0.0,-23.948976200690574,23.948976200690574,0.5374236559681593,0.3108835528045893,0.8483072087727486,0.22654010316357004
26.600148916244507,0.0,-23.588868460552458,23.588868460552458,0.5374236559681593,0.3108835528045893,0.8483072087727486,0.22654010316357004
26.620189428329468,0.0,-23.072266643441967,23.072266643441967,0.5374236559681593,0.3108835528045893,0.8483072087727486,0.22654010316357004
26.640218496322632,0.0,-22.360157064753576,22.360157064753576,0.5374236559681593,0.3108835528045893,0.8483072087727486,0.22654010316357004
26.660357236862183,0.0,-21.61468815180286,21.61468815180286,0.5374236559681593,0.3108835528045893,0.8483072087727486,0.22654010316357004
26.680338382720947,0.0,-20.96557864644229,20.96557864644229,0.5374236559681593,0.3108835528045893,0.8483072087727486,0.22654010316357004
26.700275897979736,0.0,-20.41113479215383,20.41113479215383,0.5374236559681593,0.3108835528045893,0.8483072087727486,0.22654010316357004
26.720943927764893,0.0,-19.897267208723065,19.897267208723065,0.5374236559681593,0.3108835528045893,0.8483072087727486,0.22654010316357004
26.74021005630493,0.0,-19.46859501697845,19.46859501697845,0.5374236559681593,0.3108835528045893,0.8483072087727486,0.22654010316357004
26.760210752487183,0.0,-19.46859501697845,19.46859501697845,0.5374236559681593,0.3108835528045893,0.8483072087727486,0.22654010316357004
26.780232191085815,0.0,-19.125657263582763,19.125657263582763,0.5374236559681593,0.3108835528045893,0.8483072087727486,0.22654010316357004
26.800246953964233,0.0,-18.85130706086621,18.85130706086621,0.5374236559681593,0.3108835528045893,0.8483072087727486,0.22654010316357004
26.820282220840454,0.0,-18.631826898692967,18.631826898692967,0.5374236559681593,0.3108835528045893,0.8483072087727486,0.22654010316357004
26.84026527404785,0.0,-18.45624276895437,18.45624276895437,0.5374236559681593,0.3108835528045893,0.8483072087727486,0.22654010316357004
26.860273122787476,0.0,-18.315775465163497,18.315775465163497,0.5374236559681593,0.3108835528045893,0.8483072087727486,0.22654010316357004
26.880274534225464,0.0,-18.203401622130798,18.203401622130798,0.5374236559681593,0.3108835528045893,0.8483072087727486,0.22654010316357004
26.90078377723694,0.0,-18.11350254770464,18.11350254770464,0.5374236559681593,0.3108835528045893,0.8483072087727486,0.22654010316357004
26.92032480239868,0.0,-18.04158328816371,18.04158328816371,0.5137365391664206,0.3386385040730238,0.8523750432394444,0.17509803509339678
26.940252780914307,0.0,-17.98404788053097,17.98404788053097,0.5137365391664206,0.3386385040730238,0.8523750432394444,0.17509803509339678
26.960227012634277,0.0,-17.938019554424777,17.938019554424777,0.5137365391664206,0.3386385040730238,0.8523750432394444,0.17509803509339678
26.980175733566284,0.0,-17.938019554424777,17.938019554424777,0.5137365391664206,0.3386385040730238,0.8523750432394444,0.17509803509339678
27.000163316726685,0.0,-17.901196893539822,17.901196893539822,0.5137365391664206,0.3386385040730238,0.8523750432394444,0.17509803509339678
27.020174264907837,0.0,-17.889316889831857,17.889316889831857,0.5137365391664206,0.3386385040730238,0.8523750432394444,0.17509803509339678
27.04016876220703,0.0,-17.862234761865487,17.862234761865487,0.5137365391664206,0.3386385040730238,0.8523750432394444,0.17509803509339678
27.06015634536743,0.0,-17.840569059492392,17.840569059492392,0.5137365391664206,0.3386385040730238,0.8523750432394444,0.17509803509339678
27.080262899398804,0.0,-17.823236497593914,17.823236497593914,0.5137365391664206,0.3386385040730238,0.8523750432394444,0.17509803509339678
27.100152492523193,0.0,-17.809370448075132,17.809370448075132,0.5137365391664206,0.3386385040730238,0.8523750432394444,0.17509803509339678
27.12031126022339,0.0,-17.745543233460108,17.745543233460108,0.5137365391664206,0.3386385040730238,0.8523750432394444,0.17509803509339678
27.140538930892944,0.0,-17.58901271176809,17.58901271176809,0.5137365391664206,0.3386385040730238,0.8523750432394444,0.17509803509339678
27.16045045852661,0.0,-17.34074141941447,17.34074141941447,0.5137365391664206,0.3386385040730238,0.8523750432394444,0.17509803509339678
27.18036723136902,0.0,-17.054233760531577,17.054233760531577,0.5137365391664206,0.3386385040730238,0.8523750432394444,0.17509803509339678
27.20036005973816,0.0,-17.054233760531577,17.054233760531577,0.5137365391664206,0.3386385040730238,0.8523750432394444,0.17509803509339678
27.220324516296387,0.0,-16.77229325842526,16.77229325842526,0.5137365391664206,0.3386385040730238,0.8523750432394444,0.17509803509339678
27.24032735824585,0.0,-16.52916273174021,16.52916273174021,0.5137365391664206,0.3386385040730238,0.8523750432394444,0.17509803509339678
27.260369777679443,0.0,-16.334658310392168,16.334658310392168,0.4437365391664206,0.3019014383107424,0.745637977477163,0.1418351008556782
27.280200958251953,0.0,-16.179054773313734,16.179054773313734,0.4437365391664206,0.3019014383107424,0.745637977477163,0.1418351008556782
27.300157070159912,0.0,-16.054571943650988,16.054571943650988,0.4437365391664206,0.3019014383107424,0.745637977477163,0.1418351008556782
27.32014536857605,0.0,-15.95498567992079,15.95498567992079,0.4437365391664206,0.3019014383107424,0.745637977477163,0.1418351008556782
27.34015440940857,0.0,-15.875316668936634,15.875316668936634,0.4437365391664206,0.3019014383107424,0.745637977477163,0.1418351008556782
27.36014723777771,0.0,-15.81158146014931,15.81158146014931,0.4437365391664206,0.3019014383107424,0.745637977477163,0.1418351008556782
27.380149126052856,0.0,-15.778171418119449,15.778171418119449,0.4437365391664206,0.3019014383107424,0.745637977477163,0.1418351008556782
27.400156259536743,0.0,-15.751443384495559,15.751443384495559,0.4437365391664206,0.3019014383107424,0.745637977477163,0.1418351008556782
27.42014479637146,0.0,-15.751443384495559,15.751443384495559,0.4437365391664206,0.3019014383107424,0.745637977477163,0.1418351008556782
27.440136432647705,0.0,-15.730060957596448,15.730060957596448,0.4437365391664206,0.3019014383107424,0.745637977477163,0.1418351008556782
27.46014094352722,0.0,-15.712955016077158,15.712955016077158,0.4437365391664206,0.3019014383107424,0.745637977477163,0.1418351008556782
27.48013734817505,0.0,-15.681692137861727,15.681692137861727,0.4437365391664206,0.3019014383107424,0.745637977477163,0.1418351008556782
27.500195026397705,0.0,-15.656681835289383,15.656681835289383,0.4437365391664206,0.3019014383107424,0.745637977477163,0.1418351008556782
27.52026629447937,0.0,-15.63667359323151,15.63667359323151,0.4714899872802197,0.3719014383107424,0.843391425590962,0.09958854896947728
27.54017972946167,0.0,-15.620666999585207,15.620666999585207,0.4714899872802197,0.3719014383107424,0.843391425590962,0.09958854896947728
27.560145139694214,0.0,-15.607861724668165,15.607861724668165,0.4714899872802197,0.3719014383107424,0.843391425590962,0.09958854896947728
27.580140113830566,0.0,-15.597617504734533,15.597617504734533,0.4714899872802197,0.3719014383107424,0.843391425590962,0.09958854896947728
27.600135326385498,0.0,-15.589422128787627,15.589422128787627,0.4714899872802197,0.3719014383107424,0.843391425590962,0.09958854896947728
27.620142459869385,0.0,-15.582865828030103,15.582865828030103,0.4714899872802197,0.3719014383107424,0.843391425590962,0.09958854896947728
27.640137672424316,0.0,-15.582865828030103,15.582865828030103,0.4714899872802197,0.3719014383107424,0.843391425590962,0.09958854896947728
27.66013479232788,0.0,-15.542464537424085,15.542464537424085,0.4714899872802197,0.3719014383107424,0.843391425590962,0.09958854896947728
27.680135250091553,0.0,-15.36951850493927,15.36951850493927,0.4714899872802197,0.3719014383107424,0.843391425590962,0.09958854896947728
27.700134754180908,0.0,-15.037802303951418,15.037802303951418,0.4714899872802197,0.3719014383107424,0.843391425590962,0.09958854896947728
27.720223665237427,0.0,-14.614226218161134,14.614226218161134,0.4714899872802197,0.3719014383107424,0.843391425590962,0.09958854896947728
27.74016571044922,0.0,-14.152318474528908,14.152318474528908,0.5017711119167505,0.3243436857312918,0.8261147976480423,0.1774274261854587
27.76020860671997,0.0,-13.694901654623127,13.694901654623127,0.5017711119167505,0.3243436857312918,0.8261147976480423,0.1774274261854587
27.780209064483643,0.0,-13.311390073698503,13.311390073698503,0.5017711119167505,0.3243436857312918,0.8261147976480423,0.1774274261854587
27.800161600112915,0.0,-13.004580808958805,13.004580808958805,0.5017711119167505,0.3243436857312918,0.8261147976480423,0.1774274261854587
27.820138454437256,0.0,-12.759133397167044,12.759133397167044,0.5017711119167505,0.3243436857312918,0.8261147976480423,0.1774274261854587
27.840139865875244,0.0,-12.562775467733637,12.562775467733637,0.5017711119167505,0.3243436857312918,0.8261147976480423,0.1774274261854587
27.860137462615967,0.0,-12.562775467733637,12.562775467733637,0.5017711119167505,0.3243436857312918,0.8261147976480423,0.1774274261854587
27.880138635635376,0.0,-12.40568912418691,12.40568912418691,0.5017711119167505,0.3243436857312918,0.8261147976480423,0.1774274261854587
27.900147676467896,0.0,-12.28002004934953,12.28002004934953,0.5017711119167505,0.3243436857312918,0.8261147976480423,0.1774274261854587
27.92014980316162,0.0,-12.197062914479623,12.197062914479623,0.5017711119167505,0.3243436857312918,0.8261147976480423,0.1774274261854587
27.940284729003906,0.0,-12.1306972065837,12.1306972065837,0.5017711119167505,0.3243436857312918,0.8261147976480423,0.1774274261854587
27.960282564163208,0.0,-12.07760464026696,12.07760464026696,0.5590428606979547,0.37126607887446883,0.9303089395724236,0.1877767818234859
27.980209589004517,0.0,-12.035130587213569,12.035130587213569,0.5590428606979547,0.37126607887446883,0.9303089395724236,0.1877767818234859
28.000141382217407,0.0,-12.001151344770856,12.001151344770856,0.5590428606979547,0.37126607887446883,0.9303089395724236,0.1877767818234859
28.02014398574829,0.0,-11.973967950816686,11.973967950816686,0.5590428606979547,0.37126607887446883,0.9303089395724236,0.1877767818234859
28.040140628814697,0.0,-11.952221235653349,11.952221235653349,0.5590428606979547,0.37126607887446883,0.9303089395724236,0.1877767818234859
28.060139417648315,0.0,-11.934823863522679,11.934823863522679,0.5590428606979547,0.37126607887446883,0.9303089395724236,0.1877767818234859
28.08014416694641,0.0,-11.934823863522679,11.934823863522679,0.5590428606979547,0.37126607887446883,0.9303089395724236,0.1877767818234859
28.10014009475708,0.0,-11.920905965818143,11.920905965818143,0.5590428606979547,0.37126607887446883,0.9303089395724236,0.1877767818234859
28.120144367218018,0.0,-11.909771647654516,11.909771647654516,0.5590428606979547,0.37126607887446883,0.9303089395724236,0.1877767818234859
28.140141248703003,0.0,-11.900864193123613,11.900864193123613,0.5590428606979547,0.37126607887446883,0.9303089395724236,0.1877767818234859
28.160144567489624,0.0,-11.893738229498892,11.893738229498892,0.5590428606979547,0.37126607887446883,0.9303089395724236,0.1877767818234859
28.180287837982178,0.0,-11.888037458599113,11.888037458599113,0.5590428606979547,0.37126607887446883,0.9303089395724236,0.1877767818234859
28.200273036956787,0.0,-11.883476841879292,11.883476841879292,0.5916106895916162,0.3445378138870001,0.9361485034786163,0.2470728757046161
28.220170497894287,0.0,-11.879828348503432,11.879828348503432,0.5916106895916162,0.3445378138870001,0.9361485034786163,0.2470728757046161
28.240151405334473,0.0,-11.876909553802747,11.876909553802747,0.5916106895916162,0.3445378138870001,0.9361485034786163,0.2470728757046161
28.260143041610718,0.0,-11.874574518042198,11.874574518042198,0.5916106895916162,0.3445378138870001,0.9361485034786163,0.2470728757046161
28.280146837234497,0.0,-11.872706489433758,11.872706489433758,0.5916106895916162,0.3445378138870001,0.9361485034786163,0.2470728757046161
28.300142526626587,0.0,-11.872706489433758,11.872706489433758,0.5916106895916162,0.3445378138870001,0.9361485034786163,0.2470728757046161
28.32014298439026,0.0,-11.871212066547006,11.871212066547006,0.5916106895916162,0.3445378138870001,0.9361485034786163,0.2470728757046161
28.34014368057251,0.0,-11.870016528237606,11.870016528237606,0.5916106895916162,0.3445378138870001,0.9361485034786163,0.2470728757046161
28.360142946243286,0.0,-11.869060097590086,11.869060097590086,0.5916106895916162,0.3445378138870001,0.9361485034786163,0.2470728757046161
28.380143404006958,0.0,-11.86829495307207,11.86829495307207,0.5916106895916162,0.3445378138870001,0.9361485034786163,0.2470728757046161
28.40027904510498,0.0,-11.867682837457656,11.867682837457656,0.5916106895916162,0.3445378138870001,0.9361485034786163,0.2470728757046161
28.420374393463135,0.0,-11.867193144966127,11.867193144966127,0.5357131258957086,0.37024528041481974,0.9059584063105284,0.1654678454808889
28.44029450416565,0.0,-11.884379515972903,11.884379515972903,0.5357131258957086,0.37024528041481974,0.9059584063105284,0.1654678454808889
28.4603054523468,0.0,-11.898128612778324,11.898128612778324,0.5357131258957086,0.37024528041481974,0.9059584063105284,0.1654678454808889
28.4801983833313,0.0,-11.90912789022266,11.90912789022266,0.5357131258957086,0.37024528041481974,0.9059584063105284,0.1654678454808889
28.50027561187744,0.0,-11.91792731217813,11.91792731217813,0.5357131258957086,0.37024528041481974,0.9059584063105284,0.1654678454808889
28.520233392715454,0.0,-11.91792731217813,11.91792731217813,0.5357131258957086,0.37024528041481974,0.9059584063105284,0.1654678454808889
28.540242671966553,0.0,-11.924966849742505,11.924966849742505,0.5357131258957086,0.37024528041481974,0.9059584063105284,0.1654678454808889
28.560234308242798,0.0,-11.930598479794005,11.930598479794005,0.5357131258957086,0.37024528041481974,0.9059584063105284,0.1654678454808889
28.580244302749634,0.0,-11.935103783835205,11.935103783835205,0.5357131258957086,0.37024528041481974,0.9059584063105284,0.1654678454808889
28.600252151489258,0.0,-11.921129902068165,11.921129902068165,0.5357131258957086,0.37024528041481974,0.9059584063105284,0.1654678454808889
28.620217084884644,0.0,-11.909950796654533,11.909950796654533,0.5357131258957086,0.37024528041481974,0.9059584063105284,0.1654678454808889
28.640151977539062,0.0,-11.901007512323627,11.901007512323627,0.5357131258957086,0.37024528041481974,0.9059584063105284,0.1654678454808889
28.660128116607666,0.0,-11.893852884858902,11.893852884858902,0.5357131258957086,0.37024528041481974,0.9059584063105284,0.1654678454808889
28.6801335811615,0.0,-11.888129182887122,11.888129182887122,0.5357131258957086,0.37024528041481974,0.9059584063105284,0.1654678454808889
28.700129747390747,0.0,-11.883550221309697,11.883550221309697,0.5357131258957086,0.37024528041481974,0.9059584063105284,0.1654678454808889
28.72012758255005,0.0,-11.879887052047758,11.879887052047758,0.5357131258957086,0.37024528041481974,0.9059584063105284,0.1654678454808889
28.740137815475464,0.0,-11.879887052047758,11.879887052047758,0.5357131258957086,0.37024528041481974,0.9059584063105284,0.1654678454808889
28.760130643844604,0.0,-11.876956516638208,11.876956516638208,0.5357131258957086,0.37024528041481974,0.9059584063105284,0.1654678454808889
28.78012990951538,0.0,-11.874612088310565,11.874612088310565,0.5357131258957086,0.37024528041481974,0.9059584063105284,0.1654678454808889
28.800140619277954,0.0,-11.872736545648452,11.872736545648452,0.5357131258957086,0.37024528041481974,0.9059584063105284,0.1654678454808889
28.820157289505005,0.0,-11.871236111518764,11.871236111518764,0.5357131258957086,0.37024528041481974,0.9059584063105284,0.1654678454808889
28.840267181396484,0.0,-11.870035764215011,11.870035764215011,0.5357131258957086,0.37024528041481974,0.9059584063105284,0.1654678454808889
28.860254526138306,0.0,-11.86907548637201,11.86907548637201,0.5280212093517183,0.44024528041481975,0.9682664897665381,0.0877759289368985
28.88015651702881,0.0,-11.868307264097608,11.868307264097608,0.5280212093517183,0.44024528041481975,0.9682664897665381,0.0877759289368985
28.900137186050415,0.0,-11.867692686278087,11.867692686278087,0.5280212093517183,0.44024528041481975,0.9682664897665381,0.0877759289368985
28.92013382911682,0.0,-11.867201024022469,11.867201024022469,0.5280212093517183,0.44024528041481975,0.9682664897665381,0.0877759289368985
28.940130949020386,0.0,-11.866807694217977,11.866807694217977,0.5280212093517183,0.44024528041481975,0.9682664897665381,0.0877759289368985
28.96013069152832,0.0,-11.866807694217977,11.866807694217977,0.5280212093517183,0.44024528041481975,0.9682664897665381,0.0877759289368985
28.98013210296631,0.0,-11.866493030374382,11.866493030374382,0.5280212093517183,0.44024528041481975,0.9682664897665381,0.0877759289368985
29.000129222869873,0.0,-11.866241299299507,11.866241299299507,0.5280212093517183,0.44024528041481975,0.9682664897665381,0.0877759289368985
29.020134449005127,0.0,-11.866039914439606,11.866039914439606,0.5280212093517183,0.44024528041481975,0.9682664897665381,0.0877759289368985
29.040269136428833,0.0,-11.865878806551684,11.865878806551684,0.5280212093517183,0.44024528041481975,0.9682664897665381,0.0877759289368985
29.060277938842773,0.0,-11.865749920241349,11.865749920241349,0.5980212093517183,0.37024528041481974,0.9682664897665381,0.22777592893689858
29.080158710479736,0.0,-11.86564681119308,11.86564681119308,0.5980212093517183,0.37024528041481974,0.9682664897665381,0.22777592893689858
29.10014033317566,0.0,-11.847986198954464,11.847986198954464,0.5980212093517183,0.37024528041481974,0.9682664897665381,0.22777592893689858
29.120142221450806,0.0,-11.763545209163572,11.763545209163572,0.5980212093517183,0.37024528041481974,0.9682664897665381,0.22777592893689858
29.140166759490967,0.0,-11.60810179233086,11.60810179233086,0.5980212093517183,0.37024528041481974,0.9682664897665381,0.22777592893689858
29.160140991210938,0.0,-11.483747058864688,11.483747058864688,0.5980212093517183,0.37024528041481974,0.9682664897665381,0.22777592893689858
29.180171728134155,0.0,-11.483747058864688,11.483747058864688,0.5980212093517183,0.37024528041481974,0.9682664897665381,0.22777592893689858
29.20013999938965,0.0,-11.384263272091752,11.384263272091752,0.5980212093517183,0.37024528041481974,0.9682664897665381,0.22777592893689858
29.220134019851685,0.0,-11.304676242673402,11.304676242673402,0.5980212093517183,0.37024528041481974,0.9682664897665381,0.22777592893689858
29.240137815475464,0.0,-11.241006619138723,11.241006619138723,0.5980212093517183,0.37024528041481974,0.9682664897665381,0.22777592893689858
29.260258674621582,0.0,-11.19007092031098,11.19007092031098,0.5980212093517183,0.37024528041481974,0.9682664897665381,0.22777592893689858
29.280303955078125,0.0,-11.149322361248785,11.149322361248785,0.6641199887916445,0.31587556630373004,0.9799955550953745,0.34824442248791443
29.300164222717285,0.0,-11.116723513999029,11.116723513999029,0.6641199887916445,0.31587556630373004,0.9799955550953745,0.34824442248791443
29.320143222808838,0.0,-11.090644436199224,11.090644436199224,0.6641199887916445,0.31587556630373004,0.9799955550953745,0.34824442248791443
29.340134859085083,0.0,-11.06978117395938,11.06978117395938,0.6641199887916445,0.31587556630373004,0.9799955550953745,0.34824442248791443
29.36013436317444,0.0,-11.053090564167505,11.053090564167505,0.6641199887916445,0.31587556630373004,0.9799955550953745,0.34824442248791443
29.380136013031006,0.0,-11.057316201334004,11.057316201334004,0.6641199887916445,0.31587556630373004,0.9799955550953745,0.34824442248791443
29.400134801864624,0.0,-11.057316201334004,11.057316201334004,0.6641199887916445,0.31587556630373004,0.9799955550953745,0.34824442248791443
29.420134782791138,0.0,-11.078274836067205,11.078274836067205,0.6641199887916445,0.31587556630373004,0.9799955550953745,0.34824442248791443
29.44013524055481,0.0,-11.165354243853766,11.165354243853766,0.6641199887916445,0.31587556630373004,0.9799955550953745,0.34824442248791443
29.460134267807007,0.0,-11.322908395083013,11.322908395083013,0.6641199887916445,0.31587556630373004,0.9799955550953745,0.34824442248791443
29.480295658111572,0.0,-11.501686091066412,11.501686091066412,0.6641199887916445,0.31587556630373004,0.9799955550953745,0.34824442248791443
29.500292778015137,0.0,-11.679864497853131,11.679864497853131,0.7,0.28283005833625796,0.9828300583362579,0.417169941663742
29.520267724990845,0.0,-11.857563473282505,11.857563473282505,0.7,0.28283005833625796,0.9828300583362579,0.417169941663742
29.54019331932068,0.0,-11.999722653626007,11.999722653626007,0.7,0.28283005833625796,0.9828300583362579,0.417169941663742
29.56015181541443,0.0,-12.113449997900807,12.113449997900807,0.7,0.28283005833625796,0.9828300583362579,0.417169941663742
29.5801362991333,0.0,-12.222009998320646,12.222009998320646,0.7,0.28283005833625796,0.9828300583362579,0.417169941663742
29.60017967224121,0.0,-12.396748623656517,12.396748623656517,0.7,0.28283005833625796,0.9828300583362579,0.417169941663742
29.620167016983032,0.0,-12.396748623656517,12.396748623656517,0.7,0.28283005833625796,0.9828300583362579,0.417169941663742
29.64013910293579,0.0,-12.659586398925214,12.659586398925214,0.7,0.28283005833625796,0.9828300583362579,0.417169941663742
29.66013479232788,0.0,-12.922590994140172,12.922590994140172,0.7,0.28283005833625796,0.9828300583362579,0.417169941663742
29.680134773254395,0.0,-13.16815092031214,13.16815092031214,0.7,0.28283005833625796,0.9828300583362579,0.417169941663742
29.70013403892517,0.0,-13.399755111249712,13.399755111249712,0.7,0.28283005833625796,0.9828300583362579,0.417169941663742
29.720186948776245,0.0,-13.602616588999771,13.602616588999771,0.7,0.28283005833625796,0.9828300583362579,0.417169941663742
29.740302085876465,0.0,-13.764905771199818,13.764905771199818,0.7,0.29886813156306746,0.9988681315630674,0.4011318684369325
29.760273218154907,0.0,-13.894737116959854,13.894737116959854,0.7,0.29886813156306746,0.9988681315630674,0.4011318684369325
29.78016757965088,0.0,-13.998602193567885,13.998602193567885,0.7,0.29886813156306746,0.9988681315630674,0.4011318684369325
29.80018186569214,0.0,-14.081694254854309,14.081694254854309,0.7,0.29886813156306746,0.9988681315630674,0.4011318684369325
29.820170879364014,0.0,-14.148167903883447,14.148167903883447,0.7,0.29886813156306746,0.9988681315630674,0.4011318684369325
29.840144634246826,0.0,-14.148167903883447,14.148167903883447,0.7,0.29886813156306746,0.9988681315630674,0.4011318684369325
29.860138177871704,0.0,-14.201346823106759,14.201346823106759,0.7,0.29886813156306746,0.9988681315630674,0.4011318684369325
29.880139112472534,0.0,-14.243889958485408,14.243889958485408,0.7,0.29886813156306746,0.9988681315630674,0.4011318684369325
29.900134563446045,0.0,-14.277924466788328,14.277924466788328,0.7,0.29886813156306746,0.9988681315630674,0.4011318684369325
29.92013430595398,0.0,-14.305152073430662,14.305152073430662,0.7,0.29886813156306746,0.9988681315630674,0.4011318684369325
29.940131425857544,0.0,-14.326934158744532,14.326934158744532,0.7,0.29886813156306746,0.9988681315630674,0.4011318684369325
29.96027636528015,0.0,-14.344359826995627,14.344359826995627,0.7,0.354657803401351,1.054657803401351,0.34534219659864895
29.9801766872406,0.0,-14.3583003615965,14.3583003615965,0.7,0.354657803401351,1.054657803401351,0.34534219659864895
30.00014615058899,0.0,-14.369452789277199,14.369452789277199,0.7,0.354657803401351,1.054657803401351,0.34534219659864895
30.020164966583252,0.0,-14.378374731421761,14.378374731421761,0.7,0.354657803401351,1.054657803401351,0.34534219659864895
30.04015851020813,0.0,-14.385512285137409,14.385512285137409,0.7,0.354657803401351,1.054657803401351,0.34534219659864895
30.060155153274536,0.0,-14.385512285137409,14.385512285137409,0.7,0.354657803401351,1.054657803401351,0.34534219659864895
30.08035969734192,0.0,-14.391222328109926,14.391222328109926,0.7,0.354657803401351,1.054657803401351,0.34534219659864895
30.100292444229126,0.0,-14.39579036248794,14.39579036248794,0.7,0.354657803401351,1.054657803401351,0.34534219659864895
30.12034559249878,0.0,-14.399444789990351,14.399444789990351,0.7,0.354657803401351,1.054657803401351,0.34534219659864895
30.140357494354248,0.0,-14.384790206992282,14.384790206992282,0.7,0.354657803401351,1.054657803401351,0.34534219659864895
30.1603581905365,0.0,-14.373066540593827,14.373066540593827,0.7,0.354657803401351,1.054657803401351,0.34534219659864895
30.180323123931885,0.0,-14.363687607475063,14.363687607475063,0.7,0.38197305865585807,1.081973058655858,0.3180269413441419
30.20024299621582,0.0,-14.356184460980051,14.356184460980051,0.7,0.38197305865585807,1.081973058655858,0.3180269413441419
30.220271587371826,0.0,-14.350181943784042,14.350181943784042,0.7,0.38197305865585807,1.081973058655858,0.3180269413441419
30.240253925323486,0.0,-14.345379930027233,14.345379930027233,0.7,0.38197305865585807,1.081973058655858,0.3180269413441419
30.260387659072876,0.0,-14.341538319021788,14.341538319021788,0.7,0.38197305865585807,1.081973058655858,0.3180269413441419
30.28033971786499,0.0,-14.341538319021788,14.341538319021788,0.7,0.38197305865585807,1.081973058655858,0.3180269413441419
30.300236701965332,0.0,-14.338465030217433,14.338465030217433,0.7,0.38197305865585807,1.081973058655858,0.3180269413441419
30.320215940475464,0.0,-14.336006399173948,14.336006399173948,0.7,0.38197305865585807,1.081973058655858,0.3180269413441419
30.34021806716919,0.0,-14.334039494339159,14.334039494339159,0.7,0.38197305865585807,1.081973058655858,0.3180269413441419
30.36024260520935,0.0,-14.332465970471327,14.332465970471327,0.7,0.38197305865585807,1.081973058655858,0.3180269413441419
30.380268096923828,0.0,-14.331207151377063,14.331207151377063,0.7,0.38197305865585807,1.081973058655858,0.3180269413441419
30.400314807891846,0.0,-14.33020009610165,14.33020009610165,0.7,0.36512440323829654,1.0651244032382965,0.3348755967617034
30.42029356956482,0.0,-14.329394451881322,14.329394451881322,0.7,0.36512440323829654,1.0651244032382965,0.3348755967617034
30.440244674682617,0.0,-14.32874993650506,14.32874993650506,0.7,0.36512440323829654,1.0651244032382965,0.3348755967617034
30.4601788520813,0.0,-14.328234324204047,14.328234324204047,0.7,0.36512440323829654,1.0651244032382965,0.3348755967617034
30.480148553848267,0.0,-14.327821834363238,14.327821834363238,0.7,0.36512440323829654,1.0651244032382965,0.3348755967617034
30.500147581100464,0.0,-14.327821834363238,14.327821834363238,0.7,0.36512440323829654,1.0651244032382965,0.3348755967617034
30.52014994621277,0.0,-14.327491842490593,14.327491842490593,0.7,0.36512440323829654,1.0651244032382965,0.3348755967617034
30.540152549743652,0.0,-14.327227848992475,14.327227848992475,0.7,0.36512440323829654,1.0651244032382965,0.3348755967617034
30.5601487159729,0.0,-14.32701665419398,14.32701665419398,0.7,0.36512440323829654,1.0651244032382965,0.3348755967617034
30.58014416694641,0.0,-14.326847698355186,14.326847698355186,0.7,0.36512440323829654,1.0651244032382965,0.3348755967617034
30.600274324417114,0.0,-14.32671253368415,14.32671253368415,0.7,0.36512440323829654,1.0651244032382965,0.3348755967617034
30.620171070098877,0.0,-14.326604401947321,14.326604401947321,0.7,0.4225123028457165,1.1225123028457165,0.27748769715428345
30.64015293121338,0.0,-14.326517896557856,14.326517896557856,0.7,0.4225123028457165,1.1225123028457165,0.27748769715428345
30.660147666931152,0.0,-14.326448692246286,14.326448692246286,0.7,0.4225123028457165,1.1225123028457165,0.27748769715428345
30.680155754089355,0.0,-14.32639332879703,14.32639332879703,0.7,0.4225123028457165,1.1225123028457165,0.27748769715428345
30.700161933898926,0.0,-14.326349038037623,14.326349038037623,0.7,0.4225123028457165,1.1225123028457165,0.27748769715428345
30.720166206359863,0.0,-14.326349038037623,14.326349038037623,0.7,0.4225123028457165,1.1225123028457165,0.27748769715428345
30.740156173706055,0.0,-14.326313605430101,14.326313605430101,0.7,0.4225123028457165,1.1225123028457165,0.27748769715428345
30.760170936584473,0.0,-14.32628525934408,14.32628525934408,0.7,0.4225123028457165,1.1225123028457165,0.27748769715428345
30.78015160560608,0.0,-14.326262582475266,14.326262582475266,0.7,0.4225123028457165,1.1225123028457165,0.27748769715428345
30.800266981124878,0.0,-14.326244440980215,14.326244440980215,0.7,0.4225123028457165,1.1225123028457165,0.27748769715428345
30.820305109024048,0.0,-14.326229927784173,14.326229927784173,0.7,0.49251230284571657,1.1925123028457165,0.2074876971542834
30.840187311172485,0.0,-14.30864019222734,14.30864019222734,0.7,0.49251230284571657,1.1925123028457165,0.2074876971542834
30.86015510559082,0.0,-14.294568403781872,14.294568403781872,0.7,0.49251230284571657,1.1925123028457165,0.2074876971542834
30.880146265029907,0.0,-14.2657328480255,14.2657328480255,0.7,0.49251230284571657,1.1925123028457165,0.2074876971542834
30.900152921676636,0.0,-14.242664403420399,14.242664403420399,0.7,0.49251230284571657,1.1925123028457165,0.2074876971542834
30.920159101486206,0.0,-14.22420964773632,14.22420964773632,0.7,0.49251230284571657,1.1925123028457165,0.2074876971542834
30.940160989761353,0.0,-14.22420964773632,14.22420964773632,0.7,0.49251230284571657,1.1925123028457165,0.2074876971542834
30.960160493850708,0.0,-14.209445843189057,14.209445843189057,0.7,0.49251230284571657,1.1925123028457165,0.2074876971542834
30.980144262313843,0.0,-14.127322299551246,14.127322299551246,0.7,0.49251230284571657,1.1925123028457165,0.2074876971542834
31.00015091896057,0.0,-14.008889089640997,14.008889089640997,0.7,0.49251230284571657,1.1925123028457165,0.2074876971542834
31.02027177810669,0.0,-13.8965643967128,13.8965643967128,0.7,0.49251230284571657,1.1925123028457165,0.2074876971542834
31.040358304977417,0.0,-13.77154839237024,13.77154839237024,0.6865761697292327,0.4543470799922943,1.140923249721527,0.23222908973693845
31.060208797454834,0.0,-13.618801213896194,13.618801213896194,0.6865761697292327,0.4543470799922943,1.140923249721527,0.23222908973693845
31.080158472061157,0.0,-13.461447221116957,13.461447221116957,0.6865761697292327,0.4543470799922943,1.140923249721527,0.23222908973693845
31.100146532058716,0.0,-13.335564026893566,13.335564026893566,0.6865761697292327,0.4543470799922943,1.140923249721527,0.23222908973693845
31.120145320892334,0.0,-13.234857471514854,13.234857471514854,0.6865761697292327,0.4543470799922943,1.140923249721527,0.23222908973693845
31.14014506340027,0.0,-13.154292227211883,13.154292227211883,0.6865761697292327,0.4543470799922943,1.140923249721527,0.23222908973693845
31.16014528274536,0.0,-13.154292227211883,13.154292227211883,0.6865761697292327,0.4543470799922943,1.140923249721527,0.23222908973693845
31.18014621734619,0.0,-13.089840031769508,13.089840031769508,0.6865761697292327,0.4543470799922943,1.140923249721527,0.23222908973693845
31.200143575668335,0.0,-13.038278275415607,13.038278275415607,0.6865761697292327,0.4543470799922943,1.140923249721527,0.23222908973693845
31.220306873321533,0.0,-12.979450745332485,12.979450745332485,0.6865761697292327,0.4543470799922943,1.140923249721527,0.23222908973693845
31.240344047546387,0.0,-12.93238872126599,12.93238872126599,0.6865761697292327,0.4543470799922943,1.140923249721527,0.23222908973693845
31.260401248931885,0.0,-12.894739102012794,12.894739102012794,0.6165761697292327,0.4611963060684502,1.077772475797683,0.1553798636607825
31.280351161956787,0.0,-12.864619406610236,12.864619406610236,0.6165761697292327,0.4611963060684502,1.077772475797683,0.1553798636607825
31.300347805023193,0.0,-12.840523650288189,12.840523650288189,0.6165761697292327,0.4611963060684502,1.077772475797683,0.1553798636607825
31.32033944129944,0.0,-12.821247045230551,12.821247045230551,0.6165761697292327,0.4611963060684502,1.077772475797683,0.1553798636607825
31.340335845947266,0.0,-12.805825761184444,12.805825761184444,0.6165761697292327,0.4611963060684502,1.077772475797683,0.1553798636607825
31.360334157943726,0.0,-12.793488733947557,12.793488733947557,0.6165761697292327,0.4611963060684502,1.077772475797683,0.1553798636607825
31.380273818969727,0.0,-12.793488733947557,12.793488733947557,0.6165761697292327,0.4611963060684502,1.077772475797683,0.1553798636607825
31.400203466415405,0.0,-12.783619112158046,12.783619112158046,0.6165761697292327,0.4611963060684502,1.077772475797683,0.1553798636607825
31.420264959335327,0.0,-12.77572341472644,12.77572341472644,0.6165761697292327,0.4611963060684502,1.077772475797683,0.1553798636607825
31.44033694267273,0.0,-12.769406856781153,12.769406856781153,0.6165761697292327,0.4611963060684502,1.077772475797683,0.1553798636607825
31.460319757461548,0.0,-12.764353610424923,12.764353610424923,0.6165761697292327,0.4611963060684502,1.077772475797683,0.1553798636607825
31.480238437652588,0.0,-12.76031101333994,12.76031101333994,0.6165761697292327,0.4611963060684502,1.077772475797683,0.1553798636607825
31.500285387039185,0.0,-12.757076935671954,12.757076935671954,0.6165761697292327,0.4611963060684502,1.077772475797683,0.1553798636607825
31.520283222198486,0.0,-12.754489673537565,12.754489673537565,0.5910488861799239,0.4675336688756943,1.0585825550556183,0.1235152173042296
31.540194749832153,0.0,-12.75241986383005,12.75241986383005,0.5910488861799239,0.4675336688756943,1.0585825550556183,0.1235152173042296
31.56015658378601,0.0,-12.750764016064041,12.750764016064041,0.5910488861799239,0.4675336688756943,1.0585825550556183,0.1235152173042296
31.58015012741089,0.0,-12.749439337851236,12.749439337851236,0.5910488861799239,0.4675336688756943,1.0585825550556183,0.1235152173042296
31.600142240524292,0.0,-12.749439337851236,12.749439337851236,0.5910488861799239,0.4675336688756943,1.0585825550556183,0.1235152173042296
31.620145559310913,0.0,-12.74837959528099,12.74837959528099,0.5910488861799239,0.4675336688756943,1.0585825550556183,0.1235152173042296
31.640143156051636,0.0,-12.747531801224794,12.747531801224794,0.5910488861799239,0.4675336688756943,1.0585825550556183,0.1235152173042296
31.66014814376831,0.0,-12.746853565979833,12.746853565979833,0.5910488861799239,0.4675336688756943,1.0585825550556183,0.1235152173042296
31.680145740509033,0.0,-12.74631097778387,12.74631097778387,0.5910488861799239,0.4675336688756943,1.0585825550556183,0.1235152173042296
31.70014238357544,0.0,-12.693142532227096,12.693142532227096,0.5910488861799239,0.4675336688756943,1.0585825550556183,0.1235152173042296
31.720263242721558,0.0,-12.633029650781678,12.633029650781678,0.5910488861799239,0.4675336688756943,1.0585825550556183,0.1235152173042296
31.74026608467102,0.0,-12.584939345625344,12.584939345625344,0.6427549655735492,0.4906353116035462,1.1333902771770954,0.152119653970003
31.760266304016113,0.0,-12.546467101500276,12.546467101500276,0.6427549655735492,0.4906353116035462,1.1333902771770954,0.152119653970003
31.78023052215576,0.0,-12.515689306200223,12.515689306200223,0.6427549655735492,0.4906353116035462,1.1333902771770954,0.152119653970003
31.80022096633911,0.0,-12.508645194960177,12.508645194960177,0.6427549655735492,0.4906353116035462,1.1333902771770954,0.152119653970003
31.820225715637207,0.0,-12.508645194960177,12.508645194960177,0.6427549655735492,0.4906353116035462,1.1333902771770954,0.152119653970003
31.84022307395935,0.0,-12.485431780968144,12.485431780968144,0.6427549655735492,0.4906353116035462,1.1333902771770954,0.152119653970003
31.860208988189697,0.0,-12.466861049774517,12.466861049774517,0.6427549655735492,0.4906353116035462,1.1333902771770954,0.152119653970003
31.88023567199707,0.0,-12.452004464819614,12.452004464819614,0.6427549655735492,0.4906353116035462,1.1333902771770954,0.152119653970003
31.90023684501648,0.0,-12.440119196855692,12.440119196855692,0.6427549655735492,0.4906353116035462,1.1333902771770954,0.152119653970003
31.920199632644653,0.0,-12.430610982484556,12.430610982484556,0.6427549655735492,0.4906353116035462,1.1333902771770954,0.152119653970003
31.940142154693604,0.0,-12.423004410987646,12.423004410987646,0.6427549655735492,0.4906353116035462,1.1333902771770954,0.152119653970003
31.960126876831055,0.0,-12.381762903790117,12.381762903790117,0.6427549655735492,0.4906353116035462,1.1333902771770954,0.152119653970003
31.980131149291992,0.0,-12.313613448032095,12.313613448032095,0.6427549655735492,0.4906353116035462,1.1333902771770954,0.152119653970003
32.00014114379883,0.0,-12.241515758425678,12.241515758425678,0.6427549655735492,0.4906353116035462,1.1333902771770954,0.152119653970003
32.02013349533081,0.0,-12.183837606740543,12.183837606740543,0.6427549655735492,0.4906353116035462,1.1333902771770954,0.152119653970003
32.040130615234375,0.0,-12.183837606740543,12.183837606740543,0.6427549655735492,0.4906353116035462,1.1333902771770954,0.152119653970003
32.06012964248657,0.0,-12.137695085392435,12.137695085392435,0.6427549655735492,0.4906353116035462,1.1333902771770954,0.152119653970003
32.08012890815735,0.0,-12.10078106831395,12.10078106831395,0.6427549655735492,0.4906353116035462,1.1333902771770954,0.152119653970003
32.10012912750244,0.0,-12.071249854651162,12.071249854651162,0.6427549655735492,0.4906353116035462,1.1333902771770954,0.152119653970003
32.12013292312622,0.0,-12.04762488372093,12.04762488372093,0.6427549655735492,0.4906353116035462,1.1333902771770954,0.152119653970003
32.140146255493164,0.0,-12.028724906976745,12.028724906976745,0.6427549655735492,0.4906353116035462,1.1333902771770954,0.152119653970003
32.16026186943054,0.0,-12.013604925581397,12.013604925581397,0.6427549655735492,0.4906353116035462,1.1333902771770954,0.152119653970003
32.18026566505432,0.0,-12.001508940465119,12.001508940465119,0.6427549655735492,0.4906353116035462,1.1333902771770954,0.152119653970003
32.200260162353516,0.0,-11.991832152372096,11.991832152372096,0.5877352516353129,0.5606353116035462,1.148370563238859,0.027099940031766745
32.220221519470215,0.0,-12.001668846897678,12.001668846897678,0.5877352516353129,0.5606353116035462,1.148370563238859,0.027099940031766745
32.24021625518799,0.0,-11.991960077518144,11.991960077518144,0.5877352516353129,0.5606353116035462,1.148370563238859,0.027099940031766745
32.260220527648926,0.0,-11.991960077518144,11.991960077518144,0.5877352516353129,0.5606353116035462,1.148370563238859,0.027099940031766745
32.280189514160156,0.0,-11.984193062014517,11.984193062014517,0.5877352516353129,0.5606353116035462,1.148370563238859,0.027099940031766745
32.300243854522705,0.0,-11.977979449611615,11.977979449611615,0.5877352516353129,0.5606353116035462,1.148370563238859,0.027099940031766745
32.320260763168335,0.0,-11.973008559689292,11.973008559689292,0.5877352516353129,0.5606353116035462,1.148370563238859,0.027099940031766745
32.34027409553528,0.0,-11.969031847751435,11.969031847751435,0.5877352516353129,0.5606353116035462,1.148370563238859,0.027099940031766745
32.360231161117554,0.0,-11.965850478201151,11.965850478201151,0.5877352516353129,0.5606353116035462,1.148370563238859,0.027099940031766745
32.38014197349548,0.0,-11.980883507560922,11.980883507560922,0.5877352516353129,0.5606353116035462,1.148370563238859,0.027099940031766745
32.400137186050415,0.0,-11.97533180604874,11.97533180604874,0.5877352516353129,0.5606353116035462,1.148370563238859,0.027099940031766745
32.42013216018677,0.0,-11.865421694838993,11.865421694838993,0.5877352516353129,0.5606353116035462,1.148370563238859,0.027099940031766745
32.44012784957886,0.0,-11.619290480871193,11.619290480871193,0.5877352516353129,0.5606353116035462,1.148370563238859,0.027099940031766745
32.46013879776001,0.0,-11.316916759696957,11.316916759696957,0.5877352516353129,0.5606353116035462,1.148370563238859,0.027099940031766745
32.48013210296631,0.0,-11.316916759696957,11.316916759696957,0.5877352516353129,0.5606353116035462,1.148370563238859,0.027099940031766745
32.50013446807861,0.0,-11.004705282757566,11.004705282757566,0.5877352516353129,0.5606353116035462,1.148370563238859,0.027099940031766745
32.52013444900513,0.0,-10.719779851206054,10.719779851206054,0.5877352516353129,0.5606353116035462,1.148370563238859,0.027099940031766745
32.54013156890869,0.0,-10.474261380964842,10.474261380964842,0.5877352516353129,0.5606353116035462,1.148370563238859,0.027099940031766745
32.56013369560242,0.0,-10.277846604771874,10.277846604771874,0.5877352516353129,0.5606353116035462,1.148370563238859,0.027099940031766745
32.5801317691803,0.0,-10.1207147838175,10.1207147838175,0.5877352516353129,0.5606353116035462,1.148370563238859,0.027099940031766745
32.600263357162476,0.0,-9.995009327054,9.995009327054,0.5877352516353129,0.5606353116035462,1.148370563238859,0.027099940031766745
32.62026834487915,0.0,-9.894444961643199,9.894444961643199,0.5877352516353129,0.5606353116035462,1.148370563238859,0.027099940031766745
32.6402485370636,0.0,-9.813993469314559,9.813993469314559,0.6298870752751826,0.5159386304020882,1.1458257056772707,0.11394844487309441
32.660135984420776,0.0,-9.749632275451647,9.749632275451647,0.6298870752751826,0.5159386304020882,1.1458257056772707,0.11394844487309441
32.68014121055603,0.0,-9.698143320361318,9.698143320361318,0.6298870752751826,0.5159386304020882,1.1458257056772707,0.11394844487309441
32.700143814086914,0.0,-9.698143320361318,9.698143320361318,0.6298870752751826,0.5159386304020882,1.1458257056772707,0.11394844487309441
32.72014546394348,0.0,-9.656952156289055,9.656952156289055,0.6298870752751826,0.5159386304020882,1.1458257056772707,0.11394844487309441
32.74016332626343,0.0,-9.623999225031243,9.623999225031243,0.6298870752751826,0.5159386304020882,1.1458257056772707,0.11394844487309441
32.76015257835388,0.0,-9.597636880024995,9.597636880024995,0.6298870752751826,0.5159386304020882,1.1458257056772707,0.11394844487309441
32.7801468372345,0.0,-9.558968879019996,9.558968879019996,0.6298870752751826,0.5159386304020882,1.1458257056772707,0.11394844487309441
32.80013942718506,0.0,-9.528034478215996,9.528034478215996,0.6298870752751826,0.5159386304020882,1.1458257056772707,0.11394844487309441
32.82021427154541,0.0,-9.503286957572799,9.503286957572799,0.6298870752751826,0.5159386304020882,1.1458257056772707,0.11394844487309441
32.84016728401184,0.0,-9.483488941058239,9.483488941058239,0.6298870752751826,0.5159386304020882,1.1458257056772707,0.11394844487309441
32.86025547981262,0.0,-9.467650527846592,9.467650527846592,0.6298870752751826,0.5159386304020882,1.1458257056772707,0.11394844487309441
32.88025188446045,0.0,-9.472557922277275,9.472557922277275,0.5931773680448531,0.5390390605479479,1.132216428592801,0.05413830749690518
32.900145053863525,0.0,-9.45890571282182,9.45890571282182,0.5931773680448531,0.5390390605479479,1.132216428592801,0.05413830749690518
32.920140981674194,0.0,-9.45890571282182,9.45890571282182,0.5931773680448531,0.5390390605479479,1.132216428592801,0.05413830749690518
32.940147161483765,0.0,-9.447983945257457,9.447983945257457,0.5931773680448531,0.5390390605479479,1.132216428592801,0.05413830749690518
32.96013879776001,0.0,-9.439246531205967,9.439246531205967,0.5931773680448531,0.5390390605479479,1.132216428592801,0.05413830749690518
32.980193853378296,0.0,-9.449834724964774,9.449834724964774,0.5931773680448531,0.5390390605479479,1.132216428592801,0.05413830749690518
33.0002326965332,0.0,-9.45830527997182,9.45830527997182,0.5931773680448531,0.5390390605479479,1.132216428592801,0.05413830749690518
33.020230770111084,0.0,-9.465081723977455,9.465081723977455,0.5931773680448531,0.5390390605479479,1.132216428592801,0.05413830749690518
33.040316104888916,0.0,-9.470502879181964,9.470502879181964,0.5931773680448531,0.5390390605479479,1.132216428592801,0.05413830749690518
33.06032872200012,0.0,-9.474839803345573,9.474839803345573,0.5931773680448531,0.5390390605479479,1.132216428592801,0.05413830749690518
33.0803337097168,0.0,-9.478309342676457,9.478309342676457,0.63948503986001,0.4690390605479479,1.108524100407958,0.17044597931206212
33.10024857521057,0.0,-9.481084974141167,9.481084974141167,0.63948503986001,0.4690390605479479,1.108524100407958,0.17044597931206212
33.12020707130432,0.0,-9.483305479312932,9.483305479312932,0.63948503986001,0.4690390605479479,1.108524100407958,0.17044597931206212
33.14014554023743,0.0,-9.483305479312932,9.483305479312932,0.63948503986001,0.4690390605479479,1.108524100407958,0.17044597931206212
33.16014552116394,0.0,-9.485081883450347,9.485081883450347,0.63948503986001,0.4690390605479479,1.108524100407958,0.17044597931206212
33.180140256881714,0.0,-9.486503006760277,9.486503006760277,0.63948503986001,0.4690390605479479,1.108524100407958,0.17044597931206212
33.200143337249756,0.0,-9.487639905408223,9.487639905408223,0.63948503986001,0.4690390605479479,1.108524100407958,0.17044597931206212
33.22014307975769,0.0,-9.488549424326576,9.488549424326576,0.63948503986001,0.4690390605479479,1.108524100407958,0.17044597931206212
33.2401442527771,0.0,-9.471698914461262,9.471698914461262,0.63948503986001,0.4690390605479479,1.108524100407958,0.17044597931206212
33.260143756866455,0.0,-9.458218506569011,9.458218506569011,0.63948503986001,0.4690390605479479,1.108524100407958,0.17044597931206212
33.28027677536011,0.0,-9.447434180255208,9.447434180255208,0.7,0.5003257546573878,1.2003257546573878,0.19967424534261213
33.30014991760254,0.0,-9.438806719204168,9.438806719204168,0.7,0.5003257546573878,1.2003257546573878,0.19967424534261213
33.320144176483154,0.0,-9.431904750363335,9.431904750363335,0.7,0.5003257546573878,1.2003257546573878,0.19967424534261213
33.34016942977905,0.0,-9.426383175290669,9.426383175290669,0.7,0.5003257546573878,1.2003257546573878,0.19967424534261213
33.36015963554382,0.0,-9.426383175290669,9.426383175290669,0.7,0.5003257546573878,1.2003257546573878,0.19967424534261213
33.380149126052856,0.0,-9.421965915232535,9.421965915232535,0.7,0.5003257546573878,1.2003257546573878,0.19967424534261213
33.40014624595642,0.0,-9.418432107186028,9.418432107186028,0.7,0.5003257546573878,1.2003257546573878,0.19967424534261213
33.420140981674194,0.0,-9.415605060748824,9.415605060748824,0.7,0.5003257546573878,1.2003257546573878,0.19967424534261213
33.4401752948761,0.0,-9.41334342359906,9.41334342359906,0.7,0.5003257546573878,1.2003257546573878,0.19967424534261213
33.46015691757202,0.0,-9.411534113879249,9.411534113879249,0.7,0.5003257546573878,1.2003257546573878,0.19967424534261213
33.48026514053345,0.0,-9.4276647911034,9.4276647911034,0.7,0.5003257546573878,1.2003257546573878,0.19967424534261213
33.500266313552856,0.0,-9.440569332882719,9.440569332882719,0.6549585245549678,0.4754657153040172,1.130424239858985,0.17949280925095062
33.52017164230347,0.0,-9.450892966306174,9.450892966306174,0.6549585245549678,0.4754657153040172,1.130424239858985,0.17949280925095062
33.540146827697754,0.0,-9.45915187304494,9.45915187304494,0.6549585245549678,0.4754657153040172,1.130424239858985,0.17949280925095062
33.56013870239258,0.0,-9.465758998435952,9.465758998435952,0.6549585245549678,0.4754657153040172,1.130424239858985,0.17949280925095062
33.580137491226196,0.0,-9.465758998435952,9.465758998435952,0.6549585245549678,0.4754657153040172,1.130424239858985,0.17949280925095062
33.60013961791992,0.0,-9.471044698748761,9.471044698748761,0.6549585245549678,0.4754657153040172,1.130424239858985,0.17949280925095062
33.6201376914978,0.0,-9.475273258999009,9.475273258999009,0.6549585245549678,0.4754657153040172,1.130424239858985,0.17949280925095062
33.64013910293579,0.0,-9.478656107199207,9.478656107199207,0.6549585245549678,0.4754657153040172,1.130424239858985,0.17949280925095062
33.66015028953552,0.0,-9.481362385759367,9.481362385759367,0.6549585245549678,0.4754657153040172,1.130424239858985,0.17949280925095062
33.68014216423035,0.0,-9.483527408607493,9.483527408607493,0.6549585245549678,0.4754657153040172,1.130424239858985,0.17949280925095062
33.70027542114258,0.0,-9.485259426885994,9.485259426885994,0.6549585245549678,0.4754657153040172,1.130424239858985,0.17949280925095062
33.72026348114014,0.0,-9.486645041508796,9.486645041508796,0.6080139547586441,0.48946654926985506,1.0974805040284992,0.118547405488789
33.740192890167236,0.0,-9.487753533207036,9.487753533207036,0.6080139547586441,0.48946654926985506,1.0974805040284992,0.118547405488789
33.76015043258667,0.0,-9.48864032656563,9.48864032656563,0.6080139547586441,0.48946654926985506,1.0974805040284992,0.118547405488789
33.78014302253723,0.0,-9.489349761252504,9.489349761252504,0.6080139547586441,0.48946654926985506,1.0974805040284992,0.118547405488789
33.800137996673584,0.0,-9.489349761252504,9.489349761252504,0.6080139547586441,0.48946654926985506,1.0974805040284992,0.118547405488789
33.82014226913452,0.0,-9.489917309002003,9.489917309002003,0.6080139547586441,0.48946654926985506,1.0974805040284992,0.118547405488789
33.840139865875244,0.0,-9.490371347201602,9.490371347201602,0.6080139547586441,0.48946654926985506,1.0974805040284992,0.118547405488789
33.860153675079346,0.0,-9.490734577761282,9.490734577761282,0.6080139547586441,0.48946654926985506,1.0974805040284992,0.118547405488789
33.88014268875122,0.0,-9.491025162209025,9.491025162209025,0.6080139547586441,0.48946654926985506,1.0974805040284992,0.118547405488789
33.90013861656189,0.0,-9.49125762976722,9.49125762976722,0.6080139547586441,0.48946654926985506,1.0974805040284992,0.118547405488789
33.92027401924133,0.0,-9.473865478813776,9.473865478813776,0.6080139547586441,0.48946654926985506,1.0974805040284992,0.118547405488789
33.940284967422485,0.0,-9.459951758051021,9.459951758051021,0.538013954758644,0.4737463401630521,1.0117602949216962,0.06426761459559188
33.9602108001709,0.0,-9.448820781440817,9.448820781440817,0.538013954758644,0.4737463401630521,1.0117602949216962,0.06426761459559188
33.9803032875061,0.0,-9.439916000152653,9.439916000152653,0.538013954758644,0.4737463401630521,1.0117602949216962,0.06426761459559188
34.0003457069397,0.0,-9.432792175122124,9.432792175122124,0.538013954758644,0.4737463401630521,1.0117602949216962,0.06426761459559188
34.02033972740173,0.0,-9.432792175122124,9.432792175122124,0.538013954758644,0.4737463401630521,1.0117602949216962,0.06426761459559188
34.04025197029114,0.0,-9.427093115097698,9.427093115097698,0.538013954758644,0.4737463401630521,1.0117602949216962,0.06426761459559188
34.06018686294556,0.0,-9.42253386707816,9.42253386707816,0.538013954758644,0.4737463401630521,1.0117602949216962,0.06426761459559188
34.08017611503601,0.0,-9.41888646866253,9.41888646866253,0.538013954758644,0.4737463401630521,1.0117602949216962,0.06426761459559188
34.10017991065979,0.0,-9.415968549930023,9.415968549930023,0.538013954758644,0.4737463401630521,1.0117602949216962,0.06426761459559188
34.120179414749146,0.0,-9.39605608994402,9.39605608994402,0.538013954758644,0.4737463401630521,1.0117602949216962,0.06426761459559188
34.140270709991455,0.0,-9.380126121955215,9.380126121955215,0.538013954758644,0.4737463401630521,1.0117602949216962,0.06426761459559188
34.16017031669617,0.0,-9.367382147564172,9.367382147564172,0.538013954758644,0.4737463401630521,1.0117602949216962,0.06426761459559188
34.180171728134155,0.0,-9.357186968051337,9.357186968051337,0.538013954758644,0.4737463401630521,1.0117602949216962,0.06426761459559188
34.20017719268799,0.0,-9.349030824441071,9.349030824441071,0.538013954758644,0.4737463401630521,1.0117602949216962,0.06426761459559188
34.22027277946472,0.0,-9.342505909552857,9.342505909552857,0.49369423568248744,0.40374634016305216,0.8974405758455396,0.08994789551943527
34.24016094207764,0.0,-9.342505909552857,9.342505909552857,0.49369423568248744,0.40374634016305216,0.8974405758455396,0.08994789551943527
34.26014709472656,0.0,-9.337285977642285,9.337285977642285,0.49369423568248744,0.40374634016305216,0.8974405758455396,0.08994789551943527
34.2801399230957,0.0,-9.333110032113828,9.333110032113828,0.49369423568248744,0.40374634016305216,0.8974405758455396,0.08994789551943527
34.30016350746155,0.0,-9.329769275691064,9.329769275691064,0.49369423568248744,0.40374634016305216,0.8974405758455396,0.08994789551943527
34.32020282745361,0.0,-9.327096670552852,9.327096670552852,0.49369423568248744,0.40374634016305216,0.8974405758455396,0.08994789551943527
34.3402624130249,0.0,-9.324958586442282,9.324958586442282,0.49369423568248744,0.40374634016305216,0.8974405758455396,0.08994789551943527
34.36023807525635,0.0,-9.305669994153828,9.305669994153828,0.49369423568248744,0.40374634016305216,0.8974405758455396,0.08994789551943527
34.380181312561035,0.0,-9.290239120323061,9.290239120323061,0.49369423568248744,0.40374634016305216,0.8974405758455396,0.08994789551943527
34.40014028549194,0.0,-9.27789442125845,9.27789442125845,0.49369423568248744,0.40374634016305216,0.8974405758455396,0.08994789551943527
34.42013430595398,0.0,-9.26801866200676,9.26801866200676,0.49369423568248744,0.40374634016305216,0.8974405758455396,0.08994789551943527
34.44013285636902,0.0,-9.260118054605408,9.260118054605408,0.49369423568248744,0.40374634016305216,0.8974405758455396,0.08994789551943527
34.460176944732666,0.0,-9.260118054605408,9.260118054605408,0.49369423568248744,0.40374634016305216,0.8974405758455396,0.08994789551943527
34.48018431663513,0.0,-9.253797568684329,9.253797568684329,0.49369423568248744,0.40374634016305216,0.8974405758455396,0.08994789551943527
34.5002281665802,0.0,-9.248741179947464,9.248741179947464,0.4491302567720412,0.41676111865788706,0.8658913754299282,0.03236913811415415
34.520224809646606,0.0,-9.244696068957971,9.244696068957971,0.4491302567720412,0.41676111865788706,0.8658913754299282,0.03236913811415415
34.54019236564636,0.0,-9.241459980166377,9.241459980166377,0.4491302567720412,0.41676111865788706,0.8658913754299282,0.03236913811415415
34.560176849365234,0.0,-9.238871109133102,9.238871109133102,0.4491302567720412,0.41676111865788706,0.8658913754299282,0.03236913811415415
34.58017134666443,0.0,-9.23680001230648,9.23680001230648,0.4491302567720412,0.41676111865788706,0.8658913754299282,0.03236913811415415
34.600177526474,0.0,-9.235143134845185,9.235143134845185,0.4491302567720412,0.41676111865788706,0.8658913754299282,0.03236913811415415
34.62016439437866,0.0,-9.23381763287615,9.23381763287615,0.4491302567720412,0.41676111865788706,0.8658913754299282,0.03236913811415415
34.640172243118286,0.0,-9.215179106300921,9.215179106300921,0.4491302567720412,0.41676111865788706,0.8658913754299282,0.03236913811415415
34.66016912460327,0.0,-9.200268285040737,9.200268285040737,0.4491302567720412,0.41676111865788706,0.8658913754299282,0.03236913811415415
34.68026113510132,0.0,-9.200268285040737,9.200268285040737,0.4491302567720412,0.41676111865788706,0.8658913754299282,0.03236913811415415
34.70025658607483,0.0,-9.18833962803259,9.18833962803259,0.5191302567720413,0.4217563622817398,0.940886619053781,0.09737389449030148
34.72026062011719,0.0,-9.178796702426075,9.178796702426075,0.5191302567720413,0.4217563622817398,0.940886619053781,0.09737389449030148
34.74025821685791,0.0,-9.17116236194086,9.17116236194086,0.5191302567720413,0.4217563622817398,0.940886619053781,0.09737389449030148
34.7602801322937,0.0,-9.16505488955269,9.16505488955269,0.5191302567720413,0.4217563622817398,0.940886619053781,0.09737389449030148
34.78026819229126,0.0,-9.160168911642154,9.160168911642154,0.5191302567720413,0.4217563622817398,0.940886619053781,0.09737389449030148
34.800262451171875,0.0,-9.156260129313724,9.156260129313724,0.5191302567720413,0.4217563622817398,0.940886619053781,0.09737389449030148
34.820173263549805,0.0,-9.15313310345098,9.15313310345098,0.5191302567720413,0.4217563622817398,0.940886619053781,0.09737389449030148
34.84014678001404,0.0,-9.150631482760785,9.150631482760785,0.5191302567720413,0.4217563622817398,0.940886619053781,0.09737389449030148
34.860148191452026,0.0,-9.148630186208628,9.148630186208628,0.5191302567720413,0.4217563622817398,0.940886619053781,0.09737389449030148
34.88026738166809,0.0,-9.147029148966903,9.147029148966903,0.5191302567720413,0.4217563622817398,0.940886619053781,0.09737389449030148
34.90026307106018,0.0,-9.147029148966903,9.147029148966903,0.5191302567720413,0.4217563622817398,0.940886619053781,0.09737389449030148
34.920191049575806,0.0,-9.163326444173522,9.163326444173522,0.4858226299285889,0.4917563622817398,0.9775789922103286,-0.005933732353150922
34.94016432762146,0.0,-9.176364280338818,9.176364280338818,0.4858226299285889,0.4917563622817398,0.9775789922103286,-0.005933732353150922
34.960145235061646,0.0,-9.186794549271054,9.186794549271054,0.4858226299285889,0.4917563622817398,0.9775789922103286,-0.005933732353150922
34.98013949394226,0.0,-9.195138764416845,9.195138764416845,0.4858226299285889,0.4917563622817398,0.9775789922103286,-0.005933732353150922
35.00014114379883,0.0,-9.201814136533477,9.201814136533477,0.4858226299285889,0.4917563622817398,0.9775789922103286,-0.005933732353150922
35.02015256881714,0.0,-9.207154434226782,9.207154434226782,0.4858226299285889,0.4917563622817398,0.9775789922103286,-0.005933732353150922
35.04014253616333,0.0,-9.211426672381426,9.211426672381426,0.4858226299285889,0.4917563622817398,0.9775789922103286,-0.005933732353150922
35.060137033462524,0.0,-9.214844462905141,9.214844462905141,0.4858226299285889,0.4917563622817398,0.9775789922103286,-0.005933732353150922
35.08013677597046,0.0,-9.217578695324114,9.217578695324114,0.4858226299285889,0.4917563622817398,0.9775789922103286,-0.005933732353150922
35.100257873535156,0.0,-9.21976608125929,9.21976608125929,0.4858226299285889,0.4917563622817398,0.9775789922103286,-0.005933732353150922
35.120278120040894,0.0,-9.21976608125929,9.21976608125929,0.5214375488460063,0.4793606534600259,1.0007982023060322,0.04207689538598047
35.140339612960815,0.0,-9.221515990007433,9.221515990007433,0.5214375488460063,0.4793606534600259,1.0007982023060322,0.04207689538598047
35.16024351119995,0.0,-9.222915917005947,9.222915917005947,0.5214375488460063,0.4793606534600259,1.0007982023060322,0.04207689538598047
35.18018412590027,0.0,-9.188879608604758,9.188879608604758,0.5214375488460063,0.4793606534600259,1.0007982023060322,0.04207689538598047
35.20014715194702,0.0,-9.003447436883807,9.003447436883807,0.5214375488460063,0.4793606534600259,1.0007982023060322,0.04207689538598047
35.22013473510742,0.0,-8.661742324507046,8.661742324507046,0.5214375488460063,0.4793606534600259,1.0007982023060322,0.04207689538598047
35.24015283584595,0.0,-8.370800109605637,8.370800109605637,0.5214375488460063,0.4793606534600259,1.0007982023060322,0.04207689538598047
35.26014304161072,0.0,-8.120468212684509,8.120468212684509,0.5214375488460063,0.4793606534600259,1.0007982023060322,0.04207689538598047
35.28013730049133,0.0,-7.937780820147607,7.937780820147607,0.5214375488460063,0.4793606534600259,1.0007982023060322,0.04207689538598047
35.30013847351074,0.0,-7.774052781118087,7.774052781118087,0.5214375488460063,0.4793606534600259,1.0007982023060322,0.04207689538598047
35.32013654708862,0.0,-7.66064847489447,7.66064847489447,0.5214375488460063,0.4793606534600259,1.0007982023060322,0.04207689538598047
35.340271949768066,0.0,-7.66064847489447,7.66064847489447,0.5214375488460063,0.4793606534600259,1.0007982023060322,0.04207689538598047
35.360299587249756,0.0,-7.552346904915575,7.552346904915575,0.572610580176115,0.4725272635929287,1.0451378437690437,0.10008331658318631
35.38023138046265,0.0,-7.46570564893246,7.46570564893246,0.572610580176115,0.4725272635929287,1.0451378437690437,0.10008331658318631
35.40017318725586,0.0,-7.396392644145968,7.396392644145968,0.572610580176115,0.4725272635929287,1.0451378437690437,0.10008331658318631
35.4201443195343,0.0,-7.3409422403167754,7.3409422403167754,0.572610580176115,0.4725272635929287,1.0451378437690437,0.10008331658318631
35.440136432647705,0.0,-7.2965819172534205,7.2965819172534205,0.572610580176115,0.4725272635929287,1.0451378437690437,0.10008331658318631
35.46014213562012,0.0,-7.278671783802736,7.278671783802736,0.572610580176115,0.4725272635929287,1.0451378437690437,0.10008331658318631
35.480138540267944,0.0,-7.264343677042189,7.264343677042189,0.572610580176115,0.4725272635929287,1.0451378437690437,0.10008331658318631
35.50014042854309,0.0,-7.252881191633751,7.252881191633751,0.572610580176115,0.4725272635929287,1.0451378437690437,0.10008331658318631
35.520140647888184,0.0,-7.243711203307001,7.243711203307001,0.572610580176115,0.4725272635929287,1.0451378437690437,0.10008331658318631
35.54013729095459,0.0,-7.2363752126456005,7.2363752126456005,0.572610580176115,0.4725272635929287,1.0451378437690437,0.10008331658318631
35.56026220321655,0.0,-7.2363752126456005,7.2363752126456005,0.572610580176115,0.4725272635929287,1.0451378437690437,0.10008331658318631
35.580262660980225,0.0,-7.23050642011648,7.23050642011648,0.5971220105886459,0.45571658937260523,1.052838599961251,0.14140542121604066
35.60016059875488,0.0,-7.225811386093184,7.225811386093184,0.5971220105886459,0.45571658937260523,1.052838599961251,0.14140542121604066
35.620144844055176,0.0,-7.222055358874548,7.222055358874548,0.5971220105886459,0.45571658937260523,1.052838599961251,0.14140542121604066
35.64013862609863,0.0,-7.236628662099638,7.236628662099638,0.5971220105886459,0.45571658937260523,1.052838599961251,0.14140542121604066
35.66013503074646,0.0,-7.248287304679711,7.248287304679711,0.5971220105886459,0.45571658937260523,1.052838599961251,0.14140542121604066
35.68013525009155,0.0,-7.25761421874377,7.25761421874377,0.5971220105886459,0.45571658937260523,1.052838599961251,0.14140542121604066
35.70013976097107,0.0,-7.265075749995017,7.265075749995017,0.5971220105886459,0.45571658937260523,1.052838599961251,0.14140542121604066
35.720139503479004,0.0,-7.2710449749960135,7.2710449749960135,0.5971220105886459,0.45571658937260523,1.052838599961251,0.14140542121604066
35.740164279937744,0.0,-7.275820354996811,7.275820354996811,0.5971220105886459,0.45571658937260523,1.052838599961251,0.14140542121604066
35.760276794433594,0.0,-7.279640658997449,7.279640658997449,0.5971220105886459,0.45571658937260523,1.052838599961251,0.14140542121604066
35.780285120010376,0.0,-7.279640658997449,7.279640658997449,0.6649458155035972,0.49192046178504834,1.1568662772886456,0.17302535371854888
35.800177812576294,0.0,-7.282696902197961,7.282696902197961,0.6649458155035972,0.49192046178504834,1.1568662772886456,0.17302535371854888
35.82015085220337,0.0,-7.285141896758368,7.285141896758368,0.6649458155035972,0.49192046178504834,1.1568662772886456,0.17302535371854888
35.84013891220093,0.0,-7.2870978924066945,7.2870978924066945,0.6649458155035972,0.49192046178504834,1.1568662772886456,0.17302535371854888
35.86016249656677,0.0,-7.288662688925355,7.288662688925355,0.6649458155035972,0.49192046178504834,1.1568662772886456,0.17302535371854888
35.88020873069763,0.0,-7.289914526140286,7.289914526140286,0.6649458155035972,0.49192046178504834,1.1568662772886456,0.17302535371854888
35.90018653869629,0.0,-7.290915995912229,7.290915995912229,0.6649458155035972,0.49192046178504834,1.1568662772886456,0.17302535371854888
35.920151710510254,0.0,-7.291717171729784,7.291717171729784,0.6649458155035972,0.49192046178504834,1.1568662772886456,0.17302535371854888
35.94013714790344,0.0,-7.292358112383828,7.292358112383828,0.6649458155035972,0.49192046178504834,1.1568662772886456,0.17302535371854888
35.96013283729553,0.0,-7.292870864907061,7.292870864907061,0.6649458155035972,0.49192046178504834,1.1568662772886456,0.17302535371854888
35.98013424873352,0.0,-7.293281066925649,7.293281066925649,0.6649458155035972,0.49192046178504834,1.1568662772886456,0.17302535371854888
36.000133752822876,0.0,-7.293281066925649,7.293281066925649,0.6649458155035972,0.49192046178504834,1.1568662772886456,0.17302535371854888
36.02027249336243,0.0,-7.31118735354052,7.31118735354052,0.6649458155035972,0.49192046178504834,1.1568662772886456,0.17302535371854888
36.0402569770813,0.0,-7.325512382832415,7.325512382832415,0.6786966508254408,0.5619204617850484,1.2406171126104892,0.11677618904039244
36.06016135215759,0.0,-7.336972406265932,7.336972406265932,0.6786966508254408,0.5619204617850484,1.2406171126104892,0.11677618904039244
36.08015012741089,0.0,-7.346140425012747,7.346140425012747,0.6786966508254408,0.5619204617850484,1.2406171126104892,0.11677618904039244
36.10014033317566,0.0,-7.353474840010199,7.353474840010199,0.6786966508254408,0.5619204617850484,1.2406171126104892,0.11677618904039244
36.120136976242065,0.0,-7.359342372008159,7.359342372008159,0.6786966508254408,0.5619204617850484,1.2406171126104892,0.11677618904039244
36.14014267921448,0.0,-7.364036397606527,7.364036397606527,0.6786966508254408,0.5619204617850484,1.2406171126104892,0.11677618904039244
36.16013479232788,0.0,-7.3677916180852225,7.3677916180852225,0.6786966508254408,0.5619204617850484,1.2406171126104892,0.11677618904039244
36.1801393032074,0.0,-7.370795794468179,7.370795794468179,0.6786966508254408,0.5619204617850484,1.2406171126104892,0.11677618904039244
36.200138568878174,0.0,-7.373199135574542,7.373199135574542,0.6786966508254408,0.5619204617850484,1.2406171126104892,0.11677618904039244
36.22027230262756,0.0,-7.373199135574542,7.373199135574542,0.6786966508254408,0.5619204617850484,1.2406171126104892,0.11677618904039244
36.24031329154968,0.0,-7.392699933459634,7.392699933459634,0.6157914659008383,0.49961018336936847,1.1154016492702068,0.11618128253146986
36.260169982910156,0.0,-7.408300571767708,7.408300571767708,0.6157914659008383,0.49961018336936847,1.1154016492702068,0.11618128253146986
36.28014826774597,0.0,-7.420781082414167,7.420781082414167,0.6157914659008383,0.49961018336936847,1.1154016492702068,0.11618128253146986
36.30016756057739,0.0,-7.430765490931333,7.430765490931333,0.6157914659008383,0.49961018336936847,1.1154016492702068,0.11618128253146986
36.32016038894653,0.0,-7.438753017745068,7.438753017745068,0.6157914659008383,0.49961018336936847,1.1154016492702068,0.11618128253146986
36.34017848968506,0.0,-7.445143039196054,7.445143039196054,0.6157914659008383,0.49961018336936847,1.1154016492702068,0.11618128253146986
36.36015033721924,0.0,-7.450255056356844,7.450255056356844,0.6157914659008383,0.49961018336936847,1.1154016492702068,0.11618128253146986
36.38014602661133,0.0,-7.454344670085476,7.454344670085476,0.6157914659008383,0.49961018336936847,1.1154016492702068,0.11618128253146986
36.40014696121216,0.0,-7.457616361068381,7.457616361068381,0.6157914659008383,0.49961018336936847,1.1154016492702068,0.11618128253146986
36.42015600204468,0.0,-7.460233713854705,7.460233713854705,0.6157914659008383,0.49961018336936847,1.1154016492702068,0.11618128253146986
36.44026708602905,0.0,-7.460233713854705,7.460233713854705,0.6157914659008383,0.49961018336936847,1.1154016492702068,0.11618128253146986
36.46026539802551,0.0,-7.444749471083765,7.444749471083765,0.6183267781045287,0.5046095737069847,1.1229363518115134,0.11371720439754407
36.4801766872406,0.0,-7.432362076867011,7.432362076867011,0.6183267781045287,0.5046095737069847,1.1229363518115134,0.11371720439754407
36.50015711784363,0.0,-7.422452161493609,7.422452161493609,0.6183267781045287,0.5046095737069847,1.1229363518115134,0.11371720439754407
36.52015447616577,0.0,-7.414524229194888,7.414524229194888,0.6183267781045287,0.5046095737069847,1.1229363518115134,0.11371720439754407
36.54015564918518,0.0,-7.408181883355911,7.408181883355911,0.6183267781045287,0.5046095737069847,1.1229363518115134,0.11371720439754407
36.560147762298584,0.0,-7.40310800668473,7.40310800668473,0.6183267781045287,0.5046095737069847,1.1229363518115134,0.11371720439754407
36.58014726638794,0.0,-7.399048905347784,7.399048905347784,0.6183267781045287,0.5046095737069847,1.1229363518115134,0.11371720439754407
36.60018849372864,0.0,-7.395801624278227,7.395801624278227,0.6183267781045287,0.5046095737069847,1.1229363518115134,0.11371720439754407
36.6201605796814,0.0,-7.393203799422581,7.393203799422581,0.6183267781045287,0.5046095737069847,1.1229363518115134,0.11371720439754407
36.640156507492065,0.0,-7.3911255395380655,7.3911255395380655,0.6183267781045287,0.5046095737069847,1.1229363518115134,0.11371720439754407
36.66014242172241,0.0,-7.3911255395380655,7.3911255395380655,0.6183267781045287,0.5046095737069847,1.1229363518115134,0.11371720439754407
36.680259466171265,0.0,-7.389462931630453,7.389462931630453,0.6183267781045287,0.5046095737069847,1.1229363518115134,0.11371720439754407
36.70026183128357,0.0,-7.388132845304362,7.388132845304362,0.5874997177626937,0.5741601847857238,1.1616599025484176,0.013339532976969881
36.720178842544556,0.0,-7.387068776243491,7.387068776243491,0.5874997177626937,0.5741601847857238,1.1616599025484176,0.013339532976969881
36.7401487827301,0.0,-7.3862175209947925,7.3862175209947925,0.5874997177626937,0.5741601847857238,1.1616599025484176,0.013339532976969881
36.76014256477356,0.0,-7.385536516795836,7.385536516795836,0.5874997177626937,0.5741601847857238,1.1616599025484176,0.013339532976969881
36.780160427093506,0.0,-7.384991713436669,7.384991713436669,0.5874997177626937,0.5741601847857238,1.1616599025484176,0.013339532976969881
36.80017709732056,0.0,-7.384555870749335,7.384555870749335,0.5874997177626937,0.5741601847857238,1.1616599025484176,0.013339532976969881
36.82016086578369,0.0,-7.384207196599468,7.384207196599468,0.5874997177626937,0.5741601847857238,1.1616599025484176,0.013339532976969881
36.84020781517029,0.0,-7.383928257279575,7.383928257279575,0.5874997177626937,0.5741601847857238,1.1616599025484176,0.013339532976969881
36.86023926734924,0.0,-7.383705105823661,7.383705105823661,0.5874997177626937,0.5741601847857238,1.1616599025484176,0.013339532976969881
36.88025665283203,0.0,-7.383705105823661,7.383705105823661,0.5874997177626937,0.5741601847857238,1.1616599025484176,0.013339532976969881
36.90018320083618,0.0,-7.383526584658929,7.383526584658929,0.5874997177626937,0.5741601847857238,1.1616599025484176,0.013339532976969881
36.92014670372009,0.0,-7.383383767727143,7.383383767727143,0.5874997177626937,0.5741601847857238,1.1616599025484176,0.013339532976969881
36.940163135528564,0.0,-7.400847639181715,7.400847639181715,0.5874997177626937,0.5741601847857238,1.1616599025484176,0.013339532976969881
36.96014666557312,0.0,-7.397240611345373,7.397240611345373,0.5874997177626937,0.5741601847857238,1.1616599025484176,0.013339532976969881
36.98014545440674,0.0,-7.411933114076298,7.411933114076298,0.5874997177626937,0.5741601847857238,1.1616599025484176,0.013339532976969881
37.00014519691467,0.0,-7.423687116261038,7.423687116261038,0.5874997177626937,0.5741601847857238,1.1616599025484176,0.013339532976969881
37.02013635635376,0.0,-7.433090318008831,7.433090318008831,0.5874997177626937,0.5741601847857238,1.1616599025484176,0.013339532976969881
37.04013681411743,0.0,-7.440612879407065,7.440612879407065,0.5874997177626937,0.5741601847857238,1.1616599025484176,0.013339532976969881
37.06019163131714,0.0,-7.446630928525653,7.446630928525653,0.5874997177626937,0.5741601847857238,1.1616599025484176,0.013339532976969881
37.080260276794434,0.0,-7.451445367820523,7.451445367820523,0.5874997177626937,0.5741601847857238,1.1616599025484176,0.013339532976969881
37.10028433799744,0.0,-7.451445367820523,7.451445367820523,0.6329276175703853,0.6262814366072418,1.259209054177627,0.006646180963143511
37.12016701698303,0.0,-7.455296919256419,7.455296919256419,0.6329276175703853,0.6262814366072418,1.259209054177627,0.006646180963143511
37.14015007019043,0.0,-7.458378160405136,7.458378160405136,0.6329276175703853,0.6262814366072418,1.259209054177627,0.006646180963143511
37.16020154953003,0.0,-7.443265028324109,7.443265028324109,0.6329276175703853,0.6262814366072418,1.259209054177627,0.006646180963143511
37.18026614189148,0.0,-7.448752647659286,7.448752647659286,0.6329276175703853,0.6262814366072418,1.259209054177627,0.006646180963143511
37.20026922225952,0.0,-7.4531427431274295,7.4531427431274295,0.6329276175703853,0.6262814366072418,1.259209054177627,0.006646180963143511
37.22021818161011,0.0,-7.456654819501945,7.456654819501945,0.6329276175703853,0.6262814366072418,1.259209054177627,0.006646180963143511
37.24018454551697,0.0,-7.459464480601556,7.459464480601556,0.6329276175703853,0.6262814366072418,1.259209054177627,0.006646180963143511
37.26015329360962,0.0,-7.461712209481245,7.461712209481245,0.6329276175703853,0.6262814366072418,1.259209054177627,0.006646180963143511
37.28013825416565,0.0,-7.463510392584996,7.463510392584996,0.6329276175703853,0.6262814366072418,1.259209054177627,0.006646180963143511
37.30017328262329,0.0,-7.464948939067997,7.464948939067997,0.6329276175703853,0.6262814366072418,1.259209054177627,0.006646180963143511
37.32015323638916,0.0,-7.464948939067997,7.464948939067997,0.6329276175703853,0.6262814366072418,1.259209054177627,0.006646180963143511
37.34026288986206,0.0,-7.466099776254398,7.466099776254398,0.6329276175703853,0.6262814366072418,1.259209054177627,0.006646180963143511
37.360275983810425,0.0,-7.467020446003519,7.467020446003519,0.6314541150815784,0.5562814366072417,1.1877355516888202,0.07517267847433673
37.38017749786377,0.0,-7.4677569818028156,7.4677569818028156,0.6314541150815784,0.5562814366072417,1.1877355516888202,0.07517267847433673
37.40014839172363,0.0,-7.485924335442252,7.485924335442252,0.6314541150815784,0.5562814366072417,1.1877355516888202,0.07517267847433673
37.42014265060425,0.0,-7.500458218353802,7.500458218353802,0.6314541150815784,0.5562814366072417,1.1877355516888202,0.07517267847433673
37.44013738632202,0.0,-7.512085324683042,7.512085324683042,0.6314541150815784,0.5562814366072417,1.1877355516888202,0.07517267847433673
37.46015167236328,0.0,-7.521387009746434,7.521387009746434,0.6314541150815784,0.5562814366072417,1.1877355516888202,0.07517267847433673
37.48013949394226,0.0,-7.528828357797146,7.528828357797146,0.6314541150815784,0.5562814366072417,1.1877355516888202,0.07517267847433673
37.50014352798462,0.0,-7.534781436237719,7.534781436237719,0.6314541150815784,0.5562814366072417,1.1877355516888202,0.07517267847433673
37.52014970779419,0.0,-7.521965773990176,7.521965773990176,0.6314541150815784,0.5562814366072417,1.1877355516888202,0.07517267847433673
37.540276288986206,0.0,-7.521965773990176,7.521965773990176,0.6314541150815784,0.5562814366072417,1.1877355516888202,0.07517267847433673
37.56028127670288,0.0,-7.511713244192141,7.511713244192141,0.6189986991696059,0.5919898752123118,1.2109885743819178,0.027008823957294092
37.580169916152954,0.0,-7.503511220353713,7.503511220353713,0.6189986991696059,0.5919898752123118,1.2109885743819178,0.027008823957294092
37.600149154663086,0.0,-7.49694960128297,7.49694960128297,0.6189986991696059,0.5919898752123118,1.2109885743819178,0.027008823957294092
37.620166063308716,0.0,-7.4917003060263765,7.4917003060263765,0.6189986991696059,0.5919898752123118,1.2109885743819178,0.027008823957294092
37.64014196395874,0.0,-7.487500869821102,7.487500869821102,0.6189986991696059,0.5919898752123118,1.2109885743819178,0.027008823957294092
37.660139322280884,0.0,-7.4841413208568826,7.4841413208568826,0.6189986991696059,0.5919898752123118,1.2109885743819178,0.027008823957294092
37.680137395858765,0.0,-7.481453681685507,7.481453681685507,0.6189986991696059,0.5919898752123118,1.2109885743819178,0.027008823957294092
37.70013761520386,0.0,-7.4793035703484065,7.4793035703484065,0.6189986991696059,0.5919898752123118,1.2109885743819178,0.027008823957294092
37.72013974189758,0.0,-7.477583481278725,7.477583481278725,0.6189986991696059,0.5919898752123118,1.2109885743819178,0.027008823957294092
37.74019527435303,0.0,-7.476207410022981,7.476207410022981,0.6189986991696059,0.5919898752123118,1.2109885743819178,0.027008823957294092
37.7602219581604,0.0,-7.476207410022981,7.476207410022981,0.6189986991696059,0.5919898752123118,1.2109885743819178,0.027008823957294092
37.78018569946289,0.0,-7.475106553018386,7.475106553018386,0.5759359451942145,0.536012675985694,1.1119486211799086,0.03992326920852052
37.80023193359375,0.0,-7.491803992414709,7.491803992414709,0.5759359451942145,0.536012675985694,1.1119486211799086,0.03992326920852052
37.82016921043396,0.0,-7.487583818931768,7.487583818931768,0.5759359451942145,0.536012675985694,1.1119486211799086,0.03992326920852052
37.84017038345337,0.0,-7.501785805145415,7.501785805145415,0.5759359451942145,0.536012675985694,1.1119486211799086,0.03992326920852052
37.860148429870605,0.0,-7.495569269116333,7.495569269116333,0.5759359451942145,0.536012675985694,1.1119486211799086,0.03992326920852052
37.88014245033264,0.0,-7.490596040293067,7.490596040293067,0.5759359451942145,0.536012675985694,1.1119486211799086,0.03992326920852052
37.90013909339905,0.0,-7.486617457234454,7.486617457234454,0.5759359451942145,0.536012675985694,1.1119486211799086,0.03992326920852052
37.920149087905884,0.0,-7.483434590787564,7.483434590787564,0.5759359451942145,0.536012675985694,1.1119486211799086,0.03992326920852052
37.94015455245972,0.0,-7.4808882976300515,7.4808882976300515,0.5759359451942145,0.536012675985694,1.1119486211799086,0.03992326920852052
37.96015453338623,0.0,-7.461273138104042,7.461273138104042,0.5759359451942145,0.536012675985694,1.1119486211799086,0.03992326920852052
37.9801459312439,0.0,-7.461273138104042,7.461273138104042,0.5759359451942145,0.536012675985694,1.1119486211799086,0.03992326920852052
38.00027298927307,0.0,-7.4455810104832345,7.4455810104832345,0.5759359451942145,0.536012675985694,1.1119486211799086,0.03992326920852052
38.02021336555481,0.0,-7.433027308386587,7.433027308386587,0.594069108646363,0.5459136594086886,1.1399827680550516,0.04815544923767434
38.04018187522888,0.0,-7.42298434670927,7.42298434670927,0.594069108646363,0.5459136594086886,1.1399827680550516,0.04815544923767434
38.06018042564392,0.0,-7.4149499773674155,7.4149499773674155,0.594069108646363,0.5459136594086886,1.1399827680550516,0.04815544923767434
38.08019232749939,0.0,-7.408522481893933,7.408522481893933,0.594069108646363,0.5459136594086886,1.1399827680550516,0.04815544923767434
38.1002094745636,0.0,-7.4033804855151475,7.4033804855151475,0.594069108646363,0.5459136594086886,1.1399827680550516,0.04815544923767434
38.120288372039795,0.0,-7.399266888412119,7.399266888412119,0.594069108646363,0.5459136594086886,1.1399827680550516,0.04815544923767434
38.140318155288696,0.0,-7.3959760107296955,7.3959760107296955,0.594069108646363,0.5459136594086886,1.1399827680550516,0.04815544923767434
38.16028952598572,0.0,-7.3933433085837565,7.3933433085837565,0.594069108646363,0.5459136594086886,1.1399827680550516,0.04815544923767434
38.1802396774292,0.0,-7.391237146867007,7.391237146867007,0.594069108646363,0.5459136594086886,1.1399827680550516,0.04815544923767434
38.20019245147705,0.0,-7.391237146867007,7.391237146867007,0.594069108646363,0.5459136594086886,1.1399827680550516,0.04815544923767434
38.22018313407898,0.0,-7.389552217493606,7.389552217493606,0.594069108646363,0.5459136594086886,1.1399827680550516,0.04815544923767434
38.24016237258911,0.0,-7.388204273994885,7.388204273994885,0.594069108646363,0.5459136594086886,1.1399827680550516,0.04815544923767434
38.260175704956055,0.0,-7.38712591919591,7.38712591919591,0.594069108646363,0.5459136594086886,1.1399827680550516,0.04815544923767434
38.28018069267273,0.0,-7.3862632353567275,7.3862632353567275,0.5945196030545048,0.5600598830729724,1.1545794861274772,0.03445971998153241
38.30017971992493,0.0,-7.385573088285383,7.385573088285383,0.5945196030545048,0.5600598830729724,1.1545794861274772,0.03445971998153241
38.32017397880554,0.0,-7.3850209706283065,7.3850209706283065,0.5945196030545048,0.5600598830729724,1.1545794861274772,0.03445971998153241
38.34020113945007,0.0,-7.384579276502646,7.384579276502646,0.5945196030545048,0.5600598830729724,1.1545794861274772,0.03445971998153241
38.360225677490234,0.0,-7.384225921202117,7.384225921202117,0.5945196030545048,0.5600598830729724,1.1545794861274772,0.03445971998153241
38.38016486167908,0.0,-7.401521361961693,7.401521361961693,0.5945196030545048,0.5600598830729724,1.1545794861274772,0.03445971998153241
38.40013790130615,0.0,-7.415357714569355,7.415357714569355,0.5945196030545048,0.5600598830729724,1.1545794861274772,0.03445971998153241
38.42013883590698,0.0,-7.415357714569355,7.415357714569355,0.5945196030545048,0.5600598830729724,1.1545794861274772,0.03445971998153241
38.44013833999634,0.0,-7.426426796655483,7.426426796655483,0.5945196030545048,0.5600598830729724,1.1545794861274772,0.03445971998153241
38.460143089294434,0.0,-7.4352820623243865,7.4352820623243865,0.5945196030545048,0.5600598830729724,1.1545794861274772,0.03445971998153241
38.480138063430786,0.0,-7.44236627485951,7.44236627485951,0.5945196030545048,0.5600598830729724,1.1545794861274772,0.03445971998153241
38.50013732910156,0.0,-7.448033644887609,7.448033644887609,0.5945196030545048,0.5600598830729724,1.1545794861274772,0.03445971998153241
38.52013897895813,0.0,-7.452567540910087,7.452567540910087,0.5945196030545048,0.5600598830729724,1.1545794861274772,0.03445971998153241
38.54013538360596,0.0,-7.456194657728069,7.456194657728069,0.5945196030545048,0.5600598830729724,1.1545794861274772,0.03445971998153241
38.560134410858154,0.0,-7.459096351182455,7.459096351182455,0.5945196030545048,0.5600598830729724,1.1545794861274772,0.03445971998153241
38.58013582229614,0.0,-7.461417705945964,7.461417705945964,0.5945196030545048,0.5600598830729724,1.1545794861274772,0.03445971998153241
38.60013389587402,0.0,-7.463274789756772,7.463274789756772,0.5945196030545048,0.5600598830729724,1.1545794861274772,0.03445971998153241
38.62013792991638,0.0,-7.4647604568054176,7.4647604568054176,0.5945196030545048,0.5600598830729724,1.1545794861274772,0.03445971998153241
38.64013719558716,0.0,-7.4647604568054176,7.4647604568054176,0.5945196030545048,0.5600598830729724,1.1545794861274772,0.03445971998153241
38.660144567489624,0.0,-7.465948990444335,7.465948990444335,0.5945196030545048,0.5600598830729724,1.1545794861274772,0.03445971998153241
38.680174350738525,0.0,-7.4668998173554675,7.4668998173554675,0.5945196030545048,0.5600598830729724,1.1545794861274772,0.03445971998153241
38.70017409324646,0.0,-7.4676604788843735,7.4676604788843735,0.602507328602951,0.5621489041019232,1.1646562327048742,0.04035842450102778
38.720216035842896,0.0,-7.468269008107499,7.468269008107499,0.602507328602951,0.5621489041019232,1.1646562327048742,0.04035842450102778
38.7402880191803,0.0,-7.468755831486001,7.468755831486001,0.602507328602951,0.5621489041019232,1.1646562327048742,0.04035842450102778
38.76023507118225,0.0,-7.469145290188801,7.469145290188801,0.602507328602951,0.5621489041019232,1.1646562327048742,0.04035842450102778
38.78022265434265,0.0,-7.469456857151041,7.469456857151041,0.602507328602951,0.5621489041019232,1.1646562327048742,0.04035842450102778
38.800174713134766,0.0,-7.469706110720833,7.469706110720833,0.602507328602951,0.5621489041019232,1.1646562327048742,0.04035842450102778
38.82013988494873,0.0,-7.469905513576666,7.469905513576666,0.602507328602951,0.5621489041019232,1.1646562327048742,0.04035842450102778
38.84013605117798,0.0,-7.470065035861333,7.470065035861333,0.602507328602951,0.5621489041019232,1.1646562327048742,0.04035842450102778
38.86013126373291,0.0,-7.470065035861333,7.470065035861333,0.602507328602951,0.5621489041019232,1.1646562327048742,0.04035842450102778
38.880131483078,0.0,-7.470192653689067,7.470192653689067,0.602507328602951,0.5621489041019232,1.1646562327048742,0.04035842450102778
38.90013337135315,0.0,-7.470294747951255,7.470294747951255,0.602507328602951,0.5621489041019232,1.1646562327048742,0.04035842450102778
38.9201340675354,0.0,-7.470376423361005,7.470376423361005,0.602507328602951,0.5621489041019232,1.1646562327048742,0.04035842450102778
38.94012999534607,0.0,-7.470441763688804,7.470441763688804,0.602507328602951,0.5621489041019232,1.1646562327048742,0.04035842450102778
38.960129261016846,0.0,-7.470494035951043,7.470494035951043,0.602507328602951,0.5621489041019232,1.1646562327048742,0.04035842450102778
38.98013234138489,0.0,-7.470535853760835,7.470535853760835,0.602507328602951,0.5621489041019232,1.1646562327048742,0.04035842450102778
39.00013065338135,0.0,-7.470569308008668,7.470569308008668,0.602507328602951,0.5621489041019232,1.1646562327048742,0.04035842450102778
39.020134925842285,0.0,-7.470596071406935,7.470596071406935,0.602507328602951,0.5621489041019232,1.1646562327048742,0.04035842450102778
39.04013013839722,0.0,-7.470617482125548,7.470617482125548,0.602507328602951,0.5621489041019232,1.1646562327048742,0.04035842450102778
39.060128688812256,0.0,-7.470634610700439,7.470634610700439,0.602507328602951,0.5621489041019232,1.1646562327048742,0.04035842450102778
39.08013367652893,0.0,-7.470634610700439,7.470634610700439,0.602507328602951,0.5621489041019232,1.1646562327048742,0.04035842450102778
39.10013437271118,0.0,-7.470648313560352,7.470648313560352,0.602507328602951,0.5621489041019232,1.1646562327048742,0.04035842450102778
39.12028741836548,0.0,-7.470659275848282,7.470659275848282,0.602507328602951,0.5621489041019232,1.1646562327048742,0.04035842450102778
39.14027523994446,0.0,-7.470668045678627,7.470668045678627,0.602507328602951,0.5621489041019232,1.1646562327048742,0.04035842450102778
39.16015076637268,0.0,-7.470675061542901,7.470675061542901,0.5558925326797179,0.5648912050761283,1.1207837377558463,-0.00899867239641039
39.18015456199646,0.0,-7.4706806742343215,7.4706806742343215,0.5558925326797179,0.5648912050761283,1.1207837377558463,-0.00899867239641039
39.20013761520386,0.0,-7.470685164387459,7.470685164387459,0.5558925326797179,0.5648912050761283,1.1207837377558463,-0.00899867239641039
39.220136642456055,0.0,-7.4706887565099676,7.4706887565099676,0.5558925326797179,0.5648912050761283,1.1207837377558463,-0.00899867239641039
39.240134477615356,0.0,-7.470691630207974,7.470691630207974,0.5558925326797179,0.5648912050761283,1.1207837377558463,-0.00899867239641039
39.260130643844604,0.0,-7.470693929166379,7.470693929166379,0.5558925326797179,0.5648912050761283,1.1207837377558463,-0.00899867239641039
39.28014278411865,0.0,-7.470695768333103,7.470695768333103,0.5558925326797179,0.5648912050761283,1.1207837377558463,-0.00899867239641039
39.30013608932495,0.0,-7.470695768333103,7.470695768333103,0.5558925326797179,0.5648912050761283,1.1207837377558463,-0.00899867239641039
39.32013726234436,0.0,-7.4706972396664835,7.4706972396664835,0.5558925326797179,0.5648912050761283,1.1207837377558463,-0.00899867239641039
39.34026384353638,0.0,-7.470698416733187,7.470698416733187,0.5558925326797179,0.5648912050761283,1.1207837377558463,-0.00899867239641039
39.360280990600586,0.0,-7.453121233386551,7.453121233386551,0.5932656843098811,0.5148343675769866,1.1081000518868678,0.0784313167328945
39.38016724586487,0.0,-7.43905948670924,7.43905948670924,0.5932656843098811,0.5148343675769866,1.1081000518868678,0.0784313167328945
39.40014386177063,0.0,-7.427810089367393,7.427810089367393,0.5932656843098811,0.5148343675769866,1.1081000518868678,0.0784313167328945
39.42013883590698,0.0,-7.418810571493914,7.418810571493914,0.5932656843098811,0.5148343675769866,1.1081000518868678,0.0784313167328945
39.44013714790344,0.0,-7.4116109571951325,7.4116109571951325,0.5932656843098811,0.5148343675769866,1.1081000518868678,0.0784313167328945
39.460134744644165,0.0,-7.405851265756107,7.405851265756107,0.5932656843098811,0.5148343675769866,1.1081000518868678,0.0784313167328945
39.48019981384277,0.0,-7.401243512604886,7.401243512604886,0.5932656843098811,0.5148343675769866,1.1081000518868678,0.0784313167328945
39.50016164779663,0.0,-7.39755731008391,7.39755731008391,0.5932656843098811,0.5148343675769866,1.1081000518868678,0.0784313167328945
39.52013969421387,0.0,-7.39755731008391,7.39755731008391,0.5932656843098811,0.5148343675769866,1.1081000518868678,0.0784313167328945
39.54013729095459,0.0,-7.377030223067129,7.377030223067129,0.5932656843098811,0.5148343675769866,1.1081000518868678,0.0784313167328945
39.56013488769531,0.0,-7.360608553453704,7.360608553453704,0.5932656843098811,0.5148343675769866,1.1081000518868678,0.0784313167328945
39.58013558387756,0.0,-7.347471217762965,7.347471217762965,0.5932656843098811,0.5148343675769866,1.1081000518868678,0.0784313167328945
39.60013389587402,0.0,-7.336961349210373,7.336961349210373,0.5932656843098811,0.5148343675769866,1.1081000518868678,0.0784313167328945
39.62013602256775,0.0,-7.3285534543683,7.3285534543683,0.5932656843098811,0.5148343675769866,1.1081000518868678,0.0784313167328945
39.64013457298279,0.0,-7.32182713849464,7.32182713849464,0.5932656843098811,0.5148343675769866,1.1081000518868678,0.0784313167328945
39.66013431549072,0.0,-7.334024210795712,7.334024210795712,0.5932656843098811,0.5148343675769866,1.1081000518868678,0.0784313167328945
39.68025183677673,0.0,-7.343781868636571,7.343781868636571,0.5932656843098811,0.5148343675769866,1.1081000518868678,0.0784313167328945
39.70025324821472,0.0,-7.351587994909257,7.351587994909257,0.5932656843098811,0.5148343675769866,1.1081000518868678,0.0784313167328945
39.72015929222107,0.0,-7.357832895927405,7.357832895927405,0.5964129466912709,0.5046895070932806,1.1011024537845515,0.09172343959799023
39.74021291732788,0.0,-7.357832895927405,7.357832895927405,0.5964129466912709,0.5046895070932806,1.1011024537845515,0.09172343959799023
39.76022005081177,0.0,-7.362828816741924,7.362828816741924,0.5964129466912709,0.5046895070932806,1.1011024537845515,0.09172343959799023
39.78024768829346,0.0,-7.366825553393539,7.366825553393539,0.5964129466912709,0.5046895070932806,1.1011024537845515,0.09172343959799023
39.800201654434204,0.0,-7.370022942714832,7.370022942714832,0.5964129466912709,0.5046895070932806,1.1011024537845515,0.09172343959799023
39.820146799087524,0.0,-7.372580854171867,7.372580854171867,0.5964129466912709,0.5046895070932806,1.1011024537845515,0.09172343959799023
39.84012985229492,0.0,-7.374627183337495,7.374627183337495,0.5964129466912709,0.5046895070932806,1.1011024537845515,0.09172343959799023
39.860127687454224,0.0,-7.3762642466699955,7.3762642466699955,0.5964129466912709,0.5046895070932806,1.1011024537845515,0.09172343959799023
39.88012957572937,0.0,-7.377573897335997,7.377573897335997,0.5964129466912709,0.5046895070932806,1.1011024537845515,0.09172343959799023
39.90013027191162,0.0,-7.378621617868798,7.378621617868798,0.5964129466912709,0.5046895070932806,1.1011024537845515,0.09172343959799023
39.92013216018677,0.0,-7.379459794295038,7.379459794295038,0.5964129466912709,0.5046895070932806,1.1011024537845515,0.09172343959799023
39.940147399902344,0.0,-7.380130335436031,7.380130335436031,0.5964129466912709,0.5046895070932806,1.1011024537845515,0.09172343959799023
39.960139989852905,0.0,-7.380130335436031,7.380130335436031,0.5964129466912709,0.5046895070932806,1.1011024537845515,0.09172343959799023
39.9801344871521,0.0,-7.380666768348825,7.380666768348825,0.5964129466912709,0.5046895070932806,1.1011024537845515,0.09172343959799023
