time,target_deg,actual_deg,error_deg,p1_cmd_MPa,p2_cmd_MPa,ps_cmd_MPa,pd_cmd_MPa
7.796287536621094e-05,0.0,-1.477111849160237,1.477111849160237,0.5851980274263768,0.6153140208870171,1.200512048313394,-0.03011599346064031
0.020274877548217773,0.0,-1.4805176043281898,1.4805176043281898,0.5965046271402388,0.6265220168232917,1.2230266439635304,-0.030017389683052897
0.04024982452392578,0.0,-1.4656640834625518,1.4656640834625518,0.5265046271402387,0.6930468130111693,1.219551440151408,-0.16654218587093061
0.06025052070617676,0.0,-1.4537812667700416,1.4537812667700416,0.5328327954653649,0.6526510874927043,1.1854838829580692,-0.1198182920273394
0.08021688461303711,0.0,-1.4266968884160336,1.4266968884160336,0.48329410486854596,0.6892452846467494,1.1725393895152953,-0.20595117977820343
0.10020732879638672,0.0,-1.4226075107328269,1.4226075107328269,0.47998588317073865,0.6542023281753062,1.1341882113460449,-0.17421644500456757
0.12018632888793945,0.0,-1.4017578835862616,1.4017578835862616,0.4840725368726997,0.6558481833152472,1.1399207201879469,-0.1717756464425475
0.14015913009643555,0.0,-1.3675000568690094,1.3675000568690094,0.5540725368726998,0.6753148460946976,1.2293873829673974,-0.12124230922199786
0.16021037101745605,0.0,-1.3400937954952077,1.3400937954952077,0.5557165987510233,0.6363809952698647,1.192097594020888,-0.08066439651884139
0.18021035194396973,0.0,-1.3181687863961662,1.3181687863961662,0.5345308951754122,0.6750490280054509,1.209579923180863,-0.14051813283003867
0.20020413398742676,0.0,-1.283050654116933,1.283050654116933,0.5471402289066463,0.6050490280054508,1.152189256912097,-0.05790879909880453
0.22018861770629883,0.0,-1.283050654116933,1.283050654116933,0.5842614168021827,0.5793457468412815,1.1636071636434642,0.004915669960901203
0.2401869297027588,0.0,-1.2549561482935467,1.2549561482935467,0.6098315486405044,0.5611204886250196,1.170952037265524,0.04871106001548475
0.260190486907959,0.0,-1.2324805436348374,1.2324805436348374,0.6199061780888586,0.5951149323396383,1.215021110428497,0.024791245749220314
0.2801809310913086,0.0,-1.2145000599078701,1.2145000599078701,0.6072248941008,0.6097217183001338,1.2169466124009338,-0.002496824199333725
0.300173282623291,0.0,-1.2001156729262963,1.2001156729262963,0.5539637928549199,0.6347999702580271,1.188763763112947,-0.08083617740310722
0.32021164894104004,0.0,-1.206186288341037,1.206186288341037,0.5724818514380603,0.6423267241939901,1.2148085756320504,-0.06984487275592977
0.3401775360107422,0.0,-1.2110427806728297,1.2110427806728297,0.5663774259109049,0.6342634488269685,1.2006408747378734,-0.0678860229160636
0.36023640632629395,0.0,-1.2149279745382637,1.2149279745382637,0.5642999788932501,0.6253083315119146,1.1896083104051647,-0.06100835261866444
0.38021087646484375,0.0,-1.2180361296306108,1.2180361296306108,0.6114594383351504,0.5604562428221105,1.1719156811572609,0.05100319551303989
0.4002039432525635,0.0,-1.2205226537044889,1.2205226537044889,0.592251632940024,0.5985601883754132,1.1908118213154373,-0.006308555435389218
0.42017579078674316,0.0,-1.222511872963591,1.222511872963591,0.6577919615618883,0.5629071895405648,1.2206991511024532,0.0948847720213235
0.44017863273620605,0.0,-1.222511872963591,1.222511872963591,0.6508538500592111,0.5159861561283468,1.166840006187558,0.1348676939308644
0.4601905345916748,0.0,-1.224103248370873,1.224103248370873,0.6759738401696085,0.5586917478963731,1.2346655880659816,0.11728209227323538
0.48023056983947754,0.0,-1.2429544736966984,1.2429544736966984,0.7,0.5304783251509069,1.2304783251509068,0.16952167484909308
0.5002076625823975,0.0,-1.258035453957359,1.258035453957359,0.6746680874377489,0.5858749155327676,1.2605430029705165,0.08879317190498126
0.520211935043335,0.0,-1.2701002381658872,1.2701002381658872,0.7,0.6052531361952422,1.3052531361952422,0.09474686380475772
0.5401983261108398,0.0,-1.27975206553271,1.27975206553271,0.6508256055414676,0.5835605752095578,1.2343861807510255,0.06726503033190978
0.5601980686187744,0.0,-1.269895402426168,1.269895402426168,0.6957804940640926,0.5269454200193284,1.222725914083421,0.16883507404476417
0.5801975727081299,0.0,-1.2620100719409344,1.2620100719409344,0.7,0.5764455352351068,1.2764455352351067,0.12355446476489318
0.6001875400543213,0.0,-1.2557018075527475,1.2557018075527475,0.6670829400420188,0.6185439158603547,1.2856268559023736,0.048539024181664114
0.620187520980835,0.0,-1.268233321042198,1.268233321042198,0.6831275418400764,0.6474137794598935,1.33054132129997,0.03571376238018287
0.64017653465271,0.0,-1.2782585318337587,1.2782585318337587,0.661543234065175,0.6232397783920167,1.2847830124571917,0.03830345567315829
0.6601758003234863,0.0,-1.2782585318337587,1.2782585318337587,0.6438141360878944,0.560390845350921,1.2042049814388154,0.08342329073697341
0.6801717281341553,0.0,-1.2862787004670069,1.2862787004670069,0.6594228863716125,0.5805648699775336,1.2399877563491462,0.07885801639407886
0.7001669406890869,0.0,-1.2926948353736059,1.2926948353736059,0.7,0.6291174650564788,1.3291174650564788,0.07088253494352115
0.7201969623565674,0.0,-1.2978277432988847,1.2978277432988847,0.6668070301413536,0.6531773604825137,1.3199843906238673,0.013629669658839827
0.7401931285858154,0.0,-1.301934069639108,1.301934069639108,0.6682055679149925,0.6578520824573932,1.3260576503723858,0.010353485457599287
0.7601847648620605,0.0,-1.3052191307112866,1.3052191307112866,0.6590265094302594,0.6181213100813328,1.2771478195115922,0.04090519934892667
0.780174970626831,0.0,-1.3078471795690294,1.3078471795690294,0.6197193994186818,0.6221367231942712,1.241856122612953,-0.0024173237755893417
0.8001704216003418,0.0,-1.3099496186552235,1.3099496186552235,0.6266151385381817,0.6921367231942712,1.318751861732453,-0.06552158465608948
0.8201727867126465,0.0,-1.311631569924179,1.311631569924179,0.6966151385381818,0.6773227747716009,1.3739379133097827,0.019292363766580944
0.8401687145233154,0.0,-1.3305552559393432,1.3305552559393432,0.6749853039905429,0.62892263347283,1.3039079374633729,0.046062670517712956
0.860175371170044,0.0,-1.3456942047514746,1.3456942047514746,0.682925329990685,0.5972810942865907,1.2802064242772757,0.0856442357040943
0.8801743984222412,0.0,-1.3578053638011798,1.3578053638011798,0.6456457576528192,0.655314348284155,1.3009601059369742,-0.00966859063133585
0.9001858234405518,0.0,-1.3578053638011798,1.3578053638011798,0.6384099507518113,0.6279555630125104,1.2663655137643217,0.010454387739300852
0.9202015399932861,0.0,-1.3674942910409438,1.3674942910409438,0.6706628547795117,0.568299222383648,1.2389620771631598,0.10236363239586366
0.9401929378509521,0.0,-1.3752454328327552,1.3752454328327552,0.6006628547795116,0.533282927814871,1.1339457825943826,0.06737992696464068
0.9601986408233643,0.0,-1.3814463462662043,1.3814463462662043,0.6076608079485595,0.5104774624295532,1.1181382703781126,0.09718334551900631
0.9801855087280273,0.0,-1.3864070770129635,1.3864070770129635,0.5680990445427596,0.4536983870156108,1.0217974315583704,0.11440065752714879
1.0001814365386963,0.0,-1.3903756616103708,1.3903756616103708,0.5559431922622025,0.4798580963350832,1.0358012885972856,0.07608509592711926
1.0201747417449951,0.0,-1.3935505292882968,1.3935505292882968,0.5835207414813339,0.5402470041252672,1.123767745606601,0.043273737356066766
1.040217399597168,0.0,-1.3960904234306375,1.3960904234306375,0.652994090039283,0.488471477869898,1.141465567909181,0.16452261216938502
1.0602126121520996,0.0,-1.39812233874451,1.39812233874451,0.6800315001048147,0.5000088555924593,1.180040355697274,0.1800226445123554
1.0801880359649658,0.0,-1.3821697459956084,1.3821697459956084,0.6550826200284063,0.5495393654517828,1.2046219854801892,0.1055432545766235
1.1001923084259033,0.0,-1.3518295467964867,1.3518295467964867,0.6427399574778974,0.537103310804814,1.1798432682827114,0.10563664667308337
1.1201856136322021,0.0,-1.3518295467964867,1.3518295467964867,0.6039689800702035,0.5783809205703436,1.1823499006405471,0.025588059499859872
1.1401796340942383,0.0,-1.3275573874371895,1.3275573874371895,0.6301318558864295,0.5608902523480355,1.191022108234465,0.06924160353839404
1.1601886749267578,0.0,-1.3081396599497517,1.3081396599497517,0.6435690403915941,0.568369037117809,1.211938077509403,0.07520000327378518
1.1801862716674805,0.0,-1.2926054779598013,1.2926054779598013,0.668685666564852,0.6197371246479451,1.288422791212797,0.048948541916906896
1.200178623199463,0.0,-1.2801781323678412,1.2801781323678412,0.633582963887602,0.6224010995309799,1.255984063418582,0.011181864356622162
1.2201852798461914,0.0,-1.2702362558942728,1.2702362558942728,0.6010078595019877,0.6469143199454992,1.2479221794474868,-0.04590646044351154
1.2401857376098633,0.0,-1.2622827547154183,1.2622827547154183,0.5677738145925104,0.687359707308933,1.2551335219014434,-0.11958589271642261
1.2601933479309082,0.0,-1.2559199537723347,1.2559199537723347,0.6377738145925105,0.6455386149417608,1.2833124295342713,-0.0077648003492503115
1.280191421508789,0.0,-1.2508297130178678,1.2508297130178678,0.6030080383457244,0.598461365206167,1.2014694035518914,0.004546673139557367
1.3001775741577148,0.0,-1.2643356454142942,1.2643356454142942,0.6380312992073596,0.564800800634548,1.2028320998419075,0.07323049857281161
1.320159673690796,0.0,-1.2751403913314354,1.2751403913314354,0.7,0.5760097912233322,1.2760097912233321,0.12399020877666778
1.3401806354522705,0.0,-1.2751403913314354,1.2751403913314354,0.7,0.5876832836028187,1.2876832836028187,0.11231671639718122
1.360187292098999,0.0,-1.2837841880651484,1.2837841880651484,0.7,0.5457976133283227,1.2457976133283226,0.1542023866716773
1.3801748752593994,0.0,-1.290699225452119,1.290699225452119,0.6690453223884105,0.5123153709527104,1.181360693341121,0.15672995143570012
1.4001705646514893,0.0,-1.2962312553616953,1.2962312553616953,0.6073296524584293,0.5774734326358884,1.1848030850943176,0.02985621982254094
1.4201693534851074,0.0,-1.3182350042893562,1.3182350042893562,0.6192490139976143,0.6048421104159205,1.2240911244135348,0.01440690358169383
1.4401702880859375,0.0,-1.335838003431485,1.335838003431485,0.6169541725423187,0.5889752887841313,1.20592946132645,0.027978883758187356
1.4601666927337646,0.0,-1.349920402745188,1.349920402745188,0.5582385273184627,0.6129943121876567,1.1712328395061193,-0.05475578486919397
1.4801673889160156,0.0,-1.3611863221961507,1.3611863221961507,0.574231289839372,0.5729823698010295,1.1472136596404015,0.001248920038342538
1.5001630783081055,0.0,-1.3701990577569205,1.3701990577569205,0.5691670654807239,0.5097324316110461,1.07889949709177,0.059434633869677844
1.52016282081604,0.0,-1.3774092462055365,1.3774092462055365,0.565676337853074,0.5311290778871625,1.0968054157402365,0.03454725996591157
1.5401678085327148,0.0,-1.3774092462055365,1.3774092462055365,0.5929462283849716,0.4611290778871625,1.054075306272134,0.13181715049780907
1.5602061748504639,0.0,-1.3831773969644292,1.3831773969644292,0.6247724041342735,0.5085560429748146,1.133328447109088,0.11621636115945888
1.5801987648010254,0.0,-1.3877919175715434,1.3877919175715434,0.5586628213524818,0.46871247998438764,1.0273753013368694,0.08995034136809416
1.6001842021942139,0.0,-1.373905409057235,1.373905409057235,0.6062267579138279,0.4897539365943519,1.0959806945081798,0.11647282131947595
1.6201727390289307,0.0,-1.3627962022457882,1.3627962022457882,0.5962536836043,0.48044791183434404,1.076701595438644,0.11580577176995593
1.640169620513916,0.0,-1.3363307117966308,1.3363307117966308,0.5578478069975972,0.4377004999574272,0.9955483069550244,0.12014730704016996
1.6601951122283936,0.0,-1.3151583194373044,1.3151583194373044,0.5984385887160897,0.4368959936569443,1.035334582373034,0.16154259505914537
1.68017578125,0.0,-1.2806422805498439,1.2806422805498439,0.545729530788958,0.49306918785674486,1.0387987186457028,0.05266034293221317
1.7001745700836182,0.0,-1.2530294494398753,1.2530294494398753,0.5966391617432236,0.558939204670023,1.1555783664132466,0.03769995707320062
1.7201905250549316,0.0,-1.2309391845519004,1.2309391845519004,0.6335422301664948,0.6197204116056672,1.253262641772162,0.013821818560827648
1.7401831150054932,0.0,-1.2132669726415204,1.2132669726415204,0.6395601558499038,0.6702903743158093,1.309850530165713,-0.030730218465905512
1.7601737976074219,0.0,-1.2132669726415204,1.2132669726415204,0.6471331536769866,0.691722448102664,1.3388556017796507,-0.044589294425677384
1.780165195465088,0.0,-1.1815510781132164,1.1815510781132164,0.7,0.684410954013001,1.384410954013001,0.01558904598699895
1.8001651763916016,0.0,-1.1737564874905733,1.1737564874905733,0.7,0.7,1.4,0.0
1.8201899528503418,0.0,-1.1675208149924587,1.1675208149924587,0.6552542641758918,0.7,1.3552542641758918,-0.044745735824108124
1.840186595916748,0.0,-1.162532276993967,1.162532276993967,0.6879645705223083,0.7,1.3879645705223083,-0.01203542947769165
1.8601791858673096,0.0,-1.1585414465951738,1.1585414465951738,0.6715439863502979,0.6975311604794114,1.3690751468297093,-0.025987174129113555
1.8801779747009277,0.0,-1.172926907276139,1.172926907276139,0.6586722515523433,0.6922542090062052,1.3509264605585485,-0.03358195745386183
1.90016770362854,0.0,-1.1844352758209113,1.1844352758209113,0.6234181120991706,0.7,1.3234181120991706,-0.07658188790082932
1.9201667308807373,0.0,-1.2112200956567292,1.2112200956567292,0.680983842164278,0.6603635407984256,1.3413473829627036,0.020620301365852356
1.9401683807373047,0.0,-1.2326479515253836,1.2326479515253836,0.6109838421642779,0.7,1.3109838421642779,-0.08901615783572203
1.9601953029632568,0.0,-1.2673683612203068,1.2673683612203068,0.6506237621605395,0.6689049925655126,1.3195287547260521,-0.018281230404973092
1.9801826477050781,0.0,-1.2673683612203068,1.2673683612203068,0.6775152246654033,0.6563045836985111,1.3338198083639143,0.02121064096689218
2.0001840591430664,0.0,-1.2951446889762457,1.2951446889762457,0.6656289967894553,0.609529697149992,1.2751586939394473,0.05609929963946336
2.0201804637908936,0.0,-1.3173657511809964,1.3173657511809964,0.627570440173149,0.5757133930921554,1.2032838332653044,0.05185704708099359
2.0401923656463623,0.0,-1.3351426009447973,1.3351426009447973,0.6975704401731491,0.5459342624992132,1.2435047026723622,0.1516361776739359
2.0601930618286133,0.0,-1.3493640807558378,1.3493640807558378,0.6862800799310207,0.6068832229822874,1.293163302913308,0.07939685694873333
2.0801939964294434,0.0,-1.3607412646046704,1.3607412646046704,0.6810236212797462,0.6395329412072897,1.320556562487036,0.0414906800724566
2.100189208984375,0.0,-1.3698430116837363,1.3698430116837363,0.6635246028192341,0.6597327504307031,1.3232573532499372,0.0037918523885309696
2.120171546936035,0.0,-1.3771244093469892,1.3771244093469892,0.6844648134894669,0.6308814238756895,1.3153462373651563,0.0535833896137774
2.140171766281128,0.0,-1.3829495274775914,1.3829495274775914,0.7,0.5696274552494287,1.2696274552494287,0.13037254475057125
2.160170078277588,0.0,-1.387609621982073,1.387609621982073,0.691717399097979,0.605797591432929,1.297514990530908,0.08591980766505003
2.180168390274048,0.0,-1.3913376975856586,1.3913376975856586,0.6303246224299073,0.5689662907272577,1.199290913157165,0.06135833170264959
2.2001683712005615,0.0,-1.3913376975856586,1.3913376975856586,0.6335850682109594,0.5959049973636865,1.229490065574646,0.03768007084727287
2.220188617706299,0.0,-1.3943201580685267,1.3943201580685267,0.6569597970694303,0.5259049973636865,1.1828647944331168,0.13105479970574385
2.2401862144470215,0.0,-1.3967061264548215,1.3967061264548215,0.6503791867755353,0.5959049973636865,1.2462841841392218,0.054474189411848783
2.2601990699768066,0.0,-1.3986149011638571,1.3986149011638571,0.6071620455943048,0.6112103655934333,1.218372411187738,-0.00404831999912858
2.2801976203918457,0.0,-1.400141920931086,1.400141920931086,0.5869979749433696,0.6146612267941236,1.2016592017374932,-0.027663251850754023
2.3001818656921387,0.0,-1.4013635367448687,1.4013635367448687,0.5703164565376937,0.6523085858672857,1.2226250424049794,-0.08199212932959199
2.3202109336853027,0.0,-1.384762704395895,1.384762704395895,0.6282958465628325,0.6905118998140096,1.3188077463768422,-0.06221605325117707
2.3402087688446045,0.0,-1.3714820385167164,1.3714820385167164,0.652235163655132,0.6880970590747892,1.3403322227299213,-0.03586189541965723
2.3601973056793213,0.0,-1.3784356308133732,1.3784356308133732,0.6231912302784621,0.7,1.323191230278462,-0.07680876972153783
2.380178689956665,0.0,-1.3839985046506986,1.3839985046506986,0.6300640281289815,0.654643327742815,1.2847073558717965,-0.024579299613833427
2.40021014213562,0.0,-1.3708706787205591,1.3708706787205591,0.6544306397438049,0.6699907535687089,1.3244213933125137,-0.015560113824903965
2.4202404022216797,0.0,-1.3708706787205591,1.3708706787205591,0.6655656237155199,0.652520296908915,1.3180859206244349,0.013045326806604862
2.4402389526367188,0.0,-1.3779465429764473,1.3779465429764473,0.6595902315340936,0.6213065365329384,1.280896768067032,0.03828369500115514
2.4602339267730713,0.0,-1.3836072343811578,1.3836072343811578,0.6617117010056972,0.6863293403759598,1.348041041381657,-0.024617639370262623
2.4802236557006836,0.0,-1.3881357875049263,1.3881357875049263,0.6296379275619983,0.6440376842394471,1.2736756118014454,-0.01439975667744875
2.5002212524414062,0.0,-1.391758630003941,1.391758630003941,0.5871348276734352,0.6375708899460732,1.2247057176195084,-0.05043606227263808
2.520216941833496,0.0,-1.3946569040031531,1.3946569040031531,0.6571348276734352,0.6237674125470221,1.2809022402204573,0.03336741512641317
2.5401859283447266,0.0,-1.3969755232025225,1.3969755232025225,0.6176999402046204,0.5833627165295183,1.2010626567341387,0.03433722367510206
2.5601961612701416,0.0,-1.3988304185620182,1.3988304185620182,0.5476999402046203,0.5858091903384774,1.1335091305430978,-0.03810925013385713
2.5802159309387207,0.0,-1.4003143348496145,1.4003143348496145,0.5662703242152929,0.5951036182697862,1.161373942485079,-0.028833294054493308
2.6002213954925537,0.0,-1.4015014678796918,1.4015014678796918,0.594390270113945,0.5337811788078397,1.1281714489217847,0.060609091306105256
2.6202216148376465,0.0,-1.4024511743037535,1.4024511743037535,0.5716665059328079,0.5815896657761186,1.1532561717089265,-0.009923159843310714
2.640181541442871,0.0,-1.403210939443003,1.403210939443003,0.5504748549312353,0.6160322581883519,1.1665071131195872,-0.06555740325711668
2.660209894180298,0.0,-1.403210939443003,1.403210939443003,0.5504748549312353,0.6160322581883519,1.1665071131195872,-0.06555740325711668
2.6802356243133545,0.0,-1.4038187515544023,1.4038187515544023,0.6098456520587205,0.59073341130279,1.2005790633615105,0.019112240755930543
2.7002270221710205,0.0,-1.4043050012435219,1.4043050012435219,0.6098456520587205,0.59073341130279,1.2005790633615105,0.019112240755930543
2.720243215560913,0.0,-1.4046940009948177,1.4046940009948177,0.6098456520587205,0.59073341130279,1.2005790633615105,0.019112240755930543
2.740237236022949,0.0,-1.3874270757958542,1.3874270757958542,0.6044503723271191,0.5845167278777808,1.1889671002048998,0.019933644449338317
2.7602505683898926,0.0,-1.3736135356366836,1.3736135356366836,0.6044503723271191,0.5845167278777808,1.1889671002048998,0.019933644449338317
2.780236005783081,0.0,-1.362562703509347,1.362562703509347,0.6044503723271191,0.5845167278777808,1.1889671002048998,0.019933644449338317
2.800549268722534,0.0,-1.353722037807478,1.353722037807478,0.6366991412825882,0.5145167278777807,1.1512158691603689,0.12218241340480751
2.820183753967285,0.0,-1.3466495052459824,1.3466495052459824,0.6366991412825882,0.5145167278777807,1.1512158691603689,0.12218241340480751
2.8401899337768555,0.0,-1.340991479196786,1.340991479196786,0.6424633868038654,0.4470575916301458,1.0895209784340112,0.1954057951737196
2.860184669494629,0.0,-1.340991479196786,1.340991479196786,0.6785238578915596,0.43037492769770314,1.1088987855892627,0.24814893019385642
2.880183458328247,0.0,-1.3364650583574291,1.3364650583574291,0.7,0.4760366155486553,1.1760366155486552,0.22396338445134467
2.9001903533935547,0.0,-1.3328439216859433,1.3328439216859433,0.7,0.4760366155486553,1.1760366155486552,0.22396338445134467
2.9201815128326416,0.0,-1.312368887348755,1.312368887348755,0.7,0.5633121615927665,1.2633121615927665,0.13668783840723342
2.940183401107788,0.0,-1.295988859879004,1.295988859879004,0.7,0.6120220235269516,1.3120220235269515,0.08797797647304839
2.9601807594299316,0.0,-1.2653067129032032,1.2653067129032032,0.7,0.6298117357026785,1.3298117357026784,0.0701882642973215
2.980170965194702,0.0,-1.2407609953225627,1.2407609953225627,0.6587059840559959,0.6469515560846775,1.3056575401406734,0.011754427971318426
3.000180244445801,0.0,-1.2211244212580503,1.2211244212580503,0.6300582632422447,0.6977111509721725,1.3277694142144172,-0.06765288772992784
3.020174503326416,0.0,-1.2054151620064404,1.2054151620064404,0.6232178525999188,0.7,1.3232178525999188,-0.07678214740008116
3.0401670932769775,0.0,-1.2104258796051521,1.2104258796051521,0.6223377415328286,0.6561325646936893,1.278470306226518,-0.03379482316086069
3.0601723194122314,0.0,-1.2144344536841218,1.2144344536841218,0.6195918770856224,0.6173839688301086,1.236975845915731,0.0022079082555137575
3.080178737640381,0.0,-1.2144344536841218,1.2144344536841218,0.6193230315577238,0.6035949883982539,1.2229180199559777,0.015728043159469962
3.1001875400543213,0.0,-1.2176413129472974,1.2176413129472974,0.5674833446275442,0.6105165731161832,1.1779999177437275,-0.043033228488639
3.1201910972595215,0.0,-1.2377849253578381,1.2377849253578381,0.6048827595543116,0.6317336361855268,1.2366163957398384,-0.026850876631215215
3.1401896476745605,0.0,-1.2538998152862708,1.2538998152862708,0.5695510558318346,0.5813086804002523,1.150859736232087,-0.011757624568417668
3.1601738929748535,0.0,-1.2843698522290166,1.2843698522290166,0.5909966691862791,0.5537899646908044,1.1447866338770836,0.037206704495474696
3.180171251296997,0.0,-1.3087458817832134,1.3087458817832134,0.5617702189367264,0.5722062464803457,1.133976465417072,-0.010436027543619275
3.2001752853393555,0.0,-1.3282467054265708,1.3282467054265708,0.5602066480088979,0.5702668044716119,1.1304734524805098,-0.010060156462714076
3.220177412033081,0.0,-1.3438473643412567,1.3438473643412567,0.5410363078583031,0.5815663605928421,1.1226026684511452,-0.04053005273453891
3.2401936054229736,0.0,-1.3563278914730055,1.3563278914730055,0.5597227700520306,0.5747074990533292,1.1344302691053598,-0.014984729001298547
3.2601888179779053,0.0,-1.3663123131784043,1.3663123131784043,0.5351742245722562,0.5155933110974729,1.050767535669729,0.0195809134747833
3.2801809310913086,0.0,-1.3742998505427235,1.3742998505427235,0.6017839797306805,0.4836487456224859,1.0854327253531664,0.11813523410819465
3.300178289413452,0.0,-1.3742998505427235,1.3742998505427235,0.5807470437604934,0.47470951201394196,1.0554565557744353,0.1060375317465514
3.3201797008514404,0.0,-1.380689880434179,1.380689880434179,0.5960375303868204,0.5193811033852398,1.1154186337720602,0.0766564270015806
3.340177059173584,0.0,-1.385801904347343,1.385801904347343,0.5930497388355433,0.5205862203612923,1.1136359591968357,0.07246351847425103
3.3601787090301514,0.0,-1.3723133984778748,1.3723133984778748,0.551214453112334,0.5150515402667224,1.0662659933790564,0.03616291284561157
3.3801732063293457,0.0,-1.3439444687823,1.3439444687823,0.5270808565430343,0.5850515402667225,1.1121323968097567,-0.05797068372368819
3.400193691253662,0.0,-1.32124932502584,1.32124932502584,0.5226986699737608,0.5578001681528986,1.0804988381266594,-0.03510149817913777
3.4201889038085938,0.0,-1.3030932100206718,1.3030932100206718,0.5577953488565981,0.516625957544893,1.0744213064014911,0.04116939131170505
3.440181255340576,0.0,-1.2885683180165375,1.2885683180165375,0.5680469556711614,0.5866259575448931,1.1546729132160545,-0.018579001873731738
3.4601776599884033,0.0,-1.27694840441323,1.27694840441323,0.5989068116061389,0.628816077169031,1.2277228887751699,-0.029909265562892084
3.4801769256591797,0.0,-1.250074348530584,1.250074348530584,0.6294167249463498,0.6073382083885372,1.236754933334887,0.022078516557812566
3.5001914501190186,0.0,-1.2285751038244674,1.2285751038244674,0.6994167249463499,0.6224183148331941,1.321835039779544,0.07699841011315578
3.5201921463012695,0.0,-1.2285751038244674,1.2285751038244674,0.679613014664501,0.6294206661731006,1.3090336808376015,0.05019234849140042
3.5402166843414307,0.0,-1.2113757080595742,1.2113757080595742,0.6533075589500368,0.64237047187984,1.2956780308298768,0.010937087070196805
3.5601999759674072,0.0,-1.1976161914476595,1.1976161914476595,0.6274423394165933,0.6606165172159673,1.2880588566325606,-0.03317417779937393
3.5801894664764404,0.0,-1.2041867031581277,1.2041867031581277,0.6863385084830225,0.6305679177492858,1.3169064262323082,0.05577059073373669
3.600170850753784,0.0,-1.2094431125265022,1.2094431125265022,0.6163385084830224,0.6360907905362547,1.2524292990192771,-0.019752282053232317
3.6201632022857666,0.0,-1.2136482400212019,1.2136482400212019,0.6439621320925653,0.634357461272739,1.2783195933653042,0.0096046708198263
3.6401822566986084,0.0,-1.2170123420169614,1.2170123420169614,0.6367231638170778,0.6754428423335777,1.3121660061506555,-0.03871967851649982
3.6602299213409424,0.0,-1.2372817486135692,1.2372817486135692,0.6367231638170778,0.6754428423335777,1.3121660061506555,-0.03871967851649982
3.680192232131958,0.0,-1.2534972738908556,1.2534972738908556,0.6861690648831427,0.6832155278278516,1.3693845927109942,0.002953537055291111
3.700164794921875,0.0,-1.2664696941126845,1.2664696941126845,0.6907655124552547,0.7,1.3907655124552547,-0.009234487544745207
3.720156669616699,0.0,-1.276847630290148,1.276847630290148,0.6421038408763706,0.6859039597213268,1.3280078005976974,-0.04380011884495616
3.740187406539917,0.0,-1.276847630290148,1.276847630290148,0.6421038408763706,0.6859039597213268,1.3280078005976974,-0.04380011884495616
3.7601797580718994,0.0,-1.2851499792321184,1.2851499792321184,0.6391160351224243,0.6851077572093345,1.3242237923317588,-0.04599172208691016
3.7801907062530518,0.0,-1.3093699833856947,1.3093699833856947,0.6954259586520493,0.7,1.3954259586520492,-0.004574041347950697
3.800191640853882,0.0,-1.3287459867085558,1.3287459867085558,0.6954259586520493,0.7,1.3954259586520492,-0.004574041347950697
3.8201653957366943,0.0,-1.3442467893668446,1.3442467893668446,0.7,0.7,1.4,0.0
3.840196371078491,0.0,-1.3566474314934758,1.3566474314934758,0.7,0.6813892915844917,1.3813892915844916,0.01861070841550827
3.8601937294006348,0.0,-1.3665679451947808,1.3665679451947808,0.7,0.6847851786762476,1.3847851786762475,0.015214821323752403
3.8801729679107666,0.0,-1.3745043561558246,1.3745043561558246,0.7,0.6847851786762476,1.3847851786762475,0.015214821323752403
3.9001693725585938,0.0,-1.3808534849246599,1.3808534849246599,0.7,0.7,1.4,0.0
3.92016339302063,0.0,-1.3859327879397279,1.3859327879397279,0.7,0.6869767902418971,1.386976790241897,0.013023209758102894
3.940178155899048,0.0,-1.3899962303517823,1.3899962303517823,0.7,0.6869767902418971,1.386976790241897,0.013023209758102894
3.9601891040802,0.0,-1.3899962303517823,1.3899962303517823,0.6801241680979728,0.7,1.3801241680979728,-0.01987583190202713
3.980177402496338,0.0,-1.393246984281426,1.393246984281426,0.6590835552662611,0.6970976025797426,1.3561811578460037,-0.03801404731348157
4.00017523765564,0.0,-1.3958475874251408,1.3958475874251408,0.6839398842304945,0.7,1.3839398842304944,-0.0160601157695055
4.020190000534058,0.0,-1.3979280699401129,1.3979280699401129,0.6538721162825822,0.6735753424465656,1.3274474587291478,-0.019703226163983345
4.0401928424835205,0.0,-1.4171705809520905,1.4171705809520905,0.6361331686377525,0.6291784465312957,1.2653116151690482,0.006954722106456757
4.060180902481079,0.0,-1.4149864647616726,1.4149864647616726,0.6090938586741685,0.6013100322335958,1.2104038909077643,0.007783826440572739
4.080256462097168,0.0,-1.430817296809338,1.430817296809338,0.6390954189002513,0.6569678138941526,1.296063232794404,-0.017872394993901253
4.100300312042236,0.0,-1.4259038374474706,1.4259038374474706,0.684168279916048,0.5869678138941525,1.2711360938102005,0.09720046602189547
4.120208740234375,0.0,-1.4219730699579765,1.4219730699579765,0.6879027344286441,0.6038961346447467,1.2917988690733908,0.08400659978389746
4.140174388885498,0.0,-1.4188284559663813,1.4188284559663813,0.6879027344286441,0.6038961346447467,1.2917988690733908,0.08400659978389746
4.16018271446228,0.0,-1.416312764773105,1.416312764773105,0.7,0.6801630678772925,1.3801630678772925,0.01983693212270743
4.180194854736328,0.0,-1.416312764773105,1.416312764773105,0.7,0.6919680378586053,1.3919680378586052,0.008031962141394677
4.200186014175415,0.0,-1.4318783368184842,1.4318783368184842,0.6615843407809734,0.6698751255124806,1.331459466293454,-0.00829078473150724
4.220192909240723,0.0,-1.4443307944547874,1.4443307944547874,0.6621716117835603,0.6625712477788328,1.3247428595623931,-0.00039963599527248483
4.240181922912598,0.0,-1.45429276056383,1.45429276056383,0.6293014383292757,0.6339361091330646,1.2632375474623403,-0.004634670803788987
4.260220289230347,0.0,-1.4622623334510643,1.4622623334510643,0.5593014383292756,0.5819671322777866,1.1412685706070622,-0.022665693948511034
4.280203819274902,0.0,-1.4686379917608516,1.4686379917608516,0.5198666961467824,0.5875830698013305,1.1074497659481128,-0.06771637365454808
4.300175905227661,0.0,-1.4737385184086813,1.4737385184086813,0.5642238506651482,0.5833796836622058,1.147603534327354,-0.019155832997057587
4.320169448852539,0.0,-1.460240814726945,1.460240814726945,0.5176747353351674,0.6533796836622059,1.1710544189973733,-0.1357049483270385
4.340197324752808,0.0,-1.4670207767815562,1.4670207767815562,0.5303309155232272,0.6788112570531666,1.2091421725763938,-0.14848034152993939
4.360191345214844,0.0,-1.454866621425245,1.454866621425245,0.5654881527251563,0.6832975678145885,1.2487857205397448,-0.11780941508943221
4.3801798820495605,0.0,-1.445143297140196,1.445143297140196,0.5035326784080825,0.6474116414785385,1.150944319886621,-0.143878963070456
4.400190591812134,0.0,-1.437364637712157,1.437364637712157,0.5735326784080825,0.7,1.2735326784080825,-0.12646732159191743
4.420189619064331,0.0,-1.437364637712157,1.437364637712157,0.5255032072192989,0.7,1.2255032072192988,-0.17449679278070107
4.440206289291382,0.0,-1.4135635851697257,1.4135635851697257,0.595503207219299,0.6654228538274765,1.2609260610467754,-0.06991964660817751
4.460201740264893,0.0,-1.394522743135781,1.394522743135781,0.6479518226510845,0.6241395443677902,1.2720913670188747,0.023812278283294352
4.480589866638184,0.0,-1.379290069508625,1.379290069508625,0.6217690295702778,0.586939238756895,1.2087082683271728,0.03482979081338278
4.5001935958862305,0.0,-1.3671039306069002,1.3671039306069002,0.6917690295702779,0.5699336815625429,1.2617027111328207,0.12183534800773499
4.5201804637908936,0.0,-1.3573550194855204,1.3573550194855204,0.7,0.5821346499025821,1.282134649902582,0.11786535009741783
4.540178298950195,0.0,-1.3495558905884164,1.3495558905884164,0.7,0.5825632935913745,1.2825632935913744,0.11743670640862547
4.560204029083252,0.0,-1.3433165874707333,1.3433165874707333,0.7,0.5507829724403563,1.2507829724403563,0.1492170275596436
4.580190181732178,0.0,-1.338325144976587,1.338325144976587,0.7,0.5874290852400008,1.2874290852400008,0.11257091475999914
4.600173473358154,0.0,-1.3343319909812696,1.3343319909812696,0.7,0.5739819486218039,1.2739819486218038,0.1260180513781961
4.620177268981934,0.0,-1.3343319909812696,1.3343319909812696,0.6299999999999999,0.5695004304463509,1.1995004304463508,0.06049956955364899
4.640184164047241,0.0,-1.3311374677850158,1.3311374677850158,0.644999410137534,0.5705563388357404,1.2155557489732745,0.07444307130179362
4.660184860229492,0.0,-1.328581849228013,1.328581849228013,0.6792504257708787,0.583453573245788,1.2627039990166666,0.09579685252509074
4.68017840385437,0.0,-1.3265373543824106,1.3265373543824106,0.6926844083890318,0.5306658297369722,1.223350238126004,0.1620185786520596
4.700173377990723,0.0,-1.3249017585059286,1.3249017585059286,0.7,0.5407450152153614,1.2407450152153614,0.1592549847846385
4.720176696777344,0.0,-1.323593281804743,1.323593281804743,0.7,0.5822352310235146,1.2822352310235146,0.11776476897648536
4.740176677703857,0.0,-1.3225465004437946,1.3225465004437946,0.6920864030718803,0.6061430917645338,1.2982294948364141,0.08594331130734645
4.760203123092651,0.0,-1.3217090753550358,1.3217090753550358,0.6763201549649238,0.572350711520994,1.2486708664859179,0.10396944344392978
4.780191421508789,0.0,-1.3210391352840287,1.3210391352840287,0.7,0.6099570439720992,1.3099570439720991,0.0900429560279008
4.800201654434204,0.0,-1.3205031832272232,1.3205031832272232,0.6992227797047235,0.6248847161943558,1.3241074958990793,0.07433806351036765
4.820204973220825,0.0,-1.3200744215817786,1.3200744215817786,0.7,0.6548835364694241,1.354883536469424,0.04511646353057586
4.840189695358276,0.0,-1.3200744215817786,1.3200744215817786,0.6580490887165069,0.7,1.3580490887165069,-0.04195091128349304
4.860189914703369,0.0,-1.319731412265423,1.319731412265423,0.621394232660532,0.7,1.321394232660532,-0.078605767339468
4.8801798820495605,0.0,-1.3194570048123384,1.3194570048123384,0.6141337843611836,0.6937116564251482,1.3078454407863318,-0.0795778720639646
4.9001898765563965,0.0,-1.319237478849871,1.319237478849871,0.5758612545207142,0.6604870439507067,1.236348298471421,-0.08462578942999244
4.920169830322266,0.0,-1.3366399830798967,1.3366399830798967,0.5954419652000069,0.6834211231209337,1.2788630883209406,-0.08797915792092681
4.940176486968994,0.0,-1.3505619864639176,1.3505619864639176,0.6427632400766015,0.6238417730666697,1.2666050131432711,0.018921467009931803
4.960177421569824,0.0,-1.361699589171134,1.361699589171134,0.6558386886492371,0.590489796642214,1.2463284852914511,0.0653488920070231
4.980165958404541,0.0,-1.3706096713369074,1.3706096713369074,0.6649130245670676,0.5825382846407592,1.2474513092078268,0.0823747399263084
5.000191688537598,20.0,-1.377737737069526,21.377737737069527,0.6615748720243573,0.5564037731848657,1.217978645209223,0.1051710988394916
5.0201849937438965,20.0,-1.383440189655621,21.38344018965562,0.7,0.5411843641661107,1.2411843641661107,0.15881563583388925
5.040173530578613,20.0,-1.388002151724497,21.388002151724496,0.6299999999999999,0.6111843641661108,1.2411843641661107,0.01881563583388912
5.060185194015503,20.0,-1.388002151724497,21.388002151724496,0.5610195520520209,0.6068601743131876,1.1678797263652085,-0.0458406222611667
5.080176591873169,20.0,-1.4092298463795976,21.4092298463796,0.49101955205202097,0.6768601743131877,1.1678797263652085,-0.1858406222611667
5.100174903869629,20.0,-1.4262120021036784,21.42621200210368,0.44139889389276493,0.6870617178827525,1.1284606117755174,-0.24566282398998757
5.120183944702148,20.0,-1.4222196016829427,21.422219601682944,0.3835231563448905,0.6679378097504378,1.0514609660953282,-0.28441465340554734
5.1401941776275635,20.0,-1.4190256813463542,21.419025681346355,0.3135231563448905,0.6355751065164805,0.949098262861371,-0.32205195017159005
5.160192012786865,20.0,-1.4164705450770834,21.416470545077082,0.30957845715805876,0.5939665866643191,0.9035450438223779,-0.28438812950626036
5.180196523666382,20.0,-1.4144264360616667,21.414426436061667,0.3016455660201608,0.6034743293747307,0.9051198953948915,-0.3018287633545699
5.200193166732788,20.0,-1.3952130238493337,21.395213023849333,0.2844071446545421,0.6049470599135385,0.8893542045680806,-0.3205399152589964
5.220309734344482,20.0,-1.362264169079467,21.362264169079467,0.2243105268664657,0.6345733958622441,0.8588839227287098,-0.41026286899577846
5.240300178527832,20.0,-1.2480144602635739,21.248014460263573,0.2943105268664657,0.6513660638919101,0.9456765907583757,-0.3570555370254444
5.260228872299194,20.0,-0.875364693210859,20.87536469321086,0.29913213051855553,0.7,0.9991321305185554,-0.4008678694814444
5.280181646347046,20.0,-0.875364693210859,20.87536469321086,0.28718982212245453,0.6829987622797489,0.9701885844022033,-0.39580894015729434
5.300175428390503,20.0,-0.19052612956868722,20.19052612956869,0.32648696698248375,0.6165396206080913,0.943026587590575,-0.29005265362560756
5.32018518447876,20.0,0.6913290963450502,19.30867090365495,0.32648696698248375,0.6165396206080913,0.943026587590575,-0.29005265362560756
5.340175628662109,20.0,1.6253289020760404,18.374671097923958,0.39648696698248376,0.5917915616184473,0.988278528600931,-0.1953045946359635
5.360167980194092,20.0,2.5658881216608322,17.434111878339166,0.4297236978262662,0.633233780786395,1.0629574786126612,-0.20351008296012885
5.380169630050659,20.0,3.5468511223286665,16.45314887767133,0.4297236978262662,0.633233780786395,1.0629574786126612,-0.20351008296012885
5.400192737579346,20.0,4.489824647862933,15.510175352137068,0.4380920437350868,0.5869356717914342,1.025027715526521,-0.14884362805634743
5.420170307159424,20.0,5.261781593290346,14.738218406709654,0.3680920437350868,0.6569356717914343,1.025027715526521,-0.2888436280563475
5.440166711807251,20.0,5.8793471496322764,14.120652850367723,0.3771437922865151,0.5869356717914342,0.9640794640779493,-0.20979187950491912
5.460185289382935,20.0,6.3733995947058215,13.626600405294178,0.3178355725854634,0.541896029189229,0.8597316017746923,-0.22406045660376556
5.480195999145508,20.0,6.7510634257646585,13.24893657423534,0.3628255086392163,0.5512619640678167,0.9140874727070329,-0.18843645542860038
5.500180959701538,20.0,6.7510634257646585,13.24893657423534,0.32141934655606735,0.5365465607494115,0.8579659073054788,-0.21512721419334419
5.520191431045532,20.0,7.053194490611728,12.946805509388273,0.3475197809189557,0.5861833717674017,0.9337031526863573,-0.23866359084844596
5.540141344070435,20.0,7.277321217489383,12.722678782510616,0.36935955978929985,0.6089066833257675,0.9782662431150673,-0.23954712353646762
5.560173511505127,20.0,7.4566225989915065,12.543377401008494,0.43935955978929986,0.6069277176167815,1.0462872774060814,-0.1675681578274817
5.58021354675293,20.0,7.600063704193206,12.399936295806793,0.43935955978929986,0.6069277176167815,1.0462872774060814,-0.1675681578274817
5.600196599960327,20.0,7.714816588354566,12.285183411645434,0.4009583807736634,0.6557256193365901,1.0566840001102535,-0.2547672385629267
5.620182991027832,20.0,7.806618895683653,12.193381104316348,0.4516445092111825,0.6081766696181148,1.0598211788292973,-0.1565321604069323
5.640184640884399,20.0,7.880060741546922,12.119939258453078,0.4516445092111825,0.6081766696181148,1.0598211788292973,-0.1565321604069323
5.6602067947387695,20.0,7.938814218237537,12.061185781762463,0.3816445092111825,0.6141765187960118,0.9958210280071942,-0.23253200958482928
5.680203437805176,20.0,7.98581699959003,12.01418300040997,0.34700742684304703,0.6251917374785989,0.9721991643216459,-0.2781843106355519
5.70018458366394,20.0,8.023419224672024,11.976580775327976,0.28984891198575485,0.6730601941701024,0.9629091061558572,-0.3832112821843476
5.720231056213379,20.0,8.023419224672024,11.976580775327976,0.23822599597275243,0.7,0.9382259959727524,-0.46177400402724755
5.740194320678711,20.0,8.05350100473762,11.94649899526238,0.22421609744429577,0.7,0.9242160974442957,-0.4757839025557042
5.7602057456970215,20.0,8.077566428790098,11.922433571209902,0.2790306670963763,0.7,0.9790306670963762,-0.42096933290362365
5.780191421508789,20.0,8.09681876803208,11.90318123196792,0.23629421874880777,0.7,0.9362942187488077,-0.4637057812511922
5.800173282623291,20.0,8.129798764425665,11.870201235574335,0.1662942187488078,0.7,0.8662942187488077,-0.5337057812511922
5.820169687271118,20.0,8.156182761540533,11.843817238459467,0.1662942187488078,0.7,0.8662942187488077,-0.5337057812511922
5.8401854038238525,20.0,8.194868084232427,11.805131915767573,0.1341412493586539,0.659981307387352,0.7941225567460058,-0.525840058028698
5.860185146331787,20.0,8.243394467385944,11.756605532614056,0.13952653739601362,0.6928917810320854,0.832418318428099,-0.5533652436360718
5.880201101303101,20.0,8.405262448908754,11.594737551091246,0.12188728038221587,0.6533805139362812,0.775267794318497,-0.5314932335540653
5.900169610977173,20.0,8.798428709127004,11.201571290872996,0.19047127548605192,0.5833805139362811,0.773851789422333,-0.3929092384502292
5.920195579528809,20.0,9.446946092301603,10.553053907698397,0.24935495737940058,0.6262961189448832,0.8756510763242839,-0.37694116156548263
5.94020676612854,20.0,9.446946092301603,10.553053907698397,0.23324356857687223,0.6222873275354504,0.8555308961123226,-0.3890437589585781
5.960188388824463,20.0,10.317322498841284,9.682677501158716,0.24433527678251254,0.6906627287343143,0.9349980055168269,-0.4463274519518018
5.980178356170654,20.0,11.277295499073029,8.722704500926971,0.23376431386917818,0.7,0.9337643138691781,-0.4662356861308218
6.000162839889526,20.0,12.185898899258424,7.814101100741576,0.2513384285941719,0.6862866243347525,0.9376250529289244,-0.43494819574058063
6.020172595977783,20.0,12.93035974440674,7.06964025559326,0.26449269127100694,0.6586868835613131,0.92317957483232,-0.39419419229030617
6.040181636810303,20.0,13.525928420525391,6.474071579474609,0.2840642191097139,0.6905058620497584,0.9745700811594723,-0.4064416429400445
6.060196399688721,20.0,14.002383361420314,5.997616638579686,0.23508034717291582,0.6745918558910489,0.9096722030639647,-0.43951150871813305
6.080203294754028,20.0,14.383547314136253,5.616452685863747,0.27691062610596406,0.6794529448263347,0.9563635709322987,-0.4025423187203706
6.100186824798584,20.0,14.670900351309003,5.329099648690997,0.2721673466823994,0.6793754517668276,0.951542798449227,-0.4072081050844282
6.120168447494507,20.0,14.918360906047205,5.081639093952795,0.3421673466823994,0.7,1.0421673466823993,-0.35783265331760056
6.14018702507019,20.0,15.098751224837768,4.901248775162232,0.34738914849236596,0.7,1.0473891484923659,-0.352610851507634
6.1601855754852295,20.0,15.098751224837768,4.901248775162232,0.34574017831124354,0.7,1.0457401783112434,-0.3542598216887564
6.180164337158203,20.0,15.243063479870214,4.756936520129786,0.29609845363534976,0.7,0.9960984536353497,-0.4039015463646502
6.200159549713135,20.0,15.34093515889617,4.659064841103829,0.24017359473742533,0.7,0.9401735947374252,-0.4598264052625746
6.220158815383911,20.0,15.419232502116937,4.580767497883063,0.17198756494559336,0.7,0.8719875649455933,-0.5280124350544066
6.240160942077637,20.0,15.44671412669355,4.55328587330645,0.2074885942880063,0.7,0.9074885942880062,-0.49251140571199364
6.260187149047852,20.0,15.451121301354842,4.548878698645158,0.2276009113434701,0.7,0.92760091134347,-0.47239908865652985
6.280182600021362,20.0,15.437068916083874,4.562931083916126,0.25034534343518305,0.6549973271787166,0.9053426706138996,-0.40465198374353356
6.300166368484497,20.0,15.443405132867099,4.556594867132901,0.20531562500633288,0.7,0.9053156250063328,-0.4946843749936671
6.320173025131226,20.0,15.448474106293682,4.551525893706318,0.15867921494878817,0.6576827138662338,0.8163619288150219,-0.4990034989174456
6.340177774429321,20.0,15.452529285034945,4.547470714965055,0.18119475402869273,0.7,0.8811947540286926,-0.5188052459713073
6.360177516937256,20.0,15.473351553027957,4.526648446972043,0.21363560267724085,0.7,0.9136356026772408,-0.4863643973227591
6.380161285400391,20.0,15.473351553027957,4.526648446972043,0.14363560267724085,0.6879214717075228,0.8315570743847637,-0.544285869030282
6.4001593589782715,20.0,15.507587492422365,4.492412507577635,0.15671460424549866,0.6897977976361289,0.8465124018816276,-0.5330831933906303
6.4202001094818115,20.0,15.552554368937892,4.4474456310621076,0.20330868382938194,0.6227057887474075,0.8260144725767894,-0.4193971049180255
6.440171003341675,20.0,15.606105995150315,4.393894004849685,0.13516875077970314,0.6194899123394861,0.7546586631191893,-0.484321161559783
6.460179328918457,20.0,15.666525421120253,4.333474578879747,0.12963179220445442,0.5927242510253563,0.7223560432298107,-0.4630924588209019
6.480172157287598,20.0,15.820329711896203,4.179670288103797,0.1542789349425583,0.5587658047908917,0.71304473973345,-0.4044868698483334
6.500178575515747,20.0,16.083998144516965,3.916001855483035,0.12019952108152199,0.5801060986006632,0.7003056196821852,-0.4599065775191412
6.52018666267395,20.0,16.435557890613573,3.5644421093864267,0.051737022595479965,0.638111062743701,0.689848085339181,-0.586374040148221
6.540167331695557,20.0,16.822274437490858,3.177725562509142,0.09655142297036934,0.6406603249954059,0.7372117479657753,-0.5441089020250366
6.5601723194122314,20.0,17.23711642499269,2.7628835750073115,0.11306418386287975,0.6463916003005579,0.7594557841634376,-0.5333274164376781
6.5801613330841064,20.0,17.67445876499415,2.3255412350058506,0.12818290759809303,0.634730741311796,0.762913648909889,-0.5065478337137029
6.600214719772339,20.0,17.67445876499415,2.3255412350058506,0.07456515823490906,0.6608166768448427,0.7353818350797517,-0.5862515186099336
6.62019944190979,20.0,18.147379511995318,1.852620488004682,0.10275353957898903,0.6645109240664169,0.7672644636454059,-0.5617573844874278
6.64021372795105,20.0,18.719075484596257,1.2809245154037434,0.1497150668967514,0.7,0.8497150668967514,-0.5502849331032486
6.660181522369385,20.0,19.369791637677007,0.6302083623229926,0.1781984893698244,0.7,0.8781984893698244,-0.5218015106301755
6.680173873901367,20.0,20.013411435141606,-0.01341143514160592,0.16634891462512302,0.6911163179203867,0.8574652325455098,-0.5247674032952637
6.700176000595093,20.0,20.598619773113285,-0.5986197731132847,0.2034401549119501,0.7,0.9034401549119501,-0.49655984508804984
6.72018027305603,20.0,21.11952081849063,-1.1195208184906313,0.20183158375788468,0.6704972617328167,0.8723288454907013,-0.46866567797493197
6.740192651748657,20.0,21.536241654792505,-1.536241654792505,0.16473970644641656,0.6466650430113077,0.8114047494577242,-0.4819253365648911
6.760182857513428,20.0,21.869618323834008,-1.8696183238340076,0.17196782062295812,0.6616249427199363,0.8335927633428944,-0.4896571220969782
6.780179500579834,20.0,22.136319659067205,-2.1363196590672047,0.1575561057636513,0.6406562838703393,0.7982123896339907,-0.48310017810668804
6.800168514251709,20.0,22.33210260225377,-2.3321026022537694,0.13116022980306286,0.7,0.8311602298030628,-0.5688397701969371
6.8202033042907715,20.0,22.33210260225377,-2.3321026022537694,0.13116022980306286,0.7,0.8311602298030628,-0.5688397701969371
6.840183973312378,20.0,22.488728956803016,-2.4887289568030155,0.17117268627975124,0.6337323307991027,0.804905017078854,-0.4625596445193515
6.860177040100098,20.0,22.59645191544241,-2.5964519154424117,0.179014839590527,0.664316964149475,0.843331803740002,-0.48530212455894806
6.880169153213501,20.0,22.682630282353934,-2.6826302823539336,0.22670141643378872,0.6853234309703111,0.9120248474040998,-0.4586220145365224
6.900163888931274,20.0,22.733994850883146,-2.733994850883146,0.2967014164337887,0.7,0.9967014164337886,-0.40329858356621123
6.920176267623901,20.0,22.77508650570652,-2.7750865057065184,0.32674577279482026,0.6770906530320644,1.0038364258268846,-0.35034488023724414
6.940185308456421,20.0,22.807959829565217,-2.807959829565217,0.3132913979375734,0.7,1.0132913979375733,-0.3867086020624266
6.96017861366272,20.0,22.816680363652175,-2.816680363652175,0.2794754254305734,0.6507149308919906,0.930190356322564,-0.3712395054614172
6.980170488357544,20.0,22.806078665921742,-2.806078665921742,0.30928447196725745,0.63528753798455,0.9445720099518073,-0.3260030660172925
7.000164985656738,20.0,22.762441057737394,-2.7624410577373943,0.3550389605248346,0.6095362080261111,0.9645751685509456,-0.2544972475012765
7.0201640129089355,20.0,22.657218471189914,-2.657218471189914,0.3601368563855066,0.6646071111783385,1.024743967563845,-0.3044702547928319
7.040168762207031,20.0,22.657218471189914,-2.657218471189914,0.25045433769468206,0.5964776583015918,0.8469319959962739,-0.34602332060690977
7.060201406478882,20.0,22.397259151951932,-2.397259151951932,0.25045433769468206,0.5964776583015918,0.8469319959962739,-0.34602332060690977
7.080188512802124,20.0,22.013510446561547,-2.013510446561547,0.24499345560092467,0.54997234120965,0.7949657968105747,-0.3049788856087253
7.10017991065979,20.0,21.53073023224924,-1.5307302322492404,0.2557068643020465,0.5616195749491453,0.8173264392511917,-0.3059127106470988
7.12018895149231,20.0,21.039037310799394,-1.0390373107993938,0.23912308633793136,0.594351439550519,0.8334745258884503,-0.3552283532125876
7.140181064605713,20.0,20.592948598639516,-0.5929485986395164,0.2701896418677642,0.5579789083451032,0.8281685502128674,-0.28778926647733905
7.160173416137695,20.0,20.253655753911612,-0.25365575391161244,0.23980689503718156,0.5819301817566156,0.8217370767937971,-0.34212328671943404
7.1801793575286865,20.0,19.98222147812929,0.01777852187071005,0.19988850214052933,0.5763681659474968,0.7762566680880262,-0.3764796638069675
7.200182676315308,20.0,19.765074057503433,0.23492594249656662,0.2451990031497552,0.5622068669646978,0.807405870114453,-0.3170078638149426
7.220160961151123,20.0,19.591356121002747,0.4086438789972533,0.18706385501194733,0.5599576079286634,0.7470214629406108,-0.3728937529167161
7.24015998840332,20.0,19.469959896802198,0.5300401031978019,0.15310407884884614,0.570479333680123,0.7235834125289692,-0.4173752548312769
7.260157108306885,20.0,19.469959896802198,0.5300401031978019,0.15821392031852144,0.560792217310518,0.7190061376290394,-0.40257829699199654
7.2801899909973145,20.0,19.390421042441762,0.609578957558238,0.15369377181399602,0.5647872461006045,0.7184810179146005,-0.4110934742866085
7.300181150436401,20.0,19.34436808395341,0.6556319160465911,0.18224679388571519,0.5872726345434784,0.7695194284291936,-0.40502584065776326
7.320178747177124,20.0,19.32510384216273,0.6748961578372707,0.1954119949461891,0.5335605757310986,0.7289725706772877,-0.3381485807849095
7.340170383453369,20.0,19.327270573730182,0.672729426269818,0.1645573879452421,0.5172022039070725,0.6817595918523146,-0.3526448159618304
7.360173940658569,20.0,19.34658208398415,0.6534179160158509,0.1534200644912197,0.5361077597364783,0.689527824227698,-0.3826876952452586
7.380173206329346,20.0,19.379609417187325,0.620390582812675,0.08851703618187445,0.5353975946083664,0.6239146307902409,-0.446880558426492
7.400179862976074,20.0,19.423609408749858,0.5763905912501421,0.10350694496650237,0.5328441795893013,0.6363511245558037,-0.42933723462279894
7.4201743602752686,20.0,19.45880940199989,0.5411905980001102,0.04086682189721602,0.5549812552519142,0.5958480771491302,-0.5141144333546982
7.440173387527466,20.0,19.50454752159991,0.49545247840008955,0.007766205710358798,0.5821919993497431,0.5899582050601019,-0.5744257936393843
7.460175275802612,20.0,19.59387239227993,0.4061276077200695,0.017500227210111796,0.5908832403831183,0.6083834675932301,-0.5733830131730066
7.4801695346832275,20.0,19.59387239227993,0.4061276077200695,0.0,0.5747361018322408,0.5747361018322408,-0.5747361018322408
7.500196218490601,20.0,19.753222913823947,0.24677708617605276,0.008619112893939018,0.5291709660552442,0.5377900789491832,-0.5205518531613051
7.520185470581055,20.0,20.02132833105916,-0.02132833105915921,0.05033432878553867,0.4743882327340542,0.524722561519593,-0.42405390394851555
7.540179252624512,20.0,20.39401578984733,-0.3940157898473302,0.05978583637624978,0.4716405559331178,0.5314263923093676,-0.41185471955686803
7.560174942016602,20.0,20.832790756877863,-0.8327907568778627,0.03154038917273283,0.4318246643990278,0.4633650535717606,-0.40028427522629495
7.580172300338745,20.0,21.34201385550229,-1.342013855502291,0.0,0.45390250794589515,0.45390250794589515,-0.45390250794589515
7.60017466545105,20.0,21.942751709401836,-1.9427517094018363,0.018803879618644714,0.4126072701066732,0.4314111497253179,-0.3938033904880285
7.620179176330566,20.0,22.59912324252147,-2.5991232425214683,0.00011425092816352844,0.44605825357139106,0.4461725044995546,-0.44594400264322753
7.640170097351074,20.0,23.212111094017178,-3.212111094017178,0.0,0.39920894689857955,0.39920894689857955,-0.39920894689857955
7.6601722240448,20.0,23.702501375213743,-3.7025013752137426,0.0,0.41406997647136445,0.41406997647136445,-0.41406997647136445
7.680175542831421,20.0,24.112391725170998,-4.112391725170998,0.03882449492812157,0.42621389664709564,0.4650383915752172,-0.38738940171897407
7.70017409324646,20.0,24.112391725170998,-4.112391725170998,0.03909705951809883,0.40860571973025794,0.4477027792483568,-0.3695086602121591
7.720179080963135,20.0,24.4578821301368,-4.457882130136799,0.03944461312494241,0.4175164902582764,0.4569611033832188,-0.378071877133334
7.740203380584717,20.0,24.78700882910944,-4.787008829109439,0.03944461312494241,0.4175164902582764,0.4569611033832188,-0.378071877133334
7.760180234909058,20.0,25.103044563287554,-5.103044563287554,0.02753315572044812,0.45042336899787183,0.47795652471831995,-0.4228902132774237
7.780180931091309,20.0,25.426185650630046,-5.426185650630046,0.0,0.42600603383034463,0.42600603383034463,-0.42600603383034463
7.800209283828735,20.0,25.75501102050404,-5.755011020504039,0.0,0.4434133673086762,0.4434133673086762,-0.4434133673086762
7.820176124572754,20.0,26.053227566403233,-6.053227566403233,0.05439814552664757,0.41665139403194185,0.4710495395585894,-0.3622532485052943
7.840185642242432,20.0,26.291800803122587,-6.291800803122587,0.042184703052043915,0.3621665125712752,0.4043512156233191,-0.3199818095192313
7.860178232192993,20.0,26.50023751749807,-6.500237517498071,0.028032025322318077,0.35235879924148317,0.38039082456380124,-0.3243267739191651
7.880174875259399,20.0,26.684565013998455,-6.684565013998455,0.0,0.3041946811601519,0.3041946811601519,-0.3041946811601519
7.900161266326904,20.0,26.849605136198768,-6.849605136198768,0.010225172154605389,0.2676818927749991,0.2779070649296045,-0.2574567206203937
7.920169830322266,20.0,26.849605136198768,-6.849605136198768,0.0,0.2476387096568942,0.2476387096568942,-0.2476387096568942
7.940159797668457,20.0,26.999215358959017,-6.999215358959017,0.07635120302438736,0.3416388756409287,0.41799007866531607,-0.26528767261654135
7.960192918777466,20.0,27.118903537167217,-7.118903537167217,0.07635120302438736,0.3416388756409287,0.41799007866531607,-0.26528767261654135
7.980190753936768,20.0,27.214654079733776,-7.214654079733776,0.08604368101805449,0.3248384534195065,0.410882134437561,-0.23879477240145203
8.000163793563843,20.0,27.291254513787024,-7.291254513787024,0.11995122861117125,0.268806701041758,0.38875792965292927,-0.14885547243058678
8.02016544342041,20.0,27.35253486102962,-7.352534861029621,0.12094863574020565,0.2763906610012054,0.39733929674141105,-0.15544202526099976
8.040178298950195,20.0,27.4015591388237,-7.4015591388237,0.13602841342799366,0.1695545099675655,0.30558292339555915,-0.03352609653957184
8.06017541885376,20.0,27.440778561058963,-7.440778561058963,0.13602841342799366,0.1695545099675655,0.30558292339555915,-0.03352609653957184
8.080174207687378,20.0,27.472154098847174,-7.472154098847174,0.16254743401077576,0.2500976555049419,0.41264508951571766,-0.08755022149416614
8.10016131401062,20.0,27.46209827907774,-7.46209827907774,0.22365819875267334,0.22921844460070126,0.45287664335337463,-0.005560245848027917
8.120158672332764,20.0,27.295850498262194,-7.295850498262194,0.2092964186158497,0.29535930491983886,0.5046557235356885,-0.08606288630398917
8.140175342559814,20.0,27.295850498262194,-7.295850498262194,0.2092964186158497,0.29535930491983886,0.5046557235356885,-0.08606288630398917
8.160192728042603,20.0,26.881602273609758,-6.881602273609758,0.2637465505686123,0.27269017398357387,0.5364367245521862,-0.008943623414961577
8.180189371109009,20.0,26.181063068887806,-6.181063068887806,0.2578093295742292,0.2650258800014853,0.5228352095757145,-0.007216550427256108
8.2001793384552,20.0,25.21633483011025,-5.216334830110249,0.28577246124041267,0.2948466649278998,0.5806191261683125,-0.009074203687487126
8.220168113708496,20.0,24.057833489088196,-4.057833489088196,0.315314654057147,0.34325200673192735,0.6585666607890743,-0.02793735267478037
8.240180730819702,20.0,22.81462616627056,-2.8146261662705605,0.3254480257455725,0.29677909221500154,0.6222271179605741,0.028668933530570984
8.260209083557129,20.0,21.556388433016448,-1.5563884330164477,0.35869828311842866,0.34165589120239015,0.7003541743208188,0.017042391916038513
8.280186176300049,20.0,20.26854824641316,-0.268548246413161,0.33984115047496744,0.3477733352221548,0.6876144856971222,-0.007932184747187376
8.300166845321655,20.0,18.92186984713053,1.0781301528694698,0.3228220183227677,0.39827062869444485,0.7210926470172125,-0.07544861037167716
8.320195436477661,20.0,17.528120877704424,2.471879122295576,0.2713611561630387,0.34124244684353466,0.6126036030065733,-0.06988129068049598
8.340184450149536,20.0,16.219762327163544,3.7802376728364564,0.25510321630281396,0.3701896735467016,0.6252928898495156,-0.11508645724388766
8.360180377960205,20.0,16.219762327163544,3.7802376728364564,0.22014559133094735,0.368594577582553,0.5887401689135003,-0.14844898625160563
8.380172967910767,20.0,15.085184861730834,4.914815138269166,0.1691159576002974,0.3825116381514817,0.5516275957517791,-0.2133956805511843
8.400197744369507,20.0,14.159944764384667,5.840055235615333,0.221162941736402,0.32563583161681886,0.5467987733532209,-0.10447288988041686
8.420200109481812,20.0,13.419752686507733,6.580247313492267,0.221162941736402,0.32563583161681886,0.5467987733532209,-0.10447288988041686
8.440182209014893,20.0,12.827599024206188,7.172400975793812,0.1793724973325152,0.39563583161681887,0.5750083289493341,-0.21626333428430367
8.460162162780762,20.0,12.353876094364951,7.646123905635049,0.142008819115581,0.4586014780029654,0.6006102971185464,-0.3165926588873844
8.480161190032959,20.0,11.97489775049196,8.02510224950804,0.07200881911558099,0.5139582338556647,0.5859670529712457,-0.44194941474008376
8.50017499923706,20.0,11.68929320039357,8.31070679960643,0.05349213143927045,0.5085564190335572,0.5620485504728276,-0.45506428759428674
8.520180463790894,20.0,11.478387685314857,8.521612314685143,0.038522914779605344,0.5785564190335573,0.6170793338131626,-0.5400335042539519
8.540176630020142,20.0,11.415132023251887,8.584867976748113,0.06064152231556363,0.5232249951548875,0.5838665174704512,-0.4625834728393239
8.560173988342285,20.0,11.61062124360151,8.38937875639849,0.07024912515771575,0.5008234164305032,0.571072541588219,-0.43057429127278746
8.580180644989014,20.0,11.61062124360151,8.38937875639849,0.06661671728943475,0.496572649255395,0.5631893665448298,-0.42995593196596027
8.600178241729736,20.0,12.136153244881209,7.863846755118791,0.026339061121689156,0.44906786657869824,0.4754069277003874,-0.4227288054570091
8.620199203491211,20.0,12.925719470904967,7.074280529095033,0.05003834285889752,0.4216216915845872,0.4716600344434847,-0.37158334872568966
8.640177965164185,20.0,13.891356826723973,6.108643173276027,0.09977701448951848,0.4301273488998414,0.5299043633893599,-0.3303503344103229
8.660163640975952,20.0,14.962694836379182,5.037305163620818,0.057294683094369254,0.4485981000214816,0.5058927831158508,-0.39130341692711235
8.680176496505737,20.0,16.118593369103348,3.8814066308966524,0.0765079069242347,0.3914626149088145,0.4679705218330492,-0.3149547079845798
8.700173616409302,20.0,17.30698407028268,2.693015929717319,0.042679157602833584,0.41590550184249886,0.45858465944533244,-0.3732263442396653
8.720177173614502,20.0,18.415899756226143,1.5841002437738574,0.0019961265206802636,0.3562430219352246,0.3582391484559049,-0.35424689541454435
8.740173578262329,20.0,19.355766679980917,0.6442333200190831,0.0019961265206802636,0.3562430219352246,0.3582391484559049,-0.35424689541454435
8.76017165184021,20.0,20.177972718984737,-0.1779727189847371,0.02766442162101157,0.4028433488309384,0.43050777045195,-0.37517892720992685
8.780197858810425,20.0,20.888471925187787,-0.8884719251877868,0.07,0.33919097388163216,0.40919097388163217,-0.26919097388163216
8.800211191177368,20.0,20.888471925187787,-0.8884719251877868,0.07,0.33919097388163216,0.40919097388163217,-0.26919097388163216
8.82021427154541,20.0,21.47444941515023,-1.4744494151502288,0.03704727411270142,0.35387968549504883,0.39092695960775026,-0.3168324113823474
8.84016489982605,20.0,21.960809532120187,-1.9608095321201873,0.016668496355414397,0.39072303751483567,0.40739153387025007,-0.37405454115942127
8.860162496566772,20.0,22.34989762569615,-2.3498976256961512,0.02314133586362005,0.3671179199405015,0.3902592558041216,-0.3439765840768815
8.880171298980713,20.0,22.696324350556925,-2.6963243505569245,0.036963388491421945,0.350478169489652,0.38744155798107394,-0.31351478099823005
8.90017294883728,20.0,23.00862198044554,-3.0086219804455396,0.048769775014370687,0.3851519496925176,0.4339217247068883,-0.3363821746781469
8.920208930969238,20.0,23.258460084356436,-3.258460084356436,0.08831154106184841,0.4166243346221746,0.504935875684023,-0.32831279356032617
8.940188884735107,20.0,23.475908692485152,-3.4759086924851523,0.12331435380503535,0.4266372360102833,0.5499515898153187,-0.30332288220524795
8.960178852081299,20.0,23.667445703988122,-3.667445703988122,0.05331435380503535,0.44933368263766177,0.5026480364426971,-0.3960193288326264
8.98017430305481,20.0,23.8558315631905,-3.855831563190499,0.042927457485347986,0.4185463134013117,0.4614737708866597,-0.3756188559159637
9.000197887420654,20.0,24.0065402505524,-4.006540250552401,0.0,0.37412214533425875,0.37412214533425875,-0.37412214533425875
9.02022099494934,20.0,24.0065402505524,-4.006540250552401,0.0,0.3457961852941663,0.3457961852941663,-0.3457961852941663
9.040201902389526,20.0,24.12710720044192,-4.12710720044192,0.0,0.3457961852941663,0.3457961852941663,-0.3457961852941663
9.060187101364136,20.0,24.223560760353536,-4.223560760353536,0.0,0.31859229759313173,0.31859229759313173,-0.31859229759313173
9.080176830291748,20.0,24.33587985828283,-4.33587985828283,0.0,0.31866129805304816,0.31866129805304816,-0.31866129805304816
9.100170612335205,20.0,24.478469511626265,-4.478469511626265,0.05546538904309273,0.3170652857839014,0.37253067482699415,-0.2615998967408087
9.120172500610352,20.0,24.680431859301017,-4.680431859301017,0.10929774306714535,0.3040164113367792,0.41331415440392455,-0.19471866826963385
9.140172958374023,20.0,24.965048612440814,-4.965048612440814,0.13051830977201462,0.3017466517954018,0.4322649615674164,-0.17122834202338716
9.160175323486328,20.0,25.280632639952653,-5.280632639952653,0.13051830977201462,0.3017466517954018,0.4322649615674164,-0.17122834202338716
9.180175065994263,20.0,25.55067798696212,-5.550677986962121,0.09754975885152817,0.2653383689789917,0.3628881278305199,-0.16778861012746354
9.200166940689087,20.0,25.7667142645697,-5.7667142645697,0.12014686129987241,0.31777548816491624,0.43792234946478864,-0.19762862686504384
9.220157384872437,20.0,25.939543286655763,-5.939543286655763,0.14974466152489185,0.34646158878196737,0.4962062503068592,-0.1967169272570755
9.240185737609863,20.0,25.939543286655763,-5.939543286655763,0.17193341255187988,0.3201015799163725,0.4920349924682524,-0.14816816736449262
9.260204315185547,20.0,26.07780650432461,-6.0778065043246094,0.15033632330596447,0.2554438545226004,0.40578017782856485,-0.10510753121663591
9.280186891555786,20.0,26.17083895345969,-6.17083895345969,0.14312836667522788,0.3254438545226004,0.46857222119782826,-0.1823154878473725
9.300169944763184,20.0,26.24526491276775,-6.245264912767752,0.07767941942438483,0.3298428686938133,0.40752228811819813,-0.25216344926942846
9.320169687271118,20.0,26.269649430214205,-6.269649430214205,0.03808216890320182,0.344871374279901,0.3829535431831028,-0.3067892053766992
9.340161800384521,20.0,26.166110169171365,-6.166110169171365,0.008337018545717001,0.374471802697226,0.382808821242943,-0.366134784151509
9.360150337219238,20.0,25.85476313533709,-5.854763135337091,0.05297897895798087,0.39184413707320354,0.4448231160311844,-0.33886515811522266
9.380178928375244,20.0,25.377169883269673,-5.377169883269673,0.09047455480322242,0.40940494878654143,0.49987950358976385,-0.318930393983319
9.400177955627441,20.0,24.90720465661574,-4.90720465661574,0.08307023858651519,0.38873314900760314,0.47180338759411833,-0.30566291042108795
9.42017412185669,20.0,24.531232475292594,-4.531232475292594,0.07724735420197248,0.3441170532858815,0.421364407487854,-0.266869699083909
9.440171241760254,20.0,24.23045473023408,-4.230454730234079,0.09840758237987757,0.3600934785461869,0.45850106092606446,-0.26168589616630933
9.460175514221191,20.0,24.23045473023408,-4.230454730234079,0.10082446038722992,0.32982361918751857,0.4306480795747485,-0.22899915880028865
9.480183839797974,20.0,23.98983253418726,-3.9898325341872614,0.03314579278230667,0.29180167844955585,0.3249474712318625,-0.2586558856672492
9.500199794769287,20.0,23.79733477734981,-3.7973347773498105,0.04101361520588398,0.3060338482863154,0.3470474634921994,-0.26502023308043143
9.52019739151001,20.0,23.643336571879846,-3.6433365718798463,0.04762486135587096,0.32478875896398685,0.3724136203198578,-0.2771638976081159
9.540169477462769,20.0,23.52013800750388,-3.5201380075038813,0.004804478492587805,0.32022631071944496,0.32503078921203277,-0.31542183222685716
9.560176372528076,20.0,23.43915728100311,-3.4391572810031086,0.007042089244350791,0.32062489896983615,0.32766698821418694,-0.31358280972548536
9.580150127410889,20.0,23.39195082480249,-3.391950824802489,0.03696410893462598,0.33736026458413115,0.37432437351875714,-0.30039615564950517
9.600176811218262,20.0,23.406920034841995,-3.4069200348419955,0.04311723238788545,0.2963089177754592,0.33942615016334465,-0.25319168538757375
9.620177268981934,20.0,23.454051652873595,-3.454051652873595,0.00757816038094461,0.3663089177754592,0.3738870781564038,-0.3587307573945146
9.640170812606812,20.0,23.491756947298878,-3.491756947298878,0.014886086108163,0.37264144655287973,0.38752753266104273,-0.35775536044471673
9.660189628601074,20.0,23.521921182839108,-3.521921182839108,0.029783014440909028,0.31769763167918436,0.3474806461200934,-0.2879146172382753
9.680175542831421,20.0,23.521921182839108,-3.521921182839108,0.02762241172604263,0.302792892344005,0.33041530407004766,-0.2751704806179624
9.700202465057373,20.0,23.54605257127129,-3.5460525712712894,0.0,0.2970471647751402,0.2970471647751402,-0.2970471647751402
9.720198631286621,20.0,23.582935807017034,-3.5829358070170336,0.0,0.3238061578196358,0.3238061578196358,-0.3238061578196358
9.740174531936646,20.0,23.64759864561363,-3.6475986456136305,0.0,0.3238061578196358,0.3238061578196358,-0.3238061578196358
9.760195970535278,20.0,23.734485166490906,-3.734485166490906,0.030950767919421193,0.32697977942385487,0.35793054734327606,-0.29602901150443367
9.78016185760498,20.0,23.839150633192723,-3.839150633192723,0.0,0.25697977942385486,0.25697977942385486,-0.25697977942385486
9.80018162727356,20.0,23.940461131554184,-3.9404611315541835,0.0,0.25697977942385486,0.25697977942385486,-0.25697977942385486
9.820182085037231,20.0,24.039087655243346,-4.039087655243346,0.03073965758085251,0.2701406731174212,0.3008803306982737,-0.23940101553656867
9.840198040008545,20.0,24.153145124194676,-4.153145124194676,0.012543823570013046,0.24080216799833584,0.2533459915683489,-0.2282583444283228
9.860199213027954,20.0,24.26196922435574,-4.261969224355742,0.0061044711619615555,0.2112961924538832,0.21740066361584476,-0.20519172129192165
9.8801851272583,20.0,24.349028504484597,-4.349028504484597,0.013348258566111326,0.20062491492339185,0.21397317348950318,-0.18727665635728052
9.900174617767334,20.0,24.349028504484597,-4.349028504484597,0.013348258566111326,0.20062491492339185,0.21397317348950318,-0.18727665635728052
9.920179843902588,20.0,24.41867592858768,-4.418675928587682,0.03604895202443004,0.1601306480259519,0.19617960005038193,-0.12408169600152186
9.940165281295776,20.0,24.47439386787015,-4.474393867870148,0.014297211077064274,0.1685051583588939,0.18280236943595818,-0.15420794728182963
9.960188865661621,20.0,24.501390094296116,-4.5013900942961165,0.0,0.1262603514731746,0.1262603514731746,-0.1262603514731746
9.98017168045044,20.0,24.522987075436895,-4.522987075436895,0.0,0.16908201583632043,0.16908201583632043,-0.16908201583632043
10.000165700912476,-20.0,24.540264660349514,-44.540264660349514,0.027141036465764046,0.19645386570104173,0.22359490216680578,-0.16931282923527768
10.020203113555908,-20.0,24.536508603279614,-44.536508603279614,0.0,0.18593883615889362,0.18593883615889362,-0.18593883615889362
10.040200233459473,-20.0,24.46319125762369,-44.46319125762369,0.07,0.11760102313914113,0.18760102313914112,-0.04760102313914112
10.060198068618774,-20.0,24.246334256098955,-44.246334256098955,0.0,0.08770689283468536,0.08770689283468536,-0.08770689283468536
10.08023452758789,-20.0,23.897067404879163,-43.89706740487917,0.07,0.11133121055521777,0.18133121055521778,-0.04133121055521777
10.100205183029175,-20.0,23.424294548903333,-43.42429454890333,0.06859232443850488,0.06507049229898265,0.13366281673748753,0.0035218321395222296
10.120201587677002,-20.0,23.424294548903333,-43.42429454890333,0.1385923244385049,0.022545908661268266,0.16113823309977315,0.11604641577723662
10.140196084976196,-20.0,22.958185639122668,-42.95818563912267,0.2085923244385049,0.0,0.2085923244385049,0.2085923244385049
10.160189867019653,-20.0,22.567720386298138,-42.567720386298134,0.2353103355644271,0.023563161492347717,0.2588734970567748,0.21174717407207938
10.180305004119873,-20.0,22.22019193403851,-42.22019193403851,0.2541293864278123,0.03776254504919052,0.2918919314770028,0.21636684137862178
10.200205564498901,-20.0,21.854278547230813,-41.85427854723081,0.2541293864278123,0.03776254504919052,0.2918919314770028,0.21636684137862178
10.220220804214478,-20.0,21.368188462784655,-41.36818846278466,0.2541293864278123,0.03776254504919052,0.2918919314770028,0.21636684137862178
10.240201234817505,-20.0,20.733222645227723,-40.73322264522773,0.2541293864278123,0.03776254504919052,0.2918919314770028,0.21636684137862178
10.260236024856567,-20.0,19.891265616182178,-39.89126561618218,0.2541293864278123,0.03776254504919052,0.2918919314770028,0.21636684137862178
10.280228853225708,-20.0,18.795824992945743,-38.79582499294574,0.3229445506958291,0.0,0.3229445506958291,0.3229445506958291
10.300203323364258,-20.0,17.374550619356594,-37.3745506193566,0.3229445506958291,0.0,0.3229445506958291,0.3229445506958291
10.32018780708313,-20.0,15.481671745485277,-35.48167174548528,0.39480456050019713,0.01983456313610077,0.4146391236362979,0.37496999736409636
10.340188026428223,-20.0,15.481671745485277,-35.48167174548528,0.4077836823789403,0.08983456313610078,0.4976182455150411,0.31794911924283953
10.360188007354736,-20.0,12.965415521388222,-32.96541552138822,0.46247890863101937,0.07358666107058526,0.5360655697016046,0.3888922475604341
10.380178689956665,-20.0,9.844988667110579,-29.844988667110577,0.5072480020252987,0.003586661070585251,0.510834663095884,0.5036613409547135
10.400200605392456,-20.0,6.223647183688463,-26.223647183688463,0.5325122465519234,0.052362844347953796,0.5848750908998772,0.4801494022039696
10.420169115066528,-20.0,2.4125114969507706,-22.41251149695077,0.6025122465519235,0.021631378680467606,0.6241436252323911,0.5808808678714559
10.440159559249878,-20.0,-1.1813189274393838,-18.818681072560615,0.631220058160834,0.014713194221258163,0.6459332523820922,0.6165068639395759
10.460190773010254,-20.0,-4.267320766951508,-15.732679233048492,0.7,0.0,0.7,0.7
10.480197191238403,-20.0,-6.824012863561206,-13.175987136438794,0.7,0.010492495261132717,0.7104924952611327,0.6895075047388672
10.500181436538696,-20.0,-9.062725915848967,-10.937274084151033,0.6299999999999999,0.013081542681902647,0.6430815426819025,0.6169184573180972
10.52016568183899,-20.0,-11.222836982679173,-8.777163017320827,0.6193934177234768,0.0,0.6193934177234768,0.6193934177234768
10.540159940719604,-20.0,-13.46069146114334,-6.539308538856661,0.6506682281568645,0.011923052370548248,0.6625912805274128,0.6387451757863163
10.56020188331604,-20.0,-13.46069146114334,-6.539308538856661,0.5806682281568645,0.08192305237054825,0.6625912805274128,0.4987451757863162
10.580170631408691,-20.0,-15.743162543914675,-4.256837456085325,0.6159022622182964,0.13464731320738793,0.7505495754256843,0.48125494901090843
10.600166320800781,-20.0,-17.81523316013174,-2.18476683986826,0.5459022622182963,0.1951840852200985,0.7410863474383949,0.3507181769981978
10.620163440704346,-20.0,-19.525624028105394,-0.4743759718946059,0.5752672373875973,0.2651840852200985,0.8404513226076958,0.3100831521674988
10.640158414840698,-20.0,-20.911514847484316,0.911514847484316,0.5287023938819764,0.3351840852200985,0.8638864791020748,0.19351830866187786
10.660188913345337,-20.0,-22.072961877987456,2.0729618779874563,0.4587023938819764,0.4041802687942982,0.8628826626762747,0.05452212508767823
10.680177450180054,-20.0,-23.019697627389966,3.0196976273899665,0.4906322444602844,0.37497115045785906,0.8656033949181434,0.11566109400242536
10.700164556503296,-20.0,-23.759508101911976,3.759508101911976,0.5606322444602845,0.44497115045785907,1.0056033949181435,0.11566109400242541
10.720160007476807,-20.0,-24.281043981529585,4.281043981529585,0.6306322444602845,0.5149711504578591,1.1456033949181437,0.11566109400242541
10.740155696868896,-20.0,-24.41702268522367,4.417022685223671,0.6346446512639521,0.5271841812878848,1.1618288325518369,0.10746046997606729
10.760191202163696,-20.0,-24.051196273178938,4.051196273178938,0.5875981426239012,0.5190878085792066,1.1066859512031078,0.06851033404469464
10.78016185760498,-20.0,-24.051196273178938,4.051196273178938,0.6023060161992906,0.4769150488078595,1.07922106500715,0.12539096739143107
10.800178289413452,-20.0,-23.17845701854315,3.178457018543149,0.6651316736266015,0.4869616445153953,1.1520933181419968,0.17817002911120622
10.820199966430664,-20.0,-21.952921864834522,1.9529218648345221,0.7,0.5569616445153953,1.2569616445153953,0.14303835548460464
10.840175867080688,-20.0,-20.568196866867616,0.5681968668676163,0.7,0.5292705335468055,1.2292705335468055,0.17072946645319442
10.860199689865112,-20.0,-19.091276243494097,-0.9087237565059034,0.7,0.5437842179834844,1.2437842179834844,0.15621578201651554
10.88016676902771,-20.0,-17.540599119795274,-2.4594008802047256,0.7,0.4737842179834844,1.1737842179834843,0.22621578201651554
10.900159358978271,-20.0,-16.00122929583622,-3.9987707041637783,0.7,0.44640441648662105,1.146404416486621,0.2535955835133789
10.92015528678894,-20.0,-14.593952186668977,-5.406047813331023,0.6967181819956749,0.37640441648662104,1.0731225984822959,0.3203137655090539
10.940189599990845,-20.0,-13.327505499335182,-6.672494500664818,0.7,0.4119049354642631,1.111904935464263,0.28809506453573686
10.960198640823364,-20.0,-12.173723149468147,-7.826276850531853,0.7,0.46311944045126446,1.1631194404512644,0.2368805595487355
10.980170488357544,-20.0,-11.14522851957452,-8.85477148042548,0.6903877694159746,0.3931194404512645,1.0835072098672391,0.29726832896471006
11.000162363052368,-20.0,-11.14522851957452,-8.85477148042548,0.7,0.3887147871218623,1.0887147871218623,0.31128521287813765
11.020156860351562,-20.0,-10.287276565659615,-9.712723434340385,0.6778169486671686,0.4339346033893527,1.1117515520565213,0.24388234527781588
11.040174961090088,-20.0,-9.600915002527692,-10.399084997472308,0.6628820568323135,0.3639346033893527,1.0268166602216662,0.2989474534429608
11.060188293457031,-20.0,-9.051825752022154,-10.948174247977846,0.6429514054208993,0.35054582996293915,0.9934972353838385,0.2924055754579602
11.080163478851318,-20.0,-8.612554351617723,-11.387445648382277,0.676134417578578,0.2833052490465344,0.9594396666251124,0.3928291685320435
11.100157022476196,-20.0,-8.26113723129418,-11.73886276870582,0.65206786878407,0.34118562458083046,0.9932534933649004,0.3108822442032395
11.120153188705444,-20.0,-7.980003535035344,-12.019996464964656,0.6411688540130853,0.30259353933855904,0.9437623933516444,0.3385753146745263
11.140188455581665,-20.0,-7.755096578028275,-12.244903421971724,0.6316956121474504,0.29825306018814457,0.929948672335595,0.33344255195930583
11.160192489624023,-20.0,-7.575171012422621,-12.424828987577378,0.5913634624332189,0.30811820445582283,0.8994816668890417,0.2832452579773961
11.180173873901367,-20.0,-7.466386809938097,-12.533613190061903,0.5671399168670177,0.298126645255834,0.8652665621228517,0.2690132716111837
11.200164794921875,-20.0,-7.4672500729504785,-12.532749927049522,0.611336749792099,0.2729727568663658,0.8843095066584648,0.33836399292573316
11.220158100128174,-20.0,-7.4672500729504785,-12.532749927049522,0.6372121132910251,0.2029727568663658,0.8401848701573909,0.43423935642465933
11.240161418914795,-20.0,-7.590987558360383,-12.409012441639618,0.6573812447488308,0.14666362309828412,0.8040448678471148,0.5107176216505467
11.260177612304688,-20.0,-7.830602546688306,-12.169397453311694,0.6678620370104908,0.09596328640356672,0.7638253234140575,0.5718987506069242
11.280160427093506,-20.0,-8.110185162350644,-11.889814837649356,0.7,0.09062111906707299,0.7906211190670729,0.609378880932927
11.30015254020691,-20.0,-8.421741879880516,-11.578258120119484,0.6583523198962211,0.08339167589321744,0.7417439957894385,0.5749606440030037
11.320199489593506,-20.0,-8.846768503904414,-11.153231496095586,0.646649407967925,0.08403489953372639,0.7306843075016514,0.5626145084341987
11.340197563171387,-20.0,-9.415305428123531,-10.584694571876469,0.6275110103189945,0.03539099386427563,0.66290200418327,0.5921200164547189
11.360165119171143,-20.0,-10.133806842498826,-9.866193157501174,0.6541620295494794,0.007072901637293516,0.6612349311867729,0.647089127912186
11.380210876464844,-20.0,-10.97227984899906,-9.02772015100094,0.6662461280822753,0.007781668093521265,0.6740277961757966,0.6584644599887541
11.400184869766235,-20.0,-11.906730129199248,-8.093269870800752,0.6936640225350856,0.060814204153139255,0.7544782266882248,0.6328498183819464
11.420167922973633,-20.0,-12.917962228359398,-7.082037771640602,0.7,0.022395758416969447,0.7223957584169693,0.6776042415830306
11.44017219543457,-20.0,-12.917962228359398,-7.082037771640602,0.6997647284762933,0.025653572746086983,0.7254183012223803,0.6741111557302064
11.460160732269287,-20.0,-13.955463532687519,-6.044536467312481,0.6859512747498229,0.026591886584647118,0.7125431613344699,0.6593593881651758
11.48016357421875,-20.0,-15.013980201150016,-4.986019798849984,0.6483864904614165,0.024802670050412534,0.673189160511829,0.623583820411004
11.500166177749634,-20.0,-16.106887285920013,-3.8931127140799866,0.6138776176841929,0.0,0.6138776176841929,0.6138776176841929
11.520159006118774,-20.0,-17.280041078736012,-2.719958921263988,0.5960086276056245,0.03372810408473015,0.6297367316903546,0.5622805235208943
11.540157794952393,-20.0,-18.48223598798881,-1.5177640120111917,0.6176572487922385,0.03857406973838806,0.6562313185306266,0.5790831790538504
11.560197353363037,-20.0,-19.61977316539105,-0.38022683460895124,0.6291902809636667,0.031202417798340317,0.660392698762007,0.5979878631653264
11.580167531967163,-20.0,-20.63527165731284,0.6352716573128383,0.6563151291804388,0.04935434926301241,0.7056694784434512,0.6069607799174264
11.600161790847778,-20.0,-21.605873575850275,1.605873575850275,0.5945927388267591,0.07873356249183416,0.6733263013185933,0.515859176334925
11.620179891586304,-20.0,-22.55813636068022,2.558136360680219,0.6064445021795108,0.11092968564480543,0.7173741878243163,0.4955148165347054
11.640180110931396,-20.0,-23.47814971354418,3.4781497135441803,0.5364445021795108,0.040929685644805425,0.5773741878243162,0.49551481653470536
11.660193920135498,-20.0,-23.47814971354418,3.4781497135441803,0.48126710042823095,0.016632703430950635,0.4978998038591816,0.4646343969972803
11.680185079574585,-20.0,-24.266894770835343,4.266894770835343,0.45840071723330755,0.0,0.45840071723330755,0.45840071723330755
11.700186491012573,-20.0,-24.897890816668273,4.897890816668273,0.38840071723330755,0.0,0.38840071723330755,0.38840071723330755
11.720170021057129,-20.0,-25.402687653334617,5.402687653334617,0.33174268022645254,0.031929776072502136,0.36367245629895467,0.2998129041539504
11.740165948867798,-20.0,-25.806525122667693,5.8065251226676935,0.3829539889143779,0.0,0.3829539889143779,0.3829539889143779
11.760162115097046,-20.0,-26.147173223134157,6.147173223134157,0.37527750485111017,0.035107631236314774,0.41038513608742494,0.3401698736147954
11.780159711837769,-20.0,-26.41969170350733,6.419691703507329,0.4071537336008622,0.05013809073716402,0.45729182433802623,0.3570156428636982
11.800163984298706,-20.0,-26.655284612805865,6.655284612805865,0.40679012044216495,0.0,0.40679012044216495,0.40679012044216495
11.82019853591919,-20.0,-26.861337065244697,6.861337065244697,0.3778453915461431,0.04777901619672775,0.42562440774287086,0.33006637534941535
11.840177536010742,-20.0,-27.02617902719576,7.026179027195759,0.3884377618401776,0.013912040740251541,0.40234980258042913,0.37452572109992605
11.860215902328491,-20.0,-27.14047447175661,7.140474471756612,0.4584377618401776,0.0024424251168966293,0.4608801869570742,0.45599533672328096
11.880215883255005,-20.0,-27.14047447175661,7.140474471756612,0.44487900993670326,0.07244242511689664,0.5173214350536,0.3724365848198066
11.900188207626343,-20.0,-27.17917645240529,7.17917645240529,0.4541096562414895,0.06238342605531217,0.5164930822968017,0.39172623018617736
11.92017650604248,-20.0,-27.157403661924235,7.157403661924235,0.43897363225813013,0.05676596116274596,0.4957395934208761,0.38220767109538417
11.94016432762146,-20.0,-27.10482917953939,7.10482917953939,0.40607835034723383,0.019713225476443774,0.4257915758236776,0.38636512487079006
11.960178136825562,-20.0,-27.06276959363151,7.062769593631511,0.4300913089781533,0.0,0.4300913089781533,0.4300913089781533
11.980172395706177,-20.0,-27.029121924905212,7.029121924905212,0.38719484823639494,0.05189739912748337,0.4390922473638783,0.33529744910891157
12.000168085098267,-20.0,-27.00220378992417,7.00220378992417,0.4165166212141047,0.030472250655293465,0.4469888718693982,0.38604437055881125
12.02016019821167,-20.0,-26.98066928193934,6.980669281939338,0.3465166212141047,0.10047225065529347,0.4469888718693982,0.24604437055881123
12.040159225463867,-20.0,-26.963441675551472,6.963441675551472,0.4069453672587405,0.16675582684576512,0.5737011941045056,0.24018954041297536
12.060161590576172,-20.0,-26.94965959044118,6.949659590441179,0.3389533133327494,0.1891380862146616,0.528091399547411,0.1498152271180878
12.080198526382446,-20.0,-26.938633922352945,6.938633922352945,0.31150928783114057,0.15466183207929135,0.4661711199104319,0.15684745575184922
12.100182056427002,-20.0,-26.938633922352945,6.938633922352945,0.3815092878311406,0.10652634657919408,0.48803563441033465,0.2749829412519465
12.120165348052979,-20.0,-26.91223526288236,6.9122352628823585,0.45150928783114064,0.0758034509420395,0.5273127387731802,0.37570583688910114
12.140164852142334,-20.0,-26.873538210305888,6.873538210305888,0.4855536765127907,0.05268477059900761,0.5382384471117982,0.4328689059137831
12.160167932510376,-20.0,-26.719533693244713,6.719533693244713,0.4662967065989504,0.1181876004487276,0.584484307047678,0.3481091061502228
12.180168867111206,-20.0,-26.35023632959577,6.35023632959577,0.4463456275581847,0.1412913852185011,0.5876370127766858,0.3050542423396836
12.20016860961914,-20.0,-25.77354843867662,5.77354843867662,0.48030804867739785,0.16924088045954705,0.649548929136945,0.3110671682178508
12.220170021057129,-20.0,-25.1715731259413,5.1715731259413005,0.41509811605210406,0.15214635215699673,0.5672444682091008,0.2629517638951073
12.240159034729004,-20.0,-24.707571000753042,4.707571000753042,0.36675463641877276,0.08214635215699673,0.4489009885757695,0.28460828426177603
12.260168552398682,-20.0,-24.336369300602435,4.336369300602435,0.42592463667388064,0.09223228599876165,0.5181569226726424,0.333692350675119
12.280177354812622,-20.0,-24.03940794048195,4.039407940481951,0.42577750735217695,0.04596208315342665,0.4717395905056036,0.3798154241987503
12.30016803741455,-20.0,-23.78426072738556,3.7842607273855613,0.4527762246900237,0.0,0.4527762246900237,0.4527762246900237
12.320167303085327,-20.0,-23.78426072738556,3.7842607273855613,0.44268857814604406,0.0,0.44268857814604406,0.44268857814604406
12.340197801589966,-20.0,-23.58014295690845,3.5801429569084497,0.4081546602421439,0.0,0.4081546602421439,0.4081546602421439
12.360203504562378,-20.0,-23.416848740526763,3.4168487405267634,0.376634196715895,0.012062226422131062,0.38869642313802605,0.3645719702937639
12.380178689956665,-20.0,-23.286213367421414,3.2862133674214142,0.4067635977291501,0.021562672220170498,0.4283262699493206,0.3852009255089796
12.400169610977173,-20.0,-23.199283193937134,3.1992831939371342,0.34019983500475054,0.00451443437486887,0.3447142693796194,0.33568540062988167
12.420166730880737,-20.0,-23.18247343014971,3.1824734301497095,0.27019983500475053,0.009288712404668331,0.27948854740941886,0.2609111226000822
12.440165042877197,-20.0,-23.27449436911977,3.2744943691197683,0.2998221383267081,0.010214882320724428,0.31003702064743255,0.2896072560059837
12.460188865661621,-20.0,-23.506314245295815,3.5063142452958154,0.3648684114986098,0.0,0.3648684114986098,0.3648684114986098
12.48017692565918,-20.0,-23.797238896236657,3.7972388962366566,0.35985491628060107,0.04422163963317871,0.4040765559137798,0.31563327664742236
12.500163793563843,-20.0,-24.08271299198933,4.082712991989329,0.3549614219763315,0.09781182184815407,0.4527732438244856,0.25714960012817745
12.520167827606201,-20.0,-24.311092268591462,4.311092268591462,0.37635840725386505,0.13013909757137299,0.506497504825238,0.24621930968249206
12.540167331695557,-20.0,-24.311092268591462,4.311092268591462,0.41215235989773635,0.09073521196842194,0.5028875718661583,0.3214171479293144
12.560165882110596,-20.0,-24.51137381487317,4.511373814873171,0.4821523598977363,0.1121252030134201,0.5942775629111564,0.3700271568843162
12.580187320709229,-20.0,-24.671599051898536,4.671599051898536,0.535830440337304,0.10572678502649069,0.6415572253637947,0.4301036553108133
12.60017728805542,-20.0,-24.79977924151883,4.799779241518831,0.5019469432183541,0.11912879161536694,0.621075734833721,0.38281815160298716
12.620185852050781,-20.0,-24.884745268215067,4.884745268215067,0.45699607428396116,0.1608061883598566,0.6178022626438178,0.29618988592410456
12.64017653465271,-20.0,-24.935139964572056,4.9351399645720555,0.43931544978404413,0.13559390231966972,0.5749093521037139,0.3037215474643744
12.660207509994507,-20.0,-24.922721346657646,4.922721346657646,0.3794744167127646,0.20559390231966973,0.5850683190324344,0.17388051439309488
12.680182218551636,-20.0,-24.860052077326117,4.860052077326117,0.4307829890050925,0.27559390231966974,0.7063768913247622,0.15518908668542275
12.7001633644104,-20.0,-24.757182286860896,4.757182286860896,0.5007829890050925,0.24263046249747278,0.7434134515025653,0.2581525265076198
12.720161199569702,-20.0,-24.62215207948872,4.622152079488721,0.5175472274818458,0.17892191126942636,0.6964691387512721,0.3386253162124194
12.740166187286377,-20.0,-24.40865916359098,4.408659163590979,0.49121171798789875,0.19476465821266176,0.6859763762005605,0.296447059775237
12.760163068771362,-20.0,-24.40865916359098,4.408659163590979,0.5260370020219125,0.12476465821266176,0.6508016602345743,0.40127234380925075
12.780190706253052,-20.0,-24.079661705872788,4.0796617058727875,0.5735424403497018,0.16493308886885644,0.7384755292185583,0.4086093514808454
12.800214052200317,-20.0,-23.587948114698232,3.587948114698232,0.6435424403497019,0.23493308886885644,0.8784755292185583,0.40860935148084543
12.820188522338867,-20.0,-22.948483491758587,2.948483491758587,0.6575184908905067,0.3036224500834942,0.9611409409740009,0.35389604080701254
12.840173721313477,-20.0,-22.33144304340687,2.331443043406871,0.6295025998004713,0.3660095663368702,0.9955121661373415,0.2634930334636011
12.860197305679321,-20.0,-21.8378106847255,1.8378106847255005,0.6508698479481974,0.2960095663368702,0.9468794142850676,0.35486028161132716
12.880185842514038,-20.0,-21.442904797780404,1.442904797780404,0.6950275988527574,0.2669054564833641,0.9619330553361216,0.42812214236939333
12.900172472000122,-20.0,-21.109401963224325,1.1094019632243253,0.6956065632146784,0.2822734747827053,0.9778800379973838,0.4133330884319731
12.92016077041626,-20.0,-20.82502157057946,0.8250215705794588,0.7,0.27382495783269406,0.9738249578326941,0.4261750421673059
12.940167903900146,-20.0,-20.527204756463565,0.5272047564635649,0.6656932726502418,0.20929924182593823,0.8749925144761801,0.4563940308243036
12.960179567337036,-20.0,-20.165904430170855,0.16590443017085477,0.600619514286518,0.13929924182593822,0.7399187561124563,0.4613202724605798
12.980173587799072,-20.0,-20.165904430170855,0.16590443017085477,0.5702013418078422,0.19387324713170528,0.7640745889395475,0.3763280946761369
13.000165700912476,-20.0,-19.788973544136688,-0.21102645586331192,0.6065210148692131,0.23916763998568058,0.8456886548548936,0.3673533748835325
13.020190954208374,-20.0,-19.46985071030935,-0.5301492896906517,0.5770797383040189,0.26425059884786606,0.841330337151885,0.31282913945615287
13.04018497467041,-20.0,-19.21455244324748,-0.7854475567525192,0.6015356935560703,0.2928195334970951,0.8943552270531654,0.3087161600589752
13.060176372528076,-20.0,-19.027891954597987,-0.9721080454020132,0.6034519995329901,0.2781816916540265,0.8816336911870166,0.3252703078789636
13.08018970489502,-20.0,-18.87856356367839,-1.1214364363216092,0.6000701556215062,0.2561203809455037,0.8561905365670099,0.3439497746760025
13.10017466545105,-20.0,-18.776678975942716,-1.2233210240572845,0.5565300988266244,0.25926191196776927,0.8157920107943937,0.29726818685885514
13.120173215866089,-20.0,-18.677593180754172,-1.3224068192458276,0.6265300988266245,0.20680130110122263,0.8333313999278471,0.41972879772540184
13.140159130096436,-20.0,-18.598324544603344,-1.4016754553966564,0.6559729344258085,0.14827099652029574,0.8042439309461042,0.5077019379055128
13.160167694091797,-20.0,-18.552487760682673,-1.4475122393173265,0.689547880650498,0.13344690878875554,0.8229947894392535,0.5561009718617425
13.180166006088257,-20.0,-18.515818333546143,-1.484181666453857,0.643706697137095,0.17174853687174618,0.8154552340088412,0.47195816026534887
13.20017695426941,-20.0,-18.515818333546143,-1.484181666453857,0.6484730035113171,0.1885347452480346,0.8370077487593517,0.4599382582632825
13.220168590545654,-20.0,-18.486482791836917,-1.5135172081630834,0.7,0.17401518509723246,0.8740151850972324,0.5259848149027675
13.240160703659058,-20.0,-18.463014358469536,-1.536985641530464,0.7,0.1662428758572787,0.8662428758572787,0.5337571241427213
13.26016116142273,-20.0,-18.46181773677563,-1.5381822632243711,0.6944710778072476,0.19268956291489303,0.8871606407221406,0.5017815148923546
13.280166387557983,-20.0,-18.4784385644205,-1.5215614355794997,0.6823907576501369,0.19811357161961496,0.8805043292697519,0.48427718603052194
13.300190210342407,-20.0,-18.526891476536402,-1.4731085234635977,0.6792974691372364,0.17374086915515363,0.8530383382923901,0.5055565999820828
13.32017183303833,-20.0,-18.635966306229125,-1.3640336937708746,0.6092974691372364,0.1812082778196782,0.7905057469569146,0.4280891913175582
13.340168237686157,-20.0,-18.7759605449833,-1.224039455016701,0.5574341340642421,0.15136853116564453,0.7088026652298867,0.4060656028985976
13.360170602798462,-20.0,-18.90553406098664,-1.0944659390133609,0.5480280759464948,0.08136853116564452,0.6293966071121393,0.4666595447808503
13.380169153213501,-20.0,-19.009192873789313,-0.9908071262106866,0.5748882068973034,0.061211734144017094,0.6360999410413204,0.5136764727532863
13.400163173675537,-20.0,-19.109698049031454,-0.8903019509685457,0.5968227254878729,0.08172650734893977,0.6785492328368126,0.5150962181389331
13.420166254043579,-20.0,-19.109698049031454,-0.8903019509685457,0.6171655225288122,0.0982177900802344,0.7153833126090465,0.5189477324485778
13.440157175064087,-20.0,-19.242836564225165,-0.7571634357748351,0.5906910448055713,0.03870406473986804,0.6293951095454393,0.5519869800657033
13.460162878036499,-20.0,-19.43723800138013,-0.5627619986198695,0.6106363868992775,0.05751424009911715,0.6681506269983946,0.5531221468001604
13.48018765449524,-20.0,-19.768540401104108,-0.23145959889589207,0.6024193268921225,0.04186270485632121,0.6442820317484437,0.5605566220358014
13.50019645690918,-20.0,-20.22694169588329,0.2269416958832906,0.5486225400771945,0.11186270485632122,0.6604852449335157,0.43675983522087325
13.520193576812744,-20.0,-20.69913148170663,0.6991314817066296,0.5192649279441683,0.10995717148762196,0.6292220994317903,0.4093077564565464
13.540172576904297,-20.0,-21.129617685365307,1.1296176853653073,0.5305646824371069,0.1537594849942252,0.6843241674313321,0.37680519744288166
13.560159683227539,-20.0,-21.579475398292246,1.5794753982922458,0.5930487679969518,0.17912287439685315,0.772171642393805,0.4139258936000987
13.580161571502686,-20.0,-22.0799865686338,2.0799865686337995,0.6363101954292505,0.1270846816478297,0.7633948770770802,0.5092255137814208
13.600162744522095,-20.0,-22.49797362990704,2.4979736299070403,0.6066599691938608,0.1119355809642002,0.718595550158061,0.4947243882296606
13.620153188705444,-20.0,-22.832363278925634,2.8323632789256337,0.5694592500757425,0.13466876826714724,0.7041280183428897,0.43479048180859525
13.640164136886597,-20.0,-22.832363278925634,2.8323632789256337,0.5590462860371916,0.07508730597328395,0.6341335920104756,0.4839589800639077
13.66015887260437,-20.0,-23.099874998140507,3.099874998140507,0.5236101959552615,0.06102208036463707,0.5846322763198986,0.4625881155906244
13.680202722549438,-20.0,-23.31388437351241,3.3138843735124084,0.5197879107389598,0.07350438821595162,0.5932922989549114,0.4462835225230082
13.700172424316406,-20.0,-23.467513748809925,3.4675137488099246,0.5060789150837808,0.06016444216948003,0.5662433572532608,0.44591447291430075
13.72017526626587,-20.0,-23.590417249047942,3.590417249047942,0.5037793976906686,0.03435371059458703,0.5381331082852556,0.46942568709608157
13.740171909332275,-20.0,-23.688740049238355,3.688740049238355,0.4819343009684234,0.013793246704153717,0.4957275476725771,0.46814105426426966
13.760170936584473,-20.0,-23.767398289390684,3.767398289390684,0.46699952834285785,0.0,0.46699952834285785,0.46699952834285785
13.780168056488037,-20.0,-23.83032488151255,3.8303248815125492,0.4627590411063283,0.07,0.5327590411063283,0.3927590411063283
13.800157308578491,-20.0,-23.88066615521004,3.88066615521004,0.46366655401187007,0.06881113995797933,0.5324776939698495,0.39485541405389074
13.820180416107178,-20.0,-23.938517299168034,3.9385172991680335,0.4495579585735685,0.04369742137379945,0.49325537994736796,0.40586053719976906
13.84016728401184,-20.0,-24.00237633933443,4.002376339334429,0.4493758598208659,0.09669707429595292,0.5460729341168189,0.352678785524913
13.86021089553833,-20.0,-24.00237633933443,4.002376339334429,0.49064188020827704,0.15063250151462854,0.6412743817229056,0.3400093786936485
13.880204677581787,-20.0,-24.053463571467546,4.053463571467546,0.48019787705095934,0.10837642190046609,0.5885742989514254,0.37182145515049325
13.900203943252563,-20.0,-24.11191148217404,4.11191148217404,0.44141015073808365,0.056550090136006474,0.49796024087409013,0.38486006060207717
13.92017936706543,-20.0,-24.176247935739234,4.176247935739234,0.3854921240225666,0.0011246064025908775,0.3866167304251575,0.38436751761997573
13.940174341201782,-20.0,-24.210138973591388,4.210138973591388,0.4063443004951113,0.03979139489121736,0.44613569538632863,0.3665529056038939
13.96017861366272,-20.0,-24.237251803873114,4.237251803873114,0.4307967856392496,0.08985273626632989,0.5206495219055796,0.3409440493729197
13.980167150497437,-20.0,-24.258942068098495,4.258942068098495,0.41828489246370726,0.028669142099097374,0.44695403456280464,0.3896157503646099
14.00015902519226,-20.0,-24.276294279478797,4.2762942794787975,0.4085778280958765,0.0,0.4085778280958765,0.4085778280958765
14.020171880722046,-20.0,-24.30775417358304,4.307754173583039,0.3570731341704958,0.0,0.3570731341704958,0.3570731341704958
14.040170192718506,-20.0,-24.332922088866432,4.332922088866432,0.39423272235842877,0.009887240827083588,0.40411996318551235,0.3843454815313452
14.060193538665771,-20.0,-24.35305642109315,4.35305642109315,0.3411657608911627,0.0,0.3411657608911627,0.3411657608911627
14.080190896987915,-20.0,-24.35305642109315,4.35305642109315,0.36665964721294575,0.0,0.36665964721294575,0.36665964721294575
14.10017466545105,-20.0,-24.36916388687452,4.369163886874521,0.36728483061131545,0.0,0.36728483061131545,0.36728483061131545
14.120162725448608,-20.0,-24.39962798449962,4.39962798449962,0.36635079340601795,0.004367598798125982,0.37071839220414393,0.36198319460789197
14.140156984329224,-20.0,-24.441577387599693,4.441577387599693,0.40371542529726856,0.013443480711430311,0.41715890600869887,0.39027194458583825
14.160179376602173,-20.0,-24.492715035079758,4.492715035079758,0.3880341473367297,0.0,0.3880341473367297,0.3880341473367297
14.180170059204102,-20.0,-24.53362515306381,4.533625153063809,0.4580341473367297,0.0440291091799736,0.5020632565167034,0.4140050381567561
14.2001633644104,-20.0,-24.583931372451048,4.5839313724510475,0.3880341473367297,0.07064799033105373,0.45868213766778343,0.31738615700567596
14.22016978263855,-20.0,-24.62417634796084,4.624176347960841,0.3439972336735808,0.047500813379883766,0.3914980470534646,0.29649642029369705
14.240167379379272,-20.0,-24.656372328368676,4.6563723283686755,0.4033679972734534,0.10661394707858562,0.509981944352039,0.2967540501948678
14.260203123092651,-20.0,-24.682129112694945,4.682129112694945,0.4733679972734534,0.1012593200430274,0.5746273173164809,0.372108677230426
14.280192375183105,-20.0,-24.70273454015596,4.702734540155959,0.4819033237319671,0.07256095390766859,0.5544642776396357,0.4093423698242985
14.300180673599243,-20.0,-24.70273454015596,4.702734540155959,0.47660873114655244,0.034829470328986645,0.5114382014755391,0.4417792608175658
14.320198059082031,-20.0,-24.719218882124768,4.719218882124768,0.4594053163338685,0.0617205435410142,0.5211258598748827,0.3976847727928543
14.340169668197632,-20.0,-24.71482823069982,4.714828230699819,0.38940531633386843,0.06183847085776505,0.4512437871916335,0.3275668454761034
14.360178709030151,-20.0,-24.71131570955986,4.711315709559859,0.4220793420780682,0.0,0.4220793420780682,0.4220793420780682
14.380176544189453,-20.0,-24.69092756764789,4.69092756764789,0.437910099174478,0.009527331218123436,0.4474374303926014,0.42838276795635455
14.400169134140015,-20.0,-24.657038929118315,4.657038929118315,0.45394028037379025,0.07030715607106686,0.524247436444857,0.3836331243027234
14.420158863067627,-20.0,-24.629928018294653,4.6299280182946525,0.3839402803737902,0.1255990657955408,0.5095393461693309,0.2583412145782494
14.440160751342773,-20.0,-24.608239289635723,4.608239289635723,0.3748147729370975,0.0555990657955408,0.4304138387326383,0.31921570714155667
14.460167646408081,-20.0,-24.590888306708578,4.590888306708578,0.4448147729370975,0.012390369847416871,0.45720514278451435,0.4324244030896806
14.480162143707275,-20.0,-24.577007520366863,4.5770075203668625,0.42920947879145377,0.0,0.42920947879145377,0.42920947879145377
14.500164270401001,-20.0,-24.565902891293494,4.565902891293494,0.42480750860238903,0.03481566905975342,0.45962317766214245,0.3899918395426356
14.520159006118774,-20.0,-24.565902891293494,4.565902891293494,0.41100027052278154,0.02102199662476778,0.4320222671475493,0.38997827389801376
14.540160655975342,-20.0,-24.557019188034797,4.557019188034797,0.4249136560928308,0.02664010040462017,0.451553756497451,0.39827355568821066
14.560227632522583,-20.0,-24.54991222542784,4.549912225427839,0.41194794712180727,0.03552586957812309,0.44747381669993036,0.3764220775436842
14.58024263381958,-20.0,-24.54422665534227,4.544226655342271,0.37876838085765474,0.1055258695781231,0.48429425043577784,0.27324251127953164
14.600238800048828,-20.0,-24.539678199273816,4.5396781992738156,0.3258091175329172,0.050628412216901786,0.376437529749819,0.2751807053160154
14.620247840881348,-20.0,-24.553617559419052,4.553617559419052,0.34345617157930963,0.0,0.34345617157930963,0.34345617157930963
14.640234470367432,-20.0,-24.564769047535243,4.564769047535243,0.2734561715793096,0.038881126791238785,0.3123372983705484,0.23457504478807084
14.660223245620728,-20.0,-24.573690238028195,4.573690238028195,0.20382267279142968,0.0,0.20382267279142968,0.20382267279142968
14.680206060409546,-20.0,-24.580827190422557,4.580827190422557,0.2540860292088472,0.07,0.3240860292088472,0.1840860292088472
14.70019817352295,-20.0,-24.60411487733805,4.6041148773380485,0.3240860292088472,0.0,0.3240860292088472,0.3240860292088472
14.720190048217773,-20.0,-24.622745026870444,4.622745026870444,0.3940860292088472,0.018074320629239082,0.4121603498380863,0.37601170857960814
14.740195989608765,-20.0,-24.622745026870444,4.622745026870444,0.41188191046530837,0.0,0.41188191046530837,0.41188191046530837
14.760186910629272,-20.0,-24.637649146496358,4.637649146496358,0.43871023675019377,0.023344410583376884,0.46205464733357066,0.4153658261668169
14.780170917510986,-20.0,-24.631994317197083,4.631994317197083,0.4735506752651416,0.0076816920191049584,0.48123236728424656,0.46586898324603665
14.800168991088867,-20.0,-24.55715795375767,4.55715795375767,0.4608468309190356,0.0,0.4608468309190356,0.4608468309190356
14.820170402526855,-20.0,-24.479710738006137,4.479710738006137,0.46182504942698865,0.0,0.46182504942698865,0.46182504942698865
14.84018611907959,-20.0,-24.417752965404908,4.417752965404908,0.3918250494269886,0.00535872345790267,0.39718377288489126,0.3864663259690859
14.86022663116455,-20.0,-24.36818674732393,4.368186747323929,0.44803007250709914,0.0,0.44803007250709914,0.44803007250709914
14.880202293395996,-20.0,-24.328533772859142,4.328533772859142,0.44803007250709914,0.0,0.44803007250709914,0.44803007250709914
14.900179147720337,-20.0,-24.349545768287317,4.349545768287317,0.45264901245071076,0.00955197587609291,0.4622009883268037,0.44309703657461785
14.920172691345215,-20.0,-24.471824114629857,4.471824114629857,0.40824117163254403,0.0,0.40824117163254403,0.40824117163254403
14.94016718864441,-20.0,-24.727849916703885,4.727849916703885,0.4135793896956601,0.0,0.4135793896956601,0.4135793896956601
14.960175514221191,-20.0,-24.727849916703885,4.727849916703885,0.3588694299204507,0.0,0.3588694299204507,0.3588694299204507
14.98017406463623,-20.0,-25.05571743336311,5.05571743336311,0.37598734187020444,0.0,0.37598734187020444,0.37598734187020444
15.00017786026001,30.0,-25.40590207169049,55.40590207169049,0.3419158256246009,0.06345031410455704,0.4053661397291579,0.27846551152004384
15.020166873931885,30.0,-25.72120603235239,55.72120603235239,0.27191582562460087,0.0,0.27191582562460087,0.27191582562460087
15.040159225463867,30.0,-25.973449200881916,55.973449200881916,0.20191582562460086,0.0,0.20191582562460086,0.20191582562460086
15.060167074203491,30.0,-26.175243735705532,56.175243735705536,0.18152359770669124,0.0,0.18152359770669124,0.18152359770669124
15.08019733428955,30.0,-26.336679363564425,56.33667936356443,0.140378947277204,0.0,0.140378947277204,0.140378947277204
15.100189208984375,30.0,-26.483405990851544,56.483405990851544,0.140378947277204,0.0,0.140378947277204,0.140378947277204
15.120173215866089,30.0,-26.60078729268124,56.60078729268124,0.10485553266538761,0.0,0.10485553266538761,0.10485553266538761
15.140197038650513,30.0,-26.641957959144992,56.64195795914499,0.10485553266538761,0.0,0.10485553266538761,0.10485553266538761
15.160176277160645,30.0,-26.551847617315996,56.551847617316,0.10485553266538761,0.12723700672388077,0.23209253938926838,-0.022381474058493167
15.180172443389893,30.0,-26.551847617315996,56.551847617316,0.07062464105023525,0.14824230939149857,0.21886695044173382,-0.07761766834126332
15.200148582458496,30.0,-26.2863999688528,56.2863999688528,0.0020117302431025275,0.21824230939149858,0.2202540396346011,-0.21623057914839605
15.220175504684448,30.0,-25.82794810008224,55.82794810008224,0.0,0.2194021950569004,0.2194021950569004,-0.2194021950569004
15.240183115005493,30.0,-25.215092855065794,55.21509285506579,0.0,0.2772010761406273,0.2772010761406273,-0.2772010761406273
15.260190963745117,30.0,-24.478714909052638,54.47871490905264,0.01232454739511013,0.20720107614062727,0.2195256235357374,-0.19487652874551714
15.280235767364502,30.0,-23.625940677242113,53.62594067724211,0.0,0.13720107614062726,0.13720107614062726,-0.13720107614062726
15.300203800201416,30.0,-22.557002541793693,52.55700254179369,0.0,0.06720107614062726,0.06720107614062726,-0.06720107614062726
15.320209980010986,30.0,-21.262398908434957,51.26239890843496,0.0,0.06720107614062726,0.06720107614062726,-0.06720107614062726
15.340229034423828,30.0,-19.629059751747967,49.62905975174797,0.0,0.06720107614062726,0.06720107614062726,-0.06720107614062726
15.360195636749268,30.0,-17.355591551398373,47.355591551398376,0.022016042843461037,0.0,0.022016042843461037,0.022016042843461037
15.380192518234253,30.0,-14.271191991118702,44.2711919911187,0.022016042843461037,0.0,0.022016042843461037,0.022016042843461037
15.400222301483154,30.0,-14.271191991118702,44.2711919911187,0.022016042843461037,0.0,0.022016042843461037,0.022016042843461037
15.420201539993286,30.0,-10.432578592894961,40.43257859289496,0.09201604284346104,0.03977443650364876,0.1317904793471098,0.052241606339812285
15.440205812454224,30.0,-6.25426599931597,36.25426599931597,0.13446792744100095,0.0,0.13446792744100095,0.13446792744100095
15.460212230682373,30.0,-2.2436471744527755,32.243647174452775,0.20446792744100095,0.02419253997504711,0.22866046741604806,0.18027538746595384
15.480225563049316,30.0,1.1406291354377796,28.85937086456222,0.21567995600402357,0.0,0.21567995600402357,0.21567995600402357
15.500214338302612,30.0,3.742581433350224,26.257418566649775,0.21069196132943036,0.014456532895565033,0.2251484942249954,0.19623542843386532
15.520196199417114,30.0,5.648362021680179,24.351637978319822,0.1752323385886848,0.08445653289556504,0.25968887148424985,0.09077580569311977
15.540194988250732,30.0,6.962048992344144,23.037951007655856,0.20768645299598576,0.13231565773487092,0.3400021107308567,0.07537079526111484
15.560186386108398,30.0,7.766904818875316,22.233095181124682,0.21170134829357268,0.0914582495391369,0.30315959783270957,0.12024309875443578
15.580182790756226,30.0,8.182273855100254,21.817726144899744,0.14415978627279402,0.10633626084774733,0.25049604712054135,0.03782352542504669
15.600183010101318,30.0,8.233319084080202,21.7666809159198,0.10609525056555869,0.05590407799929381,0.1619993285648525,0.050191172566264874
15.620179891586304,30.0,8.233319084080202,21.7666809159198,0.07742850841954352,0.08376382913440467,0.16119233755394818,-0.006335320714861148
15.640189170837402,30.0,7.940170892264162,22.059829107735837,0.030144169796258224,0.05135495837777854,0.08149912817403676,-0.021210788581520312
15.660212278366089,30.0,7.19588671381133,22.80411328618867,0.09655332552269102,0.07938353221863509,0.1759368577413261,0.017169793304055936
15.68021821975708,30.0,5.950068746049064,24.049931253950938,0.09655332552269102,0.07938353221863509,0.1759368577413261,0.017169793304055936
15.70019793510437,30.0,4.215133121839251,25.78486687816075,0.09655332552269102,0.07938353221863509,0.1759368577413261,0.017169793304055936
15.720221996307373,30.0,2.159215872471401,27.8407841275286,0.12927096696570517,0.1493835322186351,0.27865449918434027,-0.020112565252929926
15.740171909332275,30.0,0.16291957297712095,29.83708042702288,0.12927096696570517,0.1493835322186351,0.27865449918434027,-0.020112565252929926
15.760276079177856,30.0,-1.4516955916183034,31.451695591618304,0.1172697319276631,0.19113321449607612,0.3084029464237392,-0.07386348256841302
15.780260801315308,30.0,-2.6906533482946426,32.690653348294646,0.1172697319276631,0.19113321449607612,0.3084029464237392,-0.07386348256841302
15.800198078155518,30.0,-3.664241428635714,33.66424142863571,0.17170034708455206,0.2611332144960761,0.4328335615806282,-0.08943286741152406
15.820172786712646,30.0,-4.425533767908571,34.42553376790857,0.17170034708455206,0.2611332144960761,0.4328335615806282,-0.08943286741152406
15.84018588066101,30.0,-4.425533767908571,34.42553376790857,0.10552522899582983,0.19113321449607612,0.29665844349190595,-0.08560798550024629
15.86017894744873,30.0,-4.946677014326856,34.94667701432686,0.03552522899582983,0.2611332144960761,0.29665844349190595,-0.2256079855002463
15.880164384841919,30.0,-5.135075986461485,35.13507598646149,0.03552522899582983,0.2611332144960761,0.29665844349190595,-0.2256079855002463
15.900164127349854,30.0,-4.934232664169189,34.93423266416919,0.10552522899582983,0.19113321449607612,0.29665844349190595,-0.08560798550024629
15.920191526412964,30.0,-4.31652675633535,34.31652675633535,0.10552522899582983,0.19113321449607612,0.29665844349190595,-0.08560798550024629
15.94022011756897,30.0,-3.277440155068281,33.277440155068284,0.04562361897900702,0.2611332144960761,0.30675683347508315,-0.2155095955170691
15.960246801376343,30.0,-1.936405249054625,31.936405249054626,0.04562361897900702,0.2611332144960761,0.30675683347508315,-0.2155095955170691
15.980201959609985,30.0,-0.4241241992437001,30.4241241992437,0.0,0.3019510712847114,0.3019510712847114,-0.3019510712847114
16.00017285346985,30.0,1.15484126560504,28.84515873439496,0.0,0.3019510712847114,0.3019510712847114,-0.3019510712847114
16.020167112350464,30.0,2.7519980124840324,27.248001987515966,0.037952132523059845,0.3405178022012115,0.3784699347242713,-0.3025656696781516
16.04017472267151,30.0,4.258239034987225,25.741760965012773,0.037952132523059845,0.3405178022012115,0.3784699347242713,-0.3025656696781516
16.0601704120636,30.0,4.258239034987225,25.741760965012773,0.03240665281191468,0.27771680619567635,0.31012345900759103,-0.24531015338376166
16.08016586303711,30.0,5.6741693529897805,24.32583064701022,0.0679128528572619,0.294246083162725,0.3621589360199869,-0.2263332303054631
16.100162506103516,30.0,7.123319857391825,22.876680142608176,0.0679128528572619,0.294246083162725,0.3621589360199869,-0.2263332303054631
16.12017321586609,30.0,8.827562135913462,21.17243786408654,0.034955470357090235,0.2611962762102485,0.2961517465673387,-0.22624080585315826
16.140162706375122,30.0,10.876502833730768,19.12349716626923,0.10495547035709024,0.27906058546155693,0.3840160558186472,-0.1741051151044667
16.160170793533325,30.0,13.130889766984614,16.869110233015384,0.09840065956115723,0.20906058546155692,0.30746124502271416,-0.11065992590039969
16.186015844345093,30.0,15.233227438587692,14.766772561412308,0.05096731677651406,0.23533633384853603,0.2863036506250501,-0.18436901707202197
16.20021939277649,30.0,16.915097575870156,13.084902424129844,0.07294593535363675,0.17423120174556972,0.24717713709920647,-0.10128526639193297
16.220179319381714,30.0,18.260593685696126,11.739406314303874,0.14294593535363675,0.15318425778299571,0.29613019313663247,-0.01023832242935896
16.24016547203064,30.0,19.3369905735569,10.6630094264431,0.07294593535363675,0.13378411564975978,0.20673005100339653,-0.060838180296123034
16.260201454162598,30.0,20.198108083845522,9.801891916154478,0.0038237624615430894,0.06378411564975978,0.06760787811130287,-0.059960353188216686
16.2801833152771,30.0,20.198108083845522,9.801891916154478,0.0,0.06739784840494395,0.06739784840494395,-0.06739784840494395
16.300180673599243,30.0,20.88700209207642,9.112997907923582,0.004523881711065769,0.12152943450957537,0.12605331622064114,-0.1170055527985096
16.32017993927002,30.0,21.420539173661137,8.579460826338863,0.0,0.15412953186780215,0.15412953186780215,-0.15412953186780215
16.340160369873047,30.0,21.75947821392891,8.240521786071088,0.021077238023281097,0.22412953186780216,0.24520676989108325,-0.20305229384452106
16.360164403915405,30.0,21.80211382114313,8.19788617885687,0.05957000702619553,0.26017804477363826,0.3197480517998338,-0.20060803774744274
16.380173206329346,30.0,21.537394181914507,8.462605818085493,0.12957000702619553,0.3162185739353299,0.44578858096152546,-0.1866485669091344
16.40017533302307,30.0,21.06194659553161,8.938053404468391,0.12029219761490823,0.3169597091479227,0.43725190676283093,-0.19666751153301448
16.42019271850586,30.0,20.505807276425287,9.494192723574713,0.08894152909517289,0.33920651137363167,0.42814804046880456,-0.2502649822784588
16.440231561660767,30.0,19.99058332114023,10.009416678859768,0.08894152909517289,0.33920651137363167,0.42814804046880456,-0.2502649822784588
16.46021342277527,30.0,19.595982281912185,10.404017718087815,0.1023469077050686,0.36349032282363625,0.46583723052870485,-0.26114341511856765
16.480177640914917,30.0,19.28030145052975,10.719698549470252,0.10128049353137614,0.3215510083688423,0.42283150190021845,-0.22027051483746618
16.50016951560974,30.0,19.28030145052975,10.719698549470252,0.048502234611660255,0.32639764457475395,0.3748998791864142,-0.2778954099630937
16.520187854766846,30.0,19.0804911604238,10.9195088395762,0.09180348167195918,0.3175814275024459,0.40938490917440507,-0.22577794583048671
16.540183782577515,30.0,19.114002303339042,10.885997696660958,0.10709918277338148,0.36286576952319594,0.4699649522965774,-0.25576658674981445
16.56017017364502,30.0,19.386904967671235,10.613095032328765,0.0445175318606198,0.36248854400822894,0.40700607586884874,-0.31797101214760914
16.580172777175903,30.0,19.83374272413699,10.16625727586301,0.045111180618405355,0.43248854400822895,0.4775997246266343,-0.3873773633898236
16.60017228126526,30.0,20.261525429309593,9.738474570690407,0.07604824878275396,0.4141562861413695,0.49020453492412347,-0.33810803735861555
16.620166540145874,30.0,20.603751593447676,9.396248406552324,0.05008231043815614,0.45285462783882396,0.5029369382769802,-0.4027723174006678
16.64017152786255,30.0,20.895110649758145,9.104889350241855,0.12008231043815615,0.42818088839063423,0.5482631988287904,-0.3080985779524781
16.660170793533325,30.0,21.198510394806515,8.801489605193485,0.08056300044059755,0.49818088839063424,0.5787438888312317,-0.4176178879500367
16.68018364906311,30.0,21.529120815845214,8.470879184154786,0.11621334686875344,0.4390342792333104,0.5552476261020638,-0.32282093236455695
16.700198650360107,30.0,21.846343527676172,8.153656472323828,0.057588688135147115,0.4156078992248513,0.4731965873599984,-0.3580192110897042
16.72022032737732,30.0,21.846343527676172,8.153656472323828,0.08862579710781576,0.4084014955745079,0.49702729268232365,-0.3197756984666921
16.74023675918579,30.0,22.15285607214094,7.847143927859062,0.032914158925414105,0.42846189139643687,0.461376050321851,-0.39554773247102276
16.760236978530884,30.0,22.468378607712754,7.531621392287246,0.058610969260334995,0.3729640886024572,0.4315750578627922,-0.31435311934212223
16.780263900756836,30.0,22.791109136170203,7.208890863829797,0.10209627173841002,0.42019995002308863,0.5222962217614986,-0.3181036782846786
16.800260305404663,30.0,23.102027933936167,6.897972066063833,0.15234658218920233,0.4656390778557398,0.6179856600449422,-0.3132924956665375
16.823988914489746,30.0,23.385919222148935,6.614080777851065,0.10227061532437803,0.4373950984166004,0.5396657137409784,-0.33512448309222237
16.840256929397583,30.0,23.630610377719147,6.369389622280853,0.10227061532437803,0.4373950984166004,0.5396657137409784,-0.33512448309222237
16.86025333404541,30.0,23.82636330217532,6.17363669782468,0.03227061532437803,0.48663254341343426,0.5189031587378123,-0.45436192808905623
16.880269050598145,30.0,23.982965641740257,6.0170343582597425,0.03227061532437803,0.48663254341343426,0.5189031587378123,-0.45436192808905623
16.90036964416504,30.0,24.108247513392204,5.891752486607796,0.014286357080563918,0.486177476386074,0.5004638334666379,-0.4718911193055101
16.920319080352783,30.0,24.190894885713767,5.809105114286233,0.010635676663368954,0.44969960514688867,0.4603352818102576,-0.4390639284835197
16.940305948257446,30.0,24.274590908571014,5.725409091428986,0.0,0.4820848352112808,0.4820848352112808,-0.4820848352112808
16.96028208732605,30.0,24.274590908571014,5.725409091428986,0.0,0.4820848352112808,0.4820848352112808,-0.4820848352112808
16.980250358581543,30.0,24.341547726856813,5.658452273143187,0.0,0.4462412989535369,0.4462412989535369,-0.4462412989535369
17.00024700164795,30.0,24.39511318148545,5.604886818514551,0.02464914508163929,0.4522586807445623,0.4769078258262016,-0.42760953566292303
17.020267248153687,30.0,24.43796554518836,5.562034454811641,0.0588680449873209,0.39146539269248026,0.45033343767980116,-0.33259734770515936
17.040273189544678,30.0,24.48982556115069,5.510174438849312,0.056447010021656745,0.4614653926924803,0.5179124027141371,-0.4050183826708236
17.060266494750977,30.0,24.707094823920553,5.292905176079447,0.060576570220291615,0.4640315044322051,0.5246080746524967,-0.4034549342119135
17.080265760421753,30.0,25.109425859136447,4.890574140863553,0.060983578267041594,0.5340315044322052,0.5950150826992467,-0.47304792616516356
17.100261926651,30.0,25.58949381230916,4.410506187690839,0.09246925130719319,0.5273540123761632,0.6198232636833564,-0.43488476106897
17.120194911956787,30.0,25.991126299847327,4.008873700152673,0.18423581145936624,0.5657560435519554,0.7499918550113216,-0.3815202320925892
17.140182971954346,30.0,26.312432289877865,3.687567710122135,0.12869549192721025,0.5631272887275555,0.6918227806547657,-0.4344317968003452
17.160179138183594,30.0,26.312432289877865,3.687567710122135,0.14608328253263608,0.5615421347483062,0.7076254172809422,-0.4154588522156701
17.180176734924316,30.0,26.569477081902296,3.4305229180977044,0.10496834501856939,0.6273309625848197,0.732299307603389,-0.5223626175662504
17.200186014175415,30.0,26.77511291552184,3.2248870844781585,0.05216229170793668,0.6187311494885944,0.670893441196531,-0.5665688577806578
17.220181941986084,30.0,26.957199707417473,3.042800292582527,0.043743815498892225,0.609625166298356,0.6533689817972481,-0.5658813507994638
17.240164756774902,30.0,27.085291015933983,2.914708984066017,0.028959965559188287,0.6172449370077812,0.6462049025669695,-0.5882849714485928
17.260169506072998,30.0,27.17018593774719,2.8298140622528116,0.04198211640352384,0.5511022587469779,0.5930843751505017,-0.5091201423434542
17.28017258644104,30.0,27.22052375019775,2.7794762498022507,0.1087214967631735,0.5642650430253707,0.6729865397885442,-0.45554354626219723
17.300158739089966,30.0,27.2607940001582,2.7392059998418006,0.07971046701306478,0.5136562143615447,0.5933666813746095,-0.43394574734847996
17.320175647735596,30.0,27.29301020012656,2.7069897998734405,0.06285462737316266,0.5695181866339408,0.6323728140071034,-0.5066635592607782
17.34019684791565,30.0,27.31878316010125,2.681216839898749,0.08834682986373082,0.5913091362616979,0.6796559661254287,-0.5029623063979671
17.360179901123047,30.0,27.321823403081,2.6781765969189983,0.08162349671358243,0.5572535009286367,0.6388769976422191,-0.47563000421505425
17.380170345306396,30.0,27.321823403081,2.6781765969189983,0.07762722227955238,0.5452508428297006,0.6228780651092529,-0.4676236205501482
17.400166749954224,30.0,27.324255597464802,2.675744402535198,0.05252909962320701,0.537469561228063,0.58999866085127,-0.484940461604856
17.420169830322266,30.0,27.326201352971843,2.673798647028157,0.026093545595649636,0.5592159917741083,0.5853095373697579,-0.5331224461784587
17.44016456604004,30.0,27.345336082377475,2.654663917622525,0.03340257074916736,0.5291020190506243,0.5625045897997916,-0.4956994483014569
17.460174798965454,30.0,27.36064386590198,2.639356134098019,0.028457289787475026,0.5290210280599422,0.5574783178474172,-0.5005637382724673
17.4801664352417,30.0,27.408046342721583,2.5919536572784168,0.0,0.527964465416444,0.527964465416444,-0.527964465416444
17.500190258026123,30.0,27.48112457417727,2.5188754258227313,0.07,0.4925491997072823,0.5625491997072822,-0.4225491997072823
17.520171880722046,30.0,27.592321534341817,2.407678465658183,0.03714333817362786,0.5236823224494583,0.5608256606230861,-0.4865389842758305
17.540173530578613,30.0,27.734013477473457,2.2659865225265428,0.03074058953672648,0.5428545923004277,0.5735951818371541,-0.5121140027637012
17.560166358947754,30.0,27.847367031978767,2.1526329680212335,0.0,0.5751202554474003,0.5751202554474003,-0.5751202554474003
17.58016037940979,30.0,27.973206125583015,2.0267938744169847,0.0,0.612833850182069,0.612833850182069,-0.612833850182069
17.600158214569092,30.0,27.973206125583015,2.0267938744169847,0.0,0.63255090089835,0.63255090089835,-0.63255090089835
17.620157718658447,30.0,28.126611775466415,1.873388224533585,0.058650229126214974,0.7,0.7586502291262149,-0.641349770873785
17.640170097351074,30.0,28.30207067037313,1.69792932962687,0.048833033069968224,0.7,0.7488330330699682,-0.6511669669300317
17.660165786743164,30.0,28.495172161298505,1.5048278387014946,0.03337796777486801,0.7,0.733377967774868,-0.6666220322251319
17.680181741714478,30.0,28.790278354038808,1.2097216459611921,0.03293589546228759,0.6985444237245246,0.7314803191868122,-0.665608528262237
17.700169324874878,30.0,29.184566433231048,0.8154335667689523,0.03254064091015607,0.7,0.732540640910156,-0.6674593590898439
17.720160961151123,30.0,29.623043771584843,0.37695622841515686,0.03127759392373264,0.7,0.7312775939237326,-0.6687224060762673
17.74016523361206,30.0,29.991403767267876,0.008596232732124065,0.09484538878314197,0.6876824598759412,0.7825278486590832,-0.5928370710927993
17.76015877723694,30.0,30.286091763814305,-0.286091763814305,0.09003180568106472,0.6543048720806837,0.7443366777617484,-0.5642730663996189
17.78015923500061,30.0,30.556998411051445,-0.5569984110514454,0.082051144214347,0.6451058181002736,0.7271569623146206,-0.5630546738859266
17.80015802383423,30.0,30.80887997884116,-0.8088799788411585,0.056236592354252934,0.6911381946876645,0.7473747870419174,-0.6349016023334115
17.820196390151978,30.0,30.80887997884116,-0.8088799788411585,0.10739955422468483,0.6635537629947066,0.7709533172193914,-0.5561542087700218
17.840179920196533,30.0,31.063119608072927,-1.0631196080729275,0.13837947440333664,0.6481474142521619,0.7865268886554986,-0.5097679398488253
17.860195875167847,30.0,31.284089436458345,-1.2840894364583448,0.20019399491138756,0.6768470749258995,0.877041069837287,-0.4766530800145119
17.880204916000366,30.0,31.460865299166677,-1.4608652991666773,0.22305894014425576,0.6528232980519533,0.875882238196209,-0.4297643579076975
17.90022611618042,30.0,31.602285989333343,-1.6022859893333425,0.25329377432353795,0.6601172842085361,0.913411058532074,-0.40682350988499816
17.920252323150635,30.0,31.697844416466676,-1.6978444164666762,0.19992508669383824,0.6003616161644458,0.8002867028582841,-0.4004365294706076
17.940245628356934,30.0,31.774291158173337,-1.7742911581733374,0.17942904238589108,0.5743332717567682,0.7537623141426593,-0.3949042293708771
17.96022653579712,30.0,31.800292301538672,-1.800292301538672,0.1906508954707533,0.5942498750984668,0.7849007705692201,-0.4035989796277135
17.980285167694092,30.0,31.73320259123094,-1.7332025912309383,0.18274907511658967,0.5974975578021258,0.7802466329187154,-0.4147484826855361
18.00019907951355,30.0,31.468593322984752,-1.468593322984752,0.14597139251418412,0.5695497985463589,0.715521191060543,-0.4235784060321748
18.020184993743896,30.0,31.010812158387804,-1.0108121583878038,0.08144956571049988,0.5549269854556769,0.6363765511661768,-0.473477419745177
18.04017663002014,30.0,31.010812158387804,-1.0108121583878038,0.0685793508309871,0.5506120212841779,0.619191372115165,-0.48203267045319076
18.060189962387085,30.0,30.46880597671024,-0.4688059767102395,0.09742623125202954,0.5384109318722039,0.6358371631242334,-0.44098470062017436
18.080203771591187,30.0,29.982466656368192,0.017533343631807696,0.0934403135906905,0.5368463959777727,0.6302867095684632,-0.44340608238708223
18.100198984146118,30.0,29.59339520009455,0.4066047999054483,0.1304729029070586,0.5441291941562667,0.6746020970633253,-0.4136562912492081
18.12017297744751,30.0,29.299716160075644,0.7002838399243565,0.13760207477025688,0.5503637682879343,0.6879658430581912,-0.41276169351767744
18.140214443206787,30.0,29.064772928060513,0.9352270719394866,0.09972425806336105,0.5564800709718838,0.6562043290352448,-0.45675581290852274
18.160216808319092,30.0,28.91197459244841,1.0880254075515907,0.0641176167409867,0.4979349956149235,0.5620526123559102,-0.4338173788739368
18.1801815032959,30.0,28.807314048958727,1.1926859510412733,0.1341176167409867,0.5171441439772024,0.6512617607181892,-0.3830265272362157
18.200186491012573,30.0,28.74116373916699,1.2588362608330108,0.14669686316512526,0.5317679777974262,0.6784648409625516,-0.385071114632301
18.220208644866943,30.0,28.688243491333598,1.3117565086664023,0.1911032585706562,0.5166776323923841,0.7077808909630403,-0.3255743738217279
18.240198373794556,30.0,28.663485418066877,1.3365145819331232,0.12800297274254263,0.5536609212169423,0.681663893959485,-0.4256579484743997
18.260212421417236,30.0,28.663485418066877,1.3365145819331232,0.1011688871588558,0.49369294887874277,0.5948618360375986,-0.39252406171988696
18.28020429611206,30.0,28.643678959453503,1.3563210405464972,0.1349438665714115,0.4580460334429517,0.5929899000143632,-0.3231021668715402
18.300191164016724,30.0,28.627833792562804,1.3721662074371963,0.14463369122706354,0.45394855032209297,0.5985822415491565,-0.3093148590950294
18.32017970085144,30.0,28.615157659050244,1.3848423409497563,0.07907794735394419,0.5054197687888518,0.584497716142796,-0.42634182143490756
18.340179443359375,30.0,28.605016752240196,1.3949832477598036,0.07949674003641122,0.4614688981557265,0.5409656381921377,-0.3819721581193153
18.36021852493286,30.0,28.59690402679216,1.40309597320784,0.009496740036411211,0.5314688981557265,0.5409656381921377,-0.5219721581193153
18.380215167999268,30.0,28.59041384643373,1.40958615356627,0.07949674003641122,0.5689525195444003,0.6484492595808116,-0.4894557795079891
18.400201082229614,30.0,28.58522170214698,1.4147782978530188,0.0233284557692241,0.6270916425669566,0.6504200983361808,-0.6037631867977324
18.420233488082886,30.0,28.598646111717585,1.401353888282415,0.0,0.6585879773879424,0.6585879773879424,-0.6585879773879424
18.440221071243286,30.0,28.62696376437407,1.3730362356259285,0.0,0.6427986380690709,0.6427986380690709,-0.6427986380690709
18.460222959518433,30.0,28.649617886499257,1.3503821135007428,0.0,0.6926141773397103,0.6926141773397103,-0.6926141773397103
18.480188846588135,30.0,28.649617886499257,1.3503821135007428,0.0278795026242733,0.7,0.7278795026242733,-0.6721204973757267
18.500195264816284,30.0,28.667741184199404,1.3322588158005964,0.004371261224150658,0.658162922412157,0.6625341836363077,-0.6537916611880064
18.520265340805054,30.0,28.699817947359524,1.3001820526404764,0.07227844558656216,0.6544711089693009,0.7267495545558631,-0.5821926633827388
18.540216207504272,30.0,28.74305748288762,1.2569425171123783,0.09314080327749252,0.6439705298282206,0.7371113331057131,-0.550829726550728
18.56019401550293,30.0,28.900695986310097,1.0993040136899026,0.03711880370974541,0.6930565492250025,0.7301753529347479,-0.6559377455152571
18.580166578292847,30.0,29.27290053904808,0.7270994609519192,0.04782670270651579,0.7,0.7478267027065157,-0.6521732972934842
18.600196361541748,30.0,29.781601681238467,0.21839831876153326,0.08095534425228834,0.6704848434776067,0.7514401877298951,-0.5895294992253184
18.620194673538208,30.0,30.25887509499077,-0.25887509499077055,0.12514825072139502,0.6131722021847963,0.7383204529061913,-0.4880239514634013
18.640214443206787,30.0,30.640693825992614,-0.6406938259926136,0.12496550366631708,0.5878024499863386,0.7127679536526557,-0.4628369463200215
18.660200119018555,30.0,30.946148810794092,-0.9461488107940923,0.1343153220077511,0.5664982952177524,0.7008136172255035,-0.4321829732100013
18.680184841156006,30.0,31.19051279863528,-1.1905127986352788,0.14015343025675975,0.5589065917767584,0.6990600220335181,-0.41875316151999864
18.700174570083618,30.0,31.19051279863528,-1.1905127986352788,0.16029950403026305,0.5542066738009452,0.7145061778312083,-0.3939071697706822
18.720189809799194,30.0,31.386003988908225,-1.3860039889082252,0.16029950403026305,0.5542066738009452,0.7145061778312083,-0.3939071697706822
18.740180492401123,30.0,31.542396941126583,-1.542396941126583,0.16029950403026305,0.5542066738009452,0.7145061778312083,-0.3939071697706822
18.760188341140747,30.0,31.667511302901264,-1.6675113029012643,0.13483422793797217,0.5288258761167526,0.6636601040547248,-0.3939916481787804
18.780182600021362,30.0,31.75002466732101,-1.7500246673210107,0.13483422793797217,0.5288258761167526,0.6636601040547248,-0.3939916481787804
18.800199031829834,30.0,31.79845723385681,-1.7984572338568086,0.12922145737684332,0.5935295978374779,0.7227510552143213,-0.4643081404606346
18.820201635360718,30.0,31.784468912085448,-1.7844689120854476,0.09639964936650358,0.59718172413297,0.6935813734994736,-0.5007820747664664
18.840193271636963,30.0,31.615075129668362,-1.6150751296683623,0.1344586641935166,0.6431816906947643,0.7776403548882809,-0.5087230265012477
18.86019492149353,30.0,31.30377885373469,-1.3037788537346913,0.1385318872926291,0.6853393593151123,0.8238712466077414,-0.5468074720224831
18.880207300186157,30.0,30.98442933298775,-0.9844293329877516,0.16458228914416395,0.6670548075158149,0.8316370966599789,-0.502472518371651
18.90020751953125,30.0,30.728949716390204,-0.7289497163902041,0.18592239110148512,0.695482013495639,0.8814044045971241,-0.5095596223941539
18.92020535469055,30.0,30.728949716390204,-0.7289497163902041,0.18592239110148512,0.695482013495639,0.8814044045971241,-0.5095596223941539
18.9402277469635,30.0,30.52456602311217,-0.5245660231121683,0.11377480850904247,0.7,0.8137748085090424,-0.5862251914909575
18.960185766220093,30.0,30.361059068489737,-0.36105906848973746,0.14196176306693814,0.6380196817219257,0.7799814447888638,-0.49605791865498755
18.980181455612183,30.0,30.23025350479179,-0.23025350479178996,0.11961408929317258,0.6147360902279615,0.734350179521134,-0.4951220009347889
19.000207901000977,30.0,30.125609053833433,-0.12560905383343268,0.061029022944858284,0.5447360902279614,0.6057651131728197,-0.48370706728310314
19.0202214717865,30.0,30.04189349306675,-0.04189349306674828,0.061029022944858284,0.5447360902279614,0.6057651131728197,-0.48370706728310314
19.04023241996765,30.0,29.974921044453403,0.025078955546597115,0.0,0.5713445703685283,0.5713445703685283,-0.5713445703685283
19.06021547317505,30.0,29.921343085562725,0.07865691443727485,0.007848071865737438,0.6118807542324065,0.619728826098144,-0.6040326823666691
19.080185413360596,30.0,29.87848071845018,0.12151928154981917,0.08223211672157049,0.5417416518053504,0.6239737685269209,-0.4595095350837799
19.100192070007324,30.0,29.861768949760148,0.1382310502398525,0.08223211672157049,0.5417416518053504,0.6239737685269209,-0.4595095350837799
19.120216608047485,30.0,29.86597765980812,0.13402234019187986,0.03704412933439016,0.5324229238054248,0.5694670531398149,-0.4953787944710346
19.140228033065796,30.0,29.86597765980812,0.13402234019187986,0.05206078849732876,0.5033622843644114,0.5554230728617402,-0.4513014958670827
19.160232543945312,30.0,29.886922752846495,0.11307724715350531,0.012803280726075172,0.5415585798642131,0.5543618605902882,-0.5287552991381379
19.181145191192627,30.0,29.903678827277194,0.09632117272280638,0.025339837186038494,0.5177783624699803,0.5431181996560188,-0.49243852528394183
19.200226068496704,30.0,29.93466181182176,0.06533818817824155,0.0,0.5241971456876489,0.5241971456876489,-0.5241971456876489
19.22022032737732,30.0,29.959448199457405,0.04055180054259466,0.0,0.566545310752699,0.566545310752699,-0.566545310752699
19.240181922912598,30.0,29.996855434565926,0.0031445654340735985,0.0,0.6214611933997365,0.6214611933997365,-0.6214611933997365
19.26022219657898,30.0,30.026781222652744,-0.026781222652743963,0.012735872529447079,0.6137948160490485,0.6265306885784956,-0.6010589435196014
19.280296325683594,30.0,30.068299978122194,-0.06829997812219446,0.028782890178263184,0.5437948160490484,0.5725777062273116,-0.5150119258707853
19.30024528503418,30.0,30.119093107497758,-0.1190931074977577,0.0,0.5817680486163588,0.5817680486163588,-0.5817680486163588
19.320353984832764,30.0,30.26519636099821,-0.2651963609982104,0.0,0.6388317622861357,0.6388317622861357,-0.6388317622861357
19.340261936187744,30.0,30.487547713798566,-0.4875477137985662,0.005917999893426895,0.616472329633543,0.6223903295269699,-0.6105543297401161
19.360216856002808,30.0,30.487547713798566,-0.4875477137985662,0.0,0.5637622137239666,0.5637622137239666,-0.5637622137239666
19.380242586135864,30.0,30.735741296038857,-0.7357412960388565,0.005341058596968651,0.5686640405713113,0.5740050991682799,-0.5633229819743426
19.40022373199463,30.0,30.969452411831085,-0.9694524118310852,0.012597177643328905,0.5698630760109515,0.5824602536542804,-0.5572658983676226
19.420220851898193,30.0,31.19157755446487,-1.191577554464871,0.012540904732304625,0.5614993215224238,0.5740402262547284,-0.5489584167901191
19.44023871421814,30.0,31.422012043571897,-1.4220120435718968,0.0028640534001169726,0.5809049156180115,0.5837689690181285,-0.5780408622178945
19.460220098495483,30.0,31.67667213485752,-1.6766721348575189,0.015369419867056424,0.6119439673295708,0.6273133871966272,-0.5965745474625144
19.48022699356079,30.0,31.91555645788602,-1.9155564578860194,0.03294340979482513,0.6440152597299309,0.676958669524756,-0.6110718499351058
19.500230312347412,30.0,32.14182016630882,-2.1418201663088183,0.05815250139858107,0.6998055313399525,0.7579580327385336,-0.6416530299413714
19.5202317237854,30.0,32.34040925804706,-2.3404092580470603,0.12189628642227036,0.6910971921554299,0.8129934785777002,-0.5692009057331595
19.540231943130493,30.0,32.51685865643765,-2.5168586564376483,0.08338277500297409,0.6210971921554298,0.7044799671584039,-0.5377144171524557
19.560215711593628,30.0,32.67559630015012,-2.6755963001501186,0.06888053093280178,0.6062289383134336,0.6751094692462354,-0.5373484073806318
19.580209732055664,30.0,32.67559630015012,-2.6755963001501186,0.13888053093280178,0.6060838822176444,0.7449644131504463,-0.46720335128484264
19.600220203399658,30.0,32.820164540120096,-2.8201645401200963,0.13882329798099818,0.6361164331337201,0.7749397311147184,-0.49729313515272194
19.620230674743652,30.0,32.91824100709608,-2.9182410070960785,0.15100778656807962,0.605079443370341,0.7560872299384207,-0.4540716568022614
19.640220880508423,30.0,32.99670218067686,-2.996702180676863,0.16790670173970285,0.6242863565584409,0.7921930582981438,-0.45637965481873805
19.660242319107056,30.0,33.05947111954149,-3.0594711195414916,0.09790670173970284,0.605666029443382,0.7035727311830848,-0.5077593277036792
19.68023157119751,30.0,33.0921081456332,-3.0921081456331976,0.10016421485488536,0.6490548506280172,0.7492190654829025,-0.5488906357731318
19.70023012161255,30.0,33.10063964150656,-3.100639641506561,0.04657785851304652,0.635876859714626,0.6824547182276726,-0.5892990012015795
19.72024130821228,30.0,33.05473046320525,-3.054730463205253,0.0,0.6748535253008592,0.6748535253008592,-0.6748535253008592
19.740241527557373,30.0,32.93011249556421,-2.9301124955642095,0.0,0.7,0.7,-0.7
19.760251998901367,30.0,32.76010562145137,-2.7601056214513733,0.0,0.6865080760791897,0.6865080760791897,-0.6865080760791897
19.78026032447815,30.0,32.606521997161096,-2.606521997161096,0.0,0.6865080760791897,0.6865080760791897,-0.6865080760791897
19.800434112548828,30.0,32.606521997161096,-2.606521997161096,0.012612270191311836,0.7,0.7126122701913118,-0.6873877298086881
19.820327520370483,30.0,32.50123322272888,-2.501233222728878,0.01126803073566407,0.6712224807590246,0.6824905114946886,-0.6599544500233605
19.840391159057617,30.0,32.4345803281831,-2.4345803281831024,0.013943513506092131,0.6589161369949579,0.67285965050105,-0.6449726234888657
19.860252857208252,30.0,32.41641426254648,-2.416414262546482,0.010042179725132883,0.6946999307721853,0.7047421104973182,-0.6846577510470524
19.880232572555542,30.0,32.437037660037184,-2.437037660037184,0.030659472919069234,0.6411461371928453,0.6718056101119145,-0.6104866642737761
19.900219202041626,30.0,32.52384887802975,-2.523848878029753,0.02319676603656262,0.5997409809380769,0.6229377469746396,-0.5765442149015143
19.920230388641357,30.0,32.69876660242381,-2.6987666024238095,0.04085841204505414,0.5746784403920173,0.6155368524370715,-0.5338200283469632
19.940217971801758,30.0,32.891435156939046,-2.891435156939046,0.0,0.5673399174585938,0.5673399174585938,-0.5673399174585938
19.960198640823364,30.0,33.06314812555124,-3.063148125551237,0.051591984927654266,0.5733209939673543,0.6249129788950085,-0.5217290090397
19.98018455505371,30.0,33.200518500440985,-3.2005185004409853,0.08485434576869011,0.5033209939673542,0.5881753397360443,-0.4184666481986641
20.000183820724487,-30.0,33.310414800352795,-63.310414800352795,0.06088665872812271,0.46098706696182484,0.5218737256899475,-0.40010040823370213
20.02020835876465,-30.0,33.310414800352795,-63.310414800352795,0.020018715411424637,0.4641742642223834,0.48419297963380803,-0.44415554881095876
20.040212869644165,-30.0,33.39833184028224,-63.39833184028224,0.03660844266414642,0.40671239897608746,0.4433208416402339,-0.37010395631194104
20.060224294662476,-30.0,33.48624359722579,-63.48624359722579,0.10660844266414643,0.3908366683125495,0.4974451109766959,-0.28422822564840305
20.080225706100464,-30.0,33.53899487778063,-63.53899487778063,0.17660844266414644,0.3208366683125495,0.4974451109766959,-0.14422822564840304
20.100217819213867,-30.0,33.59877402722451,-63.59877402722451,0.21666420191526414,0.29079266771674145,0.5074568696320056,-0.0741284658014773
20.120198011398315,-30.0,33.64659734677961,-63.64659734677961,0.210605902466923,0.2306675700843333,0.4412734725512563,-0.020061667617410295
20.14020299911499,-30.0,33.66727787742369,-63.66727787742369,0.2579234930314124,0.1606675700843333,0.4185910631157457,0.09725592294707908
20.160272359848022,-30.0,33.61350980193895,-63.61350980193895,0.3279234930314124,0.0906675700843333,0.4185910631157457,0.2372559229470791
20.18023419380188,-30.0,33.341979716551165,-63.341979716551165,0.29663144195452334,0.05500854000449168,0.351639981959015,0.24162290195003167
20.202022552490234,-30.0,32.755615023240935,-62.755615023240935,0.36663144195452335,0.0,0.36663144195452335,0.36663144195452335
20.220257997512817,-30.0,31.79433576859275,-61.794335768592745,0.43663144195452336,0.0,0.43663144195452336,0.43663144195452336
20.240240812301636,-30.0,31.79433576859275,-61.794335768592745,0.43663144195452336,0.0,0.43663144195452336,0.43663144195452336
20.260207414627075,-30.0,30.374921739874196,-60.374921739874196,0.5066314419545234,0.0,0.5066314419545234,0.5066314419545234
20.280185222625732,-30.0,28.39564051689936,-58.39564051689936,0.5766314419545233,0.07,0.6466314419545234,0.5066314419545233
20.300193548202515,-30.0,25.84541866351949,-55.84541866351949,0.6466314419545234,0.05390107043087483,0.7005325123853983,0.5927303715236485
20.320199012756348,-30.0,22.803288055815592,-52.80328805581559,0.7,0.03844600513577462,0.7384460051357746,0.6615539948642253
20.340221405029297,-30.0,19.437942944652477,-49.43794294465248,0.7,0.04190744243562222,0.7419074424356222,0.6580925575643777
20.3602352142334,-30.0,15.761291855721984,-45.761291855721986,0.6754842389374971,0.025525789409875876,0.701010028347373,0.6499584495276212
20.38024640083313,-30.0,11.765283484577587,-41.76528348457759,0.6754842389374971,0.025525789409875876,0.701010028347373,0.6499584495276212
20.400242805480957,-30.0,7.496211162662069,-37.49621116266207,0.6952878300100565,0.05275423422455788,0.7480420642346144,0.6425335957854985
20.420214891433716,-30.0,3.166890805129656,-33.166890805129654,0.6984115764964371,0.018904354125261313,0.7173159306216985,0.6795072223711758
20.440240144729614,-30.0,-0.9293779808962755,-29.070622019103723,0.7,0.0,0.7,0.7
20.460213899612427,-30.0,-0.9293779808962755,-29.070622019103723,0.7,0.0,0.7,0.7
20.480207920074463,-30.0,-4.50522113471702,-25.49477886528298,0.7,0.0,0.7,0.7
20.500216960906982,-30.0,-7.629567532773616,-22.370432467226383,0.7,0.0,0.7,0.7
20.520214796066284,-30.0,-10.515763401218894,-19.484236598781106,0.7,0.0,0.7,0.7
20.540231704711914,-30.0,-13.281751345975115,-16.718248654024883,0.7,0.0,0.7,0.7
20.5602388381958,-30.0,-15.810947951780095,-14.189052048219905,0.7,0.0,0.7,0.7
20.580235481262207,-30.0,-17.957352111424076,-12.042647888575924,0.6839998986572027,0.04504159465432167,0.7290414933115243,0.638958304002881
20.600193977355957,-30.0,-19.70963168913926,-10.290368310860739,0.6352560471743345,0.0,0.6352560471743345,0.6352560471743345
20.62017583847046,-30.0,-21.18176785131141,-8.81823214868859,0.6294894463382661,0.05400482565164566,0.6834942719899118,0.5754846206866204
20.640141248703003,-30.0,-22.46494553104913,-7.535054468950872,0.6635771489702165,0.023193977773189545,0.686771126743406,0.6403831711970269
20.660186290740967,-30.0,-23.579378299839306,-6.4206217001606944,0.6635771489702165,0.023193977773189545,0.686771126743406,0.6403831711970269
20.6801815032959,-30.0,-23.579378299839306,-6.4206217001606944,0.6911699495278298,0.06833422649651766,0.7595041760243475,0.6228357230313122
20.70018982887268,-30.0,-24.488502639871445,-5.511497360128555,0.7,0.12258195970207453,0.8225819597020745,0.5774180402979254
20.72018313407898,-30.0,-25.23338023689716,-4.766619763102842,0.672435737028718,0.1680735433474183,0.8405092803761363,0.5043621936812996
20.74017357826233,-30.0,-25.829282314517727,-4.170717685482273,0.6917788002640008,0.1420220946893096,0.8338008949533104,0.5497567055746913
20.760180950164795,-30.0,-26.323582101614182,-3.676417898385818,0.7,0.18487705569714308,0.884877055697143,0.5151229443028569
20.78017830848694,-30.0,-26.701443806291344,-3.298556193708656,0.7,0.21838961448520422,0.9183896144852042,0.48161038551479574
20.800180196762085,-30.0,-26.986155045033076,-3.013844954966924,0.6643268883228302,0.2883896144852042,0.9527165028080344,0.37593727383762593
20.8201744556427,-30.0,-27.196345911026462,-2.8036540889735377,0.6656763082602992,0.31756004568189383,0.9832363539421931,0.3481162625784054
20.840169191360474,-30.0,-27.329342353821172,-2.670657646178828,0.6780325960600748,0.3550848874077201,1.033117483467795,0.3229477086523547
20.860175848007202,-30.0,-27.31269263305694,-2.6873073669430596,0.7,0.35121691499836744,1.0512169149983674,0.3487830850016325
20.880179405212402,-30.0,-27.088435356445554,-2.9115646435544456,0.7,0.28121691499836743,0.9812169149983674,0.4187830850016325
20.900206565856934,-30.0,-27.088435356445554,-2.9115646435544456,0.6703878704458475,0.2747026940342039,0.9450905644800514,0.3956851764116436
20.920188903808594,-30.0,-26.645357660156446,-3.3546423398435543,0.6833195367828011,0.23508233181200922,0.9184018685948103,0.4482372049707919
20.940205097198486,-30.0,-25.956911128125157,-4.0430888718748434,0.7,0.2509910163935274,0.9509910163935273,0.44900898360647257
20.960212230682373,-30.0,-25.037013277500126,-4.962986722499874,0.7,0.2509910163935274,0.9509910163935273,0.44900898360647257
20.98019552230835,-30.0,-23.931954372000103,-6.068045627999897,0.6773374032229185,0.2914136869367212,0.9687510901596397,0.38592371628619726
21.000190496444702,-30.0,-22.766657247600083,-7.233342752399917,0.6749608330894261,0.2571247143205255,0.9320855474099516,0.4178361187689006
21.02019429206848,-30.0,-21.764107048080067,-8.235892951919933,0.6983528063166886,0.31116092181764543,1.009513728134334,0.3871918844990432
21.04019808769226,-30.0,-20.962066888464054,-9.037933111535946,0.7,0.24116092181764542,0.9411609218176453,0.45883907818235453
21.060206174850464,-30.0,-20.320434760771242,-9.679565239228758,0.655535165965557,0.2021255754586309,0.8576607414241879,0.45340959050692614
21.080193042755127,-30.0,-19.807129058616994,-10.192870941383006,0.6163686335086822,0.17954282282851636,0.7959114563371985,0.43682581068016585
21.100203037261963,-30.0,-19.396484496893596,-10.603515503106404,0.6338136967271566,0.12643126963637769,0.7602449663635342,0.507382427090779
21.120198249816895,-30.0,-19.396484496893596,-10.603515503106404,0.6920887071639299,0.0800055172946304,0.7720942244585602,0.6120831898692995
21.140197038650513,-30.0,-19.067968847514873,-10.932031152485127,0.6844771763309836,0.010005517294630395,0.694482693625614,0.6744716590363532
21.16021704673767,-30.0,-18.8051563280119,-11.1948436719881,0.6387665381655097,0.0,0.6387665381655097,0.6387665381655097
21.180191040039062,-30.0,-18.59490631240952,-11.40509368759048,0.6462514212355017,0.0,0.6462514212355017,0.6462514212355017
21.200191020965576,-30.0,-18.444284424927616,-11.555715575072384,0.689450323395431,0.0,0.689450323395431,0.689450323395431
21.221864700317383,-30.0,-18.341365039942097,-11.658634960057903,0.62406568210572,0.016842126846313477,0.6409078089520335,0.6072235552594065
21.24019765853882,-30.0,-18.27660765695368,-11.72339234304632,0.6940656821057201,0.03664884343743324,0.7307145255431533,0.6574168386682868
21.26018714904785,-30.0,-18.312692375562943,-11.687307624437057,0.7,0.016327112913131714,0.7163271129131317,0.6836728870868682
21.280183792114258,-30.0,-18.587653900450356,-11.412346099549644,0.6585684314370155,0.05785643309354782,0.7164248645305633,0.6007119983434677
21.300177574157715,-30.0,-19.176763745360287,-10.823236254639713,0.6191369600594043,0.08677772991359234,0.7059146899729967,0.532359230145812
21.320169687271118,-30.0,-20.01719224628823,-9.982807753711771,0.6628316648304462,0.08613861841149628,0.7489702832419425,0.5766930464189499
21.34016990661621,-30.0,-20.01719224628823,-9.982807753711771,0.6627459221228491,0.02188371610827744,0.6846296382311265,0.6408622060145717
21.360172510147095,-30.0,-20.93562879703058,-9.064371202969419,0.6725926383107435,0.03290728875435889,0.7054999270651023,0.6396853495563846
21.380180835723877,-30.0,-21.811003037624467,-8.188996962375533,0.7,0.0,0.7,0.7
21.400188446044922,-30.0,-22.616771180099576,-7.383228819900424,0.680744270607829,0.0,0.680744270607829,0.680744270607829
21.420193910598755,-30.0,-23.31412006907966,-6.68587993092034,0.7,0.023792993277311325,0.7237929932773113,0.6762070067226886
21.440220594406128,-30.0,-23.889577305263728,-6.110422694736272,0.6448100179433822,0.0,0.6448100179433822,0.6448100179433822
21.460221767425537,-30.0,-24.367521219210982,-5.632478780789018,0.6844947718083858,0.02514619193971157,0.7096409637480974,0.6593485798686742
21.48020839691162,-30.0,-24.802610725368787,-5.197389274631213,0.7,0.0,0.7,0.7
21.500389337539673,-30.0,-25.256151080295034,-4.743848919704966,0.7,0.0,0.7,0.7
21.522041082382202,-30.0,-25.70687398923603,-4.29312601076397,0.6895066665485501,0.0,0.6895066665485501,0.6895066665485501
21.540215730667114,-30.0,-26.155342941388827,-3.8446570586111726,0.6753816211596131,0.0,0.6753816211596131,0.6753816211596131
21.560193061828613,-30.0,-26.155342941388827,-3.8446570586111726,0.6747297849971801,0.042803287506103516,0.7175330725032836,0.6319264974910765
21.58021831512451,-30.0,-26.566852478111063,-3.4331475218889373,0.7,0.0,0.7,0.7
21.60072159767151,-30.0,-26.94879448248885,-3.05120551751115,0.7,0.031198410317301754,0.7311984103173017,0.6688015896826982
21.62021017074585,-30.0,-27.28950433599108,-2.7104956640089206,0.7,0.019879830069839954,0.7198798300698399,0.68012016993016
21.640272617340088,-30.0,-27.614806593792864,-2.3851934062071365,0.7,0.05723409075289965,0.7572340907528996,0.6427659092471003
21.660218477249146,-30.0,-27.91020465003429,-2.0897953499657085,0.678973664343357,0.07066042348742485,0.7496340878307819,0.6083132408559322
21.680217504501343,-30.0,-28.164101220027437,-1.8358987799725632,0.6444615542888641,0.04056841693818569,0.6850299712270498,0.6038931373506784
21.70023274421692,-30.0,-28.36721847602195,-1.6327815239780499,0.574461554288864,0.08067204616963863,0.6551336004585027,0.4937895081192254
21.720224380493164,-30.0,-28.529712280817563,-1.470287719182437,0.5440982199460267,0.11546276323497294,0.6595609831809996,0.42863545671105374
21.740267992019653,-30.0,-28.659707324654047,-1.3402926753459532,0.5872708625346421,0.14978098683059216,0.7370518493652343,0.43748987570404996
21.760223627090454,-30.0,-28.763703359723245,-1.2362966402767555,0.6572708625346422,0.1077639739960432,0.7650348365306854,0.549506888538599
21.780218362808228,-30.0,-28.763703359723245,-1.2362966402767555,0.6086190778762102,0.08763557486236095,0.6962546527385711,0.5209835030138492
21.80020546913147,-30.0,-28.829322062778594,-1.1706779372214058,0.6109263878781348,0.0426493976265192,0.653575785504654,0.5682769902516156
21.820217609405518,-30.0,-28.881817025222873,-1.1181829747771275,0.625710559124127,0.0,0.625710559124127,0.625710559124127
21.84022617340088,-30.0,-28.906234870178302,-1.0937651298216977,0.5978000322822481,0.0,0.5978000322822481,0.5978000322822481
21.86023759841919,-30.0,-28.890612896142642,-1.1093871038573582,0.6360896835569292,0.0,0.6360896835569292,0.6360896835569292
21.880252361297607,-30.0,-28.790224691914116,-1.2097753080858844,0.5880184593144804,0.021603742614388466,0.6096222019288688,0.5664147167000919
21.900195121765137,-30.0,-28.639601628531295,-1.3603983714687047,0.6580184593144804,0.00841465312987566,0.6664331124443561,0.6496038061846048
21.92018961906433,-30.0,-28.536681302825038,-1.4633186971749623,0.6806967954430729,0.0,0.6806967954430729,0.6806967954430729
21.940190076828003,-30.0,-28.47192316726003,-1.5280768327399699,0.6790875659603626,0.01646406389772892,0.6955516298580915,0.6626235020626337
21.960185766220093,-30.0,-28.437694783808023,-1.5623052161919766,0.7,0.0,0.7,0.7
21.98019504547119,-30.0,-28.42789020204642,-1.5721097979535799,0.6909375477582216,0.0,0.6909375477582216,0.6909375477582216
22.000187158584595,-30.0,-28.42789020204642,-1.5721097979535799,0.7,0.0,0.7,0.7
22.020182847976685,-30.0,-28.43762466163714,-1.562375338362859,0.6369657933712005,0.010835816152393818,0.6478016095235943,0.6261299772188067
22.040185928344727,-30.0,-28.515724729309714,-1.4842752706902864,0.566985335946083,0.0,0.566985335946083,0.566985335946083
22.06019139289856,-30.0,-28.61336103344777,-1.3866389665522298,0.5637525595258921,0.0,0.5637525595258921,0.5637525595258921
22.080193758010864,-30.0,-28.709048201758215,-1.2909517982417853,0.5956726498436182,0.0457705594599247,0.6414432093035429,0.5499020903836935
22.100184440612793,-30.0,-28.803176061406578,-1.1968239385934218,0.5314468942116946,0.10089878365397453,0.6323456778656691,0.43054811055772
22.120173454284668,-30.0,-28.89605647412526,-1.1039435258747403,0.558541154069826,0.12816414050757885,0.6867052945774048,0.4303770135622471
22.14020824432373,-30.0,-28.98793892930021,-1.0120610706997901,0.628541154069826,0.0744678620249033,0.7030090160947293,0.5540732920449227
22.160205602645874,-30.0,-29.06144489344017,-0.9385551065598285,0.6556630481313914,0.07163125346414745,0.7272943015955389,0.584031794667244
22.18022346496582,-30.0,-29.120249664752144,-0.8797503352478557,0.6370943162869662,0.020147842122241855,0.6572421584092081,0.6169464741647244
22.200196981430054,-30.0,-29.167293481801714,-0.832706518198286,0.6573813662212342,0.0,0.6573813662212342,0.6573813662212342
22.220190048217773,-30.0,-29.167293481801714,-0.832706518198286,0.6886117320787162,0.0,0.6886117320787162,0.6886117320787162
22.240185499191284,-30.0,-29.187350410441372,-0.8126495895586281,0.696296740071848,0.0,0.696296740071848,0.696296740071848
22.26018786430359,-30.0,-29.203395953353102,-0.7966040466468982,0.7,0.05557965487241745,0.7555796548724174,0.6444203451275825
22.280182600021362,-30.0,-29.19865426268248,-0.8013457373175186,0.7,0.012996818870306015,0.712996818870306,0.6870031811296939
22.300188302993774,-30.0,-29.177282785145987,-0.8227172148540127,0.6729098789393901,0.0,0.6729098789393901,0.6729098789393901
22.32017970085144,-30.0,-29.17776372811679,-0.8222362718832095,0.6858930064365267,0.006799168884754181,0.6926921753212809,0.6790938375517726
22.340179443359375,-30.0,-29.178148482493437,-0.8218515175065626,0.6356150357052683,0.028550609946250912,0.6641656456515193,0.6070644257590174
22.360177516937256,-30.0,-29.196034410994752,-0.803965589005248,0.6463054277002811,0.02227349439635873,0.6685789220966398,0.6240319333039224
22.380166053771973,-30.0,-29.2103431537958,-0.7896568462041991,0.6507717667147517,0.03702157223597169,0.6877933389507234,0.61375019447878
22.40019416809082,-30.0,-29.221790148036646,-0.7782098519633536,0.6994889860972762,0.004648956004530191,0.7041379421018064,0.694840030092746
22.420218467712402,-30.0,-29.23094774342932,-0.7690522565706814,0.7,0.0,0.7,0.7
22.440218210220337,-30.0,-29.23094774342932,-0.7690522565706814,0.64155253469944,0.0038872880395501856,0.6454398227389901,0.6376652466598898
22.46022605895996,-30.0,-29.23827381974346,-0.7617261802565416,0.68033232614398,0.0,0.68033232614398,0.68033232614398
22.480257987976074,-30.0,-29.244134680794765,-0.7558653192052347,0.6921614723280072,0.0,0.6921614723280072,0.6921614723280072
22.500258445739746,-30.0,-29.24882336963581,-0.7511766303641885,0.6921614723280072,0.0,0.6921614723280072,0.6921614723280072
22.520259618759155,-30.0,-29.25257432070865,-0.7474256792913501,0.7,0.07073602080345154,0.7707360208034515,0.6292639791965484
22.540238857269287,-30.0,-29.255575081566924,-0.7444249184330758,0.6828067515045404,0.060833201743662364,0.7436399532482028,0.621973549760878
22.560222387313843,-30.0,-29.257975690253538,-0.742024309746462,0.6587063640356063,0.027867411263287067,0.6865737752988934,0.6308389527723193
22.580520391464233,-30.0,-29.277474302202837,-0.7225256977971632,0.6864353965967893,0.024910231586545706,0.711345628183335,0.6615251650102436
22.600215435028076,-30.0,-29.310651316762275,-0.6893486832377249,0.6400436598807573,0.0,0.6400436598807573,0.6400436598807573
22.621390342712402,-30.0,-29.354771053409817,-0.6452289465901835,0.6480718672275543,0.05479127913713455,0.7028631463646888,0.5932805880904197
22.640223264694214,-30.0,-29.390066842727858,-0.6099331572721418,0.6201075453311204,0.007500477135181427,0.6276080224663019,0.612607068195939
22.663424730300903,-30.0,-29.390066842727858,-0.6099331572721418,0.6242005683481693,0.0,0.6242005683481693,0.6242005683481693
22.68022060394287,-30.0,-29.400725349182284,-0.5992746508177156,0.5702909871935844,0.0026662286836653948,0.5729572158772498,0.567624758509919
22.700205326080322,-30.0,-29.409252154345833,-0.5907478456541675,0.5730303728953003,0.01534102507866919,0.5883713979739695,0.5576893478166312
22.720189094543457,-30.0,-29.416073598476668,-0.5839264015233319,0.6311060504987835,0.00958463572897017,0.6406906862277537,0.6215214147698134
22.740187168121338,-30.0,-29.421530753781333,-0.5784692462186669,0.664488104917109,0.0,0.664488104917109,0.664488104917109
22.76021647453308,-30.0,-29.425896478025066,-0.5741035219749335,0.7,0.0,0.7,0.7
22.780259609222412,-30.0,-29.429389057420057,-0.5706109425799433,0.7,0.0,0.7,0.7
22.800261735916138,-30.0,-29.44976124593605,-0.5502387540639511,0.7,0.0,0.7,0.7
22.820261478424072,-30.0,-29.466058996748846,-0.5339410032511545,0.7,0.0,0.7,0.7
22.840256929397583,-30.0,-29.479097197399074,-0.5209028026009257,0.7,0.0,0.7,0.7
22.860265731811523,-30.0,-29.507105882919262,-0.4928941170807377,0.7,0.0,0.7,0.7
22.880537748336792,-30.0,-29.507105882919262,-0.4928941170807377,0.7,0.0,0.7,0.7
22.900282382965088,-30.0,-29.54709095633541,-0.45290904366459017,0.7,0.0,0.7,0.7
22.920243740081787,-30.0,-29.57907901506833,-0.4209209849316693,0.6444356746971607,0.0022654307540506124,0.6467011054512113,0.6421702439431101
22.94025158882141,-30.0,-29.622247587054666,-0.377752412945334,0.6444356746971607,0.0022654307540506124,0.6467011054512113,0.6421702439431101
22.96023941040039,-30.0,-29.65678244464373,-0.34321755535626863,0.6444356746971607,0.0022654307540506124,0.6467011054512113,0.6421702439431101
22.98022723197937,-30.0,-29.684410330714986,-0.3155896692850142,0.6793384000658989,0.006738228956237435,0.6860766290221363,0.6726001711096614
23.0002601146698,-30.0,-29.724090764571994,-0.2759092354280064,0.6793384000658989,0.006738228956237435,0.6860766290221363,0.6726001711096614
23.020224809646606,-30.0,-29.755835111657596,-0.24416488834240369,0.6163629487156868,0.04834883497096598,0.6647117836866527,0.5680141137447208
23.040241718292236,-30.0,-29.78123058932608,-0.21876941067392153,0.6163629487156868,0.04834883497096598,0.6647117836866527,0.5680141137447208
23.060234785079956,-30.0,-29.801546971460866,-0.19845302853913438,0.6825545996427536,0.06261543487198651,0.7451700345147401,0.619939164770767
23.08022379875183,-30.0,-29.81780007716869,-0.18219992283130892,0.7,0.027778665767982602,0.7277786657679826,0.6722213342320174
23.100208044052124,-30.0,-29.81780007716869,-0.18219992283130892,0.6442376159131527,0.07175093074329197,0.7159885466564446,0.5724866851698607
23.120201110839844,-30.0,-29.848380686734956,-0.1516193132650443,0.7,0.0017509307432919674,0.7017509307432919,0.698249069256708
23.140199184417725,-30.0,-29.872845174387972,-0.12715482561202762,0.681948334723711,0.025936550991609686,0.7078848857153206,0.6560117837321013
23.160203456878662,-30.0,-29.87483863951038,-0.12516136048962068,0.687618088722229,0.09435600002296268,0.7819740887451916,0.5932620886992663
23.180192947387695,-30.0,-29.8764334116083,-0.1235665883917001,0.6874836621747817,0.09353334998711943,0.7810170121619011,0.5939503121876624
23.200207233428955,-30.0,-29.860131104286644,-0.1398688957133558,0.7,0.09504840773995965,0.7950484077399596,0.6049515922600404
23.220218420028687,-30.0,-29.847089258429314,-0.15291074157068607,0.6853166956454515,0.06391385262366384,0.7492305482691153,0.6214028430217877
23.24022364616394,-30.0,-29.819077656743453,-0.18092234325654744,0.7,0.021745805344544344,0.7217458053445442,0.6782541946554557
23.260222673416138,-30.0,-29.796668375394766,-0.20333162460523369,0.7,0.013854323602281504,0.7138543236022814,0.6861456763977185
23.280218839645386,-30.0,-29.761162825315814,-0.23883717468418553,0.6601014778017997,0.0,0.6601014778017997,0.6601014778017997
23.300236463546753,-30.0,-29.732758385252655,-0.26724161474734487,0.6451851025223732,0.028945667669177055,0.6741307701915502,0.6162394348531961
23.320269107818604,-30.0,-29.732758385252655,-0.26724161474734487,0.6818479567766189,0.04817365109920502,0.7300216078758239,0.6336743056774139
23.340253591537476,-30.0,-29.710034833202123,-0.2899651667978773,0.624434944987297,0.0025631971657276154,0.6269981421530246,0.6218717478215694
23.360223531723022,-30.0,-29.6918559915617,-0.30814400843830114,0.6588040448725223,0.0,0.6588040448725223,0.6588040448725223
23.380220651626587,-30.0,-29.67731291824936,-0.3226870817506402,0.6381291326135397,0.008434697985649109,0.6465638305991888,0.6296944346278905
23.400203704833984,-30.0,-29.66567845959949,-0.3343215404005093,0.6653549548238515,0.0,0.6653549548238515,0.6653549548238515
23.4201922416687,-30.0,-29.656370892679593,-0.34362910732040675,0.6351483099162578,0.0,0.6351483099162578,0.6351483099162578
23.44019913673401,-30.0,-29.648924839143675,-0.3510751608563254,0.6632131271064281,0.0,0.6632131271064281,0.6632131271064281
23.460216999053955,-30.0,-29.66054612131494,-0.3394538786850596,0.6803325720131397,0.0,0.6803325720131397,0.6803325720131397
23.480231046676636,-30.0,-29.687421272051953,-0.312578727948047,0.7,0.03739272430539131,0.7373927243053913,0.6626072756946086
23.500237941741943,-30.0,-29.708921392641567,-0.2910786073584326,0.680896970257163,0.02341503370553255,0.7043120039626956,0.6574819365516305
23.52022910118103,-30.0,-29.708921392641567,-0.2910786073584326,0.6890120653435587,0.0,0.6890120653435587,0.6890120653435587
23.540229320526123,-30.0,-29.726121489113257,-0.27387851088674253,0.6890120653435587,0.0,0.6890120653435587,0.6890120653435587
23.56024694442749,-30.0,-29.757459691290606,-0.24254030870939403,0.6918310979846864,0.04078124463558197,0.7326123426202684,0.6510498533491045
23.580346822738647,-30.0,-29.782530253032483,-0.21746974696751664,0.6918310979846864,0.04078124463558197,0.7326123426202684,0.6510498533491045
23.600258588790894,-30.0,-29.80258670242599,-0.19741329757400905,0.7,0.03047299105674028,0.7304729910567402,0.6695270089432597
23.620224237442017,-30.0,-29.801053736940794,-0.19894626305920582,0.6449943006038665,0.04400415066629648,0.688998451270163,0.60099014993757
23.640235662460327,-30.0,-29.817405489552634,-0.18259451044736608,0.7,0.001402442343533039,0.701402442343533,0.6985975576564669
23.66024398803711,-30.0,-29.83048689164211,-0.16951310835789002,0.6932549451477825,0.0,0.6932549451477825,0.6932549451477825
23.680259943008423,-30.0,-29.840952013313686,-0.15904798668631415,0.7,0.0,0.7,0.7
23.700247287750244,-30.0,-29.84932411065095,-0.15067588934904919,0.7,0.021562911570072174,0.7215629115700721,0.6784370884299278
23.72022318840027,-30.0,-29.838443663520763,-0.1615563364792365,0.6867576071992516,0.01792203076183796,0.7046796379610896,0.6688355764374136
23.740222215652466,-30.0,-29.838443663520763,-0.1615563364792365,0.6867576071992516,0.01792203076183796,0.7046796379610896,0.6688355764374136
23.760284900665283,-30.0,-29.829739305816613,-0.17026069418338707,0.7,0.0,0.7,0.7
23.780272245407104,-30.0,-29.822775819653287,-0.1772241803467125,0.668989547342062,0.0,0.668989547342062,0.668989547342062
23.800256729125977,-30.0,-29.817205030722633,-0.18279496927736716,0.6373610354959964,0.03306002542376518,0.6704210609197616,0.6043010100722312
23.82024645805359,-30.0,-29.83032652457811,-0.1696734754218916,0.6356956992996856,0.07812004536390305,0.7138157446635887,0.5575756539357826
23.840224027633667,-30.0,-29.840823719662485,-0.1591762803375154,0.7,0.008120045363903039,0.7081200453639029,0.691879954636097
23.860195875167847,-30.0,-29.84922147572999,-0.15077852427000948,0.6299999999999999,0.06318974524736404,0.6931897452473639,0.5668102547526359
23.8802170753479,-30.0,-29.873517805583994,-0.12648219441600617,0.7,0.08283852256834506,0.782838522568345,0.617161477431655
23.900224924087524,-30.0,-29.892954869467204,-0.1070451305327964,0.6948045988567173,0.012838522568345057,0.7076431214250624,0.6819660762883722
23.920213222503662,-30.0,-29.90850452057376,-0.09149547942623926,0.7,0.0,0.7,0.7
23.94020390510559,-30.0,-29.92094424145901,-0.07905575854098856,0.7,0.0,0.7,0.7
23.96022629737854,-30.0,-29.92094424145901,-0.07905575854098856,0.6834982492029666,0.0,0.6834982492029666,0.6834982492029666
23.98021697998047,-30.0,-29.91331789316721,-0.08668210683278943,0.7,0.0480792261660099,0.7480792261660099,0.65192077383399
24.000223875045776,-30.0,-29.90721681453377,-0.09278318546623154,0.6866332523524761,0.04445678158663213,0.7310900339391082,0.6421764707658439
24.020188331604004,-30.0,-29.90233595162702,-0.09766404837298026,0.667453209683299,0.04671778017655015,0.7141709898598492,0.6207354295067489
24.040180683135986,-30.0,-29.898431261301614,-0.10156873869838634,0.6452078845351934,0.08013508329167962,0.725342967826873,0.5650728012435138
24.060229301452637,-30.0,-29.91288563404129,-0.08711436595870836,0.7,0.08038287854287773,0.7803828785428777,0.6196171214571222
24.080257415771484,-30.0,-29.906871007233036,-0.09312899276696385,0.7,0.010382878542877727,0.7103828785428776,0.6896171214571223
24.100299835205078,-30.0,-29.90205930578643,-0.09794069421356966,0.7,0.0,0.7,0.7
24.12029242515564,-30.0,-29.915788069629144,-0.08421193037085573,0.7,0.06734870374202728,0.7673487037420272,0.6326512962579727
24.1402428150177,-30.0,-29.909192955703315,-0.09080704429668529,0.6690550882369279,0.042072080075740814,0.7111271683126688,0.6269830081611871
24.16023087501526,-30.0,-29.903916864562653,-0.09608313543734681,0.6804719761013984,0.0008912608027458191,0.6813632369041442,0.6795807152986526
24.180226802825928,-30.0,-29.899695991650127,-0.10030400834987319,0.7,0.0,0.7,0.7
24.20022988319397,-30.0,-29.899695991650127,-0.10030400834987319,0.6768056124448776,0.0,0.6768056124448776,0.6768056124448776
24.220226764678955,-30.0,-29.8963192933201,-0.10368070667989926,0.7,0.0,0.7,0.7
24.240259647369385,-30.0,-29.89361793465608,-0.1063820653439187,0.6712149500846862,0.027243470773100853,0.6984584208577871,0.6439714793115854
24.260252475738525,-30.0,-29.891456847724864,-0.10854315227513567,0.6857360562309622,0.0,0.6857360562309622,0.6857360562309622
24.280253648757935,-30.0,-29.9073061031799,-0.09269389682010143,0.6711861778050661,0.0,0.6711861778050661,0.6711861778050661
24.300230503082275,-30.0,-29.919985507543924,-0.08001449245607617,0.6981928989291191,0.0,0.6981928989291191,0.6981928989291191
24.32022976875305,-30.0,-29.930129031035136,-0.06987096896486378,0.7,0.0,0.7,0.7
24.340234994888306,-30.0,-29.955821974828112,-0.04417802517188818,0.7,0.0,0.7,0.7
24.360241413116455,-30.0,-29.99395445486249,-0.006045545137510544,0.6638654887676239,0.02368030697107315,0.687545795738697,0.6401851817965507
24.3803551197052,-30.0,-30.024460438889992,0.024460438889992275,0.636105215921998,0.0030826758593320847,0.6391878917813301,0.6330225400626659
24.400359869003296,-30.0,-30.066443351111996,0.06644335111199595,0.636105215921998,0.0030826758593320847,0.6391878917813301,0.6330225400626659
24.42034411430359,-30.0,-30.066443351111996,0.06644335111199595,0.6609312713146209,0.0029253178654471412,0.6638565891800681,0.6580059534491738
24.4402916431427,-30.0,-30.1000296808896,0.10002968088960174,0.6609312713146209,0.0029253178654471412,0.6638565891800681,0.6580059534491738
24.460285902023315,-30.0,-30.14447686971168,0.1444768697116814,0.6609312713146209,0.0029253178654471412,0.6638565891800681,0.6580059534491738
24.48026466369629,-30.0,-30.180034620769348,0.18003462076934795,0.6609312713146209,0.0029253178654471412,0.6638565891800681,0.6580059534491738
24.500256538391113,-30.0,-30.208480821615478,0.20848082161547765,0.6609312713146209,0.0029253178654471412,0.6638565891800681,0.6580059534491738
24.520246267318726,-30.0,-30.23123778229238,0.23123778229237857,0.6609312713146209,0.0029253178654471412,0.6638565891800681,0.6580059534491738
24.540302276611328,-30.0,-30.249443350833907,0.24944335083390712,0.6609312713146209,0.0029253178654471412,0.6638565891800681,0.6580059534491738
24.56025266647339,-30.0,-30.264007805667127,0.2640078056671271,0.6609312713146209,0.0029253178654471412,0.6638565891800681,0.6580059534491738
24.580337047576904,-30.0,-30.275659369533702,0.2756593695337024,0.6609312713146209,0.0029253178654471412,0.6638565891800681,0.6580059534491738
24.600353002548218,-30.0,-30.30255874562696,0.3025587456269605,0.6609312713146209,0.0029253178654471412,0.6638565891800681,0.6580059534491738
24.620328426361084,-30.0,-30.32407824650157,0.32407824650157124,0.6609312713146209,0.0029253178654471412,0.6638565891800681,0.6580059534491738
24.640289783477783,-30.0,-30.32407824650157,0.32407824650157124,0.6609312713146209,0.0029253178654471412,0.6638565891800681,0.6580059534491738
24.660290002822876,-30.0,-30.34129384720126,0.34129384720126055,0.6609312713146209,0.0029253178654471412,0.6638565891800681,0.6580059534491738
24.680272340774536,-30.0,-30.33748820276101,0.33748820276100844,0.6609312713146209,0.0029253178654471412,0.6638565891800681,0.6580059534491738
24.700290203094482,-30.0,-30.352021812208804,0.3520218122088039,0.6609312713146209,0.0029253178654471412,0.6638565891800681,0.6580059534491738
24.720294713974,-30.0,-30.363648699767044,0.36364869976704384,0.6609312713146209,0.0029253178654471412,0.6638565891800681,0.6580059534491738
24.740286111831665,-30.0,-30.37295020981364,0.37295020981364146,0.6609312713146209,0.0029253178654471412,0.6638565891800681,0.6580059534491738
24.760274171829224,-30.0,-30.380391417850912,0.38039141785091246,0.6609312713146209,0.0029253178654471412,0.6638565891800681,0.6580059534491738
24.780279397964478,-30.0,-30.386344384280733,0.3863443842807328,0.6609312713146209,0.0029253178654471412,0.6638565891800681,0.6580059534491738
24.800262689590454,-30.0,-30.391106757424584,0.3911067574245841,0.6609312713146209,0.0029253178654471412,0.6638565891800681,0.6580059534491738
24.820261240005493,-30.0,-30.39491665593967,0.39491665593967085,0.6609312713146209,0.0029253178654471412,0.6638565891800681,0.6580059534491738
24.84026527404785,-30.0,-30.397964574751732,0.3979645747517324,0.6609312713146209,0.0029253178654471412,0.6638565891800681,0.6580059534491738
24.860265254974365,-30.0,-30.397964574751732,0.3979645747517324,0.6609312713146209,0.0029253178654471412,0.6638565891800681,0.6580059534491738
24.880259037017822,-30.0,-30.400402909801386,0.40040290980138593,0.6609312713146209,0.0029253178654471412,0.6638565891800681,0.6580059534491738
24.9002525806427,-30.0,-30.402353577841108,0.40235357784110803,0.6609312713146209,0.0029253178654471412,0.6638565891800681,0.6580059534491738
24.920259714126587,-30.0,-30.40391411227289,0.40391411227289,0.6609312713146209,0.0029253178654471412,0.6638565891800681,0.6580059534491738
24.94026279449463,-30.0,-30.405162539818317,0.40516253981831696,0.6609312713146209,0.0029253178654471412,0.6638565891800681,0.6580059534491738
24.960264444351196,-30.0,-30.40616128185465,0.4061612818546507,0.6442875310778617,0.0,0.6442875310778617,0.6442875310778617
24.98025894165039,-30.0,-30.406960275483726,0.40696027548372626,0.6437277597025968,0.01431463472545147,0.6580423944280482,0.6294131249771453
25.000251293182373,0.0,-30.407599470386977,30.407599470386977,0.6437277597025968,0.01431463472545147,0.6580423944280482,0.6294131249771453
25.020259141921997,0.0,-30.40811082630958,30.40811082630958,0.6134546891436912,0.08431463472545148,0.6977693238691427,0.5291400544182396
25.040240049362183,0.0,-30.408519911047662,30.408519911047662,0.6134546891436912,0.08431463472545148,0.6977693238691427,0.5291400544182396
25.06021809577942,0.0,-30.40884717883813,30.40884717883813,0.5434546891436911,0.15431463472545148,0.6977693238691426,0.3891400544182396
25.08021378517151,0.0,-30.40884717883813,30.40884717883813,0.4734546891436911,0.2243146347254515,0.6977693238691426,0.2491400544182396
25.100200176239014,0.0,-30.409108993070504,30.409108993070504,0.4734546891436911,0.2243146347254515,0.6977693238691426,0.2491400544182396
25.12019920349121,0.0,-30.409318444456403,30.409318444456403,0.47804932622471813,0.2125493232533336,0.6905986494780517,0.26550000297138454
25.140236854553223,0.0,-30.391907880565125,30.391907880565125,0.42898548348108295,0.21199812027858572,0.6409836037596687,0.21698736320249723
25.16021490097046,0.0,-30.360401304452104,30.360401304452104,0.42898548348108295,0.21199812027858572,0.6409836037596687,0.21698736320249723
25.18022322654724,0.0,-30.247305418561684,30.247305418561684,0.35898548348108295,0.14199812027858572,0.5009836037596687,0.21698736320249723
25.200217485427856,0.0,-29.85800058484935,29.85800058484935,0.42815088464179996,0.07199812027858571,0.5001490049203856,0.35615276436321425
25.220221042633057,0.0,-29.124681717879486,29.124681717879486,0.4981508846417999,0.13177436682628468,0.6299252514680846,0.3663765178155152
25.240256547927856,0.0,-28.116151624303587,28.116151624303587,0.5681508846418,0.10869814361678437,0.6768490282585844,0.4594527410250156
25.260270833969116,0.0,-26.957765049442873,26.957765049442873,0.6303784280852414,0.15947459916817025,0.7898530272534117,0.4709038289170711
25.2803795337677,0.0,-26.957765049442873,26.957765049442873,0.6303784280852414,0.15947459916817025,0.7898530272534117,0.4709038289170711
25.300315856933594,0.0,-25.8201182895543,25.8201182895543,0.659456108866725,0.21360724698053674,0.8730633558472618,0.4458488618861883
25.320266246795654,0.0,-24.87484463164344,24.87484463164344,0.659456108866725,0.21360724698053674,0.8730633558472618,0.4458488618861883
25.340253829956055,0.0,-24.118625705314756,24.118625705314756,0.617524282245431,0.21318547767470591,0.830709759920137,0.4043388045707251
25.360273838043213,0.0,-23.513650564251808,23.513650564251808,0.617524282245431,0.21318547767470591,0.830709759920137,0.4043388045707251
25.38023853302002,0.0,-23.029670451401447,23.029670451401447,0.617524282245431,0.21318547767470591,0.830709759920137,0.4043388045707251
25.40027356147766,0.0,-22.64248636112116,22.64248636112116,0.617524282245431,0.21318547767470591,0.830709759920137,0.4043388045707251
25.420239686965942,0.0,-22.315160963896933,22.315160963896933,0.617524282245431,0.21318547767470591,0.830709759920137,0.4043388045707251
25.44023060798645,0.0,-22.035722521117545,22.035722521117545,0.617524282245431,0.21318547767470591,0.830709759920137,0.4043388045707251
25.460227489471436,0.0,-21.812171766894036,21.812171766894036,0.617524282245431,0.21318547767470591,0.830709759920137,0.4043388045707251
25.480230808258057,0.0,-21.61575303851523,21.61575303851523,0.617524282245431,0.21318547767470591,0.830709759920137,0.4043388045707251
25.50023889541626,0.0,-21.61575303851523,21.61575303851523,0.6004827946261502,0.19888417203794234,0.7993669666640926,0.40159862258820783
25.520257711410522,0.0,-21.458618055812188,21.458618055812188,0.6004827946261502,0.19888417203794234,0.7993669666640926,0.40159862258820783
25.540242195129395,0.0,-21.33291006964975,21.33291006964975,0.5304827946261501,0.13388566453824752,0.6643684591643977,0.3965971300879026
25.560248851776123,0.0,-21.2323436807198,21.2323436807198,0.5304827946261501,0.13388566453824752,0.6643684591643977,0.3965971300879026
25.580186367034912,0.0,-21.15189056957584,21.15189056957584,0.5304827946261501,0.13388566453824752,0.6643684591643977,0.3965971300879026
25.60021448135376,0.0,-21.087528080660675,21.087528080660675,0.48091667844215386,0.16535213743220084,0.6462688158743547,0.315564541009953
25.620248079299927,0.0,-21.03603808952854,21.03603808952854,0.48091667844215386,0.16535213743220084,0.6462688158743547,0.315564541009953
25.640286207199097,0.0,-20.994846096622833,20.994846096622833,0.5032555400417185,0.09535213743220083,0.5986076774739193,0.40790340260951763
25.660321712493896,0.0,-20.979470627298266,20.979470627298266,0.47493293462553976,0.04657643099199049,0.5215093656175303,0.42835650363354927
25.681964874267578,0.0,-20.984748376838613,20.984748376838613,0.44162761373678205,0.0566498180560302,0.49827743179281225,0.38497779568075186
25.700299739837646,0.0,-20.988970576470894,20.988970576470894,0.41348403087118624,0.07652844392578118,0.4900124747969674,0.33695558694540506
25.720266342163086,0.0,-20.988970576470894,20.988970576470894,0.3653777628228998,0.0786448928702157,0.4440226556931155,0.2867328699526841
25.740267515182495,0.0,-21.00992646117672,21.00992646117672,0.41119497036794184,0.12129550680401735,0.5324904771719592,0.2898994635639245
25.76025891304016,0.0,-21.044269293941376,21.044269293941376,0.360658486841712,0.15258525192621164,0.5132437387679236,0.20807323491550034
25.780238389968872,0.0,-21.106899810153102,21.106899810153102,0.430658486841712,0.18481733530643396,0.615475822148146,0.24584115153527802
25.800262451171875,0.0,-21.17458234812248,21.17458234812248,0.3645477343187666,0.222738503216533,0.5872862375352996,0.1418092311022336
25.820276021957397,0.0,-21.246306503497987,21.246306503497987,0.3484785474673843,0.1563435930002015,0.5048221404675859,0.19213495446718282
25.840277671813965,0.0,-21.32126395279839,21.32126395279839,0.2784785474673843,0.14862153978901915,0.42710008725640347,0.12985700767836517
25.860280752182007,0.0,-21.381229912238712,21.381229912238712,0.2784785474673843,0.14862153978901915,0.42710008725640347,0.12985700767836517
25.88027334213257,0.0,-21.411624554790972,21.411624554790972,0.26399051537970064,0.14343496153014712,0.40742547690984776,0.12055555384955352
25.900270462036133,0.0,-21.418362143832777,21.418362143832777,0.26399051537970064,0.14343496153014712,0.40742547690984776,0.12055555384955352
25.9202823638916,0.0,-21.335861590066223,21.335861590066223,0.26399051537970064,0.14343496153014712,0.40742547690984776,0.12055555384955352
25.940272569656372,0.0,-21.335861590066223,21.335861590066223,0.19399051537970063,0.1540819464426022,0.34807246182230284,0.03990856893709843
25.960267066955566,0.0,-21.04134552205298,21.04134552205298,0.19399051537970063,0.1540819464426022,0.34807246182230284,0.03990856893709843
25.980271339416504,0.0,-20.59479516764238,20.59479516764238,0.26399051537970064,0.0840819464426022,0.34807246182230284,0.17990856893709845
26.000272750854492,0.0,-20.167242384113905,20.167242384113905,0.26399051537970064,0.0840819464426022,0.34807246182230284,0.17990856893709845
26.02027153968811,0.0,-19.807622032291125,19.807622032291125,0.28087383089819906,0.08708054855349473,0.3679543794516938,0.19379328234470433
26.040268421173096,0.0,-19.4496132508329,19.4496132508329,0.28087383089819906,0.08708054855349473,0.3679543794516938,0.19379328234470433
26.06023097038269,0.0,-18.987424975666322,18.987424975666322,0.28087383089819906,0.08708054855349473,0.3679543794516938,0.19379328234470433
26.080316066741943,0.0,-18.389158730533058,18.389158730533058,0.28087383089819906,0.08708054855349473,0.3679543794516938,0.19379328234470433
26.100273609161377,0.0,-17.787498859426446,17.787498859426446,0.21087383089819906,0.060451737641124055,0.2713255685393231,0.150422093257075
26.12024688720703,0.0,-17.306170962541156,17.306170962541156,0.21087383089819906,0.060451737641124055,0.2713255685393231,0.150422093257075
26.140267372131348,0.0,-16.938686770032923,16.938686770032923,0.21087383089819906,0.060451737641124055,0.2713255685393231,0.150422093257075
26.16030502319336,0.0,-16.64469941602634,16.64469941602634,0.21087383089819906,0.060451737641124055,0.2713255685393231,0.150422093257075
26.18031597137451,0.0,-16.64469941602634,16.64469941602634,0.21087383089819906,0.060451737641124055,0.2713255685393231,0.150422093257075
26.20028257369995,0.0,-16.427087657821072,16.427087657821072,0.21087383089819906,0.060451737641124055,0.2713255685393231,0.150422093257075
26.220319986343384,0.0,-16.27057637625686,16.27057637625686,0.21087383089819906,0.060451737641124055,0.2713255685393231,0.150422093257075
26.24023675918579,0.0,-16.14536735100549,16.14536735100549,0.20458677627379057,0.05136407635989598,0.25595085263368655,0.1532226999138946
26.26026153564453,0.0,-16.06277825580439,16.06277825580439,0.20458677627379057,0.05136407635989598,0.25595085263368655,0.1532226999138946
26.280240058898926,0.0,-15.996706979643513,15.996706979643513,0.2713482997589743,0.0,0.2713482997589743,0.2713482997589743
26.300222635269165,0.0,-15.96142808371481,15.96142808371481,0.29049107089871523,0.0,0.29049107089871523,0.29049107089871523
26.320215225219727,0.0,-15.93320496697185,15.93320496697185,0.33165487677091715,0.0,0.33165487677091715,0.33165487677091715
26.340899229049683,0.0,-15.928204598577484,15.928204598577484,0.26742310852045176,0.0,0.26742310852045176,0.26742310852045176
26.360211610794067,0.0,-15.924204303861988,15.924204303861988,0.23863625370198843,0.0,0.23863625370198843,0.23863625370198843
26.38021969795227,0.0,-15.92100406808959,15.92100406808959,0.16863625370198843,0.022656859830021858,0.19129311353201028,0.14597939387196657
26.40024161338806,0.0,-15.92100406808959,15.92100406808959,0.2341766866319811,0.004103764891624451,0.23828045152360555,0.23007292174035665
26.420231342315674,0.0,-15.918443879471672,15.918443879471672,0.2232597038545644,0.07410376489162446,0.29736346874618885,0.14915593896293994
26.440236568450928,0.0,-15.933973853577339,15.933973853577339,0.1880320251383817,0.09447602897882462,0.2825080541172063,0.09355599615955706
26.460232257843018,0.0,-15.99913220786187,15.99913220786187,0.20078252129489538,0.09407450758619235,0.2948570288810877,0.10670801370870303
26.480210065841675,0.0,-16.139149516289496,16.139149516289496,0.20078252129489538,0.09407450758619235,0.2948570288810877,0.10670801370870303
26.50026249885559,0.0,-16.268741488031598,16.268741488031598,0.26066383593017217,0.06268541642231867,0.32334925235249085,0.1979784195078535
26.52019953727722,0.0,-16.37241506542528,16.37241506542528,0.22614096351200696,0.08109166973037646,0.3072326332423834,0.1450492937816305
26.540187120437622,0.0,-16.455353927340223,16.455353927340223,0.27197915189200994,0.15109166973037647,0.4230708216223864,0.12088748216163347
26.56019878387451,0.0,-16.52170501687218,16.52170501687218,0.22906356178456902,0.1905805999855511,0.4196441617701201,0.03848296179901792
26.58025336265564,0.0,-16.574785888497743,16.574785888497743,0.18796013541752454,0.14612924405140804,0.3340893794689326,0.04183089136611651
26.60018253326416,0.0,-16.5996724607982,16.5996724607982,0.17021152064437028,0.07612924405140803,0.2463407646957783,0.09408227659296226
26.62017798423767,0.0,-16.5996724607982,16.5996724607982,0.10995877966517564,0.006129244051408023,0.11608802371658367,0.10382953561376762
26.640191793441772,0.0,-16.61958171863856,16.61958171863856,0.17995877966517565,0.0,0.17995877966517565,0.17995877966517565
26.660180807113647,0.0,-16.63550912491085,16.63550912491085,0.16536688369000313,0.07,0.23536688369000314,0.09536688369000312
26.680195093154907,0.0,-16.63067292492868,16.63067292492868,0.13103476848686096,0.0,0.13103476848686096,0.13103476848686096
26.700206756591797,0.0,-16.609225839942948,16.609225839942948,0.12859789870912192,0.013510643504559994,0.1421085422136819,0.11508725520456192
26.720196962356567,0.0,-16.59206817195436,16.59206817195436,0.17485909380251524,0.0,0.17485909380251524,0.17485909380251524
26.740191221237183,0.0,-16.54318578756349,16.54318578756349,0.12629285671049711,0.04588897526264191,0.17218183197313902,0.08040388144785521
26.760175228118896,0.0,-16.433767380050792,16.433767380050792,0.14479676850372908,0.02893965505063534,0.17373642355436442,0.11585711345309374
26.780175924301147,0.0,-16.293498279040634,16.293498279040634,0.20752106078201887,0.06081413291394711,0.268335193695966,0.14670692786807177
26.80020236968994,0.0,-16.146126748232508,16.146126748232508,0.13752106078201887,0.07600219082087278,0.21352325160289165,0.06151886996114608
26.820168495178223,0.0,-16.146126748232508,16.146126748232508,0.1942562932544386,0.07379980594851077,0.26805609920294937,0.12045648730592784
26.840163707733154,0.0,-16.01065139858601,16.01065139858601,0.23030039541656136,0.1295100396964699,0.35981043511303124,0.10079035572009146
26.86017155647278,0.0,-15.867114868868807,15.867114868868807,0.30030039541656134,0.14923361339606345,0.4495340088126248,0.1510667820204979
26.88017725944519,0.0,-15.734707520095046,15.734707520095046,0.23030039541656136,0.16744061023928225,0.3977410056558436,0.06285978517727911
26.90016269683838,0.0,-15.646359766076039,15.646359766076039,0.1752993414574301,0.13237321586348116,0.30767255732091126,0.04292612559394893
26.920161485671997,0.0,-15.558103437860833,15.558103437860833,0.2162715966277754,0.14648084272630513,0.3627524393540805,0.06979075390147027
26.94016432762146,0.0,-15.487498375288668,15.487498375288668,0.17996298022801038,0.1554263683501631,0.3353893485781735,0.02453661187784728
26.9601788520813,0.0,-15.413436200230937,15.413436200230937,0.1625213833921587,0.0854263683501631,0.2479477517423218,0.07709501504199562
26.980167627334595,0.0,-15.33660833518475,15.33660833518475,0.19718270249897596,0.1554263683501631,0.35260907084913906,0.04175633414881286
27.000161170959473,0.0,-15.2399897931478,15.2399897931478,0.17498037465149519,0.1681013631168753,0.3430817377683705,0.006879011534619894
27.020172834396362,0.0,-15.127538709518241,15.127538709518241,0.2120686570578253,0.1094414780382067,0.321510135096032,0.1026271790196186
27.04015874862671,0.0,-15.127538709518241,15.127538709518241,0.26533888899022695,0.1794414780382067,0.44478036702843365,0.08589741095202025
27.06016969680786,0.0,-14.914530967614594,14.914530967614594,0.24530524447793123,0.2134184650424868,0.458723709520418,0.031886779435444434
27.080158233642578,0.0,-14.533187274091679,14.533187274091679,0.18335548848146555,0.17290983715094627,0.3562653256324118,0.010445651330519279
27.10015892982483,0.0,-14.052331069273343,14.052331069273343,0.25335548848146555,0.14365897507406772,0.39701446355553327,0.10969651340739783
27.12015652656555,0.0,-13.562177355418676,13.562177355418676,0.2939628887199795,0.21365897507406773,0.5076218637940473,0.08030391364591177
27.140162229537964,0.0,-13.11732000933494,13.11732000933494,0.2239628887199795,0.18109617904759945,0.40505906776757894,0.04286670967238004
27.160181283950806,0.0,-12.655965382467953,12.655965382467953,0.22180588207440433,0.17230171860195698,0.3941076006763613,0.04950416347244735
27.180167198181152,0.0,-12.14625668097436,12.14625668097436,0.2524438653071409,0.17666012338362636,0.42910398869076727,0.07578374192351456
27.200170040130615,0.0,-11.633020969779489,11.633020969779489,0.22186968698399123,0.11119047841988505,0.3330601654038763,0.11067920856410618
27.22016191482544,0.0,-11.152119900823593,11.152119900823593,0.24031296408968028,0.16089972770772876,0.40121269179740904,0.07941323638195152
27.240176916122437,0.0,-10.767399045658875,10.767399045658875,0.17031296408968027,0.09089972770772875,0.261212691797409,0.07941323638195152
27.26017117500305,0.0,-10.767399045658875,10.767399045658875,0.17376614125678297,0.09157234313199297,0.26533848438877594,0.08219379812479
27.280176401138306,0.0,-10.459622361527101,10.459622361527101,0.10376614125678296,0.021572343131992966,0.12533848438877593,0.08219379812479
27.300172567367554,0.0,-10.213401014221681,10.213401014221681,0.1304331904114222,0.06585473852464929,0.1962879289360715,0.06457845188677291
27.320167541503906,0.0,-10.016423936377345,10.016423936377345,0.14902297200867887,0.13342026161262766,0.2824432336213065,0.015602710396051211
27.34016728401184,0.0,-9.858842274101876,9.858842274101876,0.12963084111222978,0.08018499525496736,0.20981583636719714,0.049445845857262416
27.360167980194092,0.0,-9.7503550692815,9.7503550692815,0.14707907455274816,0.04693035694072023,0.1940094314934684,0.10014871761202793
27.38016986846924,0.0,-9.6811434304252,9.6811434304252,0.13874583019176479,0.02225786360213533,0.16100369379390012,0.11648796658962945
27.400179386138916,0.0,-9.643352244340159,9.643352244340159,0.1323092773393726,0.03308881918201223,0.16539809652138482,0.09922045815736036
27.420170783996582,0.0,-9.630697420472128,9.630697420472128,0.11777829544851535,0.028382841090206057,0.14616113653872143,0.0893954543583093
27.44017219543457,0.0,-9.638151686377702,9.638151686377702,0.04777829544851536,0.03496212890604511,0.08274042435456047,0.012816166542470253
27.460172176361084,0.0,-9.64411509910216,9.64411509910216,0.0,0.057267028896603726,0.057267028896603726,-0.057267028896603726
27.480159521102905,0.0,-9.666463954281731,9.666463954281731,0.0,0.03021802200237289,0.03021802200237289,-0.03021802200237289
27.500163555145264,0.0,-9.666463954281731,9.666463954281731,0.004364917520433664,0.0,0.004364917520433664,0.004364917520433664
27.520174264907837,0.0,-9.701921163425386,9.701921163425386,0.03294596867635846,0.0,0.03294596867635846,0.03294596867635846
27.540169954299927,0.0,-9.730286930740307,9.730286930740307,0.06356449844315648,0.0,0.06356449844315648,0.06356449844315648
27.560168981552124,0.0,-9.770557669592245,9.770557669592245,0.08432345697656274,0.0,0.08432345697656274,0.08432345697656274
27.580169916152954,0.0,-9.732461760673797,9.732461760673797,0.15394642809405923,0.07,0.22394642809405924,0.08394642809405922
27.60017204284668,0.0,-9.596516283539037,9.596516283539037,0.08394642809405922,0.027432296127080924,0.11137872422114015,0.0565141319669783
27.62016773223877,0.0,-9.32955677683123,9.32955677683123,0.09206192085519432,0.0,0.09206192085519432,0.09206192085519432
27.640174388885498,0.0,-8.975364171464987,8.975364171464987,0.05331248307600617,0.0,0.05331248307600617,0.05331248307600617
27.660172700881958,0.0,-8.60411946217199,8.60411946217199,0.032456775028258555,0.0,0.032456775028258555,0.032456775028258555
27.680177450180054,0.0,-8.271967444737593,8.271967444737593,0.009574196133762591,0.0239200908690691,0.03349428700283169,-0.014345894735306508
27.700161695480347,0.0,-8.006245830790075,8.006245830790075,0.009576066655477,0.06302132271230221,0.07259738936777921,-0.05344525605682521
27.720163345336914,0.0,-8.006245830790075,8.006245830790075,0.079576066655477,0.030711514875292775,0.11028758153076978,0.04886455178018423
27.740169763565063,0.0,-7.793668539632061,7.793668539632061,0.1231522364145121,0.02594383480027318,0.1490960712147853,0.09720840161423892
27.760162591934204,0.0,-7.62360670670565,7.62360670670565,0.10881360709424825,0.0958241862244904,0.20463779331873866,0.01298942086975785
27.780165195465088,0.0,-7.48755724036452,7.48755724036452,0.13118935279305788,0.025824186224490397,0.15701353901754828,0.10536516656856748
27.80016589164734,0.0,-7.378717667291616,7.378717667291616,0.1205587824409804,0.010549909267574542,0.13110869170855494,0.11000887317340585
27.820169687271118,0.0,-7.291646008833293,7.291646008833293,0.060226491612752404,0.052338904533535235,0.11256539614628763,0.007887587079217169
27.84016990661621,0.0,-7.221988682066635,7.221988682066635,0.06423743949960681,0.0,0.06423743949960681,0.06423743949960681
27.860166788101196,0.0,-7.1662628206533086,7.1662628206533086,0.06464684468335236,0.03277314826846123,0.09741999295181358,0.03187369641489113
27.88016176223755,0.0,-7.121682131522647,7.121682131522647,0.09998988073891724,0.002862757071852684,0.10285263781076992,0.09712712366706455
27.9001681804657,0.0,-7.086017580218118,7.086017580218118,0.09849480369700814,0.0,0.09849480369700814,0.09849480369700814
27.920166730880737,0.0,-7.057485939174494,7.057485939174494,0.05675696411742592,0.02126462012529373,0.07802158424271965,0.03549234399213219
27.940167665481567,0.0,-7.057485939174494,7.057485939174494,0.04153784846528197,0.0,0.04153784846528197,0.04153784846528197
27.960196256637573,0.0,-7.034660626339596,7.034660626339596,0.009044190101462846,0.03864823281764984,0.04769242291911269,-0.029604042716186996
27.98024034500122,0.0,-7.016400376071677,7.016400376071677,0.0,0.03857606364908861,0.03857606364908861,-0.03857606364908861
28.000234127044678,0.0,-7.001792175857341,7.001792175857341,0.006720125209540129,0.06598278595629381,0.07270291116583394,-0.05926266074675368
28.02021050453186,0.0,-6.990105615685873,6.990105615685873,0.010745745617896318,0.06092845084640431,0.07167419646430062,-0.05018270522850799
28.04025936126709,0.0,-6.9807563675486985,6.9807563675486985,0.04437451111152768,0.0,0.04437451111152768,0.04437451111152768
28.060238361358643,0.0,-6.9732769690389595,6.9732769690389595,0.04527525283629075,0.0,0.04527525283629075,0.04527525283629075
28.08024787902832,0.0,-6.967293450231168,6.967293450231168,0.0,0.0,0.0,0.0
28.100271463394165,0.0,-6.962506635184934,6.962506635184934,0.0,0.005340827628970146,0.005340827628970146,-0.005340827628970146
28.12025547027588,0.0,-6.958677183147948,6.958677183147948,0.0,0.0,0.0,0.0
28.140248775482178,0.0,-6.955613621518358,6.955613621518358,0.0,0.0,0.0,0.0
28.160221815109253,0.0,-6.955613621518358,6.955613621518358,0.0,0.01103323046118021,0.01103323046118021,-0.01103323046118021
28.18021869659424,0.0,-6.953162772214687,6.953162772214687,0.02383308857679367,0.0,0.02383308857679367,0.02383308857679367
28.200238466262817,0.0,-6.95120209277175,6.95120209277175,0.09383308857679368,0.03342602774500847,0.12725911632180215,0.06040706083178521
28.220250129699707,0.0,-6.9496335492174,6.9496335492174,0.09100050216540695,0.0623015109449625,0.15330201311036945,0.028698991220444448
28.240185022354126,0.0,-6.94837871437392,6.94837871437392,0.08151211233809591,0.0346895195543766,0.11620163189247251,0.04682259278371931
28.260226249694824,0.0,-6.9473748464991365,6.9473748464991365,0.02996719645336271,0.0,0.02996719645336271,0.02996719645336271
28.280208826065063,0.0,-6.94657175219931,6.94657175219931,0.012926336545497186,0.01269242912530899,0.025618765670806176,0.00023390742018819521
28.300187826156616,0.0,-6.945929276759448,6.945929276759448,0.0,0.0,0.0,0.0
28.320192575454712,0.0,-6.945415296407558,6.945415296407558,0.001922026858665049,0.006911155767738819,0.008833182626403868,-0.00498912890907377
28.340177536010742,0.0,-6.945004112126047,6.945004112126047,0.0,0.004782505100592971,0.004782505100592971,-0.004782505100592971
28.360180854797363,0.0,-6.945004112126047,6.945004112126047,0.01282033883035183,0.033715240424498916,0.046535579254850745,-0.020894901594147086
28.380193948745728,0.0,-6.944675164700837,6.944675164700837,0.0,0.007265118649229407,0.007265118649229407,-0.007265118649229407
28.40017557144165,0.0,-6.94441200676067,6.94441200676067,0.0,0.007265118649229407,0.007265118649229407,-0.007265118649229407
28.420172452926636,0.0,-6.944201480408537,6.944201480408537,0.04058458283543587,0.03204744472168386,0.07263202755711973,0.008537138113752007
28.440171480178833,0.0,-6.944033059326829,6.944033059326829,0.06832742132246494,0.04211769415996969,0.11044511548243463,0.026209727162495255
28.460198879241943,0.0,-6.943898322461464,6.943898322461464,0.06729839311446995,0.0675808300729841,0.13487922318745404,-0.00028243695851415396
28.480234622955322,0.0,-6.943790532969171,6.943790532969171,0.06729839311446995,0.0675808300729841,0.13487922318745404,-0.00028243695851415396
28.500340461730957,0.0,-6.9437043013753375,6.9437043013753375,0.014154753996990621,0.027168247615918517,0.04132300161290914,-0.013013493618927896
28.52024483680725,0.0,-6.94363531610027,6.94363531610027,0.05528221873100847,0.009444449213333428,0.0647266679443419,0.04583776951767504
28.540271520614624,0.0,-6.943580127880216,6.943580127880216,0.05528221873100847,0.009444449213333428,0.0647266679443419,0.04583776951767504
28.56026816368103,0.0,-6.9259578523041725,6.9259578523041725,0.06138142745476217,0.055654436466284096,0.11703586392104626,0.0057269909884780715
28.580261945724487,0.0,-6.9259578523041725,6.9259578523041725,0.03950868721585721,0.08282201935071498,0.12233070656657219,-0.043313332134857774
28.600257396697998,0.0,-6.9294381568433385,6.9294381568433385,0.0,0.13103496481198817,0.13103496481198817,-0.13103496481198817
28.620266914367676,0.0,-6.9322224004746715,6.9322224004746715,0.0,0.13103496481198817,0.13103496481198817,-0.13103496481198817
28.64028310775757,0.0,-6.934449795379737,6.934449795379737,0.0,0.06103496481198817,0.06103496481198817,-0.06103496481198817
28.66025447845459,0.0,-6.93623171130379,6.93623171130379,0.0,0.08822640631813555,0.08822640631813555,-0.08822640631813555
28.68025493621826,0.0,-6.920079119043032,6.920079119043032,0.0,0.10889068101067095,0.10889068101067095,-0.10889068101067095
28.700299978256226,0.0,-6.924735170234426,6.924735170234426,0.0,0.10889068101067095,0.10889068101067095,-0.10889068101067095
28.720251083374023,0.0,-6.910881886187541,6.910881886187541,0.0038749238010495905,0.11603928585071116,0.11991420965176075,-0.11216436204966157
28.74027943611145,0.0,-6.917377383950034,6.917377383950034,0.0738749238010496,0.046039285850711154,0.11991420965176075,0.027835637950338443
28.760244131088257,0.0,-6.904995657160027,6.904995657160027,0.0738749238010496,0.046039285850711154,0.11991420965176075,0.027835637950338443
28.780227184295654,0.0,-6.8950902757280215,6.8950902757280215,0.019959259247407324,0.04256725801620631,0.06252651726361363,-0.022607998768798987
28.800216674804688,0.0,-6.8950902757280215,6.8950902757280215,0.0,0.061654935837723295,0.061654935837723295,-0.061654935837723295
28.820209503173828,0.0,-6.887165970582417,6.887165970582417,0.0,0.061654935837723295,0.061654935837723295,-0.061654935837723295
28.840201377868652,0.0,-6.863248401465934,6.863248401465934,0.0,0.06774916990194468,0.06774916990194468,-0.06774916990194468
28.860213041305542,0.0,-6.844114346172748,6.844114346172748,0.0,0.06774916990194468,0.06774916990194468,-0.06774916990194468
28.880176067352295,0.0,-6.811228976938199,6.811228976938199,0.0,0.05380050629843025,0.05380050629843025,-0.05380050629843025
28.90017080307007,0.0,-6.78492068155056,6.78492068155056,0.0,0.0758635027008131,0.0758635027008131,-0.0758635027008131
28.920166730880737,0.0,-6.763874045240448,6.763874045240448,0.07,0.04495503731537609,0.1149550373153761,0.025044962684623917
28.94017481803894,0.0,-6.747036736192359,6.747036736192359,0.06297179048880935,0.005748990704305457,0.06872078119311481,0.0572227997845039
28.96017622947693,0.0,-6.733566888953888,6.733566888953888,0.0,0.0074835082190111155,0.0074835082190111155,-0.0074835082190111155
28.980165481567383,0.0,-6.722791011163111,6.722791011163111,0.03217117115855217,0.00016978826839475492,0.032340959426946925,0.032001382890157415
29.00020408630371,0.0,-6.714170308930489,6.714170308930489,0.03217117115855217,0.00016978826839475492,0.032340959426946925,0.032001382890157415
29.02019190788269,0.0,-6.707273747144392,6.707273747144392,0.0,0.06394909020978956,0.06394909020978956,-0.06394909020978956
29.040228128433228,0.0,-6.707273747144392,6.707273747144392,0.011631602421402931,0.10383723002392797,0.1154688324453309,-0.09220562760252504
29.06018877029419,0.0,-6.701756497715515,6.701756497715515,0.08163160242140294,0.08126355406362562,0.16289515648502856,0.0003680483577773175
29.08016276359558,0.0,-6.697342698172412,6.697342698172412,0.049827253147959716,0.09954078939277677,0.1493680425407365,-0.04971353624481706
29.100178480148315,0.0,-6.69381165853793,6.69381165853793,0.04036486305296422,0.029540789392776767,0.06990565244574098,0.01082407366018745
29.120203495025635,0.0,-6.690986826830345,6.690986826830345,0.04036486305296422,0.029540789392776767,0.06990565244574098,0.01082407366018745
29.140188217163086,0.0,-6.688726961464276,6.688726961464276,0.04448821994476021,0.0,0.04448821994476021,0.04448821994476021
29.160170793533325,0.0,-6.686919069171422,6.686919069171422,0.0,0.0,0.0,0.0
29.18016767501831,0.0,-6.6854727553371385,6.6854727553371385,0.0,0.04082884266972542,0.04082884266972542,-0.04082884266972542
29.20016098022461,0.0,-6.684315704269712,6.684315704269712,0.00916188396513462,0.07441837713122368,0.0835802610963583,-0.06525649316608906
29.220169067382812,0.0,-6.683390063415771,6.683390063415771,0.0,0.07538215926615521,0.07538215926615521,-0.07538215926615521
29.24021339416504,0.0,-6.682649550732617,6.682649550732617,0.038577426224946976,0.11154816410271451,0.15012559032766148,-0.07297073787776753
29.26024055480957,0.0,-6.682649550732617,6.682649550732617,0.011225029826164246,0.0415481641027145,0.05277319392887875,-0.030323134276550257
29.280247449874878,0.0,-6.682057140586094,6.682057140586094,0.011225029826164246,0.0415481641027145,0.05277319392887875,-0.030323134276550257
29.300238847732544,0.0,-6.681583212468876,6.681583212468876,0.0,0.03917888855328783,0.03917888855328783,-0.03917888855328783
29.320326566696167,0.0,-6.681204069975101,6.681204069975101,0.07,0.05101228249957784,0.12101228249957785,0.018987717500422163
29.340327262878418,0.0,-6.6809007559800815,6.6809007559800815,0.07,0.05101228249957784,0.12101228249957785,0.018987717500422163
29.36033344268799,0.0,-6.680658104784066,6.680658104784066,0.076637426558882,0.04293362913420423,0.11957105569308624,0.03370379742467777
29.38026738166809,0.0,-6.680463983827254,6.680463983827254,0.076637426558882,0.04293362913420423,0.11957105569308624,0.03370379742467777
29.400264739990234,0.0,-6.680308687061803,6.680308687061803,0.076637426558882,0.04293362913420423,0.11957105569308624,0.03370379742467777
29.420278787612915,0.0,-6.680184449649444,6.680184449649444,0.006637426558881998,0.0696620282321237,0.0762994547910057,-0.0630246016732417
29.440271854400635,0.0,-6.680085059719556,6.680085059719556,0.02072645863518119,0.09199633380165323,0.11272279243683442,-0.07126987516647204
29.460278034210205,0.0,-6.680005547775645,6.680005547775645,0.02072645863518119,0.09199633380165323,0.11272279243683442,-0.07126987516647204
29.480276584625244,0.0,-6.680005547775645,6.680005547775645,0.012496191542595625,0.057439427131321275,0.0699356186739169,-0.04494323558872565
29.500271320343018,0.0,-6.679941938220517,6.679941938220517,0.012496191542595625,0.057439427131321275,0.0699356186739169,-0.04494323558872565
29.520277500152588,0.0,-6.679891050576415,6.679891050576415,0.012730114918667823,0.10207234626403078,0.1148024611826986,-0.08934223134536295
29.540269374847412,0.0,-6.679850340461132,6.679850340461132,0.012730114918667823,0.10207234626403078,0.1148024611826986,-0.08934223134536295
29.560282230377197,0.0,-6.6798177723689065,6.6798177723689065,0.012730114918667823,0.10207234626403078,0.1148024611826986,-0.08934223134536295
29.580278396606445,0.0,-6.679791717895125,6.679791717895125,0.0,0.04723132705083116,0.04723132705083116,-0.04723132705083116
29.600289583206177,0.0,-6.679770874316101,6.679770874316101,0.0,0.04723132705083116,0.04723132705083116,-0.04723132705083116
29.62028694152832,0.0,-6.679754199452882,6.679754199452882,0.025112571194767952,0.05170160835376009,0.07681417954852804,-0.026589037158992135
29.64027237892151,0.0,-6.6797408595623065,6.6797408595623065,0.0,0.032354292699601495,0.032354292699601495,-0.032354292699601495
29.660279035568237,0.0,-6.679730187649846,6.679730187649846,0.0,0.032354292699601495,0.032354292699601495,-0.032354292699601495
29.680287837982178,0.0,-6.679730187649846,6.679730187649846,0.0,0.032354292699601495,0.032354292699601495,-0.032354292699601495
29.70026135444641,0.0,-6.679721650119878,6.679721650119878,0.0,0.04294123524567112,0.04294123524567112,-0.04294123524567112
29.720264434814453,0.0,-6.679714820095903,6.679714820095903,0.0,0.04294123524567112,0.04294123524567112,-0.04294123524567112
29.74026918411255,0.0,-6.679709356076724,6.679709356076724,0.0,0.04294123524567112,0.04294123524567112,-0.04294123524567112
29.760281562805176,0.0,-6.679704984861379,6.679704984861379,0.0,0.05419522827258333,0.05419522827258333,-0.05419522827258333
29.78036093711853,0.0,-6.679701487889104,6.679701487889104,0.0,0.05419522827258333,0.05419522827258333,-0.05419522827258333
29.800257205963135,0.0,-6.679698690311284,6.679698690311284,0.0,0.05419522827258333,0.05419522827258333,-0.05419522827258333
29.82024121284485,0.0,-6.679696452249028,6.679696452249028,0.0,0.01366645401110872,0.01366645401110872,-0.01366645401110872
29.840257167816162,0.0,-6.679694661799223,6.679694661799223,0.007365533150732518,0.0,0.007365533150732518,0.007365533150732518
29.86028218269348,0.0,-6.679693229439379,6.679693229439379,0.01040128874592483,0.0,0.01040128874592483,0.01040128874592483
29.880246877670288,0.0,-6.679692083551504,6.679692083551504,0.04543279740028083,0.0,0.04543279740028083,0.04543279740028083
29.900211095809937,0.0,-6.679692083551504,6.679692083551504,0.06878447602503002,0.0,0.06878447602503002,0.06878447602503002
29.920222520828247,0.0,-6.679691166841204,6.679691166841204,0.06878447602503002,0.0,0.06878447602503002,0.06878447602503002
29.940199375152588,0.0,-6.679690433472964,6.679690433472964,0.04081037710420787,0.003549939254298806,0.04436031635850668,0.03726043784990907
29.960248708724976,0.0,-6.679689846778372,6.679689846778372,0.04081037710420787,0.003549939254298806,0.04436031635850668,0.03726043784990907
29.980241775512695,0.0,-6.679689377422698,6.679689377422698,0.04329130705446005,0.0,0.04329130705446005,0.04329130705446005
30.0002658367157,0.0,-6.67968900193816,6.67968900193816,0.04329130705446005,0.0,0.04329130705446005,0.04329130705446005
30.02027678489685,0.0,-6.679688701550528,6.679688701550528,0.015013978816568851,0.04632677882909775,0.0613407576456666,-0.031312800012528896
30.04024910926819,0.0,-6.679688461240423,6.679688461240423,0.015013978816568851,0.04632677882909775,0.0613407576456666,-0.031312800012528896
30.060258626937866,0.0,-6.67968826899234,6.67968826899234,0.04301835875958204,0.09087865427136421,0.13389701303094625,-0.04786029551178217
30.0802743434906,0.0,-6.679688115193873,6.679688115193873,0.06968236435204744,0.09051392387482338,0.16019628822687082,-0.020831559522775933
30.100269317626953,0.0,-6.679687992155099,6.679687992155099,0.008958195336163044,0.1476640866312664,0.15662228196742944,-0.13870589129510336
30.120261192321777,0.0,-6.679687992155099,6.679687992155099,0.029466007836163044,0.10868409436079673,0.13815010219695978,-0.07921808652463369
30.140220642089844,0.0,-6.67968789372408,6.67968789372408,0.0,0.08657340679201297,0.08657340679201297,-0.08657340679201297
30.16023325920105,0.0,-6.679687814979265,6.679687814979265,0.0,0.07478164110216312,0.07478164110216312,-0.07478164110216312
30.18021011352539,0.0,-6.679687751983413,6.679687751983413,0.0,0.07478164110216312,0.07478164110216312,-0.07478164110216312
30.2002170085907,0.0,-6.679687701586731,6.679687701586731,0.0028356779366731644,0.07344517155434005,0.07628084949101321,-0.07060949361766689
30.220208644866943,0.0,-6.679687661269385,6.679687661269385,0.007679951377213,0.08542810982908122,0.09310806120629422,-0.07774815845186822
30.240223169326782,0.0,-6.679687629015509,6.679687629015509,0.007606175626278856,0.015428109829081217,0.023034285455360074,-0.00782193420280236
30.260279178619385,0.0,-6.6796876032124075,6.6796876032124075,0.07760617562627886,0.03698484486783854,0.1145910204941174,0.04062133075844032
30.280194997787476,0.0,-6.679687582569927,6.679687582569927,0.05313621514535044,0.03188392407144419,0.08502013921679463,0.02125229107390625
30.300182342529297,0.0,-6.679687566055943,6.679687566055943,0.07760890812671278,0.052915950109018006,0.1305248582357308,0.024692958017694777
30.320191860198975,0.0,-6.679687552844755,6.679687552844755,0.078410365859163,0.11000948100234381,0.1884198468615068,-0.03159911514318081
30.34020757675171,0.0,-6.679687552844755,6.679687552844755,0.1251785692368867,0.09727539661224,0.2224539658491267,0.0279031726246467
30.360219955444336,0.0,-6.679687542275804,6.679687542275804,0.1854904790018918,0.09569481240003369,0.2811852914019255,0.08979566660185812
30.38023042678833,0.0,-6.679687533820644,6.679687533820644,0.1334410433267476,0.10291490882053039,0.236355952147278,0.030526134506217217
30.400254487991333,0.0,-6.679687527056516,6.679687527056516,0.0634410433267476,0.16186023309244774,0.22530127641919534,-0.09841918976570013
30.420230388641357,0.0,-6.679687521645214,6.679687521645214,0.05119242759246845,0.10024576812400482,0.15143819571647327,-0.04905334053153637
30.440231323242188,0.0,-6.679687517316172,6.679687517316172,0.07582285309035797,0.11788256458356045,0.1937054176739184,-0.04205971149320248
30.46022391319275,0.0,-6.679687513852938,6.679687513852938,0.06852402359072585,0.11447460289462469,0.18299862648535054,-0.04595057930389884
30.480202198028564,0.0,-6.679687511082351,6.679687511082351,0.08194910090242047,0.1591951743827667,0.24114427528518717,-0.07724607348034623
30.500192403793335,0.0,-6.679687508865881,6.679687508865881,0.05030837382946629,0.1637484025338199,0.21405677636328618,-0.1134400287043536
30.52019190788269,0.0,-6.679687507092706,6.679687507092706,0.1203083738294663,0.10304994919686578,0.22335832302633207,0.017258424632600522
30.540224313735962,0.0,-6.662109380674165,6.662109380674165,0.07628549333487172,0.12078814992099068,0.1970736432558624,-0.04450265658611896
30.560222387313843,0.0,-6.662109380674165,6.662109380674165,0.07058683248062153,0.10809453615336678,0.1786813686339883,-0.03750770367274525
30.58019995689392,0.0,-6.648046879539334,6.648046879539334,0.04770240584213753,0.1637241434433963,0.21142654928553384,-0.11602173760125878
30.60022234916687,0.0,-6.548906253631467,6.548906253631467,0.11770240584213754,0.1400805343070533,0.25778294014919084,-0.02237812846491577
30.6202290058136,0.0,-6.2235000029051735,6.2235000029051735,0.15948914730746766,0.15015167874633334,0.309640826053801,0.009337468561134321
30.64019799232483,0.0,-5.558878127324139,5.558878127324139,0.1851500961353304,0.15946261809556744,0.34461271423089784,0.025687478039762957
30.660189867019653,0.0,-4.552571251859311,4.552571251859311,0.2551500961353304,0.15825492775882594,0.41340502389415634,0.09689516837650447
30.680185079574585,0.0,-3.343228876487449,3.343228876487449,0.24317473044444343,0.1288074914261233,0.37198222187056673,0.11436723901832013
30.700182914733887,0.0,-2.0769268511899592,2.0769268511899592,0.1819790663366439,0.18780165797914378,0.3697807243157877,-0.005822591642499875
30.720174312591553,0.0,-0.9056821059519675,0.9056821059519675,0.1776435888541164,0.21203868909622542,0.3896822779503418,-0.03439510024210901
30.740182399749756,0.0,0.03131369023842598,-0.03131369023842598,0.21602712116960904,0.1420386890962254,0.35806581026583445,0.07398843207338363
30.760181427001953,0.0,0.7984884521907409,-0.7984884521907409,0.2240683204663219,0.12554436839069238,0.3496126888570143,0.09852395207562953
30.78018283843994,0.0,0.7984884521907409,-0.7984884521907409,0.28614167041901967,0.1744615837081801,0.46060325412719977,0.11168008671083957
30.8001766204834,0.0,1.412228261752593,-1.412228261752593,0.26184090703551194,0.161503275957657,0.42334418299316895,0.10033763107785493
30.820173025131226,0.0,1.8680638594020746,-1.8680638594020746,0.19184090703551193,0.11186782839591614,0.30370873543142807,0.0799730786395958
30.840176343917847,0.0,2.16241983752166,-2.16241983752166,0.14999624475662132,0.06742306250031105,0.21741930725693237,0.08257318225631027
30.860185384750366,0.0,2.2572796200173277,-2.2572796200173277,0.11056097730819603,0.07459320277790538,0.1851541800861014,0.03596777453029065
30.880188941955566,0.0,2.0870736960138623,-2.0870736960138623,0.10419897589657923,0.05838952735881319,0.16258850325539242,0.045809448537766036
30.900222301483154,0.0,1.70481520681109,-1.70481520681109,0.09167749568645378,0.023640403159661205,0.11531789884611499,0.06803709252679258
30.92026948928833,0.0,1.2408052904488722,-1.2408052904488722,0.04758519440714737,0.0,0.04758519440714737,0.04758519440714737
30.940197706222534,0.0,0.8344411073590977,-0.8344411073590977,0.11758519440714738,0.044420309364795685,0.16200550377194306,0.07316488504235169
30.960206270217896,0.0,0.4741935108872782,-0.4741935108872782,0.0802318538707914,0.019323142245411873,0.09955499611620328,0.06090871162537953
30.980183839797974,0.0,0.09810480870982259,-0.09810480870982259,0.06480964377347848,0.061083635315299034,0.1258932790887775,0.0037260084581794417
31.000182151794434,0.0,-0.3433911530321419,0.3433911530321419,0.11165699839417359,0.03259315527975559,0.14425015367392918,0.079063843114418
31.020177125930786,0.0,-0.3433911530321419,0.3433911530321419,0.08509000494901559,0.08351445756852627,0.16860446251754185,0.0015755473804893172
31.04021716117859,0.0,-0.8196347974257135,0.8196347974257135,0.07184260722075125,0.06332441978156567,0.13516702700231692,0.008518187439185587
31.06028723716736,0.0,-1.288520337940571,1.288520337940571,0.14184260722075126,0.10881396569311619,0.25065657291386745,0.03302864152763507
31.08018660545349,0.0,-1.6812068953524568,1.6812068953524568,0.14464780064125082,0.09149380959570408,0.2361416102369549,0.053153991045546745
31.100175142288208,0.0,-1.9953561412819658,1.9953561412819658,0.13643207335670016,0.0867098718881607,0.22314194524486086,0.04972220146853945
31.12018322944641,0.0,-2.264253663025573,2.264253663025573,0.20012187147338412,0.09551933780312538,0.2956412092765095,0.10460253367025873
31.140175342559814,0.0,-2.4617935554204586,2.4617935554204586,0.1753830679674866,0.09439794137142599,0.2697810093389126,0.08098512659606061
31.1601984500885,0.0,-2.619825469336367,2.619825469336367,0.15185526134271643,0.0959926899522543,0.24784795129497073,0.055862571390462135
31.180174112319946,0.0,-2.7462510004690937,2.7462510004690937,0.1545483593811514,0.09515512967482209,0.2497034890559735,0.05939322970632932
31.20017409324646,0.0,-2.8473914253752755,2.8473914253752755,0.14928082125086806,0.07617411622777581,0.22545493747864387,0.07310670502309224
31.220168352127075,0.0,-2.9283037653002206,2.9283037653002206,0.19309518979687712,0.14617411622777582,0.33926930602465294,0.0469210735691013
31.24019169807434,0.0,-2.9283037653002206,2.9283037653002206,0.19242701212468094,0.13433227425441147,0.3267592863790924,0.058094737870269475
31.260202407836914,0.0,-2.993033637240177,2.993033637240177,0.19592554982344157,0.15284133626148105,0.3487668860849226,0.043084213561960516
31.280176877975464,0.0,-3.044817534792142,3.044817534792142,0.1920717870682711,0.11347198037430646,0.30554376744257755,0.07859980669396464
31.30016255378723,0.0,-3.0862446528337135,3.0862446528337135,0.2144205858797068,0.14435177778825165,0.35877236366795845,0.07006880809145516
31.320167779922485,0.0,-3.1193863472669716,3.1193863472669716,0.18455300013127274,0.17373842669650913,0.35829142682778187,0.010814573434763608
31.340169668197632,0.0,-3.1283215778135776,3.1283215778135776,0.1735941311210627,0.13843189848586918,0.3120260296069319,0.035162232635193524
31.3601815700531,0.0,-3.135469762250862,3.135469762250862,0.20578471476736016,0.14451806450262666,0.3503027792699868,0.06126665026473349
31.380179166793823,0.0,-3.14118830980069,3.14118830980069,0.24778581316175408,0.17319694550707937,0.42098275866883345,0.0745888676546747
31.400171995162964,0.0,-3.1633412728405523,3.1633412728405523,0.21938230934145397,0.2204339841194451,0.43981629346089907,-0.0010516747779911184
31.420172452926636,0.0,-3.181063643272442,3.181063643272442,0.1667435178399319,0.28582749160006643,0.45257100943999834,-0.11908397376013452
31.440181016921997,0.0,-3.181063643272442,3.181063643272442,0.2254239553451771,0.2927267697453499,0.518150725090527,-0.0673028144001728
31.460198163986206,0.0,-3.177663414617954,3.177663414617954,0.23515517542662567,0.2718651869148016,0.5070203623414273,-0.03671001148817593
31.480177879333496,0.0,-3.174943231694363,3.174943231694363,0.2653719680249924,0.22501024760305882,0.49038221562805123,0.04036172042193359
31.50016713142395,0.0,-3.172767085355491,3.172767085355491,0.2923968536645407,0.2760923893004656,0.5684892429650064,0.016304464364075122
31.520169019699097,0.0,-3.153448043284393,3.153448043284393,0.3480639187485213,0.30622609302401543,0.6542900117725368,0.04183782572450584
31.540170907974243,0.0,-3.1204146846275145,3.1204146846275145,0.3390437941864366,0.2979754113405943,0.637019205527031,0.0410683828458423
31.560197353363037,0.0,-3.0060973727020124,3.0060973727020124,0.31687485984119124,0.24284238152205942,0.5597172413632506,0.07403247831913182
31.580177783966064,0.0,-2.72128414816161,2.72128414816161,0.36566149255784697,0.21051556400954724,0.5761770565673943,0.15514592854829973
31.600175857543945,0.0,-2.300074193529288,2.300074193529288,0.2984898369625444,0.14051556400954723,0.4390054009720916,0.15797427295299715
31.620176315307617,0.0,-1.9279499798234305,1.9279499798234305,0.2990305452124449,0.17261487804353237,0.47164542325597725,0.1264156671689125
31.6402108669281,0.0,-1.6302506088587445,1.6302506088587445,0.22903054521244487,0.2254506926983595,0.45448123791080436,0.00357985251408538
31.660194635391235,0.0,-1.6302506088587445,1.6302506088587445,0.251445089809713,0.17431343905627728,0.42575852886599025,0.0771316507534357
31.680175065994263,0.0,-1.3920911120869957,1.3920911120869957,0.2132372459099861,0.18948143161833286,0.40271867752831897,0.023755814291653243
31.700180768966675,0.0,-1.2015635146695964,1.2015635146695964,0.2534760957286926,0.16794848814606667,0.4214245838747593,0.08552760758262595
31.72018599510193,0.0,-1.0667195617356773,1.0667195617356773,0.29636892431240996,0.16096266265958548,0.45733158697199544,0.1354062616528245
31.740174293518066,0.0,-0.9588443993885418,0.9588443993885418,0.2552732763515087,0.1999662658199668,0.4552395421714755,0.05530701053154191
31.760192155838013,0.0,-0.9077005195108336,0.9077005195108336,0.22717017621558624,0.23387011419981715,0.4610402904154034,-0.006699937984230908
31.780250549316406,0.0,-0.9898322906086671,0.9898322906086671,0.15717017621558627,0.16387011419981717,0.32104029041540344,-0.006699937984230908
31.800211429595947,0.0,-1.1610064574869339,1.1610064574869339,0.1908992749528261,0.2013199770078063,0.3922192519606324,-0.010420702054980191
31.82021713256836,0.0,-1.3682582909895473,1.3682582909895473,0.16218581394117793,0.1874812490493059,0.34966706299048383,-0.025295435108127984
31.840219259262085,0.0,-1.5516378827916382,1.5516378827916382,0.20203835115593394,0.18035952404141425,0.3823978751973482,0.021678827114519683
31.86022686958313,0.0,-1.6983415562333106,1.6983415562333106,0.22785768628877126,0.1265675577521324,0.3544252440409037,0.10129012853663885
31.880249500274658,0.0,-1.6983415562333106,1.6983415562333106,0.2332216451765271,0.19656755775213242,0.4297892029286595,0.03665408742439469
31.90023684501648,0.0,-1.8157044949866485,1.8157044949866485,0.20617087063204964,0.21389465034008026,0.4200655209721299,-0.00772377970803062
31.92021608352661,0.0,-1.909594845989319,1.909594845989319,0.22759520140301903,0.17754462733864784,0.4051398287416669,0.05005057406437119
31.940226078033447,0.0,-2.0022852517914553,2.0022852517914553,0.2272377853229409,0.17089416785165668,0.3981319531745976,0.05634361747128422
31.960237979888916,0.0,-2.0588594514331646,2.0588594514331646,0.1871479284897214,0.24089416785165668,0.4280420963413781,-0.05374623936193529
31.98026204109192,0.0,-2.121696936146532,2.121696936146532,0.2571479284897214,0.25917919462546707,0.5163271231151885,-0.0020312661357456685
32.00024104118347,0.0,-2.1719669239172257,2.1719669239172257,0.30413055585173426,0.3291791946254671,0.6333097504772014,-0.025048638773732812
32.020212173461914,0.0,-2.2121829141337805,2.2121829141337805,0.29338676927087365,0.34338624296709896,0.6367730122379727,-0.049999473696225316
32.04023599624634,0.0,-2.2443557063070245,2.2443557063070245,0.3319250538706547,0.27338624296709896,0.6053112968377536,0.05853881090355573
32.06025171279907,0.0,-2.2700939400456193,2.2700939400456193,0.27169437033531724,0.2831168222986162,0.5548111926339334,-0.01142245196329894
32.080193758010864,0.0,-2.273106402036496,2.273106402036496,0.26512901370821057,0.21311682229861617,0.47824583600682674,0.0520121914095944
32.10019850730896,0.0,-2.273106402036496,2.273106402036496,0.2617214760038769,0.14311682229861616,0.40483829830249307,0.11860465370526074
32.120200395584106,0.0,-2.240360121629197,2.240360121629197,0.30400269760226367,0.2091436887346208,0.5131463863368845,0.09485900886764287
32.140196323394775,0.0,-2.0911162223033575,2.0911162223033575,0.3527028290781891,0.22009898426011204,0.5728018133383012,0.13260384481807708
32.16021990776062,0.0,-1.8310961028426862,1.8310961028426862,0.34140151741390584,0.2709360279329121,0.612337545346818,0.07046548948099374
32.1803834438324,0.0,-1.570345632274149,1.570345632274149,0.34255344900244383,0.28278054466471075,0.6253339936671546,0.05977290433773308
32.200236558914185,0.0,-1.3793233808193193,1.3793233808193193,0.34470622371823995,0.29492403084412216,0.6396302545623621,0.04978219287411778
32.2202467918396,0.0,-1.2265055796554554,1.2265055796554554,0.3468870903825155,0.3223688759095967,0.6692559662921121,0.024518214472918798
32.24023628234863,0.0,-1.1042513387243644,1.1042513387243644,0.40422677728289275,0.28511792125180363,0.6893446985346964,0.11910885603108912
32.26025390625,0.0,-1.0064479459794917,1.0064479459794917,0.34645680445188193,0.24421478884294628,0.5906715932948282,0.10224201560893564
32.28024959564209,0.0,-0.9282052317835933,0.9282052317835933,0.32698048758262305,0.2775709897466004,0.6045514773292234,0.049409497836022664
32.30023813247681,0.0,-0.8656110604268746,0.8656110604268746,0.26785097378247885,0.32993191929534077,0.5977828930778196,-0.06208094551286192
32.3202223777771,0.0,-0.8656110604268746,0.8656110604268746,0.2604388284025481,0.25993191929534076,0.5203707476978889,0.0005069091072073539
32.340200662612915,0.0,-0.8331138483414998,0.8331138483414998,0.2415532717941096,0.22169942887499927,0.46325270066910884,0.019853842919110326
32.36022210121155,0.0,-0.8422723286731999,0.8422723286731999,0.17552478113153486,0.23262040330097078,0.40814518443250564,-0.05709562216943592
32.38021969795227,0.0,-0.8847553629385599,0.8847553629385599,0.24552478113153486,0.29534400267526506,0.5408687838067999,-0.0498192215437302
32.4002161026001,0.0,-0.936319915350848,0.936319915350848,0.29904421635845213,0.2700969671271741,0.5691411834856263,0.028947249231278005
32.42022943496704,0.0,-0.9775715572806785,0.9775715572806785,0.3191294133005431,0.29020407250151037,0.6093334858020535,0.02892534079903275
32.440276861190796,0.0,-1.010572870824543,1.010572870824543,0.31562156470434277,0.3174116035364568,0.6330331682407996,-0.0017900388321140381
32.460235834121704,0.0,-1.0369739216596345,1.0369739216596345,0.281760024446412,0.2474116035364568,0.5291716279828689,0.03434842090995521
32.480260610580444,0.0,-1.0405166373277077,1.0405166373277077,0.32335931675450413,0.23554875465109942,0.5589080714056036,0.08781056210340471
32.50025248527527,0.0,-1.0433508098621662,1.0433508098621662,0.30195616984681695,0.24969905564561487,0.5516552254924318,0.052257114201202076
32.5202260017395,0.0,-1.045618147889733,1.045618147889733,0.3280377821804723,0.25272183419205246,0.5807596163725248,0.07531594798841984
32.540226459503174,0.0,-1.045618147889733,1.045618147889733,0.3201121749164304,0.20379694477654992,0.5239091196929804,0.11631523013988049
32.56023907661438,0.0,-1.0474320183117865,1.0474320183117865,0.3158225208328804,0.18320018352009354,0.49902270435297397,0.1326223373127869
32.58021855354309,0.0,-1.0488831146494293,1.0488831146494293,0.2997201695846161,0.17764442759566007,0.4773645971802762,0.12207574198895604
32.600199937820435,0.0,-1.0500439917195432,1.0500439917195432,0.2851294172735652,0.15553070391528306,0.4406601211888483,0.12959871335828216
32.62019491195679,0.0,-1.0509726933756347,1.0509726933756347,0.2908284641610226,0.14022437735460697,0.43105284151562956,0.15060408680641563
32.64020919799805,0.0,-1.0517156547005078,1.0517156547005078,0.28963486322143583,0.21022437735460697,0.4998592405760428,0.07941048586682886
32.66025948524475,0.0,-1.0698881487604064,1.0698881487604064,0.25571409457304983,0.1894070882257074,0.44512118279875723,0.06630700634734243
32.68026041984558,0.0,-1.0844261440083252,1.0844261440083252,0.25571409457304983,0.1894070882257074,0.44512118279875723,0.06630700634734243
32.700228214263916,0.0,-1.0960565402066602,1.0960565402066602,0.320052540236502,0.22182729876600205,0.541879839002504,0.09822524147049994
32.72020244598389,0.0,-1.1580952321653282,1.1580952321653282,0.31793642610253303,0.22770880525000395,0.545645231352537,0.09022762085252908
32.740192890167236,0.0,-1.2956168107322628,1.2956168107322628,0.2760525514179608,0.25612572942860423,0.532178280846565,0.01992682198935658
32.76021146774292,0.0,-1.2956168107322628,1.2956168107322628,0.29065926939190834,0.2726605608034879,0.5633198301953962,0.017998708588420453
32.780264377593994,0.0,-1.5111028235858102,1.5111028235858102,0.24712383568228694,0.25380485122092067,0.5009286869032076,-0.006681015538633733
32.80022597312927,0.0,-1.7010697588686483,1.7010697588686483,0.2984432187670609,0.18689731125719844,0.48534053002425936,0.11154590750986249
32.82020902633667,0.0,-1.8530433070949188,1.8530433070949188,0.2984432187670609,0.18689731125719844,0.48534053002425936,0.11154590750986249
32.840211153030396,0.0,-1.9746221456759352,1.9746221456759352,0.19448984980524986,0.12829681755043565,0.3227866673556855,0.06619303225481421
32.86021637916565,0.0,-2.0543070915407484,2.0543070915407484,0.12448984980524985,0.07919118077494203,0.20368103058019188,0.045298669030307825
32.88022017478943,0.0,-2.118055048232599,2.118055048232599,0.09701953120471446,0.08606593300588428,0.18308546421059874,0.010953598198830183
32.90021061897278,0.0,-2.169053413586079,2.169053413586079,0.10140383792982904,0.09874960490502416,0.2001534428348532,0.002654233024804886
32.92019724845886,0.0,-2.209852105868863,2.209852105868863,0.08364257765875666,0.13546367445029317,0.21910625210904983,-0.051821096791536514
32.9402015209198,0.0,-2.242491059695091,2.242491059695091,0.11366533292399257,0.14660049312748014,0.2602658260514727,-0.032935160203487565
32.96022367477417,0.0,-2.2861803477560727,2.2861803477560727,0.117745176795288,0.09896861844696103,0.21671379524224904,0.018776558348326963
32.980226039886475,0.0,-2.2861803477560727,2.2861803477560727,0.117745176795288,0.09896861844696103,0.21671379524224904,0.018776558348326963
33.0002236366272,0.0,-2.321131778204858,2.321131778204858,0.14559521982388107,0.04835097947157918,0.19394619929546025,0.09724424035230189
33.02020835876465,0.0,-2.366671047563887,2.366671047563887,0.11236931839899628,0.0,0.11236931839899628,0.11236931839899628
33.042641162872314,0.0,-2.4031024630511095,2.4031024630511095,0.13221464948670475,0.0,0.13221464948670475,0.13221464948670475
33.06022572517395,0.0,-2.449825720440888,2.449825720440888,0.13221464948670475,0.0,0.13221464948670475,0.13221464948670475
33.0802321434021,0.0,-2.487204326352711,2.487204326352711,0.10231048138753979,0.07,0.1723104813875398,0.03231048138753978
33.10022211074829,0.0,-2.517107211082169,2.517107211082169,0.06673329221026508,0.10312608227133752,0.1698593744816026,-0.03639279006107243
33.120240926742554,0.0,-2.5586076438657352,2.5586076438657352,0.06673329221026508,0.10312608227133752,0.1698593744816026,-0.03639279006107243
33.14023184776306,0.0,-2.609386115092588,2.609386115092588,0.073395743406727,0.09137351967394353,0.16476926308067052,-0.017977776267216528
33.160255432128906,0.0,-2.6500088920740708,2.6500088920740708,0.16951090786547868,0.14214347692206503,0.3116543847875437,0.02736743094341365
33.1802179813385,0.0,-2.7000852386592564,2.7000852386592564,0.11693131867737977,0.12515974434092642,0.24209106301830619,-0.008228425663546646
33.20021939277649,0.0,-2.7000852386592564,2.7000852386592564,0.07199065331311433,0.13980773387476803,0.21179838718788235,-0.0678170805616537
33.220210790634155,0.0,-2.7401463159274058,2.7401463159274058,0.12151176426501481,0.11456445155665278,0.2360762158216676,0.006947312708362033
33.24022841453552,0.0,-2.772195177741925,2.772195177741925,0.1297519881272456,0.14526026805862785,0.27501225618587344,-0.015508279931382263
33.260252475738525,0.0,-2.79783426719354,2.79783426719354,0.1624706987285754,0.1148783147148788,0.2773490134434542,0.04759238401369659
33.280232191085815,0.0,-2.818345538754832,2.818345538754832,0.23247069872857537,0.15007227955386043,0.3825429782824358,0.08239841917471494
33.30022931098938,0.0,-2.817176431003866,2.817176431003866,0.1753943451488158,0.08007227955386043,0.2554666247026762,0.09532206559495537
33.32022166252136,0.0,-2.816241144803093,2.816241144803093,0.16501737486512869,0.08485467126592994,0.24987204613105862,0.08016270359919875
33.34022831916809,0.0,-2.7803366658424746,2.7803366658424746,0.16501737486512869,0.08485467126592994,0.24987204613105862,0.08016270359919875
33.360239028930664,0.0,-2.6813005826739804,2.6813005826739804,0.19488220576138704,0.038343486841768026,0.23322569260315507,0.156538718919619
33.38022065162659,0.0,-2.461446716139184,2.461446716139184,0.19676981163618623,0.06158582074567675,0.258355632381863,0.13518399089050948
33.40024375915527,0.0,-2.232829247911347,2.232829247911347,0.19676981163618623,0.06158582074567675,0.258355632381863,0.13518399089050948
33.42023468017578,0.0,-2.232829247911347,2.232829247911347,0.1834923442959553,0.13158582074567676,0.31507816504163205,0.05190652355027853
33.44022035598755,0.0,-2.049935273329078,2.049935273329078,0.14715403733251153,0.1538411315344274,0.30099516886693894,-0.0066870942019158774
33.46022319793701,0.0,-1.8860419686632623,1.8860419686632623,0.21715403733251154,0.22308924159035087,0.4402432789228624,-0.005935204257839333
33.48023962974548,0.0,-1.7549273249306099,1.7549273249306099,0.2710835376143223,0.1748495969735086,0.4459331345878309,0.0962339406408137
33.50024151802063,0.0,-1.720348109944488,1.720348109944488,0.28837043431994974,0.21450109889730812,0.5028715332172579,0.07386933542264162
33.520246505737305,0.0,-1.8157316129555907,1.8157316129555907,0.27583921899495184,0.2212896101921797,0.4971288291871315,0.054549608802772154
33.54024863243103,0.0,-1.9975071653644725,1.9975071653644725,0.2540787571429974,0.2807342500239611,0.5348130071669585,-0.026655492880963694
33.5602605342865,0.0,-2.195661982291578,2.195661982291578,0.19022168604133188,0.28639632526785136,0.47661801130918324,-0.09617463922651948
33.580223083496094,0.0,-2.354185835833263,2.354185835833263,0.2602216860413319,0.25184975627809764,0.5120714423194295,0.008371929763234254
33.60020589828491,0.0,-2.4634267936666103,2.4634267936666103,0.22389010695216716,0.2588182507827878,0.48270835773495496,-0.03492814383062065
33.62019872665405,0.0,-2.5332414349332883,2.5332414349332883,0.20098964293894828,0.29900907043367625,0.4999987133726245,-0.09801942749472797
33.64023399353027,0.0,-2.5332414349332883,2.5332414349332883,0.22708134522137705,0.22900907043367624,0.45609041565505326,-0.0019277252122991972
33.66025137901306,0.0,-2.5890931479466306,2.5890931479466306,0.22856086708081425,0.20012947265058756,0.4286903397314018,0.028431394430226686
33.68024730682373,0.0,-2.6161963933573045,2.6161963933573045,0.23274770641175568,0.1725377282127738,0.4052854346245295,0.060209978198981884
33.70022988319397,0.0,-2.6203008646858437,2.6203008646858437,0.1903810043021804,0.21298747044056654,0.40336847474274695,-0.022606466138386128
33.72022819519043,0.0,-2.588428191748675,2.588428191748675,0.23280115687695802,0.16569180693477392,0.39849296381173194,0.0671093499421841
33.740217447280884,0.0,-2.49261755339894,2.49261755339894,0.22431220935133755,0.16575768028269522,0.3900698896340328,0.058554529068642336
33.76021480560303,0.0,-2.398390917719152,2.398390917719152,0.2491545573010808,0.22460235466132872,0.47375691196240954,0.02455220263975208
33.780219316482544,0.0,-2.3230096091753216,2.3230096091753216,0.2613794569059974,0.18598083217511885,0.44736028908111625,0.07539862473087855
33.80021834373474,0.0,-2.2275483123402573,2.2275483123402573,0.27081044373509944,0.21536213156650774,0.4861725753016072,0.055448312168591696
33.820231437683105,0.0,-2.1336011498722063,2.1336011498722063,0.3186156040191418,0.23611284416983835,0.5547284481889801,0.08250275984930344
33.840237617492676,0.0,-2.1336011498722063,2.1336011498722063,0.320357757913298,0.2605954799510073,0.5809532378643053,0.05976227796229072
33.860461950302124,0.0,-2.058443419897765,2.058443419897765,0.3080273059330648,0.31244061698089354,0.6204679229139584,-0.004413311047828716
33.88022804260254,0.0,-2.015895360918212,2.015895360918212,0.3242741462908453,0.3209107583097648,0.6451849046006101,0.00336338798108049
33.900264501571655,0.0,-1.9818569137345698,1.9818569137345698,0.35633389401657045,0.27196378164808266,0.6282976756646531,0.08437011236848779
33.92025089263916,0.0,-1.9546261559876559,1.9546261559876559,0.35633389401657045,0.27196378164808266,0.6282976756646531,0.08437011236848779
33.94024109840393,0.0,-1.9328415497901248,1.9328415497901248,0.35633389401657045,0.27196378164808266,0.6282976756646531,0.08437011236848779
33.96028780937195,0.0,-1.8978357398321,1.8978357398321,0.35633389401657045,0.27196378164808266,0.6282976756646531,0.08437011236848779
33.980304479599,0.0,-1.8698310918656802,1.8698310918656802,0.35633389401657045,0.27196378164808266,0.6282976756646531,0.08437011236848779
34.00029993057251,0.0,-1.8298492484925442,1.8298492484925442,0.35633389401657045,0.27196378164808266,0.6282976756646531,0.08437011236848779
34.02023148536682,0.0,-1.7978637737940355,1.7978637737940355,0.2893564154527849,0.25200755984405987,0.5413639752968448,0.03734885560872503
34.040284156799316,0.0,-1.7722753940352287,1.7722753940352287,0.2893564154527849,0.25200755984405987,0.5413639752968448,0.03734885560872503
34.060259103775024,0.0,-1.751804690228183,1.751804690228183,0.2893564154527849,0.25200755984405987,0.5413639752968448,0.03734885560872503
34.08028316497803,0.0,-1.751804690228183,1.751804690228183,0.288715426986455,0.26366762348334305,0.5523830504697981,0.025047803503111976
34.10028290748596,0.0,-1.7354281271825467,1.7354281271825467,0.288715426986455,0.26366762348334305,0.5523830504697981,0.025047803503111976
34.12027382850647,0.0,-1.7399050017460373,1.7399050017460373,0.288715426986455,0.26366762348334305,0.5523830504697981,0.025047803503111976
34.14030408859253,0.0,-1.7434865013968301,1.7434865013968301,0.288715426986455,0.26366762348334305,0.5523830504697981,0.025047803503111976
34.16038513183594,0.0,-1.7463517011174643,1.7463517011174643,0.27840066811942965,0.27454954382847063,0.5529502119479003,0.003851124290959018
34.18042063713074,0.0,-1.7486438608939714,1.7486438608939714,0.27840066811942965,0.27454954382847063,0.5529502119479003,0.003851124290959018
34.20087265968323,0.0,-1.7504775887151771,1.7504775887151771,0.27840066811942965,0.27454954382847063,0.5529502119479003,0.003851124290959018
34.22038388252258,0.0,-1.7519445709721417,1.7519445709721417,0.27840066811942965,0.27454954382847063,0.5529502119479003,0.003851124290959018
34.24039840698242,0.0,-1.7531181567777134,1.7531181567777134,0.27840066811942965,0.27454954382847063,0.5529502119479003,0.003851124290959018
34.260398626327515,0.0,-1.754057025422171,1.754057025422171,0.27840066811942965,0.27454954382847063,0.5529502119479003,0.003851124290959018
34.28039026260376,0.0,-1.7548081203377368,1.7548081203377368,0.27840066811942965,0.27454954382847063,0.5529502119479003,0.003851124290959018
34.30039143562317,0.0,-1.7548081203377368,1.7548081203377368,0.27840066811942965,0.27454954382847063,0.5529502119479003,0.003851124290959018
34.32049632072449,0.0,-1.7378308712701898,1.7378308712701898,0.27840066811942965,0.27454954382847063,0.5529502119479003,0.003851124290959018
34.340370416641235,0.0,-1.7418271970161519,1.7418271970161519,0.27840066811942965,0.27454954382847063,0.5529502119479003,0.003851124290959018
34.36642336845398,0.0,-1.7450242576129216,1.7450242576129216,0.31855039781832606,0.25934436355601065,0.5778947613743367,0.05920603426231541
34.380385637283325,0.0,-1.7475819060903373,1.7475819060903373,0.31855039781832606,0.25934436355601065,0.5778947613743367,0.05920603426231541
34.40042233467102,0.0,-1.7496280248722698,1.7496280248722698,0.31855039781832606,0.25934436355601065,0.5778947613743367,0.05920603426231541
34.42066740989685,0.0,-1.7512649198978159,1.7512649198978159,0.35116303450369746,0.3210296611941885,0.672192695697886,0.030133373309508937
34.4403657913208,0.0,-1.7525744359182527,1.7525744359182527,0.35116303450369746,0.3210296611941885,0.672192695697886,0.030133373309508937
34.460421562194824,0.0,-1.7536220487346024,1.7536220487346024,0.35116303450369746,0.3210296611941885,0.672192695697886,0.030133373309508937
34.480563163757324,0.0,-1.7368820139876822,1.7368820139876822,0.3453829723311356,0.2697262596047949,0.6151092319359305,0.07565671272634067
34.500407218933105,0.0,-1.7410681111901458,1.7410681111901458,0.3453829723311356,0.2697262596047949,0.6151092319359305,0.07565671272634067
34.52044367790222,0.0,-1.7410681111901458,1.7410681111901458,0.3526391887007049,0.30139270980725996,0.6540318985079648,0.05124647889344491
34.540412187576294,0.0,-1.7444169889521166,1.7444169889521166,0.3526391887007049,0.30139270980725996,0.6540318985079648,0.05124647889344491
34.560412883758545,0.0,-1.7295179661616935,1.7295179661616935,0.3526391887007049,0.30139270980725996,0.6540318985079648,0.05124647889344491
34.58037996292114,0.0,-1.717598747929355,1.717598747929355,0.3516643284837483,0.31157435846398585,0.6632386869477341,0.040089970019762444
34.600285053253174,0.0,-1.7080633733434842,1.7080633733434842,0.3516643284837483,0.31157435846398585,0.6632386869477341,0.040089970019762444
34.62025237083435,0.0,-1.7004350736747875,1.7004350736747875,0.393689451275277,0.2738542929000687,0.6675437441753457,0.1198351583752083
34.6402792930603,0.0,-1.6943324339398302,1.6943324339398302,0.393689451275277,0.2738542929000687,0.6675437441753457,0.1198351583752083
34.66040515899658,0.0,-1.6894503221518644,1.6894503221518644,0.393689451275277,0.2738542929000687,0.6675437441753457,0.1198351583752083
34.680285692214966,0.0,-1.6855446327214916,1.6855446327214916,0.393689451275277,0.2738542929000687,0.6675437441753457,0.1198351583752083
34.7003128528595,0.0,-1.6824200811771934,1.6824200811771934,0.393689451275277,0.2738542929000687,0.6675437441753457,0.1198351583752083
34.72033667564392,0.0,-1.6799204399417549,1.6799204399417549,0.393689451275277,0.2738542929000687,0.6675437441753457,0.1198351583752083
34.74031329154968,0.0,-1.6799204399417549,1.6799204399417549,0.393689451275277,0.2738542929000687,0.6675437441753457,0.1198351583752083
34.760305881500244,0.0,-1.677920726953404,1.677920726953404,0.40982533386151776,0.24172813814948313,0.6515534720110009,0.16809719571203463
34.78033423423767,0.0,-1.6938990815627233,1.6938990815627233,0.40982533386151776,0.24172813814948313,0.6515534720110009,0.16809719571203463
34.80028748512268,0.0,-1.7066817652501787,1.7066817652501787,0.33982533386151775,0.31172813814948314,0.6515534720110009,0.028097195712034617
34.82028913497925,0.0,-1.716907912200143,1.716907912200143,0.3432565145863919,0.3577391092188191,0.700995623805211,-0.014482594632427181
34.840266942977905,0.0,-1.7426669547601146,1.7426669547601146,0.35806508089590355,0.3231345225579571,0.6811996034538607,0.03493055833794645
34.86025595664978,0.0,-1.8335866888080918,1.8335866888080918,0.3570248503907351,0.3002060629881453,0.6572309133788804,0.05681878740258983
34.880247592926025,0.0,-2.0117912260464736,2.0117912260464736,0.32532573311764285,0.2363654055155348,0.5616911386331777,0.08896032760210804
34.90025615692139,0.0,-2.171932980837179,2.171932980837179,0.31840731955308005,0.21856476333807223,0.5369720828911523,0.09984255621500782
34.920279026031494,0.0,-2.300046384669743,2.300046384669743,0.3571112082077889,0.28856476333807224,0.6456759715458611,0.06854644486971667
34.9402642250061,0.0,-2.4025371077357947,2.4025371077357947,0.3807320371939568,0.25791326102684253,0.6386452982207993,0.12281877616711429
34.96026396751404,0.0,-2.4025371077357947,2.4025371077357947,0.3807320371939568,0.25791326102684253,0.6386452982207993,0.12281877616711429
34.9802508354187,0.0,-2.484529686188636,2.484529686188636,0.3107320371939568,0.2962514602846932,0.60698349747865,0.014480576909263632
35.00024366378784,0.0,-2.5501237489509085,2.5501237489509085,0.31272728731099053,0.3069568074576091,0.6196840947685996,0.005770479853381416
35.020233392715454,0.0,-2.602598999160727,2.602598999160727,0.31272728731099053,0.3069568074576091,0.6196840947685996,0.005770479853381416
35.04031562805176,0.0,-2.6445791993285814,2.6445791993285814,0.31272728731099053,0.3069568074576091,0.6196840947685996,0.005770479853381416
35.060248374938965,0.0,-2.6781633594628653,2.6781633594628653,0.262499291349086,0.296665380083723,0.559164671432809,-0.034166088734637
35.080225706100464,0.0,-2.705030687570292,2.705030687570292,0.28540494841698094,0.31099057135055774,0.5963955197675387,-0.0255856229335768
35.10022497177124,0.0,-2.7265245500562343,2.7265245500562343,0.28540494841698094,0.31099057135055774,0.5963955197675387,-0.0255856229335768
35.12019991874695,0.0,-2.7437196400449877,2.7437196400449877,0.31056078885856553,0.3225807951099705,0.633141583968536,-0.01202000625140498
35.14020609855652,0.0,-2.73989758703599,2.73989758703599,0.31056078885856553,0.3225807951099705,0.633141583968536,-0.01202000625140498
35.16022348403931,0.0,-2.7192618196287928,2.7192618196287928,0.3752494108787505,0.2962243457592558,0.6714737566380063,0.0790250651194947
35.18030786514282,0.0,-2.7192618196287928,2.7192618196287928,0.3752494108787505,0.2962243457592558,0.6714737566380063,0.0790250651194947
35.20035934448242,0.0,-2.6148625807030346,2.6148625807030346,0.35452418112370654,0.2969534386799205,0.6514776198036271,0.057570742443786016
35.22026801109314,0.0,-2.4258744395624277,2.4258744395624277,0.36647379760805054,0.328393190066563,0.6948669876746135,0.038080607541487566
35.240230560302734,0.0,-2.239527676649942,2.239527676649942,0.36647379760805054,0.328393190066563,0.6948669876746135,0.038080607541487566
35.260242223739624,0.0,-2.0904502663199542,2.0904502663199542,0.3586383358499734,0.33902370547060856,0.697662041320582,0.01961463037936484
35.280240058898926,0.0,-1.9711883380559632,1.9711883380559632,0.3257435754797189,0.3567662014544476,0.6825097769341665,-0.031022625974728713
35.30025935173035,0.0,-1.8757787954447707,1.8757787954447707,0.3700017564854352,0.3480527213693131,0.7180544778547483,0.021949035116122118
35.32034778594971,0.0,-1.7994511613558168,1.7994511613558168,0.34789689154538794,0.3118282704532612,0.6597251619986492,0.03606862109212672
35.340242862701416,0.0,-1.7383890540846536,1.7383890540846536,0.4041442227474181,0.34329622601275334,0.7474404487601715,0.06084799673466479
35.36023664474487,0.0,-1.689539368267723,1.689539368267723,0.34884902359161063,0.32226919558946976,0.6711182191810804,0.02657982800214087
35.380218744277954,0.0,-1.6504596196141788,1.6504596196141788,0.3975968276074855,0.391713002595352,0.7893098302028375,0.00588382501213347
35.40021824836731,0.0,-1.6504596196141788,1.6504596196141788,0.45489818872127225,0.32903997031156906,0.7839381590328414,0.12585821840970318
35.4202139377594,0.0,-1.619195820691343,1.619195820691343,0.4149971407762496,0.2930283526808489,0.7080254934570985,0.12196878809540068
35.44024658203125,0.0,-1.5941847815530745,1.5941847815530745,0.36469823391351386,0.3095871004194487,0.6742853343329626,0.055111133494065156
35.460206508636475,0.0,-1.5917540752424597,1.5917540752424597,0.38184009202930613,0.29145023589138874,0.6732903279206949,0.09038985613791739
35.48022770881653,0.0,-1.5898095101939678,1.5898095101939678,0.44610598393890544,0.3159187416464556,0.762024725585361,0.13018724229244982
35.500239610672,0.0,-1.5882538581551744,1.5882538581551744,0.4006741427740781,0.3859187416464556,0.7865928844205337,0.01475540112762247
35.520262241363525,0.0,-1.5870093365241398,1.5870093365241398,0.36966471829626246,0.33019280952517877,0.6998575278214412,0.0394719087710837
35.54083275794983,0.0,-1.5860137192193118,1.5860137192193118,0.3738729538320331,0.2687915838987101,0.6426645377307432,0.10508136993332301
35.56025767326355,0.0,-1.5852172253754495,1.5852172253754495,0.33324069845664783,0.2504216018796433,0.5836623003362911,0.08281909657700454
35.580249547958374,0.0,-1.5845800303003599,1.5845800303003599,0.33324069845664783,0.2504216018796433,0.5836623003362911,0.08281909657700454
35.600215911865234,0.0,-1.584070274240288,1.584070274240288,0.28742166179406925,0.2560370448709,0.5434587066649692,0.03138461692316924
35.62022590637207,0.0,-1.584070274240288,1.584070274240288,0.28742166179406925,0.2560370448709,0.5434587066649692,0.03138461692316924
35.64022970199585,0.0,-1.5836624693922303,1.5836624693922303,0.3205670634208946,0.25723576319520364,0.5778028266160982,0.06333130022569095
35.66030311584473,0.0,-1.5833362255137844,1.5833362255137844,0.3205670634208946,0.25723576319520364,0.5778028266160982,0.06333130022569095
35.680251359939575,0.0,-1.5830752304110278,1.5830752304110278,0.2965961279271869,0.24082381610875017,0.5374199440359371,0.055772311818436754
35.700228214263916,0.0,-1.5828664343288223,1.5828664343288223,0.2965961279271869,0.24082381610875017,0.5374199440359371,0.055772311818436754
35.72024059295654,0.0,-1.5826993974630579,1.5826993974630579,0.3307732412515907,0.22009720613365064,0.5508704473852413,0.11067603511794005
35.74029350280762,0.0,-1.5825657679704463,1.5825657679704463,0.3307732412515907,0.22009720613365064,0.5508704473852413,0.11067603511794005
35.76027226448059,0.0,-1.582458864376357,1.582458864376357,0.35242431181657596,0.19281522330944428,0.5452395351260202,0.15960908850713168
35.78025579452515,0.0,-1.5823733415010857,1.5823733415010857,0.31829329523432537,0.2628152233094443,0.5811085185437697,0.05547807192488108
35.8002450466156,0.0,-1.5823049232008686,1.5823049232008686,0.25295541378844066,0.2524278985813726,0.5053833123698133,0.0005275152070680633
35.82023477554321,0.0,-1.5822501885606948,1.5822501885606948,0.2069604763685493,0.25692202965845357,0.46388250602700287,-0.04996155328990426
35.84044289588928,0.0,-1.5822501885606948,1.5822501885606948,0.2300667198299198,0.27694600145448933,0.5070127212844091,-0.04687928162456953
35.86024355888367,0.0,-1.5997845258485561,1.5997845258485561,0.2464662188588409,0.2420221834920813,0.48848840235092217,0.004444035366759608
35.88036870956421,0.0,-1.613811995678845,1.613811995678845,0.2517774742020993,0.20514266635407696,0.45692014055617625,0.04663480784802232
35.900219202041626,0.0,-1.6250339715430762,1.6250339715430762,0.27553068510431333,0.21024134685401807,0.4857720319583314,0.06528933825029526
35.92022776603699,0.0,-1.6340115522344612,1.6340115522344612,0.2677342336549191,0.26303926785592924,0.5307735015108483,0.00469496579898987
35.940269947052,0.0,-1.6411936167875691,1.6411936167875691,0.28326287343341394,0.28960165311698804,0.572864526550402,-0.006338779683574103
35.96022272109985,0.0,-1.6469392684300554,1.6469392684300554,0.2914161201490788,0.2780816203460563,0.5694977404951351,0.013334499803022482
35.980212926864624,0.0,-1.6515357897440446,1.6515357897440446,0.3614161201490788,0.2688673085079063,0.6302834286569852,0.09254881164117251
36.0002007484436,0.0,-1.6552130067952358,1.6552130067952358,0.3902902063651709,0.3386557346687187,0.7289459410338897,0.051634471696452244
36.02019548416138,0.0,-1.6405766554361887,1.6405766554361887,0.40548921476292893,0.36104375147377143,0.7665329662367004,0.044445463289157494
36.0401976108551,0.0,-1.6288675743489511,1.6288675743489511,0.40855176706973,0.4036999049142469,0.812251671983977,0.004851862155483111
36.060240507125854,0.0,-1.6195003094791611,1.6195003094791611,0.42834933434787675,0.3336999049142469,0.7620492392621236,0.09464942943362986
36.08024334907532,0.0,-1.6195003094791611,1.6195003094791611,0.4210570799856214,0.3190819924429525,0.7401390724285739,0.10197508754266893
36.10037136077881,0.0,-1.612006497583329,1.612006497583329,0.4571986357419519,0.3538913881138433,0.8110900238557952,0.10330724762810861
36.120256423950195,0.0,-1.5884333230666634,1.5884333230666634,0.41441914539027497,0.3688304513425101,0.783249596732785,0.04558869404776489
36.14022445678711,0.0,-1.569574783453331,1.569574783453331,0.41441914539027497,0.3688304513425101,0.783249596732785,0.04558869404776489
36.16021656990051,0.0,-1.5720660767626646,1.5720660767626646,0.484419145390275,0.40872330737416634,0.8931424527644414,0.07569583801610863
36.18022274971008,0.0,-1.5740591114101319,1.5740591114101319,0.484419145390275,0.40872330737416634,0.8931424527644414,0.07569583801610863
36.20034146308899,0.0,-1.5756535391281055,1.5756535391281055,0.484419145390275,0.40872330737416634,0.8931424527644414,0.07569583801610863
36.22025156021118,0.0,-1.5769290813024845,1.5769290813024845,0.45116341929126064,0.3705612435669173,0.8217246628581779,0.08060217572434336
36.24020290374756,0.0,-1.5779495150419878,1.5779495150419878,0.45181791653332765,0.3841317319974769,0.8359496485308046,0.06768618453585074
36.260188579559326,0.0,-1.5787658620335903,1.5787658620335903,0.5013124885171419,0.39123097767238507,0.8925434661895271,0.11008151084475687
36.280192136764526,0.0,-1.5787658620335903,1.5787658620335903,0.46109571476874417,0.38682023395900617,0.8479159487277503,0.074275480809738
36.300214529037476,0.0,-1.5969970646268725,1.5969970646268725,0.4610543970647269,0.44755074341897855,0.9086051404837054,0.013503653645748348
36.32022762298584,0.0,-1.6115820267014982,1.6115820267014982,0.4222782415035181,0.4553074758232105,0.8775857173267286,-0.0330292343196924
36.340224742889404,0.0,-1.6232499963611986,1.6232499963611986,0.4636584457638674,0.38530747582321057,0.848965921587078,0.07835096994065682
36.36021184921265,0.0,-1.632584372088959,1.632584372088959,0.49326540647773076,0.4219156837940682,0.915181090271799,0.07134972268366258
36.380207538604736,0.0,-1.6400518726711675,1.6400518726711675,0.46009137599496175,0.40359913547639736,0.8636905114713591,0.056492240518564385
36.40021371841431,0.0,-1.646025873136934,1.646025873136934,0.4883880962315016,0.4690633936703671,0.9574514899018687,0.0193247025611345
36.42127466201782,0.0,-1.6683831985095472,1.6683831985095472,0.517577135253232,0.46434816335444334,0.9819252986076754,0.05322897189878867
36.440265417099,0.0,-1.668690933807638,1.668690933807638,0.5365392652037554,0.44389370818738827,0.9804329733911437,0.09264555701636712
36.46104550361633,0.0,-1.6689371220461104,1.6689371220461104,0.5365392652037554,0.44389370818738827,0.9804329733911437,0.09264555701636712
36.4802451133728,0.0,-1.6867121976368884,1.6867121976368884,0.5365392652037554,0.44389370818738827,0.9804329733911437,0.09264555701636712
36.50033402442932,0.0,-1.6867121976368884,1.6867121976368884,0.4885806415858679,0.38698765997891316,0.875568301564781,0.10159298160695474
36.52028274536133,0.0,-1.7009322581095108,1.7009322581095108,0.4885806415858679,0.38698765997891316,0.875568301564781,0.10159298160695474
36.54034638404846,0.0,-1.7123083064876088,1.7123083064876088,0.4190603096666746,0.3813237500295509,0.8003840596962255,0.037736559637123746
36.56033444404602,0.0,-1.721409145190087,1.721409145190087,0.4190603096666746,0.3813237500295509,0.8003840596962255,0.037736559637123746
36.580644607543945,0.0,-1.7286898161520696,1.7286898161520696,0.4291984609025531,0.36309040793334135,0.7922888688358944,0.06610805296921174
36.60046339035034,0.0,-1.7345143529216558,1.7345143529216558,0.4291984609025531,0.36309040793334135,0.7922888688358944,0.06610805296921174
36.62039518356323,0.0,-1.7391739823373247,1.7391739823373247,0.41627620185492564,0.3425884851173032,0.7588646869722289,0.07368771673762242
36.64024591445923,0.0,-1.7429016858698596,1.7429016858698596,0.40483848961768676,0.2725884851173032,0.6774269747349899,0.13225000450038354
36.660224199295044,0.0,-1.7458838486958879,1.7458838486958879,0.40483848961768676,0.2725884851173032,0.6774269747349899,0.13225000450038354
36.680312633514404,0.0,-1.7306914539567104,1.7306914539567104,0.393437343898695,0.21391950660501607,0.607356850503711,0.17951783729367893
36.70032358169556,0.0,-1.7185375381653685,1.7185375381653685,0.393437343898695,0.21391950660501607,0.607356850503711,0.17951783729367893
36.72026181221008,0.0,-1.7185375381653685,1.7185375381653685,0.3908149469806813,0.22295086105470546,0.6137658080353867,0.16786408592597585
36.740275144577026,0.0,-1.691236280532295,1.691236280532295,0.3908149469806813,0.22295086105470546,0.6137658080353867,0.16786408592597585
36.760473012924194,0.0,-1.669395274425836,1.669395274425836,0.3908149469806813,0.22295086105470546,0.6137658080353867,0.16786408592597585
36.780295610427856,0.0,-1.651922469540669,1.651922469540669,0.3324869629158639,0.21537092394311913,0.547857886858983,0.11711603897274475
36.80025935173035,0.0,-1.6379442256325352,1.6379442256325352,0.32629855118459095,0.22551243352820166,0.5518109847127926,0.10078611765638928
36.82023620605469,0.0,-1.6794960055060282,1.6794960055060282,0.37170506410067905,0.25985880541731604,0.631563869517995,0.11184625868336301
36.84020185470581,0.0,-1.8006280544048228,1.8006280544048228,0.36671859120717276,0.32985880541731605,0.6965773966244888,0.036859785789856714
36.86019849777222,0.0,-2.0030024435238585,2.0030024435238585,0.3746709879650735,0.2960141891532112,0.6706851771182847,0.07865679881186227
36.88019895553589,0.0,-2.2176363298190864,2.2176363298190864,0.4194678422226571,0.29377480656025,0.7132426487829071,0.12569303566240708
36.90021300315857,0.0,-2.3893434388552692,2.3893434388552692,0.4194678422226571,0.29377480656025,0.7132426487829071,0.12569303566240708
36.92026996612549,0.0,-2.526709126084216,2.526709126084216,0.38129241207381714,0.3382587736856658,0.719551185759483,0.04303363838815133
36.94024133682251,0.0,-2.526709126084216,2.526709126084216,0.34884299898287285,0.3703203766059596,0.7191633755888325,-0.02147737762308677
36.96021008491516,0.0,-2.6366016758673725,2.6366016758673725,0.3515912164165639,0.3369112798396964,0.6885024962562603,0.014679936576867503
36.98020005226135,0.0,-2.724515715693898,2.724515715693898,0.37617423200747,0.3328329186339397,0.7090071506414097,0.04334131337353031
37.000195264816284,0.0,-2.7948469475551185,2.7948469475551185,0.37847022527595986,0.33445288556744346,0.7129231108434033,0.0440173397085164
37.02019762992859,0.0,-2.851111933044095,2.851111933044095,0.448328508080449,0.31710968854953536,0.7654381966299844,0.13121881953091363
37.04018783569336,0.0,-2.896123921435276,2.896123921435276,0.49517012575408453,0.3065519336529542,0.8017220594070387,0.18861819210113034
37.060192823410034,0.0,-2.914555387148221,2.914555387148221,0.5077329725190066,0.37576929516275415,0.8835022676817608,0.13196367735625247
37.08020210266113,0.0,-2.9293005597185773,2.9293005597185773,0.5370507911010646,0.37525404985412025,0.9123048409551848,0.16179674124694432
37.10023093223572,0.0,-2.9410966977748623,2.9410966977748623,0.5055565051897429,0.4278445057140198,0.9334010109037627,0.07771199947572316
37.12022876739502,0.0,-2.95053360821989,2.95053360821989,0.5055565051897429,0.4278445057140198,0.9334010109037627,0.07771199947572316
37.140219926834106,0.0,-2.9580831365759126,2.9580831365759126,0.5055565051897429,0.4278445057140198,0.9334010109037627,0.07771199947572316
37.16034746170044,0.0,-2.9580831365759126,2.9580831365759126,0.5313792489632033,0.4246207738330122,0.9560000227962155,0.1067584751301911
37.180224657058716,0.0,-2.96412275926073,2.96412275926073,0.5252254391252064,0.41158778518787587,0.9368132243130822,0.1136376539373305
37.20022535324097,0.0,-2.9689544574085844,2.9689544574085844,0.5252254391252064,0.41158778518787587,0.9368132243130822,0.1136376539373305
37.220232248306274,0.0,-2.9903979409268677,2.9903979409268677,0.47340542172780264,0.4587355299887714,0.932140951716574,0.014669891739031271
37.24020195007324,0.0,-3.007552727741494,3.007552727741494,0.4735742065403611,0.5036006688175257,0.9771748753578868,-0.030026462277164656
37.26028823852539,0.0,-3.0212765571931954,3.0212765571931954,0.49483438611961905,0.45539543098188007,0.9502298171014991,0.039438955137738985
37.28024888038635,0.0,-3.0322556207545563,3.0322556207545563,0.5477433244977147,0.4470231828314718,0.9947665073291865,0.10072014166624288
37.30022120475769,0.0,-3.058616996603645,3.058616996603645,0.5910907055530698,0.47244468676275575,1.0635353923158255,0.118646018790314
37.32020020484924,0.0,-3.079706097282916,3.079706097282916,0.608726548338309,0.46288245143718093,1.0716089997754898,0.14584409690112804
37.34021472930908,0.0,-3.0965773778263332,3.0965773778263332,0.6252145975176245,0.4694999639911112,1.0947145615087357,0.15571463352651332
37.36022162437439,0.0,-3.110074402261067,3.110074402261067,0.6252145975176245,0.4694999639911112,1.0947145615087357,0.15571463352651332
37.38022589683533,0.0,-3.110074402261067,3.110074402261067,0.6783751233760268,0.498714214846259,1.1770893382222858,0.1796609085297678
37.400198459625244,0.0,-3.1208720218088537,3.1208720218088537,0.6983259621355683,0.5133530681056436,1.211679030241212,0.18497289402992467
37.42021298408508,0.0,-3.1295101174470834,3.1295101174470834,0.6376227292511613,0.5500546877307352,1.1876774169818964,0.08756804152042608
37.4402437210083,0.0,-3.136420593957667,3.136420593957667,0.6376227292511613,0.5500546877307352,1.1876774169818964,0.08756804152042608
37.46022415161133,0.0,-3.1595271001661334,3.1595271001661334,0.6247564678359777,0.5137889904004987,1.1385454582364765,0.11096747743547897
37.480220794677734,0.0,-3.1780123051329072,3.1780123051329072,0.6788300046045334,0.545101713113254,1.2239317177177873,0.1337282914912794
37.500219106674194,0.0,-3.192800469106326,3.192800469106326,0.6818058668449521,0.565732894189423,1.247538761034375,0.11607297265552918
37.52024030685425,0.0,-3.204631000285061,3.204631000285061,0.6818058668449521,0.565732894189423,1.247538761034375,0.11607297265552918
37.54021382331848,0.0,-3.214095425228049,3.214095425228049,0.5828247620537877,0.6139241714996752,1.196748933553463,-0.031099409445887405
37.560211420059204,0.0,-3.2392450901824397,3.2392450901824397,0.6156300335004926,0.5866442990524229,1.2022743325529155,0.028985734448069733
37.58034372329712,0.0,-3.259364822145952,3.259364822145952,0.6466904069110752,0.587945855994476,1.2346362629055512,0.058744550916599136
37.600224018096924,0.0,-3.259364822145952,3.259364822145952,0.6665918632224203,0.578084190216614,1.2446760534390342,0.08850767300580631
37.62020683288574,0.0,-3.275460607716762,3.275460607716762,0.7,0.5229521364241373,1.2229521364241371,0.17704786357586266
37.64020109176636,0.0,-3.28833723617341,3.28833723617341,0.7,0.5229521364241373,1.2229521364241371,0.17704786357586266
37.66022348403931,0.0,-3.2986385389387283,3.2986385389387283,0.7,0.5211364103748929,1.2211364103748927,0.17886358962510707
37.680224657058716,0.0,-3.306879581150983,3.306879581150983,0.6554508104920387,0.5381766202196013,1.19362743071164,0.11727419027243735
37.70023059844971,0.0,-3.3134724149207866,3.3134724149207866,0.6554508104920387,0.5381766202196013,1.19362743071164,0.11727419027243735
37.72020864486694,0.0,-3.3363248069366294,3.3363248069366294,0.6437045995146036,0.5668153598241042,1.2105199593387077,0.07688923969049932
37.74021339416504,0.0,-3.3546067205493038,3.3546067205493038,0.6246485419571399,0.5668333099862503,1.19148185194339,0.05781523197088967
37.760215520858765,0.0,-3.3516541264394433,3.3516541264394433,0.6407075494527816,0.581849290215032,1.2225568396678135,0.05885825923774968
37.78021454811096,0.0,-3.3668701761515547,3.3668701761515547,0.6493234157562255,0.5481468980839418,1.1974703138401672,0.10117651767228375
37.800288915634155,0.0,-3.3790430159212437,3.3790430159212437,0.6695076439529657,0.5601520940368937,1.2296597379898593,0.10935554991607199
37.8202645778656,0.0,-3.3790430159212437,3.3790430159212437,0.6495803918689489,0.5258002273445891,1.1753806192135379,0.1237801645243598
37.84022617340088,0.0,-3.3887812877369954,3.3887812877369954,0.6301247596740722,0.5138932365631627,1.1440179962372348,0.11623152311090956
37.86023998260498,0.0,-3.3965719051895964,3.3965719051895964,0.6340496016666293,0.4650842670058773,1.0991338686725065,0.16896533466075198
37.8802387714386,0.0,-3.402804399151677,3.402804399151677,0.6446102930232882,0.46125188089776203,1.1058621739210501,0.18335841212552617
37.900192737579346,0.0,-3.4077903943213417,3.4077903943213417,0.6446102930232882,0.46125188089776203,1.1058621739210501,0.18335841212552617
37.92017984390259,0.0,-3.4117791904570733,3.4117791904570733,0.6435631688684225,0.45699428014326254,1.100557449011685,0.18656888872515992
37.94017720222473,0.0,-3.414970227365659,3.414970227365659,0.5812650870531797,0.44895626783240006,1.0302213548855796,0.13230881922077964
37.96017599105835,0.0,-3.4175230568925272,3.4175230568925272,0.5963006949052214,0.44707171529866174,1.043372410203883,0.14922897960655968
37.980188608169556,0.0,-3.4019871955140224,3.4019871955140224,0.5630505418404936,0.43115419246591047,0.9942047343064041,0.13189634937458317
38.00023365020752,0.0,-3.389558506411218,3.389558506411218,0.5875920241698622,0.5011541924659104,1.0887462166357726,0.0864378317039518
38.02025032043457,0.0,-3.379615555128975,3.379615555128975,0.5875920241698622,0.5011541924659104,1.0887462166357726,0.0864378317039518
38.04022455215454,0.0,-3.379615555128975,3.379615555128975,0.6028506213799119,0.5710426352206559,1.1738932566005678,0.03180798615925595
38.06022500991821,0.0,-3.35408306910318,3.35408306910318,0.6028506213799119,0.5710426352206559,1.1738932566005678,0.03180798615925595
38.08020067214966,0.0,-3.3336570802825443,3.3336570802825443,0.6656016016378998,0.5786352751064987,1.2442368767443985,0.08696632653140113
38.10021185874939,0.0,-3.317316289226036,3.317316289226036,0.6656016016378998,0.5786352751064987,1.2442368767443985,0.08696632653140113
38.12022423744202,0.0,-3.304243656380829,3.304243656380829,0.6297969015315175,0.5554429513622017,1.1852398528937191,0.07435395016931579
38.14024877548218,0.0,-3.2937855501046633,3.2937855501046633,0.6609336018329486,0.5403081883896084,1.201241790222557,0.12062541344334021
38.1602725982666,0.0,-3.285419065083731,3.285419065083731,0.6609336018329486,0.5403081883896084,1.201241790222557,0.12062541344334021
38.18023729324341,0.0,-3.2963040020669854,3.2963040020669854,0.6843277655309066,0.6103081883896084,1.294635953920515,0.07401957714129814
38.200236320495605,0.0,-3.3050119516535887,3.3050119516535887,0.6843277655309066,0.6103081883896084,1.294635953920515,0.07401957714129814
38.22024488449097,0.0,-3.3119783113228713,3.3119783113228713,0.7,0.575933444689581,1.275933444689581,0.12406655531041899
38.240241050720215,0.0,-3.335129524058297,3.335129524058297,0.7,0.575933444689581,1.275933444689581,0.12406655531041899
38.26039528846741,0.0,-3.335129524058297,3.335129524058297,0.7,0.644810195456812,1.344810195456812,0.055189804543188004
38.28043031692505,0.0,-3.353650494246638,3.353650494246638,0.7,0.644810195456812,1.344810195456812,0.055189804543188004
38.30025792121887,0.0,-3.36846727039731,3.36846727039731,0.7,0.644810195456812,1.344810195456812,0.055189804543188004
38.32023000717163,0.0,-3.380320691317848,3.380320691317848,0.7,0.6825149426270218,1.3825149426270218,0.01748505737297812
38.340264320373535,0.0,-3.3898034280542784,3.3898034280542784,0.7,0.6825149426270218,1.3825149426270218,0.01748505737297812
38.36028027534485,0.0,-3.397389617443423,3.397389617443423,0.7,0.6825149426270218,1.3825149426270218,0.01748505737297812
38.38021183013916,0.0,-3.4034585689547385,3.4034585689547385,0.7,0.641297067891428,1.341297067891428,0.058702932108571915
38.400211572647095,0.0,-3.425891855163791,3.425891855163791,0.7,0.641297067891428,1.341297067891428,0.058702932108571915
38.420231342315674,0.0,-3.443838484131033,3.443838484131033,0.7,0.5935868801582547,1.2935868801582546,0.10641311984174529
38.44022035598755,0.0,-3.458195787304826,3.458195787304826,0.6537756331264972,0.5920826784834208,1.245858311609918,0.06169295464307645
38.46023631095886,0.0,-3.469681629843861,3.469681629843861,0.6582029357552528,0.5673419806674065,1.2255449164226593,0.0908609550878463
38.48023533821106,0.0,-3.469681629843861,3.469681629843861,0.6435099279507994,0.5382398824706616,1.181749810421461,0.10527004548013785
38.50020503997803,0.0,-3.4788703038750888,3.4788703038750888,0.6320536917075514,0.5363541296949552,1.1684078214025067,0.09569956201259622
38.520214319229126,0.0,-3.486221243100071,3.486221243100071,0.6441055636852979,0.5112799718310999,1.1553855355163978,0.13282559185419807
38.54018020629883,0.0,-3.4921019944800573,3.4921019944800573,0.6911883603781461,0.475405668400781,1.1665940287789272,0.2157826919773651
38.56019067764282,0.0,-3.496806595584046,3.496806595584046,0.7,0.5259817778399156,1.2259817778399156,0.17401822216008433
38.58025050163269,0.0,-3.500570276467237,3.500570276467237,0.7,0.5259817778399156,1.2259817778399156,0.17401822216008433
38.60026979446411,0.0,-3.48600309617379,3.48600309617379,0.7,0.5281456974601315,1.2281456974601315,0.17185430253986844
38.6202974319458,0.0,-3.474349351939032,3.474349351939032,0.7,0.5281456974601315,1.2281456974601315,0.17185430253986844
38.64027380943298,0.0,-3.447448231551226,3.447448231551226,0.7,0.5281456974601315,1.2281456974601315,0.17185430253986844
38.660412549972534,0.0,-3.4435054602409805,3.4435054602409805,0.7,0.5281456974601315,1.2281456974601315,0.17185430253986844
38.68039870262146,0.0,-3.4403512431927843,3.4403512431927843,0.7,0.5281456974601315,1.2281456974601315,0.17185430253986844
38.70068073272705,0.0,-3.4403512431927843,3.4403512431927843,0.7,0.5281456974601315,1.2281456974601315,0.17185430253986844
38.72036123275757,0.0,-3.420249744554228,3.420249744554228,0.7,0.5281456974601315,1.2281456974601315,0.17185430253986844
38.74040770530701,0.0,-3.404168545643383,3.404168545643383,0.7,0.5281456974601315,1.2281456974601315,0.17185430253986844
38.76032876968384,0.0,-3.4088817115147063,3.4088817115147063,0.7,0.5281456974601315,1.2281456974601315,0.17185430253986844
38.78035235404968,0.0,-3.412652244211765,3.412652244211765,0.7,0.5281456974601315,1.2281456974601315,0.17185430253986844
38.8003203868866,0.0,-3.415668670369412,3.415668670369412,0.7,0.5281456974601315,1.2281456974601315,0.17185430253986844
38.82034420967102,0.0,-3.41808181129553,3.41808181129553,0.7,0.5281456974601315,1.2281456974601315,0.17185430253986844
38.84033679962158,0.0,-3.4200123240364237,3.4200123240364237,0.7,0.5281456974601315,1.2281456974601315,0.17185430253986844
38.86026930809021,0.0,-3.421556734229139,3.421556734229139,0.7,0.5281456974601315,1.2281456974601315,0.17185430253986844
38.88025879859924,0.0,-3.4227922623833114,3.4227922623833114,0.7,0.5281456974601315,1.2281456974601315,0.17185430253986844
38.90033960342407,0.0,-3.423780684906649,3.423780684906649,0.7,0.5281456974601315,1.2281456974601315,0.17185430253986844
38.92033767700195,0.0,-3.423780684906649,3.423780684906649,0.7,0.5281456974601315,1.2281456974601315,0.17185430253986844
38.94028115272522,0.0,-3.424571422925319,3.424571422925319,0.7,0.5281456974601315,1.2281456974601315,0.17185430253986844
38.96031045913696,0.0,-3.4252040133402555,3.4252040133402555,0.7,0.5281456974601315,1.2281456974601315,0.17185430253986844
38.98030877113342,0.0,-3.4257100856722045,3.4257100856722045,0.7,0.5281456974601315,1.2281456974601315,0.17185430253986844
39.000338554382324,0.0,-3.426114943537763,3.426114943537763,0.7,0.5281456974601315,1.2281456974601315,0.17185430253986844
39.02026557922363,0.0,-3.4264388298302104,3.4264388298302104,0.7,0.5281456974601315,1.2281456974601315,0.17185430253986844
39.04031252861023,0.0,-3.4266979388641685,3.4266979388641685,0.7,0.5281456974601315,1.2281456974601315,0.17185430253986844
39.060330867767334,0.0,-3.426905226091335,3.426905226091335,0.7,0.5281456974601315,1.2281456974601315,0.17185430253986844
39.080310344696045,0.0,-3.427071055873068,3.427071055873068,0.7,0.5281456974601315,1.2281456974601315,0.17185430253986844
39.10030484199524,0.0,-3.4272037196984546,3.4272037196984546,0.7,0.5849927296196984,1.2849927296196983,0.11500727038030156
39.120400190353394,0.0,-3.4273098507587636,3.4273098507587636,0.7,0.5849927296196984,1.2849927296196983,0.11500727038030156
39.14045572280884,0.0,-3.4273098507587636,3.4273098507587636,0.7,0.5849927296196984,1.2849927296196983,0.11500727038030156
39.16026258468628,0.0,-3.427394755607011,3.427394755607011,0.7,0.5849927296196984,1.2849927296196983,0.11500727038030156
39.18032145500183,0.0,-3.427462679485609,3.427462679485609,0.7,0.5849927296196984,1.2849927296196983,0.11500727038030156
39.200337409973145,0.0,-3.427517018588487,3.427517018588487,0.7,0.5849927296196984,1.2849927296196983,0.11500727038030156
39.2202832698822,0.0,-3.4275604898707894,3.4275604898707894,0.7,0.5849927296196984,1.2849927296196983,0.11500727038030156
39.240304946899414,0.0,-3.4275952668966316,3.4275952668966316,0.7,0.5849927296196984,1.2849927296196983,0.11500727038030156
39.26030683517456,0.0,-3.427623088517305,3.427623088517305,0.7,0.5849927296196984,1.2849927296196983,0.11500727038030156
39.280301570892334,0.0,-3.4276453458138443,3.4276453458138443,0.7,0.5849927296196984,1.2849927296196983,0.11500727038030156
39.30028963088989,0.0,-3.4276631516510756,3.4276631516510756,0.7,0.5849927296196984,1.2849927296196983,0.11500727038030156
39.320287227630615,0.0,-3.4452555213208607,3.4452555213208607,0.7,0.5849927296196984,1.2849927296196983,0.11500727038030156
39.34029412269592,0.0,-3.459329417056689,3.459329417056689,0.7,0.5849927296196984,1.2849927296196983,0.11500727038030156
39.360289096832275,0.0,-3.459329417056689,3.459329417056689,0.7,0.5849927296196984,1.2849927296196983,0.11500727038030156
39.38028645515442,0.0,-3.4705885336453512,3.4705885336453512,0.7,0.5849927296196984,1.2849927296196983,0.11500727038030156
39.400280475616455,0.0,-3.4795958269162814,3.4795958269162814,0.7,0.5849927296196984,1.2849927296196983,0.11500727038030156
39.42028522491455,0.0,-3.4868016615330255,3.4868016615330255,0.7,0.5849927296196984,1.2849927296196983,0.11500727038030156
39.440293073654175,0.0,-3.4925663292264204,3.4925663292264204,0.7,0.5849927296196984,1.2849927296196983,0.11500727038030156
39.46027445793152,0.0,-3.5147561883811367,3.5147561883811367,0.7,0.5849927296196984,1.2849927296196983,0.11500727038030156
39.48027491569519,0.0,-3.5325080757049094,3.5325080757049094,0.7,0.5849927296196984,1.2849927296196983,0.11500727038030156
39.500274658203125,0.0,-3.5291314605639275,3.5291314605639275,0.7,0.5849927296196984,1.2849927296196983,0.11500727038030156
39.52028155326843,0.0,-3.5264301684511423,3.5264301684511423,0.7,0.5849927296196984,1.2849927296196983,0.11500727038030156
39.54023742675781,0.0,-3.541847259760914,3.541847259760914,0.6982474402058869,0.6022675098186301,1.300514950024517,0.09597993038725683
39.560243129730225,0.0,-3.5366028078087313,3.5366028078087313,0.6982474402058869,0.6022675098186301,1.300514950024517,0.09597993038725683
39.58024287223816,0.0,-3.5366028078087313,3.5366028078087313,0.6982474402058869,0.6022675098186301,1.300514950024517,0.09597993038725683
39.60023760795593,0.0,-3.549985371246985,3.549985371246985,0.6982474402058869,0.6022675098186301,1.300514950024517,0.09597993038725683
39.62025570869446,0.0,-3.5431132969975883,3.5431132969975883,0.6982474402058869,0.6022675098186301,1.300514950024517,0.09597993038725683
39.64022088050842,0.0,-3.5376156375980705,3.5376156375980705,0.6982474402058869,0.6022675098186301,1.300514950024517,0.09597993038725683
39.66026782989502,0.0,-3.533217510078457,3.533217510078457,0.6982474402058869,0.6022675098186301,1.300514950024517,0.09597993038725683
39.680222272872925,0.0,-3.5296990080627655,3.5296990080627655,0.6982474402058869,0.6022675098186301,1.300514950024517,0.09597993038725683
39.70025157928467,0.0,-3.5268842064502124,3.5268842064502124,0.6982474402058869,0.6022675098186301,1.300514950024517,0.09597993038725683
39.720271587371826,0.0,-3.52463236516017,3.52463236516017,0.6982474402058869,0.6022675098186301,1.300514950024517,0.09597993038725683
39.740256786346436,0.0,-3.5228308921281366,3.5228308921281366,0.6982474402058869,0.6022675098186301,1.300514950024517,0.09597993038725683
39.760218143463135,0.0,-3.521389713702509,3.521389713702509,0.6982474402058869,0.6022675098186301,1.300514950024517,0.09597993038725683
39.78026986122131,0.0,-3.5202367709620077,3.5202367709620077,0.6982474402058869,0.6022675098186301,1.300514950024517,0.09597993038725683
39.80027103424072,0.0,-3.5202367709620077,3.5202367709620077,0.6982474402058869,0.6022675098186301,1.300514950024517,0.09597993038725683
39.82028532028198,0.0,-3.5368925417696064,3.5368925417696064,0.6982474402058869,0.6022675098186301,1.300514950024517,0.09597993038725683
39.840272426605225,0.0,-3.550217158415685,3.550217158415685,0.6982474402058869,0.6022675098186301,1.300514950024517,0.09597993038725683
39.860236167907715,0.0,-3.5608768517325484,3.5608768517325484,0.6982474402058869,0.6022675098186301,1.300514950024517,0.09597993038725683
39.880263805389404,0.0,-3.569404606386039,3.569404606386039,0.6982474402058869,0.6022675098186301,1.300514950024517,0.09597993038725683
39.90023398399353,0.0,-3.5762268101088317,3.5762268101088317,0.6982474402058869,0.6022675098186301,1.300514950024517,0.09597993038725683
39.92027044296265,0.0,-3.5816845730870654,3.5816845730870654,0.6982474402058869,0.6022675098186301,1.300514950024517,0.09597993038725683
39.94027614593506,0.0,-3.5860507834696524,3.5860507834696524,0.6982474402058869,0.6022675098186301,1.300514950024517,0.09597993038725683
39.960275173187256,0.0,-3.589543751775722,3.589543751775722,0.6982474402058869,0.6022675098186301,1.300514950024517,0.09597993038725683
39.98034715652466,0.0,-3.5923381264205783,3.5923381264205783,0.6982474402058869,0.6022675098186301,1.300514950024517,0.09597993038725683
