time,target_deg,actual_deg,error_deg,p1_cmd_MPa,p2_cmd_MPa,ps_cmd_MPa,pd_cmd_MPa
5.888938903808594e-05,0.0005550194158026804,-0.0879132665355598,0.08846828595136247,0.11846531881019473,0.060832604765892036,0.17929792357608676,0.057632714044302695
0.020203113555908203,0.190404745730296,-0.08790873822844784,0.27831348395874383,0.13966184621676803,0.008684229105710983,0.148346075322479,0.13097761711105704
0.04022026062011719,0.37902667987788025,-0.08790511558275828,0.4669317954606385,0.10777728399261832,0.07868422910571099,0.1864615130983293,0.029093054886907332
0.060220956802368164,0.5674337237441789,-0.08790221746620663,0.6553359412103855,0.10777728399261832,0.07868422910571099,0.1864615130983293,0.029093054886907332
0.08020329475402832,0.7555783544591286,-0.08789989897296531,0.8434782534320939,0.10777728399261832,0.07868422910571099,0.1864615130983293,0.029093054886907332
0.1002199649810791,0.9439268142125513,-0.08789804417837226,1.0318248583909235,0.10777728399261832,0.07868422910571099,0.1864615130983293,0.029093054886907332
0.12018275260925293,1.131619584712137,-0.08789656034269781,1.2195161450548349,0.10777728399261832,0.07868422910571099,0.1864615130983293,0.029093054886907332
0.1402127742767334,1.3197655333248064,-0.08789537327415826,1.4076609065989647,0.10777728399261832,0.07868422910571099,0.1864615130983293,0.029093054886907332
0.16018176078796387,1.5071301188298598,-0.08789442361932662,1.5950245424491865,0.10777728399261832,0.07868422910571099,0.1864615130983293,0.029093054886907332
0.1801602840423584,1.6943467550052973,-0.0878936638954613,1.7822404189007586,0.17777728399261833,0.05455261997878552,0.23232990397140385,0.12322466401383281
0.20015621185302734,1.8814591472104367,-0.08789305611636904,1.9693522033268058,0.17777728399261833,0.05455261997878552,0.23232990397140385,0.12322466401383281
0.22015023231506348,2.068256751544862,-0.08789305611636904,2.1561498076612313,0.15591882465407253,0.008925268128514297,0.16484409278258683,0.14699355652555823
0.2401752471923828,2.255016745498024,-0.08789256989309524,2.342909315391119,0.1269594237022102,0.06380134232342244,0.19076076602563263,0.06315808137878776
0.2601475715637207,2.4409297790779507,-0.08789218091447619,2.528821959992427,0.1269594237022102,0.06380134232342244,0.19076076602563263,0.06315808137878776
0.2801475524902344,2.6267150572027713,-0.08789186973158096,2.7146069269343522,0.08590970484539867,0.007850924208760268,0.09376062905415894,0.0780587806366384
0.3001539707183838,2.812145141787888,-0.08789162078526477,2.900036762573153,0.10868657117709518,0.017129960171878345,0.12581653134897353,0.09155661100521684
0.3201789855957031,2.997302605764929,-0.08789142162821183,3.0851940273931406,0.10868657117709518,0.017129960171878345,0.12581653134897353,0.09155661100521684
0.3401789665222168,3.181755006151568,-0.12304751230256947,3.3048025184541374,0.06877401208505035,0.05148917686194182,0.12026318894699217,0.01728483522310853
0.36014842987060547,3.3654246833514385,-0.22148488484205558,3.586909568193494,0.028733925130218274,0.0,0.028733925130218274,0.028733925130218274
0.38015222549438477,3.5488789309005617,-0.37054728287364447,3.919426213774206,0.028733925130218274,0.0,0.028733925130218274,0.028733925130218274
0.4001491069793701,3.7317094411836997,-0.5425315762989156,4.274241017482615,0.04730610659345985,0.0,0.04730610659345985,0.04730610659345985
0.420151948928833,3.914005084997441,-0.6801190110391324,4.594124096036573,0.061845389362424626,0.0,0.061845389362424626,0.061845389362424626
0.4401555061340332,4.095688971344893,-0.6801190110391324,4.775807982384026,0.03754424227401615,0.0,0.03754424227401615,0.03754424227401615
0.46013951301574707,4.276549260981641,-0.7901889588313059,5.0667382198129465,0.03754424227401615,0.0,0.03754424227401615,0.03754424227401615
0.48015403747558594,4.457009945534939,-0.8782449170650448,5.335254862599983,0.02958262542262674,0.0,0.02958262542262674,0.02958262542262674
0.5001499652862549,4.636599108362692,-0.9662678086520359,5.602866917014728,0.06964856216683984,0.05591864883899689,0.12556721100583673,0.013729913327842957
0.5201451778411865,4.815450012250775,-1.036686121921629,5.852136134172404,0.017228929493576295,0.0973711721599102,0.1146001016534865,-0.08014224266633391
0.540144681930542,4.993579004461044,-1.0930207725373031,6.086599776998348,0.017228929493576295,0.0973711721599102,0.1146001016534865,-0.08014224266633391
0.5602309703826904,5.1716872708754185,-1.1380884930298427,6.309775763905261,0.0,0.08785680960863829,0.08785680960863829,-0.08785680960863829
0.5802574157714844,5.348444873586467,-1.1741426694238741,6.522587543010341,0.0,0.12024782225489616,0.12024782225489616,-0.12024782225489616
0.6002066135406494,5.523678785161192,-1.2029860105390995,6.726664795700292,0.0,0.12024782225489616,0.12024782225489616,-0.12024782225489616
0.6201517581939697,5.698009533091303,-1.2260606834312797,6.924070216522583,0.019369617104530334,0.11151606496423483,0.13088568206876516,-0.0921464478597045
0.6401588916778564,5.871983037776458,-1.2445204217450239,7.116503459521482,0.07645995542407036,0.1149922087788582,0.19145216420292854,-0.03853225335478784
0.6601533889770508,6.044919632488714,-1.2445204217450239,7.289440054233738,0.0628767628222704,0.12604370433837175,0.18892046716064215,-0.06316694151610136
0.6801438331604004,6.2168674251647005,-1.2592882123960192,7.476155637560719,0.11631682701408863,0.08579130936414003,0.20210813637822866,0.030525517649948597
0.7001419067382812,6.387899499527602,-1.2535243199168156,7.641423819444418,0.08590887673199177,0.0798030593432486,0.16571193607524037,0.006105817388743162
0.720163106918335,6.558119072894887,-1.2489132059334525,7.8070322788283395,0.08590887673199177,0.0798030593432486,0.16571193607524037,0.006105817388743162
0.7401478290557861,6.726993562287195,-1.2452243147467619,7.972217877033957,0.035681264474987984,0.049571911338716745,0.08525317581370473,-0.013890646863728762
0.7601423263549805,6.894889222920496,-1.2422732017974096,8.137162424717905,0.052258796989917755,0.0,0.052258796989917755,0.052258796989917755
0.7801406383514404,7.061728418905994,-1.2399123114379276,8.301640730343921,0.018220379948616028,0.020487947389483452,0.03870832733809948,-0.002267567440867424
0.800137996673584,7.227444798320221,-1.2380235991503423,8.465468397470563,0.018220379948616028,0.020487947389483452,0.03870832733809948,-0.002267567440867424
0.8201496601104736,7.392137496314547,-1.236512629320274,8.62865012563482,0.026058990508317947,0.00967149343341589,0.03573048394173384,0.016387497074902058
0.8401498794555664,7.555568352487244,-1.235303853456219,8.790872205943463,0.0,0.02647960465401411,0.02647960465401411,-0.02647960465401411
0.8601393699645996,7.717719364955803,-1.2343368327649753,8.952056197720779,0.0,0.02647960465401411,0.02647960465401411,-0.02647960465401411
0.8801426887512207,7.878763843475342,-1.2343368327649753,9.113100676240318,0.0,0.041000956669449806,0.041000956669449806,-0.041000956669449806
0.9001414775848389,8.038527715413068,-1.2335632162119803,9.272090931625048,0.0,0.06491751782596111,0.06491751782596111,-0.06491751782596111
0.9201443195343018,8.197054355842727,-1.2329443229695842,9.42999867881231,0.0,0.0838666595518589,0.0838666595518589,-0.0838666595518589
0.9401378631591797,8.354213433873973,-1.2500273333756677,9.60424076724964,0.0,0.0838666595518589,0.0838666595518589,-0.0838666595518589
0.9601366519927979,8.510094845265478,-1.2636937417005343,9.773788586966011,0.015638019889593124,0.12709682434797287,0.142734844237566,-0.11145880445837975
0.9801440238952637,8.664698609235092,-1.2746268683604276,9.93932547759552,0.0,0.12956033530645072,0.12956033530645072,-0.12956033530645072
1.0001399517059326,8.81784585484066,-1.2833733696883423,10.101219224529004,0.0,0.12956033530645072,0.12956033530645072,-0.12956033530645072
1.020143747329712,8.969660661542743,-1.2727924457506739,10.242453107293418,0.0012967907823622227,0.08086400735192001,0.08216079813428223,-0.07956721656955779
1.04013991355896,9.120001428976394,-1.2819058316005392,10.401907260576934,0.0,0.09685060824267566,0.09685060824267566,-0.09685060824267566
1.0601530075073242,9.26902803002272,-1.2716184152804315,10.540646445303153,0.007691995706409217,0.16685060824267567,0.17454260394908488,-0.15915861253626645
1.080137014389038,9.416375636344377,-1.2633884822243453,10.679764118568722,0.007691995706409217,0.16685060824267567,0.17454260394908488,-0.15915861253626645
1.100142240524292,9.562392746815457,-1.2633884822243453,10.825781229039801,0.0,0.1986486617755145,0.1986486617755145,-0.1986486617755145
1.1201410293579102,9.706852801440675,-1.2568045357794762,10.963657337220152,0.035888008773326874,0.18380803654901684,0.2196960453223437,-0.14792002777568997
1.1401398181915283,9.849780217125636,-1.251537378623581,11.101317595749217,0.0038124993443489075,0.15253045077435673,0.15634295011870564,-0.14871795143000782
1.1601347923278809,9.991125610185398,-1.2473236528988647,11.238449263084263,0.07381249934434891,0.17392599063925446,0.24773848998360337,-0.10011349129490554
1.1801376342773438,10.130948765672732,-1.2263745473190921,11.357323312991824,0.07381249934434891,0.17392599063925446,0.24773848998360337,-0.10011349129490554
1.2001585960388184,10.269296151010849,-1.1744590128552737,11.443755163866122,0.11939978569746018,0.1914019402395934,0.3108017259370536,-0.07200215454213321
1.2201542854309082,10.405846943924915,-0.9747234602842191,11.380570404209134,0.08877028681337834,0.16606690774671734,0.2548371945600957,-0.077296620933339
1.2401516437530518,10.540766432120629,-0.42821626822737535,10.968982700348004,0.018770286813378334,0.16005688992328942,0.17882717673666776,-0.1412866031099111
1.2601642608642578,10.67412288929148,0.5714894854180999,10.10263340387338,0.018770286813378334,0.16005688992328942,0.17882717673666776,-0.1412866031099111
1.280151128768921,10.805623333222544,2.03922283833448,8.766400494888064,0.03980806050822139,0.18683550872839988,0.22664356923662127,-0.1470274482201785
1.3001677989959717,10.935611940080022,3.8638001456675846,7.071811794412438,0.04504968551918864,0.18370446882210673,0.22875415434129537,-0.13865478330291808
1.3201777935028076,11.063828322410988,3.8638001456675846,7.200028176743404,0.023900344502180815,0.20962903409264982,0.23352937859483064,-0.185728689590469
1.3401598930358887,11.190120775715299,5.868383866534068,5.32173690918123,0.0,0.13962903409264982,0.13962903409264982,-0.13962903409264982
1.3601438999176025,11.314661142662922,7.7533008432272545,3.561360299435668,0.0,0.16447794041596353,0.16447794041596353,-0.16447794041596353
1.3801367282867432,11.437471441113562,9.261234424581804,2.1762370165317577,0.0,0.16447794041596353,0.16447794041596353,-0.16447794041596353
1.4001405239105225,11.558542805159025,10.467581289665443,1.0909615154935821,0.0,0.11050432152114809,0.11050432152114809,-0.11050432152114809
1.420147180557251,11.677805171925357,11.432658781732354,0.24514639019300333,0.07,0.11980776092968883,0.18980776092968882,-0.04980776092968882
1.4401447772979736,11.795169498915104,12.204720775385884,-0.40955127647077916,0.042466971725225455,0.10312625556252897,0.14559322728775442,-0.06065928383730351
1.4601325988769531,11.910615677977491,12.822370370308708,-0.9117546923312165,0.042466971725225455,0.10312625556252897,0.14559322728775442,-0.06065928383730351
1.480140209197998,12.024294822300599,13.316490046246967,-1.2921952239463685,0.07815169513225556,0.10028513218276203,0.1784368273150176,-0.022133437050506466
1.5001420974731445,12.136042051092122,13.711785786997574,-1.5757437359054514,0.04254923358559609,0.030285132182762017,0.07283436576835811,0.012264101402834075
1.520148515701294,12.245897151844252,14.028022379598058,-1.7821252277538058,0.0,0.0,0.0,0.0
1.540158748626709,12.353837634075349,14.028022379598058,-1.6741847455227088,0.0,0.0,0.0,0.0
1.5601394176483154,12.45967016376794,14.281011653678448,-1.8213414899105071,0.0,0.0,0.0,0.0
1.5801384449005127,12.56363349524518,14.465824947942757,-1.9021914526975774,0.05858580023050308,0.030901243910193443,0.08948704414069653,0.02768455632030964
1.6001460552215576,12.665656415162328,14.613675583354208,-1.9480191681918804,0.03857703320682049,0.049826422706246376,0.08840345591306686,-0.011249389499425888
1.620142936706543,12.765624662720837,14.696799841683369,-1.9311751789625315,0.029112348333001133,0.04196211416274309,0.07107446249574423,-0.012849765829741958
1.6401548385620117,12.863650513450619,14.675408623346696,-1.8117581098960773,0.029112348333001133,0.04196211416274309,0.07107446249574423,-0.012849765829741958
1.6601409912109375,12.959520427021324,14.570405023677358,-1.6108845966560335,0.0,0.046176012605428696,0.046176012605428696,-0.046176012605428696
1.68013596534729,13.053387674516756,14.38093339394189,-1.3275457194251334,0.016645248979330063,0.09259859845042229,0.10924384742975235,-0.07595334947109222
1.700136661529541,13.145220653133402,14.123887340153512,-0.9786666870201106,0.0,0.05418983846902847,0.05418983846902847,-0.05418983846902847
1.7201414108276367,13.234995682316981,13.812781747122813,-0.5777860648058315,0.0,0.05418983846902847,0.05418983846902847,-0.05418983846902847
1.740159034729004,13.322735514783421,13.47600664769825,-0.15327113291482952,0.04167460277676582,0.02786104753613472,0.06953565031290054,0.013813555240631104
1.7601521015167236,13.408264068703412,13.47600664769825,-0.06774257899483871,0.008318573236465454,0.0007928516715764999,0.009111424908041954,0.007525721564888954
1.7801384925842285,13.491649272954042,13.1538521931586,0.3377970797954415,0.0,0.0,0.0,0.0
1.800154209136963,13.57302454531362,12.896128629526881,0.6768959157867389,0.0,0.0,0.0,0.0
1.8201549053192139,13.652194462512064,12.689949778621505,0.9622446838905585,0.05892336741089821,0.0,0.05892336741089821,0.05892336741089821
1.840151309967041,13.729192097167084,12.525006697897206,1.2041853992698783,0.0,0.0,0.0,0.0
1.8601412773132324,13.803998773001972,12.393052233317766,1.4109465396842058,0.0,0.0,0.0,0.0
1.880143165588379,13.876670483783606,12.287488661654214,1.589181822129392,0.04828230291604996,0.0,0.04828230291604996,0.04828230291604996
1.9001405239105225,13.947134780567954,12.20303780432337,1.7440969762445828,0.04828230291604996,0.0,0.04828230291604996,0.04828230291604996
1.9201457500457764,14.015423667470564,12.135477118458697,1.8799465490118674,0.08298719301819801,0.0,0.08298719301819801,0.08298719301819801
1.940148115158081,14.081488908973387,12.08142856976696,2.000060339206428,0.0,0.0,0.0,0.0
1.9601542949676514,14.145341956708586,12.038189730813569,2.1071522258950175,0.010509058833122253,0.05599089711904526,0.06649995595216751,-0.045481838285923004
1.980154037475586,14.206940444367657,12.038189730813569,2.168750713554088,0.03212805651128292,0.05346791655756533,0.08559597306884825,-0.02133986004628241
2.000149965286255,14.266284442479582,12.003598659650855,2.2626857828287275,0.0,0.018662413815036416,0.018662413815036416,-0.018662413815036416
2.020153284072876,14.323397231342183,11.975925802720685,2.347471428621498,0.0049789175391197205,0.060072625288739794,0.06505154282785952,-0.05509370774962007
2.0401504039764404,14.378230792727551,11.953787517176549,2.4244432755510026,0.06807243824005127,0.1300726252887398,0.19814506352879108,-0.06200018704868854
2.060149669647217,14.430800036854224,11.936076888741239,2.4947231481129855,0.03828216902911663,0.2000726252887398,0.23835479431785644,-0.16179045625962318
2.0801522731781006,14.481098860533187,11.921908385992992,2.5591904745401948,0.035654389997944236,0.20049562289263123,0.23615001289057547,-0.164841232894687
2.1001486778259277,14.529095831606098,11.910573583794394,2.618522247811704,0.09035495831631124,0.13049562289263122,0.22085058120894246,-0.040140664576319984
2.120147466659546,14.574804627047348,11.901505742035516,2.6732988850118318,0.024518267950043082,0.11347542717005128,0.13799369512009435,-0.0889571592200082
2.140150785446167,14.618221741711663,11.894251468628413,2.72397027308325,0.0330830083694309,0.07788806049968117,0.11097106886911207,-0.04480505213025027
2.160158634185791,14.659338750835467,11.888448049902731,2.7708907009327355,0.0,0.10108132487977856,0.10108132487977856,-0.10108132487977856
2.180152416229248,14.698112599579357,11.883805314922187,2.81430728465717,0.0,0.11205295300926083,0.11205295300926083,-0.11205295300926083
2.2001535892486572,14.734579935124554,11.883805314922187,2.850774620202367,0.0,0.10346614862675779,0.10346614862675779,-0.10346614862675779
2.2201507091522217,14.768713554529379,11.88009112693775,2.8886224275916295,0.0,0.09293454340542667,0.09293454340542667,-0.09293454340542667
2.240161180496216,14.800536147774995,11.8771197765502,2.9234163712247945,0.0,0.054980190609348945,0.054980190609348945,-0.054980190609348945
2.260143995285034,14.829979985062963,11.857164571240162,2.9728154138228007,0.0,0.057948487250832854,0.057948487250832854,-0.057948487250832854
2.2801356315612793,14.85709746846434,11.85877853199213,2.998318936472211,0.0,0.11309470459702425,0.11309470459702425,-0.11309470459702425
2.300142526626587,14.881888817897071,11.860069700593703,3.0218191173033677,0.0,0.15801856517675333,0.15801856517675333,-0.15801856517675333
2.3201494216918945,14.904328523955117,11.861102635474964,3.043225888480153,0.0,0.13502844273927622,0.13502844273927622,-0.13502844273927622
2.340151309967041,14.924408309385413,11.861928983379972,3.062479326005441,0.0,0.13502844273927622,0.13502844273927622,-0.13502844273927622
2.360140562057495,14.942120461167642,11.862590061703978,3.079530399463664,0.022631609812378883,0.20502844273927623,0.2276600525516551,-0.18239683292689735
2.3801445960998535,14.957486096504923,11.863118924363183,3.094367172141739,0.007930595427751541,0.17522569008055144,0.18315628550830299,-0.1672950946527999
2.400161027908325,14.970496143975012,11.863542014490546,3.106954129484466,0.012188461609184742,0.17551124813384378,0.18769970974302852,-0.16332278652465904
2.4201507568359375,14.981125671506007,11.863542014490546,3.1175836570154605,0.012188461609184742,0.17551124813384378,0.18769970974302852,-0.16332278652465904
2.440145492553711,14.989393709075266,11.863880486592437,3.1255132224828284,0.0,0.1824026030523237,0.1824026030523237,-0.1824026030523237
2.46014142036438,14.995296274838129,11.86415126427395,3.131145010564179,0.0,0.17935424456722104,0.17935424456722104,-0.17935424456722104
2.48014760017395,14.998833079160946,11.86436788641916,3.1344651927417857,0.0,0.11058949837810361,0.11058949837810361,-0.11058949837810361
2.50014328956604,14.999999939207482,11.864541184135328,3.135458755072154,0.0,0.11058949837810361,0.11058949837810361,-0.11058949837810361
2.520153045654297,14.9987974681864,11.882257947308263,3.1165395208781366,0.03699249029159546,0.10531432852498257,0.14230681881657803,-0.06832183823338711
2.540170431137085,14.995222387412937,11.984321982846613,3.010900404566325,0.021703695878386497,0.08412468545488083,0.10582838133326733,-0.062420989576494335
2.560145139694214,14.989290470525859,12.18902008627729,2.8002703842485683,0.0917036958783865,0.15412468545488084,0.24582838133326734,-0.062420989576494335
2.580142021179199,14.980987036516476,12.475825444021833,2.505161592494643,0.0917036958783865,0.15412468545488084,0.24582838133326734,-0.062420989576494335
2.600158929824829,14.970306799226528,12.793160355217468,2.1771464440090593,0.0946886641252786,0.21381240792921746,0.30850107205449606,-0.11912374380393886
2.620149850845337,14.957277052738993,13.082184534173976,1.8750925185650171,0.035893990593031055,0.23954798922291962,0.27544197981595064,-0.20365399862988856
2.6401469707489014,14.941882384888984,13.082184534173976,1.8596978507150084,0.015868713082745678,0.23965016754023963,0.25551888062298533,-0.22378145445749395
2.660144329071045,14.924128674378885,13.313403877339182,1.610724797039703,0.0,0.23029333820246395,0.23029333820246395,-0.23029333820246395
2.6801416873931885,14.904018893458158,13.498379351871346,1.4056395415868117,0.0,0.23029333820246395,0.23029333820246395,-0.23029333820246395
2.700143337249756,14.881551143972569,13.646359731497077,1.2351914124754924,0.0008881894173100591,0.1941397832860821,0.19502797270339217,-0.19325159386877205
2.720158338546753,14.856715686696921,13.764744035197662,1.091971651499259,0.03516385529655963,0.1594410995175713,0.19460495481413093,-0.12427724422101166
2.7401652336120605,14.829542146324586,13.859451478158132,0.9700906681664545,0.0,0.19989500661991771,0.19989500661991771,-0.19989500661991771
2.7601568698883057,14.800048638054639,13.987951807526505,0.8120968305281338,0.013376383110880852,0.1298950066199177,0.14327138973079856,-0.11651862350903686
2.7801480293273926,14.768220771768569,14.266533321021207,0.5016874507473617,0.004933551885187626,0.11362836448155579,0.11856191636674342,-0.10869481259636816
2.800149440765381,14.734044779508949,14.717914156816965,0.01613062269198373,0.0,0.1508769833823317,0.1508769833823317,-0.1508769833823317
2.820148229598999,14.697546720972813,15.272378200453574,-0.5748314794807605,0.0,0.1562912443993264,0.1562912443993264,-0.1562912443993264
2.8401615619659424,14.658698957809357,15.76868381036286,-1.109984852553504,0.0,0.10036582670785721,0.10036582670785721,-0.10036582670785721
2.860152006149292,14.617581729407343,15.76868381036286,-1.1511020809555177,0.007432307582348586,0.13152147069253262,0.1389537782748812,-0.12408916311018403
2.880141496658325,14.57416054706925,16.16572829829029,-1.5915677512210404,0.0008135102689266205,0.09626694753445919,0.09708045780338581,-0.09545343726553257
2.9001424312591553,14.528413521675741,16.48336388863223,-1.9549503669564885,0.07081351026892663,0.13545008361019428,0.2062635938791209,-0.06463657334126766
2.92014741897583,14.480362109509183,16.737472360905787,-2.257110251396604,0.04848291508853436,0.10300536811031635,0.15148828319885072,-0.05452245302178199
2.9401631355285645,14.42999532998093,16.94075913872463,-2.5107638087437003,0.0,0.144442580488103,0.144442580488103,-0.144442580488103
2.9601502418518066,14.377423185036312,17.103388560979703,-2.7259653759433906,0.07,0.14537405114300783,0.21537405114300784,-0.07537405114300783
2.9801456928253174,14.322560236700335,17.21591397378376,-2.893353737083425,0.09910277247428895,0.12512446459062632,0.22422723706491526,-0.02602169211633737
3.000159502029419,14.265383136435865,17.270778054027012,-3.005394917591147,0.130190387070179,0.05512446459062631,0.1853148516608053,0.07506592247955268
3.020162582397461,14.20598271794231,17.27951306822161,-3.0735303502793005,0.130190387070179,0.05512446459062631,0.1853148516608053,0.07506592247955268
3.0401718616485596,14.144318868846785,17.25134482957729,-3.107025960730507,0.1317581345140934,0.12512446459062632,0.2568825991047197,0.006633669923467089
3.0601518154144287,14.080514676495303,17.176075863661833,-3.0955611871665294,0.16458630159497262,0.1865496065808111,0.3511359081757837,-0.021963304985838483
3.080148696899414,14.014434587507793,17.176075863661833,-3.1616412761540396,0.12259047076106072,0.20016721713967855,0.3227576879007393,-0.07757674637861783
3.1001415252685547,13.946156212373076,17.063126315929466,-3.1169701035563904,0.09676074206829072,0.13665316331811483,0.23341390538640555,-0.03989242124982412
3.12014102935791,13.875653256913598,16.902454177743575,-3.0268009208299773,0.0514261943101883,0.125693267059105,0.1771194613692933,-0.0742670727489167
3.1401586532592773,13.802892431921695,16.650869592194862,-2.8479771602731674,0.0514261943101883,0.125693267059105,0.1771194613692933,-0.0742670727489167
3.1601521968841553,13.728039588751685,16.27382067375589,-2.5457810850042044,0.043936867900192744,0.13051327302731808,0.17445014092751082,-0.08657640512712533
3.180152177810669,13.650995182977807,15.726087789004712,-2.075092606026905,0.005419463552534587,0.09515901267208393,0.10057847622461852,-0.08973954911954934
3.2001428604125977,13.571832451294673,15.00665148120377,-1.4348190299090966,0.0754194635525346,0.10291817675955828,0.17833764031209287,-0.027498713207023684
3.2201454639434814,13.49047944656913,14.149852434963016,-0.6593729883938853,0.08987720903009178,0.1275113884700113,0.2173885975001031,-0.037634179439919535
3.240147590637207,13.406997599537682,13.288631947970412,0.11836565156727019,0.10489447914063932,0.18260527666338022,0.28749975580401954,-0.0777107975227409
3.2601466178894043,13.321411609356229,12.582077433376332,0.7393341759798968,0.10489447914063932,0.18260527666338022,0.28749975580401954,-0.0777107975227409
3.2801406383514404,13.233744433742684,11.999255696701066,1.2344887370416178,0.05433387063443662,0.13973405476339396,0.19406792539783058,-0.08540018412895733
3.3001368045806885,13.14397900165158,11.999255696701066,1.1447233049505137,0.033216347321867956,0.16468139629490908,0.19789774361677703,-0.13146504897304112
3.3201396465301514,13.052107772847755,11.532998307360852,1.5191094654869026,0.0,0.22753506045468383,0.22753506045468383,-0.22753506045468383
3.340153217315674,12.958123946208696,11.177570520888684,1.7805534253200115,0.0,0.22753506045468383,0.22753506045468383,-0.22753506045468383
3.360142469406128,12.862209031534128,10.875650166710948,1.9865588648231807,0.0,0.1972869735551649,0.1972869735551649,-0.1972869735551649
3.380143165588379,12.764208555109736,10.634113883368759,2.130094671740977,0.0,0.2672869735551649,0.2672869735551649,-0.2672869735551649
3.400144577026367,12.664188709270897,10.440884856695005,2.223303852575892,0.004087410867214203,0.1972869735551649,0.2013743844223791,-0.1931995626879507
3.4201674461364746,12.562058242878035,10.303879760356006,2.2581784825220286,0.04693162068724632,0.20111533076182242,0.24804695144906874,-0.1541837100745761
3.440168857574463,12.458052180820287,10.299744433284806,2.1583077475354813,0.04693162068724632,0.20111533076182242,0.24804695144906874,-0.1541837100745761
3.460153818130493,12.352166535960734,10.542529921627844,1.8096366143328897,0.014799300581216812,0.17269964896753665,0.18749894954875346,-0.15790034838631983
3.480149269104004,12.244276161358702,11.158633312302277,1.0856428490564252,0.0572940707206726,0.20369282000378008,0.2609868907244527,-0.14639874928310748
3.5001416206359863,12.134470325302365,12.214016024841822,-0.079545699539457,0.023826438933610916,0.2160516680093133,0.23987810694292422,-0.1922252290757024
3.520148515701294,12.022667816663521,12.214016024841822,-0.1913482081783009,0.023826438933610916,0.2160516680093133,0.23987810694292422,-0.1922252290757024
3.540163040161133,11.90892176100383,13.585665944873458,-1.6767441838696282,0.04079003632068634,0.25942328580335017,0.3002133221240365,-0.21863324948266383
3.5601494312286377,11.79345626367853,15.05212650589877,-3.258670242220239,0.044923389330506325,0.26209799906850095,0.3070213883990073,-0.21717460973799463
3.580141544342041,11.676097121989923,16.330763704719015,-4.654666582729092,0.030851412564516068,0.25347205958009,0.28432347214460607,-0.22262064701557394
3.600141763687134,11.556846939158206,17.336095338775216,-5.7792483996170105,0.040591128170490265,0.2374229688072228,0.27801409697771307,-0.19683184063673254
3.620154619216919,11.43569468774599,18.140360646020174,-6.704665958274184,0.040591128170490265,0.2374229688072228,0.27801409697771307,-0.19683184063673254
3.6401472091674805,11.312859706563042,18.783772891816138,-7.470913185253096,0.11059112817049027,0.2228240283080959,0.33341515647858616,-0.11223290013760562
3.6601510047912598,11.188169271817443,19.298502688452913,-8.11033341663547,0.11292140807956458,0.26829316707939144,0.381214575158956,-0.15537175899982686
3.6801414489746094,11.061796413512607,19.71028652576233,-8.648490112249725,0.18292140807956458,0.19829316707939143,0.381214575158956,-0.015371758999826846
3.700131416320801,10.933681514780941,20.057291720609864,-9.123610205828923,0.18609588789753617,0.1401231017956161,0.3262189896931523,0.04597278610192007
3.7201406955718994,10.803715529806002,20.31731775148789,-9.51360222168189,0.2051981371920556,0.1314241941148066,0.3366223313068622,0.073773943077249
3.7401392459869385,10.672112985814113,20.31731775148789,-9.645204765673778,0.2051981371920556,0.1314241941148066,0.3366223313068622,0.073773943077249
3.760148763656616,10.538751882076955,20.52533857619031,-9.986586694113356,0.22370845648460091,0.16163969776273007,0.385348154247331,0.06206875872187084
3.780143976211548,10.403822125735607,20.69175523595225,-10.287933110216644,0.1537084564846009,0.14963477468729253,0.30334323117189343,0.004073681797308382
3.800140857696533,10.267238804582954,20.824888563761803,-10.55764975917885,0.2201382056158036,0.17620809367537732,0.3963462992911809,0.043930111940426286
3.820152997970581,10.128928601818094,20.825926476009442,-10.696997874191348,0.20967054872773588,0.13386871284485097,0.34353926157258685,0.07580183588288492
3.8401498794555664,9.989124265234015,20.49277243080756,-10.503648165573544,0.2475476762559265,0.06782988822698827,0.31537756448291476,0.17971778802893823
3.8601458072662354,9.84774980188116,19.628592944646044,-9.780843142764885,0.19966105877421797,0.03891087128460641,0.23857193005882438,0.16075018748961156
3.880140542984009,9.704829464705595,18.25170248071684,-8.546873016011245,0.19966105877421797,0.03891087128460641,0.23857193005882438,0.16075018748961156
3.900139093399048,9.560349725105485,16.570111984573472,-7.009762259467987,0.2190850856062025,0.03176601082697744,0.25085109643317993,0.18731907477922505
3.9201436042785645,9.414316780232406,14.83812083765878,-5.4238040574263735,0.20045982061885298,0.0076521843732916825,0.20811200499214466,0.1928076362455613
3.9401602745056152,9.266706420091921,13.188856045127025,-3.922149625035104,0.20046673104418006,0.022050539410265635,0.2225172704544457,0.17841619163391442
3.9601492881774902,9.117837274520701,13.188856045127025,-4.071018770606324,0.1687896041597196,0.0,0.1687896041597196,0.1687896041597196
3.9801437854766846,8.967488468817114,11.60577233610162,-2.638283867284505,0.13357610762370314,0.0,0.13357610762370314,0.13357610762370314
4.000142812728882,8.8156898296069,9.970164743881297,-1.154474914274397,0.13357610762370314,0.0,0.13357610762370314,0.13357610762370314
4.020144939422607,8.662475378135648,8.222225545105038,0.4402498330306095,0.18262071296823706,0.0035581390839070086,0.18617885205214407,0.17906257388433006
4.040159702301025,8.507794646788838,6.36684293608403,2.140951710704808,0.19579780725081947,0.05788756790570914,0.2536853751565286,0.13791023934511032
4.0601489543914795,8.351968168665941,4.4958180988672245,3.8561500697987166,0.23276457813819432,0.0451089337002486,0.2778735118384429,0.18765564443794572
4.08014440536499,8.194775301247502,2.7529044790937793,5.441870822153723,0.23276457813819432,0.0451089337002486,0.2778735118384429,0.18765564443794572
4.1001482009887695,8.036222565175057,1.1476360832750234,6.888586481900034,0.22063418635418203,0.07518233242444694,0.29581651877862897,0.1454518539297351
4.12014627456665,7.876446230637278,-0.3299380083799813,8.20638423901726,0.15217082360079076,0.10119360010139644,0.2533644237021872,0.05097722349939432
4.140153408050537,7.715353127269357,-1.670200406703985,9.385553533973342,0.14737052488391783,0.1197243637870997,0.26709488867101755,0.027646161096818125
4.1601526737213135,7.553104876618314,-2.865457200363188,10.418562076981502,0.19121744874184515,0.0943101632874459,0.28552761202929106,0.09690728545439925
4.180153846740723,7.389648347163689,-2.865457200363188,10.255105547526878,0.14680439624255087,0.13493322837166488,0.28173762461421575,0.01187116787088599
4.200148582458496,7.225077938123605,-3.8743970102905507,11.099474948414155,0.10004892963235762,0.2049332283716649,0.3049821580040225,-0.10488429873930727
4.2201478481292725,7.059329535844414,-4.681548858232441,11.740878394076855,0.07299542817538168,0.19826271750964225,0.27125814568502393,-0.12526728933426057
4.240148067474365,6.892458482350699,-5.327270336585953,12.219728818936652,0.07299542817538168,0.19826271750964225,0.27125814568502393,-0.12526728933426057
4.2601470947265625,6.7245090488537,-5.8262693942687624,12.550778443122462,0.002995428175381676,0.25022740655578674,0.2532228347311684,-0.24723197838040506
4.280145645141602,6.555501882898071,-6.225468640415011,12.780970523313082,0.0,0.2351813166681677,0.2351813166681677,-0.2351813166681677
4.3001487255096436,6.3854210450745015,-6.4745155373320085,12.85993658240651,0.0,0.3051813166681677,0.3051813166681677,-0.3051813166681677
4.320144891738892,6.214390873487571,-6.392503054865608,12.606893928353179,0.0,0.2997821714822203,0.2997821714822203,-0.2997821714822203
4.340181112289429,6.042034231960207,-5.7643930688924865,11.806427300852693,0.0,0.25693243705667557,0.25693243705667557,-0.25693243705667557
4.360152244567871,5.869284561481452,-4.488467580113989,10.35775214159544,0.0,0.27093084120191635,0.27093084120191635,-0.27093084120191635
4.38014817237854,5.695394545437052,-2.553664689091191,8.249059234528243,0.0,0.27093084120191635,0.27093084120191635,-0.27093084120191635
4.400144338607788,5.5206034374468125,-2.553664689091191,8.074268126538003,0.018567785620689392,0.2443585801962763,0.2629263658169657,-0.2257907945755869
4.420147895812988,5.344875810334377,-0.02144737627295247,5.36632318660733,0.07768648117780685,0.24500505141681062,0.32269153259461747,-0.16731857023900376
4.440150022506714,5.168316521801922,2.971123348981638,2.1971931728202834,0.14768648117780686,0.21783240958815442,0.3655188907659613,-0.07014592841034756
4.460144996643066,4.9910044928824675,6.20892992918531,-1.217925436302843,0.1533168630488217,0.1924541711783968,0.3457710342272185,-0.03913730812957511
4.480140686035156,4.812898337847968,9.34409706834825,-4.531198730500281,0.16653486823663116,0.18780011897673832,0.3543349872133695,-0.021265250740107156
4.500139951705933,4.634000441079443,12.063168279678601,-7.429167838599159,0.12786208575591446,0.21892402535071598,0.34678611110663043,-0.09106193959480152
4.520140171051025,4.454362252938095,14.220847123742884,-9.766484870804788,0.12786208575591446,0.21892402535071598,0.34678611110663043,-0.09106193959480152
4.540155649185181,4.273882804432022,15.946990198994309,-11.673107394562287,0.19786208575591446,0.22184984599938617,0.41971193175530064,-0.023987760243471712
4.5601418018341064,4.092993313858761,17.327904659195447,-13.234911345336686,0.14309180608019234,0.15184984599938617,0.2949416520795785,-0.008758039919193827
4.580143451690674,3.911317382160227,18.379901852356358,-14.46858447019613,0.1879425429366529,0.1840179810463451,0.371960523982998,0.0039245618903078205
4.600147485733032,3.7290019412149764,19.098452731885086,-15.36945079067011,0.2579425429366529,0.14871803914895282,0.40666058208560574,0.1092245037877001
4.620144367218018,3.546162910474768,19.098452731885086,-15.552289821410318,0.3279425429366529,0.09808499982347713,0.42602754276013005,0.2298575431131758
4.640151023864746,3.362674290298426,19.409621560508068,-16.046947270209643,0.3351498499698937,0.07554858049144969,0.4106984304613434,0.25960126947844403
4.660155773162842,3.1786718794213678,19.306994123406454,-16.128322243985085,0.3351498499698937,0.07554858049144969,0.4106984304613434,0.25960126947844403
4.680149793624878,2.994266362861698,18.803017173725166,-15.808750810863469,0.3206496427021921,0.04021910076728091,0.360868743469473,0.2804305419349112
4.700150489807129,2.809326495782551,17.907648113980134,-15.098321618197582,0.31256287472322586,0.00976656248560176,0.3223294372088276,0.3027963122376241
4.7201502323150635,2.62395182217768,16.576118491184108,-13.952166669006427,0.29520313927903774,0.03481581608531997,0.3300189553643577,0.26038732319371777
4.7401628494262695,2.438043080146507,14.755035417947289,-12.316992337800782,0.3035903025604785,0.015822222332935787,0.31941252489341426,0.2877680802275427
4.760147571563721,2.2520087813903893,12.419262709357831,-10.167253927967442,0.34390070030465725,0.0,0.34390070030465725,0.34390070030465725
4.780148983001709,2.06546361291971,9.601425792486266,-7.535962179566556,0.380714682135731,0.0,0.380714682135731,0.380714682135731
4.8001508712768555,1.8785877790639351,6.538562508989012,-4.659974729925077,0.38010989091824743,0.012647674418985844,0.39275756533723327,0.3674622164992616
4.820141792297363,1.6915179430615412,3.4906156321912096,-1.7990976891296684,0.42800349704455587,0.04198953043669462,0.4699930274812505,0.38601396660786125
4.840163230895996,1.503895067333164,3.4906156321912096,-1.9867205648580457,0.4526410024566576,0.003018326126039028,0.45565932858269664,0.4496226763306186
4.8601391315460205,1.3164617292351861,0.7006956307529681,0.615766098482218,0.4470222393004224,0.0,0.4470222393004224,0.4470222393004224
4.880147218704224,1.1285185165242126,-1.7597559953976258,2.8882745119218383,0.4722912894515321,0.009656663984060287,0.4819479534355924,0.4626346254674718
4.9001429080963135,0.9405135698223105,-4.026945421318101,4.967458991140411,0.420758007648401,0.03781083784997463,0.4585688454983756,0.38294716979842636
4.920149803161621,0.7522546910664221,-6.297728212054482,7.049982903120904,0.4323596317274496,0.04273691866546869,0.4750965503929183,0.38962271306198093
4.940160512924194,0.5638410133908508,-8.606541944643586,9.170382958034438,0.4248616756824777,0.015934876166284084,0.44079655184876176,0.4089267995161936
4.960145950317383,0.3755763151455937,-10.84031168071487,11.215887995860463,0.3951404808042571,0.0,0.3951404808042571,0.3951404808042571
4.980150461196899,0.1870726460019371,-12.926155594571895,13.113228240573832,0.35250762532930824,0.04055594280362129,0.39306356813292953,0.31195168252568695
5.000146865844727,-0.0013841779746047965,-14.858502600657516,14.85711842268291,0.31504751424770805,0.0,0.31504751424770805,0.31504751424770805
5.020149230957031,-0.1898969550056821,-16.597739580526014,16.40784262552033,0.24504751424770807,0.0,0.24504751424770807,0.24504751424770807
5.04016637802124,-0.37851901028005824,-18.094597914420813,17.716078904140755,0.19906160693150016,0.0,0.19906160693150016,0.19906160693150016
5.060150384902954,-0.5667690747801711,-18.094597914420813,17.52782883964064,0.12906160693150015,0.07,0.19906160693150016,0.059061606931500144
5.0801520347595215,-0.7550958532993688,-19.309662706536653,18.554566853237283,0.19906160693150016,0.14,0.33906160693150017,0.059061606931500144
5.100152254104614,-0.9432899181893526,-20.299292665229324,19.35600274703997,0.12906160693150015,0.20943531334400178,0.33849692027550193,-0.08037370641250163
5.120150327682495,-1.1313148576211556,-21.090996632183458,19.959681774562302,0.10121888409834356,0.2794353133440018,0.38065419744234535,-0.17821642924565823
5.140148401260376,-1.3191611837352997,-21.74193793074677,20.42277674701147,0.031218884098343558,0.3494353133440018,0.38065419744234535,-0.31821642924565824
5.160142421722412,-1.5067612326342796,-22.245112844597415,20.738351611963136,0.0,0.36843657188117507,0.36843657188117507,-0.36843657188117507
5.1801464557647705,-1.6942172606053978,-22.524605900677933,20.830388640072535,0.0,0.4384365718811751,0.4384365718811751,-0.4384365718811751
5.200139284133911,-1.881300867093823,-22.449372220542347,20.568071353448524,0.0,0.4384365718811751,0.4384365718811751,-0.4384365718811751
5.220164060592651,-2.0683858350693733,-21.932154026433878,19.863768191364503,0.12197572708129885,0.29843657188117506,0.4204122989624739,-0.17646084479987623
5.240154504776001,-2.254823474373366,-20.832832596147107,18.57800912177374,0.07359248369932175,0.23165049873292445,0.30524298243224623,-0.1580580150336027
5.260145425796509,-2.440909825256461,-18.986578576917687,16.545668751661225,0.07154480920173228,0.3016504987329245,0.3731953079346568,-0.2301056895311922
5.280141592025757,-2.6266597491566603,-18.986578576917687,16.359918827761028,0.1415448092017323,0.23165049873292445,0.3731953079346567,-0.09010568953119216
5.300147771835327,-2.8120877545631497,-16.20879411153415,13.396706356971,0.20984066055156292,0.3016504987329245,0.5114911592844874,-0.09180983818136157
5.3201494216918945,-2.9970295913302434,-12.439691539227322,9.44266194789708,0.20984066055156292,0.3016504987329245,0.5114911592844874,-0.09180983818136157
5.34014630317688,-3.1814541659345528,-8.035737606381858,4.854283440447305,0.2798406605515629,0.23165049873292445,0.5114911592844874,0.04819016181863847
5.360140323638916,-3.365350231604785,-3.598511960105487,0.23316172850070194,0.3280582998786122,0.3016504987329245,0.6297087986115366,0.026407801145687693
5.38013482093811,-3.5487195536837293,0.3028310569156104,-3.8515506105993396,0.3906122644338757,0.23165049873292445,0.6222627631668002,0.15896176570095125
5.400140762329102,-3.7316332673128407,3.4414835955324885,-7.17311686284533,0.4307082903478295,0.2777573624998331,0.7084656528476626,0.15295092784799635
5.420144081115723,-3.9139335014392405,5.934827501425991,-9.848761002865231,0.4307082903478295,0.2777573624998331,0.7084656528476626,0.15295092784799635
5.4401466846466064,-4.095608989980049,7.929502626140792,-12.025111616120842,0.47584812090732165,0.34775736249983313,0.8236054834071548,0.12809075840748851
5.460137128829956,-4.276527723149529,9.384617725912635,-13.661145449062165,0.5072321195993572,0.36532803133130076,0.872560150930658,0.14190408826805645
5.480135917663574,-4.456846882968191,10.179569180730109,-14.636416063698299,0.5429252547118812,0.41942554220557215,0.9623507969174534,0.12349971250630909
5.5001349449157715,-4.636464477240603,10.179569180730109,-14.816033657970712,0.5429252547118812,0.41942554220557215,0.9623507969174534,0.12349971250630909
5.520154237747192,-4.815530880126172,10.253030344584088,-15.06856122471026,0.6473705814871937,0.4139357163012028,1.0613062977883965,0.23343486518599094
5.540152072906494,-4.993644689423881,9.766877400667271,-14.760522090091152,0.7,0.3439357163012028,1.0439357163012026,0.35606428369879717
5.560150623321533,-5.170976442939256,9.008814420533817,-14.179790863473073,0.6580544121563434,0.2874079824984074,0.9454623946547508,0.37064642965793604
5.580153703689575,-5.347531646297556,8.209004661427056,-13.556536307724611,0.6580544121563434,0.2874079824984074,0.9454623946547508,0.37064642965793604
5.600151538848877,-5.523196190613549,7.481266229141644,-13.004462419755193,0.6962860830128192,0.32270840123295785,1.018994484245777,0.3735776817798614
5.620143890380859,-5.697940939019956,6.793606733313315,-12.491547672333272,0.7,0.25502215638756753,0.9550221563875675,0.4449778436124324
5.640159845352173,-5.871991308623238,6.085276011650652,-11.957267320273889,0.6675824083387851,0.29145117160864176,0.9590335799474269,0.37613123673014337
5.660154104232788,-6.044925801982838,5.360408309320521,-11.405334111303358,0.7,0.2765952000487596,0.9765952000487595,0.42340479995124036
5.6801440715789795,-6.216869470126968,4.622311022456417,-10.839180492583385,0.7,0.2765952000487596,0.9765952000487595,0.42340479995124036
5.700138330459595,-6.387869003023036,3.8912081929651343,-10.27907719598817,0.7,0.23004816343076528,0.9300481634307652,0.46995183656923467
5.7201433181762695,-6.557951337616862,3.8912081929651343,-10.449159530581996,0.7,0.20545245391316713,0.9054524539131671,0.4945475460868328
5.7401604652404785,-6.727100007581548,3.095388429372107,-9.822488436953655,0.7,0.14787898642010988,0.8478789864201098,0.5521210135798901
5.76015043258667,-6.894957072812689,2.142326368497686,-9.037283441310375,0.6391307011246681,0.15421407680027188,0.79334477792494,0.4849166243243962
5.78014063835144,-7.06172841890599,1.0458923447981487,-8.107620763704139,0.569130701124668,0.1484842706564814,0.7176149717811494,0.4206464304681866
5.8001391887664795,-7.22745464333917,-0.1300829991614811,-7.097371644177689,0.569130701124668,0.1484842706564814,0.7176149717811494,0.4206464304681866
5.82016134262085,-7.392233302653466,-1.3521132743291848,-6.0401200283242815,0.6391307011246681,0.07848427065648139,0.7176149717811495,0.5606464304681866
5.840166330337524,-7.555702292521764,-2.6109874944633478,-4.944714798058417,0.5995202258229255,0.019899889761582024,0.6194201155845076,0.5796203360613434
5.8601555824279785,-7.717850386773422,-3.934493120570678,-3.7833572662027435,0.6103829003870487,0.007048238934949047,0.6174311393219978,0.6033346614520996
5.880150079727173,-7.87882311894545,-5.292125746456543,-2.5866973724889064,0.5461895398795604,0.004501206735149033,0.5506907466147095,0.5416883331444113
5.9001429080963135,-8.038539098210316,-6.641903722165234,-1.396635376045082,0.5222123626619577,0.0,0.5222123626619577,0.5222123626619577
5.920143127441406,-8.197044946593003,-7.9502417277321875,-0.24680321886081558,0.5222123626619577,0.0,0.5222123626619577,0.5222123626619577
5.940152883529663,-8.35433100886551,-7.9502417277321875,-0.4040892811333219,0.5345613218843936,0.03046538308262825,0.5650267049670219,0.5040959388017654
5.960160970687866,-8.510283585380387,-9.33089650718575,0.8206129218053633,0.5170990347862243,0.08023492619395256,0.5973339609801769,0.43686410859227176
5.980151176452637,-8.664753636085665,-10.8221390807486,2.1573854446629355,0.47311223745346065,0.054585736244916916,0.5276979736983776,0.41852650120854373
6.000136613845825,-8.817820405913114,-12.313961264598882,3.4961408586857683,0.47311223745346065,0.054585736244916916,0.5276979736983776,0.41852650120854373
6.020147323608398,-8.969687677022058,-13.771090886679108,4.80140320965705,0.4789669171907007,0.12298401817679407,0.6019509353674948,0.3559828990139067
6.040149450302124,-9.120072789205137,-15.23562270934329,6.115549920138152,0.453473846707493,0.09073756635189056,0.5442114130593836,0.36273628035560246
6.060150384902954,-9.26900859642252,-16.776388792474634,7.5073801960521145,0.4133175716735422,0.15432587265968323,0.5676434443332254,0.258991699013859
6.080153703689575,-9.41649807395989,-18.237517283979706,8.821019210019816,0.42929603653028603,0.19694381207227707,0.6262398486025631,0.23235222445800896
6.100154638290405,-9.56248277140741,-19.441576327183764,9.879093555776354,0.39657697202637787,0.21724211797118187,0.6138190899975597,0.179334854055196
6.120153188705444,-9.706940169850512,-20.387245436747012,10.6803052668965,0.39657697202637787,0.21724211797118187,0.6138190899975597,0.179334854055196
6.140157461166382,-9.849905624693413,-21.143780724397608,11.293875099704195,0.37189385043457146,0.27184880152344704,0.6437426519580185,0.10004504891112442
6.160154819488525,-9.991266396288745,-21.143780724397608,11.152514328108863,0.3991992597468197,0.2550479285418987,0.6542471882887184,0.14415133120492096
6.180153131484985,-10.13105647616196,-21.69627457951809,11.565218103356129,0.43050141381099816,0.31077153608202934,0.7412729498930275,0.11972987772896881
6.200153112411499,-10.26925847994087,-21.927332163614473,11.658073683673603,0.4970929001457989,0.3442649394273758,0.8413578395731747,0.15282796071842308
6.220147371292114,-10.405800009830909,-21.743037605891576,11.337237596060667,0.4970929001457989,0.3442649394273758,0.8413578395731747,0.15282796071842308
6.240159273147583,-10.540817590406801,-21.173726959713264,10.632909369306462,0.5249889840371906,0.3391212159767747,0.8641102000139653,0.18586776806041594
6.260148525238037,-10.674018693309835,-20.366715942770615,9.69269724946078,0.46839286135509606,0.2691212159767747,0.7375140773318707,0.19927164537832137
6.280149698257446,-10.805613982131009,-19.457435254216488,8.65182127208548,0.5383928613550961,0.27522876795381307,0.8136216293089091,0.26316409340128305
6.30014443397522,-10.935461211617916,-18.466338828373193,7.5308776167552764,0.5566221782751382,0.3452287679538131,0.9018509462289512,0.21139341032132508
6.32014799118042,-11.063638655951415,-17.304321062698552,6.240682406747137,0.5696456646360457,0.3452287679538131,0.9148744325898588,0.22441689668223264
6.340155839920044,-11.190095337077052,-16.075878725158844,4.8857833880817925,0.5696456646360457,0.3452287679538131,0.9148744325898588,0.22441689668223264
6.3601555824279785,-11.314733428267301,-14.970077980127074,3.6553445518597734,0.5956213390268386,0.3971692016348243,0.9927905406616628,0.19845213739201428
6.380160808563232,-11.437618275103658,-14.970077980127074,3.5324597050234168,0.6446965476311743,0.4528836077079177,1.097580155339092,0.19181293992325665
6.400152921676636,-11.558617277425244,-14.085437384101661,2.5268201066764178,0.7,0.4160592621192336,1.1160592621192336,0.28394073788076635
6.420149803161621,-11.677820685068586,-13.37772490728133,1.6999042222127443,0.689512781612575,0.3460592621192336,1.0355720437318086,0.3434535194933414
6.440143346786499,-11.795161169735069,-12.811554925825067,1.0163937560899985,0.6990100804716348,0.3462309875100618,1.0452410679816966,0.352779092961573
6.46013879776001,-11.910651191192684,-12.341040815660053,0.4303896244673684,0.6990100804716348,0.3462309875100618,1.0452410679816966,0.352779092961573
6.480134963989258,-12.024265268336624,-11.964629527528043,-0.059635740808580806,0.6351488966494798,0.32584638153610285,0.9609952781855826,0.309302515113377
6.500139474868774,-12.136027524300331,-11.663500497022433,-0.4725270272778985,0.6520853478461504,0.2728519887238508,0.9249373365700011,0.37923335912229955
6.520155429840088,-12.245934783840925,-11.422597272617947,-0.8233375112229773,0.6520853478461504,0.2728519887238508,0.9249373365700011,0.37923335912229955
6.540144443511963,-12.353761164016426,-11.229874693094358,-1.1238864709220682,0.6265540447086095,0.3362609893589979,0.9628150340676074,0.29029305534961164
6.560143232345581,-12.459690182284088,-11.075696629475487,-1.383993552808601,0.6219826562330126,0.38401049008069094,1.0059931463137035,0.2379721661523217
6.580141305923462,-12.563648226513996,-10.952354178580391,-1.6112940479336046,0.6919826562330127,0.39109005039033945,1.083072706623352,0.30089260584267324
6.600134372711182,-12.665597426107869,-10.952354178580391,-1.713243247527478,0.6660830448195338,0.3455484845250612,1.011631529344595,0.32053456029447264
6.620140552520752,-12.765612863528522,-10.853680217864314,-1.9119326456642085,0.6660830448195338,0.3455484845250612,1.011631529344595,0.32053456029447264
6.640152454376221,-12.863638955637613,-10.774741049291451,-2.088897906346162,0.630725942067802,0.3522970583796268,0.9830230004474287,0.27842888368817514
6.66014552116394,-12.959541925290138,-10.711589714433162,-2.247952210856976,0.6687199729308486,0.38440897134540136,1.05312894427625,0.28431100158544725
6.680145978927612,-13.053434168765197,-10.67864677154653,-2.3747873972186664,0.6459128851816058,0.4382444937288528,1.0841573789104586,0.207668391452753
6.700148344039917,-13.145273688014363,-10.634714292237225,-2.510559395777138,0.6902291248366237,0.4066048618912464,1.09683398672787,0.2836242629453773
6.720152854919434,-13.235046442715454,-10.59956830878978,-2.635478133925675,0.6612479253485799,0.3366048618912464,0.9978527872398263,0.3246430634573335
6.740166902542114,-13.322769586985487,-10.589029647031825,-2.7337399399536615,0.6514478917047382,0.32898798386973793,0.9804358755744761,0.3224599078350002
6.760145664215088,-13.408236870304615,-10.580598717625461,-2.827638152679153,0.6602517212554813,0.2900393846206134,0.9502911058760947,0.37021233663486786
6.780145883560181,-13.491679716101094,-10.57385397410037,-2.9178257420007245,0.6602517212554813,0.2900393846206134,0.9502911058760947,0.37021233663486786
6.800163507461548,-13.573061850415694,-10.550880054280297,-3.0221817961353974,0.6548563957214355,0.3595556541107362,1.0144120498321718,0.2953007416106993
6.820149183273315,-13.652172120335285,-10.550880054280297,-3.101292066054988,0.6548563957214355,0.3595556541107362,1.0144120498321718,0.2953007416106993
6.8401477336883545,-13.72917851984903,-10.550079043424239,-3.179099476424792,0.6736535046249628,0.38454297732037956,1.0581964819453424,0.2891105273045832
6.860148191452026,-13.804024271109455,-10.549438234739391,-3.254586036370064,0.6799857037141919,0.35550064023060257,1.0354863439447946,0.3244850634835893
6.880140781402588,-13.876661951841497,-10.548925587791514,-3.327736364049983,0.6389632577076554,0.29048833425564224,0.9294515919632976,0.34847492345201314
6.9001381397247314,-13.947126510483077,-10.548515470233212,-3.3986110402498646,0.6389632577076554,0.29048833425564224,0.9294515919632976,0.34847492345201314
6.920140266418457,-14.015405251741553,-10.548187376186572,-3.467217875554981,0.6754484528675675,0.3072482718847459,0.9826967247523134,0.3682001809828216
6.940147638320923,-14.081487360511009,-10.547924900949258,-3.5335624595617503,0.6946515122428536,0.3054244325024774,1.0000759447453311,0.3892270797403762
6.96014666557312,-14.145318031614078,-10.547714920759407,-3.5976031108546707,0.7,0.3095339636778226,1.0095339636778227,0.39046603632217736
6.980139970779419,-14.206897906709731,-10.547546936607526,-3.6593509701022047,0.7,0.3095339636778226,1.0095339636778227,0.39046603632217736
7.000138282775879,-14.26625042762572,-10.547412549286022,-3.7188378783396967,0.6821116272360086,0.2737007762765279,0.9558124035125365,0.4084108509594807
7.020137786865234,-14.323353858873043,-10.547305039428819,-3.776048819444224,0.6615174587816,0.25261622737103606,0.914133686152636,0.4089012314105639
7.040148496627808,-14.378225670743161,-10.547305039428819,-3.830920631314342,0.6297575000673532,0.25366102624626363,0.8834185263136168,0.37609647382108957
7.0601513385772705,-14.430804328764818,-10.564797156543056,-3.866007172221762,0.6272535776253789,0.21603233087749685,0.8432859085028758,0.4112212467478821
7.080147743225098,-14.481087728102526,-10.578790850234446,-3.90229687786808,0.6272535776253789,0.21603233087749685,0.8432859085028758,0.4112212467478821
7.100143671035767,-14.52908410065398,-10.642720180187556,-3.886363920466424,0.624096941249445,0.24094625282974444,0.8650431940791895,0.38315068841970057
7.120151519775391,-14.574813657755751,-10.816910519150046,-3.7579031386057054,0.6402416583616286,0.2978838020929834,0.938125460454612,0.34235785626864523
7.140151500701904,-14.618223252925358,-11.061731540320038,-3.55649171260532,0.5819284674245864,0.26058220211358274,0.8425106695381691,0.32134626531100363
7.160155534744263,-14.6593325605972,-11.380635232256031,-3.2786973283411687,0.5844398332294076,0.2604738536896184,0.844913686919026,0.32396597953978923
7.18014669418335,-14.698101834382983,-11.758805060804825,-2.9392967735781586,0.5844398332294076,0.2604738536896184,0.844913686919026,0.32396597953978923
7.200141191482544,-14.734558050960668,-12.11407529864386,-2.620482752316809,0.620920476084575,0.25640219847206025,0.8773226745566353,0.36451827761251476
7.220139265060425,-14.768694686562128,-12.398291488915088,-2.3704031976470397,0.5657040183898061,0.26144558588508515,0.8271496042748913,0.30425843250472095
7.240155935287476,-14.800528112677904,-12.625664441132072,-2.1748636715458325,0.6207331982906907,0.24335102761629968,0.8640842259069904,0.37738217067439106
7.26015305519104,-14.829992804587746,-12.625664441132072,-2.2043283634556747,0.6340852925088256,0.24832734490279107,0.8824126374116167,0.38575794760603455
7.280151605606079,-14.857118199588095,-12.807562802905657,-2.049555396682438,0.7,0.25291943015996365,0.9529194301599636,0.4470805698400363
7.300139427185059,-14.8818851592864,-12.953081492324525,-1.9288036669618744,0.7,0.2840202490473166,0.9840202490473166,0.41597975095268336
7.320143699645996,-14.904322442656223,-13.06949644385962,-1.8348259987966031,0.6681257046759128,0.2705395214864984,0.9386652261624112,0.3975861831894144
7.340136766433716,-14.924394565190552,-13.162628405087698,-1.7617661601028534,0.6738110634498298,0.2708332500909455,0.9446443135407753,0.4029778133588843
7.360144376754761,-14.942123616447219,-13.23713397407016,-1.7049896423770594,0.6872564473189413,0.2513904664223082,0.9386469137412495,0.4358659808966331
7.380148649215698,-14.957488970458378,-13.296738429256129,-1.6607505412022494,0.6325342611409723,0.25043000439414753,0.8829642655351199,0.3821042567468248
7.4001452922821045,-14.97048684608437,-13.344421993404906,-1.6260648526794643,0.6369233436882495,0.21912114108214154,0.8560444847703911,0.417802202606108
7.420140266418457,-14.981120712885573,-13.382568844723924,-1.5985518681616497,0.6058660436421632,0.24939786987612025,0.8552639135182835,0.356468173766043
7.440139293670654,-14.989391512321395,-13.41308632577914,-1.576305186542255,0.6030137986410409,0.2586740410909988,0.8616878397320397,0.3443397575500421
7.460135221481323,-14.99529481173607,-13.437500310623314,-1.557794501112756,0.6612722427118569,0.22683197697857396,0.8881042196904309,0.434440265733283
7.480217456817627,-14.998841276930982,-13.437500310623314,-1.561340966307668,0.6380585302133113,0.15683197697857393,0.7948905071918853,0.48122655323473734
7.500261306762695,-14.9999997978274,-13.457031498498653,-1.5429682993287468,0.6438448052387684,0.22052534392336381,0.8643701491621323,0.4233194613154046
7.520255088806152,-14.998785259695033,-13.472656448798922,-1.526128810896111,0.651031019212678,0.2516625756607391,0.9026935948734172,0.39936844355193896
7.540264368057251,-14.995200017974629,-13.485156409039138,-1.51004360893549,0.7,0.2425305694551207,0.9425305694551207,0.45746943054487926
7.560201644897461,-14.989270340679465,-13.49515637723131,-1.4941139634481537,0.7,0.3087169155688025,1.0087169155688025,0.39128308443119747
7.580247402191162,-14.980937012875218,-13.503156351785048,-1.4777806610901703,0.7,0.33523169534513725,1.0352316953451373,0.3647683046548627
7.600255727767944,-14.970249396881904,-13.50955633142804,-1.4606930654538637,0.7,0.3147989977360703,1.0147989977360703,0.38520100226392967
7.620251893997192,-14.957204487348543,-13.514676315142433,-1.44252817220611,0.6686782360076904,0.3180936353956349,0.9867718714033253,0.3505846006120555
7.640216112136841,-14.941825063297065,-13.518772302113947,-1.4230527611831185,0.7,0.2931543833320029,0.9931543833320029,0.40684561666799707
7.660171747207642,-14.924102714393278,-13.539627216691157,-1.3844754977021214,0.7,0.2931543833320029,0.9931543833320029,0.40684561666799707
7.680141925811768,-14.904018639666173,-13.538733023352927,-1.3652856163132459,0.6877422293648123,0.282519102350343,0.9702613317151554,0.40522312701446933
7.700143575668335,-14.881550862142566,-13.538733023352927,-1.3428178387896388,0.6212165912613272,0.2960819790815003,0.9172985703428276,0.3251346121798269
7.720141172409058,-14.856737994457575,-13.538017668682341,-1.3187203257752333,0.5604025607928633,0.23354941259371115,0.7939519733865745,0.3268531481991522
7.740190744400024,-14.829506000475348,-13.537445384945876,-1.292060615529472,0.5193241273984313,0.20565457853721453,0.7249787059356458,0.31366954886121673
7.760168790817261,-14.800030354084678,-13.536987557956701,-1.2630427961279764,0.5193241273984313,0.20565457853721453,0.7249787059356458,0.31366954886121673
7.780144691467285,-14.768226280595572,-13.536621296365363,-1.2316049842302093,0.5281931774690747,0.13565457853721452,0.6638477560062892,0.39253859893186016
7.800141096115112,-14.734059523440234,-13.536328287092292,-1.1977312363479413,0.4581931774690747,0.06565457853721451,0.5238477560062892,0.39253859893186016
7.8201494216918945,-14.697544476159646,-13.536093879673835,-1.1614505964858104,0.4378292170539498,0.005935984582174536,0.4437652016361243,0.43189323247177525
7.840144872665405,-14.658732319831604,-13.53590635373907,-1.1228259660925328,0.4493307034671306,0.0023614777368493045,0.4516921812039799,0.4469692257302813
7.860135555267334,-14.617616515321416,-13.535756332991259,-1.081860182330157,0.4493307034671306,0.0023614777368493045,0.4516921812039799,0.4469692257302813
7.880141019821167,-14.574161610303243,-13.553214441393008,-1.0209471689102347,0.3793307034671306,0.0,0.3793307034671306,0.3793307034671306
7.900148630142212,-14.528398987268197,-13.567180928114407,-0.96121805915379,0.38524801138788456,0.0,0.38524801138788456,0.38524801138788456
7.9201483726501465,-14.48035976421542,-13.567180928114407,-0.9131788361010127,0.31524801138788455,0.014980535954236984,0.33022854734212154,0.30026747543364757
7.940141439437866,-14.430051162243835,-13.613510367491527,-0.8165407947523082,0.2768168139830231,0.0,0.2768168139830231,0.2768168139830231
7.960144281387329,-14.37743920127601,-13.703308293993222,-0.6741309072827875,0.2768168139830231,0.0,0.2768168139830231,0.2768168139830231
7.980143308639526,-14.32256691329797,-13.915771635194579,-0.40679527810339167,0.3468168139830231,0.0,0.3468168139830231,0.3468168139830231
8.000138998031616,-14.265442869853269,-14.279101683155663,0.013658813302393824,0.3525819256342947,0.06761360168457031,0.420195527318865,0.2849683239497244
8.020140647888184,-14.206049084585562,-14.78070322152453,0.5746541369389675,0.3682241327501833,0.0972544439136982,0.4654785766638815,0.2709696888364851
8.04015064239502,-14.14438544745357,-15.340187577219625,1.1958021297660544,0.3847904446907341,0.06830708310008049,0.4530975277908146,0.3164833615906536
8.060140371322632,-14.080551858293934,-15.875665686775701,1.7951138284817674,0.3847904446907341,0.06830708310008049,0.4530975277908146,0.3164833615906536
8.080138444900513,-14.014469033169842,-16.33920442442056,2.3247353912507194,0.3970546991936862,0.05859808437526226,0.45565278356894845,0.33845661481842393
8.100148439407349,-13.946132218303479,-16.78034791453645,2.8342156962329703,0.43352189747616643,0.0789747778326273,0.5124966753087937,0.35454711964353913
8.12014126777649,-13.875652403349607,-17.20357520662916,3.327922803279554,0.4172112279944121,0.07393744168803096,0.4911486696824431,0.34327378630638117
8.140142679214478,-13.802951367056702,-17.20357520662916,3.400623839572459,0.40181383950635785,0.07535468915011734,0.4771685286564752,0.3264591503562405
8.160143375396729,-13.728073093684158,-17.55973516530333,3.8316620716191725,0.41338873369619245,0.047421058057807386,0.46080979175399983,0.36596767563838506
8.180141925811768,-13.65103522923701,-17.844663132242665,4.193627903005655,0.41338873369619245,0.047421058057807386,0.46080979175399983,0.36596767563838506
8.20014476776123,-13.571824795872752,-18.090183630794133,4.518358834921381,0.3466076449863612,0.09183243045117706,0.43844007543753827,0.25477521453518415
8.220144271850586,-13.490484358576701,-18.286600029635306,4.796115671058605,0.3217953098379075,0.1036754505475983,0.4254707603855058,0.2181198592903092
8.24013876914978,-13.407034885054859,-18.514045648708244,5.107010763653385,0.32794647891074413,0.09623985167127103,0.42418633058201516,0.2317066272394731
8.260141611099243,-13.321433299752886,-18.8190490189666,5.497615719213712,0.3706285305693745,0.0799442472634837,0.4505727778328582,0.2906842833058908
8.2801353931427,-13.233767706739755,-19.18609859017328,5.952330883433525,0.4166124672070145,0.018876178073696792,0.4354886452807113,0.3977362891333177
8.300146579742432,-13.143934611110609,-19.55005074713863,6.406116136028022,0.4166124672070145,0.018876178073696792,0.4354886452807113,0.3977362891333177
8.320146322250366,-13.052076766913988,-19.841212472710904,6.789135705796916,0.4672474548593163,0.041304875048808753,0.508552329908125,0.42594257981050754
8.340147256851196,-12.958152242354108,-20.074141853168722,7.115989610814614,0.3972474548593163,0.042986971559002995,0.4402344264183193,0.3542604833003133
8.360139608383179,-12.862222905191071,-20.074141853168722,7.211918947977651,0.3272474548593163,0.05388651438988745,0.38113396924920373,0.2733609404694288
8.380147218704224,-12.764188490622061,-20.26048535753498,7.4962968669129175,0.32137720946222537,0.08161273063160479,0.40298994009383016,0.23976447883062058
8.400147438049316,-12.664174258877491,-20.409560161027983,7.745385902150492,0.32137720946222537,0.08161273063160479,0.40298994009383016,0.23976447883062058
8.42014193534851,-12.562189633961374,-20.52882000382239,7.966630369861015,0.2635078496113419,0.03684911341406405,0.30035696302540593,0.22665873619727783
8.44014596939087,-12.458172325548318,-20.624227878057912,8.166055552509594,0.21347994644194834,0.0,0.21347994644194834,0.21347994644194834
8.460159063339233,-12.352138489059667,-20.70055417744633,8.348415688386664,0.2192699011228978,0.0052672275342047215,0.2245371286571025,0.21400267358869307
8.48014235496521,-12.244313803308579,-20.761615216957065,8.517301413648486,0.2192699011228978,0.0052672275342047215,0.2245371286571025,0.21400267358869307
8.500136852264404,-12.134496744048002,-20.810464048565652,8.67596730451765,0.2130258573032915,0.0045128329074941576,0.21753869021078565,0.20851302439579733
8.520140647888184,-12.022712158147343,-20.867121238852523,8.84440908070518,0.2089290871098637,0.0,0.2089290871098637,0.2089290871098637
8.540159225463867,-11.908943620614046,-20.91244699108202,9.003503370467975,0.20872305182449047,0.07,0.2787230518244905,0.13872305182449046
8.56015682220459,-11.79341321935426,-20.931129467865617,9.137716248511357,0.2111025798384798,0.04825403697788716,0.25935661681636696,0.16284854286059264
8.580143213272095,-11.676087247751855,-20.931129467865617,9.255042220113761,0.2111025798384798,0.04825403697788716,0.25935661681636696,0.16284854286059264
8.600141286849976,-11.556849804103281,-20.858184824292493,9.301335020189212,0.2499495568935526,0.008024109229445464,0.2579736661229981,0.24192544766410715
8.620142936706543,-11.435765939732766,-20.729516609433997,9.29375066970123,0.28884165093943004,0.0,0.28884165093943004,0.28884165093943004
8.640144348144531,-11.31287741293641,-20.5738476625472,9.260970249610791,0.21884165093943003,0.07,0.28884165093943004,0.14884165093943003
8.660143852233887,-11.188214173177785,-20.379000005037764,9.190785831859978,0.28884165093943004,0.05081284761428834,0.3396544985537184,0.2380288033251417
8.680138349533081,-11.061816142923142,-20.152809379030213,9.09099323610707,0.2606025069270981,0.005600314289331443,0.2662028212164295,0.25500219263776663
8.700140237808228,-10.933624595978875,-19.93670062822417,9.003076032245295,0.2512551612470997,0.0,0.2512551612470997,0.2512551612470997
8.720142602920532,-10.803703059307782,-19.76381362757934,8.960110568271556,0.2132755137298954,0.0,0.2132755137298954,0.2132755137298954
8.740159749984741,-10.671977188865213,-19.62550402706347,8.953526838198258,0.2623579419468296,0.0,0.2623579419468296,0.2623579419468296
8.760147094726562,-10.538763075058874,-19.514856346650777,8.976093271591903,0.2623579419468296,0.0,0.2623579419468296,0.2623579419468296
8.78014349937439,-10.403825363146643,-19.426338202320622,9.022512839173979,0.3323579419468296,0.0,0.3323579419468296,0.3323579419468296
8.800142049789429,-10.267230613783186,-19.426338202320622,9.159107588537436,0.2623579419468296,0.0,0.2623579419468296,0.2623579419468296
8.820138931274414,-10.12902638619037,-19.3555236868565,9.22649730066613,0.1923579419468296,0.0,0.1923579419468296,0.1923579419468296
8.840152978897095,-9.989102473287303,-19.316450199485203,9.3273477261979,0.2623579419468296,0.03668510913848877,0.29904305108531837,0.22567283280834083
8.860149145126343,-9.84772607228208,-19.285191409588165,9.437465337306085,0.2623579419468296,0.03668510913848877,0.29904305108531837,0.22567283280834083
8.880147218704224,-9.704781490292122,-19.242606252670534,9.537824762378412,0.25387923710688476,0.06854813173413277,0.3224273688410175,0.185331105372752
8.900146007537842,-9.560299511488598,-19.22611625213643,9.66581674064783,0.20095528580888633,0.0,0.20095528580888633,0.20095528580888633
8.920138120651245,-9.41435701556867,-19.19534612670914,9.78098911114047,0.2446795470331562,0.0,0.2446795470331562,0.2446795470331562
8.940147399902344,-9.266801835794393,-19.170730026367316,9.903928190572923,0.2446795470331562,0.0,0.2446795470331562,0.2446795470331562
8.960144996643066,-9.117869391132203,-19.168615271093856,10.050745879961653,0.18878195726021652,0.07,0.2587819572602165,0.11878195726021651
8.980144739151001,-8.967481263710756,-19.166923466875083,10.199442203164327,0.2587819572602165,0.14,0.39878195726021654,0.11878195726021651
9.000136613845825,-8.815737097899115,-19.14799189850007,10.332254800600955,0.23951644898101215,0.10845360845327379,0.34797005743428594,0.13106284052773837
9.020133018493652,-8.662567101237885,-19.14799189850007,10.485424797262185,0.23951644898101215,0.10845360845327379,0.34797005743428594,0.13106284052773837
9.040146350860596,-8.507898282350288,-19.132846643800054,10.624948361449766,0.3029490307037485,0.07240909650921823,0.37535812721296674,0.23053993419453028
9.060149431228638,-8.351964435663332,-19.138308565040045,10.786344129376713,0.28376652405306224,0.09670761726796628,0.3804741413210285,0.18705890678509596
9.080148935317993,-8.194739541842221,-19.14267810203204,10.947938560189819,0.35075939551636104,0.12202475346624851,0.47278414898260956,0.2287346420501125
9.100145101547241,-8.036247230743111,-19.128595606625634,11.092348375882523,0.28108652041002635,0.13339610058814289,0.41448262099816924,0.14769041982188347
9.12013864517212,-7.87650742507278,-19.117329610300505,11.240822185227724,0.28108652041002635,0.13339610058814289,0.41448262099816924,0.14769041982188347
9.140143871307373,-7.7154302075297245,-19.090738688240403,11.375308480710679,0.2751295451325131,0.15525823678821327,0.43038778192072635,0.11987130834429982
9.160153865814209,-7.553095169711709,-19.069465950592324,11.516370780880615,0.24222660029947282,0.1119791291281581,0.35420572942763096,0.13024747117131472
9.18013596534729,-7.389795005192903,-19.017291510473857,11.627496505280954,0.24377664760861076,0.1819791291281581,0.4257557767367689,0.061797518480452646
9.200141429901123,-7.225137014024127,-18.94039570837909,11.715258694354961,0.24377664760861076,0.1819791291281581,0.4257557767367689,0.061797518480452646
9.2201406955719,-7.059389015088279,-18.808566566703274,11.749177551614995,0.31377664760861074,0.20904933106154205,0.5228259786701528,0.10472731654706868
9.240158319473267,-6.892372663834564,-18.808566566703274,11.91619390286871,0.38377664760861074,0.25530354123562576,0.6390801888442366,0.12847310637298498
9.260136365890503,-6.72459943536266,-18.580056378362617,11.855456942999957,0.4452684052399126,0.3113661613687873,0.7566345666087,0.13390224387112531
9.280132532119751,-6.555613042702772,-18.274201352690095,11.718588309987323,0.47992879674944555,0.2413661613687873,0.7212949581182329,0.23856263538065825
9.300137996673584,-6.385512542256683,-17.85373608215208,11.468223539895394,0.47992879674944555,0.2413661613687873,0.7212949581182329,0.23856263538065825
9.320136547088623,-6.214462452996043,-17.288848240721663,11.074385787725621,0.4770323646831093,0.2656090635433793,0.7426414282264886,0.21142330113972996
9.340158939361572,-6.042225503406407,-16.590844217577335,10.548618714170928,0.5196515334415016,0.23632064495235686,0.7559721783938584,0.2833308884891448
9.360151052474976,-5.869294900899218,-15.839081624061869,9.96978672316265,0.4665891987847862,0.30632064495235684,0.7729098437371431,0.16026855383242938
9.380139350891113,-5.695471459726135,-15.167359049249496,9.471887589523362,0.4665891987847862,0.30632064495235684,0.7729098437371431,0.16026855383242938
9.400140523910522,-5.520636866582667,-14.612402864399598,9.091765997816932,0.4077084747719345,0.37632064495235684,0.7840291197242913,0.03138782981957766
9.420137882232666,-5.344963991368356,-14.168437916519679,8.823473925151323,0.47770847477193457,0.3649636653438211,0.8426721401157556,0.11274480942811349
9.440146684646606,-5.168346054056315,-13.795687833215744,8.62734177915943,0.5323277833330211,0.4065082145109773,0.9388359978439984,0.12581956882204381
9.4601411819458,-4.9910383969901195,-13.795687833215744,8.804649436225624,0.5323277833330211,0.4065082145109773,0.9388359978439984,0.12581956882204381
9.480142593383789,-4.812881311975948,-13.497487766572595,8.684606454596647,0.5593348266946849,0.41629685994237664,0.9756316866370616,0.1430379667523083
9.500146627426147,-4.633940601534505,-13.258927713258077,8.624987111723572,0.6243511261808452,0.41538549310760575,1.039736619288451,0.20896563307323945
9.520136833190918,-4.454392292443755,-13.050501545606462,8.596109253162707,0.6265764630323973,0.4291001642425545,1.0556766272749518,0.19747629878984285
9.540149450302124,-4.273938805838718,-12.88376061148517,8.609821805646453,0.6965764630323974,0.44475764504866677,1.1413341080810642,0.2518188179837306
9.560142993927002,-4.092982505000702,-12.715211614188137,8.622229109187435,0.7,0.4997553462465294,1.1997553462465294,0.20024465375347056
9.580139636993408,-3.911352091046158,-12.51005991635051,8.598707825304352,0.6510955773293972,0.5248636780609377,1.1759592553903349,0.12623189926845946
9.600146532058716,-3.7290106472102447,-12.24046980808041,8.511459160870166,0.6510955773293972,0.5248636780609377,1.1759592553903349,0.12623189926845946
9.620138168334961,-3.54621967743537,-11.919328971464328,8.373109294028957,0.5920380733907222,0.49416454791324216,1.0862026213039644,0.09787352547748007
9.64014744758606,-3.362707138051769,-11.609681927171463,8.246974789119694,0.583331075310707,0.4561974769760855,1.0395285522867925,0.12713359833462157
9.66014051437378,-3.178812423870544,-11.30922991673717,8.130417492866625,0.5521843329071998,0.42023214980261403,0.9724164827098138,0.13195218310458579
9.680139303207397,-2.9943632427820264,-11.30922991673717,8.314866673955144,0.5936882354319095,0.45365625529782844,1.047344490729738,0.14003198013408108
9.700143814086914,-2.8093882996168307,-10.998555808389737,8.189167508772906,0.5452628850936889,0.4601256437902339,1.0053885288839228,0.08513724130345501
9.720139265060425,-2.62405359227123,-10.67970402171179,8.055650429440561,0.5256126437336206,0.489208746731747,1.0148213904653676,0.036403897001873575
9.740155220031738,-2.4381140293123202,-10.389466342369433,7.951352313057113,0.5256126437336206,0.489208746731747,1.0148213904653676,0.036403897001873575
9.760141611099243,-2.252064320710886,-10.157276198895547,7.9052118781846605,0.5732075784355402,0.5066114273224958,1.079819005758036,0.0665961511130444
9.7801353931427,-2.0655904741855906,-9.971524084116437,7.905933609930846,0.5498898185789585,0.5258091688458808,1.0756989874248393,0.024080649733077664
9.800140380859375,-1.8786858704344942,-9.82292239229315,7.944236521858655,0.5899938352406024,0.49678432013140994,1.0867781553720124,0.09320951510919251
9.820137023925781,-1.6915625972359363,-9.70404103883452,8.012478441598583,0.604509206302464,0.5224233717028983,1.1269325780053623,0.08208583459956564
9.8401620388031,-1.503906245932791,-9.608935956067617,8.105029710134826,0.5803287958726286,0.516168899864424,1.0964976957370527,0.0641598960082046
9.86014461517334,-1.3164102466834464,-9.532851889854093,8.216441643170647,0.6503287958726287,0.5041148197208531,1.1544436155934819,0.14621397615177556
9.880137920379639,-1.1286059027810518,-9.471984636883276,8.343378734102224,0.6503287958726287,0.5041148197208531,1.1544436155934819,0.14621397615177556
9.90013837814331,-0.9405561796137983,-9.471984636883276,8.531428457269477,0.5857872324809432,0.4882580489222892,1.0740452814032324,0.09752918355865403
9.920142650604248,-0.7523220174990672,-9.423290834506622,8.670968817007555,0.5382129656895995,0.5169779397849925,1.055190905474592,0.02123502590460702
9.940155267715454,-0.5638904133783195,-9.384335792605297,8.820445379226978,0.5627796142175794,0.5578412004117854,1.1206208146293648,0.004938413805793962
9.960140943527222,-0.3756234882354028,-9.353171759084239,8.977548270848835,0.522944708801806,0.5148041807417758,1.0377488895435818,0.008140528060030183
9.980135440826416,-0.1872141986405647,-9.29308428226739,9.105870083626826,0.5059179565683007,0.5036274949391373,1.009545451507438,0.002290461629163465
10.00014615058899,0.0013774368481211869,-9.209858050813912,9.211235487662034,0.5306983808800578,0.45152545816497874,0.9822238390450366,0.07917292271507909
10.020193576812744,0.19031487128163674,-9.143277065651128,9.333591936932764,0.5306983808800578,0.45152545816497874,0.9822238390450366,0.07917292271507909
10.040207147598267,0.3789031320068815,-9.054856027520904,9.433759159527785,0.5316169570828788,0.5019725384493359,1.0335894955322147,0.029644418633542946
10.060179710388184,0.5670452635053428,-8.948962947016723,9.516008210522065,0.519126632406842,0.5262494953651913,1.0453761277720333,-0.007122862958349296
10.080183029174805,0.755387598280313,-8.811514107613378,9.566901705893692,0.49626473818672817,0.5138823446189054,1.0101470828056336,-0.01761760643217719
10.100167989730835,0.9434379293893245,-8.666398786090703,9.609836715480027,0.4866878391872161,0.44388234461890536,0.9305701838061214,0.04280549456831073
10.120187282562256,1.1316621568418652,-8.666398786090703,9.798060942932569,0.4866878391872161,0.44388234461890536,0.9305701838061214,0.04280549456831073
10.14015007019043,1.3191768520852407,-8.515150278872564,9.834327130957805,0.5523657427798025,0.4364481757883914,0.9888139185681939,0.11591756699141115
10.160151720046997,1.5068484239999627,-8.306260848098052,9.813109272098014,0.5506644371594303,0.45315444502281027,1.0038188821822405,0.09750999213661998
10.180171012878418,1.6944472247102038,-8.03368055347844,9.728127778188645,0.558558601110708,0.4433682145108469,1.0019268156215548,0.11519038659986108
10.20013976097107,1.8813053256915733,-7.7101475677827525,9.591452893474326,0.49268530604196714,0.43587130387546497,0.928556609917432,0.056814002166502175
10.220142126083374,2.068181081819967,-7.433743054226202,9.501924136046169,0.49268530604196714,0.43587130387546497,0.928556609917432,0.056814002166502175
10.240155696868896,2.2548345819196434,-7.212619443380963,9.467454025300606,0.48624944469658665,0.4901760936272331,0.9764255383238197,-0.003926648930646426
10.260141372680664,2.4408721346926505,-7.0357205547047705,9.476592689397421,0.4352657624217682,0.48386823092820125,0.9191339933499694,-0.04860246850643307
10.28014850616455,2.6267239064867303,-6.894201443763817,9.520925350250547,0.37359560436336325,0.4341404408705421,0.8077360452339053,-0.060544836507178845
10.300143003463745,2.812043610515093,-6.780986155011053,9.593029765526147,0.37359560436336325,0.4341404408705421,0.8077360452339053,-0.060544836507178845
10.320146322250366,2.9970009687892856,-6.690413924008843,9.68741489279813,0.34924348040251063,0.415468961794395,0.7647124421969056,-0.06622548139188439
10.340163707733154,3.1816144678228127,-6.690413924008843,9.872028391831655,0.3612786891567521,0.38294777353527026,0.7442264626920223,-0.021669084378518166
10.360149383544922,3.3654334423747176,-6.617956139207075,9.983389581581793,0.393183386574965,0.43373048757435756,0.8269138741493225,-0.04054710099939257
10.380146980285645,3.5488308994552353,-6.55998991136566,10.108820810820895,0.4217654063063674,0.48761143614770847,0.9093768424540758,-0.06584602984134108
10.400169134140015,3.7318922580551996,-6.496038804092529,10.227931062147729,0.47519885438261555,0.5072610293072648,0.9824598836898804,-0.032062174924649245
10.420141696929932,3.9139118094330168,-6.409721668274023,10.32363347770704,0.47519885438261555,0.5072610293072648,0.9824598836898804,-0.032062174924649245
10.44015383720398,4.095673839744974,-6.200042959619219,10.295716799364193,0.4630622618529014,0.5517452497524209,1.0148075116053223,-0.0886829878995195
10.460139274597168,4.276547107198863,-5.856518742695376,10.133065849894239,0.5330622618529015,0.557981093742419,1.0910433555953205,-0.02491883188951749
10.480136632919312,4.456853319659402,-5.528964994156301,9.985818313815702,0.5316992551996373,0.5787456737388856,1.110444928938523,-0.04704641853924829
10.50014615058899,4.636564916370805,-5.266921995325041,9.903486911695847,0.4746325128688478,0.6136276045371778,1.0882601174060256,-0.13899509166833002
10.520146369934082,4.815460652769603,-5.039709471260032,9.855170124029634,0.4746325128688478,0.6136276045371778,1.0882601174060256,-0.13899509166833002
10.54016375541687,4.993748513822917,-4.787626952008027,9.781375465830944,0.5446325128688478,0.6447676153411157,1.1894001282099635,-0.10013510247226787
10.56014633178711,5.170938475497712,-4.787626952008027,9.95856542750574,0.5360995473130608,0.6196449486096389,1.1557444959226997,-0.08354540129657817
10.580138683319092,5.347399383911057,-4.568382811606422,9.91578219551748,0.5360995473130608,0.6196449486096389,1.1557444959226997,-0.08354540129657817
10.600151300430298,5.523194101445288,-4.392987499285138,9.916181600730425,0.5773859971924686,0.587770481922198,1.1651564791146667,-0.010384484729729415
10.6201491355896,5.697986668416325,-4.2526712494281105,9.950657917844435,0.5822292685299182,0.6154399731685407,1.197669241698459,-0.033210704638622524
10.640169858932495,5.8720781523871475,-4.140418249542489,10.012496401929637,0.6203139655082488,0.5961337344278581,1.216447699936107,0.02418023108039069
10.660148859024048,6.044880558997551,-4.050615849633991,10.095496408631544,0.6181157124484891,0.5580526249040849,1.176168337352574,0.06006308754440415
10.680139780044556,6.216832660784787,-3.9963520547071933,10.21318471549198,0.6259482181887144,0.5793001887877471,1.2052484069764615,0.04664802940096724
10.7001473903656,6.387946260771952,-3.952941018765755,10.340887279537707,0.614697986773681,0.5954038047720678,1.2101017915457488,0.019294182001613258
10.720146656036377,6.557979630385443,-3.9357903150126043,10.493769945398046,0.614697986773681,0.5954038047720678,1.2101017915457488,0.019294182001613258
10.740161895751953,6.727112057965515,-3.922069752010084,10.649181809975598,0.5672705485741609,0.6027355504711158,1.1700060990452767,-0.035465001896954895
10.760146856307983,6.894927139058763,-3.911093301608068,10.806020440666831,0.4972705485741609,0.6552985695679672,1.152569118142128,-0.15802802099380625
10.780141830444336,7.0617383311646105,-3.911093301608068,10.972831632772678,0.5453794876555913,0.665035135440994,1.2104146230965853,-0.11965564778540272
10.800136089324951,7.2274290462814665,-3.9198902662864543,11.147319312567921,0.5453794876555913,0.665035135440994,1.2104146230965853,-0.11965564778540272
10.82014799118042,7.392123809662178,-3.926927838029164,11.319051647691342,0.5337440854380839,0.7,1.233744085438084,-0.16625591456191602
10.840161800384521,7.555665410563806,-3.9325578954233307,11.488223305987137,0.5220877601276153,0.7,1.2220877601276152,-0.1779122398723847
10.860140562057495,7.717728998940253,-3.937061941338665,11.654790940278918,0.45523684457642966,0.6562635049223899,1.1115003494988196,-0.20102666034596028
10.880145072937012,7.878782964613291,-3.9582433030709323,11.837026267684223,0.45523684457642966,0.6562635049223899,1.1115003494988196,-0.20102666034596028
10.900148153305054,8.038580835078015,-3.957610267456746,11.99619110253476,0.4711928980867379,0.6169374741613864,1.0881303722481244,-0.14574457607464852
10.92013931274414,8.197014836962996,-3.957103838965397,12.154118675928393,0.4011928980867379,0.5627364672720432,0.963929365358781,-0.16154356918530527
10.94015908241272,8.354379531660976,-3.956698696172318,12.311078227833294,0.4011928980867379,0.5627364672720432,0.963929365358781,-0.16154356918530527
10.960147142410278,8.510176262813633,-3.9387964569378546,12.448972719751488,0.42163526841206483,0.614671080186963,1.0363063485990278,-0.1930358117748982
10.980140209197998,8.66466926150989,-3.8014277905502833,12.466097052060173,0.4094365492160433,0.6188676886260509,1.0283042378420941,-0.20943113941000763
11.000136852264404,8.817822223694941,-3.8014277905502833,12.619250014245225,0.4094365492160433,0.6188676886260509,1.0283042378420941,-0.20943113941000763
11.020140409469604,8.969635447054516,-3.533329732440227,12.502965179494744,0.40327645760728054,0.6295339938253164,1.0328104514325969,-0.22625753621803585
11.040161371231079,9.120161989030578,-3.107913785952182,12.22807577498276,0.40828492414904766,0.6071690049022436,1.0154539290512912,-0.1988840807531959
11.060154676437378,9.2690403968461,-2.5566435287617453,11.825683925607844,0.4243848055298441,0.6562034625560045,1.0805882680858485,-0.2318186570261604
11.080143451690674,9.41642286240445,-1.9750023230093963,11.391425185413848,0.46928130105836324,0.6886094033718109,1.157890704430174,-0.21932810231344763
11.10014295578003,9.562397940557688,-1.421798733407517,10.984196673965204,0.46928130105836324,0.6886094033718109,1.157890704430174,-0.21932810231344763
11.120144367218018,9.706876784982148,-0.9089233617260135,10.615800146708162,0.4498092421959155,0.6674647413194179,1.1172739835153334,-0.2176554991235024
11.140157461166382,9.849905624693411,-0.4634668143808109,10.313372439074222,0.45117815983714543,0.6522483441978693,1.1034265040350146,-0.20107018436072382
11.160159826278687,9.991301592567389,-0.10710157650464866,10.098403169072037,0.38881373060168706,0.5822483441978692,0.9710620747995562,-0.19343461359618214
11.180143356323242,10.130988535811376,0.17799061379628114,9.952997922015095,0.325860996071715,0.5201215251535176,0.8459825212252325,-0.19426052908180264
11.200142860412598,10.26918805109172,0.406064366037025,9.863123685054695,0.325860996071715,0.5201215251535176,0.8459825212252325,-0.19426052908180264
11.220160484313965,10.405889022600855,0.406064366037025,9.99982465656383,0.30006107715191327,0.49323668994009484,0.793297767092008,-0.19317561278818157
11.240166664123535,10.540867149765552,0.5885233678296201,9.952343781935932,0.3634925636393019,0.429774782732129,0.7932673463714308,-0.06628221909282711
11.260152101516724,10.674042374306374,0.7344905692636962,9.939551805042678,0.30357478586258374,0.49977478273212894,0.8033495685947127,-0.1961999968695452
11.280143976211548,10.805576577677575,0.8512643304109571,9.954312247266618,0.30357478586258374,0.49977478273212894,0.8033495685947127,-0.1961999968695452
11.3001389503479,10.935425836229214,0.9446833393287657,9.990742496900449,0.2468766423803755,0.429774782732129,0.6766514251125044,-0.1828981403517535
11.320138931274414,11.063580996578786,1.0369966714630128,10.026584325115772,0.19202192154945813,0.48548918507993205,0.6775111066293902,-0.2934672635304739
11.340158700942993,11.1901132937704,1.1460035871704102,10.04410970659999,0.23234514174284424,0.5125353682041167,0.744880509946961,-0.28019022646127245
11.360146284103394,11.314675894876597,1.2507872447363284,10.06388865014027,0.23234514174284424,0.5125353682041167,0.744880509946961,-0.28019022646127245
11.380136489868164,11.437469987298584,1.3346141707890629,10.102855816509521,0.2839816289884039,0.5356814573705195,0.8196630863589234,-0.25169982838211563
11.400134563446045,11.558507000935224,1.4368319616312504,10.121675039303973,0.3539816289884039,0.5322525404579936,0.8862341694463975,-0.17827091146958973
11.42013144493103,11.677712092400087,1.4368319616312504,10.240880130768836,0.3109034262341448,0.5606898438371717,0.8715932700713165,-0.2497864176030269
11.440132141113281,11.795095924161775,1.6768093193050004,10.118286604856774,0.3109034262341448,0.5606898438371717,0.8715932700713165,-0.2497864176030269
11.460137128829956,11.910641629960214,2.1324630804440003,9.778178549516213,0.3640992268663832,0.5820330713130533,0.9461322981794364,-0.21793384444667008
11.480135440826416,12.02426795506602,2.7782360893552007,9.246031865710819,0.32640806024195634,0.6258744680043309,0.9522825282462872,-0.29946640776237454
11.500135898590088,12.136007714985702,3.4003232464841613,8.73568446850154,0.30552185883047067,0.695512861823663,1.0010347206541337,-0.38999100299319234
11.520137786865234,12.245838756909093,3.897992972187329,8.347845784721763,0.31383839526446544,0.6826167487259953,0.9964551439904608,-0.3687783534615299
11.54015302658081,12.353807046171541,4.296128752749864,8.057678293421677,0.24383839526446544,0.6126167487259953,0.8564551439904606,-0.3687783534615298
11.560144186019897,12.459695186901937,4.632215502199892,7.827479684702046,0.258818770099897,0.5739154007192699,0.8327341708191669,-0.31509663061937293
11.580140590667725,12.563644543700605,4.971397401759913,7.592247141940692,0.328818770099897,0.5729414345137773,0.9017602046136743,-0.2441226644138803
11.600138425827026,12.665617891775499,5.277899171407931,7.387718720367568,0.398818770099897,0.511176709961146,0.909995480061043,-0.11235793986124892
11.620139837265015,12.76560932376524,5.558256837126345,7.207352486638895,0.4387481339764782,0.4959352686442433,0.9346834026207216,-0.057187134667765094
11.64015507698059,12.86365166923033,5.835277344701076,7.0283743245292545,0.4387481339764782,0.4959352686442433,0.9346834026207216,-0.057187134667765094
11.66015076637268,12.95956681789128,5.835277344701076,7.1242894731902044,0.3687481339764782,0.5659352686442434,0.9346834026207216,-0.19718713466776516
11.680141687393188,13.053414242721995,6.144784375760862,6.9086298669611335,0.2987481339764782,0.5639840525062754,0.8627321864827535,-0.26523591852979717
11.70014238357544,13.14524662949012,6.40996812560869,6.735278503881431,0.2932588442158886,0.5767486868379637,0.8700075310538522,-0.28348984262207505
11.720138788223267,13.234984049629288,6.604537000486952,6.630447049142336,0.2932588442158886,0.5767486868379637,0.8700075310538522,-0.28348984262207505
11.740156412124634,13.322724157310377,6.760192100389562,6.562532056920815,0.31253728670300923,0.571789821605198,0.8843271083082072,-0.25925253490218875
11.76014256477356,13.408223774701035,6.884716180311651,6.523507594389384,0.30365928662242375,0.5676233652001246,0.8712826518225483,-0.2639640785777008
11.780138492584229,13.491649272954042,6.9843354442493215,6.507313828704721,0.23365928662242372,0.5981771363830193,0.831836423005443,-0.36451784976059554
11.800136089324951,13.572951846860564,7.064030855399458,6.508920991461106,0.18610628378810368,0.6512181884562596,0.8373244722443632,-0.4651119046681559
11.820147514343262,13.652165603833817,7.127787184319567,6.52437841951425,0.2561062837881037,0.6687294202810152,0.9248357040691189,-0.41262313649291155
11.840166330337524,13.729249121145909,7.178792247455654,6.550456873690255,0.25137866129400216,0.6988526466256006,0.9502313079196028,-0.4474739853315985
11.86015009880066,13.804031305024294,7.219596297964523,6.584435007059771,0.24941092593828224,0.7,0.9494109259382821,-0.4505890740617177
11.880146265029907,13.876681575261793,7.219596297964523,6.65708527729727,0.2989074313477614,0.6447556994855403,0.9436631308333017,-0.34584826813777897
11.900232791900635,13.947454808809123,7.26981766337162,6.677637145437504,0.24714099852601074,0.6257446527481079,0.8728856512741185,-0.37860365422209713
11.920258522033691,14.01580235404656,7.327572880697296,6.6882294733492635,0.2270474718348124,0.6457486867904663,0.8727961586252786,-0.4187012149556539
11.940271615982056,14.08188991816974,7.426511429557838,6.655378488611902,0.2797435024217703,0.5883551843464374,0.8680986867682077,-0.3086116819246671
11.960258722305298,14.145669398765946,7.699021643646271,6.446647755119676,0.28315933099249385,0.6230019189417362,0.90616124993423,-0.3398425879492423
11.980245351791382,14.20721655166983,8.110389189917017,6.096827361752814,0.2677128552854993,0.5870775699615478,0.8547904252470471,-0.3193647146760485
12.000255346298218,14.266591235605262,8.562530101933614,5.704061133671647,0.3081777184666135,0.5335736282169818,0.8417513466835953,-0.22539590975036833
12.020163536071777,14.323425923152326,9.012133456546891,5.311292466605435,0.33551208259770654,0.564575432613492,0.9000875152111985,-0.22906335001578543
12.040166139602661,14.378273048310815,9.459706765237515,4.9185662830733,0.33551208259770654,0.564575432613492,0.9000875152111985,-0.22906335001578543
12.060152053833008,14.430806168150216,9.835343537190012,4.5954626309602045,0.355489369055722,0.6014740604907274,0.9569634295464493,-0.2459846914350054
12.080138921737671,14.481066048821939,10.13585295475201,4.345213094069928,0.3397532417834737,0.6168148729950189,0.9565681147784926,-0.2770616312115452
12.10013747215271,14.529069576418813,10.13585295475201,4.393216621666802,0.322056008076761,0.686814872995019,1.00887088107178,-0.364758864918258
12.120136499404907,14.57478019053892,10.376260488801611,4.198519701737309,0.2799792527616956,0.6863468349725008,0.9663260877341964,-0.4063675822108052
12.140152931213379,14.61822627534389,10.56858651604129,4.0496397593026,0.2799792527616956,0.6863468349725008,0.9663260877341964,-0.4063675822108052
12.160154819488525,14.65933113207278,10.704869212833032,3.9544619192397477,0.2788446472655051,0.6871461108489894,0.9659907581144944,-0.40830146358348424
12.180138111114502,14.698085686232199,10.813895370266426,3.884190315965773,0.2672816414083355,0.6672089383169078,0.9344905797252432,-0.39992729690857226
12.200133800506592,14.734545004206806,10.883538171213143,3.8510068329936633,0.30276495699537925,0.6802151495753788,0.982980106570758,-0.3774501925799995
12.220143795013428,14.768702155223805,10.939252411970514,3.8294497432532904,0.30276495699537925,0.6802151495753788,0.982980106570758,-0.3774501925799995
12.24015760421753,14.800530669317142,10.983823804576414,3.8167068647407287,0.3348317902232521,0.6641281595616602,0.9989599497849122,-0.32929636933840806
12.260149002075195,14.829987069596589,11.01948091866113,3.810506150935458,0.3284231127868407,0.65877722149482,0.9872003342816607,-0.33035410870797927
12.28014349937439,14.857107679503377,11.048006609928906,3.8091010695744707,0.28620395079953603,0.654858985838946,0.941062936638482,-0.36865503503940994
12.300163745880127,14.881913863792729,11.070827162943125,3.8110867008496037,0.24738713369471957,0.6198750230646692,0.8672621567593888,-0.3724878893699497
12.32014799118042,14.904327003648454,11.070827162943125,3.833499840705329,0.2696659790049308,0.6161111229262315,0.8857771019311622,-0.3464451439213007
12.34016227722168,14.924418673035994,11.089083605354503,3.8353350676814912,0.32123054952127866,0.6391340912482701,0.9603646407695487,-0.3179035417269915
12.360153436660767,14.942131109892186,11.103688759283603,3.8384423506085827,0.39123054952127867,0.7,1.0912305495212786,-0.3087694504787213
12.380151987075806,14.957491337170737,11.097794757426882,3.8596965797438543,0.3434450215171092,0.689716270007193,1.0331612915243022,-0.34627124849008384
12.40015435218811,14.970492199594071,11.110657680941507,3.8598345186525638,0.3434450215171092,0.689716270007193,1.0331612915243022,-0.34627124849008384
12.42014193534851,14.981121501800542,11.120948019753207,3.860173482047335,0.3306673540244811,0.686651818966493,1.017319172990974,-0.35598446494201186
12.440165042877197,14.98940063580954,11.129180290802568,3.8602203450069723,0.3306673540244811,0.686651818966493,1.017319172990974,-0.35598446494201186
12.460158109664917,14.99530021282839,11.135766107642056,3.8595341051863343,0.34262500037206345,0.6950880731921643,1.0377130735642277,-0.3524630728201008
12.480148077011108,14.998833135216366,11.141034761113644,3.857798374102721,0.3023896225239151,0.7,1.002389622523915,-0.39761037747608485
12.500137567520142,14.999999943965847,11.145249683890919,3.854750260074928,0.30281876051216394,0.6865542883053422,0.9893730488175061,-0.3837355277931782
12.520139217376709,14.99879911786428,11.148621622112735,3.850177495751545,0.30281876051216394,0.6865542883053422,0.9893730488175061,-0.3837355277931782
12.540160894393921,14.995224655501032,11.148621622112735,3.8466030333882966,0.27476557740359575,0.7,0.9747655774035957,-0.4252344225964042
12.560142278671265,14.989291489256047,11.133741047690188,3.8555504415658586,0.3177319730201271,0.7,1.017731973020127,-0.38226802697987283
12.58014702796936,14.98098466131375,11.121836588152151,3.859148073161599,0.26005392917781145,0.7,0.9600539291778114,-0.4399460708221885
12.600137710571289,14.970319375099054,11.11231302052172,3.858006354577334,0.23795487382798466,0.6857360124588012,0.9236908862867859,-0.4477811386308166
12.620146751403809,14.957279255865803,11.104694166417378,3.852585089448425,0.23795487382798466,0.6857360124588012,0.9236908862867859,-0.4477811386308166
12.640141248703003,14.941887127481424,11.098599083133902,3.8432880443475224,0.2193059159943369,0.7,0.9193059159943369,-0.48069408400566305
12.660138845443726,14.924133865844503,11.093723016507122,3.8304108493373814,0.17022701935260565,0.6965942914132028,0.8668213107658085,-0.5263672720605972
12.680145025253296,14.90401534033991,11.089822163205698,3.8141931771342126,0.18160366569994957,0.6603179658297449,0.8419216315296945,-0.4787143001297953
12.700143337249756,14.88155114397257,11.10427960556456,3.7772715384080104,0.16604955704300672,0.6752613913733512,0.8413109484163579,-0.5092118343303444
12.720149517059326,14.856727150623133,11.151001809451648,3.705725341171485,0.1685487539542374,0.6771080119535327,0.8456567659077701,-0.5085592579992952
12.740163087844849,14.829545186455944,11.34658269756132,3.482962488894623,0.15946668060845703,0.7,0.859466680608457,-0.5405333193915429
12.760145902633667,14.80006545857367,11.34658269756132,3.4534827610123493,0.20788383158273072,0.66910553984344,0.8769893714261707,-0.4612217082607093
12.780140161514282,14.768233756756892,11.784297408049058,2.983936348707834,0.20788383158273072,0.66910553984344,0.8769893714261707,-0.4612217082607093
12.800147771835327,14.734047728327614,12.380562926439248,2.3534848018883654,0.2778838315827307,0.7,0.9778838315827307,-0.42211616841726923
12.820154428482056,14.697535047854295,13.0685128411514,1.6290222067028957,0.2384292894823012,0.683316009864211,0.9217452993465123,-0.44488672038190985
12.84015417098999,14.658713732618063,13.74191964792112,0.9167940846969422,0.3084292894823012,0.6944049110636115,1.0028342005459128,-0.38597562158131027
12.86015272140503,14.61758021694087,14.386113843336895,0.23146637360397548,0.24396498861140584,0.6849336352199316,0.9288986238313374,-0.44096864660852575
12.880151271820068,14.574138750484101,14.919047324669519,-0.34490857418541765,0.24396498861140584,0.6849336352199316,0.9288986238313374,-0.44096864660852575
12.90014910697937,14.52839786922772,15.345394109735617,-0.8169962405078977,0.3139649886114058,0.7,1.0139649886114057,-0.38603501138859414
12.920154094696045,14.480345692343647,15.686471537788497,-1.2061258454448502,0.3839649886114058,0.6906460242345929,1.0746110128459987,-0.30668103562318705
12.94015097618103,14.430026620920108,15.959333480230796,-1.5293068593106884,0.42960879506892535,0.6959089700132608,1.1255177650821862,-0.26630017494433544
12.960142374038696,14.377444326430123,15.959333480230796,-1.5818891538006739,0.48110797183937404,0.692983189644292,1.174091161483666,-0.21187521780491791
12.980141878128052,14.322570919241127,16.160044909184634,-1.8374739899435077,0.5327075861615596,0.6453220453578978,1.1780296315194574,-0.11261445919633828
13.0001380443573,14.265445648094133,16.303035927347707,-2.0375902792535747,0.5262164135684726,0.6223228741902858,1.1485392877587584,-0.09610646062181316
13.020145177841187,14.206035378652066,16.399850616878165,-2.193815238226099,0.5262164135684726,0.6223228741902858,1.1485392877587584,-0.09610646062181316
13.040154457092285,14.144373478451207,16.42456799350253,-2.280194515051324,0.5598861758818385,0.5939039420802146,1.153790117962053,-0.03401776619837604
13.060146808624268,14.080530943621786,16.356451269802026,-2.2759203261802394,0.5629451316536871,0.5880330401007086,1.1509781717543957,-0.025087908447021467
13.080146789550781,14.014440996047087,16.09102039084162,-2.0765793947945337,0.5452788197190968,0.5711014746222645,1.1163802943413612,-0.025822654903167708
13.100156307220459,13.946104914386883,15.615003812673299,-1.6688988982864164,0.5410274602228311,0.5294620050583034,1.0704894652811345,0.011565455164527672
13.120148420333862,13.875626796285095,15.005674925138639,-1.1300481288535433,0.4961791708820967,0.5301684512407518,1.0263476221228485,-0.03398928035865517
13.140162944793701,13.802876598364882,14.34243056511091,-0.539553966746027,0.4961791708820967,0.5301684512407518,1.0263476221228485,-0.03398928035865517
13.160146236419678,13.728062227265783,13.583319452088729,0.14474277517705403,0.42070310932933364,0.5015327333123423,0.9222358426416759,-0.08082962398300864
13.180142879486084,13.651031504027491,13.583319452088729,0.06771205193876284,0.4511048197501806,0.5018949721590615,0.9529997919092421,-0.05079015240888096
13.200140953063965,13.571840106697096,12.677202436670983,0.8946376700261123,0.5117068998271135,0.5273594920174218,1.0390663918445353,-0.015652592190308345
13.2201509475708,13.490456851236807,11.741371324336788,1.7490855269000196,0.5117068998271135,0.5273594920174218,1.0390663918445353,-0.015652592190308345
13.24016523361206,13.406923027267682,10.852081434469431,2.554841592798251,0.4839739314967302,0.5785151783959008,1.062489109892631,-0.09454124689917065
13.260140419006348,13.321438464113616,10.070337022575545,3.2511014415380703,0.4279230758303312,0.6485151783959009,1.076438254226232,-0.22059210256556971
13.280137062072754,13.233760301710817,9.392207118060435,3.8415531836503813,0.3845395706349519,0.6836365037993528,1.0681760744343047,-0.2990969331644009
13.300140142440796,13.143963843961625,8.79696881944835,4.346995024513275,0.3913720343017486,0.6570950639829971,1.0484670982847457,-0.2657230296812485
13.320146083831787,13.052077874272712,8.32077818055868,4.731299693714032,0.39008635838865313,0.6130701848701574,1.0031565432588105,-0.22298382648150428
13.34015417098999,12.95811941880857,7.957403794446944,5.000715624361626,0.36584351023077044,0.6261466960818507,0.9919902063126211,-0.26030318585108025
13.360145807266235,12.862192845548503,7.684282410557556,5.177910434990947,0.389405583938351,0.6816958371014334,1.0711014210397845,-0.29229025316308244
13.380147695541382,12.764186130088653,7.465785303446045,5.298400826642609,0.389405583938351,0.6816958371014334,1.0711014210397845,-0.29229025316308244
13.40015172958374,12.664152583210651,7.308565742756835,5.355586840453816,0.4014350063854364,0.6889718049601652,1.0904068113456016,-0.2875367985747288
13.420146465301514,12.562166303070098,7.308565742756835,5.253600560313263,0.4385429434233812,0.6838455978245475,1.1223885412479286,-0.24530265440116628
13.440154314041138,12.458128523081331,7.200368219205469,5.2577603038758625,0.4385429434233812,0.6838455978245475,1.1223885412479286,-0.24530265440116628
13.460154056549072,12.352165261104505,7.131388325364375,5.22077693574013,0.3685429434233812,0.6260396759421565,0.9945826193655376,-0.2574967325187753
13.480143308639526,12.244308611329235,7.0762044102915,5.1681042010377345,0.29854294342338117,0.6282851910614409,0.926828134484822,-0.3297422476380597
13.500141859054565,12.134469004362222,7.0320572782332,5.102411726129022,0.27433609088300737,0.5763109019421973,0.8506469928252046,-0.3019748110591899
13.520147562026978,12.02267319140448,7.014317697586561,5.00835549381792,0.28141470496892007,0.5594744151853956,0.8408891201543157,-0.2780597102164756
13.540142297744751,11.909040621808979,7.052860408069249,4.856180213739729,0.28141470496892007,0.5594744151853956,0.8408891201543157,-0.2780597102164756
13.560148000717163,11.793464594808698,7.154007076455399,4.639457518353299,0.305299059128156,0.5657042037160136,0.8710032628441696,-0.2604051445878576
13.580149173736572,11.6760519825111,7.37554941116432,4.3005025713467795,0.29722429775982173,0.5368899121345021,0.8341142098943238,-0.23966561437468037
13.60014533996582,11.556825452037074,7.728564528931456,3.828260923105618,0.33991054409532817,0.5557555235386826,0.8956660676340108,-0.21584497944335446
13.620161294937134,11.435653972048328,8.134023498145165,3.301630473903163,0.38103403115062984,0.5426457315147855,0.9236797626654153,-0.16161170036415562
13.640157461166382,11.31279625842493,8.134023498145165,3.178772760279765,0.3573752451816109,0.5560213639796712,0.9133966091612821,-0.19864611879806027
13.66015625,11.18813634400958,8.546281298516133,2.641855045493447,0.3573752451816109,0.5560213639796712,0.9133966091612821,-0.19864611879806027
13.680158376693726,11.061688659837872,8.876087538812907,2.1856011210249644,0.37585824505775245,0.6260213639796712,1.0018796090374238,-0.2501631189219188
13.700148820877075,10.933569215200407,9.157510656050325,1.7760585591500817,0.43663498909561904,0.6341054301918485,1.0707404192874677,-0.19747044109622947
13.720145463943481,10.803684353531366,9.38264914984026,1.4210352036911065,0.4611525327095297,0.6569566793949344,1.1181092121044642,-0.1958041466854047
13.740156412124634,10.671999295465978,9.562759944872209,1.1092393505937697,0.45981799495755704,0.6596974592865446,1.1195154542441017,-0.1998794643289875
13.760155439376831,10.5387071100334,9.706848580897766,0.8318585291356335,0.41367077139555486,0.6264445532322862,1.0401153246278412,-0.21277378183673135
13.78014063835144,10.403844787593226,9.804541364718215,0.5993034228750105,0.41367077139555486,0.6264445532322862,1.0401153246278412,-0.21277378183673135
13.800143957138062,10.26721750849159,9.86511746677457,0.40210004171701996,0.4225749509537128,0.5920123879075982,1.0145873388613111,-0.16943743695388547
13.820141792297363,10.129006497907564,9.896000223419657,0.23300627448790756,0.4485385144257453,0.6061688393563964,1.0547073537821419,-0.1576303249306511
13.8401620388031,9.989038773533538,9.885550178735727,0.10348859479781147,0.4424637310334948,0.5946242578537204,1.0370879888872153,-0.15216052682022563
13.860145807266235,9.847749801881163,9.885550178735727,-0.03780037685456428,0.3724637310334948,0.5932713737455197,0.9657351047790146,-0.22080764271202497
13.880149602890015,9.70476435653165,9.859612017988582,-0.15484766145693207,0.3724637310334948,0.5932713737455197,0.9657351047790146,-0.22080764271202497
13.90014934539795,9.560275270367597,9.821283364390865,-0.26100809402326774,0.3807966941350606,0.6134143052366563,0.994210999371717,-0.23261761110159568
13.92014479637146,9.414308033405396,9.773042316512694,-0.3587342831072977,0.33808387530385525,0.6401426782575437,0.978226553561399,-0.3020588029536884
13.940155029296875,9.266745293229093,9.734449478210156,-0.4677041849810628,0.406942848985782,0.671795888778288,1.07873873776407,-0.264853039792506
13.960145950317383,9.117862254113147,9.703575207568127,-0.5857129534549799,0.406942848985782,0.671795888778288,1.07873873776407,-0.264853039792506
13.980143547058105,8.967490270093196,9.678875791054502,-0.711385520961306,0.42729334992705853,0.6582969613117167,1.0855903112387753,-0.23100361138465814
14.000149488449097,8.815638925142634,9.676694382843602,-0.8610554577009673,0.39039949042140515,0.7,1.0903994904214052,-0.3096005095785948
14.020146369934082,8.662464371330717,9.692527381274882,-1.0300630099441648,0.3796695591264871,0.6774727243930101,1.0571422835194972,-0.297803165266523
14.040143013000488,8.507924191147108,9.705193780019908,-1.1972695888727998,0.4483971120172647,0.7,1.1483971120172647,-0.2516028879827353
14.060149908065796,8.351960702659973,9.715326899015928,-1.3633661963559547,0.4015736067050603,0.7,1.1015736067050603,-0.29842639329493964
14.080142498016357,8.194790357819345,9.715326899015928,-1.5205365411965825,0.43179202911793263,0.7,1.1317920291179326,-0.2682079708820673
14.100147485733032,8.03622825723194,9.723433394212742,-1.6872051369808023,0.4618179490172771,0.7,1.161817949017277,-0.23818205098272288
14.120147466659546,7.876436668990385,9.729918590370195,-1.8534819213798102,0.42280487989424737,0.664276760816574,1.0870816407108215,-0.2414718809223267
14.14014220237732,7.7154436965468065,9.735106747296157,-2.019663050749351,0.4725533751153853,0.594276760816574,1.0668301359319594,-0.12172338570118868
14.1601402759552,7.553205828195901,9.739257272836927,-2.1860514446410253,0.5061765377724079,0.5735575045645236,1.0797340423369315,-0.06738096679211569
14.180139303207397,7.389767629098276,9.742577693269542,-2.3528100641712664,0.4919603950658349,0.6180290552973746,1.1099894503632095,-0.12606866023153973
14.200137853622437,7.225166551919672,9.745234029615634,-2.520067477695962,0.47154267126112265,0.6055190685391425,1.077061739800265,-0.13397639727801985
14.220140933990479,7.05938703244912,9.729780973692508,-2.670393941243388,0.484421368626645,0.5640001046657561,1.048421473292401,-0.07957873603911114
14.24015474319458,6.892402600558716,9.717418528954006,-2.82501592839529,0.484421368626645,0.5640001046657561,1.048421473292401,-0.07957873603911114
14.260157585144043,6.724420670638359,9.707528573163206,-2.9831079025248464,0.5183300226309804,0.5372717037051915,1.0556017263361719,-0.018941681074211125
14.280147314071655,6.5554877352546335,9.682038483530565,-3.126550748275932,0.501972770256689,0.5490350593999027,1.0510078296565917,-0.047062289143213754
14.300154209136963,6.385374279736003,9.682038483530565,-3.2966642037945624,0.457502817673376,0.5295028296485542,0.9870056473219302,-0.07200001197517819
14.32014536857605,6.214386783224777,9.661646411824453,-3.447259628599676,0.4857051129767207,0.5656630081310867,1.0513681211078074,-0.07995789515436602
14.340157985687256,6.04223373010897,9.645332754459565,-3.6030990243505947,0.4857051129767207,0.5656630081310867,1.0513681211078074,-0.07995789515436602
14.360147953033447,5.86932178337,9.579547453567653,-3.7102256701976524,0.4854672426992331,0.6117195320501922,1.0971867747494253,-0.12625228935095917
14.380149364471436,5.695384151600799,9.403872337854121,-3.708488186253322,0.5432759324723158,0.5862781481072306,1.1295540805795463,-0.0430022156349148
14.400148153305054,5.520570008279237,9.105129120283296,-3.584559112004059,0.5420391476183433,0.626340769343078,1.1683799169614213,-0.08430162172473477
14.42015027999878,5.344854814818923,8.760665796226638,-3.4158109814077147,0.5420391476183433,0.626340769343078,1.1683799169614213,-0.08430162172473477
14.440157413482666,5.168251128872036,8.467517011981311,-3.2992658831092747,0.47206854731135556,0.6656799317523836,1.137748479063739,-0.19361138444102804
14.460144996643066,4.991004492882471,8.21541985958505,-3.224415366702578,0.4040357089071769,0.6612521965242921,1.065287905431469,-0.25721648761711524
14.480144262313843,4.812866414332251,8.01374213766804,-3.2008757233357885,0.4108187416970033,0.6324632276035844,1.0432819693005877,-0.22164448590658115
14.50014328956604,4.633970521317162,8.01374213766804,-3.3797716163508777,0.4108187416970033,0.6324632276035844,1.0432819693005877,-0.22164448590658115
14.520150899887085,4.454265697251511,7.852399960134432,-3.3981342628829205,0.4421282867371339,0.5810897868312894,1.0232180735684233,-0.13896150009415553
14.540162086486816,4.273824649056453,7.723326218107545,-3.4495015690510913,0.49251071088307086,0.5626614015735685,1.0551721124566393,-0.07015069069049762
14.560146808624268,4.092947916639454,7.620067224486036,-3.527119307846582,0.485855227376451,0.6028532158769666,1.0887084432534175,-0.11699798850051563
14.5801420211792,3.911330397995076,7.555038154588829,-3.6437077565937535,0.485855227376451,0.6028532158769666,1.0887084432534175,-0.11699798850051563
14.60014033317566,3.729067236146806,7.520593023671064,-3.7915257875242583,0.4931064062222141,0.6404610086418687,1.1335674148640829,-0.14735460241965465
14.620145082473755,3.546156360437406,7.493036918936852,-3.946880558499446,0.5064436858921546,0.5704610086418687,1.0769046945340233,-0.06401732274971406
14.640153884887695,3.3626480120835325,7.453413910149481,-4.090765898065949,0.5181499505817193,0.5730175356753169,1.0911674862570362,-0.05486758509359757
14.660146236419678,3.1787597197363398,7.439293628119586,-4.2605339083832465,0.5181499505817193,0.5730175356753169,1.0911674862570362,-0.05486758509359757
14.680143356323242,2.994325811919131,7.41041927749567,-4.416093465576539,0.5189717189461227,0.5345981101877986,1.0535698291339213,-0.015626391241675863
14.700150728225708,2.8093242885018554,7.387319796996536,-4.577995508494681,0.500694401660585,0.5713323219120501,1.072026723572635,-0.07063792025146509
14.720140218734741,2.62404474270283,7.387319796996536,-4.763275054293706,0.500694401660585,0.5713323219120501,1.072026723572635,-0.07063792025146509
14.740153551101685,2.4381295494348856,7.368840212597229,-4.930710663162344,0.430694401660585,0.5436786109954117,0.9743730126559966,-0.11298420933482672
14.760143041610718,2.25205099127686,7.354056545077783,-5.1020055538009235,0.4830193486303325,0.4736786109954117,0.9566979596257442,0.009340737634920826
14.780142068862915,2.0655281563896017,7.342229611062226,-5.276701454672624,0.5494440313667293,0.4620562677830456,1.0115002991497748,0.08738776358368366
14.800137042999268,1.8787170813080052,7.332768063849781,-5.4540509825417764,0.5498390502942494,0.41111601494252664,0.960955065236776,0.13872303535172276
14.820148468017578,1.6914554271918938,7.325198826079824,-5.633743398887931,0.5498390502942494,0.41111601494252664,0.960955065236776,0.13872303535172276
14.840202808380127,1.503523937346633,7.319143435863861,-5.815619498517228,0.5498390502942494,0.41111601494252664,0.960955065236776,0.13872303535172276
14.860217332839966,1.3157275418025765,7.331877248691089,-6.016149706888513,0.5183505646599225,0.3752235693484543,0.8935741340083767,0.14312699531146816
14.880201578140259,1.1280076422519778,7.342064298952872,-6.214056656700894,0.5183505646599225,0.3752235693484543,0.8935741340083767,0.14312699531146816
14.900203704833984,0.9399417008308977,7.209588939162297,-6.2696472383314,0.5183505646599225,0.3752235693484543,0.8935741340083767,0.14312699531146816
14.92033052444458,0.7505535714969365,6.857514901329838,-6.106961329832902,0.5183505646599225,0.3752235693484543,0.8935741340083767,0.14312699531146816
14.940332651138306,0.5622197922251932,6.857514901329838,-6.295295109104645,0.5183505646599225,0.3752235693484543,0.8935741340083767,0.14312699531146816
14.960330486297607,0.3738376472461579,6.364918171063871,-5.991080523817713,0.5183505646599225,0.3752235693484543,0.8935741340083767,0.14312699531146816
14.980400085449219,0.18472017353010584,5.812637661851097,-5.627917488320991,0.5183505646599225,0.3752235693484543,0.8935741340083767,0.14312699531146816
15.00034213066101,-0.003224505488745974,5.212610129480878,-5.2158346349696245,0.5183505646599225,0.3752235693484543,0.8935741340083767,0.14312699531146816
15.020345211029053,-0.19174387420366096,4.574384978584702,-4.766128852788364,0.5183505646599225,0.3752235693484543,0.8935741340083767,0.14312699531146816
15.040422201156616,-0.38092931383701956,3.940757982867763,-4.321687296704782,0.5183505646599225,0.3752235693484543,0.8935741340083767,0.14312699531146816
15.060278415679932,-0.5679748729213598,3.39870013629421,-3.96667500921557,0.5183505646599225,0.3752235693484543,0.8935741340083767,0.14312699531146816
15.080270290374756,-0.7562089710722737,2.965053859035368,-3.7212628301076416,0.5183505646599225,0.3752235693484543,0.8935741340083767,0.14312699531146816
15.100385904312134,-0.9454876507612535,2.618136837228294,-3.5636244879895473,0.5183505646599225,0.3752235693484543,0.8935741340083767,0.14312699531146816
15.120244264602661,-1.1321976686380335,2.340603219782635,-3.4728008884206685,0.5183505646599225,0.3752235693484543,0.8935741340083767,0.14312699531146816
15.14026165008545,-1.3202243899045394,2.118576325826108,-3.4388007157306473,0.5183505646599225,0.3752235693484543,0.8935741340083767,0.14312699531146816
15.160329818725586,-1.508518464073513,2.118576325826108,-3.627094789899621,0.5183505646599225,0.3752235693484543,0.8935741340083767,0.14312699531146816
15.180305242538452,-1.695704205842057,1.9409548106608867,-3.6366590165029438,0.5183505646599225,0.3752235693484543,0.8935741340083767,0.14312699531146816
15.200233459472656,-1.8821814368715248,1.7988575985287094,-3.681039035400234,0.5580775223387173,0.35458764225244505,0.9126651645911623,0.20348988008627228
15.220175504684448,-2.0684926626957165,1.6851798288229676,-3.7536724915186843,0.4880775223387173,0.3515919435396789,0.8396694658783962,0.13648557879903844
15.240144729614258,-2.254732392446202,1.594237613058374,-3.848970005504576,0.5367820310307434,0.4040797303989528,0.9408617614296961,0.13270230063179062
15.26014256477356,-2.4408832201542405,1.5214838404466993,-3.96236706060094,0.4780885624600342,0.3783123314008115,0.8564008938608457,0.09977623105922273
15.280139446258545,-2.6266398382510343,1.4632808223573595,-4.089920660608394,0.5480885624600342,0.39349579975008947,0.9415843622101236,0.15459276270994476
15.300156831741333,-2.812171628184903,1.4167184078858877,-4.228890036070791,0.5804251327825478,0.4243255609273909,1.0047506937099386,0.15609957185515694
15.32015609741211,-2.997091239841369,1.3794684763087102,-4.376559716150079,0.5762866491166643,0.45684669703245145,1.0331333461491157,0.11943995208421282
15.340156078338623,-3.1815441985487767,1.3496685310469683,-4.531212729595745,0.6172130571393064,0.4939147548377512,1.1111278119770576,0.1232983023015552
15.360153436660767,-3.3654706682101643,1.3258285748375747,-4.691299243047739,0.5497246922639898,0.5392285713553426,1.0889532636193324,0.010496120908647155
15.380151987075806,-3.5488767476538885,1.3067566098700598,-4.855633357523948,0.5948062145797304,0.553392008654773,1.1481982232345034,0.04141420592495737
15.400150775909424,-3.731724675945558,1.3067566098700598,-5.038481285815617,0.6355288343218854,0.5240808639302847,1.1596096982521702,0.1114479703916007
15.420151233673096,-3.9139985774051933,1.2914990378960478,-5.205497615301241,0.6355288343218854,0.5240808639302847,1.1596096982521702,0.1114479703916007
15.440160512924194,-4.095734366117611,1.2792929803168382,-5.375027346434449,0.6330506247648737,0.493231863491237,1.1262824882561107,0.13981876127363674
15.460152626037598,-4.276667718886705,1.2519500092534708,-5.528617728140175,0.6239196290442488,0.5341585211083291,1.1580781501525779,0.08976110793591974
15.480146408081055,-4.456941287682518,1.2300756324027768,-5.687016920085295,0.6386161218577764,0.5312436805199829,1.1698598023777593,0.10737244133779345
15.500160932540894,-4.636697410190979,1.1949980059222216,-5.831695416113201,0.6386161218577764,0.5312436805199829,1.1698598023777593,0.10737244133779345
15.520164012908936,-4.815618132132508,1.1493577797377774,-5.964975911870286,0.642174861644744,0.499756729705259,1.141931591350003,0.14241813193948505
15.540161848068237,-4.993731562919008,1.112845598790222,-6.10657716170923,0.6653466217865935,0.4964186786767093,1.1617653004633028,0.16892794310988424
15.560152769088745,-5.170995426645934,1.0660577290321775,-6.237053155678112,0.7,0.45289970423094905,1.152899704230949,0.2471002957690509
15.580147981643677,-5.347481260682665,1.0286274332257421,-6.376108693908407,0.7,0.45289970423094905,1.152899704230949,0.2471002957690509
15.600152015686035,-5.523200368949707,0.9811050715805938,-6.504305440530301,0.6551182016730308,0.46413094318471826,1.119249144857749,0.19098725848831255
15.620160818099976,-5.6980885200312485,0.9811050715805938,-6.679193591611842,0.683250256627798,0.49484714447520656,1.1780974011030045,0.18840311215259148
15.640170335769653,-5.872082287798668,0.9430871822644752,-6.815169470063143,0.6703160421922802,0.49722246686927957,1.1675385090615598,0.17309357532300068
15.660157442092896,-6.044954592939302,0.9126728708115802,-6.957627463750882,0.6917595582082867,0.4520216607581821,1.143781218966469,0.2397378974501046
15.680140733718872,-6.2168408406424955,0.8883414216492642,-7.10518226229176,0.6917595582082867,0.4520216607581821,1.143781218966469,0.2397378974501046
15.70015025138855,-6.38797065791282,0.8864543873194114,-7.274425045232232,0.7,0.4959192262124268,1.1959192262124267,0.20408077378757317
15.720149755477905,-6.5580059022161405,0.8849447598555291,-7.44295066207167,0.6575254172086715,0.45725391666404885,1.1147793338727203,0.20027150054462267
15.740163087844849,-6.727122099948002,0.8661589328844234,-7.593281032832426,0.6446295667439699,0.4737792466860262,1.118408813429996,0.17085032005794365
15.760157346725464,-6.895014944638201,0.8511302713075387,-7.74614521594574,0.6446295667439699,0.4737792466860262,1.118408813429996,0.17085032005794365
15.780140399932861,-7.061726436453798,0.839107342046031,-7.900833778499829,0.5746295667439698,0.4522455711942164,1.0268751379381862,0.12238399554975343
15.800153255462646,-7.227570814256565,0.8294889986368249,-8.05705981289339,0.5573222219198941,0.422854105485603,0.9801763274054971,0.13446811643429113
15.820151805877686,-7.392155093427056,0.82179432390946,-8.213949417336517,0.5687011360377072,0.3988615092914549,0.9675626453291621,0.1698396267462523
15.840160131454468,-7.555651822458616,0.82179432390946,-8.377446146368076,0.5687011360377072,0.3988615092914549,0.9675626453291621,0.1698396267462523
15.860149383544922,-7.717800290290663,0.815638584127568,-8.53343887441823,0.5620186804980039,0.38964859257452167,0.9516672730725255,0.17237008792348218
15.880146741867065,-7.878796349399336,0.8107139923020544,-8.68951034170139,0.6136997743695973,0.4305714392196385,1.0442712135892358,0.18312833514995885
15.900145292282104,-8.038558069524642,0.8067743188416436,-8.845332388366286,0.6497537299245595,0.38140813122503436,1.0311618611495939,0.2683455986995251
15.920149564743042,-8.197095756486847,0.786044455073315,-8.983140211560162,0.6497537299245595,0.38140813122503436,1.0311618611495939,0.2683455986995251
15.940142631530762,-8.354250759348727,0.663991814058652,-9.01824257340738,0.6406286080554127,0.37127262680791295,1.0119012348633256,0.2693559812474997
15.960159540176392,-8.510272483075688,0.5136153262469216,-9.02388780932261,0.7,0.3494452550169078,1.0494452550169078,0.35055474498309214
15.980140686035156,-8.664672929978265,0.39331413599753734,-9.057987065975801,0.7,0.363985167359933,1.063985167359933,0.33601483264006693
16.000139713287354,-8.817844037061409,0.2970731837980299,-9.11491722085944,0.6299999999999999,0.31124691060744203,0.9412469106074419,0.31875308939255786
16.02013659477234,-8.969606630448235,0.16734604703842393,-9.136952677486658,0.6670069742202758,0.2746939151640979,0.9417008893843737,0.39231305905617786
16.04016947746277,-9.12022264461962,0.16734604703842393,-9.287568691658043,0.6670069742202758,0.2746939151640979,0.9417008893843737,0.39231305905617786
16.060163021087646,-9.269102230810166,-0.059482537369260895,-9.209619693440905,0.7,0.31365047163329995,1.0136504716333,0.3863495283667
16.080151557922363,-9.416482332038758,-0.4167266548954088,-8.999755677143348,0.7,0.31630044198594964,1.0163004419859496,0.3836995580140503
16.10014033317566,-9.562378896826733,-0.8255688239163271,-8.736810072910405,0.6967879534233361,0.3138029936328528,1.010590947056189,0.3829849597904833
16.120137929916382,-9.70683053097108,-1.2756894341330618,-8.431141096838019,0.6967879534233361,0.3138029936328528,1.010590947056189,0.3829849597904833
16.140145540237427,-9.849820889982935,-1.8291452973064495,-8.020675592676485,0.6422880031634122,0.29371341388672567,0.9360014170501378,0.3485745892766865
16.160168886184692,-9.99136528082026,-2.4828474878451594,-7.5085177929751,0.6747708693612366,0.28844215046614385,0.9632130198273805,0.3863287188950928
16.180145978927612,-10.13100676374783,-3.146434240276128,-6.984572523471702,0.6747708693612366,0.28844215046614385,0.9632130198273805,0.3863287188950928
16.2001473903656,-10.269219170868297,-3.7124598922209024,-6.5567592786473945,0.6809313083533197,0.25976471114903665,0.9406960195023564,0.42116659720428307
16.220136165618896,-10.405723943813218,-4.182858538776723,-6.222865405036495,0.7,0.32976471114903666,1.0297647111490367,0.3702352888509633
16.240144729614258,-10.54072006971455,-4.594333706021378,-5.946386363693171,0.6889831682667136,0.37504768971353747,1.064030857980251,0.3139354785531761
16.260146617889404,-10.674006063422974,-4.594333706021378,-6.079672357401596,0.6765830216929316,0.35364084545522906,1.0302238671481607,0.32294217623770255
16.280136108398438,-10.805525146326046,-5.011404464817104,-5.794120681508942,0.6765830216929316,0.35364084545522906,1.0302238671481607,0.32294217623770255
16.300150394439697,-10.935499662980142,-5.468107946853683,-5.467391716126459,0.7,0.37933291908353545,1.0793329190835355,0.3206670809164645
16.32015299797058,-11.063670520187735,-5.974095732482947,-5.089574787704787,0.6819019343703985,0.34090768214315154,1.02280961651355,0.34099425222724694
16.340162992477417,-11.190140228742626,-6.4316203359863575,-4.758519892756269,0.7,0.37077937129884936,1.0707793712988494,0.3292206287011506
16.360148906707764,-11.314692122282313,-6.797640018789087,-4.517052103493226,0.7,0.37077937129884936,1.0707793712988494,0.3292206287011506
16.38014554977417,-11.437525232087092,-7.090455765031271,-4.347069467055821,0.7,0.39090332988649584,1.0909033298864959,0.3090966701135041
16.400146484375,-11.558578609220703,-7.324708362025017,-4.233870247195686,0.6655138999223709,0.3992133293673394,1.0647272292897103,0.2663005705550315
16.420145511627197,-11.677795299908606,-7.512110439620014,-4.165684860288592,0.6674682219047099,0.37888958532363154,1.0463578072283415,0.28857863658107835
16.440139770507812,-11.795140346743285,-7.6620321016960125,-4.133108245047272,0.7,0.39269305899739243,1.0926930589973924,0.3073069410026075
16.46013593673706,-11.910634800500425,-7.78196943135681,-4.128665369143615,0.7,0.39269305899739243,1.0926930589973924,0.3073069410026075
16.48014187812805,-12.024304225807198,-7.78196943135681,-4.242334794450388,0.7,0.40058612678199984,1.1005861267819999,0.2994138732180001
16.500138521194458,-12.13602224182243,-7.877919295085449,-4.25810294673698,0.7,0.3879308611527083,1.0879308611527083,0.31206913884729165
16.520161628723145,-12.24596852267593,-7.954679186068359,-4.291289336607571,0.7,0.40338562469929434,1.1033856246992944,0.2966143753007056
16.540149450302124,-12.353787928650577,-8.016087098854689,-4.337700829795889,0.7,0.40338562469929434,1.1033856246992944,0.2966143753007056
16.560139417648315,-12.459670163767939,-8.065213429083752,-4.394456734684187,0.7,0.33338562469929434,1.0333856246992943,0.3666143753007056
16.580132722854614,-12.563604032585735,-8.104514493267002,-4.459089539318732,0.7,0.3759431771561501,1.07594317715615,0.32405682284384985
16.60013699531555,-12.665610668608071,-8.135955344613603,-4.529655323994469,0.6701818395406007,0.32932315092533804,0.9995049904659388,0.3408586886152627
16.620139360427856,-12.765606963921625,-8.161108025690883,-4.604498938230742,0.6701818395406007,0.32932315092533804,0.9995049904659388,0.3408586886152627
16.640156507492065,-12.863658603902536,-8.181230170552707,-4.682428433349829,0.689991245791316,0.35903948988765455,1.0490307356789705,0.33095175590366144
16.660144567489624,-12.959537399347527,-8.197327886442165,-4.762209512905361,0.7,0.3075086928531525,1.0075086928531525,0.39249130714684743
16.680139780044556,-13.053405386672331,-8.210206059153732,-4.843199327518599,0.7,0.31644546963274456,1.0164454696327445,0.3835545303672554
16.700141668319702,-13.14524338245483,-8.210206059153732,-4.935037323301097,0.680469798669219,0.2541967888921497,0.9346665875613687,0.4262730097770693
16.720147848129272,-13.23502423512532,-8.220508597322986,-5.014515637802333,0.6213330578058958,0.22132415674626804,0.8426572145521638,0.4000089010596277
16.740154027938843,-13.3227138323035,-8.228750627858389,-5.09396320444511,0.5958275653421878,0.1932134551554916,0.7890410204976794,0.40261411018669624
16.76014733314514,-13.408243921762399,-8.235344252286712,-5.172899669475687,0.5958275653421878,0.1932134551554916,0.7890410204976794,0.40261411018669624
16.780146837234497,-13.491683644227905,-8.240619151829371,-5.251064492398534,0.5942781802034005,0.24414349325001214,0.8384216734534127,0.35013468695338834
16.80014967918396,-13.573006370865293,-8.244839071463497,-5.328167299401796,0.5920841937651857,0.2630759624391792,0.8551601562043649,0.32900823132600654
16.820149421691895,-13.652173051262842,-8.248215007170797,-5.403958044092045,0.5661151652922853,0.3090904203802345,0.8752055856725198,0.25702474491205085
16.840145349502563,-13.72916946826515,-8.286072005736639,-5.443097462528511,0.6218864938011393,0.23909042038023445,0.8609769141813737,0.3827960734209048
16.86014199256897,-13.804001410749313,-8.47456072958931,-5.329440681160003,0.6256266750162467,0.25172498457133746,0.8773516595875841,0.37390169044490923
16.880143642425537,-13.876672190168293,-8.783554833671449,-5.093117356496844,0.6050409611081704,0.25394928532652533,0.8589902464346957,0.3510916757816451
16.900141716003418,-13.947138915598654,-9.03075011693716,-4.916388798661494,0.6050409611081704,0.25394928532652533,0.8589902464346957,0.3510916757816451
16.920145273208618,-14.015422066109425,-9.03075011693716,-4.984671949172265,0.6529738876735791,0.25923877193592465,0.9122126596095037,0.39373511573765446
16.94015860557556,-14.081522974825901,-9.246084468549729,-4.835438506276173,0.7,0.22830551846884167,0.9283055184688416,0.4716944815311583
16.960157871246338,-14.145353171484738,-9.418351949839783,-4.727001221644954,0.673867118358612,0.25816989301703847,0.9320370113756504,0.41569722534157355
16.980146646499634,-14.206918094211176,-9.556165934871828,-4.650752159339348,0.7,0.2630418146308509,0.9630418146308508,0.43695818536914904
17.000142335891724,-14.266262228784546,-9.666417122897466,-4.599845105887081,0.7,0.2765742361824957,0.9765742361824956,0.42342576381750424
17.02015519142151,-14.323402569398374,-9.754618073317973,-4.568784496080401,0.7,0.3103339717071501,1.01033397170715,0.38966602829284985
17.040152549743652,-14.3782365549353,-9.842756958654379,-4.535479596280922,0.7,0.3103339717071501,1.01033397170715,0.38966602829284985
17.060148000717163,-14.430795744927757,-9.913268066923504,-4.517527678004253,0.7,0.3273845918755976,1.0273845918755975,0.37261540812440236
17.08015727996826,-14.481111164662169,-9.969676953538803,-4.511434211123365,0.7,0.3273845918755976,1.0273845918755975,0.37261540812440236
17.100142002105713,-14.529080190304652,-10.014804062831043,-4.514276127473609,0.7,0.33447597206570184,1.0344759720657017,0.3655240279342981
17.120136499404907,-14.574780190538918,-10.050905750264835,-4.523874440274083,0.6358235448598861,0.3191298063192514,0.9549533511791375,0.3166937385406347
17.14014744758606,-14.618214689342047,-10.079787100211869,-4.538427589130178,0.6748587869107723,0.3627154457662252,1.0375742326769974,0.31214334114454706
17.160147666931152,-14.659316846665753,-10.079787100211869,-4.579529746453884,0.6748587869107723,0.3627154457662252,1.0375742326769974,0.31214334114454706
17.180144786834717,-14.698098245941972,-10.102892180169496,-4.5952060657724765,0.631457906961441,0.4036408032570032,1.0350987102184441,0.2278171037044378
17.20015788078308,-14.734587510203738,-10.121376244135599,-4.61321126606814,0.7,0.3336408032570032,1.0336408032570032,0.3663591967429968
17.220144271850586,-14.768702941391757,-10.136163495308478,-4.632539446083278,0.6299999999999999,0.29812395633198296,0.9281239563319829,0.33187604366801693
17.240153789520264,-14.800524825546395,-10.147993296246785,-4.65253152929961,0.6097244668006896,0.25123230055905854,0.8609567673597481,0.35849216624163105
17.260146617889404,-14.829983696027451,-10.157457136997428,-4.672526559030024,0.6097244668006896,0.25123230055905854,0.8609567673597481,0.35849216624163105
17.28015947341919,-14.857128409889972,-10.165028209597942,-4.69210020029203,0.6028810521773993,0.21905218497849976,0.821933237155899,0.3838288671988995
17.30015516281128,-14.881903733187244,-10.153506942678355,-4.728396790508889,0.6544368272833525,0.23255166658200302,0.8869884938653555,0.4218851607013495
17.32014536857605,-14.904324216388302,-10.144289929142687,-4.760034287245615,0.6574038084316998,0.2579072105232624,0.9153110189549621,0.3994965979084374
17.340140342712402,-14.924397945026145,-10.154494443314151,-4.769903501711994,0.6465024281013756,0.298547657812014,0.9450500859133896,0.3479547702893616
17.360149383544922,-14.942127757621396,-10.145079929651322,-4.797047827970074,0.6465024281013756,0.298547657812014,0.9450500859133896,0.3479547702893616
17.38015079498291,-14.957490491923874,-10.145079929651322,-4.812410562272552,0.594256863342598,0.2799642241094259,0.8742210874520239,0.3142926392331721
17.400141716003418,-14.970484732723316,-10.155126443721057,-4.815358289002258,0.5242568633425979,0.2099642241094259,0.7342210874520239,0.314292639233172
17.420143127441406,-14.981122065301149,-10.163163654976847,-4.817958410324302,0.5893241248000411,0.25189348400570427,0.8412176088057455,0.3374306407943369
17.440150499343872,-14.989395483210469,-10.169593423981478,-4.819802059228991,0.6483159444201736,0.19057807044126068,0.8388940148614343,0.4577378739789129
17.46013641357422,-14.995295093119516,-10.174737239185184,-4.820557853934332,0.6483159444201736,0.19057807044126068,0.8388940148614343,0.4577378739789129
17.480141162872314,-14.99883232228098,-10.178852291348148,-4.8199800309328324,0.6792710038740186,0.18561444195918714,0.8648854458332058,0.4936565619148315
17.500145435333252,-14.999999937373108,-10.182144333078519,-4.817855604294589,0.6791627180596695,0.1975119220744816,0.8766746401341512,0.48165079598518795
17.520148515701294,-14.998798008722824,-10.184777966462816,-4.814020042260008,0.7,0.18238880435936128,0.8823888043593613,0.5176111956406386
17.540141582489014,-14.995229246730375,-10.204462998170252,-4.790766248560123,0.7,0.21687866698019181,0.9168786669801918,0.48312133301980814
17.560138940811157,-14.98929267771338,-10.343257898536201,-4.646034779177178,0.7,0.21687866698019181,0.9168786669801918,0.48312133301980814
17.580134391784668,-14.980990655587926,-10.630075068828962,-4.350915586758964,0.6363738894462585,0.2081395783182231,0.8445134677644817,0.4282343111280354
17.600154876708984,-14.97030920156508,-10.630075068828962,-4.340234132736118,0.6380542687140405,0.24337105683051025,0.8814253255445508,0.3946832118835302
17.620155572891235,-14.957272985278928,-11.03531005506317,-3.9219629302157575,0.6511493346653878,0.18776818222366248,0.8389175168890504,0.46338115244172534
17.640161752700806,-14.941870132297913,-11.447388669050536,-3.494481463247377,0.6381644870154559,0.19692960239015495,0.8350940894056109,0.44123488462530097
17.660156965255737,-14.924116710761865,-11.79462968524043,-3.129487025521435,0.6423484220169484,0.20564552533440267,0.8479939473513511,0.43670289668254575
17.68014669418335,-14.904013563756202,-12.072422498192346,-2.831591065563856,0.6423484220169484,0.20564552533440267,0.8479939473513511,0.43670289668254575
17.70015048980713,-14.881542688927208,-12.294656748553878,-2.58688594037333,0.5723484220169484,0.21480402673594629,0.7871524487528947,0.35754439528100207
17.720147371292114,-14.856729939076711,-12.490022273843103,-2.3667076652336085,0.5606264254264532,0.2296472503524271,0.7902736757788804,0.33097917507402613
17.74015712738037,-14.829553631123847,-12.646314694074482,-2.1832389370493654,0.5772513324581086,0.22600728130899345,0.8032586137671021,0.3512440511491151
17.760151386260986,-14.800057048402003,-12.771348630259586,-2.0287084181424166,0.5935869259946047,0.24413473016582407,0.8377216561604288,0.3494521958287806
17.78013849258423,-14.768236511101959,-12.871375779207668,-1.8968607318942912,0.6228390639834105,0.304594757473096,0.9274338214565065,0.3182443065103145
17.800145149230957,-14.734052362152772,-12.871375779207668,-1.8626765829451042,0.6228390639834105,0.304594757473096,0.9274338214565065,0.3182443065103145
17.82014751434326,-14.69754806785676,-12.951397498366134,-1.7461505694906254,0.6213593088276683,0.28740188709460174,0.9087611959222701,0.3339574217330666
17.840156078338623,-14.658709919794465,-13.015414873692908,-1.6432950461015565,0.6197899472853168,0.3387112975772468,0.9585012448625636,0.28107864970807
17.86015772819519,-14.617569629592886,-13.066628773954328,-1.550940855638558,0.640703514679335,0.26871129757724677,0.9094148122565817,0.3719922171020882
17.880148887634277,-14.574144066775078,-13.090021769163464,-1.4841222976116146,0.640703514679335,0.26871129757724677,0.9094148122565817,0.3719922171020882
17.900156259536743,-14.528381098464045,-13.108736165330772,-1.4196449331332737,0.6172032379498704,0.24146091266535197,0.8586641506152224,0.37574232528451845
17.920153856277466,-14.480346278675377,-13.123707682264618,-1.3566385964107592,0.5922134336968883,0.242950907712802,0.8351643414096903,0.34926252598408625
17.940154552459717,-14.430017417790133,-13.118106770811695,-1.311910646978438,0.5222134336968882,0.2566632999014107,0.7788767335982989,0.26555013379547754
17.96014976501465,-14.377424466342909,-13.113626041649356,-1.2637984246935527,0.5222134336968882,0.2566632999014107,0.7788767335982989,0.26555013379547754
17.98013663291931,-14.322585607600356,-13.110041458319484,-1.2125441492808715,0.5922134336968883,0.2291817458253351,0.8213951795222234,0.36303168787155315
18.00014567375183,-14.26542342202383,-13.107173791655589,-1.1582496303682408,0.5713804163923486,0.196379279522225,0.7677596959145736,0.3750011368701236
18.02015447616577,-14.206007245059585,-13.107173791655589,-1.098833453403996,0.5941274021705611,0.26279121431522046,0.8569186164857816,0.3313361878553407
18.040157318115234,-14.144364501646105,-13.10487965832447,-1.0394848433216346,0.597345155426301,0.2565433935169128,0.8538885489432138,0.34080176190938816
18.06015682220459,-14.080498409229472,-13.103044351659577,-0.9774540575698953,0.6617492481553926,0.1865433935169128,0.8482926416723053,0.4752058546384798
18.080140829086304,-14.014461022602658,-13.101576106327661,-0.9128849162749972,0.6686795565718784,0.2278718981985,0.8965514547703783,0.4408076583733784
18.1001455783844,-13.946142146915928,-13.100401510062127,-0.845740636853801,0.607441032999195,0.21539279409684214,0.8228338270960371,0.3920482389023529
18.120140552520752,-13.875654964040645,-13.117039958049704,-0.7586150059909418,0.6178087785327806,0.28539279409684215,0.9032015726296228,0.33241598443593845
18.14014458656311,-13.802944330098756,-13.130350716439764,-0.6725936136589912,0.6178087785327806,0.28539279409684215,0.9032015726296228,0.33241598443593845
18.16014862060547,-13.728053171883253,-13.140999323151812,-0.5870538487314416,0.5996621649200096,0.30103806526400123,0.9007002301840108,0.29862409965600833
18.180140256881714,-13.651041748341875,-13.149518208521451,-0.5015235398204236,0.6196046348148956,0.23462632418610127,0.8542309590009969,0.3849783106287943
18.200157642364502,-13.571773121264961,-13.156333316817161,-0.41543980444780004,0.657550546103157,0.2674881194625047,0.9250386655656617,0.39006242664065227
18.22015380859375,-13.490445062304207,-13.161785403453731,-0.32865965885047643,0.7,0.31292852879501853,1.0129285287950185,0.3870714712049814
18.24014925956726,-13.406990545474583,-13.161785403453731,-0.2452051420208523,0.7,0.31136731842067067,1.0113673184206706,0.3886326815793293
18.260157108306885,-13.321366162383358,-13.166147072762985,-0.15521908962037223,0.6435711354017257,0.2738401334872467,0.9174112688889724,0.36973100191447905
18.280146837234497,-13.233716929106295,-13.169636408210389,-0.06408052089590655,0.6152970481663942,0.28840566651429955,0.9037027146806937,0.32689138165209464
18.300147771835327,-13.143929197596087,-13.154849751568312,0.010920553972225022,0.6762983378022909,0.27685964611824576,0.9531579839205366,0.3994386916840451
18.320148706436157,-13.05206569331056,-13.14302042625465,0.0909547329440894,0.7,0.2889540190016848,0.9889540190016848,0.41104598099831513
18.34015727043152,-12.958104704726004,-13.13355696600372,0.17545226127771585,0.6826427660882473,0.26426455324050013,0.9469073193287474,0.4183782128477471
18.36014747619629,-12.862184752534468,-13.125986197802975,0.26380144526850735,0.6634684324264526,0.2747876042639834,0.938256036690436,0.3886808281624692
18.380146026611328,-12.764194391950564,-13.119929583242381,0.3557351912918172,0.6247814752161502,0.28397676480468337,0.9087582400208336,0.34080471041146687
18.40014672279358,-12.664177871479684,-13.115084291593906,0.45090642011422233,0.6247814752161502,0.28397676480468337,0.9087582400208336,0.34080471041146687
18.420149564743042,-12.562150339770072,-13.111208058275125,0.5490577185050523,0.5723026476800441,0.2922910455754024,0.8645936932554465,0.2800116021046417
18.440155029296875,-12.458124768568227,-13.1081070716201,0.649982303051873,0.635037437826395,0.3160418015113098,0.9510792393377048,0.3189956363150852
18.460159063339233,-12.352138489059662,-13.1081070716201,0.7559685825604383,0.5765475302934646,0.3136247099982572,0.8901722402917218,0.2629228202952074
18.480147123336792,-12.244287843367886,-13.105626282296079,0.8613384389281933,0.6011378828436136,0.32914832342881684,0.9302862062724304,0.27198955941479674
18.500155687332153,-12.134392389368116,-13.103641650836863,0.9692492614687467,0.6011378828436136,0.32914832342881684,0.9302862062724304,0.27198955941479674
18.5201473236084,-12.022674535089052,-13.10205394566949,1.0793794105804384,0.6531844090670347,0.30979396697599415,0.9629783760430288,0.3433904420910405
18.540146827697754,-11.909014663874743,-13.100783781535593,1.1917691176608507,0.7,0.31744113719556455,1.0174411371955645,0.3825588628044354
18.56015634536743,-11.79341599641512,-13.099767650228474,1.306351653813353,0.6382920674979686,0.24744113719556454,0.8857332046935331,0.3908509303024041
18.580148220062256,-11.676057624960617,-13.098954745182779,1.4228971202221619,0.6372795714298263,0.23069300873670698,0.8679725801665332,0.4065865626931193
18.60014796257019,-11.556809694777805,-13.098304421146224,1.5414947263684198,0.6372795714298263,0.23069300873670698,0.8679725801665332,0.4065865626931193
18.62015128135681,-11.43571504551938,-13.09778416191698,1.6620691163975998,0.5672795714298262,0.22252243010792855,0.7898020015377547,0.34475714132189766
18.640151500701904,-11.312833146934437,-13.097367954533583,1.7845348075991456,0.5817516229534521,0.20046411080751542,0.7822157337609674,0.38128751214593665
18.660155534744263,-11.188140834172357,-13.097034988626866,1.9088941544545097,0.5385184406721963,0.1304641108075154,0.6689825514797118,0.40805432986468093
18.680143356323242,-11.06178427231603,-13.097034988626866,2.035250716310836,0.5601033519441261,0.14966916135046604,0.7097725132945921,0.41043419059366004
18.700148820877075,-10.933569215200407,-13.096768615901494,2.163199400701087,0.4901033519441261,0.21966916135046605,0.7097725132945921,0.27043419059366003
18.720149993896484,-10.80365473598065,-13.096555517721196,2.2929007817405456,0.46813695231918234,0.21189067418221358,0.6800276265013959,0.25624627813696876
18.740140914916992,-10.672101932640308,-13.096385039176957,2.424283106536649,0.46813695231918234,0.21189067418221358,0.6800276265013959,0.25624627813696876
18.76015019416809,-10.538742288083231,-13.113826781341567,2.575084493258336,0.5381369523191823,0.18976872692350272,0.727905679242685,0.34836822539567963
18.780147075653076,-10.403801082541142,-13.127780175073255,2.7239790925321135,0.5094065971160306,0.23678788448218227,0.7461944815982129,0.2726187126338484
18.800161123275757,-10.26709956020362,-13.138942890058606,2.871843329854986,0.49595516616944213,0.277275021173991,0.7732301873434331,0.21868014499545113
18.82015323638916,-10.128926944449038,-13.165451187046886,3.0365242425978476,0.49818838596809645,0.207275021173991,0.7054634071420874,0.29091336479410546
18.840142011642456,-9.989179583082459,-13.186657824637509,3.19747824155505,0.49818838596809645,0.207275021173991,0.7054634071420874,0.29091336479410546
18.860151767730713,-9.847707427566705,-13.203623134710007,3.3559157071433017,0.4614540918217971,0.17249476472381475,0.6339488565456118,0.28895932709798233
18.88015103340149,-9.704754076264908,-13.217195382768006,3.5124413065030975,0.46845508738886554,0.17586376371793422,0.6443188511067998,0.2925913236709313
18.900153636932373,-9.560244103150229,-13.228053181214404,3.6678090780641757,0.44810570403467853,0.22391936409287128,0.6720250681275498,0.22418633994180726
18.9201443195343,-9.414311532136832,-13.228053181214404,3.8137416490775724,0.44810570403467853,0.22391936409287128,0.6720250681275498,0.22418633994180726
18.940150499343872,-9.266778865402937,-13.236739419971524,3.969960554568587,0.4664645194960757,0.21289222727529677,0.6793567467713725,0.2535722922207789
18.960147380828857,-9.117851548578434,-13.24368841097722,4.125836862398787,0.4074682854069396,0.14289222727529677,0.5503605126822364,0.2645760581316428
18.980149030685425,-8.967448840692297,-13.249247603781777,4.28179876308948,0.46065566315781314,0.1868268034886566,0.6474824666464698,0.27382885966915654
19.00017285346985,-8.815460758296332,-13.253694958025424,4.4382341997290915,0.47190378419589246,0.19942388008348616,0.6713276642793786,0.2724799041124063
19.020150184631348,-8.66243501981671,-13.257252841420339,4.594817821603629,0.47190378419589246,0.19942388008348616,0.6713276642793786,0.2724799041124063
19.040167093276978,-8.507737276845578,-13.26009914813627,4.752361871290692,0.5419037841958925,0.19561120797879966,0.7375149921746922,0.3462925762170928
19.06016516685486,-8.351841246156763,-13.262376193509017,4.910534947352254,0.5295982721028849,0.18665345781482728,0.7162517299177122,0.3429448142880576
19.080150842666626,-8.194724485230658,-13.264197829807214,5.069473344576556,0.5405527536524459,0.22680496820248636,0.7673577218549323,0.31374778544995957
19.100157737731934,-8.03614667092835,-13.265655138845773,5.229508467917423,0.5645426695002242,0.29680496820248636,0.8613476377027106,0.2677377012977379
19.12017250061035,-7.876235873384843,-13.266820986076617,5.390585112691774,0.5645426695002242,0.29680496820248636,0.8613476377027106,0.2677377012977379
19.140156030654907,-7.715331930149195,-13.266820986076617,5.551489055927422,0.6345426695002243,0.33422680565156015,0.9687694751517845,0.30031586384866416
19.16015887260437,-7.553054400657671,-13.285331788861296,5.732277388203625,0.6413598031317815,0.362419454315677,1.0037792574474587,0.2789403488161045
19.180166006088257,-7.389548619171003,-13.300140431089039,5.910591811918036,0.642372972778976,0.34328718104399714,0.9856601538229731,0.29908579173497885
19.20014476776123,-7.225109445288716,-13.29440921987123,6.069299774582515,0.5918305138871074,0.35464873437769684,0.9464792482648042,0.23718177950941055
19.220139265060425,-7.059400910919936,-13.289824250896984,6.230423339977048,0.5918305138871074,0.35464873437769684,0.9464792482648042,0.23718177950941055
19.240179538726807,-6.892195038555412,-13.26857815071759,6.376383112162177,0.593816922493279,0.37437127058394226,0.9681881930772213,0.21944565190933674
19.260141849517822,-6.7245532378518185,-13.234003145574071,6.509449907722253,0.5574306263402105,0.3593934568855909,0.9168240832258013,0.19803716945461958
19.280142545700073,-6.555528157073882,-13.188765016459259,6.633236859385377,0.5642433701828122,0.323902213880792,0.8881455840636042,0.24034115630202024
19.30014157295227,-6.385482043228186,-13.117418263167407,6.731936219939221,0.5642433701828122,0.323902213880792,0.8881455840636042,0.24034115630202024
19.320162296295166,-6.214241578534454,-12.954872110533925,6.7406305319994715,0.5354280019924045,0.3422504830453542,0.8776784850377587,0.19317751894705026
19.340162992477417,-6.042190539896324,-12.954872110533925,6.912681570637601,0.5751224229857326,0.3575707254279402,0.9326931484136728,0.21755169755779236
19.360145092010498,-5.869346597938662,-12.77210081342714,6.9027542154884785,0.6451224229857326,0.3825686284620312,1.0276910514477637,0.2625537945237014
19.380143642425537,-5.695434041985733,-12.625883775741714,6.930449733755982,0.6436887934431434,0.40440401707775864,1.048092810520902,0.2392847763653848
19.400142908096313,-5.520615973376489,-12.50891014559337,6.988294172216881,0.6445421721762978,0.4542890255618837,1.0988311977381815,0.19025314661441411
19.420141458511353,-5.344932498166226,-12.415331241474698,7.0703987433084725,0.6445421721762978,0.4542890255618837,1.0988311977381815,0.19025314661441411
19.440153121948242,-5.168289098973918,-12.340468118179759,7.172179019205841,0.6840009387559258,0.4466135529149321,1.1306144916708578,0.23738738584099373
19.460145711898804,-4.990998135859096,-12.280577619543807,7.289579483684712,0.6282784190005624,0.4817223687935618,1.110000787794124,0.14655605020700058
19.480138778686523,-4.812915363713069,-12.232665220635045,7.419749856921976,0.6175608854717576,0.41849628736264977,1.0360571728344072,0.19906459810910782
19.500138759613037,-4.634011126703899,-12.194335301508037,7.560324174804138,0.6586121242470109,0.46452850376255783,1.1231406280095686,0.19408362048445305
19.520135402679443,-4.454405166511603,-12.110936991206431,7.656531824694828,0.6586121242470109,0.46452850376255783,1.1231406280095686,0.19408362048445305
19.54014253616333,-4.274001268869707,-11.938749592965145,7.664748324095438,0.7,0.5345285037625578,1.2345285037625577,0.16547149623744217
19.56014895439148,-4.092928460675916,-11.938749592965145,7.845821132289229,0.6712856151163578,0.5165356347430494,1.1878212498594072,0.15474998037330834
19.580143213272095,-3.9113195514662578,-11.695530924372116,7.784211372905858,0.7,0.4465356347430494,1.1465356347430493,0.25346436525695054
19.600135803222656,-3.7291085895646967,-11.465799739497696,7.736691149932999,0.7,0.4465356347430494,1.1465356347430493,0.25346436525695054
19.62013816833496,-3.5462196774353867,-11.246858541598158,7.700638864162771,0.684093327075243,0.4717707679886367,1.1558640950638797,0.21232255908660624
19.640151500701904,-3.3626699105966913,-10.983814958278527,7.621145047681836,0.6140933270752429,0.43509376135654715,1.04918708843179,0.17899956571869574
19.660155296325684,-3.1786762714398247,-10.685489466622823,7.506813195182998,0.6601324799656867,0.4846045122761276,1.1447369922418142,0.17552796768955908
19.680141925811768,-2.994339022814136,-10.394094698298257,7.399755675484121,0.6983397017419337,0.4641045880783346,1.1624442898202683,0.23423511366359911
19.700138807296753,-2.809434652460101,-10.143400758638608,7.333966106178506,0.6983397017419337,0.4641045880783346,1.1624442898202683,0.23423511366359911
19.72013568878174,-2.624086778144354,-9.942845606910886,7.318758828766532,0.7,0.4550925744045522,1.1550925744045522,0.24490742559544776
19.740145206451416,-2.438207150007411,-9.78240148552871,7.3441943355212995,0.6666936621069908,0.5032961954642083,1.169989857571199,0.16339746664278243
19.760152578353882,-2.25196212833678,-9.654046188422969,7.402084060086189,0.6666936621069908,0.5032961954642083,1.169989857571199,0.16339746664278243
19.780149459838867,-2.065459161644508,-9.654046188422969,7.588587026778461,0.7,0.5732961954642084,1.2732961954642084,0.12670380453579155
19.80013942718506,-1.8786947878277571,-9.551361950738377,7.67266716291062,0.7,0.5326251300144937,1.2326251300144937,0.1673748699855062
19.820138454437256,-1.6915492009852022,-9.469214560590702,7.7776653596055,0.7,0.5828764202166345,1.2828764202166345,0.1171235797833654
19.84014129638672,-1.5041007534312152,-9.403496648472562,7.899395895041346,0.7,0.5955918353144076,1.2955918353144076,0.10440816468559233
19.8601393699646,-1.3164594908637128,-9.350922318778052,8.03446282791434,0.6865069268271327,0.5484836731199172,1.2349905999470498,0.13802325370721547
19.880143404006958,-1.128554367300915,-9.308862855022442,8.180308487721527,0.6865069268271327,0.5484836731199172,1.2349905999470498,0.13802325370721547
19.900160312652588,-0.940349858447296,-9.275215284017955,8.334865425570658,0.6498080043122172,0.5588407289329913,1.2086487332452085,0.09096727537922589
19.92015266418457,-0.7522277604891108,-9.248297227214366,8.496069466725254,0.7,0.5775402445439246,1.2775402445439246,0.12245975545607535
19.940151929855347,-0.5639218497308024,-9.226762781771495,8.662840932040693,0.7,0.6435482461098578,1.3435482461098578,0.05645175389014212
19.960148334503174,-0.3755538517681922,-9.174378975417195,8.798825123649003,0.7,0.6435482461098578,1.3435482461098578,0.05645175389014212
19.980146169662476,-0.18711308961467363,-9.044581305333756,8.857468215719082,0.7,0.5818346474412825,1.2818346474412825,0.11816535255871741
20.000164031982422,0.0015459650100348617,-9.044581305333756,9.04612727034379,0.7,0.5118346474412825,1.2118346474412824,0.18816535255871747
20.020174026489258,0.19013062864052044,-8.888008794267005,9.078139422907526,0.6334442391991615,0.5818346474412825,1.215278886640444,0.051609591757878936
20.040174961090088,0.3785998780326715,-8.727594535413605,9.106194413446277,0.6334442391991615,0.5818346474412825,1.215278886640444,0.051609591757878936
20.060179471969604,0.5670430180693293,-8.546528753330882,9.113571771400212,0.6395442507229745,0.5445100065413859,1.1840542572643604,0.09503424418158857
20.080172061920166,0.7552843654736422,-8.348941752664707,9.10422611813835,0.6018705761991441,0.5277294326666739,1.129600008865818,0.07414114353247014
20.10018801689148,0.9436263071467993,-8.155715902131766,9.099342209278564,0.6166593118570745,0.5733522433880713,1.1900115552451458,0.04330706846900312
20.120173454284668,1.131532199785536,-7.983557096705414,9.11508929649095,0.6166593118570745,0.5733522433880713,1.1900115552451458,0.04330706846900312
20.140158653259277,1.3192574321477533,-7.828251927364332,9.147509359512085,0.6122904827818274,0.5800140882935372,1.1923045710753646,0.03227639448829023
20.160152435302734,1.5068551310259588,-7.704007791891465,9.210862922917425,0.6277086900547146,0.6411157670523968,1.2688244571071114,-0.013407076997682177
20.180145263671875,1.6942060972890753,-7.604612483513172,9.298818580802248,0.6977086900547147,0.6432206797040996,1.3409293697588143,0.054488010350615124
20.20014190673828,1.8813253893793322,-7.507518111810538,9.38884350118987,0.6977086900547147,0.6432206797040996,1.3409293697588143,0.054488010350615124
20.220144033432007,2.0681988864659484,-7.507518111810538,9.575716998276487,0.6924143088795245,0.6497850542515513,1.3421993631310758,0.04262925462797318
20.240160703659058,2.254881233600167,-7.429842614448431,9.684723848048598,0.6224143088795244,0.5797850542515512,1.2021993631310757,0.04262925462797318
20.26015329360962,2.4409829892468777,-7.367702216558746,9.808685205805624,0.6395929486490786,0.5624798849970098,1.2020728336460884,0.07711306365206871
20.280142545700073,2.626668598446518,-7.317989898246998,9.944658496693517,0.6434712771326303,0.5272220947593447,1.170693371891975,0.11624918237328563
20.300146341323853,2.8120745113513888,-7.2782200435975986,10.090294554948986,0.597559018805623,0.5972220947593447,1.1947811135649677,0.0003369240462782752
20.320146560668945,2.9970031705236138,-7.24640415987808,10.243407330401693,0.597559018805623,0.5972220947593447,1.1947811135649677,0.0003369240462782752
20.340149641036987,3.1814849087919224,-7.220951452902464,10.402436361694386,0.6128905571997165,0.5749556192755696,1.1878461764752861,0.03793493792414693
20.36015009880066,3.3654400116413807,-7.200589287321973,10.566029298963354,0.6828905571997166,0.589779822491109,1.2726703796908256,0.09311073470860753
20.380141258239746,3.548778501470907,-7.18429955485758,10.733078056328488,0.7,0.6004056021198627,1.3004056021198627,0.09959439788013724
20.400144338607788,3.7316659132700423,-7.1712677688860635,10.902933682156107,0.7,0.6004056021198627,1.3004056021198627,0.09959439788013724
20.42015027999878,3.9139899006142884,-7.160842340108851,11.07483224072314,0.6443425983190536,0.6371350235864517,1.2814776219055053,0.007207574732601918
20.440147876739502,4.095619798279937,-7.160842340108851,11.256462138388788,0.6269756469875574,0.6629630758985874,1.2899387228861448,-0.03598742891103002
20.46015214920044,4.276663411331612,-7.1525019970870805,11.429165408418694,0.5956007305532693,0.6329912174120542,1.2285919479653236,-0.03739048685878488
20.480140447616577,4.456887648664027,-7.1458297226696645,11.602717371333693,0.5956007305532693,0.6329912174120542,1.2285919479653236,-0.03739048685878488
20.500136375427246,4.636477299270025,-7.140491903135732,11.776969202405757,0.5417111542075872,0.6241637453064319,1.1658748995140191,-0.08245259109884473
20.52013397216797,4.815349991241663,-7.136221647508586,11.951571638750249,0.5596848398447036,0.6380835495516655,1.197768389396369,-0.07839870970696183
20.540141344070435,4.9935493402489834,-7.13280544300687,12.126354783255852,0.535299177095294,0.6643216501548883,1.1996208272501823,-0.12902247305959436
20.56013774871826,5.170862540501821,-7.130072479405496,12.300935019907318,0.532163872430101,0.7,1.232163872430101,-0.16783612756989896
20.580140352249146,5.347414079755294,-7.075151733524397,12.42256581327969,0.6092168158385902,0.6645220081508159,1.273738823989406,-0.05530519231222564
20.600134134292603,5.523043681004553,-6.837855761819518,12.36089944282407,0.6092168158385902,0.6645220081508159,1.273738823989406,-0.05530519231222564
20.62013864517212,5.697895209561705,-6.419503359455614,12.117398569017318,0.6407071566674858,0.6947560097277163,1.3354631663952021,-0.05404885306023055
20.640144109725952,5.871854839381729,-5.979352687564491,11.85120752694622,0.6197328763548284,0.7,1.3197328763548284,-0.08026712364517152
20.660141706466675,6.044818863911793,-5.979352687564491,12.024171551476284,0.572447736794129,0.7,1.272447736794129,-0.12755226320587099
20.68013620376587,6.216801986298429,-5.609654025051594,11.826456011350022,0.5951027246657759,0.6917340511456131,1.286836775811389,-0.0966313264798373
20.700140714645386,6.387889334029659,-5.313895095041275,11.701784429070933,0.6651027246657759,0.6924231378245167,1.3575258624902926,-0.027320413158740786
20.720139503479004,6.557919002988866,-5.07728795103302,11.635206954021886,0.6651027246657759,0.6924231378245167,1.3575258624902926,-0.027320413158740786
20.74014949798584,6.727007621123948,-4.870424110826416,11.597431731950365,0.7,0.7,1.4,0.0
20.760146141052246,6.894921152303809,-4.687354913661133,11.582276065964942,0.7,0.6890623139217495,1.3890623139217495,0.010937686078250408
20.780139684677124,7.0617204890962455,-4.540899555928907,11.602620045025152,0.6299999999999999,0.7,1.3299999999999998,-0.07000000000000006
20.800140142440796,7.227462519351414,-4.423735269743126,11.65119778909454,0.6299999999999999,0.7,1.3299999999999998,-0.07000000000000006
20.820139169692993,7.392051465793258,-4.330003840794502,11.722055306587759,0.5958787921071051,0.7,1.295878792107105,-0.10412120789289481
20.840155601501465,7.555614940416887,-4.2550186976356015,11.810633638052488,0.5771903108060359,0.7,1.2771903108060358,-0.12280968919396407
20.860151767730713,7.71781955818249,-4.1950305831084815,11.91285014129097,0.5091925348341464,0.7,1.2091925348341463,-0.19080746516585356
20.88014268875122,7.878763843475334,-4.164618216486786,12.04338205996212,0.5091925348341464,0.7,1.2091925348341463,-0.19080746516585356
20.900140285491943,8.038518229743717,-4.164618216486786,12.203136446230502,0.4584636847674845,0.7,1.1584636847674845,-0.24153631523251545
20.920149564743042,8.197095756486847,-4.140288323189428,12.337384079676276,0.47434287808835496,0.7,1.174342878088355,-0.225657121911645
20.940149784088135,8.354306747420233,-4.120824408551543,12.475131155971777,0.46437718823552127,0.6826945904642343,1.1470717786997555,-0.21831740222871304
20.96014428138733,8.510154058064433,-4.105253276841234,12.615407334905667,0.5013758029043673,0.7,1.2013758029043673,-0.19862419709563262
20.980141162872314,8.66467659844585,-4.092796371472987,12.757472969918837,0.43237502977251996,0.7,1.13237502977252,-0.26762497022748
21.000139951705933,8.817845854840646,-4.08283084717839,12.900676702019037,0.44102176569402207,0.6632684513926506,1.1042902170866726,-0.2222466856986285
21.020137310028076,8.969612033565838,-4.039702177742712,13.00931421130855,0.4792310438305139,0.6944132044911384,1.1736442483216523,-0.2151821606606245
21.04015040397644,9.12007992520999,-3.8469961171941702,12.967076042404159,0.4792310438305139,0.6944132044911384,1.1736442483216523,-0.2151821606606245
21.06014919281006,9.268999762959563,-3.499471893755336,12.7684716567149,0.4914220758900046,0.6430871270596981,1.1345092029497026,-0.15166505116969348
21.080140590667725,9.416401873063437,-3.028093140004269,12.444495013067707,0.45333821710199107,0.6698349423706531,1.1231731594726442,-0.21649672526866204
21.1001455783844,9.562416984262672,-3.028093140004269,12.590510124266942,0.4057219364866613,0.6498704634606838,1.055592399947345,-0.24414852697402245
21.120136976242065,9.706823678511482,-2.5103651370034155,12.217188815514897,0.41085845056921233,0.6048501886427402,1.0157086392119525,-0.19399173807352788
21.140142679214478,9.84980055357019,-2.0258702346027326,11.875670788172924,0.35387404460459937,0.6371573477983474,0.9910313924029468,-0.28328330319374806
21.16014862060547,9.991222819806755,-1.6206961876821862,11.611919007488941,0.3439055775478481,0.6580551125109195,1.0019606900587676,-0.3141495349630714
21.180140018463135,10.130965336579736,-1.261400700145749,11.392366036725486,0.2739055775478481,0.6374390840530395,0.9113446616008876,-0.3635335065051914
21.200146913528442,10.269215895106264,-0.8684955601165993,11.137711455222863,0.3439055775478481,0.6215007554739713,0.9654063330218194,-0.2775951779261232
21.22014021873474,10.405751457113201,-0.3608120730932794,10.766563530206481,0.3488990646973251,0.6092381428927183,0.9581372075900434,-0.26033907819539315
21.240143537521362,10.540712076176158,0.23869409152537654,10.302017984650782,0.34061423048377026,0.6688655938953161,1.0094798243790863,-0.3282513634115458
21.260148763656616,10.674020272044613,0.9468146482203011,9.727205623824313,0.336832353491336,0.6544506715610623,0.9912830250523983,-0.3176183180697263
21.280150651931763,10.805620216193,1.724248593576241,9.081371622616759,0.336832353491336,0.6544506715610623,0.9912830250523983,-0.3176183180697263
21.30015277862549,10.935515043482075,2.539555124860993,8.395959918621083,0.266832353491336,0.6446093337610364,0.9114416872523723,-0.37777698026970036
21.320146083831787,11.063626517165922,2.539555124860993,8.52407139230493,0.336832353491336,0.5889180654659867,0.9257504189573227,-0.2520857119746507
21.340161323547363,11.19012975404088,3.3324253498887946,7.857704404152086,0.36705897154286493,0.6046649867668747,0.9717239583097397,-0.23760601522400981
21.360162019729614,11.314773258850007,4.037034029911036,7.277739228938971,0.36705897154286493,0.6046649867668747,0.9717239583097397,-0.23760601522400981
21.38014817237854,11.437541223930378,4.671033473928829,6.766507750001549,0.3772919118590652,0.5839494725689292,0.9612413844279943,-0.20665756070986396
21.400151014328003,11.55860582019917,5.283701779143063,6.274904041056108,0.3072919118590652,0.5478542855009436,0.8551461973600087,-0.24056237364187844
21.42014169692993,11.677772735250686,5.82657079831445,5.851201936936236,0.30066762765869487,0.4850431418046355,0.7857107694633303,-0.1843755141459406
21.44015097618103,11.79520559191848,6.260866013651562,5.534339578266918,0.30066762765869487,0.4850431418046355,0.7857107694633303,-0.1843755141459406
21.460146188735962,11.910693533636188,6.60830218592125,5.302391347714938,0.32159055484458793,0.5126384066417813,0.8342289614863692,-0.19104785179719336
21.48015332221985,12.024368706639144,6.903829248737,5.120539457902145,0.26321276364848006,0.49970851540565486,0.7629212790541349,-0.2364957517571748
21.500139474868774,12.13602752430033,7.1402508989896,4.99577662531073,0.2814173129759728,0.5322583585977554,0.8136756715737281,-0.2508410456217826
21.520139932632446,12.245850435940643,7.32938821919168,4.916462216748963,0.29803110560402263,0.546212413161993,0.8442435187660156,-0.24818130755797035
21.540139198303223,12.353733124744762,7.32938821919168,5.024344905553082,0.29803110560402263,0.546212413161993,0.8442435187660156,-0.24818130755797035
21.56012725830078,12.459606354270022,7.498276200353344,4.961330153916678,0.2762151518277823,0.616212413161993,0.8924275649897753,-0.33999726133421077
21.580143213272095,12.563658047337324,7.650964710282676,4.912693337054647,0.24732503009960044,0.5550859463214874,0.8024109764210878,-0.307760916221887
21.600140810012817,12.665629930365144,7.773115518226142,4.892514412139002,0.262782789710909,0.5159794767200947,0.7787622664310037,-0.2531966870091857
21.620142221450806,12.765621122966152,7.870836164580914,4.894784958385238,0.262782789710909,0.5159794767200947,0.7787622664310037,-0.2531966870091857
21.64017105102539,12.863729105813459,7.9665908066647315,4.897138299148727,0.24949906760826696,0.49167090885341164,0.7411699764616786,-0.24217184124514468
21.66016459465027,12.959632443165047,8.043194520331785,4.916437922833262,0.2646088143251835,0.4809186053276063,0.7455274196527898,-0.21630979100242276
21.680147886276245,13.053443024753934,8.10447749126543,4.948965533488504,0.26416102654417034,0.5065849949419499,0.7707460214861201,-0.24242396839777952
21.70013666152954,13.1452206531334,8.188660118012344,4.956560535121056,0.25883177572046395,0.5443697054684162,0.8032014811888801,-0.2855379297479523
21.720149517059326,13.23503163766992,8.308740594409876,4.9262910432600435,0.25883177572046395,0.5443697054684162,0.8032014811888801,-0.2855379297479523
21.740160703659058,13.322742742247426,8.4575393505279,4.865203391719525,0.24210329816793077,0.48961775049567224,0.731721048663603,-0.24751445232774147
21.7601478099823,13.408245936461912,8.4575393505279,4.950706585934011,0.24342029632185572,0.5028957533463836,0.7463160496682393,-0.2594754570245279
21.78015160560608,13.491703284789306,8.594156480422322,4.897546804366984,0.26137595714186307,0.5302198133245111,0.7915957704663741,-0.268843856182648
21.800145626068115,13.572990109423584,8.721028309337859,4.851961800085725,0.26237161198747333,0.5005445997044444,0.7629162116919177,-0.2381729877169711
21.820142030715942,13.652144192366146,8.840103897470287,4.8120402948958585,0.26237161198747333,0.5005445997044444,0.7629162116919177,-0.2381729877169711
21.840139865875244,13.729148649505303,8.970520617976229,4.758628031529074,0.25908828267944034,0.5181175949797034,0.7772058776591437,-0.2590293123002631
21.860142469406128,13.804003169245984,9.110010244380984,4.693992924865,0.29164858276140865,0.5233483146689832,0.8149968974303918,-0.2316997319075746
21.880136966705322,13.876648300669341,9.221601945504787,4.655046355164554,0.2896887452539521,0.5933483146689833,0.8830370599229354,-0.3036595694150312
21.900141716003418,13.947138915598652,9.31087530640383,4.636263609194822,0.2680373096105176,0.6234238461218775,0.891461155732395,-0.35538653651135993
21.920137882232666,14.01539724485095,9.382293995123064,4.633103249727887,0.2680373096105176,0.6234238461218775,0.891461155732395,-0.35538653651135993
21.94014620780945,14.081482715116294,9.43942894609845,4.642053769017844,0.23795050915447055,0.5599877477250994,0.79793825687957,-0.3220372385706288
21.960142850875854,14.145306068944928,9.485136906878761,4.6601691620661665,0.2767255806562024,0.5339639556221665,0.8106895362783688,-0.2572383749659641
21.980144500732422,14.206911605398682,9.485136906878761,4.721774698519921,0.25937666904297646,0.519033034015447,0.7784097030584234,-0.2596563649724705
22.000139236450195,14.266253204377298,9.521703275503008,4.7445499288742905,0.25523775464040216,0.5093968302570284,0.7646345848974305,-0.25415907561662626
22.02013373374939,14.323342515080155,9.568534495402409,4.754808019677746,0.25523775464040216,0.5093968302570284,0.7646345848974305,-0.25415907561662626
22.04014301300049,14.378210944923016,9.641155721321926,4.737055223601089,0.23790910860639986,0.4760391317866743,0.7139482403930741,-0.23813002318027443
22.060139894485474,14.430774898202078,9.71683082705754,4.713944071144537,0.20351870378595766,0.5155172102712096,0.7190359140571672,-0.3119985064852519
22.08014416694641,14.481078939258614,9.777370911646033,4.703708027612581,0.1855080260161775,0.4785590448044241,0.6640670708206016,-0.29305101878824663
22.100143671035767,14.529084100653979,9.825802979316826,4.703281121337152,0.19153713083011087,0.4821834568027408,0.6737205876328516,-0.2906463259726299
22.12013816833496,14.57478390918267,9.864548633453461,4.710235275729209,0.16291282532853063,0.45089932196773597,0.6138121472962665,-0.28798649663920534
22.140172481536865,14.6182675805469,9.913123281762768,4.705144298784132,0.16291282532853063,0.45089932196773597,0.6138121472962665,-0.28798649663920534
22.16014528274536,14.659312084797616,9.951983000410214,4.707329084387402,0.1457514653180259,0.4086863737646491,0.554437839082675,-0.2629349084466232
22.18014168739319,14.69809241468031,9.983070775328173,4.715021639352138,0.15850083736819204,0.3496314998809249,0.5081323372491169,-0.19113066251273286
22.200138092041016,14.734552579779992,9.983070775328173,4.751481804451819,0.08850083736819203,0.41749283337034293,0.505993670738535,-0.3289919960021509
22.220136642456055,14.768690362545419,10.025519120262539,4.74317124228288,0.07501111043733533,0.46925484799779965,0.544265958435135,-0.3942437375604643
22.240143060684204,14.800508389485318,10.077055921210032,4.723452468275285,0.07501111043733533,0.46925484799779965,0.544265958435135,-0.3942437375604643
22.26014280319214,14.82997829824761,10.118285361968026,4.711692936279585,0.14501111043733533,0.5033435452822597,0.6483546557195949,-0.35833243484492433
22.280144929885864,14.857109536016923,10.168847039574421,4.688262496442501,0.08156752420705732,0.4756198063585908,0.5571873305656481,-0.3940522821515335
22.30013942718506,14.881885159286401,10.244452631659538,4.6374325276268635,0.07769335594144638,0.4593603968713434,0.5370537528127898,-0.381667040929897
22.320136308670044,14.90431458736002,10.48071835532763,4.42359623203239,0.13759185534086998,0.48771408424712726,0.6253059395879972,-0.35012222890625727
22.340162992477417,14.92441934890163,10.986137184262104,3.938282164639526,0.13759185534086998,0.48771408424712726,0.6253059395879972,-0.35012222890625727
22.36015510559082,14.942132490210815,11.689300372409685,3.2528321178011304,0.15636198382941063,0.41771408424712725,0.5740760680765379,-0.2613521004177166
22.380142211914062,14.957484405898754,12.497924672927748,2.4595597329710053,0.1159202323493081,0.3904540918115527,0.5063743241608608,-0.2745338594622446
22.400140285491943,14.970483887357728,13.3733397383422,1.597144149015529,0.06870610427227791,0.4604540918115527,0.5291601960838306,-0.3917479875392748
22.42014169692993,14.981121389099412,14.24945304067376,0.7316683484256519,0.0733552437473553,0.47835637853480883,0.5517116222821641,-0.40500113478745353
22.440146446228027,14.989394047017218,14.24945304067376,0.7399410063434573,0.0935223002184647,0.40835637853480883,0.5018786787532735,-0.31483407831634413
22.460145950317383,14.995297343884237,15.055812432539009,-0.060515088654771176,0.0935223002184647,0.40835637853480883,0.5018786787532735,-0.31483407831634413
22.48013925552368,14.99883209797313,15.700899946031209,-0.7020678480580784,0.11434267947566684,0.3737093123886735,0.48805199186434034,-0.25936663291300666
22.50013756752014,14.999999943965847,16.23454808182497,-1.2345481378591217,0.11261932153371151,0.3848731003049762,0.4974924218386877,-0.27225377877126467
22.52013659477234,14.99879943060649,16.766935340459973,-1.7681359098534841,0.13053710360196408,0.3148731003049762,0.44541020390694025,-0.1843359967030121
22.54014492034912,14.995228453342385,17.351048272367983,-2.355819819025598,0.09097737792995747,0.33269848586060113,0.4236758637905586,-0.24172110793064366
22.560139894485474,14.989292338160869,17.976541742894387,-2.987249404733518,0.09097737792995747,0.33269848586060113,0.4236758637905586,-0.24172110793064366
22.580135822296143,14.980989977038252,18.52967089431551,-3.5486809172772595,0.11385170530644234,0.37492314637638635,0.4887748516828287,-0.261071441069944
22.600133895874023,14.970321635647876,18.972174215452412,-4.001852579804536,0.09199688557651814,0.33814652175642557,0.4301434073329437,-0.24614963617990743
22.620136737823486,14.957286373272433,19.32617687236193,-4.368890499089497,0.13770860780146893,0.32023251340724534,0.4579411212087143,-0.18252390560577642
22.640135765075684,14.941891672284614,19.32617687236193,-4.384285200077317,0.1511588848393875,0.3642211100552232,0.5153799948946107,-0.21306222521583568
22.660141944885254,14.924130931559619,19.609378997889547,-4.685248066329928,0.16666946906712826,0.29422111005522317,0.46089057912235143,-0.1275516409880949
22.680140256881714,14.904020416203055,19.85351882331164,-4.9494984071085835,0.1524739728507119,0.3082490324694664,0.4607230053201783,-0.15577505961875449
22.700139045715332,14.88155621685552,20.048830683649314,-5.167274466793794,0.1103061937924939,0.3089654853637331,0.419271679156227,-0.19865929157123918
22.7201406955719,14.856738614092922,20.18750204691945,-5.330763432826529,0.11108588284929272,0.2889282105560415,0.4000140934053342,-0.1778423277067488
22.740136861801147,14.829582341438922,20.298439137535564,-5.468856796096642,0.13298225446720596,0.2720067573781126,0.40498901184531855,-0.13902450291090662
22.760143518447876,14.800069115115244,20.40476693502845,-5.604697819913207,0.09999359070439812,0.2761568765225821,0.3761504672269802,-0.17616328581818397
22.780136585235596,14.768239658905005,20.472251048022763,-5.704011389117758,0.16999359070439812,0.2643021646025591,0.43429575530695724,-0.094308573898161
22.80014181137085,14.734058259690567,20.47350396341821,-5.739445703727643,0.11516686915536402,0.28679066552547744,0.40195753468084144,-0.17162379637011344
22.82013440132141,14.697572760202988,20.351459420734567,-5.65388666053158,0.11516686915536402,0.28679066552547744,0.40195753468084144,-0.17162379637011344
22.84014081954956,14.658740421793745,20.113198786587656,-5.454458364793911,0.08196869134088036,0.33036414935020736,0.4123328406910877,-0.248395458009327
22.860137939453125,14.617611473981368,20.113198786587656,-5.495587312606288,0.06524807601352212,0.31828079215018085,0.38352886816370296,-0.25303271613665873
22.88013982772827,14.574164268382503,19.852277779270125,-5.278113510887621,0.0520885653339791,0.34450191846815875,0.39659048380213785,-0.29241335313417965
22.900137424468994,14.52842526084402,19.6259628484161,-5.097537587572081,0.0520885653339791,0.34450191846815875,0.39659048380213785,-0.29241335313417965
22.920133113861084,14.48039728829174,19.409754653732882,-4.929357365441142,0.04634262914885756,0.31105055502383044,0.357393184172688,-0.2647079258749729
22.940143823623657,14.430045026961478,19.236788097986306,-4.806743071024828,0.11634262914885758,0.3028775689261966,0.4192201980750542,-0.18653493977733904
22.960147857666016,14.377429591556389,19.098414853389045,-4.720985261832656,0.10491445644875047,0.31623503221897414,0.4211494886677246,-0.21132057577022367
22.980138778686523,14.322579598744927,18.987716257711234,-4.665136658966308,0.10491445644875047,0.31623503221897414,0.4211494886677246,-0.21132057577022367
23.00013494491577,14.265454677341555,18.899157381168987,-4.633702703827431,0.06694732590694902,0.3366326264175587,0.4035799523245077,-0.2696853005106097
23.020147562026978,14.206028164956628,18.82831027993519,-4.622282114978564,0.051490735105471586,0.3382578919944354,0.389748627099907,-0.2867671568889638
23.040188550949097,14.144266501884044,18.771632598948152,-4.627366097064108,0.03964133172412393,0.30315066681476316,0.3427919985388871,-0.26350933509063923
23.060158014297485,14.080494536050407,18.726290454158523,-4.645795918108115,0.03964133172412393,0.30315066681476316,0.3427919985388871,-0.26350933509063923
23.080145120620728,14.014446603502464,18.726290454158523,-4.711843850656059,0.0,0.310601800151635,0.310601800151635,-0.310601800151635
23.10014295578003,13.946151248104412,18.707594863326822,-4.76144361522241,0.0,0.3048575948295184,0.3048575948295184,-0.3048575948295184
23.120139122009277,13.875660085414314,18.727794640661457,-4.852134555247144,0.007917661219835281,0.27522223622770986,0.28313989744754514,-0.2673045750078746
23.140158653259277,13.802892431921698,18.814266962529167,-5.011374530607469,0.05907396227121353,0.24039520503254613,0.29946916730375966,-0.1813212427613326
23.1601505279541,13.728045927555037,18.936179195023335,-5.208133267468298,0.05907396227121353,0.24039520503254613,0.29946916730375966,-0.1813212427613326
23.180137395858765,13.651052923915294,19.13917773101867,-5.488124807103375,0.03273632749915123,0.1927781979856082,0.22551452548475942,-0.16004187048645696
23.20013737678528,13.571854460524115,19.459779684814936,-5.8879252242908215,0.03147010097745806,0.12277819798560817,0.15424829896306624,-0.09130809700815011
23.22013759613037,13.49051186567925,19.892042497851953,-6.401530632172703,0.01912129169795662,0.13460120768519124,0.15372249938314786,-0.11547991598723462
23.24014687538147,13.407000622703071,20.343321498281565,-6.9363208755784935,0.0,0.10834961221786221,0.10834961221786221,-0.10834961221786221
23.26014256477356,13.321429168258929,20.704344698625253,-7.382915530366324,0.0,0.10834961221786221,0.10834961221786221,-0.10834961221786221
23.28013849258423,13.233753954531593,20.975585133900204,-7.74183117936861,0.01581905037164688,0.08410441526444634,0.09992346563609322,-0.06828536489279946
23.300140857696533,13.143960595877688,20.975585133900204,-7.831624538022515,0.03694973699748516,0.12125849374802788,0.15820823074551305,-0.08430875675054272
23.320140838623047,13.052102236090713,21.192577482120164,-8.140475246029451,0.061567200347781174,0.10883531929226598,0.17040251964004716,-0.0472681189444848
23.340147733688354,12.958149978669164,21.366171360696136,-8.408021382026972,0.04015822149813175,0.03883531929226597,0.07899354079039772,0.0013229022058657836
23.36014175415039,12.862212499952264,21.469890213556912,-8.607677713604648,0.019657406955957413,0.05539177225204189,0.0750491792079993,-0.03573436529608448
23.380139112472534,12.764228619514643,21.464974670845532,-8.700746051330889,0.01719034882262349,0.05557739790878263,0.07276774673140612,-0.03838704908615914
23.400136470794678,12.664229651829968,21.285260986676423,-8.621031334846455,0.01719034882262349,0.05557739790878263,0.07276774673140612,-0.03838704908615914
23.420137643814087,12.562211736817128,20.89539628934114,-8.333184552524012,0.051907089073210955,0.08863664102158514,0.1405437300947961,-0.036729551948374184
23.440141201019287,12.45819735537569,20.302254531472915,-7.844057176097225,0.0,0.047715943868970545,0.047715943868970545,-0.047715943868970545
23.46014380455017,12.352220079672046,19.52891300017833,-7.1766929205062855,0.025170473381876945,0.10092821028432813,0.12609868366620508,-0.07575773690245119
23.480140209197998,12.244325485246033,18.664146025142667,-6.419820539896634,0.05602828785777092,0.09744177558808592,0.15347006344585684,-0.041413487730315
23.500139951705933,12.13447957187574,17.743816820114134,-5.609337248238393,0.05602828785777092,0.09744177558808592,0.15347006344585684,-0.041413487730315
23.52014136314392,12.022708127115504,17.743816820114134,-5.72110869299863,0.08469940163195133,0.07081084126024512,0.15551024289219645,0.013888560371706216
23.54014825820923,11.909006466612311,16.81419408109131,-4.905187614478997,0.06178813613951206,0.07757835961296228,0.13936649575247434,-0.015790223473450216
23.56014847755432,11.793461817766362,15.894714639873047,-4.1012528221066855,0.09486875869333744,0.060478232199093374,0.15534699089243081,0.03439052649424407
23.580150365829468,11.676044929443284,15.053662336898439,-3.377617407455155,0.09486875869333744,0.060478232199093374,0.15534699089243081,0.03439052649424407
23.60014295578003,11.55683977679098,14.292929869518753,-2.736090092727773,0.06325569935142994,0.03111065491451886,0.0943663542659488,0.032145044436911074
23.620150804519653,11.43571795376861,13.649187645615003,-2.2134696918463934,0.022747529670596123,0.04005265920772222,0.06280018887831834,-0.017305129537126096
23.64014744758606,11.31285823103029,13.116615741492003,-1.803757510461713,0.004125500097870827,0.07792860209359792,0.08205410219146875,-0.0738031019957271
23.660141229629517,11.188230636953303,12.708136343193603,-1.5199057062402996,0.03178083524107933,0.13080533906235364,0.16258617430343297,-0.09902450382127431
23.680140495300293,11.06180248410493,12.381352824554883,-1.3195503404499522,0.03178083524107933,0.13080533906235364,0.16258617430343297,-0.09902450382127431
23.700140237808228,10.933624595978872,12.119926009643908,-1.1863014136650367,0.05153347738087177,0.1839040772558656,0.23543755463673738,-0.13237059987499383
23.72015690803528,10.803609530076596,11.910784557715127,-1.1071750276385313,0.014056941494345665,0.2530222417355981,0.2670791832299438,-0.23896530024125245
23.74014186859131,10.672095616535733,11.910784557715127,-1.2386889411793938,0.03643137030303478,0.257092988913646,0.2935243592166808,-0.22066161861061123
23.760140419006348,10.538807846870673,11.725893271172103,-1.1870854243014293,0.0,0.20595033360063103,0.20595033360063103,-0.20595033360063103
23.780141353607178,10.403839931484736,11.577980241937682,-1.1741403104529464,0.0,0.1862530176097062,0.1862530176097062,-0.1862530176097062
23.800137758255005,10.267260100635383,11.459649818550147,-1.1923897179147644,0.0,0.1862530176097062,0.1862530176097062,-0.1862530176097062
23.82013249397278,10.129071134707015,11.364985479840119,-1.2359143451331036,0.011938583105802536,0.2083328150713351,0.22027139817713765,-0.19639423196553257
23.840138912200928,9.989201374895133,11.306832133872096,-1.3176307589769625,0.0,0.1383328150713351,0.1383328150713351,-0.1383328150713351
23.86013388633728,9.847834550095742,11.260309457097676,-1.4124749070019345,0.0,0.17283604030846622,0.17283604030846622,-0.17283604030846622
23.880136966705322,9.70485516521402,11.346138190678142,-1.641283025464121,0.07,0.2107847232127097,0.2807847232127097,-0.14078472321270968
23.900135040283203,9.560379160590122,11.696051177542513,-2.135672016952391,0.07,0.2107847232127097,0.2807847232127097,-0.14078472321270968
23.920138597488403,9.414353516848225,12.345122192034012,-2.930768675185787,0.1391965650767088,0.24122427855967551,0.3804208436363843,-0.10202771348296671
23.940136909484863,9.266879581473994,13.21594150362721,-3.9490619221532164,0.1391965650767088,0.24122427855967551,0.3804208436363843,-0.10202771348296671
23.960142135620117,9.117890802169713,13.21594150362721,-4.098050701457497,0.1655087970942259,0.2715150330716279,0.4370238301658538,-0.106006235977402
23.98014259338379,8.967497475195541,14.123534452901767,-5.156036977706226,0.2239625246077776,0.24211225551902318,0.4660747801268008,-0.018149730911245582
24.000138521194458,8.815722553823443,14.884765062321415,-6.069042508497972,0.17813370160758496,0.1955475312226918,0.37368123283027677,-0.017413829615106846
24.020137310028076,8.662534080977066,15.493749549857133,-6.8312154688800675,0.17813370160758496,0.1955475312226918,0.37368123283027677,-0.017413829615106846
24.040152311325073,8.507852016548622,15.998515264885706,-7.490663248337084,0.23241726838052273,0.1788473174476531,0.4112645858281758,0.05356995093286965
24.060141801834106,8.352024163615082,16.507796586908565,-8.155772423293483,0.17864180885255337,0.18374130628420976,0.36238311513676313,-0.005099497431656386
24.080139875411987,8.194811060586403,17.003112269526856,-8.808301208940453,0.15713675290346146,0.2016615358681884,0.3587982887716499,-0.04452478296472695
24.100135803222656,8.036321227264434,17.381786690621485,-9.345465463357051,0.17156410839408637,0.2060601947398391,0.3776243031339255,-0.03449608634575274
24.12014126777649,7.876486389505994,17.63199185249719,-9.755505462991197,0.18287896055728198,0.264957995483419,0.44783695604070095,-0.082079034926137
24.140141487121582,7.715449477551535,17.603640356997754,-9.88819087944622,0.18700558289885522,0.2563030033872929,0.4433085862861481,-0.06929742048843768
24.160139799118042,7.553209710939727,17.2293966605982,-9.676186949658474,0.17725648235529662,0.2686777555884328,0.44593423794372944,-0.0914212732331362
24.18016004562378,7.3895975054958365,17.2293966605982,-9.839799155102366,0.17725648235529662,0.2686777555884328,0.44593423794372944,-0.0914212732331362
24.20014262199402,7.225127168050851,16.578439203478563,-9.353312035427713,0.24725648235529663,0.22434945344342855,0.4716059357987252,0.022907028911868077
24.22013807296753,7.05941082410865,15.82915761278285,-8.769746788674201,0.2692920941486955,0.22906609983532691,0.49835819398402237,0.04022599431336857
24.240156650543213,6.892386634310172,15.19457609022628,-8.302189455916107,0.2521956603601575,0.1960934287437704,0.4482890891039279,0.05610223161638711
24.260149240493774,6.724490971515247,14.686910872181025,-7.962419900665778,0.243039207868278,0.22556239352910784,0.4686016013973858,0.01747681433917017
24.280139446258545,6.555554431224851,14.263200572744822,-7.70764614151997,0.243039207868278,0.22556239352910784,0.4686016013973858,0.01747681433917017
24.30014181137085,6.38548000995849,13.924232333195858,-7.538752323237368,0.24106873814947904,0.2327043086790946,0.4737730468285737,0.008364429470384432
24.320135354995728,6.214472678626175,13.617901491556687,-7.403428812930512,0.26355895270593466,0.21296541844843891,0.47652437115437357,0.05059353425749574
24.340149879455566,6.042303656993171,13.214633693245352,-7.1723300362521805,0.29324943442828955,0.18754547913908032,0.48079491356736986,0.10570395528920923
24.360148191452026,5.869319715488418,12.681081954596284,-6.811762239107866,0.2268933342862874,0.13849904467700985,0.36539237896329724,0.08839428960927756
24.38014316558838,5.695438199514507,12.025724938677028,-6.330286739162521,0.18814693634398283,0.13563087801798251,0.32377781436196534,0.052516058326000314
24.400145530700684,5.520592990835349,12.025724938677028,-6.505131947841679,0.18814693634398283,0.13563087801798251,0.32377781436196534,0.052516058326000314
24.420143604278564,5.344913602231993,11.360814325941623,-6.01590072370963,0.20371140317060055,0.06563087801798251,0.26934228118858305,0.13808052515261804
24.440150499343872,5.168312302906602,10.740995210753299,-5.572682907846697,0.25029406101442875,0.005707765625556971,0.2560018266399857,0.24458629538887178
24.46014666557312,4.990989659826351,10.12209304360264,-5.1311033837762885,0.2846007622871548,0.0,0.2846007622871548,0.2846007622871548
24.480142831802368,4.812879183741456,9.416033809882112,-4.603154626140656,0.31234959290362896,0.01784443110227585,0.3301940240059048,0.2945051618013531
24.500137090682983,4.634026086573742,8.55235829790569,-3.918332211331947,0.25654948652721943,0.024769469629973173,0.2813189561571926,0.23178001689724625
24.520139455795288,4.454368689976672,7.545011638324552,-3.09064294834788,0.32654948652721943,0.0615266147069633,0.38807610123418274,0.26502287182025613
24.540140628814697,4.27401850003647,6.422728060659642,-2.148709560623172,0.32654948652721943,0.0615266147069633,0.38807610123418274,0.26502287182025613
24.560142517089844,4.092986828544215,5.173338698527714,-1.0803518699834989,0.3086444337759167,0.015117045026272534,0.32376147880218925,0.2935273887496442
24.580135822296143,3.91138679990961,3.7343740838221717,0.17701271608743818,0.3335716233495623,0.08511704502627254,0.41868866837583485,0.24845457832328977
24.600138902664185,3.7290802951241404,2.0031242670577374,1.725956028066403,0.3035303999576718,0.10886780282482506,0.41239820278249684,0.19466259713284673
24.620137929916382,3.5462218607789353,2.0031242670577374,1.543097593721198,0.270804849723354,0.17886780282482506,0.44967265254817906,0.09193704689852894
24.640136241912842,3.362810060902295,-0.03226621135381027,3.395076272256105,0.20813780025579037,0.24886780282482507,0.45700560308061544,-0.040730002569034696
24.660136222839355,3.17885195194424,-2.2582348440830486,5.437086796027289,0.19513421625830235,0.3026878764294088,0.49782209268771116,-0.10755366017110646
24.680144786834717,2.994312601021739,-4.47846287526644,7.472775476288179,0.21909919315017762,0.3726878764294088,0.5917870695795864,-0.1535886832792312
24.70014262199402,2.8093993360106193,-6.465582800213152,9.274982136223771,0.22742039457894864,0.40771782791242006,0.6351382224913686,-0.18029743333347142
24.720142602920532,2.6240226187776856,-8.072856865170522,10.696879483948207,0.16574861974455418,0.4194401206634939,0.585188740408048,-0.2536915009189397
24.740140199661255,2.438253710318776,-9.341097992136419,11.779351702455195,0.09574861974455418,0.39809438606724146,0.49384300581179563,-0.3023457663226873
24.760141372680664,2.25206654228305,-10.285378393709134,12.537444935992184,0.12553804703988136,0.3824796315468848,0.5080176785867662,-0.25694158450700344
24.780144691467285,2.0655036743883826,-10.724396464967308,12.78990013935569,0.12553804703988136,0.3824796315468848,0.5080176785867662,-0.25694158450700344
24.80014443397522,1.8786479715055562,-10.442798421973846,12.321446393479402,0.14698181265033783,0.3724939713440836,0.5194757839944214,-0.22551215869374575
24.82014560699463,1.6914822197111108,-9.356191862579077,11.047674082290188,0.1662944328133017,0.40083440041169527,0.567128833224997,-0.23453996759839357
24.840150117874146,1.5040180318826555,-9.356191862579077,10.860209894461732,0.1372508924547583,0.4080362368561328,0.5452871293108911,-0.2707853444013745
24.860156536102295,1.3162983280388272,-7.555265990063263,8.87156431810209,0.2072508924547583,0.3434336159564555,0.5506845084112137,-0.1361827235016972
24.88014841079712,1.1285073131551668,-5.323509667050611,6.452016980205777,0.13946123355068268,0.2977062028087676,0.43716743635945027,-0.1582449692580849
24.900139570236206,0.9405449665115259,-3.010760858640489,3.951305825152015,0.13946123355068268,0.2977062028087676,0.43716743635945027,-0.1582449692580849
24.920151472091675,0.7522389815633078,-0.8089993119123912,1.561238293475699,0.18043624171055855,0.272356647271663,0.45279288898222153,-0.09192040556110442
24.940149307250977,0.5639465497202854,1.268816175470087,-0.7048696257498017,0.25043624171055856,0.22705033348873263,0.47748657519929116,0.02338590822182593
24.96015501022339,0.3754909543069763,3.2298966903760697,-2.8544057360690935,0.24224177372641864,0.17862515823915603,0.4208669319655747,0.0636166154872626
24.980149030685425,0.1870861272063304,4.939386102300856,-4.752299975094525,0.18517938998527828,0.15369653070345524,0.3388759206887335,0.03148285928182304
25.000137090682983,-0.0012920492460118055,6.342133881840685,-6.343425931086697,0.23546450582332915,0.2077677112258971,0.4432322170492262,0.027696794597432045
25.02014398574829,-0.1898475240385436,7.4643321054725496,-7.654179629511093,0.2887573986966163,0.20193976836279037,0.4906971670594067,0.08681763033382595
25.040149688720703,-0.3783617673962231,8.36209068437804,-8.740452451774264,0.2887573986966163,0.20193976836279037,0.4906971670594067,0.08681763033382595
25.060144662857056,-0.5667151842747564,8.36209068437804,-8.928805868652796,0.2913958041183651,0.21777669453993442,0.5091724986582995,0.07361910957843065
25.080159902572632,-0.7551699116678098,9.080297547502434,-9.835467459170244,0.3036269379965961,0.2585228581167758,0.5621497961133719,0.04510407987982035
25.10015630722046,-0.943328042295115,9.637284913001949,-10.580612955297063,0.2637429965846241,0.2884332027472556,0.5521761993318797,-0.02469020616263151
25.12017011642456,-1.1315008308281103,9.907093555401561,-11.038594386229672,0.2637429965846241,0.2884332027472556,0.5521761993318797,-0.02469020616263151
25.14016556739807,-1.3193223438368775,9.75379984432125,-11.073122188158127,0.31721103398129347,0.3215408224798739,0.6387518564611674,-0.004329788498580456
25.160141468048096,-1.506752289927202,9.174133625457,-10.680885915384202,0.38106476722285154,0.30470958465710285,0.6857743518799544,0.07635518256574869
25.180140018463135,-1.694156978685939,8.341260025365601,-10.03541700405154,0.4087201191298664,0.32886983567848804,0.7375899548083544,0.07985028345137835
25.200137853622437,-1.8812874912995583,7.516758020292481,-9.39804551159204,0.4087201191298664,0.32886983567848804,0.7375899548083544,0.07985028345137835
25.220137357711792,-2.068136570192009,6.839578291233985,-8.907714861425994,0.4626957049779595,0.2763283897377551,0.7390240947157145,0.1863673152402044
25.24015498161316,-2.254827917392012,6.297834507987188,-8.5526624253792,0.4157808294706047,0.31825959796085956,0.7340404274314642,0.09752123150974512
25.260154247283936,-2.440991857605309,5.84686135638975,-8.28785321399506,0.41302413211204114,0.25522632265463474,0.6682504547666759,0.1577978094574064
25.280175924301147,-2.6269783229971937,5.84686135638975,-8.473839679386945,0.41302413211204114,0.25522632265463474,0.6682504547666759,0.1577978094574064
25.300151824951172,-2.8121252769841543,5.468504710111801,-8.280629987095955,0.44414201282896104,0.2794663917459548,0.7236084045749158,0.16467562108300626
25.32014012336731,-2.996943723673284,5.148241268089442,-8.145184991762726,0.4123008316103369,0.3189788099564612,0.7312796415667981,0.09332202165387571
25.340163946151733,-3.1816166637364396,4.8568742644715535,-8.038490928207993,0.4356670574937016,0.2489788099564612,0.6846458674501628,0.1866882475372404
25.360148906707764,-3.3654290628632317,4.518311911577242,-7.883740974440474,0.4356670574937016,0.2489788099564612,0.6846458674501628,0.1866882475372404
25.38014054298401,-3.5487719517196394,4.071680779261794,-7.620452730981434,0.5005260305199772,0.20084230372682216,0.7013683342467993,0.2996837267931551
25.400140285491943,-3.7316289145171098,3.556172748409436,-7.287801662926546,0.4671471425984055,0.23621103310957553,0.703358175707981,0.23093610948882998
25.42013955116272,-3.913892286619916,3.073453823727549,-6.987346110347465,0.4730809717159718,0.27357277045026424,0.746653742166236,0.19950820126570756
25.440139293670654,-4.095541978469391,2.6169661839820395,-6.71250816245143,0.49632872591726485,0.21364279607310893,0.7099715219903737,0.2826859298441559
25.460137367248535,-4.276529876933161,2.0759948221856317,-6.352524699118792,0.49632872591726485,0.21364279607310893,0.7099715219903737,0.2826859298441559
25.480135202407837,-4.456840446276046,1.3443896077485054,-5.801230054024551,0.562518096966669,0.19701571719720962,0.7595338141638786,0.3655023797694594
25.500138998031616,-4.6365008063142,1.3443896077485054,-5.9808904140627055,0.5789915001671762,0.22472545647993686,0.803716956647113,0.3542660436872393
25.520138025283813,-4.815386169081021,0.4602773111988044,-5.2756634802798255,0.5437683439534158,0.2320046830363572,0.775773026989773,0.31176366091705854
25.54013967514038,-4.993534508134678,-0.4227937760409566,-4.5707407320937214,0.5491348420921713,0.28003678055480125,0.8291716226469725,0.2690980615373701
25.56014108657837,-5.170892070795859,-1.2522975208327656,-3.9185945499630934,0.5079677318874747,0.3090074337460101,0.8169751656334847,0.1989602981414646
25.580134868621826,-5.347365793387871,-2.1092598916662126,-3.2381059017216582,0.5079677318874747,0.3090074337460101,0.8169751656334847,0.1989602981414646
25.60013747215271,-5.523072929473876,-3.04092353833297,-2.4821493911409056,0.48331759774126115,0.29923737099394204,0.7825549687352031,0.1840802267473191
25.62013602256775,-5.697872344809348,-3.9796138306663766,-1.718258514142971,0.4506462989095599,0.2911657109297812,0.741812009839341,0.15948058797977865
25.640156507492065,-5.871962360650264,-4.765722314533102,-1.1062400461171622,0.4912145985011012,0.3611657109297812,0.8523803094308824,0.13004888757132
25.660141706466675,-6.044818863911816,-5.377030976626482,-0.6677878872853338,0.43070340433157983,0.3290618073381484,0.7597652116697282,0.10164159699343145
25.680138111114502,-6.216818346028382,-5.866077906301187,-0.35074043972719515,0.43070340433157983,0.3290618073381484,0.7597652116697282,0.10164159699343145
25.7001473903656,-6.387946260771947,-6.25731545004095,-0.13063081073099703,0.49244860836304727,0.3395160652883351,0.8319646736513824,0.15293254307471216
25.72015142440796,-6.558020048576228,-6.25731545004095,-0.30070459853527876,0.46764638551510873,0.37235288249328735,0.8399992680083961,0.09529350302182138
25.740142345428467,-6.726947368914283,-6.570305485032761,-0.15664188388152223,0.49469999686814853,0.3443576984293759,0.8390576952975244,0.15034229843877261
25.760151863098145,-6.8949690463044915,-6.820697513026209,-0.0742715332782824,0.5225402982626111,0.32801193112507465,0.8505522293876857,0.1945283671375364
25.78013777732849,-7.061704629469119,-7.021011135420967,-0.04069349404815181,0.5225402982626111,0.32801193112507465,0.8505522293876857,0.1945283671375364
25.800143241882324,-7.22748811637326,-7.1636839083367745,-0.06380420803648512,0.49381145552732053,0.33018189898692074,0.8239933545142413,0.1636295565403998
25.820139408111572,-7.392053421035951,-7.26024400166942,-0.13180941936653046,0.5072431880701334,0.31093386604450646,0.8181770541146398,0.1963093220256269
25.840151071548462,-7.555578058313971,-7.319913951335536,-0.23566410697843487,0.4967885995004327,0.37723358764313164,0.8740221871435643,0.11955501185730105
25.86014986038208,-7.717804143870428,-7.35007178606843,-0.367732357801998,0.4967885995004327,0.37723358764313164,0.8740221871435643,0.11955501185730105
25.880142211914062,-7.878760019245626,-7.3741980538547445,-0.5045619653908817,0.47374449760653076,0.3923679259326309,0.8661124235391617,0.08137657167389983
25.900140285491943,-8.038518229743715,-7.393499068083796,-0.6450191616599197,0.5437444976065309,0.4412850034143776,0.9850295010209085,0.10245949419215328
25.92014741897583,-8.197078819870482,-7.408939879467037,-0.7881389404034449,0.511696935305372,0.4368184813950211,0.9485154167003931,0.07487845391035086
25.940145254135132,-8.354271288327869,-7.408939879467037,-0.9453314088608318,0.5548197819385678,0.4351047819666565,0.9899245639052243,0.11971499997191137
25.960158586502075,-8.51026508153539,-7.42129252857363,-1.08897255296176,0.5548197819385678,0.4351047819666565,0.9899245639052243,0.11971499997191137
25.980143070220947,-8.664691272308442,-7.431174647858904,-1.2335166244495381,0.5504648859146983,0.3669144084863365,0.9173792944010348,0.18355047742836184
26.000144481658936,-8.817880392608862,-7.439080343287124,-1.3788000493217378,0.5829507733229549,0.3668983782929718,0.9498491516159266,0.21605239502998308
26.02014708518982,-8.969685875991514,-7.3575142746296995,-1.6121716013618146,0.6079974348191173,0.3547791744870483,0.9627766093061656,0.25321826033206896
26.040152072906494,-9.120092413210628,-7.20437079470376,-1.9157216185068684,0.5846828097943217,0.3950939084691345,0.9797767182634562,0.18958890132518724
26.06015634536743,-9.269052763659312,-7.0466997607630075,-2.2223530028963046,0.5846828097943217,0.3950939084691345,0.9797767182634562,0.18958890132518724
26.080143928527832,-9.416426360624975,-6.920562933610407,-2.4958634270145676,0.6416976402048022,0.3991731646758854,1.0408708048806876,0.24252447552891687
26.100133895874023,-9.562332153013404,-6.8196534718883255,-2.7426786811250787,0.6518146420363338,0.3996575012509129,1.0514721432872467,0.25215714078542084
26.12014412879944,-9.706875071873457,-6.738925902510661,-2.9679491693627957,0.6244785195682199,0.35380408015887954,0.9782825997270994,0.27067443940934033
26.14015030860901,-9.849854783933429,-6.6743438470085295,-3.1755109369248995,0.666337542841211,0.3496032765772543,1.0159408194184654,0.31673426626395673
26.16014814376831,-9.991219467763425,-6.6743438470085295,-3.316875620754896,0.666337542841211,0.3496032765772543,1.0159408194184654,0.31673426626395673
26.180140018463135,-10.130965336579736,-6.622678202606823,-3.508287133972913,0.6789069079328329,0.2872192783918581,0.966126186324691,0.3916876295409748
26.200135946273804,-10.26914055232496,-6.581345687085459,-3.6877948652395,0.669892353611067,0.3330768010285101,1.0029691546395771,0.3368155525825569
26.22014284133911,-10.405769259800776,-6.548279674668367,-3.8574895851324085,0.646606754185632,0.32952611531916776,0.9761328695047997,0.3170806388664642
26.240159034729004,-10.540815991714034,-6.521826864734695,-4.0189891269793385,0.595418940903619,0.3085937892258517,0.9040127301294707,0.28682515167776734
26.26015329360962,-10.674050267959922,-6.500664616787756,-4.173385651172166,0.595418940903619,0.3085937892258517,0.9040127301294707,0.28682515167776734
26.280142545700073,-10.805567226542378,-6.5013129434302055,-4.304254283112172,0.6106825924012811,0.29346732526872077,0.9041499176700019,0.3172152671325603
26.300153970718384,-10.935522733723856,-6.501831604744165,-4.4336911289796905,0.6049976313021035,0.31508957698795714,0.9200872082900606,0.28990805431414635
26.320163249969482,-11.063735765663361,-6.519824658795333,-4.543911106868029,0.5663708226289601,0.35254410013410964,0.9189149227630697,0.21382672249485046
26.340155601501465,-11.190093840684295,-6.534219102036267,-4.655874738648028,0.5695240505971015,0.35104346984851875,0.9205675204456203,0.2184805807485828
26.360158920288086,-11.314754081185129,-6.580890906629015,-4.733863174556114,0.5695240505971015,0.35104346984851875,0.9205675204456203,0.2184805807485828
26.38014531135559,-11.437523778281609,-6.580890906629015,-4.856632871652594,0.5359738961793483,0.3692720994525007,0.905245995631849,0.1667017967268476
26.400144815444946,-11.558568584099763,-6.670962725303212,-4.887605858796551,0.5583667502738536,0.35572336206067123,0.9140901123345249,0.2026433882131824
26.420150756835938,-11.677826326203718,-6.74302018024257,-4.934806145961148,0.5520742180757225,0.32897013949084797,0.8810443575665705,0.22310407858487458
26.44017744064331,-11.795359679266422,-6.800666144194056,-4.994693535072366,0.5889028030447663,0.338858259486442,0.9277610625312083,0.2500445435583243
26.460150003433228,-11.910715387700087,-6.846782915355245,-5.063932472344842,0.5581617559306324,0.29661308752227344,0.8547748434529059,0.261548668408359
26.48015308380127,-12.024367363294814,-6.883676332284197,-5.1406910310106175,0.5581617559306324,0.29661308752227344,0.8547748434529059,0.261548668408359
26.500175714492798,-12.136228255232027,-6.913191065827358,-5.2230371894046685,0.5666198971681298,0.30050417745340385,0.8671240746215336,0.2661157197147259
26.520153284072876,-12.24592310497014,-6.936802852661887,-5.3091202523082535,0.6366198971681298,0.23050417745340387,0.8671240746215337,0.40611571971472593
26.54014801979065,-12.353780281624706,-6.95569228212951,-5.398087999495196,0.5666198971681298,0.19531117746460952,0.7619310746327392,0.37130871970352025
26.560152053833008,-12.459736474828507,-6.970803825703609,-5.488932649124898,0.5666198971681298,0.19531117746460952,0.7619310746327392,0.37130871970352025
26.58014702796936,-12.563677688929848,-6.982893060562887,-5.5807846283669615,0.5934347649104894,0.13274140836525478,0.7261761732757441,0.46069335654523463
26.600152254104614,-12.66568771519982,-6.982893060562887,-5.682794654636933,0.5862991413101555,0.17698572756577052,0.763284868875926,0.40931341374438496
26.62014937400818,-12.765656520397004,-6.9925644484503096,-5.773092071946694,0.6088197672739626,0.20117650920379676,0.8099962764777593,0.4076432580701658
26.640149354934692,-12.863623930437544,-7.000301558760248,-5.863322371677296,0.5388197672739625,0.20314512000273682,0.7419648872766993,0.3356746472712257
26.660151481628418,-12.959570212325996,-7.006491247008199,-5.953078965317797,0.5670901664718986,0.247117045976629,0.8142072124485276,0.3199731204952696
26.680144786834717,-13.053428633762708,-7.08175549760656,-5.971673136156149,0.6020464950427413,0.2693191428561113,0.8713656378988526,0.33272735218663
26.700149536132812,-13.145279099697092,-7.317748148085248,-5.827530951611844,0.6158308942988515,0.30957218975614526,0.9254030840549967,0.30625870454270626
26.720150470733643,-13.235035867688874,-7.770214143468198,-5.464821724220675,0.6054282446578145,0.2504827563543222,0.8559110010121367,0.3549454883034923
26.7401442527771,-13.322671499462697,-8.307968189774558,-5.014703309688139,0.5846370381489396,0.22542848036478977,0.8100655185137294,0.35920855778414984
26.76015281677246,-13.408267090734189,-8.773327676819646,-4.634939413914543,0.5704756227508188,0.2109463314418099,0.7814219541926286,0.35952929130900885
26.780145168304443,-13.491676770002806,-9.145615266455717,-4.346061503547089,0.5506942884251476,0.18281848233978965,0.7335127707649371,0.3678758060853579
26.800140142440796,-13.572968108509384,-9.443445338164574,-4.12952277034481,0.5336613149568439,0.18098332389577992,0.7146446388526237,0.35267799106106396
26.820148944854736,-13.652171189407426,-9.443445338164574,-4.208725851242852,0.5418485577404499,0.11098332389577992,0.6528318816362298,0.43086523384467
26.840152263641357,-13.72919571777352,-9.68170939553166,-4.047486322241859,0.5355477400310338,0.10774191062286265,0.6432896506538964,0.42780582940817113
26.860140085220337,-13.803994376750216,-9.872320641425329,-3.931673735324887,0.48956859784200796,0.10054187209665544,0.5901104699386635,0.3890267257453525
26.880138397216797,-13.876653419868248,-10.024809638140264,-3.8518437817279843,0.45060781689360746,0.14072132216155298,0.5913291390551605,0.3098864947320545
26.900146961212158,-13.94715710964078,-10.146800835512211,-3.8003562741285695,0.4430998477339745,0.1915579597777105,0.634657807511685,0.251541887956264
26.920137405395508,-14.01539564346906,-10.244393793409769,-3.7710018500592906,0.4132143004983664,0.20395387349039085,0.6171681739887572,0.20926042700797554
26.940138578414917,-14.081457939485677,-10.340046284727816,-3.7414116547578615,0.40006052117794755,0.1428863928964711,0.5429469140744186,0.25717412828147646
26.960144758224487,-14.145312050289657,-10.522037027782254,-3.6232750225074035,0.38274906735867265,0.18379585084825523,0.5665449182069279,0.19895321651041742
26.980140686035156,-14.206900069668269,-10.790676497225803,-3.4162235724424654,0.45274906735867265,0.21286042792111404,0.6656094952797866,0.23988863943755862
27.000147342681885,-14.266276806558892,-11.023166197780643,-3.243110608778249,0.5004718651995064,0.14286042792111403,0.6433322931206205,0.35761143727839234
27.020140171051025,-14.323360531648998,-11.209157958224516,-3.114202573424482,0.4957361797802151,0.15045000468700892,0.6461861844672241,0.3452861750932062
27.040136575698853,-14.378193657872874,-11.209157958224516,-3.169035699648358,0.5537565144710244,0.11308902358025079,0.6668455380512751,0.44066749089077356
27.06013536453247,-14.430763248398206,-11.375529491579615,-3.055233756818591,0.5312145761214198,0.12102606189757355,0.6522406380189933,0.4101885142238462
27.08013939857483,-14.48106722068632,-11.508626718263693,-2.972440502422627,0.538004564959556,0.13458650228887564,0.6725910672484317,0.4034180626706803
27.100139141082764,-14.529073486811503,-11.615104499610956,-2.9139689872005476,0.538004564959556,0.13458650228887564,0.6725910672484317,0.4034180626706803
27.120139360427856,-14.574786565346965,-11.700286724688764,-2.874499840658201,0.47239640625193724,0.1744287241747952,0.6468251304267325,0.297967682077142
27.14014220237732,-14.618203606917037,-11.768432504751013,-2.8497711021660237,0.4541838289238513,0.20762784821301467,0.661811677136866,0.24655598071083662
27.16014075279236,-14.65930303715753,-11.84052725380081,-2.8187757833567204,0.4540366835077294,0.19841496968030697,0.6524516531880364,0.25562171382742244
27.180137157440186,-14.698083891966833,-11.95093742804065,-2.7471464639261836,0.4615697224740871,0.14906220832228428,0.6106319307963715,0.31250751415180283
27.200138092041016,-14.734552579779988,-12.179890567432519,-2.5546620123474693,0.4615697224740871,0.14906220832228428,0.6106319307963715,0.31250751415180283
27.22013783454895,-14.768692328012529,-12.486099953946017,-2.282592374066512,0.5074556504492649,0.15854556341975695,0.6660012138690219,0.34891008702950793
27.24014639854431,-14.800513502998614,-12.748645588156814,-2.0518679148418,0.577455650449265,0.16758096167206532,0.7450366121213303,0.4098746887771996
27.26014518737793,-14.829981671869996,-12.748645588156814,-2.0813360837131825,0.5818121646461079,0.163960468446312,0.7457726330924199,0.41785169619979584
27.2801411151886,-14.857104585287463,-12.958682095525452,-1.8984224897620106,0.5886959381331691,0.20236279485136038,0.7910587329845296,0.38633314328180873
27.300140380859375,-14.881886285018773,-13.126711301420363,-1.75517498359841,0.5384715519775638,0.2067868052548147,0.7452583572323785,0.3316847467227491
27.320138931274414,-14.904317374759975,-13.278712791136291,-1.6256045836236837,0.5384715519775638,0.2067868052548147,0.7452583572323785,0.3316847467227491
27.340148448944092,-14.924405605707838,-13.435470232909033,-1.4889353727988048,0.485803342156578,0.1554664452126599,0.6412697873692379,0.3303368969439181
27.36014461517334,-14.942123813649344,-13.578454311327226,-1.363669502322118,0.485803342156578,0.1554664452126599,0.6412697873692379,0.3303368969439181
27.380139112472534,-14.957482208060553,-13.692841574061783,-1.26464063399877,0.4983080948819407,0.12624438335507876,0.6245524782370195,0.37206371152686196
27.40014410018921,-14.970486141639084,-13.784351384249426,-1.1861347573896577,0.5310516680707225,0.16509282817452914,0.6961444962452517,0.3659588398961933
27.420140743255615,-14.98112093829153,-13.839981107399542,-1.141139830891989,0.5279685333021917,0.18674691808730132,0.7147154513894931,0.3412216152148904
27.440144538879395,-14.989393371127932,-13.884484885919633,-1.1049084852082984,0.5556707121082582,0.17935647764563328,0.7350271897538916,0.37631423446262496
27.460144758224487,-14.995297062568092,-13.937666033735708,-1.0576310288323842,0.5556707121082582,0.17935647764563328,0.7350271897538916,0.37631423446262496
27.480140686035156,-14.998832266206037,-13.937666033735708,-1.0611662324703293,0.5559570332639852,0.22831806489586598,0.7842750981598512,0.3276389683681192
27.500147342681885,-14.999999935719664,-13.962632826988568,-1.0373671087310967,0.5591217663255521,0.20428958111762768,0.7634113474431798,0.3548321852079244
27.520139932632446,-14.998799032563882,-13.982606261590854,-1.0161927709730278,0.5421186473337003,0.17740153842925793,0.7195201857629583,0.36471710890444237
27.540136575698853,-14.995230436688695,-14.016163134272684,-0.979067302416011,0.5245952077326366,0.2354461508369423,0.7600413585695789,0.28914905689569426
27.56014323234558,-14.9892911496847,-14.043008632418147,-0.9462825172665532,0.46055937485070914,0.16544615083694225,0.6260055256876513,0.2951132240137669
27.58016085624695,-14.980978100459822,-14.046906905934518,-0.9340711945253037,0.46055937485070914,0.16544615083694225,0.6260055256876513,0.2951132240137669
27.600142240524292,-14.970316690585626,-14.050025524747616,-0.9202911658380106,0.4625507243559697,0.1907683683311916,0.6533190926871613,0.2717823560247781
27.620137929916382,-14.957285525993168,-14.052520419798094,-0.9047651061950734,0.4762916653067806,0.16865682580828434,0.6449484911150649,0.30763483949849624
27.640156030654907,-14.941874875389292,-14.054516335838475,-0.8873585395508172,0.46253151303390055,0.193979346913693,0.6565108599475935,0.26855216612020755
27.66014051437378,-14.92413228585198,-14.056113068670781,-0.8680192171811996,0.41294780230382466,0.2259055131798959,0.6388533154837206,0.18704228912392876
27.680137634277344,-14.904023207870765,-14.074968579936625,-0.8290546279341395,0.4256024188012817,0.15590551317989593,0.5815079319811776,0.26969690562138576
27.700130939483643,-14.881565798672538,-14.074968579936625,-0.806597218735913,0.4256024188012817,0.15590551317989593,0.5815079319811776,0.26969690562138576
27.720130443572998,-14.856751935930319,-14.090052988949301,-0.7666989469810179,0.49560241880128164,0.12598765836417442,0.6215900771654561,0.3696147604371072
27.740156412124634,-14.829554644470019,-14.102120516159442,-0.727434128310577,0.4857750107930043,0.05598765836417441,0.5417626691571786,0.42978735242882987
27.76014018058777,-14.800074234217654,-14.111774537927555,-0.6882996962900982,0.47506557418266315,0.07575673648476366,0.5508223106674268,0.3993088376978995
27.78013277053833,-14.768245954447464,-14.119497755342046,-0.6487481991054178,0.4927283936575988,0.12060929128288987,0.6133376849404887,0.3721191023747089
27.80013108253479,-14.73407721562312,-14.125676329273638,-0.6084008863494823,0.4927283936575988,0.12060929128288987,0.6133376849404887,0.3721191023747089
27.820130586624146,-14.697579943243637,-14.13061918841891,-0.5669607548247271,0.45840204892912884,0.07546841019153361,0.5338704591206624,0.3829336387375952
27.840167999267578,-14.658686089170006,-14.13457347573513,-0.5241126134348768,0.4627026684046724,0.08088601139694218,0.5435886798016145,0.3818166570077302
27.86014199256897,-14.617602903627995,-14.155315030588104,-0.46228787303989094,0.40830658296355987,0.10777502266078953,0.5160816056243493,0.30053156030277034
27.880133628845215,-14.57417809026284,-14.171908274470484,-0.40226981579235677,0.3871471426845529,0.1314631918570376,0.5186103345415904,0.2556839508275153
27.900131464004517,-14.528439235856872,-14.202760994576387,-0.3256782412804853,0.3595410763681867,0.08017907237022881,0.43972014873841553,0.2793620039979579
27.92013931274414,-14.480382044296256,-14.202760994576387,-0.277621049719869,0.3595410763681867,0.08017907237022881,0.43972014873841553,0.2793620039979579
27.94016194343567,-14.429998397757306,-14.245021295661111,-0.18497710209619456,0.40404705995926643,0.05648215619235997,0.4605292161516264,0.34756490376690646
27.96014094352722,-14.377448170282161,-14.38429828652889,0.006850116246729598,0.35168517673620964,0.05876907255820696,0.4104542492944166,0.2929161041780027
27.980139017105103,-14.322578931092721,-14.636344879223115,0.3137659481303938,0.33367759282002235,0.07299781978450481,0.40667541260452716,0.26067977303551754
28.00013494491577,-14.265454677341555,-14.90829465337849,0.6428399760369352,0.3551767553598621,0.06632904025114839,0.4215057956110105,0.2888477151087137
28.02014183998108,-14.206045477772111,-15.143432597702795,0.9373871199306834,0.4251767553598621,0.07556695925391976,0.5007437146137819,0.34960979610594234
28.040163040161133,-14.144346547898778,-15.331542953162238,1.1871964052634603,0.4251767553598621,0.07556695925391976,0.5007437146137819,0.34960979610594234
28.06014370918274,-14.080541013677868,-15.517187487529789,1.436646473851921,0.435467237441335,0.03883745583094422,0.4743046932722792,0.39662978161039075
28.080137014389038,-14.014473839495073,-15.683281240023833,1.6688074005287596,0.40007083287695433,0.021173373482597513,0.42124420635955184,0.3788974593943568
28.10013771057129,-13.946169450367773,-15.816156242019066,1.869986791651293,0.34871332144597555,0.0254429915579385,0.37415631300391405,0.32327032988803706
28.120133638381958,-13.87567971724285,-15.957612493615255,2.0819327763724047,0.27871332144597555,0.014928756433946533,0.2936420778799221,0.263784565012029
28.14014506340027,-13.802942570856176,-15.957612493615255,2.154669922759078,0.23010845309356237,0.0,0.23010845309356237,0.23010845309356237
28.160144090652466,-13.728070377083736,-16.176246244892205,2.4481758678084695,0.238914267292712,0.056281641125679016,0.29519590841839105,0.182632626167033
28.180139780044556,-13.651043610940517,-16.491778245913764,2.8407346349732467,0.238914267292712,0.056281641125679016,0.29519590841839105,0.182632626167033
28.20013928413391,-13.571846805158227,-16.84967259673101,3.277825791572784,0.16891426729271197,0.0,0.16891426729271197,0.16891426729271197
28.220133543014526,-13.490528566304295,-17.206300577384813,3.7157720110805172,0.15510161077836537,0.0,0.15510161077836537,0.15510161077836537
28.24013900756836,-13.407033877343604,-17.50918108690785,4.102147209564247,0.2251016107783654,0.07,0.2951016107783654,0.1551016107783654
28.260135412216187,-13.321460154347044,-17.76906361952628,4.447603465179235,0.2814213057444432,0.0753091230802238,0.356730428824667,0.20611218266421938
28.280162572860718,-13.233647108743046,-17.994547770621026,4.7609006618779794,0.3514213057444432,0.13042683823034168,0.48184814397478487,0.2209944675141015
28.300137042999268,-13.143977918961363,-18.17493509149682,5.030957172535457,0.37643806061008955,0.10510678699240089,0.48154484760249044,0.27133127361768866
28.32013487815857,-13.052129919802722,-18.336823073197458,5.284693153394736,0.37643806061008955,0.10510678699240089,0.48154484760249044,0.27133127361768866
28.340148448944092,-12.95814658313958,-18.466333458557965,5.508186875418385,0.3421217220113614,0.07187053671106697,0.41399225872242834,0.2702511853002944
28.36013913154602,-12.862225217463186,-18.466333458557965,5.60410824109478,0.30385150557616736,0.0031451966427266664,0.306996702218894,0.3007063089334407
28.38014006614685,-12.764223898485639,-18.569941766846373,5.805717868360734,0.26069002023199583,0.0,0.26069002023199583,0.26069002023199583
28.400150060653687,-12.66416101264761,-18.6352502884771,5.97108927582949,0.2606117520428962,0.01979970745742321,0.2804114595003194,0.240812044585473
28.420148134231567,-12.562157707452918,-18.68749710578168,6.125339398328762,0.2606117520428962,0.01979970745742321,0.2804114595003194,0.240812044585473
28.44014072418213,-12.458199858352273,-18.711716434625345,6.253516576273071,0.30433223209751314,0.0025458186864852905,0.30687805078399844,0.30178641341102785
28.460144758224487,-12.352214980292032,-18.731091897700278,6.378876917408245,0.30249022703559614,0.0725458186864853,0.37503604572208143,0.22994440834911084
28.48013973236084,-12.244328081229126,-18.74659226816022,6.502264186931095,0.26379486929567075,0.0025458186864852905,0.26634068798215604,0.26124905060918546
28.500152826309204,-12.134408240821383,-18.75899256452818,6.624584323706799,0.3248027526953957,0.0,0.3248027526953957,0.3248027526953957
28.52014136314392,-12.02270812711552,-18.768912801622545,6.746204674507025,0.2969826498249314,0.0016883483622223139,0.2986709981871537,0.2952943014627091
28.540149450302124,-11.908999635552956,-18.776848991298035,6.867849355745079,0.26087946083338476,0.05380467534996569,0.31468413618335045,0.20707478548341907
28.560150384902954,-11.793450709586484,-18.78319794303843,6.989747233451947,0.26087946083338476,0.05380467534996569,0.31468413618335045,0.20707478548341907
28.580146312713623,-11.67606890984711,-18.78319794303843,7.10712903319132,0.2892402989038966,0.09035559208132327,0.37959589098521984,0.1988847068225733
28.60015058517456,-11.556793937487171,-18.788277104430744,7.231483166943573,0.2796228286990664,0.11587237031199038,0.3954951990110568,0.16375045838707603
28.620154857635498,-11.435693233617386,-18.809918558544595,7.37422532492721,0.27828562643320776,0.08857865841127932,0.3668642848444871,0.18970696802192843
28.640143156051636,-11.312884790581194,-18.827231721835677,7.514346931254483,0.2640353973204038,0.10070063103921711,0.36473602835962093,0.1633347662811867
28.66013789176941,-11.188251590805484,-18.841082252468542,7.652830661663058,0.25635765038372493,0.11314572696574031,0.36950337734946526,0.1432119234179846
28.68014121055603,-11.06179793116106,-18.852162676974835,7.7903647458137755,0.2943194612109802,0.13746961136348546,0.43178907257446564,0.15684984984749473
28.700154066085815,-10.933535371234813,-18.861027016579868,7.9274916453450555,0.3643194612109802,0.19400022854097188,0.558319689751952,0.1703192326700083
28.720152378082275,-10.803639147760919,-18.868118488263896,8.064479340502977,0.4321901367971442,0.2573900799546391,0.6895802167517833,0.1748000568425051
28.74014663696289,-10.67206403595532,-18.85621354061112,8.1841495046558,0.4321901367971442,0.2573900799546391,0.6895802167517833,0.1748000568425051
28.760144472122192,-10.53878066400704,-18.829111457488896,8.290330793481855,0.4760116951534293,0.23973562375642357,0.7157473189098529,0.2362760713970057
28.78014373779297,-10.403823744441244,-18.78985166599112,8.386027921549875,0.5254605131217978,0.30381316498853267,0.8292736781103305,0.2216473481332651
28.800143718719482,-10.26721914665384,-18.78985166599112,8.522632519337279,0.45546051312179775,0.30700006352737547,0.7624605766491732,0.14846044959442228
28.820148229599,-10.128961749151596,-18.652975082792896,8.5240133336413,0.45546051312179775,0.30700006352737547,0.7624605766491732,0.14846044959442228
28.840139627456665,-9.98919634601865,-18.297380066234318,8.308183720215668,0.4197565187880537,0.2833629326708615,0.7031194514589152,0.1363935861171922
28.860143661499023,-9.847765056600565,-17.661341552987455,7.81357649638689,0.4388138652959606,0.28990766702219845,0.7287215323181591,0.14890619827376217
28.880144357681274,-9.704802050775966,-16.888838867389968,7.184036816614002,0.5054158867517253,0.2884524603653699,0.7938683471170953,0.2169634263863554
28.900143146514893,-9.560320289558858,-16.200524218911976,6.6402039293531185,0.4995826814504107,0.339098098622635,0.8386807800730457,0.16048458282777567
28.920135736465454,-9.41437450915829,-15.63229437512958,6.217919865971291,0.4995826814504107,0.339098098622635,0.8386807800730457,0.16048458282777567
28.94014024734497,-9.26685484425596,-15.089819875103666,5.822965030847707,0.4769365914346418,0.3293738550785929,0.8063104465132347,0.14756273635604888
28.960136651992798,-9.11793183990924,-14.603105900082934,5.485174060173694,0.5469365914346418,0.288183089280501,0.8351196807151429,0.2587535021541408
28.980143785476685,-8.967488468817105,-14.196156595066348,5.228668126249243,0.5085466069163522,0.271677834847942,0.7802244417642943,0.23686877206841023
29.00015354156494,-8.815608018785122,-13.87059715105308,5.054989132267957,0.540144679415389,0.2399700600001961,0.7801147394155852,0.3001746194151929
29.020150423049927,-8.66243318534545,-13.87059715105308,5.20816396570763,0.5734985520126066,0.26632870913483203,0.8398272611474387,0.30716984287777455
29.040154933929443,-8.507831659558091,-13.610149595842465,5.102317936284374,0.5734985520126066,0.26632870913483203,0.8398272611474387,0.30716984287777455
29.060148239135742,-8.351973768168431,-13.384213426673972,5.0322396585055404,0.608683140295907,0.3204534556064755,0.9291365959023825,0.2882296846894315
29.08014440536499,-8.194775301247516,-13.203464491339178,5.008689190091662,0.5455498334945879,0.3456547818426043,0.8912046153371922,0.19989505165198357
29.100138425827026,-8.036300356478511,-13.058865343071343,5.0225649865928315,0.4869010721327504,0.3458820418966934,0.8327831140294438,0.141019030236057
29.120147466659546,-7.876436668990413,-12.960764149457075,5.084327480466662,0.5085084916086635,0.2972177365375683,0.8057262281462318,0.21129075507109524
29.14014458656311,-7.715424426519824,-12.88228319456566,5.166858768045836,0.5400377319188556,0.3159424965782091,0.8559802284970648,0.22409523534064651
29.16018319129944,-7.552856378474768,-12.81949843065253,5.266642052177762,0.5207874656649074,0.3859424965782091,0.9067299622431165,0.1348449690866983
29.180152893066406,-7.389656168948796,-12.769270619522025,5.3796144505732295,0.5300391412334284,0.4287872130377218,0.9588263542711503,0.10125192819570661
29.200139045715332,-7.225156705958533,-12.729088370617623,5.50393166465909,0.5300391412334284,0.4287872130377218,0.9588263542711503,0.10125192819570661
29.2201406955719,-7.059389015088298,-12.696942571494098,5.6375535564058,0.6000391412334285,0.4171079781232402,1.0171471193566686,0.1829311631101883
29.240149974822998,-6.892442516136819,-12.696942571494098,5.80450005535728,0.6608411427395187,0.4031846274016425,1.064025770141161,0.25765651533787615
29.260154485702515,-6.724446782414201,-12.67122593219528,5.946779149781079,0.7,0.43037918883841486,1.1303791888384147,0.2696208111615851
29.280150890350342,-6.555457418851605,-12.633074495756224,6.07761707690462,0.6505163729190826,0.43703568329568954,1.087552056214772,0.21348068962339306
29.30014657974243,-6.385439344534163,-12.602553346604981,6.217114002070819,0.6145359545946121,0.4917539616441354,1.1062899162387474,0.1227819929504767
29.320140838623047,-6.2144256406987495,-12.525402052283985,6.310976411585235,0.682588417828083,0.4665448663150891,1.149133284143172,0.21604355151299387
29.34014368057251,-6.042357130387096,-12.358212266827188,6.315855136440092,0.682588417828083,0.4665448663150891,1.149133284143172,0.21604355151299387
29.360145330429077,-5.869344530058684,-12.066257313461751,6.196912783403067,0.699485857784748,0.43937301797326656,1.1388588757580145,0.2601128398114815
29.380143880844116,-5.695431963221182,-11.7096464757694,6.014214512548218,0.7,0.3971365408366546,1.0971365408366545,0.30286345916334534
29.40014123916626,-5.520630598622115,-11.336467180615521,5.815836581993406,0.6836945347487926,0.443937042481266,1.1276315772300585,0.23975749226752663
29.420151472091675,-5.3448443170567055,-11.002767494492417,5.657923177435712,0.6836945347487926,0.443937042481266,1.1276315772300585,0.23975749226752663
29.44015121459961,-5.168305974562724,-10.665495245593933,5.497189271031209,0.7,0.4600893088942393,1.1600893088942392,0.23991069110576063
29.460145950317383,-4.990996016851074,-10.665495245593933,5.674499228742858,0.7,0.4456727465009317,1.1456727465009315,0.25432725349906826
29.480143547058105,-4.812872799037368,-10.378099321475148,5.565226522437779,0.6787154085934162,0.45052308890502896,1.129238497498445,0.2281923196883872
29.50014615058899,-4.633944875790443,-10.148182582180118,5.514237706389674,0.7,0.464686027946882,1.164686027946882,0.23531397205311794
29.52014660835266,-4.454304319550423,-9.964249190744095,5.509944871193672,0.7,0.464686027946882,1.164686027946882,0.23531397205311794
29.5401554107666,-4.27388495833349,-9.817102477595277,5.543217519261788,0.6588854163885116,0.49863821569364514,1.1575236320821567,0.16024720069486648
29.560146808624268,-4.092947916639458,-9.699385107076223,5.606437190436765,0.7,0.5093166327429935,1.2093166327429934,0.1906833672570064
29.580142736434937,-3.9113238900780476,-9.605211210660977,5.693887320582929,0.7,0.43931663274299354,1.1393166327429936,0.2606833672570064
29.600146293640137,-3.729012823708854,-9.529872093528782,5.800859269819928,0.6641857519745826,0.4190546428365633,1.083240394811146,0.24513110913801933
29.620145082473755,-3.546156360437385,-9.469600799823027,5.9234444393856425,0.6906643349677324,0.42929077945183963,1.119955114419572,0.26137355551589275
29.640151023864746,-3.3626742902984414,-9.42138376485842,6.058709474559979,0.6906643349677324,0.42929077945183963,1.119955114419572,0.26137355551589275
29.660144567489624,-3.1787750917797157,-9.382810136886736,6.20403504510702,0.664822806417942,0.48694741777610034,1.1517702241940424,0.17787538864184166
29.680143117904663,-2.9943280137351733,-9.382810136886736,6.3884821231515625,0.698881384730339,0.5259788414044306,1.2248602261347696,0.17290254332590838
29.700167179107666,-2.8091719859806115,-9.35195123450939,6.5427792485287775,0.6630022421479225,0.5245029776636512,1.1875052198115736,0.1384992644842713
29.72015380859375,-2.6239186362506954,-9.327264112607512,6.703345476356817,0.6541033962741494,0.5409327651653439,1.1950361614394933,0.11317063110880543
29.740163326263428,-2.438038645821801,-9.307514415086011,6.86947576926421,0.6298509014770388,0.5223361066821963,1.1521870081592351,0.1075147947948425
29.76014518737793,-2.252030997122393,-9.291714657068809,7.039683659946416,0.5974580829963088,0.46385819830931735,1.061316281305626,0.1335998846869914
29.780143976211548,-2.0655103512983413,-9.279074850655048,7.213564499356707,0.5974580829963088,0.46385819830931735,1.061316281305626,0.1335998846869914
29.800137519836426,-1.8787126226123083,-9.268963005524038,7.390250382911729,0.6112697159871459,0.44843331717886037,1.0597030331660062,0.1628363988082855
29.820144176483154,-1.6914956159686698,-9.260873529419232,7.5693779134505625,0.5798563135787844,0.46647348248399795,1.0463297960627824,0.11338283109478647
29.84015727043152,-1.503950960322888,-9.254401948535387,7.750450988212499,0.5098563135787844,0.47176507714204496,0.9816213907208293,0.038091236436739395
29.860140323638916,-1.3164505373774256,-9.24922468382831,7.932774146450884,0.5026827953942119,0.4846495598834008,0.9873323552776128,0.018033235510811096
29.880147218704224,-1.128518516524235,-9.245082872062648,8.116564355538413,0.5568907685764133,0.5419911653082818,1.0988819338846951,0.014899603268131445
29.900146007537842,-0.9404844157500608,-9.245082872062648,8.304598456312586,0.5956752836890518,0.47199116530828183,1.0676664489973335,0.12368411838076993
29.92014455795288,-0.7523040637851808,-9.241769422650119,8.489465358864939,0.5956752836890518,0.47199116530828183,1.0676664489973335,0.12368411838076993
29.940163612365723,-0.5638118224862848,-9.239118663120097,8.675306840633812,0.6215773873217403,0.515584560809657,1.1371619481313973,0.1059928265120833
29.960147619247437,-0.37556059078150783,-9.236998055496079,8.861437464714571,0.6908227481134235,0.5026307690422982,1.1934535171557217,0.18819197907112528
29.980144500732422,-0.18712881768594156,-9.235301569396862,9.04817275171092,0.7,0.48133281129412353,1.1813328112941235,0.21866718870587643
30.000139474868774,0.0013145196676351476,-9.23394438051749,9.235258900185126,0.6885174054652452,0.4928757732268423,1.1813931786920875,0.19564163223840292
30.020161628723145,0.19001379182885322,-9.232858629413991,9.422872421242845,0.6374822471290826,0.5011924940627068,1.1386747411917895,0.1362897530663758
30.04019331932068,0.37877284513322684,-9.231990028531195,9.610762873664422,0.6077894799411296,0.4311924940627068,1.0389819740038364,0.17659698587842282
30.06020450592041,0.567278788781308,-9.231295147824955,9.798573936606264,0.6077894799411296,0.4311924940627068,1.0389819740038364,0.17659698587842282
30.08017897605896,0.7553494470298485,-9.230739243259965,9.986088690289813,0.5679770268499851,0.5011924940627068,1.069169520912692,0.06678453278727825
30.100165367126465,0.9434132608624111,-9.230294519607972,10.173707780470382,0.6304956831037998,0.4668758984189481,1.0973715815227478,0.16361978468485167
30.12015175819397,1.13132830147328,-9.230294519607972,10.361622821081252,0.6265930401161313,0.4725216224323958,1.099114662548527,0.15407141768373545
30.140142679214478,1.3191074636673428,-9.212360615686379,10.531468079353722,0.6070535572245717,0.4924083657097072,1.0994619229342788,0.11464519151486446
30.160146713256836,1.506801474809462,-9.198013492549103,10.704814967358566,0.6070535572245717,0.4924083657097072,1.0994619229342788,0.11464519151486446
30.180145263671875,1.6942060972890451,-9.186535794039283,10.880741891328329,0.6168925331905484,0.5132074772845954,1.1301000104751437,0.103685055905953
30.200143098831177,1.8813365358710779,-9.177353635231428,11.058690171102507,0.5468925331905483,0.5486993722151965,1.0955919054057448,-0.001806839024648177
30.220137357711792,2.0681365701920336,-9.170007908185145,11.238144478377178,0.5468925331905483,0.5486993722151965,1.0955919054057448,-0.001806839024648177
30.24013590812683,2.2546501964877326,-9.164131326548116,11.418781523035848,0.5786727872863411,0.49493420193903154,1.0736069892253726,0.08373858534730955
30.26014232635498,2.4408810030620445,-9.159430061238494,11.600311064300538,0.556700442098081,0.4249342019390315,0.9816346440371124,0.13176624015904953
30.28013825416565,2.626628776634714,-9.155669048990797,11.78229782562551,0.5699346476420759,0.42909256654791533,0.9990272141899912,0.14084208109416058
30.30014395713806,2.8120524393267137,-9.152660239192638,11.964712678519351,0.5699346476420759,0.42909256654791533,0.9990272141899912,0.14084208109416058
30.320136547088623,2.996910697624137,-9.15025319135411,12.147163888978248,0.5006605052575468,0.49909256654791534,0.9997530718054621,0.0015679387096314557
30.340152502059937,3.181511259801364,-9.15025319135411,12.331764451155475,0.4930175790749489,0.4382011804264039,0.9312187595013528,0.05481639864854504
30.360156536102295,3.3654991350107633,-9.14832755308329,12.513826688094053,0.4818232465721665,0.4579122539144009,0.9397355004865674,0.02391099265776564
30.380144119262695,3.5488047004688,-9.146787042466633,12.695591742935433,0.4818232465721665,0.4579122539144009,0.9397355004865674,0.02391099265776564
30.400147199630737,3.7316920300222742,-9.145554633973306,12.877246663995582,0.501652288828045,0.527912253914401,1.029564542742446,-0.026259965086355974
30.420146226882935,3.9139530242373146,-9.109412457178646,13.023365481415961,0.45330873096361746,0.5933068342786283,1.0466155652422457,-0.13999810331501084
30.44015860557556,4.09571707287564,-8.992608090742918,13.088325163618558,0.45330873096361746,0.5933068342786283,1.0466155652422457,-0.13999810331501084
30.460143089294434,4.276581567711808,-8.828852097594336,13.105433665306144,0.4636756317876278,0.5825203568022699,1.0461959885898977,-0.1188447250146421
30.480173110961914,4.457181589717917,-8.609956678075468,13.067138267793386,0.48730105219408865,0.5528829250764102,1.0401839772704988,-0.06558187288232159
30.500163555145264,4.636720917117313,-8.329371592460374,12.966092509577688,0.508312864806503,0.5111049343179912,1.0194177991244942,-0.0027920695114882488
30.52014684677124,4.815464908976354,-7.9994347739683,12.814899682944654,0.508312864806503,0.5111049343179912,1.0194177991244942,-0.0027920695114882488
30.540141105651855,4.993547221375816,-7.524547819174639,12.518095040550456,0.5728058355115353,0.5811049343179913,1.1539107698295266,-0.008299098806455962
30.560141563415527,5.1708962894074535,-7.524547819174639,12.695444108582093,0.5824012501351534,0.5748573747556658,1.1572586248908192,0.007543875379487641
30.580137968063354,5.347393085690275,-6.9512788803397125,12.298671966029987,0.5325239939801394,0.5918334872554989,1.1243574812356383,-0.059309493275359504
30.60013771057129,5.523075018649335,-6.3696168542717695,11.892691872921105,0.5325239939801394,0.5918334872554989,1.1243574812356383,-0.059309493275359504
30.620142936706543,5.697932624577586,-5.869130983417417,11.567063607995003,0.557581479307264,0.6202125215064735,1.1777940008137375,-0.06263104219920956
30.64015245437622,5.871927209505523,-5.451164161733934,11.323091371239457,0.5290845545195042,0.5643957444559784,1.0934802989754826,-0.0353111899364742
30.660146236419678,6.044857937480261,-5.046478204387148,11.091336141867409,0.5565453475527464,0.574353369055316,1.1308987166080624,-0.01780802150256955
30.680145978927612,6.216885829820071,-4.6699950635097185,10.886880893329788,0.569684139098972,0.5043533690553159,1.074037508154288,0.06533077004365606
30.700141668319702,6.387897466428279,-4.368808550807775,10.756706017236054,0.527134547587484,0.5117374248150737,1.0388719724025577,0.015397122772410343
30.72011160850525,6.557682554876739,-4.14543746564622,10.70312002052296,0.527134547587484,0.5117374248150737,1.0388719724025577,0.015397122772410343
30.74020481109619,6.727473566957206,-3.966740597516976,10.694214164474182,0.5445441870205103,0.5778544730786235,1.1223986600991338,-0.03331028605811315
30.760216236114502,6.89550784767101,-3.8237831030135805,10.719290950684591,0.6145441870205104,0.5429406984988601,1.1574848855193705,0.07160348852165033
30.780290842056274,7.062977332291348,-3.8237831030135805,10.886760435304929,0.5635601694695651,0.5813692546728999,1.144929424142465,-0.017809085203334796
30.80030608177185,7.228832905969096,-3.709417107410864,10.93825001337996,0.5635601694695651,0.5813692546728999,1.144929424142465,-0.017809085203334796
30.820311546325684,7.3934650629567615,-3.6179243109286916,11.011389373885454,0.5635601694695651,0.5813692546728999,1.144929424142465,-0.017809085203334796
30.840336561203003,7.557088233306155,-3.5447300737429535,11.101818307049108,0.5964714738540351,0.5863962009828538,1.182867674836889,0.010075272871181262
30.860214948654175,7.71833015100535,-3.486174683994363,11.204504834999714,0.5964714738540351,0.5863962009828538,1.182867674836889,0.010075272871181262
30.880157232284546,7.8788804821418275,-3.439330372195491,11.318210854337318,0.5895893222652375,0.6118099917005748,1.2013993139658123,-0.022220669435337292
30.90015935897827,8.038669999911951,-3.401854922756393,11.440524922668343,0.5895893222652375,0.6118099917005748,1.2013993139658123,-0.022220669435337292
30.92016077041626,8.19718420301922,-3.3718745632051146,11.569058766224334,0.6221966541372239,0.6013556517940015,1.2235523059312254,0.020841002343222392
30.94016742706299,8.354444850608584,-3.365468400564092,11.719913251172676,0.5521966541372239,0.6561303831916303,1.2083270373288542,-0.10393372905440645
30.960153579711914,8.510226223398773,-3.3603434704512742,11.870569693850047,0.5521966541372239,0.6561303831916303,1.2083270373288542,-0.10393372905440645
30.980161428451538,8.664832507599648,-3.3562435263610197,12.021076033960668,0.5497873005177825,0.5985961020272226,1.148383402545005,-0.048808801509440114
31.000152111053467,8.817938561320133,-3.3562435263610197,12.174182087681153,0.5862221334781497,0.6685961020272226,1.2548182355053723,-0.08237396854907297
31.02015256881714,8.969727299643136,-3.352963571088816,12.322690870731952,0.6562221334781497,0.6999949944298716,1.3562171279080213,-0.04377286095172184
31.040172815322876,9.120247620381626,-3.3503396068710534,12.470587227252679,0.6674457206856459,0.6750721839349718,1.3425179046206177,-0.007626463249325921
31.06014847755432,9.268994462879268,-3.3658185604968427,12.634813023376111,0.6524579083081334,0.7,1.3524579083081334,-0.04754209169186652
31.080145835876465,9.416440353498714,-3.3782017233974746,12.794642076896189,0.6524579083081334,0.7,1.3524579083081334,-0.04754209169186652
31.100139379501343,9.562371971827229,-3.3881082537179794,12.950480225545208,0.6274033901747316,0.7,1.3274033901747315,-0.07259660982526839
31.120144844055176,9.70688021119885,-3.3960334779743837,13.102913689173235,0.5665610102470964,0.7,1.2665610102470963,-0.13343898975290358
31.140161514282227,9.84993443436908,-3.4023736573795067,13.252308091748587,0.5292422288795933,0.7,1.2292422288795932,-0.1707577711204067
31.160146951675415,9.991211087651083,-3.4074458009036053,13.398656888554688,0.5171635124599561,0.7,1.217163512459956,-0.1828364875400439
31.18014168739319,10.130976936201128,-3.429081640722884,13.560058576924012,0.5045354908099398,0.7,1.2045354908099397,-0.1954645091900602
31.20013952255249,10.269165120676773,-3.4463903125783077,13.71555543325508,0.5045354908099398,0.7,1.2045354908099397,-0.1954645091900602
31.220160007476807,10.405885785785214,-3.4463903125783077,13.852276098363522,0.4269303721329197,0.7,1.1269303721329196,-0.2730696278670803
31.240175247192383,10.540924702283977,-3.4602372500626464,14.001161952346624,0.4587729391595349,0.7,1.158772939159535,-0.24122706084046508
31.2601580619812,10.674081842514164,-3.4713148000501173,14.145396642564283,0.4421683908393606,0.7,1.1421683908393605,-0.25783160916063935
31.280165910720825,10.805719960657214,-3.4801768400400936,14.285896800697309,0.4259438742836937,0.7,1.1259438742836936,-0.2740561257163063
31.300156593322754,10.935539652234148,-3.469688347032075,14.405227999266224,0.4527974151959643,0.6807668570429086,1.133564272238873,-0.22796944184694434
31.320149183273315,11.063646242684275,-3.40856317762566,14.472209420309934,0.4527974151959643,0.6807668570429086,1.133564272238873,-0.22796944184694434
31.34016728401184,11.190167163633514,-3.1838817921005287,14.374048955734043,0.3958265543868765,0.7,1.0958265543868764,-0.3041734456131235
31.360154390335083,11.314726052213157,-2.7580429336804233,14.07276898589358,0.370357513888739,0.7,1.070357513888739,-0.32964248611126096
31.38014316558838,11.437510694020792,-2.2064343469443384,13.64394504096513,0.39648143620695914,0.7,1.096481436206959,-0.3035185637930408
31.400145530700684,11.558572880581735,-1.6596787275554707,13.218251608137207,0.37091612116899336,0.6451756849884986,1.016091806157492,-0.2742595638195053
31.420145511627197,11.677795299908619,-1.169539857044377,12.847335156952996,0.37091612116899336,0.6451756849884986,1.016091806157492,-0.2742595638195053
31.44014859199524,11.795191710015269,-1.169539857044377,12.964731567059646,0.34676963323261584,0.610700999200344,0.9574706324329598,-0.2639313659677282
31.46014380455017,11.910679874811496,-0.6543818856355015,12.565061760446998,0.39196274661924685,0.6195064641535282,1.011469210772775,-0.22754371753428132
31.48013734817505,12.024278701972802,-0.08405238350840123,12.108331085481204,0.39196274661924685,0.6195064641535282,1.011469210772775,-0.22754371753428132
31.500139236450195,12.136026203681253,0.5128362181932792,11.623189985487974,0.4194574286183342,0.6870502091944217,1.1065076378127559,-0.26759278057608754
31.520146131515503,12.24588417524008,1.1309720995546233,11.114912075685456,0.48945742861833424,0.6243717156350612,1.1138291442533954,-0.13491428701672697
31.540143489837646,12.353756065977016,1.7309495546436988,10.622806511333318,0.46001073175575585,0.6900860302150249,1.1500967619707807,-0.23007529845926905
31.56014108657837,12.459678921877549,2.263665893714959,10.19601302816259,0.46001073175575585,0.6900860302150249,1.1500967619707807,-0.23007529845926905
31.58013653755188,12.563623674376728,2.6722608399719676,9.891362834404761,0.4063904044916853,0.7,1.1063904044916852,-0.29360959550831467
31.60014033317566,12.665627522649478,2.999136796977574,9.666490725671904,0.42593455144669856,0.6876852920278906,1.1136198434745892,-0.2617507405811921
31.62013602256775,12.765590444984188,3.2606375625820596,9.504952882402128,0.4214686301304027,0.7,1.1214686301304027,-0.27853136986959726
31.640143394470215,12.863595035684948,3.469838175065648,9.3937568606193,0.5192700748844072,0.7,1.2192700748844072,-0.18072992511559272
31.66014575958252,12.959543056775061,3.469838175065648,9.489704881709413,0.5192700748844072,0.7,1.2192700748844072,-0.18072992511559272
31.680140018463135,13.053406493679566,3.637198665052518,9.416207828627048,0.47494058437179776,0.7,1.1749405843717977,-0.2250594156282022
31.700166940689087,13.145358109424997,3.7710870570420143,9.374271052382984,0.5022901346487925,0.7,1.2022901346487924,-0.1977098653512075
31.720179557800293,13.23516488098405,3.8606196456336117,9.374545235350437,0.3872334485454485,0.7,1.0872334485454485,-0.31276655145455146
31.740174770355225,13.32280365886197,3.91466759150689,9.40813606735508,0.4291445141239092,0.7,1.1291445141239091,-0.27085548587609076
31.76017951965332,13.408379911278512,3.9579059482055117,9.450473963073001,0.4782475357456133,0.7,1.1782475357456133,-0.22175246425438666
31.780190467834473,13.491863350849133,3.97491850856441,9.516944842284722,0.41180342189501973,0.7,1.1118034218950197,-0.28819657810498023
31.800194025039673,13.573184284418307,3.988528556851528,9.58465572756678,0.3846973193390295,0.6434359706938266,1.0281332900328561,-0.2587386513547971
31.820197343826294,13.652360161481939,3.9994165954812226,9.652943566000715,0.44890107340645047,0.6645534679293632,1.1134545413358137,-0.21565239452291274
31.840197324752808,13.729366785808566,4.008127026384979,9.721239759423586,0.37890107340645046,0.688202940672636,1.0671040140790864,-0.3093018672661855
31.860164403915405,13.804084058753636,4.015095371107983,9.788988687645652,0.3726638077525422,0.7,1.072663807752542,-0.32733619224745775
31.880147457122803,13.876685841200924,4.015095371107983,9.861590470092942,0.34697120513301344,0.6301546290516853,0.9771258341846987,-0.28318342391867185
31.90014410018921,13.947147185636576,4.020670046886386,9.92647713875019,0.27697120513301343,0.6461026322096586,0.923073837342672,-0.36913142707664515
31.920143365859985,14.01541566065231,4.025129787509109,9.9902858731432,0.30352800245862455,0.6910961519926786,0.9946241544513031,-0.38756814953405405
31.94016933441162,14.081557814269543,4.046275705007288,10.035282109262255,0.28324499632697553,0.7,0.9832449963269755,-0.4167550036730244
31.96015214920044,14.145335227808612,4.080770564005831,10.06456466380278,0.22343634720426053,0.7,0.9234363472042605,-0.4765636527957394
31.980140447616577,14.206899348682404,4.125944576204665,10.080954772477739,0.21958125847857446,0.6967584849800914,0.9163397434586659,-0.47717722650151695
32.00013494491577,14.266240708954856,4.179661910963732,10.086578797991123,0.1930520674167201,0.6840028330218046,0.8770549004385247,-0.49095076560508455
32.020140171051025,14.323360531648996,4.345682653770987,9.977677877878008,0.2630520674167201,0.6587753235828131,0.9218273909995331,-0.395723256166093
32.040170669555664,14.37828521253635,4.72459299801679,9.653692214519559,0.2579972671112046,0.6240405193995684,0.8820377865107729,-0.3660432522883638
32.06017017364502,14.430852764941449,5.361705648413432,9.069147116528017,0.2579972671112046,0.6240405193995684,0.8820377865107729,-0.3660432522883638
32.080156087875366,14.481108235120649,6.187802018730746,8.293306216389903,0.28664799050893636,0.6003605681937187,0.887008558702655,-0.3137125776847824
32.10014200210571,14.529080190304658,6.187802018730746,8.341278171573911,0.32693996296729894,0.6017285400768742,0.928668503044173,-0.2747885771095752
32.1201434135437,14.574795596244414,7.077194739984598,7.497600856259816,0.25693996296729893,0.637390069826506,0.894330032793805,-0.3804501068592071
32.14016342163086,14.61824843938561,7.964490166987678,6.653758272397932,0.26095577841158957,0.664403181686066,0.9253589600976556,-0.4034474032744765
32.160149812698364,14.659321132318942,8.779795258590143,5.879525873728799,0.26095577841158957,0.664403181686066,0.9253589600976556,-0.4034474032744765
32.18014216423035,14.69809331180112,9.432039331872113,5.266053979929007,0.24912641709204764,0.6639504275110084,0.913076844603056,-0.4148240104189608
32.20013785362244,14.73455215891763,9.95383459049769,4.78071756841994,0.27318137464579195,0.7,0.9731813746457919,-0.426818625354208
32.22013974189758,14.768695472742676,10.371270797398154,4.3974246753445225,0.30920734582003206,0.7,1.0092073458200321,-0.3907926541799679
32.24015808105469,14.800531399782503,10.705219762918524,4.095311636863979,0.30920734582003206,0.7,1.0092073458200321,-0.3907926541799679
32.260149240493774,14.829987406951675,10.97237893533482,3.857608471616855,0.3419535639649257,0.7,1.0419535639649258,-0.35804643603507424
32.280155181884766,14.857122840679411,11.186106273267857,3.671016567411554,0.34292679727775977,0.6714589137583971,1.014385711036157,-0.3285321164806373
32.30014157295227,14.881887692176722,11.357088143614286,3.524799548562436,0.32821070664329455,0.7,1.0282107066432946,-0.3717892933567054
32.32013964653015,14.904318134952943,11.357088143614286,3.547229991338657,0.32444375968305394,0.7,1.024443759683054,-0.375556240316946
32.340155601501465,14.92441236481134,11.49387363989143,3.430538724919911,0.29347243188647554,0.7,0.9934724318864755,-0.4065275681135244
32.36014366149902,14.942123024838839,11.603302036913144,3.338820987925695,0.26105478062061593,0.6359426125884056,0.8969973932090215,-0.37488783196778963
32.380144119262695,14.957485758386374,11.690844754530517,3.2666410038558578,0.26731424807338044,0.6651835151016712,0.9324977631750516,-0.39786926702829073
32.40014338493347,14.970485718967877,11.743300803624415,3.2271849153434626,0.22667903109220788,0.676566101424396,0.9032451325166039,-0.4498870703321881
32.420149087905884,14.981124882678111,11.785265642899533,3.195859239778578,0.24262548080412671,0.6153142152354121,0.8579396960395388,-0.37268873443128536
32.44018602371216,14.989408066861943,11.801259389319627,3.1881486775423156,0.24262548080412671,0.6153142152354121,0.8579396960395388,-0.37268873443128536
32.46017074584961,14.995303193352742,11.814054386455702,3.18124880689704,0.27336583501426504,0.6122768407687544,0.8856426757830195,-0.3389110057544894
32.48014831542969,14.998833163243573,11.824290384164561,3.1745427790790117,0.3094910367461853,0.6557610852643847,0.96525212201057,-0.3462700485181994
32.500141620635986,14.999999940615366,11.83247918233165,3.1675207582837164,0.338808166149538,0.6595986048225313,0.9984067709720693,-0.3207904386729933
32.520145893096924,14.99879832160943,11.856608345865322,3.142189975744108,0.338808166149538,0.6595986048225313,0.9984067709720693,-0.3207904386729933
32.540146589279175,14.995228056623654,11.856608345865322,3.1386197107583325,0.4061437866720371,0.7,1.1061437866720372,-0.29385621332796286
32.56014633178711,14.98929004604065,11.875911676692258,3.1133783693483927,0.39035192160634324,0.7,1.0903519216063433,-0.3096480783936567
32.58014106750488,14.980987488919235,11.891354341353807,3.0896331475654275,0.39035192160634324,0.7,1.0903519216063433,-0.3096480783936567
32.60014224052429,14.970316690585626,11.903708473083046,3.06660821750258,0.34939079015282914,0.6743072558194398,1.023698045972269,-0.3249164656666107
32.62014722824097,14.957278916926912,11.91359177846644,3.043687138460472,0.37182940943865106,0.7,1.0718294094386511,-0.3281705905613489
32.64015817642212,14.941873096752659,11.921498422773153,3.0203746739795054,0.38934030598727987,0.6329520463943481,1.022292352381628,-0.24361174040706823
32.66015601158142,14.924117613709178,11.910245613218523,3.0138720004906556,0.38934030598727987,0.6329520463943481,1.022292352381628,-0.24361174040706823
32.68015241622925,14.904007472487644,11.90124336557482,3.0027641069128244,0.3387309632333927,0.692448728531599,1.0311796917649918,-0.3537177652982063
32.700145959854126,14.88154804382417,11.876463442459857,3.005084601364313,0.3891984804603271,0.7,1.0891984804603272,-0.31080151953967283
32.72014403343201,14.856734276617495,11.839061378967886,3.017672897649609,0.3502617574366741,0.7,1.0502617574366742,-0.34973824256332586
32.740149974823,14.829563764450777,11.79156160317431,3.0380021612764665,0.3152466586860828,0.6849063614383339,1.0001530201244169,-0.36965970275225113
32.76014304161072,14.800069846419573,11.79156160317431,3.008508243245263,0.3363438773038797,0.7,1.0363438773038798,-0.36365612269612024
32.780134201049805,14.768243593628984,11.75356178253945,3.0146818110895346,0.3325776332593523,0.6814839828759431,1.0140616161352956,-0.34890634961659084
32.800132274627686,14.734075109441457,11.72316192603156,3.0109131834098974,0.3504227442271076,0.7,1.0504227442271077,-0.34957725577289234
32.82013440132141,14.697572760202988,11.68126391582525,3.016308844377738,0.33838086999719963,0.6416309520602226,0.9800118220574222,-0.30325008206302295
32.84013366699219,14.658754719142076,11.6653236326602,2.993431086481875,0.3351346070948057,0.6716954678297042,1.00683007492451,-0.33656086073489855
32.86013913154602,14.617608953299044,11.65257140612816,2.9650375471708834,0.305214029091876,0.7,1.005214029091876,-0.39478597090812395
32.88013315200806,14.574179153475253,11.64236962490253,2.931809528572723,0.33083367376355455,0.6876396609470248,1.0184733347105794,-0.35680598718347023
32.900141954422,14.528414639697964,11.634208199922025,2.894206439775939,0.27392470120219514,0.6920095447450876,0.9659342459472827,-0.41808484354289244
32.92014193534851,14.480375594847427,11.64525718493762,2.835118409909807,0.27392470120219514,0.6920095447450876,0.9659342459472827,-0.41808484354289244
32.940144538879395,14.430043186370451,11.654096372950097,2.7759468134203544,0.3434598672273569,0.7,1.043459867227357,-0.35654013277264307
32.96013784408569,14.377456498588394,11.678745848360078,2.698710650228316,0.3043201233330183,0.6356373772025108,0.9399575005355291,-0.3313172538694925
32.980132818222046,14.322596289945725,11.678745848360078,2.6438504415856467,0.3043201233330183,0.6356373772025108,0.9399575005355291,-0.3313172538694925
33.00013995170593,14.265440091607294,11.698465428688063,2.5669746629192307,0.3099297208781354,0.6800004251301288,0.9899301460082642,-0.3700707042519934
33.02014136314392,14.206046920498453,11.714241092950452,2.491805827548001,0.3187380496482365,0.6118779934942722,0.9306160431425087,-0.2931399438460357
33.04015278816223,14.144378714899748,11.726861624360364,2.417517090539384,0.2737337488750927,0.6239101223647594,0.8976438712398521,-0.3501763734896667
33.060145139694214,14.080536365966312,11.736958049488292,2.3435783164780197,0.26190501712961123,0.6062948171049356,0.8681998342345468,-0.3443897999753244
33.08013391494751,14.014484253160857,11.745035189590636,2.269449063570221,0.26190501712961123,0.6062948171049356,0.8681998342345468,-0.3443897999753244
33.100141525268555,13.946156212373081,11.76907502667251,2.1770811857005707,0.33190501712961124,0.6370653890073299,0.9689704061369411,-0.30516037187771866
33.12014412879944,13.875642160557435,11.770728771338009,2.1049133892194263,0.3038441710988991,0.6252439644187688,0.9290881355176679,-0.32139979331986973
33.140135526657104,13.802977755472439,11.789629892070407,2.013347863402032,0.32825363472802566,0.5954251445829868,0.9236787793110124,-0.26717150985496113
33.160139322280884,13.72808848770092,11.822328913656326,1.905759574044593,0.31320003838045524,0.6362320974469184,0.9494321358273736,-0.3230320590664632
33.18013381958008,13.651066893320024,11.83091000592506,1.8201568873949636,0.31320003838045524,0.6362320974469184,0.9494321358273736,-0.3230320590664632
33.20013236999512,13.571874555766803,11.83091000592506,1.7409645498417419,0.28305892505450175,0.6064994901418685,0.8895584151963702,-0.3234405650873668
33.22014117240906,13.490497129760975,11.83777487974005,1.6527222500209255,0.29705199272139,0.6604962542653083,0.9575482469866983,-0.36344426154391835
33.24013876914978,13.407034885054873,11.86084490379204,1.5461899812628328,0.2800115984748118,0.664647214859724,0.9446588133345357,-0.3846356163849122
33.26013445854187,13.32146428580515,11.879300923033634,1.4421633627715167,0.2994841304491274,0.698593658208847,0.9980777886579744,-0.3991095277597196
33.2801308631897,13.233787806030639,11.894065738426908,1.3397220676037307,0.2893240409786813,0.6528178609907627,0.9421419019694439,-0.36349382001208136
33.300133228302,13.143995241969517,11.905877590741529,1.238117651227988,0.27472084247274325,0.6529351792589295,0.9276560217316727,-0.37821433678618627
33.320170640945435,13.051963814784784,11.915327072593225,1.136636742191559,0.25280907795531676,0.6347313526377547,0.8875404305930714,-0.38192227468243795
33.340145111083984,12.958162428921964,11.922886658074582,1.0352757708473828,0.25280907795531676,0.6347313526377547,0.8875404305930714,-0.38192227468243795
33.36013960838318,12.86222290519106,11.928934326459666,0.9332885787313945,0.265675035759341,0.6287227392487693,0.8943977750081102,-0.36304770348942833
33.3801383972168,12.764232160283386,11.933772461167734,0.8304596991156519,0.3159289075876586,0.6192048609547782,0.9351337685424368,-0.3032759533671196
33.40014672279358,12.664177871479684,11.955221093934188,0.7089567775454952,0.311452907032799,0.6359483756416011,0.9474012826744,-0.32449546860880213
33.420146465301514,12.562166303070102,11.955221093934188,0.6069452091359135,0.32767116552277004,0.7,1.02767116552277,-0.3723288344772299
33.44015407562256,12.45812977458515,11.972380000147352,0.48574977443779765,0.28755553340597545,0.6745332822203636,0.962088815626339,-0.3869777488143881
33.46014428138733,12.352217529982601,11.986107125117881,0.36611040486472035,0.27127911238058006,0.7,0.97127911238058,-0.4287208876194199
33.48013639450073,12.24434625307989,11.997088825094306,0.24725742798558414,0.2843258119566599,0.6651527442038059,0.9494785561604657,-0.380826932247146
33.50014090538025,12.134474288121163,12.005874185075445,0.12860010304571823,0.2843258119566599,0.6651527442038059,0.9494785561604657,-0.380826932247146
33.52013897895813,12.02272156387888,12.012902473060356,0.0098190908185245,0.3543258119566599,0.6083176925778389,0.9626435045344988,-0.25399188062117894
33.540143966674805,11.909031058370765,12.018525103448287,-0.10949404507752192,0.32558158377243673,0.614523612242192,0.9401051960146287,-0.28894202846975525
33.56014037132263,11.793509027341962,12.00544508275863,-0.21193605541666827,0.29790919425024187,0.6609869713895022,0.9588961656397441,-0.36307777713926037
33.58013391494751,11.67614226120046,12.012559191206906,-0.336416930006445,0.2695960641099373,0.7,0.9695960641099373,-0.43040393589006265
33.60014033317566,11.556855533990342,12.000672352965525,-0.44381681897518277,0.26762598508095836,0.6501697458326816,0.91779573091364,-0.38254376075172325
33.62015128135681,11.435715045519382,11.991162882372421,-0.5554478368530393,0.2920617175946245,0.6160152450203895,0.908076962615014,-0.323953527425765
33.64015197753906,11.312830195859542,11.991162882372421,-0.6783326865128796,0.34838909410929775,0.6254408897832036,0.9738299838925013,-0.2770517956739058
33.66014862060547,11.188184238962657,11.983555305897939,-0.7953710669352816,0.30979157739377117,0.6368071826174855,0.9465987600112566,-0.3270156052237143
33.68014216423035,11.061791860565764,11.959891119718352,-0.8980992591525876,0.2610203152248869,0.7,0.9610203152248868,-0.43897968477511307
33.700138330459595,10.933636902775346,11.95853789577468,-1.024900992999335,0.26421031925885474,0.6632474668323993,0.9274577860912541,-0.3990371475735446
33.72014307975769,10.803699941680819,11.957455316619747,-1.1537553749389282,0.21570791874139106,0.7,0.915707918741391,-0.4842920812586089
33.740161418914795,10.671966135547258,11.956589253295798,-1.2846231177485397,0.25744973320572173,0.6458464235067367,0.9032961567124584,-0.388396690301015
33.760149002075195,10.53875028307861,11.95589640263664,-1.41714611955803,0.25744973320572173,0.6458464235067367,0.9032961567124584,-0.388396690301015
33.7801456451416,10.403810794789633,11.955342122109313,-1.5515313273196796,0.32026480335800445,0.6233439695090055,0.94360877286701,-0.30307916615100106
33.800142765045166,10.26722569930059,11.954898697687453,-1.6876729983868621,0.3319722517585615,0.619311371166259,0.9512836229248205,-0.2873391194076975
33.82014513015747,10.128983294869618,11.954543958149964,-1.8255606632803456,0.3849930568790296,0.6458548300899565,1.030847886968986,-0.26086177321092685
33.8401403427124,9.989191317140131,11.954260166519973,-1.9650688493798416,0.3849930568790296,0.6458548300899565,1.030847886968986,-0.26086177321092685
33.860145568847656,9.847751496850861,11.954260166519973,-2.106508669669111,0.4532678007340292,0.5758548300899564,1.0291226308239856,-0.12258702935592719
33.88015007972717,9.704760929776953,11.95403313321598,-2.249272203439027,0.42147673957108056,0.5845464166440069,1.0060231562150874,-0.1630696770729263
33.900145530700684,9.560302974502473,11.953851506572784,-2.3935485320703105,0.45574214227555787,0.6162105534411966,1.0719526957167544,-0.1604684111656387
33.920143842697144,9.414315030867447,11.953706205258229,-2.539391174390781,0.4618471214739839,0.5921727787889539,1.0540199002629378,-0.13032565731497003
33.94016408920288,9.26667814865624,11.953589964206584,-2.686911815550344,0.5077948296634713,0.601432699356228,1.1092275290196993,-0.09363786969275667
33.96014761924744,9.117849764321951,11.935918846365267,-2.8180690820433156,0.512736589294509,0.6402708605118095,1.1530074498063185,-0.12753427121730043
33.9801390171051,8.967524494300621,11.904203827092214,-2.936679332791593,0.5101461744593689,0.6431398458033799,1.1532860202627488,-0.13299367134401097
34.00014066696167,8.815706191723182,11.843675561673772,-3.02796936995059,0.477064870177419,0.6400537633989005,1.1171186335763195,-0.16298889322148152
34.02013659477234,8.662539584358267,11.74251857433902,-3.079978989980752,0.40706487017741894,0.6342586673516779,1.0413235375290968,-0.22719379717425897
34.040149211883545,8.507876074780395,11.538546109471218,-3.0306700346908233,0.38849935139587616,0.7,1.088499351395876,-0.3115006486041238
34.06014156341553,8.352026030110494,11.252321262576974,-2.9002952324664797,0.38379424083104824,0.6718184266239404,1.0556126674549886,-0.2880241857928922
34.08015155792236,8.194718838998293,11.252321262576974,-3.0576024235786807,0.38379424083104824,0.6718184266239404,1.0556126674549886,-0.2880241857928922
34.10014581680298,8.036241538691657,10.90029451006158,-2.8640529713699223,0.4095664324151585,0.6588951002806425,1.068461532695801,-0.24932866786548397
34.12013840675354,7.876509337395978,10.565938733049263,-2.689429395653285,0.36112350615730976,0.6805896803736686,1.0417131865309783,-0.31946617421635887
34.140143156051636,7.715435988538105,10.316032236439412,-2.600596247901307,0.34361339191964363,0.6768343418836593,1.020447733803303,-0.3332209499640157
34.16013979911804,7.553209710939708,10.11610703915153,-2.5628973282118217,0.3799415362911532,0.6753922467352822,1.0553337830264353,-0.295450710444129
34.18014121055603,7.389751985601041,9.973745006321224,-2.5839930207201824,0.3799415362911532,0.6753922467352822,1.0553337830264353,-0.295450710444129
34.20014762878418,7.225085814918803,9.87743350505698,-2.6523476901381766,0.35819999332597946,0.5858945016982033,0.9440944950241827,-0.22769450837222388
34.22013854980469,7.0594068588336345,9.817962429045584,-2.75855557021195,0.3603975460311631,0.6112814628751948,0.9716790089063578,-0.2508839168440317
34.24018907546997,6.892115206570245,9.787963693236467,-2.895848486666222,0.3603975460311631,0.6112814628751948,0.9716790089063578,-0.2508839168440317
34.260143756866455,6.724537169133667,9.763964704589174,-3.0394275354555074,0.38183211762516295,0.5412814628751947,0.9231135805003576,-0.1594493452500318
34.280136585235596,6.555578684265188,9.76234363867134,-3.206764954406151,0.43234209571091925,0.47128146287519473,0.903623558586114,-0.038939367164275485
34.30014991760254,6.3854108787030075,9.76234363867134,-3.376932759968332,0.3644771933933953,0.42293813970405597,0.7874153330974513,-0.05846094631066068
34.32013916969299,6.214439956597528,9.778624910937072,-3.5641849543395443,0.3644771933933953,0.42293813970405597,0.7874153330974513,-0.05846094631066068
34.34014868736267,6.042313940345297,9.791649928749658,-3.7493359884043613,0.3329137958964566,0.40474886779207725,0.7376626636885338,-0.07183507189562066
34.36014199256897,5.869373480366628,9.802069942999726,-3.932696462633098,0.3196167428424815,0.3809326659562065,0.700549408798688,-0.061315923113725024
34.38014221191406,5.695446514570499,9.810405954399782,-4.114959439829283,0.31341095170064365,0.3357475358666851,0.6491584875673287,-0.02233658416604145
34.40013885498047,5.520651491819625,9.834652888519825,-4.3140013967002,0.28516999719722663,0.38322867412585754,0.6683986713230842,-0.0980586769286309
34.42014288902283,5.344919900877846,9.87162856081586,-4.526708659938015,0.26301078213436996,0.35868806910235423,0.6216988512367242,-0.09567728696798428
34.440139293670654,5.1684114468244235,9.90120909865269,-4.732797651828266,0.2937566050706664,0.3724125247122719,0.6661691297829383,-0.07865591964160545
34.46013951301575,4.991053230028232,9.90729540392215,-4.916242173893918,0.2937566050706664,0.3724125247122719,0.6661691297829383,-0.07865591964160545
34.48014760017395,4.812836619029034,9.789117573137721,-4.976280954108687,0.3034838660998503,0.33093551505822677,0.6344193811580771,-0.027451648958376484
34.50014519691467,4.6339534243010085,9.606684683510178,-4.972731259209169,0.3068156497931341,0.3411206328915431,0.6479362826846772,-0.034304983098409014
34.52015018463135,4.45427213430359,9.606684683510178,-5.152412549206588,0.2427970203018049,0.301348476265557,0.5441454965673619,-0.05855145596375211
34.540159940719604,4.273844034189401,9.46073837180814,-5.18689433761874,0.2476287008641521,0.3385459953593089,0.586174696223461,-0.09091729449515681
34.56015157699585,4.092904681154809,9.361559447446513,-5.2686547662917045,0.26604276796861087,0.3718640008615329,0.6379067688301437,-0.105821232892922
34.580142974853516,3.911321720772187,9.282216307957212,-5.370894587185025,0.21621222695393955,0.431054236893542,0.6472664638474815,-0.21484200993960245
34.60014367103577,3.729036765188,9.21874179636577,-5.4897050311777695,0.21621222695393955,0.431054236893542,0.6472664638474815,-0.21484200993960245
34.62014579772949,3.5461498103993185,9.167962187092616,-5.621812376693297,0.2337771849153796,0.48841427505481977,0.7221914599701994,-0.25463709013944014
34.640162229537964,3.3625713672280146,9.144916624674094,-5.78234525744608,0.2494097025512019,0.45067465171683574,0.7000843542680376,-0.20126494916563384
34.66014909744263,3.178733367653861,9.126480174739275,-5.947746807085414,0.31940970255120193,0.5173316286550833,0.8367413312062852,-0.19792192610388137
34.68015003204346,2.994264161043849,9.11173101479142,-6.117466853747571,0.38940970255120194,0.533475885693915,0.922885588245117,-0.14406618314271308
34.70014190673828,2.8094059578461335,9.099931686833136,-6.290525728987003,0.37451276956184304,0.46347588569391496,0.837988655255758,-0.08896311613207192
34.72014045715332,2.624042530310579,9.090492224466509,-6.46644969415593,0.37425396884267687,0.49898160890210397,0.8732355777447809,-0.1247276400594271
34.740156173706055,2.4381051606696835,9.090492224466509,-6.652387063796825,0.3646532037708676,0.4603604179667308,0.8250136217375983,-0.0957072141958632
34.76014184951782,2.252062099138712,9.082940654573209,-6.830878555434497,0.3646532037708676,0.4603604179667308,0.8250136217375983,-0.0957072141958632
34.78013634681702,2.0655815716455557,9.094477523658567,-7.028895952013011,0.4346532037708676,0.45686455316375923,0.8915177569346269,-0.022211349392891655
34.8001344203949,1.878741604131426,9.086128893926853,-7.207387289795427,0.44519889897143006,0.4248293849034233,0.8700282838748534,0.020369514068006744
34.82013726234436,1.6915603645275907,9.061871865141484,-7.370311500613893,0.46580712480877995,0.3548293849034233,0.8206365097122033,0.11097773990535664
34.84016156196594,1.5039107173724324,9.024888117113187,-7.5209773997407545,0.49551185576652645,0.3545214870700145,0.850033342836541,0.14099036869651194
34.86014366149902,1.3164192001718467,8.99530111869055,-7.678881918518703,0.4407099670026219,0.3536547135899307,0.7943646805925526,0.08705525341269116
34.880154848098755,1.1284468149513676,8.954053394952442,-7.825606580001075,0.48437175510858654,0.31921333934762497,0.8035850944562115,0.16515841576096157
34.900140047073364,0.9405404812704761,8.903477090961953,-7.962936609691477,0.48437175510858654,0.31921333934762497,0.8035850944562115,0.16515841576096157
34.92014002799988,0.7523467038539147,8.827859797769564,-8.07551309391565,0.49614845106785654,0.37255936976172943,0.868707820829586,0.12358908130612711
34.94016623497009,0.563787122488454,8.661897213215651,-8.098110090727197,0.534229463734082,0.36723356017493625,0.9014630239090182,0.16699590355914573
34.96014165878296,0.3756167492228347,8.661897213215651,-8.286280463992817,0.562842233874253,0.34882705354713817,0.9116692874213912,0.21401518032711486
34.98014569282532,0.18711758334936227,8.21272089557252,-8.025603312223158,0.562842233874253,0.34882705354713817,0.9116692874213912,0.21401518032711486
35.000133991241455,-0.0012628376979203818,7.4315048414580165,-7.432767679155937,0.6295684490579879,0.3492783166165462,0.9788467656745341,0.28029013244144174
35.02013921737671,-0.18980258679393555,6.454969498166414,-6.6447720849603495,0.5981275651830947,0.32422518056584504,0.9223527457489398,0.2739023846172497
35.0401554107666,-0.37841567924682146,5.462803723533131,-5.841219402779953,0.5807330671924865,0.2759135745163074,0.8566466417087939,0.30481949267617914
35.06013822555542,-0.5666545574474401,4.581180478826505,-5.147835036273945,0.5626607060659444,0.26020935808075574,0.8228700641467002,0.3024513479851887
35.08013963699341,-0.7549791552268068,3.7528350080612043,-4.507814163288011,0.5626607060659444,0.26020935808075574,0.8228700641467002,0.3024513479851887
35.10014271736145,-0.9432002143869032,2.9143773814489635,-3.857577595835867,0.6326351136196172,0.25397444215370324,0.8866095557733205,0.378660671465914
35.1201376914978,-1.1311961035541394,2.050251905159171,-3.1814480087133106,0.6681215919781244,0.27905247618211415,0.9471740681602385,0.3890691157960102
35.14015483856201,-1.319221618791378,1.1831702741273367,-2.5023918929187143,0.649141375743202,0.23097035174025202,0.880111727483454,0.4181710240029499
35.16014814376831,-1.506814888865416,0.27856746930186926,-1.7853823581672854,0.6736836217570817,0.2804621856356969,0.9541458073927787,0.3932214361213848
35.18015241622925,-1.6942730771727412,0.27856746930186926,-1.9728405464746106,0.6168290160823381,0.28260857613524404,0.8994375922175821,0.33422043994709405
35.20013976097107,-1.881305325691551,-0.7087866495585047,-1.1725186761330464,0.5468290160823381,0.3435595743521115,0.8903885904344496,0.20326944173022665
35.22013711929321,-2.0681343446101383,-1.779919944646804,-0.2882143999633344,0.540954180196277,0.4135595743521115,0.9545137545483884,0.12739460584416545
35.240154504776,-2.2548234743733553,-2.830185955717443,0.5753624813440879,0.5088551418337739,0.43578235963126627,0.9446375014650401,0.07307278220250762
35.26014041900635,-2.4408632663223897,-3.775867514573955,1.3350042482515652,0.4740907476696885,0.48089523026486847,0.954985977934557,-0.0068044825951799615
35.280144929885864,-2.6266907216670328,-4.602725261659164,1.9760345399921313,0.4740907476696885,0.48089523026486847,0.954985977934557,-0.0068044825951799615
35.30014634132385,-2.812074511351357,-5.264211459327331,2.452136947975974,0.496347492695204,0.4603229646547696,0.9566704573499736,0.036024528040434434
35.32013821601868,-2.9969261097822946,-5.793400417461866,2.7964743076795715,0.5122783144068672,0.49514938087901084,1.007427695285878,0.017128933527856383
35.34015488624573,-3.1815332189681023,-6.216751583969493,3.0352183650013904,0.5822783144068673,0.5157032063021323,1.0979815207089996,0.06657510810473499
35.360140562057495,-3.365352421363284,-6.5554325171755945,3.1900800958123106,0.5312482634437039,0.46297222504159424,0.9942204884852981,0.06827603840210966
35.38014888763428,-3.5488483654398246,-6.8087991387404765,3.259950773300652,0.47732255550741703,0.5024029662623068,0.9797255217697238,-0.025080410754889815
35.40014314651489,-3.731655031286425,-6.8087991387404765,3.0771441074540515,0.5015179825824454,0.5271841635718009,1.0287021461542463,-0.02566618098935547
35.420135259628296,-3.913853240972353,-6.976336185992381,3.062482945020028,0.5172398829710438,0.47404487186809985,0.9912847548391437,0.04319501110294399
35.440162658691406,-4.0957538210077935,-6.987318948793906,2.8915651277861123,0.5737165169668152,0.4806159039749762,1.0543324209417915,0.09310061299183903
35.46014165878296,-4.276568645022327,-6.8027457840351255,2.5261771390127983,0.5927929872524693,0.43815507868072,1.0309480659331893,0.1546379085717493
35.48014426231384,-4.456921977643059,-6.479306002228101,2.0223840245850413,0.5927929872524693,0.43815507868072,1.0309480659331893,0.1546379085717493
35.50014519691467,-4.636556368368666,-6.079929176782481,1.443372808413815,0.5647877728444293,0.47059572988888226,1.0353835027333116,0.094192042955547
35.52014899253845,-4.815484061901532,-5.707693341425985,0.8922092795244527,0.5604862229776337,0.44529475586255995,1.0057809788401937,0.11519146711507378
35.54016137123108,-4.99372732519191,-5.4274827981407885,0.43375547294887884,0.4904862229776337,0.4586337724491021,0.9491199954267358,0.03185245052853164
35.56014037132263,-5.170885742877642,-5.185736238512631,0.01485049563498908,0.5139860694360687,0.41237791197141616,0.9263639814074849,0.10160815746465257
35.58013296127319,-5.347348998114725,-4.992338990810105,-0.35501000730462007,0.532494429225917,0.38516592921456305,0.9176603584404801,0.147328500011354
35.600141763687134,-5.523110534613064,-4.8376211926480845,-0.6854893419649795,0.5212786837544992,0.4056974587752482,0.9269761425297474,0.11558122497925094
35.6201446056366,-5.697947174850368,-4.8376211926480845,-0.8603259822022835,0.5912786837544992,0.3507053306116721,0.9419840143661713,0.24057335314282713
35.640161991119385,-5.872009918020767,-4.713846954118468,-1.1581629639022992,0.5547373559203699,0.2940647316887042,0.848802087609074,0.2606726242316657
35.66013860702515,-6.044792129336729,-4.614827563294774,-1.4299645660419547,0.5739363193389728,0.3536156242503783,0.9275519435893511,0.22032069508859453
35.680139780044556,-6.216832660784778,-4.5356120506358195,-1.6812206101489586,0.5484172444668367,0.32214071357389895,0.8705579580407357,0.22627653089293776
35.70014309883118,-6.387909665021935,-4.472239640508655,-1.9156700245132798,0.5437584597495153,0.3644162243022582,0.9081746840517735,0.17934223544725714
35.720142126083374,-6.557941233049666,-4.403963587406924,-2.153977645642742,0.47375845974951536,0.3876013209833762,0.8613597807328915,0.08615713876613917
35.74014401435852,-6.726961427775362,-4.36692086992554,-2.360040557849822,0.45709358594089294,0.3897125179669818,0.8468061039078747,0.06738106797391114
35.76014184951782,-6.894885231744762,-4.337286695940432,-2.5575985358043303,0.4854241504397943,0.4085442813835105,0.8939684318233048,0.0768798690562838
35.78013873100281,-7.06171255928397,-4.313579356752345,-2.7481332025316254,0.4854241504397943,0.4085442813835105,0.8939684318233048,0.0768798690562838
35.800134897232056,-7.22741920125196,-4.294613485401876,-2.932805715850084,0.4154241504397943,0.3421601074538192,0.7575842578936135,0.07326404298597511
35.82014608383179,-7.392108167763822,-4.279440788321501,-3.112667379442321,0.416400752986665,0.32087611209368316,0.7372768650803482,0.09552464089298185
35.840144634246826,-7.555525646799273,-4.279440788321501,-3.2760848584777724,0.3974254168820336,0.33922984253382293,0.7366552594158565,0.058195574348210655
35.8601393699646,-7.7177193649557845,-4.267302630657201,-3.4504167342985834,0.4189586937677815,0.3377828702819532,0.7567415640497347,0.0811758234858283
35.88013935089111,-7.878737073852494,-4.25759210452576,-3.6211449693267337,0.4394201785576298,0.2677828702819532,0.7072030488395831,0.17163730827567664
35.90013766288757,-8.038497361255297,-4.249823683620608,-3.788673677634689,0.4394201785576298,0.2677828702819532,0.7072030488395831,0.17163730827567664
35.92014408111572,-8.197052473993136,-4.243608946896487,-3.953443527096649,0.478469069140847,0.21501750179799256,0.6934865709388396,0.26345156734285446
35.94015693664551,-8.354362735323052,-4.221059032517189,-4.133303702805863,0.44597174509137416,0.2624751595524138,0.708446904643788,0.18349658553896037
35.960145711898804,-8.510165160442444,-4.203019101013752,-4.307146059428692,0.4324365444731667,0.2480512527492827,0.6804877972224495,0.18438529172388402
35.98013782501221,-8.664650919156356,-4.188587155811002,-4.476063763345354,0.4324365444731667,0.2480512527492827,0.6804877972224495,0.18438529172388402
36.00013542175293,-8.817811317001034,-4.177041599648802,-4.640769717352232,0.47452939304232145,0.1992839282122439,0.6738133212545654,0.27524546483007756
36.020134925842285,-8.96959402316679,-4.167805154719042,-4.8017888684477485,0.4922450464469149,0.1316455906000918,0.6238906370470068,0.3605994558468231
36.040170431137085,-9.12022978055572,-4.160415998775234,-4.959813781780486,0.4987138742831304,0.07615049236686883,0.5748643666499993,0.4225633819162616
36.060155153274536,-9.269043930222356,-4.160415998775234,-5.108627931447122,0.4987138742831304,0.07615049236686883,0.5748643666499993,0.4225633819162616
36.0801465511322,-9.416445600822897,-4.154504674020187,-5.261940926802709,0.4287138742831304,0.10153295339317975,0.5302468276763102,0.32718092088995065
36.100141763687134,-9.562389284319561,-4.16735373921615,-5.395035545103411,0.4739305892464473,0.0382810920220798,0.5122116812685271,0.4356494972243675
36.12014055252075,-9.706849375216951,-4.265523616372921,-5.44132575884403,0.48390379487245827,0.04785952397854981,0.531763318851008,0.43604427089390846
36.140143394470215,-9.849805637676358,-4.590153268098336,-5.2596523695780215,0.5066007593151882,0.056409095015842285,0.5630098543310305,0.45019166429934593
36.16014051437378,-9.991165834947774,-5.16626323947867,-4.824902595469104,0.4366007593151882,0.11630715110572037,0.5529079104209086,0.32029360820946784
36.1801393032074,-10.130960365310033,-5.943557466582935,-4.187402898727098,0.4199696198728636,0.10273273342521844,0.522702353298082,0.31723688644764514
36.20013356208801,-10.269124173394939,-6.82906472326635,-3.4400594501285893,0.41318270300223975,0.1646796470251864,0.5778623500274261,0.24850305597705336
36.22013807296753,-10.405736891256904,-7.78356427861308,-2.6221726126438236,0.3827634408761516,0.18737319165142235,0.570136632527574,0.19539024922472925
36.24013614654541,-10.540662516106106,-8.845992047890466,-1.6946704682156408,0.3725557002861753,0.17921890185447392,0.5517746021406492,0.19333679843170137
36.260143756866455,-10.673987118563952,-9.959606138312372,-0.7143809802515797,0.3391260739107385,0.20640592330368218,0.5455319972144207,0.13272015060705633
36.28014254570007,-10.805567226542376,-9.959606138312372,-0.8459610882300037,0.3003593582351461,0.2384859813121146,0.5388453395472607,0.06187337692303149
36.30013966560364,-10.935430450417698,-11.008700535649899,0.0732700852322008,0.35733871270611434,0.24648445152910406,0.6038231642352184,0.11085426117701028
36.32013916969299,-11.063582513935271,-11.830397928519918,0.7668154145846469,0.35733871270611434,0.24648445152910406,0.6038231642352184,0.11085426117701028
36.340166330337524,-11.190161178109216,-12.487755842815934,1.2975946647067182,0.34809330214455275,0.25202475448371825,0.600118056628271,0.0960685476608345
36.36014103889465,-11.314643439972976,-13.013642174252748,1.6989987342797725,0.30443979535892157,0.30937726010801253,0.6138170554669341,-0.0049374647490909584
36.380146980285645,-11.437533954914553,-13.399194989402199,1.961661034487646,0.3744397953589216,0.2954053977248257,0.6698451930837472,0.07903439763409587
36.400142431259155,-11.558554262476394,-13.531855991521759,1.9733017290453656,0.3744397953589216,0.2954053977248257,0.6698451930837472,0.07903439763409587
36.420138359069824,-11.677752991119968,-13.286422293217408,1.6086693020974394,0.41193966646387725,0.2494047494349068,0.661344415898784,0.16253491702897047
36.44016170501709,-11.795268060155324,-12.738512834573926,0.9432447744186021,0.379403394504334,0.18277755991788563,0.5621809544222196,0.1966258345864484
36.460137605667114,-11.910644361742253,-12.018935267659144,0.10829090591689017,0.35547918532684,0.16941654083551821,0.5248957261623581,0.18606264449132176
36.480138301849365,-12.024284075419708,-11.285070089127316,-0.7392139862923912,0.35547918532684,0.16941654083551821,0.5248957261623581,0.18606264449132176
36.50014638900757,-12.136065822134864,-11.285070089127316,-0.8509957330075473,0.3610846897092417,0.17669204768957553,0.5377767373988172,0.18439264201966615
36.52016353607178,-12.24597890381855,-10.662821696301855,-1.5831572075166953,0.3540412442263916,0.13146564510883746,0.48550688933522906,0.22257559911755415
36.54014730453491,-12.35377645810805,-10.182601107041483,-2.171175351066566,0.3794347246614054,0.11604884692700562,0.495483571588411,0.26338587773439975
36.560144662857056,-12.459697689209191,-9.798424635633188,-2.6612730535760036,0.4153300871577814,0.12219470094190893,0.5375247880996903,0.2931353862158725
36.580161333084106,-12.56375134425895,-9.49108345850655,-3.0726678857524004,0.3564467517164305,0.12366779993521032,0.4801145516516408,0.23277895178122016
36.600152015686035,-12.665686511355771,-9.245210516805239,-3.4204759945505323,0.29490710268437414,0.1264437335287219,0.42135083621309605,0.16846336915565224
36.62014579772949,-12.765638821713791,-9.066090288444194,-3.6995485332695974,0.33003134871542006,0.0922674397681838,0.42229878848360386,0.23776390894723626
36.64016556739807,-12.863702523251895,-8.940372230755356,-3.923330292496539,0.3658388241630748,0.09242829646449519,0.45826712062756997,0.2734105276985796
36.66014289855957,-12.959529478936776,-8.857375909604285,-4.102153569332492,0.42286389912187605,0.1003755607036872,0.5232394598255632,0.32248833841818886
36.68013644218445,-13.053389888540291,-8.861291352683427,-4.192098535856864,0.42286389912187605,0.1003755607036872,0.5232394598255632,0.32248833841818886
36.70015025138855,-13.145282346703171,-9.005048707146742,-4.140233639556429,0.48992172474681883,0.1364955060509963,0.6264172307978151,0.3534262186958225
36.72018623352051,-13.235194489969055,-9.005048707146742,-4.230145782822314,0.4199217247468188,0.19512839395087195,0.6150501186976908,0.22479333079594688
36.74016833305359,-13.32277578189632,-9.295835840717395,-4.0269399411789255,0.41923708187358005,0.20816205314826203,0.6273991350218421,0.21107502872531803
36.760146379470825,-13.408239892359747,-9.669090547573916,-3.7391493447858313,0.4623269894899569,0.21158055973704887,0.6739075492270057,0.250746429752908
36.78013777732849,-13.491646326827585,-10.090741188059134,-3.400905138768451,0.4623269894899569,0.21158055973704887,0.6739075492270057,0.250746429752908
36.80013608932495,-13.572951846860553,-10.533530450447307,-3.039421396413246,0.4856201605679236,0.2263867213716729,0.7120068819395965,0.25923343919625075
36.82014584541321,-13.652159087317333,-10.922918110357845,-2.7292409769594883,0.43650257306115253,0.25821274810936284,0.6947153211705154,0.1782898249517897
36.84013748168945,-13.729139597819756,-11.234428238286275,-2.494711359533481,0.5036231474758825,0.27069134836550784,0.7743144958413903,0.2329317991103747
36.86013460159302,-13.803974153892376,-11.466058215629022,-2.337915938263354,0.5036231474758825,0.27069134836550784,0.7743144958413903,0.2329317991103747
36.880143880844116,-13.876673043360167,-11.633784072503218,-2.2428889708569493,0.542943523246213,0.23333018099423483,0.7762737042404478,0.3096133422519781
36.90013647079468,-13.947120721405037,-11.750386633002575,-2.1967340884024615,0.5603326381923399,0.26806242590304447,0.8283950640953843,0.29227021228929545
36.92014479637146,-14.01542046474704,-11.843668681402061,-2.1717517833449786,0.562263571638032,0.26803324983142357,0.8302968214694555,0.2942303218066084
36.94014501571655,-14.081478843945332,-11.843668681402061,-2.237810162543271,0.562263571638032,0.26803324983142357,0.8302968214694555,0.2942303218066084
36.960150957107544,-14.145331489519737,-11.90071619512165,-2.2446152943980877,0.5738769527332626,0.2587374863835428,0.8326144391168053,0.31513946634971973
36.98015117645264,-14.206931792730519,-11.92877608109732,-2.2781557116331985,0.6245581265346847,0.2523355456689749,0.8768936722036595,0.37222258086570975
37.000144958496094,-14.266269864779195,-11.951223989877857,-2.3150458749013385,0.6246821820776678,0.2251333306232844,0.8498155127009521,0.3995488514543834
37.02013874053955,-14.323356527987281,-11.969182316902286,-2.3541742110849952,0.6042780183296419,0.2789844917754088,0.8832625101050506,0.3252935265542331
37.04014182090759,-14.378207743635175,-11.98354897852183,-2.394658765113345,0.6218861319165445,0.3134580152729903,0.9353441471895347,0.30842811664355424
37.06013631820679,-14.430765700998206,-11.995042307817465,-2.4357233931807407,0.5870636642019964,0.26863402600087266,0.855697690202869,0.31842963820112374
37.08014512062073,-14.481081282957474,-12.004236971253972,-2.476844311703502,0.5870636642019964,0.26863402600087266,0.855697690202869,0.31842963820112374
37.100135803222656,-14.529065666010142,-12.01159270200318,-2.517472964006963,0.5416684649925447,0.2777157603452359,0.8193842253377805,0.26395270464730886
37.12013792991638,-14.574783377948824,-12.017477286602544,-2.5573060913462804,0.5047983691137052,0.3477157603452359,0.8525141294589411,0.15708260876846936
37.14013385772705,-14.61818597545911,-12.022184954282038,-2.596001021177072,0.5747983691137053,0.3250753122816239,0.8998736813953292,0.2497230568320814
37.16014552116394,-14.659312560985905,-12.022184954282038,-2.637127606703867,0.5745968192233706,0.2790053512404118,0.8536021704637824,0.29559146798295877
37.1801393032074,-14.698087929056484,-12.02595108842563,-2.672136840630854,0.5745968192233706,0.2790053512404118,0.8536021704637824,0.29559146798295877
37.20014476776123,-14.734564363792009,-12.028963995740504,-2.7056003680515044,0.5986524082138205,0.3267883758495007,0.9254407840633212,0.2718640323643198
37.2201361656189,-14.768689576356259,-12.031374321592406,-2.7373152547638533,0.603649303072598,0.29961616615451914,0.9032654692271171,0.3040331369180789
37.240161657333374,-14.800536878230396,-12.033302582273924,-2.767234295956472,0.5668693741201425,0.23752444307006934,0.8043938171902119,0.3293449310500731
37.26014709472656,-14.82998437074394,-12.03484519081914,-2.7951391799247993,0.5986256895004773,0.2744124166170512,0.8730381061175285,0.32421327288342616
37.28014278411865,-14.857106751242103,-12.036079277655313,-2.82102747358679,0.5986256895004773,0.2744124166170512,0.8730381061175285,0.32421327288342616
37.300140380859375,-14.881886285018773,-12.019488422124251,-2.8623978628945217,0.6122087992145682,0.21480834181107622,0.8270171410256444,0.39740045740349195
37.32013559341431,-14.904313827153006,-12.006215737699403,-2.898098089453603,0.6232990880846048,0.24787802318729504,0.8711771112718998,0.37542106489730975
37.340142011642456,-14.924399522256968,-12.013175715159523,-2.9112238070974445,0.6769590636133218,0.2500647422826294,0.9270238058959512,0.4268943213306924
37.36013603210449,-14.94211671416165,-12.018743697127618,-2.923373017034031,0.6628390995203519,0.32006474228262943,0.9829038418029814,0.3427743572377225
37.38013672828674,-14.95748051737718,-12.018743697127618,-2.938736820249561,0.6628390995203519,0.32006474228262943,0.9829038418029814,0.3427743572377225
37.40014600753784,-14.970487268747508,-12.023198082702095,-2.9472891860454133,0.6215879504918123,0.3512760141646866,0.9728639646564989,0.27031193632712563
37.42015552520752,-14.981127925209222,-12.026761591161678,-2.9543663340475437,0.6883863469003701,0.2996167877471451,0.9880031346475153,0.38876955915322503
37.440147399902344,-14.989394384953787,-12.029612397929343,-2.959781987024444,0.7,0.31582049855649513,1.0158204985564951,0.3841795014435048
37.460137367248535,-14.995295318220217,-12.031893043343475,-2.963402274876742,0.6498911686241626,0.38582049855649514,1.0357116671806579,0.2640706700676675
37.48013687133789,-14.99883181755802,-12.03371755967478,-2.96511425788324,0.6498911686241626,0.38582049855649514,1.0357116671806579,0.2640706700676675
37.50013065338135,-14.99999994945685,-12.035177172739827,-2.964822776717023,0.7,0.3829832906896625,1.0829832906896626,0.31701670931033743
37.52013969421387,-14.998799060997687,-12.036344863191863,-2.9624541978058243,0.7,0.32808358325310094,1.028083583253101,0.371916416746899
37.54014611244202,-14.995228169973545,-12.03727901555349,-2.9579491544200547,0.7,0.26653125240154607,0.966531252401546,0.4334687475984539
37.56013488769531,-14.989294120751506,-12.038026337442794,-2.9512677833087118,0.6971675928682088,0.240372694196776,0.9375402870649848,0.45679489867143286
37.580142974853516,-14.980986584108338,-12.021046069954236,-2.959940514154102,0.6860247951000928,0.310372694196776,0.9963974892968688,0.37565210090331685
37.60013675689697,-14.970319940244323,-12.021046069954236,-2.949273870290087,0.6860247951000928,0.310372694196776,0.9963974892968688,0.37565210090331685
37.62014055252075,-14.957283661949248,-12.00746185596339,-2.9498218059858576,0.6738941863179206,0.312855406698436,0.9867495930163566,0.36103877961948466
37.64014434814453,-14.941884558601162,-11.996594484770714,-2.9452900738304475,0.6266038872301578,0.24285540669843594,0.8694592939285938,0.38374848053172184
37.66013813018799,-14.924134542979134,-11.987900587816572,-2.936233955162562,0.6862044751644134,0.2706673716722433,0.9568718468366567,0.4155371034921701
37.680158376693726,-14.904001127211377,-11.98094547025326,-2.923055656958116,0.6285304360091686,0.24026963427349968,0.8688000702826683,0.3882608017356689
37.700151681900024,-14.881541279723761,-11.97538137620261,-2.906159903521152,0.6294423825340345,0.24800260211959524,0.8774449846536297,0.38143978041443927
37.72014760971069,-14.85672962924987,-11.97093010096209,-2.88579952828778,0.6436708149733021,0.24122490813642783,0.88489572310973,0.4024459068368743
37.74015522003174,-14.829556333373649,-11.967369080769673,-2.8621872526039756,0.6436708149733021,0.24122490813642783,0.88489572310973,0.4024459068368743
37.76015305519104,-14.80005448874967,-11.98209838961574,-2.81795609913393,0.6754604269983246,0.2190514047226314,0.894511831720956,0.45640902227569324
37.78014850616455,-14.768219984787986,-11.993881836692593,-2.774338148095394,0.7,0.25126939532965464,0.9512693953296546,0.4487306046703453
37.80013966560364,-14.734062050930639,-12.003308594354076,-2.730753456576563,0.7,0.27267108937412543,0.9726710893741254,0.4273289106258745
37.82013487815857,-14.697571862316966,-12.003308594354076,-2.6942632679628904,0.7,0.2984819606474046,0.9984819606474046,0.40151803935259534
37.84015512466431,-14.658711826208897,-12.028428125483261,-2.630283700725636,0.7,0.2984819606474046,0.9984819606474046,0.40151803935259534
37.8601598739624,-14.61756509211376,-12.066101875386611,-2.5514632167271483,0.6747556829825043,0.26202593823581977,0.9367816212183241,0.41272974474668456
37.88014578819275,-14.574150977904454,-12.113819000309288,-2.4603319775951658,0.6603292131796479,0.25832157405711753,0.9186507872367654,0.40200763912253035
37.900144815444946,-14.528407931545075,-12.15199270024743,-2.3764152312976456,0.6504403183236718,0.212127240474001,0.8625675587976728,0.4383130778496708
37.920143127441406,-14.480372663266783,-12.182531660197943,-2.2978410030688394,0.6660434825345873,0.16089674281574828,0.8269402253503356,0.505146739718839
37.94017148017883,-14.429973855319636,-12.206962828158355,-2.223011027161281,0.6457910927012562,0.18173506493367297,0.8275261576349292,0.46405602776758326
37.96014738082886,-14.377430872856541,-12.226507762526683,-2.150923110329858,0.651622718013823,0.21593543897070033,0.8675581569845233,0.43568727904312265
37.98022222518921,-14.322345900841224,-12.242143710021347,-2.080202190819877,0.6493328041862696,0.20231412361063106,0.8516469277969007,0.44701868057563854
38.00026297569275,-14.26508165492734,-12.254652468017078,-2.0104291869102617,0.6173365689348429,0.1885476569706951,0.805884225905538,0.4287889119641478
38.0201530456543,-14.206011573336154,-12.264659474413664,-1.94135209892249,0.5901249121408909,0.180095934408382,0.7702208465492729,0.4100289777325089
38.04016470909119,-14.144341311354701,-12.264659474413664,-1.879681836941037,0.660124912140891,0.19534766683973415,0.8554725789806251,0.4647772453011568
38.06014537811279,-14.08053559134661,-12.272665079530931,-1.807870511815679,0.6476685192715377,0.19078048002593262,0.8384489992974703,0.45688803924560506
38.080145835876465,-14.014444200309192,-12.296647688624745,-1.7177965116844476,0.6511648234259337,0.12512033116690857,0.7762851545928423,0.5260444922590252
38.10014009475708,-13.946161176630483,-12.403724400899797,-1.5424367757306854,0.7,0.12580077697675718,0.8258007769767571,0.5741992230232428
38.12014627456665,-13.875634478433888,-12.612432645719839,-1.2632018327140493,0.6299999999999999,0.14303837691586507,0.773038376915865,0.4869616230841348
38.140148878097534,-13.802928496870909,-12.90244611657587,-0.9004823802950384,0.6299999999999999,0.14303837691586507,0.773038376915865,0.4869616230841348
38.16014122962952,-13.728081243468822,-13.239925643260698,-0.488155600208124,0.6360497326776384,0.21303837691586508,0.8490881095935034,0.42301135576177334
38.18014097213745,-13.651038954441619,-13.615378014608558,-0.03566093983306118,0.6121832133457064,0.23268829976361288,0.8448715131093192,0.3794949135820935
38.20014834403992,-13.57181044190412,-14.073943036686847,0.5021325947827275,0.5919521079584955,0.2735406452898313,0.8654927532483268,0.3184114626686642
38.22016644477844,-13.49039299399703,-14.56384192934948,1.0734489353524488,0.622285725660622,0.254832954529338,0.87711868018996,0.367452771131284
38.24016737937927,-13.406913957554893,-15.026073543479583,1.61915958592469,0.6721447092667221,0.2057374766204883,0.8778821858872103,0.4664072326462338
38.260143756866455,-13.321424003884744,-15.026073543479583,1.7046495395948398,0.6436726861819624,0.20758845788579477,0.8512611440677571,0.4360842282961676
38.28015637397766,-13.233674613889066,-15.378280709783667,2.1446060958946003,0.6436726861819624,0.20758845788579477,0.8512611440677571,0.4360842282961676
38.30014157295227,-13.143957347791094,-15.660046442826934,2.5160890950358397,0.6394659482128917,0.15865717214684977,0.7981231203597414,0.48080877606604194
38.32013821601868,-13.052114416946546,-15.867880904261549,2.8157664873150026,0.5694659482128916,0.19761073720794214,0.7670766854208337,0.3718552110049495
38.34015345573425,-12.958122814359097,-16.03414847340924,3.076025659050142,0.548087809178978,0.26761073720794215,0.8156985463869202,0.2804770719710359
38.36014246940613,-12.862209031534148,-16.167162528727395,3.3049534971932477,0.53260325262323,0.2702067467306186,0.8028099993538487,0.26239650589261143
38.38014101982117,-12.764219177452068,-16.273573772981916,3.5093545955298477,0.4626032526232301,0.24097768877785697,0.7035809414010871,0.22162556384537313
38.400147914886475,-12.664171850474624,-16.358702768385534,3.6945309179109103,0.5162723625637589,0.3019277035180856,0.8182000660818445,0.21434465904567324
38.42014193534851,-12.562189633961388,-16.42680596470843,3.8646163307470403,0.546199100334197,0.37192770351808563,0.9181268038522827,0.17427139681611142
38.44019174575806,-12.45793203351574,-16.481288521766746,4.023356488251006,0.5920004753954706,0.35516094674509063,0.9471614221405613,0.23683952865038
38.460161447525024,-12.352125740423913,-16.5248745674134,4.172748826989485,0.6056719042919574,0.2851609467450906,0.890832851037048,0.32051095754686676
38.48016119003296,-12.244211260902434,-16.5248745674134,4.280663306510965,0.6756719042919574,0.23792867650430694,0.9136005807962644,0.4377432277876505
38.50014638900757,-12.134443906447812,-16.524587153930717,4.390143247482905,0.6756719042919574,0.23792867650430694,0.9136005807962644,0.4377432277876505
38.52014994621277,-12.022659754544001,-16.366154098144577,4.343494343600575,0.7,0.2501910432164003,0.9501910432164002,0.44980895678359967
38.540141582489014,-11.90904472042136,-16.046048278515663,4.137003558094303,0.7,0.21957669322531714,0.9195766932253171,0.4804233067746828
38.56013774871826,-11.793524300962682,-15.64933862281253,3.8558143218498486,0.6785841554403305,0.17088934694569602,0.8494735023860265,0.5076948084946344
38.58014488220215,-11.676077373500966,-15.279236523250027,3.603159149749061,0.6785841554403305,0.17088934694569602,0.8494735023860265,0.5076948084946344
38.60013818740845,-11.556868426221001,-14.983154843600023,3.4262864173790213,0.6947998467832803,0.20004954849522605,0.8948493952785064,0.4947502982880543
38.62014627456665,-11.435745582085135,-14.74628949988002,3.3105439177948845,0.7,0.26332043026726737,0.9633204302672673,0.4366795697327326
38.640151023864746,-11.312836098008361,-14.556797224904017,3.2439611268956554,0.7,0.26332043026726737,0.9633204302672673,0.4366795697327326
38.66014790534973,-11.188188729101348,-14.422781529923215,3.2345928008218667,0.6811903666704893,0.2706430895176162,0.9518334561881054,0.4105472771528731
38.68014693260193,-11.061761507529646,-14.422781529923215,3.3610200223935696,0.6187053944915533,0.25406750719215765,0.8727729016837109,0.3646378872993956
38.70014834403992,-10.933572291918683,-14.315568973938573,3.3819966820198903,0.6441813994199037,0.2743442082699765,0.9185256076898802,0.3698371911499272
38.720147132873535,-10.803673441812352,-14.229798929150858,3.4261254873385063,0.6441813994199037,0.2743442082699765,0.9185256076898802,0.3698371911499272
38.74014449119568,-10.672078247228347,-14.161182893320687,3.48910464609234,0.6748691711574792,0.3401375139054288,1.015006685062908,0.33473165725205045
38.760148763656616,-10.538751882076983,-14.10629006465655,3.5675381825795665,0.6412702899426221,0.35504021643813743,0.9963105063807596,0.2862300735044847
38.7801456451416,-10.403810794789635,-14.06237580172524,3.6585650069356053,0.7,0.39488012864407196,1.094880128644072,0.305119871355928
38.80013561248779,-10.26727484403347,-14.027244391380192,3.7599695473467225,0.7,0.41239243148978844,1.1123924314897884,0.2876075685102115
38.82014322280884,-10.128996553753893,-13.999139263104155,3.8701427093502616,0.7,0.41239243148978844,1.1123924314897884,0.2876075685102115
38.84014272689819,-9.989174554197238,-13.976655160483324,3.987480606286086,0.7,0.3713360033851494,1.0713360033851493,0.3286639966148506
38.860137939453125,-9.847805735764783,-13.95866787838666,4.110862142621876,0.7,0.3990498460751404,1.0990498460751403,0.3009501539248596
38.88014507293701,-9.704796910657931,-13.926699927709329,4.221903017051398,0.7,0.40562592595037117,1.1056259259503711,0.2943740740496288
38.900139570236206,-9.560346262103211,-13.883547442167464,4.3232011800642525,0.7,0.3829736389141907,1.0829736389141906,0.3170263610858093
38.92014122009277,-9.41433427387062,-13.883547442167464,4.469213168296843,0.6836277663707733,0.36239886618372097,1.0460266325544942,0.3212289001870523
38.94013810157776,-9.266870746757961,-13.761134828733972,4.494264081976011,0.6836277663707733,0.36239886618372097,1.0460266325544942,0.3212289001870523
38.96013593673706,-9.117937192649878,-13.54015786298718,4.4222206703373015,0.7,0.3613527909309049,1.0613527909309048,0.33864720906909507
38.98013973236084,-8.96751909048321,-13.310641915389743,4.3431228249065335,0.6288610032014548,0.4029719828084488,1.0318329860099036,0.22588902039300596
39.000147581100464,-8.815653469291108,-13.127029157311796,4.3113756880206875,0.595587310027331,0.3329719828084488,0.9285592928357798,0.2626153272188822
39.02014493942261,-8.662475378135674,-12.980138950849438,4.317663572713764,0.5634544125013052,0.2805718334034462,0.8440262459047514,0.282882579097859
39.0401611328125,-8.507783542943198,-12.862626785679552,4.354843242736354,0.5593722021393477,0.24818930044923018,0.8075615025885778,0.31118290169011753
39.060142517089844,-8.352018564127743,-12.768617053543643,4.4165984894159,0.5593722021393477,0.24818930044923018,0.8075615025885778,0.31118290169011753
39.08014893531799,-8.19473954184222,-12.693409267834914,4.498669725992695,0.585854957574047,0.27640358094278766,0.8622585385168346,0.3094513766312594
39.1001455783844,-8.036243436042334,-12.633243039267933,4.5969996032255995,0.515854957574047,0.30288698446158363,0.8187419420356306,0.21296797311246335
39.12014603614807,-7.876448142966163,-12.585110056414347,4.708661913448184,0.4676080039376392,0.23388586860302882,0.701493872540668,0.23372213533461036
39.14014768600464,-7.71539937545883,-12.585110056414347,4.869710680955517,0.44949730212334527,0.20939625721577598,0.6588935593391212,0.24010104490756928
39.16014003753662,-7.553207769567917,-12.54660367013148,4.993395900563563,0.4462104198196901,0.23461115840975239,0.6808215782294424,0.21159926140993773
39.180145025253296,-7.389720698574673,-12.533376686105184,5.143655987530511,0.4520203578891231,0.16461115840975238,0.6166315162988755,0.2874091994793707
39.20013689994812,-7.225174428685672,-12.522795098884147,5.297620670198476,0.41820138652343286,0.18826299298707438,0.6064643795105072,0.22993839353635848
39.220147132873535,-7.059335483775211,-12.51432982910732,5.454994345332109,0.388121528145857,0.19634011712078048,0.5844616452666375,0.1917814110250765
39.240171670913696,-6.89226089975688,-12.507557613285854,5.615296713528974,0.33038385730702413,0.15704135921005202,0.48742521651707615,0.1733424980969721
39.260140895843506,-6.724561272207257,-12.519717965628686,5.795156693421429,0.37826833647210134,0.13422282550636722,0.5124911619784686,0.24404551096573412
39.28014850616455,-6.555477629790641,-12.52944624750295,5.973968617712309,0.36014205735642446,0.15183908257786227,0.5119811399342867,0.2083029747785622
39.300159215927124,-6.3853315808824735,-12.55480699800236,6.169475417119887,0.43014205735642447,0.17516019333306743,0.6053022506894918,0.25498186402335704
39.320148229599,-6.214362241636345,-12.575095598401889,6.360733356765544,0.43724711820948853,0.1465266267598052,0.5837737449692937,0.2907204914496833
39.34013772010803,-6.042408547025596,-12.608904603721513,6.566496056695916,0.3672471182094885,0.1680729440242429,0.5353200622337314,0.19917417418524563
39.36013698577881,-5.869416905780212,-12.608904603721513,6.739487697941301,0.3672471182094885,0.1680729440242429,0.5353200622337314,0.19917417418524563
39.38014459609985,-5.695425726926684,-12.65352993297721,6.9581042060505265,0.4350935132848097,0.19476997431520415,0.6298634876000139,0.24032353896960557
39.400136947631836,-5.520668206368743,-12.68923019638177,7.168561990013027,0.4356741937831974,0.19182627902519,0.6275004728083874,0.24384791475800738
39.42014217376709,-5.344926199522567,-12.717790407105417,7.372864207582849,0.5056741937831974,0.2228533334393431,0.7285275272225405,0.28282086034385434
39.44013547897339,-5.168445197886924,-12.758216700684335,7.589771502797411,0.5056741937831974,0.2228533334393431,0.7285275272225405,0.28282086034385434
39.46013569831848,-4.991087134094655,-12.790557735547468,7.799470601452813,0.43567419378319744,0.24744165384363428,0.6831158476268318,0.18823253993956315
39.4801390171051,-4.812913235480306,-12.816430563437976,8.00351732795767,0.4763384456769562,0.2811325311024119,0.7574709767793681,0.19520591457454434
39.500133752822876,-4.634056006298192,-12.837128825750382,8.203072819452188,0.4743615819630212,0.2869272485670079,0.7612888305300292,0.1874343333960133
39.52013683319092,-4.454392292443752,-12.836109310600305,8.381717018156554,0.43248115317197505,0.2946792447302867,0.7271603979022618,0.13780190844168833
39.54015064239502,-4.273928036342457,-12.817715573480244,8.543787537137788,0.43248115317197505,0.2946792447302867,0.7271603979022618,0.13780190844168833
39.56014275550842,-4.092984666772506,-12.803000583784197,8.710015917011692,0.5024811531719751,0.2679857981685926,0.7704669513405676,0.23449535500338248
39.58014678955078,-3.9112870118666114,-12.803000583784197,8.891713571917585,0.5177356590819544,0.3014975075904657,0.8192331666724201,0.21623815149148873
39.60014820098877,-3.728995411717643,-12.773650467027359,9.044655055309716,0.5382330612582154,0.35906143834035886,0.8972944995985742,0.1791716229178565
39.62014675140381,-3.5461410770140978,-12.732592248621888,9.18645117160779,0.5611561843496746,0.42906143834035887,0.9902176226900334,0.13209474600931576
39.64014458656311,-3.3627334162422207,-12.68216754889751,9.319434132655289,0.5716166206938214,0.4009343380216886,0.9725509587155099,0.17068228267213276
39.66014361381531,-3.178783875802978,-12.64182778911801,9.463043913315031,0.5750525628053582,0.4709343380216886,1.0459869008270468,0.10411822478366961
39.68014168739319,-2.994341224629777,-12.59197785629441,9.597636631664633,0.5750525628053582,0.4709343380216886,1.0459869008270468,0.10411822478366961
39.70013618469238,-2.809458932509795,-12.51694166003553,9.707482727525734,0.6450525628053583,0.5122329546992113,1.1572855175045695,0.132819608106147
39.72013568878174,-2.6240867781443873,-12.369022078028424,9.744935299884038,0.6494628720567561,0.5467958106581499,1.196258682714906,0.10266706139860626
39.74014449119568,-2.4382138014819477,-12.16279578742274,9.724581985940791,0.6872116856859065,0.4767958106581499,1.1640074963440563,0.2104158750277566
39.760149240493774,-2.2519932303750108,-11.874767879938194,9.622774649563183,0.6985006731585599,0.5000971624736119,1.1985978356321718,0.198403510684948
39.78014135360718,-2.065534833298038,-11.486142428950554,9.420607595652516,0.6635866080061532,0.436867936897688,1.1004545449038412,0.22671867110846522
39.80013918876648,-1.878697017175987,-11.486142428950554,9.607445411774567,0.6635866080061532,0.436867936897688,1.1004545449038412,0.22671867110846522
39.82013750076294,-1.6915581318191866,-11.034617068160445,9.343058936341258,0.6289574809954501,0.48405919728022107,1.1130166782756712,0.14489828371522906
39.84013795852661,-1.504132053464599,-10.585506154528357,9.081374101063759,0.6289574809954501,0.48405919728022107,1.1130166782756712,0.14489828371522906
39.86013436317444,-1.3165064966587794,-10.155904923622685,8.839398426963907,0.5807517216191627,0.4946461454142261,1.0753978670333888,0.08610557620493658
39.880133390426636,-1.1286484755589155,-9.741911438898148,8.613262963339233,0.5760356801212765,0.4528670221675564,1.0289027022888328,0.12316865795372006
39.90014672279358,-0.9404776878867562,-9.393138526118518,8.452660838231761,0.5820307446294464,0.44783516359668263,1.029865908226129,0.13419558103276374
39.920148849487305,-0.7522636679249827,-9.114120195894815,8.361856527969833,0.6268877027207054,0.4612501435090232,1.0881378462297286,0.16563755921168216
39.94013953208923,-0.5640386133039812,-8.890905531715854,8.326866918411872,0.6712862750166095,0.5089989066232372,1.1802851816398467,0.16228736839337232
39.960134744644165,-0.37568189300815436,-8.712333800372683,8.336651907364528,0.6712862750166095,0.5089989066232372,1.1802851816398467,0.16228736839337232
39.98013663291931,-0.1872029643047793,-8.569476415298148,8.382273450993369,0.7,0.5385067354996134,1.2385067354996133,0.1614932645003866
40.00013542175293,0.0012763199508909221,-8.455190507238518,8.45646682718941,0.6299999999999999,0.6067600887377191,1.236760088737719,0.023239911262280755
40.02016735076904,0.19006771651259716,-8.455190507238518,8.645258223751116,0.6215070794522761,0.5686200711984564,1.1901271506507325,0.052887008253819756
40.04017353057861,0.3785864000746312,-8.363761780790815,8.742348180865447,0.6915070794522762,0.6386200711984564,1.3301271506507326,0.052887008253819756
40.0601749420166,0.5670003547826246,-8.290618799632652,8.857619154415277,0.7,0.640394064566717,1.340394064566717,0.059605935433282964
40.080172061920166,0.7552843654736348,-8.232104414706122,8.987388780179757,0.7,0.6561408945979927,1.3561408945979927,0.043859105402007215
40.10016441345215,0.9434042904883083,-8.185292906764898,9.128697197253206,0.6993384394911117,0.6745759760650252,1.373914415556137,0.024762463426086567
40.12015771865845,1.1313843175140863,-8.147843700411919,9.279228017926005,0.7,0.7,1.4,0.0
40.1401584148407,1.319255193813185,-8.117884335329535,9.43713952914272,0.7,0.7,1.4,0.0
40.16015958786011,1.5069222012691845,-8.093916843263628,9.600839044532812,0.7,0.7,1.4,0.0
40.18014335632324,1.6941882359809783,-8.057164724610903,9.75135296059188,0.7,0.7,1.4,0.0
40.2001428604126,1.8813343065728034,-7.957450529688724,9.838784836261528,0.7,0.7,1.4,0.0
40.22014808654785,2.0682367213287796,-7.789788548750979,9.858025270079757,0.7,0.7,1.4,0.0
40.24016189575195,2.2548923411398745,-7.789788548750979,10.044680889890852,0.7,0.6624040573835372,1.3624040573835372,0.03759594261646271
40.26015591621399,2.441007377230446,-7.602924589000783,10.043931966231229,0.7,0.7,1.4,0.0
40.28014135360718,2.6266575368340277,-7.400699046200627,10.027356583034654,0.7,0.7,1.4,0.0
40.30013704299927,2.8119884304195106,-7.203762361960502,10.015750792380013,0.7,0.7,1.4,0.0
40.3201379776001,2.996923908045607,-7.011056764568401,10.007980672614009,0.7,0.6299999999999999,1.3299999999999998,0.07000000000000006
40.340161085128784,3.1815903127680873,-6.8393141616547215,10.020904474422808,0.7,0.6299999999999999,1.3299999999999998,0.07000000000000006
40.36015558242798,3.365490375996561,-6.701920079323777,10.067410455320339,0.7,0.5844331654906272,1.2844331654906271,0.11556683450937277
40.3801486492157,3.5488461821920207,-6.574426688459022,10.123272870651043,0.6299999999999999,0.5909199292026459,1.2209199292026458,0.03908007079735398
40.400142192840576,3.731646325697964,-6.472431975767218,10.204078301465183,0.6613006155192851,0.5868501459434627,1.2481507614627478,0.07445046957582235
40.42014765739441,3.913966039432084,-6.390836205613774,10.304802245045858,0.6613006155192851,0.5868501459434627,1.2481507614627478,0.07445046957582235
40.44015312194824,4.095667354772204,-6.32555958949102,10.421226944263225,0.6490731631591915,0.6568501459434628,1.3059233091026543,-0.007776982784271302
40.46015214920044,4.27666341133158,-6.32555958949102,10.6022230008226,0.6456341500114648,0.6890607306733727,1.3346948806848375,-0.043426580661907854
40.48014712333679,4.456947724360527,-6.273338296592817,10.730286020953343,0.6189200057368724,0.6685885058715939,1.2875085116084664,-0.04966850013472146
40.500136613845825,4.6364794362745405,-6.231561262274254,10.868040698548795,0.6844723372440784,0.7,1.3844723372440784,-0.015527662755921545
40.520134687423706,4.815356375568495,-6.198139634819403,11.013496010387897,0.6144723372440783,0.7,1.3144723372440783,-0.08552766275592161
40.54015016555786,4.993627738476033,-6.171402332855521,11.165030071331554,0.6144723372440783,0.7,1.3144723372440783,-0.08552766275592161
40.560142278671265,5.1709026173239225,-6.150012491284418,11.32091510860834,0.5751731248479335,0.6708025027066469,1.2459756275545804,-0.0956293778587134
40.58014249801636,5.347432974403532,-6.132900618027534,11.480333592431066,0.6328130589704959,0.6418824017047882,1.274695460675284,-0.009069342734292274
40.600136041641235,5.523060394418549,-6.119211119422028,11.642271513840576,0.6093317309301345,0.6495722325518727,1.2589039634820072,-0.0402405016217382
40.620139360427856,5.69790144540056,-6.108259520537623,11.806160965938183,0.5434920752327888,0.6358811322599649,1.1793732074927537,-0.09238905702717615
40.64015865325928,5.871980970064438,-6.099498241430099,11.971479211494536,0.48590770754031815,0.7,1.1859077075403182,-0.2140922924596818
40.660146951675415,6.044864106986619,-6.092489218144079,12.137353325130698,0.48590770754031815,0.7,1.1859077075403182,-0.2140922924596818
40.68014693260193,6.216894009663316,-6.092489218144079,12.309383227807395,0.4159077075403182,0.7,1.115907707540318,-0.28409229245968176
40.700143814086914,6.38791576431685,-6.086881999515263,12.474797763832115,0.48590770754031815,0.7,1.1859077075403182,-0.2140922924596818
40.72014117240906,6.557933149393224,-6.082396224612212,12.640329374005436,0.48300695809535665,0.6389425665140152,1.1219495246093718,-0.1559356084186585
40.74015283584595,6.727035738775305,-6.078807604689769,12.805843343465074,0.4404008762817828,0.7,1.1404008762817828,-0.25959912371821714
40.76013970375061,6.8948672714464765,-5.935311708751816,12.830178980198292,0.5104008762817829,0.6796826932579279,1.1900835695397107,-0.16928181697614497
40.7801468372345,7.061779962607565,-5.539264992001454,12.60104495460902,0.5104008762817829,0.6796826932579279,1.1900835695397107,-0.16928181697614497
40.80014634132385,7.227513713367715,-4.958755743601163,12.186269456968878,0.5500878988485782,0.6568048138171434,1.2068927126657216,-0.10671691496856517
40.82014226913452,7.3920768839352515,-4.3713014698809305,11.763378353816183,0.5527377120405434,0.6714070688933134,1.2241447809338568,-0.11866935685276991
40.84015703201294,7.555626587384059,-3.795869300904745,11.351495888288804,0.5369131277501582,0.7,1.2369131277501582,-0.16308687224984175
40.860151529312134,7.717817631394071,-3.282789190723796,11.000606822117867,0.5041205111145972,0.6627974666655063,1.1669179777801035,-0.1586769555509091
40.88014364242554,7.87877149193264,-2.8723251025790373,10.751096594511678,0.5221522386372088,0.6989274814724922,1.221079720109701,-0.17677524283528334
40.90014457702637,8.03855237813223,-2.8723251025790373,10.910877480711267,0.5354846754297613,0.6601552635431289,1.1956399389728902,-0.12467058811336762
40.920146226882935,8.19706941063272,-2.5439538320632296,10.741023242695949,0.5032713190838694,0.6001152701675891,1.1033865892514585,-0.09684395108371979
40.94015550613403,8.354351537755988,-2.281256815650584,10.635608353406573,0.5032713190838694,0.6001152701675891,1.1033865892514585,-0.09684395108371979
40.9601469039917,8.510174412418925,-2.071099202520467,10.581273614939391,0.49791339004412283,0.6701152701675892,1.168028660211712,-0.17220188012346638
40.98013925552368,8.664661924570805,-1.9029731120163738,10.567635036587179,0.5158225350268184,0.6601774296537042,1.1759999646805226,-0.14435489462688578
41.00013613700867,8.81781677034886,-1.7684722396130992,10.586289009961959,0.5122621905710547,0.7,1.2122621905710547,-0.18773780942894525
41.02014994621277,8.969707488344778,-1.6608715416904796,10.630579030035257,0.5246804048027842,0.6821389038115739,1.2068193086143582,-0.15745849900878972
41.04016447067261,9.120185180901373,-1.5923691083523837,10.712554289253756,0.514592183632776,0.6583240170031786,1.1729162006359546,-0.14373183337040252
41.06015610694885,9.269050996972323,-1.537567161681907,10.806618158654231,0.514592183632776,0.6583240170031786,1.1729162006359546,-0.14373183337040252
41.08013963699341,9.416394876609676,-1.4937256043455258,10.910120480955202,0.48634320485405613,0.696981693431735,1.1833248982857911,-0.21063848857767886
41.10013818740845,9.562363315572973,-1.4586523584764208,11.021015674049394,0.4163432048540561,0.699646995216608,1.115990200070664,-0.2833037903625519
41.12014389038086,9.706873358764538,-1.4586523584764208,11.165525717240959,0.4305633485224097,0.673641188815236,1.1042045373376457,-0.24307784029282636
41.14014220237732,9.849797164164974,-1.4305937617811368,11.280390925946111,0.41480732819996763,0.6321666713804006,1.0469739995803682,-0.21735934318043298
41.16014552116394,9.99120103150891,-1.4081468844249097,11.39934791593382,0.3772152673359959,0.7,1.0772152673359958,-0.32278473266400404
41.18013906478882,10.130958708219664,-1.390189382539928,11.521148090759592,0.4472152673359959,0.7,1.1472152673359959,-0.25278473266400403
41.20014309883118,10.269189688976773,-1.3758233810319427,11.645013070008716,0.3986133643146603,0.6683835282921791,1.0669968926068394,-0.26977016397751874
41.220136880874634,10.405728799106349,-1.3467524548255543,11.752481253931903,0.3986133643146603,0.6683835282921791,1.0669968926068394,-0.26977016397751874
41.240156173706055,10.540796807382257,-1.3059175888604437,11.846714396242701,0.38115509680472304,0.6624458039179444,1.0436009007226674,-0.28129070711322135
41.26014542579651,10.673998169735881,-1.097468446088355,11.771466615824236,0.3319128461834042,0.6866277566179633,1.0185406028013675,-0.35471491043455905
41.28013515472412,10.80551891220489,-0.719771631870684,11.525290544075574,0.3003135853167622,0.648011758737266,0.9483253440540282,-0.3476981734205038
41.300137519836426,10.935416607845594,-0.2769891804965472,11.212405788342142,0.3003135853167622,0.648011758737266,0.9483253440540282,-0.3476981734205038
41.320141553878784,11.063597687486688,0.1651274056027623,10.898470281883926,0.2893186648096888,0.6089553682133555,0.8982740330230443,-0.3196367034036667
41.34016966819763,11.190182127426606,0.1651274056027623,11.025054721823844,0.2613977518584578,0.5988373978063464,0.8602351496648042,-0.33743964594788856
41.36015510559082,11.314730477846387,0.6418675494822098,10.672862928364177,0.3313977518584578,0.6617494447156786,0.9931471965741365,-0.3303516928572208
41.38014078140259,11.437496155928795,1.286931539585768,10.150564616343027,0.30880863456986835,0.648965829797089,0.9577744643669575,-0.3401571952272207
41.40013599395752,11.558515593963723,2.0490764816686142,9.509439112295109,0.28005867316387584,0.578965829797089,0.8590245029609649,-0.29890715663321316
41.420138120651245,11.677751580822946,2.8345736853348917,8.843177895488054,0.28005867316387584,0.578965829797089,0.8590245029609649,-0.29890715663321316
41.44016671180725,11.795297211815734,3.6563308232679135,8.138966388547821,0.2787727559218182,0.6422028710320591,0.9209756269538774,-0.36343011511024087
41.46015429496765,11.910739973440176,4.48951778361433,7.421222189825846,0.39643102830741545,0.6803380382433533,1.0767690665507688,-0.2839070099359378
41.480138301849365,12.024284075419708,5.2263798518914655,6.797904223528242,0.3747794250259175,0.6572100334987043,1.0319894585246219,-0.28243060847278684
41.500133752822876,12.135995829367493,5.851025756513173,6.28497007285432,0.42450790798757215,0.6299478133395313,1.0544557213271035,-0.20543990535195916
41.520132303237915,12.245808910393997,6.385898730210538,5.8599101801834586,0.433406800427474,0.6873490792885422,1.1207558797160162,-0.2539422788610682
41.54015922546387,12.35384018306011,6.813797109168432,5.5400430738916775,0.4524892069632187,0.6438094509020447,1.0962986578652634,-0.19132024393882596
41.56015348434448,12.459743981691533,6.813797109168432,5.645946872523101,0.4501111814053729,0.661195911578834,1.1113070929842068,-0.21108473017346108
41.58014965057373,12.563691192482832,7.156115812334745,5.407575380148087,0.41228020649868985,0.6495394167676567,1.0618196232663466,-0.23725921026896685
41.600152015686035,12.66568651135577,7.412392649867797,5.253293861487973,0.43622102674562474,0.5795394167676566,1.0157604435132814,-0.1433183900220319
41.62016773223877,12.765747372622691,7.599835994894238,5.165911377728453,0.4073812895687296,0.571475248262286,0.9788565378310157,-0.16409395869355642
41.6401641368866,12.863695588645498,7.73221254591539,5.131483042730109,0.43562926438171407,0.537639516815543,0.9732687811972571,-0.10201025243382894
41.66014575958252,12.959543056775061,7.820535661732313,5.139007395042748,0.39497095432598134,0.5837925890833138,0.9787635434092952,-0.18882163475733243
41.680148124694824,13.053444131751208,7.891194154385851,5.162249977365357,0.3880007741274311,0.5743641512840985,0.9623649254115296,-0.18636337715666734
41.70014810562134,13.145272605676935,7.912564698508681,5.232707907168254,0.3609930732520296,0.5895516801998018,0.9505447534518314,-0.22855860694777214
41.72014260292053,13.2350009698904,7.912083008806946,5.322917961083454,0.37475799296516915,0.5421620834991334,0.9169200764643026,-0.16740409053396427
41.740137338638306,13.322641556418182,7.911697657045557,5.410943899372625,0.3461153478594496,0.5482195289246736,0.8943348767841233,-0.20210418106522404
41.760138750076294,13.408207656965287,7.911389375636447,5.4968182813288395,0.2955206082435324,0.6182195289246737,0.9137401371682061,-0.3226989206811413
41.780147552490234,13.491686590319832,7.911389375636447,5.580297214683385,0.2905352175468578,0.6465284401737152,0.9370636577205731,-0.35599322262685745
41.80013823509216,13.572960455979736,7.911142750509159,5.661817705470577,0.31381166765931984,0.6035463797114788,0.9173580473707987,-0.289734712052159
41.82013654708862,13.652122780736423,7.928523575407326,5.723599205329097,0.2779242996359243,0.5436766656301915,0.8216009652661158,-0.26575236599426716
41.840149879455566,13.729186666248182,7.9600063603258615,5.769180305922321,0.2779242996359243,0.5436766656301915,0.8216009652661158,-0.26575236599426716
41.8601450920105,13.804012840955552,8.00277071326069,5.801242127694863,0.23575793991331,0.5280498458258807,0.7638077857391907,-0.29229190591257065
41.88013553619385,13.87664318145924,8.054560320608552,5.8220828608506885,0.2462346818530931,0.5351084001548587,0.7813430820079519,-0.2888737183017656
41.90013670921326,13.947121548417126,8.113570131486842,5.833551416930284,0.22479677239898582,0.5413641376607119,0.7661609100596978,-0.3165673652617261
41.92017340660095,14.01551654426385,8.178356105189474,5.837160439074376,0.24738141561392687,0.6112930072657763,0.8586744228797032,-0.3639115916518494
41.94016146659851,14.081532265406763,8.24776300915158,5.833769256255183,0.2908153277123346,0.6239342620782553,0.91474958979059,-0.3331189343659207
41.96014356613159,14.145308311951581,8.320866657321265,5.824441654630316,0.2516322065377607,0.6332722135074436,0.8849044200452043,-0.38164000696968287
41.98013758659363,14.206890696827202,8.396927700857011,5.80996299597019,0.2516322065377607,0.6332722135074436,0.8849044200452043,-0.38164000696968287
42.00014305114746,14.26626431133238,8.396927700857011,5.869336610475369,0.2454913625726475,0.6870713956840335,0.932562758256681,-0.44158003311138605
42.020137786865234,14.323353858873048,8.49293278568561,5.830421073187438,0.31549136257264754,0.7,1.0154913625726474,-0.3845086374273524
42.040151596069336,14.378233993957299,8.64004935354849,5.738184640408809,0.3721362418541684,0.7,1.0721362418541682,-0.3278637581458316
42.060139656066895,14.430774285057423,8.792898857838793,5.6378754272186296,0.3317233688244595,0.6371692985296249,0.9688926673540844,-0.3054459297051654
42.08013916015625,14.481066634754292,8.932756586271035,5.548310048483257,0.3533795653888955,0.6452366074547171,0.9986161728436126,-0.29185704206582164
42.100135803222656,14.529065666010142,9.114955269016829,5.414110396993314,0.37014701320324084,0.6647050881758332,1.034852101379074,-0.29455807497259234
42.12013292312622,14.57477222196262,9.260714215213461,5.314058006749159,0.3236119757452979,0.6401938309893012,0.963805806734599,-0.3165818552440033
42.14014458656311,14.618208644402628,9.377321372170769,5.240887272231859,0.3936119757452979,0.604676410369575,0.9982883861148728,-0.2110644346242771
42.16013741493225,14.65929637039936,9.470607097736616,5.188689272662744,0.45502536071930066,0.5837746130302548,1.0387999737495555,-0.12874925231095413
42.18013596534729,14.698081649127708,9.527657553189293,5.170424095938415,0.4335750032076611,0.6479823457077145,1.0815573489153756,-0.2144073425000534
42.20013475418091,14.734546687676772,9.555719792551436,5.1788268951253364,0.41944006903562686,0.6759697886183857,1.0954098576540126,-0.2565297195827589
42.22014141082764,14.768698224364153,9.555719792551436,5.212978431812717,0.3861418969789519,0.6252317519858479,1.0113736489647998,-0.239089855006896
42.24018716812134,14.800575955657468,9.560591459041149,5.239984496616319,0.36987758873496196,0.6355261167511344,1.0054037054860963,-0.2656485280161724
42.26014828681946,14.829986057529338,9.54691066723292,5.283075390296418,0.43987758873496197,0.6279580609872937,1.0678356497222556,-0.1880804722523317
42.28014159202576,14.857105204133314,9.518387908786336,5.338717295346978,0.43987758873496197,0.6279580609872937,1.0678356497222556,-0.1880804722523317
42.30015230178833,14.881900356222566,9.477991577029071,5.403908779193495,0.4472377067105844,0.6979580609872937,1.1451957676978781,-0.25072035427670936
42.32014989852905,14.904329030721325,9.428096386623256,5.476232644098069,0.422746515800245,0.6279580609872937,1.0507045767875387,-0.20521154518704865
42.340142250061035,14.924399747574316,9.388180234298606,5.536219513275711,0.352746515800245,0.6940174194052815,1.0467639352055265,-0.3412709036050365
42.360140562057495,14.942120461167642,9.338669187438885,5.603451273728757,0.352746515800245,0.6940174194052815,1.0467639352055265,-0.3412709036050365
42.38013935089111,14.95748237712704,9.299060349951109,5.658422027175931,0.3519644124642945,0.6617712991312146,1.013735711595509,-0.3098068866669201
42.40013551712036,14.970481069385091,9.267373279960887,5.7031077894242035,0.33950120045104987,0.6599115133751183,0.9994127138261681,-0.32041031292406846
42.420138120651245,14.98111969854212,9.242023623968711,5.739096074573409,0.26950120045104986,0.7,0.9695012004510498,-0.4304987995489501
42.440163135528564,14.989399960130156,9.242023623968711,5.7473763361614445,0.27730958493659263,0.7,0.9773095849365926,-0.4226904150634073
42.46018671989441,14.995306959832652,9.221743899174971,5.773563060657681,0.2743864762992597,0.7,0.9743864762992597,-0.42561352370074024
42.48013997077942,14.998832182091098,9.205520119339978,5.79331206275112,0.2941163923055864,0.7,0.9941163923055863,-0.40588360769441356
42.50013208389282,14.999999948344005,9.210119220471983,5.789880727872022,0.2492457847506738,0.6721695091575384,0.9214152939082122,-0.42292372440686454
42.52013611793518,14.998799487464336,9.231376626377587,5.767422861086748,0.19397007258841759,0.7,0.8939700725884175,-0.5060299274115824
42.54018497467041,14.995218927541986,9.26596067610207,5.729258251439916,0.20343638262012964,0.7,0.9034363826201296,-0.4965636173798703
42.560158491134644,14.989285715811192,9.311206040881656,5.678079674929537,0.23596559515455728,0.7,0.9359655951545572,-0.46403440484544267
42.58014512062073,14.980985566170366,9.382558582705325,5.598426983465041,0.25263181938091284,0.7,0.9526318193809128,-0.4473681806190871
42.600146532058716,14.970314147250509,9.457218741164262,5.513095406086247,0.2705767550901509,0.7,0.9705767550901508,-0.42942324490984907
42.620139360427856,14.957284509246973,9.62241561793141,5.334868891315564,0.27309511955128973,0.7,0.9730951195512897,-0.4269048804487102
42.640138149261475,14.94188969630502,9.983088744345128,4.958800951959892,0.274356472112704,0.6917499208822846,0.9661063929949886,-0.4173934487695806
42.660157918930054,14.924115807809192,9.983088744345128,4.941027063464064,0.2604472132329828,0.6696652730926871,0.9301124863256699,-0.4092180598597043
42.68014359474182,14.904016863112904,10.500142870476104,4.4038739926368,0.2604472132329828,0.6696652730926871,0.9301124863256699,-0.4092180598597043
42.70013475418091,14.88156128963027,11.019254921380883,3.862306368249387,0.20852387490915125,0.7,0.9085238749091512,-0.4914761250908487
42.720131635665894,14.856750386911134,11.416966437104708,3.4397839498064258,0.24941354784416025,0.7,0.9494135478441602,-0.4505864521558397
42.74014163017273,14.829575586286982,11.735135649683766,3.094439936603216,0.31941354784416026,0.664780569076538,0.9841941169206982,-0.3453670212323778
42.76013541221619,14.800081547108176,11.989671019747014,2.810410527361162,0.31941354784416026,0.664780569076538,0.9841941169206982,-0.3453670212323778
42.780147552490234,14.768221558747836,12.193299315797612,2.5749222429502243,0.32126635531662023,0.6455632772296667,0.9668296325462868,-0.32429692191304643
42.8001389503479,14.734063314671385,12.35620195263809,2.377861362033295,0.3820565402018837,0.6600290451198816,1.0420855853217652,-0.2779725049179979
42.82013726234436,14.697567372867088,12.486524062110472,2.211043310756615,0.3727864896389655,0.7,1.0727864896389654,-0.32721351036103447
42.84015202522278,14.658718022019448,12.590781749688379,2.0679362723310692,0.36561749023152507,0.7,1.065617490231525,-0.3343825097684749
42.860151052474976,14.617583746024716,12.674187899750704,1.9433958462740115,0.36561749023152507,0.7,1.065617490231525,-0.3343825097684749
42.88014221191406,14.57415895221581,12.674187899750704,1.8999710524651068,0.35015173335326827,0.7,1.0501517333532682,-0.3498482666467317
42.90014314651489,14.528411844639969,12.723334694800563,1.8050771498394056,0.33022745405090964,0.6419528469443321,0.9721803009952417,-0.31172539289342244
42.92014741897583,14.480362109509182,12.76265213084045,1.717709978668731,0.3467102058674208,0.6783511646091938,1.0250613704766145,-0.33164095874177296
42.94013714790344,14.430062205670477,12.758949829672362,1.6711123759981152,0.3467102058674208,0.6783511646091938,1.0250613704766145,-0.33164095874177296
42.96015000343323,14.37742382568978,12.73840986373789,1.639013961951889,0.4167102058674208,0.6853685335256159,1.1020787393930367,-0.2686583276581951
42.98014426231384,14.322564242662782,12.704399765990315,1.618164476672467,0.41321814621565855,0.672780090291053,1.0859982365067116,-0.25956194407539446
43.0001380443573,14.26544564809413,12.659613562792252,1.605832085301877,0.4249178748833946,0.6661556314677,1.0910735063510946,-0.24123775658430535
43.02013969421387,14.206051970030588,12.641362725233803,1.564689244796785,0.3739373628306202,0.7,1.0739373628306201,-0.3260626371693798
43.04015302658081,14.144377966836624,12.609183930187042,1.5351940366495818,0.3496486358600668,0.7,1.0496486358600667,-0.3503513641399332
43.06014084815979,14.080550309066862,12.583440894149636,1.497109414917226,0.3496486358600668,0.7,1.0496486358600667,-0.3503513641399332
43.080142974853516,14.014453813065302,12.54526834031971,1.4691854727455915,0.3743385300296358,0.6998122121178312,1.074150742147467,-0.3254736820881954
43.10013771057129,13.946169450367774,12.54526834031971,1.4009011100480642,0.4137229398149065,0.7,1.1137229398149064,-0.28627706018509347
43.12013912200928,13.875660085414307,12.514730297255769,1.360929788158538,0.39746253194985903,0.7,1.097462531949859,-0.3025374680501409
43.14013862609863,13.80296632052651,12.490299862804616,1.3126664577218943,0.34828652444062747,0.7,1.0482865244406274,-0.3517134755593725
43.16015028953552,13.72804683309715,12.470755515243694,1.257291317853456,0.34828652444062747,0.7,1.0482865244406274,-0.3517134755593725
43.18014430999756,13.651025916204027,12.455120037194956,1.1959058790090715,0.34006889818934716,0.6750441908836364,1.0151130890729836,-0.3349752926942893
43.20015001296997,13.571803743361967,12.442611654755966,1.1291920886060005,0.3981124526145867,0.7,1.0981124526145867,-0.30188754738541324
43.22014403343201,13.490485340977312,12.432604948804773,1.0578803921725388,0.3281124526145867,0.6425001181662082,0.9706125707807949,-0.3143876655516215
43.240169048309326,13.406906903317015,12.42459958404382,0.982307319273195,0.3203436423535458,0.6017500393092632,0.9220936816628089,-0.2814063969557174
43.26016187667847,13.321345504477108,12.435773417235056,0.8855720872420516,0.3203436423535458,0.6017500393092632,0.9220936816628089,-0.2814063969557174
43.280158042907715,13.233667208677193,12.427134358788047,0.8065328498891464,0.26548910778714335,0.5818592950701713,0.8473484028573146,-0.31637018728302796
43.30015206336975,13.143909708882733,12.437801237030436,0.7061084718522963,0.2383887850190512,0.6054333455860614,0.8438221306051126,-0.36704456056701024
43.320143699645996,13.05208894784393,12.437801237030436,0.6142877108134943,0.24862709813518438,0.594306631758809,0.8429337298939934,-0.3456795336236247
43.34016275405884,12.958078671998013,12.44633473962435,0.5117439323736637,0.24862709813518438,0.594306631758809,0.8429337298939934,-0.3456795336236247
43.36015295982361,12.862158161103084,12.470739666699481,0.3914184944036023,0.23283061370952043,0.5698137290775775,0.802644342787098,-0.33698311536805714
43.38014268875122,12.764210915632265,12.507841733359585,0.2563691822726799,0.22502002478344357,0.5685273977462202,0.7935474225296637,-0.3435073729627766
43.40013861656189,12.664218814125718,12.555101511687669,0.10911730243804918,0.24312199265463272,0.5420843800995498,0.7852063727541826,-0.2989623874449171
43.42014193534851,12.562189633961388,12.628065584350136,-0.06587595038874738,0.24312199265463272,0.5420843800995498,0.7852063727541826,-0.2989623874449171
43.44016742706299,12.458059689941294,12.70401496748011,-0.2459552775388154,0.17312199265463268,0.6086305892560631,0.7817525819106957,-0.4355085966014304
43.46015381813049,12.352166535960745,12.782352598984088,-0.43018606302334383,0.16174791489494955,0.618706449912861,0.7804543648078105,-0.4569585350179114
43.480149030685425,12.24427745936084,12.84502270418727,-0.600745244826431,0.1799672554875723,0.6040440733078867,0.784011328795459,-0.42407681782031437
43.50014877319336,12.134430696979697,12.912736913349818,-0.7783062163701207,0.18078130231471723,0.5612698169890791,0.7420511193037963,-0.38048851467436184
43.52014374732971,12.022694690325153,12.966908280679856,-0.9442135903547033,0.1601955753681249,0.6115482869092375,0.7717438622773624,-0.45135271154111256
43.5401611328125,11.908932690817494,12.966908280679856,-1.0579755898623624,0.2017050770041532,0.5427467423025518,0.744451819306705,-0.34104166529839863
43.56014680862427,11.79347153740989,13.027823499543885,-1.2343519621339958,0.2431764055904931,0.6127467423025519,0.855923147893045,-0.36957033671205874
43.58014798164368,11.676059035572356,13.129290049635108,-1.4532310140627516,0.2431764055904931,0.6127467423025519,0.855923147893045,-0.36957033671205874
43.60014081001282,11.556852669047332,13.351088289708088,-1.7942356206607553,0.28922283769818014,0.633615088397637,0.9228379260958172,-0.3443922506994569
43.6201434135437,11.435763031500475,13.68673000676647,-2.250966975265996,0.22976066665025416,0.589478444987908,0.8192391116381622,-0.35971777833765384
43.6401641368866,11.312754943105903,14.060712130413178,-2.747957187307275,0.28088784338207906,0.519478444987908,0.800366288369987,-0.2385906016058289
43.66014313697815,11.188218663301392,14.377475954330542,-3.1892572910291506,0.2718476711702532,0.582550552720204,0.8543982238904572,-0.31070288154995074
43.68014144897461,11.061796413512603,14.630887013464434,-3.5690905999518314,0.2718476711702532,0.582550552720204,0.8543982238904572,-0.31070288154995074
43.70013976097107,10.933627672679462,14.816037735771548,-3.8824100630920864,0.31905053396942085,0.6460988047067076,0.9651493386761284,-0.3270482707372867
43.72014331817627,10.80369838286696,14.964158313617238,-4.160459930750278,0.332991608690936,0.5951539548579603,0.9281455635488963,-0.2621623461670243
43.740164041519165,10.671948766023833,14.964158313617238,-4.292209547593405,0.3077877008286304,0.5974637608043849,0.9052514616330153,-0.2896760599757545
43.760149240493774,10.538748684080007,15.065076650893792,-4.526327966813785,0.26478517362149423,0.5591759647242724,0.8239611383457667,-0.2943907911027782
43.78014254570007,10.403831837965903,15.128233195715037,-4.724401357749134,0.26478517362149423,0.5591759647242724,0.8239611383457667,-0.2943907911027782
43.800145626068115,10.267206041349365,15.16118030657203,-4.893974265222665,0.2563240242120809,0.5690765448845923,0.8254005690966731,-0.31275252067251136
43.820146322250366,10.128975008059513,15.169959870257623,-5.04098486219811,0.3214810353633947,0.539763191062957,0.8612442264263517,-0.21828215569956233
43.840160608291626,9.989048831410926,15.159405396206099,-5.170356564795172,0.3769940820452756,0.5499449319206178,0.9269390139658934,-0.17295084987534215
43.86014747619629,9.847737937087055,15.133383691964879,-5.285645754877823,0.37161579988198346,0.5219566508196294,0.8935724507016128,-0.15034085093764593
43.88014817237854,9.704774636790537,15.112566328571903,-5.407791691781366,0.4123683001776225,0.5416270739398896,0.9539953741175121,-0.12925877376226713
43.9001407623291,9.560337604593792,15.095912437857525,-5.535574833263732,0.42675576991634434,0.5370815021917223,0.9638372721080667,-0.11032573227537801
43.92014670372009,9.41429403847119,15.06501120028602,-5.65071716181483,0.4236661724676377,0.4803743174299598,0.9040404898975976,-0.05670814496232207
43.94016790390015,9.266649877167271,14.969977710228816,-5.703327833061545,0.49366617246763767,0.4903264136984944,0.983992586166132,0.003339758769143275
43.96014213562012,9.11789080216972,14.969977710228816,-5.852086908059096,0.49366617246763767,0.4903264136984944,0.983992586166132,0.003339758769143275
43.98014760017395,8.967459648372369,14.788482168183055,-5.821022519810686,0.46949223659234113,0.5108156835660338,0.9803079201583749,-0.04132344697369267
44.00013875961304,8.815720735813114,14.502660734546446,-5.686939998733331,0.485944854535628,0.5476838050410151,1.033628659576643,-0.06173895050538708
44.02014470100403,8.662477212602447,14.115800462637157,-5.45332325003471,0.529147623546887,0.5642848646268248,1.0934324881737119,-0.035137241079937764
44.040151596069336,8.50785756845115,13.612952870109728,-5.105095301658578,0.49911519184010095,0.49921805765479793,0.9983332494948989,-0.00010286581469698408
44.06013822555542,8.352052161026378,12.947002921087782,-4.594950760061403,0.46903662055032314,0.429218057654798,0.8982546782051211,0.039818562895525156
44.08013963699341,8.194812942655025,12.203305461870226,-4.008492519215201,0.46903662055032314,0.429218057654798,0.8982546782051211,0.039818562895525156
44.10013961791992,8.03629086975043,11.502878744496183,-3.4665878747457537,0.4047266659070736,0.4521133043989539,0.8568399703060275,-0.047386638491880295
44.120139837265015,7.876497863454172,10.872224870596948,-2.9957270071427766,0.4305836413730866,0.4639009676128626,0.8944846089859492,-0.03331732623977601
44.14013719558716,7.715484163547142,10.227076771477558,-2.5115926079304156,0.41086959882872165,0.4482797515764832,0.8591493504052048,-0.03741015274776155
44.16014742851257,7.553147586957083,9.552755167182047,-1.9996075802249642,0.42580124221043647,0.5040694345906376,0.929870676801074,-0.07826819238020111
44.180137395858765,7.389783272584914,8.890251008745638,-1.500467736160724,0.3916890942235476,0.5358106252923607,0.9274997195159083,-0.1441215310688131
44.200138092041016,7.225164582727796,8.890251008745638,-1.665086426017842,0.3916890942235476,0.5358106252923607,0.9274997195159083,-0.1441215310688131
44.220134258270264,7.059442546285858,8.307513306996512,-1.2480707607106538,0.41055584184126914,0.5051888824626802,0.9157447243039494,-0.09463304062141109
44.24015736579895,6.892380646964418,7.84132314559721,-0.9489424986327917,0.39109884619014323,0.454422682635486,0.8455215288256293,-0.06332383644534278
44.26014232635498,6.724549220673181,7.46837101647777,-0.743821795804589,0.41179395324783385,0.5122313053533434,0.9240252586011772,-0.10043735210550953
44.2801399230957,6.555550389049413,7.187587438182215,-0.6320370491328013,0.39990188597934306,0.48786763112992043,0.8877695171092634,-0.08796574515057737
44.30015516281128,6.385366146625917,6.962960575545773,-0.5775944289198556,0.39990188597934306,0.48786763112992043,0.8877695171092634,-0.08796574515057737
44.320141315460205,6.214421550440692,6.800837210436619,-0.5864156599959269,0.4408132587303406,0.4768711487948893,0.91768440752523,-0.03605789006454868
44.34015941619873,6.042221390054343,6.671138518349295,-0.6289171282949519,0.4244117852975613,0.4349832209944724,0.8593950062920337,-0.010571435696911102
44.360151290893555,5.869292833015944,6.5673795646794355,-0.6980867316634916,0.3685915474523789,0.44143100932240475,0.8100225567747836,-0.07283946187002588
44.38014602661133,5.695413254334281,6.484372401743548,-0.7889591474092672,0.4328857962717301,0.42988044314086427,0.8627662394125943,0.0030053531308658066
44.400147438049316,5.520576276250609,6.417966671394839,-0.8973903951442299,0.4328857962717301,0.42988044314086427,0.8627662394125943,0.0030053531308658066
44.42014765739441,5.34487790988528,6.417966671394839,-1.0730887615095588,0.4499644995410925,0.4998804431408643,0.9498449426819568,-0.04991594359977175
44.440160274505615,5.168225815449874,6.364842087115871,-1.196616271665997,0.4330801632930523,0.5698804431408643,1.0029606064339167,-0.13680027984781196
44.46014642715454,4.9909917788347435,6.3223424196926965,-1.331350640857953,0.5030801632930524,0.560115626528859,1.0631957898219113,-0.05703546323580666
44.480141401290894,4.812891953146777,6.288342685754158,-1.4754507326073805,0.5188005027850158,0.6008023307472466,1.1196028335322623,-0.08200182796223088
44.500152349472046,4.633889310431104,6.261142898603326,-1.6272535881722225,0.5250686138425953,0.6708023307472466,1.1958709445898419,-0.1457337169046513
44.52013564109802,4.454403020833876,6.239383068882661,-1.7849800480487845,0.5250686138425953,0.6708023307472466,1.1958709445898419,-0.1457337169046513
44.54014182090759,4.274007730557974,6.221975205106129,-1.9479674745481548,0.5115895719756371,0.6259166543930768,1.137506226368714,-0.11432708241743961
44.560139417648315,4.093014931568049,6.208048914084903,-2.115033982516854,0.5254123081942088,0.6473998149484395,1.1728121231426483,-0.12198750675423065
44.580140829086304,3.911341244521739,6.179329756267922,-2.267988511746183,0.5248478555260225,0.6915789117664097,1.2164267672924323,-0.1667310562403872
44.600138902664185,3.7290802951241733,6.138776305014338,-2.409696009890165,0.5036246662167831,0.7,1.203624666216783,-0.1963753337832168
44.620137214660645,3.5462284108091846,6.088755419011471,-2.542527008202286,0.5736246662167832,0.683033824712038,1.2566584909288212,-0.10940915849525479
44.6401526927948,3.362658961341065,6.088755419011471,-2.7260964576704056,0.5736246662167832,0.683033824712038,1.2566584909288212,-0.10940915849525479
44.66014766693115,3.1787465436964046,6.031160585209178,-2.8524140415127732,0.6040888367174193,0.6209685698151588,1.225057406532578,-0.01687973309773949
44.68014073371887,2.994350031891484,5.985084718167342,-2.990734686275858,0.6042067839339142,0.5949537873268127,1.199160571260727,0.009252996607101549
44.70014691352844,2.8093596049856724,5.930645899533874,-3.121286294548202,0.5839245508000022,0.5249537873268126,1.1088783381268148,0.058970763473189525
44.72014045715332,2.6240425303105828,5.869516719627099,-3.2454741893165164,0.5652159659698373,0.5483111935853957,1.113527159555233,0.016904772384441547
44.740150451660156,2.4381583725125373,5.82061337570168,-3.382455003189143,0.515481246872223,0.5888573686778544,1.1043386155500774,-0.07337612180563147
44.76014161109924,2.2520643207108852,5.763912575561344,-3.5118482548504586,0.51278494461847,0.5963580846972762,1.1091430293157463,-0.08357314007880623
44.78014278411865,2.0655214794807155,5.700973810449075,-3.6354523309683597,0.46879730537009884,0.5559744179435073,1.0247717233136062,-0.08717711257340849
44.800137996673584,1.8787081639164167,5.650622798359261,-3.771914634442844,0.48126770067436153,0.54460013249889,1.0258678331732516,-0.06333243182452852
44.82013726234436,1.6915603645275943,5.610341988687408,-3.918781624159814,0.49105565692705566,0.6040627841092645,1.0951184410363202,-0.11300712718220884
44.84014177322388,1.5040962819973298,5.578117340949927,-4.074021058952597,0.5289632685057586,0.5879005860723554,1.116863854578114,-0.058937317566596814
44.86014103889465,1.316443822262456,5.578117340949927,-4.261673518687471,0.5101605698041385,0.5704163458384572,1.0805769156425957,-0.06025577603431875
44.88015007972717,1.1284916284374602,5.552337622759942,-4.423845994322482,0.5101004825596465,0.5840145243518053,1.0941150069114518,-0.07391404179215888
44.900137186050415,0.9405673927155882,5.5317138482079535,-4.591146455492366,0.5101004825596465,0.5840145243518053,1.0941150069114518,-0.07391404179215888
44.92014455795288,0.7523040637851863,5.5327929535663625,-4.780488889781176,0.5156166838173522,0.6033131073229014,1.1189297911402536,-0.08769642350554929
44.94014596939087,0.5639779860683027,5.533656237853091,-4.969678251784788,0.5455071801011218,0.6295206083916127,1.1750277884927345,-0.08401342829049097
44.96014070510864,0.37562573457294235,5.5519249902824725,-5.17629925570953,0.5577341062639607,0.624404508434236,1.1821386146981967,-0.06667040217027531
44.980138301849365,0.1871872362344871,5.566539992225978,-5.3793527559914915,0.5577341062639607,0.624404508434236,1.1821386146981967,-0.06667040217027531
45.00014925003052,-0.0014066483961628965,5.578231993780783,-5.5796386421769455,0.5311702737276209,0.6351820815354585,1.1663523552630795,-0.10401180780783759
45.02013921737671,-0.1898025867939319,5.587585595024627,-5.777388181818559,0.594079847044195,0.6036784451454877,1.1977582921896828,-0.00959859810129271
45.0401496887207,-0.37836176739624244,5.595068476019701,-5.973430243415944,0.5706892968778265,0.5950762012973427,1.1657654981751693,-0.024386904419516187
45.060144662857056,-0.566715184274749,5.601054780815761,-6.16776996509051,0.5886154440854443,0.5754404326900839,1.1640558767755282,0.01317501139536037
45.08013868331909,-0.7549701784500554,5.601054780815761,-6.356024959265817,0.6122089573804987,0.5684870218858122,1.180695979266311,0.043721935494686504
45.10013556480408,-0.9431329365128374,5.605843824652609,-6.548976761165447,0.6061711246770574,0.6164339369162917,1.222605061593349,-0.010262812239234309
45.12013602256775,-1.1311804190493744,5.609675059722088,-6.740855478771462,0.6061711246770574,0.6164339369162917,1.222605061593349,-0.010262812239234309
45.1401526927948,-1.3192014737750495,5.612740047777671,-6.931941521552721,0.639687546591158,0.6667698657140135,1.3064574123051715,-0.027082319122855525
45.16013836860657,-1.5067232261254613,5.615192038222137,-7.1219152643475985,0.6333602830459131,0.6190438902005553,1.2524041732464684,0.014316392845357795
45.18013787269592,-1.6941368847066485,5.59957550557771,-7.293712390284359,0.7,0.6046743335202336,1.3046743335202335,0.09532566647976637
45.200135707855225,-1.881267427605316,5.587082279462169,-7.4683497070674845,0.6941651648841798,0.5346743335202335,1.2288394984044133,0.15949083136394626
45.22013568878174,-2.0681209911178517,5.577087698569735,-7.645208689687587,0.6941651648841798,0.5346743335202335,1.2288394984044133,0.15949083136394626
45.240147829055786,-2.2547612720908528,5.551513908855788,-7.80627518094664,0.6728130116127431,0.6046743335202336,1.2774873451329767,0.06813867809250951
45.2601420879364,-2.440878785969768,5.53105487708463,-7.971933663054398,0.631620059069246,0.6047472739839577,1.2363673330532037,0.026872785085288342
45.280139207839966,-2.6266376259278994,5.497109526667704,-8.123747152595604,0.6568881089799106,0.5995942708352231,1.2564823798151337,0.05729383814468747
45.300153732299805,-2.8121429345877136,5.497109526667704,-8.309252461255419,0.6885845179669559,0.6086955582970404,1.2972800762639962,0.0798889596699155
45.320141553878784,-2.9969569340887237,5.469953246334164,-8.466910180422888,0.6885845179669559,0.6086955582970404,1.2972800762639962,0.0798889596699155
45.34015727043152,-3.1815551781276477,5.448228222067331,-8.62978340019498,0.6341277214698493,0.6593961483114981,1.2935238697813474,-0.02526842684164876
45.36014366149902,-3.3653808882169285,5.413270077653865,-8.778650965870794,0.6362326131667941,0.6229166863733553,1.2591492995401494,0.013315926793438848
45.38014101982117,-3.548776318220547,5.385303562123093,-8.93407988034364,0.6013523065950721,0.6635072594755911,1.2648595660706632,-0.06215495288051898
45.40013551712036,-3.7315853865414925,5.362930349698476,-9.094515736239968,0.5776845296379178,0.6469425643110298,1.2246270939489476,-0.06925803467311198
45.420137882232666,-3.9138771022047862,5.327453654758781,-9.241330756963567,0.6002536700572818,0.6493262432297342,1.249579913287016,-0.049072573172452394
45.440160512924194,-4.095734366117575,5.299072298807025,-9.3948066649246,0.6002536700572818,0.6493262432297342,1.249579913287016,-0.049072573172452394
45.46014332771301,-4.276583721493056,5.276367214045621,-9.552950935538677,0.5695609958376735,0.6960782658090465,1.26563926164672,-0.12651726997137303
45.48015856742859,-4.457050711086321,5.258203146236497,-9.715253857322818,0.5875157868023961,0.7,1.287515786802396,-0.11248421319760382
45.500147104263306,-4.636573464371283,5.258203146236497,-9.89477661060778,0.5883923185057938,0.6743446800857782,1.262736998591572,-0.08595236157998443
45.52014875411987,-4.815481933799157,5.243671891989198,-10.059153825788355,0.5943369393236935,0.6043446800857781,1.1986816194094716,-0.01000774076208466
45.540165424346924,-4.993763345857957,5.232046888591359,-10.225810234449316,0.6269688469357788,0.5980292489938437,1.2249980959296225,0.028939597941935125
45.56016182899475,-5.171075579970449,5.222746885873088,-10.393822465843536,0.6433668595738709,0.5702869320474564,1.2136537916213272,0.07307992752641446
45.58015489578247,-5.3475421432919426,5.215306883698471,-10.562849026990413,0.6220059388317167,0.5933609983138739,1.2153669371455906,0.028644940517842832
45.600170612335205,-5.523363323673049,5.2093548819587765,-10.732718205631826,0.5847956680692732,0.5824772684089838,1.167272936478257,0.0023183996602893497
45.620161294937134,-5.6980926772335065,5.222171405567021,-10.920264082800529,0.6104541619308292,0.5400056397728621,1.1504598017036913,0.07044852215796715
45.640167474746704,-5.872057475321562,5.214846499453618,-11.08690397477518,0.6151944704353809,0.502845600824803,1.118040071260184,0.11234886961057788
45.66013979911804,-6.0448024118683055,5.2089865745628945,-11.2537889864312,0.5451944704353808,0.46571021212264885,1.0109046825580297,0.07948425831273198
45.68015694618225,-6.216979897882278,5.221876759650316,-11.438856657532593,0.6143899346888064,0.39571021212264884,1.0101001468114552,0.21867972256615759
45.700138092041016,-6.387866969921576,5.2146107827202535,-11.602477752641828,0.6143899346888064,0.39571021212264884,1.0101001468114552,0.21867972256615759
45.720139026641846,-6.557914961157718,5.2146107827202535,-11.77252574387797,0.6789097647368907,0.395664986323536,1.0745747510604267,0.28324477841335466
45.74014639854431,-6.7269815118497585,5.226376126176203,-11.953357638025961,0.6471409007161855,0.42153689671118616,1.0686777974273716,0.2256040040049993
45.76013898849487,-6.894861284677611,5.253366525940962,-12.148227810618572,0.6471409007161855,0.42153689671118616,1.0686777974273716,0.2256040040049993
45.780137062072754,-7.061698682106356,5.22222447075277,-12.283923152859126,0.6610590332373976,0.411379795854882,1.0724388290922795,0.24967923738251557
45.800148725509644,-7.227533403344778,4.986373326602216,-12.213906729946995,0.7,0.3624825667198455,1.0624825667198454,0.33751743328015443
45.82014083862305,-7.392065152488583,4.534020536281774,-11.926085688770357,0.7,0.3257847468908584,1.0257847468908583,0.37421525310914155
45.84016180038452,-7.555665410563795,3.996357054025418,-11.552022464589212,0.7,0.37513737786372064,1.0751373778637205,0.3248626221362793
45.860140800476074,-7.7177309257366105,3.4783356432203347,-11.196066568956946,0.6630593582987785,0.30513737786372064,0.9681967361624991,0.35792198043505785
45.88013982772827,-7.878740898086462,2.976027889576268,-10.85476878766273,0.6630593582987785,0.30513737786372064,0.9681967361624991,0.35792198043505785
45.90014886856079,-8.038586526462302,2.3984004366610145,-10.436986963123317,0.6915135204792022,0.27359111670215486,0.9651046371813571,0.41792240377704737
45.92014956474304,-8.19709575648684,1.6550484743288116,-9.852144230815652,0.7,0.27864796126072167,0.9786479612607216,0.4213520387392783
45.940160036087036,-8.35438699669516,0.8318512794630495,-9.18623827615821,0.7,0.2424655837733006,0.9424655837733006,0.4575344162266993
45.960145235061646,-8.510161459650554,0.8318512794630495,-9.342012739113603,0.6671611972153186,0.2762404290754056,0.9434016262907242,0.39092076813991306
45.9801390171051,-8.664660090335541,0.06782477357043952,-8.73248486390598,0.6849762599915266,0.2796725127175158,0.9646487727090424,0.40530374727401075
46.000136375427246,-8.81781858813109,-0.6664433061436484,-8.151375281987441,0.6849762599915266,0.2796725127175158,0.9646487727090424,0.40530374727401075
46.02013278007507,-8.969577813790405,-1.464795269914919,-7.504782543875486,0.6928959403187036,0.3111683483496016,1.0040642886683053,0.381727591969102
46.04016470909119,-9.120186964890008,-2.3495705909319353,-6.770616373958073,0.7,0.3448392096236056,1.0448392096236057,0.35516079037639436
46.0601589679718,-9.269072197202302,-3.3210627227455487,-5.948009474456754,0.6685703068971633,0.3575940168723172,1.0261643237694806,0.31097629002484617
46.080146074295044,-9.416442102606982,-4.221303303196439,-5.195138799410543,0.6103989340364933,0.3791228941902226,0.9895218282267159,0.23127603984627065
46.10013961791992,-9.562373703077391,-4.959073892557152,-4.603299810520239,0.6035283979028463,0.42130674787607847,1.0248351457789249,0.18222165002676782
46.120137453079224,-9.706827104741718,-5.5492903640457225,-4.1575367406959955,0.6063301573041826,0.4270078655592805,1.0333380228634632,0.1793222917449021
46.14015245437622,-9.849870036182326,-6.021463541236578,-3.8284064949457477,0.5780151235405355,0.36565412993353663,0.9436692534740722,0.2123609936069989
46.16015338897705,-9.991256340190974,-6.399202082989263,-3.5920542572017107,0.5779364130241447,0.3237841021530038,0.9017205151771485,0.2541523108711409
46.18014454841614,-10.13099682124044,-6.399202082989263,-3.7317947382511774,0.6025567150456481,0.31061013734710274,0.9131668523927509,0.2919465776985454
46.200145959854126,-10.269209343579426,-6.701392916391411,-3.5678164271880153,0.6025567150456481,0.31061013734710274,0.9131668523927509,0.2919465776985454
46.2201406955719,-10.405754693967575,-6.94314558311313,-3.4626091108544452,0.5724199677599244,0.32891461199891625,0.9013345797588407,0.24350535576100818
46.24014592170715,-10.540728063247018,-7.136547716490504,-3.4041803467565144,0.578871257395076,0.3539705252535349,0.932841782648611,0.22490073214154116
46.2601523399353,-10.67404395303754,-7.291269423192404,-3.382774529845136,0.6304374707644456,0.3417491348720795,0.972186605636525,0.2886883358923661
46.28014516830444,-10.805584370283533,-7.415046788553924,-3.3905375817296095,0.6446915406515472,0.3840750674046284,1.0287666080561757,0.26061647324691883
46.3001549243927,-10.935528885912838,-7.514068680843139,-3.4214602050696987,0.6446915406515472,0.3840750674046284,1.0287666080561757,0.26061647324691883
46.320141553878784,-11.063597687486686,-7.593286194674512,-3.470311492812174,0.6654425587286823,0.4480185726917988,1.1134611314204812,0.2174239860368835
46.34013843536377,-11.189986099746726,-7.656660205739611,-3.533325894007115,0.7,0.48069933003556786,1.180699330035568,0.2193006699644321
46.36014485359192,-11.31466704355144,-7.707359414591689,-3.6073076289597505,0.6299999999999999,0.5044012455530172,1.134401245553017,0.12559875444698265
46.38014364242554,-11.437513601636082,-7.747918781673352,-3.68959481996273,0.6487991131097077,0.43440124555301723,1.083200358662725,0.2143978675566905
46.4001407623291,-11.558544237324586,-7.747918781673352,-3.810625455651234,0.6487991131097077,0.43440124555301723,1.083200358662725,0.2143978675566905
46.42014479637146,-11.677791069040346,-7.7803662753386815,-3.8974247937016644,0.5915226872265338,0.2944012455530172,0.885923932779551,0.29712144167351656
46.44069838523865,-11.798392176106864,-7.806324270270946,-3.992067905835918,0.5915226872265338,0.2944012455530172,0.885923932779551,0.29712144167351656
46.46020817756653,-11.911048653696037,-7.827090666216757,-4.0839579874792795,0.5823740336298942,0.3141766846067911,0.8965507182366852,0.26819734902310305
46.480210065841675,-12.02468841491387,-7.843703782973406,-4.180984631940464,0.5823740336298942,0.3141766846067911,0.8965507182366852,0.26819734902310305
46.50020480155945,-12.136389363664655,-7.856994276378724,-4.279395087285931,0.5823740336298942,0.3141766846067911,0.8965507182366852,0.26819734902310305
46.52028846740723,-12.246658830355926,-7.86762667110298,-4.379032159252946,0.5823740336298942,0.3141766846067911,0.8965507182366852,0.26819734902310305
46.54030966758728,-12.354644332389446,-7.876132586882385,-4.4785117455070615,0.6523740336298942,0.2617286465950018,0.9141026802248959,0.39064538703489243
46.56023693084717,-12.460181864615087,-7.88293731950591,-4.577244545109178,0.6523740336298942,0.2617286465950018,0.9141026802248959,0.39064538703489243
46.58016228675842,-12.563756254578156,-7.888381105604728,-4.675375148973427,0.7,0.22264228983593043,0.9226422898359303,0.4773577101640695
46.60014772415161,-12.66566484211439,-7.892736134483783,-4.772928707630607,0.7,0.2433445531762844,0.9433445531762843,0.45665544682371556
46.6201548576355,-12.765683658252707,-7.892736134483783,-4.872947523768923,0.6939651042222976,0.2534774275384551,0.9474425317607527,0.44048767668384253
46.640175342559814,-12.863749909450766,-7.878642032587027,-4.985107876863738,0.6939651042222976,0.2534774275384551,0.9474425317607527,0.44048767668384253
46.66016125679016,-12.959616602671282,-7.867366751069622,-5.09224985160166,0.7,0.23734288605672177,0.9373428860567217,0.4626571139432782
46.6801540851593,-13.053471806587833,-7.875924650855698,-5.177547155732135,0.7,0.18313550892096814,0.883135508920968,0.5168644910790319
46.70014047622681,-13.145237970723418,-7.882770970684559,-5.262467000038859,0.7,0.18313550892096814,0.883135508920968,0.5168644910790319
46.720144748687744,-13.235010487503887,-7.940982401547648,-5.294028085956239,0.7,0.14932494553548153,0.8493249455354814,0.5506750544645185
46.74015426635742,-13.322714864805532,-8.14575467123812,-5.176960193567412,0.7,0.19832771586996373,0.8983277158699636,0.5016722841300363
46.76015901565552,-13.40829328155408,-8.485353736990495,-4.922939544563585,0.7,0.19832771586996373,0.8983277158699636,0.5016722841300363
46.78014588356018,-13.49167971610108,-8.897657989592398,-4.594021726508682,0.7,0.18938021304827984,0.8893802130482797,0.5106197869517202
46.80015420913696,-13.573024545313611,-9.350548266673918,-4.222476278639693,0.6773204047232866,0.23860081973296457,0.9159212244562511,0.43871958499032204
46.8201425075531,-13.652146054239326,-9.871063613339137,-3.781082440900189,0.6359426479786634,0.25010905916613396,0.8860517071447973,0.38583358881252944
46.84015226364136,-13.729195717773518,-9.871063613339137,-3.8581321044343806,0.6554862082004547,0.32010905916613397,0.9755952673665886,0.3353771490343207
46.86014699935913,-13.804019874902615,-10.46325714067131,-3.340762734231305,0.6554862082004547,0.32010905916613397,0.9755952673665886,0.3353771490343207
46.88014078140259,-13.876661951841491,-11.060058837537047,-2.816603114304444,0.7,0.3105322356037503,1.0105322356037503,0.38946776439624964
46.90013885498047,-13.947128991511816,-11.590234570029638,-2.3568944214821776,0.7,0.36199712852758226,1.0619971285275822,0.3380028714724177
46.92013454437256,-14.015386035151273,-12.031953281023712,-1.983432754127561,0.7,0.3537849048785573,1.0537849048785572,0.34621509512144266
46.94016432762146,-14.081541555942131,-12.38532824981897,-1.6962133061231608,0.7,0.3537849048785573,1.0537849048785572,0.34621509512144266
46.960153102874756,-14.145338218433988,-12.650450099855176,-1.494888118578812,0.6683024883270263,0.3249356458596593,0.9932381341866856,0.34336684246736704
46.980141401290894,-14.206902232623927,-12.86254757988414,-1.3443546527397867,0.6927621334791183,0.3281955647449648,1.020957698224083,0.3645665687341535
47.000136613845825,-14.266245568298132,-13.014647438907314,-1.2515981293908176,0.7,0.37766733795215246,1.0776673379521524,0.3223326620478475
47.02013635635376,-14.323349855192046,-13.118749201125853,-1.2046006540661924,0.7,0.37766733795215246,1.0776673379521524,0.3223326620478475
47.04015827178955,-14.37825192069486,-13.118749201125853,-1.2595027195690065,0.7,0.32633577689339277,1.0263357768933927,0.3736642231066072
47.060145139694214,-14.43078838730262,-13.131718110900684,-1.2990702764019364,0.7,0.3963357768933928,1.0963357768933928,0.3036642231066072
47.080135345458984,-14.481057259797671,-13.071780738720546,-1.4092765210771248,0.6881986584514379,0.39733244245682714,1.085531100908265,0.29086621599461077
47.10014081001282,-14.529077397188217,-12.988674590976439,-1.5404028062117785,0.6881986584514379,0.39733244245682714,1.085531100908265,0.29086621599461077
47.12013483047485,-14.57477647187914,-12.887033422781151,-1.687743049097989,0.659873043000698,0.3730332157555675,1.0329062587562656,0.2868398272451305
47.14016056060791,-14.618242394709942,-12.752986113224921,-1.8652562814850207,0.7,0.36711723357249854,1.0671172335724985,0.3328827664275014
47.16014838218689,-14.659318275219771,-12.64574826557994,-2.0135700096398317,0.6927413892000913,0.29711723357249853,0.9898586227725898,0.3956241556275928
47.18013954162598,-14.698088377620351,-12.559957987463953,-2.138130390156398,0.6927413892000913,0.29711723357249853,0.9898586227725898,0.3956241556275928
47.20014142990112,-14.734558471818401,-12.456169514971164,-2.2783889568472375,0.6468791987746954,0.23156029015590307,0.8784394889305984,0.4153189086187923
47.22014594078064,-14.76870569296915,-12.337982486976932,-2.4307232059922175,0.5768791987746953,0.28056838765551206,0.8574475864302074,0.2963108111191832
47.24016308784485,-14.800539069588627,-12.243432864581546,-2.5571062050070807,0.6180840051919221,0.24266388296891805,0.8607478881608401,0.375420122223004
47.26014494895935,-14.829981334509254,-12.243432864581546,-2.586548469927708,0.6180840051919221,0.24266388296891805,0.8607478881608401,0.375420122223004
47.280153036117554,-14.857120056033624,-12.167793166665238,-2.6893268893683864,0.5673389836400746,0.223629039077059,0.7909680227171336,0.3437099445630156
47.30014634132385,-14.881893320725029,-12.10728140833219,-2.7746119123928388,0.6174822180718182,0.153629039077059,0.7711112571488772,0.46385317899475925
47.320146799087524,-14.904325736717038,-12.076450126665755,-2.827875610051283,0.6561096190661191,0.20052880108167287,0.8566384201477919,0.4555808179844462
47.34014296531677,-14.924400423524352,-12.051785101332603,-2.8726153221917485,0.6425040477141737,0.1613073503952181,0.8038113981093917,0.4811966973189556
47.36013722419739,-14.942117700227593,-12.032053081066085,-2.910064619161508,0.6425040477141737,0.1613073503952181,0.8038113981093917,0.4811966973189556
47.38014483451843,-14.957486265563695,-12.01626746485287,-2.941218800710825,0.5725040477141736,0.21185371711660977,0.7843577648307833,0.36065033059756385
47.400163412094116,-14.97049755261866,-12.038795221882296,-2.931702330736364,0.5737336425250394,0.1960904883574402,0.7698241308824796,0.37764315416759925
47.4201557636261,-14.981128037890855,-12.091973677505838,-2.8891543603850174,0.5518142635142429,0.202919102868036,0.7547333663822788,0.3488951606462069
47.44014263153076,-14.989392695217118,-12.23998519200467,-2.7494075032124474,0.5360621342575176,0.18238201517422553,0.7184441494317431,0.35368011908329205
47.46014356613159,-14.995296781243534,-12.446285028603738,-2.549011752639796,0.5330980332242323,0.25238201517422554,0.7854800483984579,0.2807160180500068
47.48014307022095,-14.998832546567291,-12.446285028603738,-2.5525475179635535,0.5245773043157531,0.245019102765218,0.7695964070809711,0.2795582015505351
47.50014019012451,-14.999999941808996,-12.64648114788299,-2.353518793926005,0.5752199735166503,0.20191556803692934,0.7771355415535797,0.373304405479721
47.52014875411987,-14.998797980276569,-12.824216168306393,-2.1745818119701763,0.5752199735166503,0.20191556803692934,0.7771355415535797,0.373304405479721
47.54013180732727,-14.995231569844366,-12.966404184645118,-2.028827385199248,0.5579881999315692,0.17104009195973036,0.7290282918912996,0.3869481079718389
47.560150146484375,-14.989288687631475,-13.097732722716094,-1.8915559649153817,0.5645835358323528,0.13970776676942465,0.7042913026017774,0.4248757690629281
47.58013939857483,-14.980988280611118,-13.185217428172876,-1.7957708524382419,0.5220627743424846,0.18190722942163107,0.7039700037641157,0.34015554492085354
47.60013437271118,-14.970321353083975,-13.255205192538302,-1.7151161605456728,0.5186983426706864,0.11530629575063346,0.6340046384213198,0.4033920469200529
47.62013506889343,-14.957287559449307,-13.311195404030643,-1.646092155418664,0.5186983426706864,0.11530629575063346,0.6340046384213198,0.4033920469200529
47.640158891677856,-14.941872503867748,-13.373565698224516,-1.5683068056432319,0.45722962037194503,0.08164483338405248,0.5388744537559975,0.37558478698789255
47.66014742851257,-14.92412573999386,-13.405883808579613,-1.5182419314142468,0.4573763413814594,0.08179007829094176,0.5391664196724011,0.3755862630905176
47.680137395858765,-14.904023461656726,-13.449316421863692,-1.4547070397930337,0.4725731192616512,0.10705287926757578,0.5796259985292269,0.3655202399940754
47.700132846832275,-14.881563544162088,-13.449316421863692,-1.4322471222983957,0.5028311135707189,0.1494364532169128,0.6522675667876316,0.35339466035380607
47.72013735771179,-14.856742951503014,-13.484062512490954,-1.3726804390120595,0.49646061989420537,0.11774564334118609,0.6142062632353915,0.3787149765530193
47.740156412124634,-14.82955464447002,-13.529437509992764,-1.3001171344772562,0.5230639181559671,0.17364204102123026,0.6967059591771974,0.3494218771347368
47.760146379470825,-14.800064727261372,-13.583315632994212,-1.2167490942671595,0.46815318013483176,0.1657447599332953,0.633897940068127,0.30240842020153647
47.78013825416565,-14.7682369045785,-13.66157438139537,-1.1066625231831289,0.4356739535456289,0.1356571976553822,0.5713311512010111,0.3000167558902467
47.800135135650635,-14.73407005457174,-13.812072005116297,-0.9219980494554427,0.5056739535456289,0.0656571976553822,0.5713311512010111,0.44001675589024675
47.82013463973999,-14.697572311260142,-14.037938854093037,-0.6596334571671054,0.4716235596960176,0.1295246474158192,0.6011482071118368,0.3420989122801984
47.84014821052551,-14.658725647556107,-14.28894483327443,-0.3697808142816772,0.4102325637167086,0.09742223766559605,0.5076548013823046,0.31281032605111253
47.860145568847656,-14.617595341472757,-14.489749616619545,-0.12784572485321277,0.34023256371670857,0.10409335016200189,0.44432591387871045,0.23613921355470668
47.880139112472534,-14.574165863226137,-14.650393443295636,0.07622758006949937,0.3542408603703369,0.06627225099990014,0.42051311137023706,0.2879686093704368
47.900136947631836,-14.528426378852542,-14.778908504636512,0.2504821257839698,0.3326835087960352,0.02913467182705048,0.3618181806230857,0.3035488369689847
47.92014789581299,-14.48036093686296,-14.899298678709211,0.41893774184625165,0.3326835087960352,0.02913467182705048,0.3618181806230857,0.3035488369689847
47.94015026092529,-14.430028461537372,-14.899298678709211,0.4692702171718395,0.4026835087960352,0.0324834104806358,0.435166919276671,0.3702000983153994
47.960145711898804,-14.377435357396886,-15.030767067967371,0.6533317105704857,0.3833359435474266,0.0,0.3833359435474266,0.3833359435474266
47.980140209198,-14.322575592826855,-15.171098029373896,0.8485224365470412,0.3420730114256729,0.0,0.3420730114256729,0.3420730114256729
48.000134229660034,-14.265456761006366,-15.30094092349912,1.0354841624927538,0.3167616978561272,0.0,0.3167616978561272,0.3167616978561272
48.02014374732971,-14.20603970685403,-15.422393363799298,1.2163536569452678,0.3092542218317975,0.06187693402171135,0.37113115585350887,0.24737728781008617
48.04015326499939,-14.14437721877318,-15.589867816039437,1.4454905972662573,0.3166172250447561,0.0,0.3166172250447561,0.3166172250447561
48.06014585494995,-14.08053404210628,-15.82931612783155,1.7487820857252707,0.3166172250447561,0.0,0.3166172250447561,0.3166172250447561
48.08014154434204,-14.014458619426374,-16.17907790226524,2.164619282838867,0.29721088961639897,0.00536356819793582,0.3025744578143348,0.29184732141846315
48.10014200210571,-13.946154557618105,-16.634668571812195,2.688514014194091,0.31062624578305975,0.0,0.31062624578305975,0.31062624578305975
48.1201376914978,-13.875665206776766,-17.104609857449756,3.2289446506729895,0.2579259422881295,0.00549061456695199,0.2634165568550815,0.2524353277211775
48.14013624191284,-13.802975116643422,-17.498141010959806,3.695165894316384,0.3279259422881295,0.0,0.3279259422881295,0.3279259422881295
48.16013979911804,-13.72808667664474,-17.498141010959806,3.7700543343150663,0.30543814358243243,0.021947037428617477,0.3273851810110499,0.28349110615381495
48.18013787269592,-13.651051061322784,-17.812965933767845,4.161914872445061,0.3313731508416821,0.0531255342066288,0.3844986850483109,0.2782476166350533
48.20013475418091,-13.571864986620374,-18.082403997014275,4.5105390103939005,0.3313731508416821,0.0531255342066288,0.3844986850483109,0.2782476166350533
48.22014117240906,-13.490497129760978,-18.297954447611424,4.807457317850446,0.27228425760695235,0.013063155114650726,0.2853474127216031,0.2592211024923016
48.24014472961426,-13.407009692182987,-18.47039480808914,5.0633851159061525,0.2867101956246187,0.017407001927495003,0.3041171975521137,0.2693031936971237
48.26014304161072,-13.321427102510162,-18.608347096471313,5.286919993961151,0.25498558619001405,0.004658866673707962,0.259644452863722,0.2503267195163061
48.28014063835144,-13.233744433742682,-18.718708927177055,5.484964493434372,0.2799629740504314,0.039591554552316666,0.3195545286027481,0.24037141949811475
48.300143241882324,-13.143949768912048,-18.806998391741644,5.663048622829596,0.31158057079592244,0.10959155455231667,0.4211721253482391,0.20198901624360577
48.320138931274414,-13.052111094898486,-18.877629963393314,5.825518868494829,0.31158057079592244,0.10959155455231667,0.4211721253482391,0.20198901624360577
48.34015917778015,-12.958095649881535,-18.934135220714655,5.9760395708331195,0.2439021639613201,0.06380685761570931,0.3077090215770294,0.1800953063456108
48.36014270782471,-12.86220787539419,-18.979339426571727,6.117131551177536,0.3005957439629127,0.09874139323830605,0.3993371372012188,0.20185435072460667
48.38013577461243,-12.76424514308005,-18.979339426571727,6.215094283491677,0.2962454682303359,0.040155484974384315,0.3364009532047202,0.25608998325595156
48.4001305103302,-12.664259756443219,-19.015502791257383,6.351243034814164,0.2962454682303359,0.040155484974384315,0.3364009532047202,0.25608998325595156
48.42013740539551,-12.562212964750904,-19.04443348300591,6.482220518255007,0.30968566277006165,0.026609730608761317,0.33629539337882297,0.28307593216130034
48.4401433467865,-12.458186091967216,-19.06757803640473,6.6093919444375135,0.2969996308995177,0.0,0.2969996308995177,0.2969996308995177
48.46014165878296,-12.352231553260863,-19.068515554123785,6.716284000862922,0.29210850355157153,0.022064505144953728,0.31417300869652526,0.2700439984066178
48.480165004730225,-12.244190492611361,-19.069265568299027,6.825075075687666,0.25589936730393664,0.024723905604332685,0.28062327290826933,0.23117546169960396
48.50014519691467,-12.134450511171664,-19.069865579639224,6.9354150684675595,0.25589936730393664,0.024723905604332685,0.28062327290826933,0.23117546169960396
48.5201473236084,-12.02267453508906,-19.070345588711376,7.047671053622317,0.31794814151653544,0.04469571029767394,0.3626438518142094,0.2732524312188615
48.540149450302124,-11.908999635552961,-19.0707295959691,7.161729960416141,0.30411514864244954,0.049690247513353825,0.35380539615580336,0.2544249011290957
48.56015062332153,-11.793449321062806,-19.071036801775282,7.2775874807124765,0.2341151486424495,0.0,0.2341151486424495,0.2341151486424495
48.58014130592346,-11.67609853259432,-19.071282566420226,7.395184033825906,0.2341151486424495,0.0,0.2341151486424495,0.2341151486424495
48.60014796257019,-11.556809694777812,-19.071282566420226,7.514472871642415,0.2341151486424495,0.0,0.2341151486424495,0.2341151486424495
48.620139360427856,-11.435787751442275,-19.07147917813618,7.635691426693905,0.2341151486424495,0.0,0.2341151486424495,0.2341151486424495
48.64015007019043,-11.312842000153118,-19.071636467508945,7.758794467355827,0.1723117891041328,0.00096367415972054,0.17327546326385335,0.17134811494441227
48.66014242172241,-11.188223153422758,-19.07176229900716,7.8835391455844,0.23416180045285717,0.0,0.23416180045285717,0.23416180045285717
48.680142879486084,-11.061787307616665,-19.071862964205724,8.01007565658906,0.24885396075376764,0.0,0.24885396075376764,0.24885396075376764
48.70013928413391,-10.933630749379086,-19.07194349636458,8.138312746985493,0.25359440243744746,0.0,0.25359440243744746,0.25359440243744746
48.72013783454895,-10.803734235524235,-19.089586047091665,8.28585181156743,0.25359440243744746,0.0,0.25359440243744746,0.25359440243744746
48.74014663696289,-10.672064035955323,-19.10370008767333,8.431636051718009,0.22029825321340457,0.021953687071800232,0.2422519402852048,0.19834456614160434
48.76014065742493,-10.538806247880608,-19.132569445138667,8.59376319725806,0.28327156624698535,0.0,0.28327156624698535,0.28327156624698535
48.780134439468384,-10.403886873778799,-19.155664931110934,8.751778057332135,0.2633641569217433,0.0,0.2633641569217433,0.2633641569217433
48.80013465881348,-10.267281396648885,-19.155664931110934,8.888383534462049,0.1933641569217433,0.0,0.1933641569217433,0.1933641569217433
48.82013154029846,-10.129077764102806,-19.17414131988875,9.045063555785944,0.23695783181989086,0.0015494185499846935,0.23850725036987555,0.23540841326990616
48.840147256851196,-9.989142704543951,-19.188922430911,9.199779726367048,0.21918247318768397,0.0,0.21918247318768397,0.21918247318768397
48.860145807266235,-9.847749801881154,-19.2007473197288,9.352997517847648,0.20711032724881068,0.0,0.20711032724881068,0.20711032724881068
48.88014030456543,-9.704831178074372,-19.21020723078304,9.50537605270867,0.22969530387723341,0.0633135735988617,0.2930088774760951,0.16638173027837172
48.900134563446045,-9.560382623584257,-19.21777515962643,9.657392536042174,0.2535358355840434,0.10875872522592545,0.36229456080996886,0.14477711035811797
48.92014479637146,-9.414308033405383,-19.223829502701147,9.809521469295763,0.2535358355840434,0.10875872522592545,0.36229456080996886,0.14477711035811797
48.94014883041382,-9.266791234079651,-19.22867297716092,9.961881743081268,0.2689175396686186,0.13066520169377327,0.39958274136239186,0.13825233797484532
48.960150480270386,-9.117828353227976,-19.232547756728735,10.114719403500759,0.3389175396686186,0.15908528119325638,0.498002820861875,0.17983225847536222
48.98013687133789,-8.967540705741918,-19.235647580382988,10.26810687464107,0.3495447526028146,0.22214213013648987,0.5716868827393045,0.12740262246632472
49.00013256072998,-8.815768004017873,-19.23812743930639,10.422359435288516,0.4195447526028146,0.2511429265141487,0.6706876791169634,0.16840182608866588
49.020129919052124,-8.662590949164885,-19.23812743930639,10.575536490141504,0.4195447526028146,0.2511429265141487,0.6706876791169634,0.16840182608866588
49.040138721466064,-8.507957502402302,-19.222533201445113,10.714575699042811,0.48954475260281466,0.23218256048858163,0.7217273130913963,0.25736219211423306
49.060141801834106,-8.352024163615091,-19.192479686156087,10.840455522540996,0.4435060318460454,0.2717440966516733,0.7152501284977187,0.1717619351943721
49.08014178276062,-8.194796004030762,-19.150858748924872,10.95606274489411,0.4093000624229898,0.2017440966516733,0.6110441590746631,0.20755596577131646
49.10014295578003,-8.036264306887773,-19.082405749139898,11.046141442252125,0.3736091848363866,0.2717440966516733,0.6453532814880599,0.10186508818471329
49.12013792991638,-7.876513162041853,-18.92217459931192,11.045661437270066,0.4436091848363866,0.29227944277226925,0.7358886276086558,0.15132974206411737
49.140140771865845,-7.71545525855471,-18.618208429449535,10.902753170894826,0.4436091848363866,0.29227944277226925,0.7358886276086558,0.15132974206411737
49.16013789176941,-7.553225241908272,-18.14651986855963,10.593294626651357,0.3736091848363866,0.23859156109392643,0.612200745930313,0.13501762374246018
49.18014597892761,-7.389712876811474,-17.663700269847702,10.273987393036228,0.3073647614469518,0.2088841013610363,0.5162488628079881,0.0984806600859155
49.20013928413391,-7.22515473676582,-17.259866465878165,10.034711729112345,0.302861711559235,0.1388841013610363,0.4417458129202713,0.16397761019819873
49.22013974189758,-7.059396945643365,-16.90164317270253,9.842246227059167,0.2616434605693211,0.1325638618506491,0.3942073224199702,0.12907959871867197
49.2401397228241,-6.892528334420155,-16.90164317270253,10.009114838282375,0.32757102024683254,0.14442547859624028,0.4719964988430728,0.18314554165059227
49.26014280319214,-6.724545203493981,-16.492017663162027,9.767472459668046,0.32757102024683254,0.14442547859624028,0.4719964988430728,0.18314554165059227
49.28014373779297,-6.555518051624626,-16.058848505529625,9.503330453904999,0.3751683316839625,0.15956965817138552,0.534737989855348,0.215598673512577
49.30013990402222,-6.385496276112178,-15.6771569294237,9.291660653311522,0.3051683316839625,0.20270400105044245,0.507872332734405,0.10246433063352006
49.32013773918152,-6.214452227362466,-15.354225543538963,9.139773316176496,0.27355665069946544,0.18965754641219973,0.46321419711166517,0.08389910428726571
49.340145111083984,-6.042344790381254,-15.078302309831171,9.035957519449918,0.27355665069946544,0.18965754641219973,0.46321419711166517,0.08389910428726571
49.36014175415039,-5.869375548244795,-14.875141847864937,9.005766299620142,0.34355665069946545,0.16080921871587633,0.5043658694153418,0.18274743198358911
49.38014554977417,-5.695417411865612,-14.71261347829195,9.017196066426337,0.2896883606625487,0.23080921871587634,0.520497579378425,0.058879141946672375
49.400147676467896,-5.520574186926948,-14.582590782633558,9.06201659570661,0.30738050189742344,0.18486731825396419,0.4922478201513876,0.12251318364345926
49.42014789581299,-5.344875810334386,-14.496150751106846,9.15127494077246,0.28879298155137795,0.19704705057665706,0.485840032128035,0.09174593097472089
49.440149784088135,-5.1683186312494485,-14.426998725885479,9.25868009463603,0.3147656105173518,0.16124490974470973,0.47601052026206153,0.15352070077264207
49.46013951301575,-4.991053230028237,-14.426998725885479,9.435945495857242,0.3147656105173518,0.16124490974470973,0.47601052026206153,0.15352070077264207
49.48013520240784,-4.812947287191556,-14.371677105708384,9.558729818516827,0.28489113111922043,0.22539425222203135,0.5102853833412517,0.059496878897189076
49.500139236450195,-4.634006852454451,-14.327419809566706,9.693412957112255,0.35489113111922044,0.23204009048640728,0.5869312216056277,0.12285104063281316
49.520140409469604,-4.454360107258395,-14.274435847653367,9.820075740394971,0.37433611084648866,0.2339767353842035,0.6083128462306922,0.14035937546228516
49.540159702301025,-4.273846188092598,-14.196892428122695,9.923046240030096,0.328216003672569,0.226893829763867,0.5551098334364359,0.10132217390870199
49.56014537811279,-4.092960887277692,-14.134857692498157,10.041896805220464,0.36898613204190034,0.2645986849674955,0.6335848170093958,0.10438744707440484
49.58014416694641,-3.9113108742416163,-14.067651778998526,10.15634090475691,0.36898613204190034,0.2645986849674955,0.6335848170093958,0.10438744707440484
49.60014462471008,-3.7290280591967746,-14.013887048198821,10.284858989002046,0.40254553263017434,0.21250045916531235,0.6150459917954867,0.190045073464862
49.62014603614807,-3.546147627053125,-13.935719013559059,10.389571386505933,0.39716535010316867,0.19224963209126145,0.5894149821944301,0.20491571801190722
49.640158891677856,-3.3626020251813435,-13.714981460847246,10.352379435665902,0.3750150869128992,0.25721762201283127,0.6322327089257305,0.11779746490006793
49.66015434265137,-3.178685055475882,-13.362610168677799,10.183925113201918,0.3062296504614641,0.20140173530671746,0.5076313857681816,0.10482791515474665
49.680145502090454,-2.9943059955721036,-13.362610168677799,10.368304173105695,0.28097184323647517,0.22396157367620617,0.5049334169126813,0.057010269560269
49.70014262199402,-2.809399336010602,-12.922510009942242,10.11311067393164,0.292017899872153,0.2448563507059589,0.5368742505781119,0.04716154916619408
49.72266602516174,-2.600603364908627,-12.517695507953794,9.917092143045167,0.3517271657002856,0.29905081226024777,0.6507779779605334,0.05267635344003785
49.740209341049194,-2.437610732456511,-12.193843906363036,9.756233173906525,0.3517271657002856,0.29905081226024777,0.6507779779605334,0.05267635344003785
49.76021385192871,-2.251391182018196,-11.934762625090428,9.683371443072232,0.2965894904447486,0.30829971155617386,0.6048892020009224,-0.011710221111425279
49.7802152633667,-2.064844883885879,-11.727497600072343,9.662652716186464,0.2965894904447486,0.30829971155617386,0.6048892020009224,-0.011710221111425279
49.800190925598145,-1.8782132476257183,-11.561685580057874,9.683472332432157,0.2965894904447486,0.30829971155617386,0.6048892020009224,-0.011710221111425279
49.820191621780396,-1.6910513060308743,-11.429035964046301,9.737984658015428,0.2965894904447486,0.30829971155617386,0.6048892020009224,-0.011710221111425279
49.84017610549927,-1.5037743384034512,-11.322916271237041,9.81914193283359,0.2965894904447486,0.30829971155617386,0.6048892020009224,-0.011710221111425279
49.86019778251648,-1.3159110889585972,-11.185286141989634,9.869375053031037,0.2965894904447486,0.30829971155617386,0.6048892020009224,-0.011710221111425279
49.880178689956665,-1.128222747369156,-10.899400788591707,9.771178041222552,0.2965894904447486,0.30829971155617386,0.6048892020009224,-0.011710221111425279
49.900346517562866,-0.9385983639633991,-10.354286255873367,9.415687891909968,0.2965894904447486,0.30829971155617386,0.6048892020009224,-0.011710221111425279
49.920307874679565,-0.7507667730292832,-10.354286255873367,9.603519482844083,0.2965894904447486,0.30829971155617386,0.6048892020009224,-0.011710221111425279
49.94032049179077,-0.5623343108338856,-9.566632129698693,9.004297818864806,0.2965894904447486,0.30829971155617386,0.6048892020009224,-0.011710221111425279
49.96035194396973,-0.37363547623353616,-8.655258828758956,8.28162335252542,0.2965894904447486,0.30829971155617386,0.6048892020009224,-0.011710221111425279
49.980284214019775,-0.1858121527246038,-7.767957063007164,7.58214491028256,0.2965894904447486,0.30829971155617386,0.6048892020009224,-0.011710221111425279
50.000364780426025,0.0034379744896188046,-6.987803150405732,6.9912411248953505,0.2965894904447486,0.30829971155617386,0.6048892020009224,-0.011710221111425279
50.020317792892456,0.19148548543904637,-6.363680020324587,6.555165505763633,0.2965894904447486,0.30829971155617386,0.6048892020009224,-0.011710221111425279
50.04037666320801,0.3805002670442047,-5.86438151625967,6.2448817833038754,0.2965894904447486,0.30829971155617386,0.6048892020009224,-0.011710221111425279
50.0604190826416,0.5692996748349122,-5.464942713007737,6.034242387842649,0.2965894904447486,0.30829971155617386,0.6048892020009224,-0.011710221111425279
50.08030414581299,0.7565276451501076,-5.14539167040619,5.901919315556298,0.2965894904447486,0.30829971155617386,0.6048892020009224,-0.011710221111425279
50.100332736968994,0.9449875562610911,-4.889750836324953,5.834738392586043,0.2965894904447486,0.30829971155617386,0.6048892020009224,-0.011710221111425279
50.12032389640808,1.1329460383401573,-4.6852381690599625,5.81818420740012,0.2965894904447486,0.30829971155617386,0.6048892020009224,-0.011710221111425279
50.1403374671936,1.3209361747204893,-4.6852381690599625,6.006174343780452,0.2965894904447486,0.30829971155617386,0.6048892020009224,-0.011710221111425279
50.160367488861084,1.5088716963682676,-4.5216280352479705,6.0304997316162385,0.2965894904447486,0.30829971155617386,0.6048892020009224,-0.011710221111425279
50.180349349975586,1.6961172431907536,-4.390739928198378,6.0868571713891315,0.2965894904447486,0.30829971155617386,0.6048892020009224,-0.011710221111425279
50.200302839279175,1.8828301562135794,-4.286029442558703,6.168859598772282,0.2812183829484274,0.29539707920048386,0.5766154621489112,-0.014178696252056477
50.220253229141235,2.0692181974945263,-4.202261054046962,6.271479251541487,0.2812183829484274,0.29539707920048386,0.5766154621489112,-0.014178696252056477
50.24027490615845,2.255945330157562,-4.13524634323757,6.391191673395133,0.2812183829484274,0.29539707920048386,0.5766154621489112,-0.014178696252056477
50.26027178764343,2.4420848760690723,-4.081634574590057,6.523719450659129,0.2812183829484274,0.29539707920048386,0.5766154621489112,-0.014178696252056477
50.28027844429016,2.6279296126063,-4.038745159672046,6.666674772278346,0.2812183829484274,0.29539707920048386,0.5766154621489112,-0.014178696252056477
50.300230264663696,2.812851442598432,-4.004433627737637,6.817285070336069,0.2812183829484274,0.29539707920048386,0.5766154621489112,-0.014178696252056477
50.320260524749756,2.9980555918294733,-3.9769844021901095,6.975039994019583,0.2812183829484274,0.29539707920048386,0.5766154621489112,-0.014178696252056477
50.34028697013855,3.1827497456478913,-3.9769844021901095,7.159734147838001,0.2812183829484274,0.29539707920048386,0.5766154621489112,-0.014178696252056477
50.36026954650879,3.3665370696384995,-3.9550250217520877,7.321562091390588,0.2812183829484274,0.29539707920048386,0.5766154621489112,-0.014178696252056477
50.38027238845825,3.549979277090546,-3.9374575174016706,7.487436794492217,0.2812183829484274,0.29539707920048386,0.5766154621489112,-0.014178696252056477
50.40028381347656,3.7329390909030757,-3.923403513921337,7.656342604824413,0.2812183829484274,0.29539707920048386,0.5766154621489112,-0.014178696252056477
50.42027235031128,3.915100518424913,-3.91216031113707,7.8272608295619825,0.2812183829484274,0.29539707920048386,0.5766154621489112,-0.014178696252056477
50.44026303291321,4.0966638692175685,-3.903165748909657,7.999829618127226,0.2812183829484274,0.29539707920048386,0.5766154621489112,-0.014178696252056477
50.46028995513916,4.2779082787773755,-3.8959700991277257,8.173878377905101,0.2812183829484274,0.29539707920048386,0.5766154621489112,-0.014178696252056477
50.48025107383728,4.457883178659574,-3.8902135793021806,8.348096757961756,0.2812183829484274,0.29539707920048386,0.5766154621489112,-0.014178696252056477
50.50035500526428,4.638436888728027,-3.885608363441745,8.524045252169772,0.2812183829484274,0.29539707920048386,0.5766154621489112,-0.014178696252056477
50.520256996154785,4.816448081158636,-3.8819241907533963,8.698372271912032,0.2812183829484274,0.29539707920048386,0.5766154621489112,-0.014178696252056477
50.54025912284851,4.994596049873653,-3.8789768526027175,8.87357290247637,0.2812183829484274,0.29539707920048386,0.5766154621489112,-0.014178696252056477
50.56027913093567,5.1721133394628405,-3.8789768526027175,9.051090192065558,0.2812183829484274,0.29539707920048386,0.5766154621489112,-0.014178696252056477
50.58022451400757,5.348155162561138,-3.876618982082174,9.224774144643312,0.2812183829484274,0.29539707920048386,0.5766154621489112,-0.014178696252056477
50.60024619102478,5.524025580621768,-3.8747326856657396,9.398758266287508,0.2812183829484274,0.29539707920048386,0.5766154621489112,-0.014178696252056477
50.620256185531616,5.69891995030262,-3.873223648532592,9.572143598835211,0.2812183829484274,0.29539707920048386,0.5766154621489112,-0.014178696252056477
50.640273571014404,5.872977591984271,-3.872016418826074,9.744994010810345,0.2812183829484274,0.29539707920048386,0.5766154621489112,-0.014178696252056477
50.660268783569336,6.045914961750071,-3.87105063506086,9.91696559681093,0.2812183829484274,0.29539707920048386,0.5766154621489112,-0.014178696252056477
50.68022298812866,6.217546344972027,-3.8702780080486883,10.087824353020716,0.2938034976361086,0.2606997141847387,0.5545032118208473,0.033103783451369884
50.70034718513489,6.3896499448249715,-3.8696599064389514,10.259309851263923,0.2938034976361086,0.2606997141847387,0.5545032118208473,0.033103783451369884
50.72034692764282,6.559677143709964,-3.869165425151161,10.428842568861125,0.2938034976361086,0.2606997141847387,0.5545032118208473,0.033103783451369884
50.74025750160217,6.727917412974087,-3.868769840120929,10.596687253095016,0.2938034976361086,0.2606997141847387,0.5545032118208473,0.033103783451369884
50.76024103164673,6.89571538296579,-3.868453372096744,10.764168755062533,0.2938034976361086,0.2606997141847387,0.5545032118208473,0.033103783451369884
50.78026342391968,7.062749360731699,-3.868453372096744,10.931202732828442,0.2938034976361086,0.2606997141847387,0.5545032118208473,0.033103783451369884
50.80025672912598,7.228425342296708,-3.868200197677395,11.096625539974102,0.2938034976361086,0.2606997141847387,0.5545032118208473,0.033103783451369884
50.820266008377075,7.393091631471067,-3.8679976581419164,11.261089289612983,0.2938034976361086,0.2606997141847387,0.5545032118208473,0.033103783451369884
50.84024620056152,7.556352569621027,-3.8678356265135334,11.42418819613456,0.2938034976361086,0.2606997141847387,0.5545032118208473,0.033103783451369884
50.86025309562683,7.718638427575465,-3.8677060012108266,11.586344428786292,0.2938034976361086,0.2606997141847387,0.5545032118208473,0.033103783451369884
50.88024568557739,7.879589860518108,-3.8676023009686613,11.747192161486769,0.2938034976361086,0.2606997141847387,0.5545032118208473,0.033103783451369884
50.90025067329407,8.03939658359743,-3.8675193407749298,11.90691592437236,0.2938034976361086,0.2606997141847387,0.5545032118208473,0.033103783451369884
50.92024111747742,8.197818371572035,-3.8674529726199443,12.065271344191979,0.2938034976361086,0.2606997141847387,0.5545032118208473,0.033103783451369884
50.940211057662964,8.354786371652061,-3.8849780030959558,12.239764374748017,0.2938034976361086,0.2606997141847387,0.5545032118208473,0.033103783451369884
50.96024417877197,8.510929357606132,-3.898998027476764,12.409927385082897,0.2938034976361086,0.2606997141847387,0.5545032118208473,0.033103783451369884
50.9802360534668,8.665406608018948,-3.910214046981412,12.57562065500036,0.2938034976361086,0.2606997141847387,0.5545032118208473,0.033103783451369884
51.000253438949585,8.818711095299648,-3.910214046981412,12.72892514228106,0.2938034976361086,0.2606997141847387,0.5545032118208473,0.033103783451369884
51.02025270462036,8.970483712815927,-3.9191868625851294,12.889670575401055,0.2938034976361086,0.2606997141847387,0.5545032118208473,0.033103783451369884
51.04025483131409,9.120861297931114,-3.9263651150681036,13.047226412999217,0.2938034976361086,0.2606997141847387,0.5545032118208473,0.033103783451369884
51.06024694442749,9.269724089652014,-3.9321077170544836,13.201831806706497,0.2938034976361086,0.2606997141847387,0.5545032118208473,0.033103783451369884
51.080239057540894,9.417124238718309,-3.9367017986435866,13.353826037361895,0.2938034976361086,0.2606997141847387,0.5545032118208473,0.033103783451369884
51.10029411315918,9.563495508082578,-3.9403770639148696,13.503872571997448,0.2938034976361086,0.2606997141847387,0.5545032118208473,0.033103783451369884
51.120256662368774,9.707683634960897,-3.9433172761318964,13.651000911092794,0.2938034976361086,0.2606997141847387,0.5545032118208473,0.033103783451369884
51.14028215408325,9.850791916643418,-3.9456694459055175,13.796461362548936,0.2462307209608843,0.2882618015864864,0.5344925225473707,-0.042031080625602096
51.160295724868774,9.992256882364028,-3.9475511817244144,13.939808064088442,0.2462307209608843,0.2882618015864864,0.5344925225473707,-0.042031080625602096
51.180238008499146,10.131646381188634,-3.949056570379532,14.080702951568167,0.28918885760882396,0.3168408094206825,0.6060296670295064,-0.027651951811858533
51.20016407966614,10.26933382195889,-3.9502608813036257,14.219594703262516,0.28918885760882396,0.3168408094206825,0.6060296670295064,-0.027651951811858533
51.22015142440796,10.405827522944326,-3.9502608813036257,14.356088404247952,0.2319879265961935,0.32608273869846016,0.5580706652946537,-0.09409481210226667
51.24014902114868,10.5407488464038,-3.9512243300429004,14.491973176446699,0.2302635579364141,0.3390674829715863,0.5693310409080004,-0.1088039250351722
51.26014232635498,10.673977646121495,-3.9519950890343214,14.625972735155816,0.26482400735781986,0.3752677977317944,0.6400918050896143,-0.11044379037397456
51.28014421463013,10.80557813619928,-3.952611696227457,14.758189832426737,0.31806626608537036,0.3052677977317944,0.6233340638171647,0.012798468353575954
51.30014657974243,10.935475054125972,-3.935526856981966,14.871001911107937,0.31806626608537036,0.3052677977317944,0.6233340638171647,0.012798468353575954
51.32014322280884,11.06360830895789,-3.9218589855855734,14.985467294543465,0.32435488067509133,0.3476717788213864,0.6720266594964777,-0.023316898146295062
51.34016275405884,11.190138732357417,-3.8230340634684588,15.013172795825875,0.39435488067509133,0.4176717788213864,0.8120266594964778,-0.023316898146295062
51.36015057563782,11.314702448797188,-3.480302250774767,14.795004699571955,0.39435488067509133,0.4176717788213864,0.8120266594964778,-0.023316898146295062
51.38014316558838,11.437510694020789,-2.872132425619814,14.309643119640603,0.32435488067509133,0.3476717788213864,0.6720266594964777,-0.023316898146295062
51.40014839172363,11.558590066486175,-2.262549690495851,13.821139756982026,0.3326873213046928,0.3829066808754578,0.7155940021801506,-0.05021935957076501
51.42016553878784,11.677913763262083,-1.7748835023966811,13.452797265658765,0.37418117672146756,0.4171963389450684,0.7913775156665359,-0.043015162223600856
51.440165281295776,11.795288882781774,-1.384750551917345,13.180039434699118,0.3204555466765304,0.43867805222515016,0.7591335989016805,-0.11822250554861974
51.46014094352722,11.910663484186625,-1.384750551917345,13.29541403610397,0.3728826075786491,0.4738495237613097,0.8467321313399587,-0.10096691618266057
51.48014712333679,12.02433377959902,-1.072644191533876,13.096977971132896,0.3142103806132217,0.5109024829650297,0.8251128635782514,-0.196692102351808
51.5001585483551,12.136133172943456,-0.822959103227101,12.959092276170557,0.3772984325879951,0.5648836902761831,0.9421821228641782,-0.187585257688188
51.52015161514282,12.245914021388604,-0.6232110325816808,12.869125053970285,0.41366679146827656,0.4948836902761831,0.9085504817444596,-0.08121689880790656
51.54016327857971,12.353861849385927,-0.4634125760653447,12.817274425451272,0.41366679146827656,0.4948836902761831,0.9085504817444596,-0.08121689880790656
51.560142278671265,12.45968517766174,-0.3355738108522758,12.795258988514016,0.48366679146827657,0.4700762110436334,0.95374300251191,0.013590580424643173
51.58014464378357,12.563665412942987,-0.25088092368182063,12.814546336624808,0.49206313293369014,0.487347144880332,0.9794102778140221,0.0047159880533581555
51.60014319419861,12.665641968926385,-0.1831266139454565,12.848768582871841,0.42206313293369013,0.5237394126737489,0.945802545607439,-0.10167627974005877
51.620142698287964,12.765623482802875,-0.12892316615636523,12.89454664895924,0.49206313293369014,0.461779281743802,0.9538424146774922,0.030283851189888134
51.6401481628418,12.863618151501456,-0.08556040792509217,12.949178559426548,0.46147244598658277,0.467859780662693,0.9293322266492758,-0.006387334676110246
51.660141944885254,12.959524952981381,-0.05087020134007375,13.010395154321454,0.46147244598658277,0.467859780662693,0.9293322266492758,-0.006387334676110246
51.68014359474182,13.053423098752905,-0.05087020134007375,13.104293300092978,0.3914724459865828,0.4221998474234714,0.8136722934100542,-0.03072740143688857
51.70014810562134,13.145272605676908,-0.040696161072059006,13.185968766748967,0.3214724459865828,0.3851374334329738,0.7066098794195566,-0.06366498744639099
51.7201406955719,13.234992509769354,-0.0325569288576472,13.267549438627,0.2514724459865828,0.3703374725440516,0.6218099185306344,-0.11886502655746878
51.74014663696289,13.32268182459217,-0.04362366808611776,13.366305492678288,0.19955716919095712,0.3643712594779207,0.5639284286688778,-0.1648140902869636
51.76014852523804,13.408248958508914,-0.052477059468894215,13.460726017977807,0.19955716919095712,0.3643712594779207,0.5639284286688778,-0.1648140902869636
51.780139446258545,13.491653201118389,-0.041981647575115376,13.533634848693504,0.16570868607552247,0.36342727539828035,0.5291359614738028,-0.19771858932275788
51.80015182495117,13.573014979828203,-0.0335853180600923,13.606600297888296,0.1274064246931811,0.400923302003648,0.5283297266968291,-0.2735168773104669
51.820149183273315,13.652172120335289,-0.009290129448073843,13.661462249783362,0.08581643816025453,0.4430416390090248,0.5288580771692794,-0.3572252008487703
51.84014630317688,13.729173088902387,0.027724146441540923,13.701448942460846,0.03207177933247285,0.3730416390090248,0.40511341834149767,-0.34096985967655197
51.86015224456787,13.804039218154786,0.07491369215323274,13.729125526001553,0.043214191533042956,0.3213207441358826,0.36453493566892553,-0.2781065526028396
51.88014221191406,13.876667071010495,0.07491369215323274,13.801753378857262,0.043214191533042956,0.3213207441358826,0.36453493566892553,-0.2781065526028396
51.900148153305054,13.947161244629243,0.11266532872258618,13.834495915906656,0.00810501430125432,0.3562693017511627,0.36437431605241705,-0.3481642874499084
51.92014837265015,14.015432474934297,0.17802288797806895,13.837409586956229,0.0,0.3254474661289713,0.3254474661289713,-0.3254474661289713
51.94015860557556,14.081522974825907,0.42366831038245517,13.657854664443452,0.0,0.34007200589170666,0.34007200589170666,-0.34007200589170666
51.96015524864197,14.145344947322528,0.9893252733059642,13.156019674016564,0.0,0.34007200589170666,0.34007200589170666,-0.34007200589170666
51.980143308639526,14.206908000491692,1.8813039686447715,12.325604031846922,0.025515975430607796,0.2715064211725256,0.2970223966031334,-0.2459904457419178
52.00013995170593,14.266255286937625,2.9640275499158175,11.302227737021807,0.0,0.24394330931594582,0.24394330931594582,-0.24394330931594582
52.020139932632446,14.323359864372843,4.129034539932654,10.19432532444019,0.0,0.28029616726329537,0.28029616726329537,-0.28029616726329537
52.04015898704529,14.37825384140173,5.395024506946123,8.983229334455608,0.0,0.28029616726329537,0.28029616726329537,-0.28029616726329537
52.0601441860199,14.430785934750533,6.829691480556899,7.6010944541936345,0.004268312361091375,0.21554160667350503,0.2198099190345964,-0.21127329431241365
52.08016228675842,14.481123468647828,8.434456309445519,6.046667159202309,0.07020775927230716,0.2709438045485875,0.3411515638208947,-0.20073604527628036
52.10015654563904,14.529114265668923,8.434456309445519,6.094657956223404,0.0999793685041368,0.3291360502107999,0.4291154187149367,-0.2291566817066631
52.1201446056366,14.57479825237273,10.052252547556416,4.522545704816315,0.0999793685041368,0.3291360502107999,0.4291154187149367,-0.2291566817066631
52.14018964767456,14.618303846711347,11.575005163045134,3.0432986836662135,0.1699793685041368,0.32510458342498155,0.49508395192911836,-0.15512521492084475
52.16015124320984,14.65932398940628,12.916254130436107,1.7430698589701734,0.17088614624692128,0.30042564160889,0.4713117878558113,-0.12953949536196874
52.180147886276245,14.698104077147887,14.077143929348885,0.6209601477990017,0.2072252653236501,0.25895476517966004,0.46618003050331014,-0.05172949985600994
52.200138092041016,14.734552579779995,15.07616826847911,-0.34161568869911463,0.2072252653236501,0.25895476517966004,0.46618003050331014,-0.05172949985600994
52.220149993896484,14.7687123753038,15.928122114783289,-1.1594097394794893,0.24196933802915738,0.28243048665812226,0.5243998246872796,-0.04046114862896488
52.24015474319458,14.800526286497044,16.627263316826628,-1.8267370303295838,0.2346031878772192,0.31683807996800156,0.5514412678452207,-0.08223489209078236
52.26015567779541,14.829996515413116,17.186576278461306,-2.35657976304819,0.26452409184305,0.32408990841126056,0.5886140002543105,-0.05956581656821058
52.2801456451416,14.8571104642692,17.634026647769044,-2.7769161834998446,0.26452409184305,0.32408990841126056,0.5886140002543105,-0.05956581656821058
52.30014395713806,14.881890506467574,17.974408818215238,-3.0925183117476642,0.27086616155458615,0.3575029088160953,0.6283690703706815,-0.08663674726150916
52.320138454437256,14.904316867962995,17.974408818215238,-3.070091950252243,0.3109774686093442,0.4275029088160953,0.7384803774254396,-0.1165254402067511
52.34015369415283,14.924410562413215,18.141245804572193,-3.2168352421589788,0.3404520865227096,0.4051778158894739,0.7456299024121835,-0.0647257293667643
52.36014461517334,14.942123813649339,17.993465393657754,-3.0513415800084154,0.3238507549907081,0.34100863996660324,0.6648593949573114,-0.017157884975895155
52.38014101982117,14.957483560583084,17.506100439926204,-2.54861687934312,0.35667803545249627,0.35533435277407976,0.7120123882265761,0.0013436826784165024
52.400144815444946,14.970486564307265,16.817380351940965,-1.8468937876337002,0.3445192811707966,0.3774031215137801,0.7219224026845767,-0.03288384034298347
52.420138120651245,14.981119698542116,16.143357406552774,-1.1622377080106574,0.3445192811707966,0.3774031215137801,0.7219224026845767,-0.03288384034298347
52.440144300460815,14.98939328664026,15.58656092524222,-0.5971676386019595,0.4049584282259457,0.41915414117043825,0.824112569396384,-0.014195712944492567
52.46013593673706,14.995294980567149,15.035654990193779,-0.04036000962662989,0.390692038803827,0.4504026864445767,0.8410947252484038,-0.05971064764074968
52.48013949394226,14.99883212601279,14.401570867155023,0.5972612588577668,0.3759676351840608,0.43638340484118077,0.8123510400252416,-0.06041576965711998
52.500136375427246,14.999999944932767,13.70094419372402,1.2990557512087477,0.3759676351840608,0.43638340484118077,0.8123510400252416,-0.06041576965711998
52.52013874053955,14.99879917472953,12.999817854979216,1.998981319750314,0.3816441463935189,0.4233660065359435,0.8050101529294624,-0.04172186014242457
52.54013538360596,14.995230719990232,12.999817854979216,1.9954128650110157,0.3356692435848527,0.49336600653594354,0.8290352501207963,-0.15769676295109086
52.56013751029968,14.989293187032057,12.403760533983373,2.585532653048684,0.3248240881296806,0.4866854671924374,0.811509555322118,-0.16186137906275677
52.580132246017456,14.980991673389743,11.891758427186698,3.0892332462030456,0.27990139356581495,0.5143880520551465,0.7942894456209615,-0.23448665848933153
52.600136041641235,14.970320364099745,11.429422366749359,3.5408979973503865,0.23557510680286214,0.5367675379454158,0.772342644748278,-0.3011924311425536
52.620137214660645,14.957286034361736,11.059553518399488,3.8977325159622485,0.16654597676126287,0.5948294394253753,0.7613754161866382,-0.4282834626641124
52.64014410972595,14.941884756209344,10.763658439719592,4.178226316489752,0.16654597676126287,0.5948294394253753,0.7613754161866382,-0.4282834626641124
52.66013860702515,14.924134091556386,10.526942376775676,4.3971917147807105,0.15039149566320703,0.5846104810549877,0.7350019767181948,-0.43421898539178067
52.68013620376587,14.90402473058154,10.35514765142054,4.5488770791610005,0.12242381541756912,0.5146104810549876,0.6370342964725567,-0.3921866656374185
52.70013451576233,14.881561571447916,10.235289996136434,4.6462715753114825,0.1542127978685312,0.5397298620804212,0.6939426599489524,-0.38551706421188997
52.720141887664795,14.856737065002065,10.174560121909147,4.682176943092918,0.0842127978685312,0.4919073754712007,0.5761201733397319,-0.40769457760266953
52.7401442527771,14.829571870896675,10.266601222527317,4.562970648369358,0.1542127978685312,0.46818965913495036,0.6224024570034816,-0.31397686126641916
52.760133266448975,14.800084837865572,10.266601222527317,4.533483615338255,0.19737477122573183,0.44500831195851775,0.6423830831842496,-0.24763354073278593
52.78013610839844,14.768240445852447,10.656640353021855,4.111600092830592,0.19737477122573183,0.44500831195851775,0.6423830831842496,-0.24763354073278593
52.80014228820801,14.734057417189135,11.302656032417483,3.431401384771652,0.26737477122573183,0.5045558368577621,0.7719306080834939,-0.23718106563203023
52.82013821601868,14.697565577077905,12.065562325933987,2.6320032511439173,0.25926951742498205,0.468929365815129,0.7281988832401111,-0.20965984839014695
52.840155363082886,14.658711349605793,12.81651236074719,1.8421989888586037,0.2287918744119816,0.4893729449971578,0.7181648194091393,-0.2605810705851762
52.860159158706665,14.617566604609763,13.505163013597752,1.1124035910120114,0.19218658334342764,0.45612292604288074,0.6483095093863084,-0.2639363426994531
52.88014030456543,14.574163205151788,14.073661660878203,0.5005015442735843,0.2166776792588644,0.49487592147430387,0.7115536007331682,-0.2781982422154395
52.90014410018921,14.528409608587706,14.528460578702564,-5.097011485766245e-05,0.24569832212058826,0.564875921474304,0.8105742435948923,-0.3191775993537157
52.92014837265015,14.480359764215423,14.892299712962052,-0.4119399487466282,0.22266886434284971,0.517270384596195,0.7399392489390447,-0.2946015202533453
52.94015073776245,14.430027234459507,15.183371020369643,-0.7533437859101362,0.22266886434284971,0.517270384596195,0.7399392489390447,-0.2946015202533453
52.96015119552612,14.377420622419244,15.416228066295714,-1.03880744387647,0.25587769648758696,0.44909665571292856,0.7049743522005155,-0.1932189592253416
52.9801549911499,14.32253419766245,15.416228066295714,-1.093693868633265,0.26550012319115923,0.48662848235806444,0.7521286055492237,-0.2211283591669052
53.00015449523926,14.26539772272141,15.602513703036571,-1.3371159803151613,0.26478216440649704,0.5354539400502107,0.8002361044567078,-0.2706717756437137
53.020158767700195,14.205994260161063,15.75154221242926,-1.5455479522681976,0.3170140461740084,0.4968316240771673,0.8138456702511757,-0.1798175779031589
53.040165424346924,14.144339067116775,15.87076501994341,-1.7264259528266344,0.32548346107127146,0.4287316410406492,0.7542151021119207,-0.10324817996937774
53.060147285461426,14.080529394377656,15.948565140954729,-1.868035746577073,0.32548346107127146,0.4287316410406492,0.7542151021119207,-0.10324817996937774
53.08014631271362,14.014442598178768,16.010805237763783,-1.9963626395850156,0.28542143588187174,0.46860399307450273,0.7540254289563745,-0.183182557192631
53.10013723373413,13.946171105111468,16.043019190211027,-2.096848085099559,0.22686570619465785,0.4972031957074068,0.7240689019020646,-0.27033748951274894
53.12014842033386,13.875626796285122,16.051212227168822,-2.1755854308837,0.22686570619465785,0.4972031957074068,0.7240689019020646,-0.27033748951274894
53.14014720916748,13.802934654249208,16.02261040673506,-2.21967575248585,0.2623250011098571,0.46592858643969515,0.7282535875495523,-0.20360358532983802
53.160149335861206,13.72805045526248,15.911838325388048,-2.1837878701255686,0.22125389536144213,0.4793732140748761,0.7006271094363182,-0.25811931871343397
53.18014669418335,13.65101660314039,15.700173785310438,-2.049157182170049,0.177701265711803,0.44210121525218704,0.61980248096399,-0.26439994954038404
53.200143814086914,13.57182862358616,15.495685903248352,-1.923857279662192,0.1839015955780633,0.5054917757003567,0.68939337127842,-0.32159018012229346
53.220139026641846,13.49050597132013,15.495685903248352,-2.0051799319282217,0.2539015955780633,0.5467503902106545,0.8006519857887178,-0.2928487946325912
53.24014163017273,13.40702279249984,15.332095597598682,-1.9250728050988428,0.31179816867457705,0.5143548671691678,0.8261530358437448,-0.20255669849459074
53.260146379470825,13.32141264223525,15.201223353078948,-1.8798107108436977,0.31179816867457705,0.5143548671691678,0.8261530358437448,-0.20255669849459074
53.280144691467285,13.233726449964708,15.114103682463158,-1.88037723249845,0.25109599377261477,0.5214542916580103,0.772550285430625,-0.2703582978853955
53.30014228820801,13.143954099701835,15.061986070970526,-1.9180319712686913,0.2655444521014579,0.5730283616646192,0.8385728137660771,-0.30748390956316135
53.32013702392578,13.05211995368748,15.02029198177642,-1.96817202808894,0.3355444521014579,0.5255869312747381,0.861131383376196,-0.1900424791732802
53.34013891220093,12.958191856652343,14.986936710421139,-2.0287448537687958,0.2832549624447711,0.5376620090170763,0.8209169714618474,-0.2544070465723052
53.36015868186951,12.862130413359733,14.960252493336911,-2.0981220799771787,0.316909097165335,0.5059877245291136,0.8228968216944486,-0.18907862736377856
53.38015818595886,12.764134198063882,14.93890511966953,-2.1747709216056474,0.32195827880175787,0.4787870796932838,0.8007453584950417,-0.15682880089152595
53.4001567363739,12.664127294816298,14.921827220735624,-2.257699925919326,0.324801693467889,0.4869628923549316,0.8117645858228206,-0.1621611988870426
53.420149087905884,12.562152795665487,14.921827220735624,-2.3596744250701374,0.289910490422044,0.5058917144848964,0.7958022049069404,-0.21598122406285247
53.44014811515808,12.458161062089511,14.8905867765885,-2.4324257144989883,0.289910490422044,0.5058917144848964,0.7958022049069404,-0.21598122406285247
53.460137367248535,12.352254500371094,14.8655944212708,-2.513339920899705,0.3335548925981857,0.43589171448489644,0.7694466070830821,-0.10233682188671073
53.480135917663574,12.244348849054225,14.845600537016642,-2.6012516879624172,0.3283374153845944,0.45316862927516915,0.7815060446597635,-0.12483121389057478
53.50013709068298,12.134495423113313,14.812027304613316,-2.6775318815000038,0.3422427310445346,0.4355783486529253,0.7778210796974598,-0.09333561760839065
53.52013921737671,12.022720220203755,14.767590593690654,-2.744870373486899,0.3102411984303035,0.47216814996441825,0.7824093483947218,-0.16192695153411474
53.54014754295349,11.909010565244737,14.732041224952527,-2.82303065970779,0.3102411984303035,0.47216814996441825,0.7824093483947218,-0.16192695153411474
53.56014132499695,11.793503473290105,14.703601729962022,-2.910098256671917,0.30524019597331065,0.435770137773361,0.7410103337466716,-0.13052994180005034
53.580145835876465,11.676071731066092,14.645693883969619,-2.9696221529035274,0.27702733015874403,0.4447821756615303,0.7218095058202743,-0.16775484550278624
53.60014629364014,11.55681972212825,14.476320732175697,-2.9195010100474477,0.28900232797721404,0.38476172143360593,0.6737640494108199,-0.0957593934563919
53.62016558647156,11.435627797565024,14.200197210740559,-2.7645694131755345,0.31805853991070765,0.4442292121960781,0.7622877521067857,-0.12617067228537043
53.6401584148407,11.312790356248687,14.200197210740559,-2.8874068544918714,0.31805853991070765,0.4442292121960781,0.7622877521067857,-0.12617067228537043
53.66015553474426,11.188140834172383,13.961720268592448,-2.773579434420064,0.3029780041263439,0.3742292121960781,0.677207216322422,-0.07125120806973417
53.68014860153198,11.061750883943546,13.77093871487396,-2.7091878309304143,0.3373478304431774,0.3488910038932226,0.6862388343364,-0.011543173450045185
53.70015001296997,10.93356152340045,13.56557909689917,-2.63201757349872,0.323167804426048,0.37459569135447957,0.6977634957805275,-0.05142788692843159
53.720152616500854,10.803637588937573,13.366135152519337,-2.562497563581765,0.323167804426048,0.37459569135447957,0.6977634957805275,-0.05142788692843159
53.74014592170715,10.672068773048515,13.20657999701547,-2.5345112239669554,0.3281966799707152,0.39082359948894,0.7190202794596552,-0.0626269195182248
53.76013994216919,10.538811044850176,13.096513997612377,-2.5577029527622006,0.25922449471661824,0.4107887806161306,0.6700132753327488,-0.15156428589951237
53.780147552490234,10.403797845123123,12.973304948089902,-2.5695071029667798,0.25922449471661824,0.4107887806161306,0.6700132753327488,-0.15156428589951237
53.80014967918396,10.267178192528338,12.78684708347192,-2.519668890943583,0.2361766340048053,0.43909013138851144,0.6752667653933168,-0.20291349738370615
53.82015109062195,10.128941860762417,12.54979016677754,-2.420848306015122,0.25684163885423916,0.45253405680647113,0.7093756956607102,-0.19569241795223197
53.84014940261841,9.989127617837818,12.342566508422033,-2.353438890584215,0.2924233952374198,0.498997486734297,0.7914208819717168,-0.20657409149687722
53.86014270782471,9.847771836470141,12.342566508422033,-2.494794671951892,0.3624233952374198,0.5390871535777113,0.9015105488151312,-0.17666375834029152
53.8801474571228,9.704779776917071,12.176787581737628,-2.4720078048205565,0.2924233952374198,0.5667043026327154,0.8591276978701352,-0.27428090739529565
53.90015172958374,9.560257955255423,12.061742565390103,-2.50148461013468,0.2924233952374198,0.5667043026327154,0.8591276978701352,-0.27428090739529565
53.92015075683594,9.414264299191048,11.969706552312084,-2.5554422531210363,0.30215732174227017,0.5621781168296001,0.8643354385718702,-0.2600207950873299
53.94015121459961,9.266773564538363,11.896077741849668,-2.6293041773113046,0.3721573217422702,0.5649381192191503,0.9370954409614205,-0.1927807974768801
53.960142612457275,9.117887233665547,11.819596568479735,-2.701709334814188,0.4032027641893365,0.5601640018424949,0.9633667660318315,-0.15696123765315845
53.9801459312439,8.967472257323255,11.758411629783788,-2.7909393724605334,0.47320276418933643,0.5181377204856834,0.9913404846750198,-0.04493495629634697
54.00014638900757,8.815662559377472,11.70946367882703,-2.8938011194495576,0.47320276418933643,0.5181377204856834,0.9913404846750198,-0.04493495629634697
54.020150899887085,8.662429516402302,11.670305318061626,-3.007875801659324,0.4666415323899128,0.530031239686068,0.9966727720759808,-0.06338970729615523
54.04015588760376,8.507824257010371,11.621400504449301,-3.11357624743893,0.5139219743595459,0.5217649173713288,1.0356868917308746,-0.007842943011782899
54.060142993927,8.35201483113529,11.564698528559441,-3.2126836974241506,0.510876832662616,0.4739825148857197,0.9848593475483356,0.03689431777689628
54.080148220062256,8.194745188068504,11.564698528559441,-3.3699533404909374,0.4891370443091728,0.4157659393525681,0.9049029836617409,0.0733711049566047
54.10015821456909,8.03614287620848,11.501758822847554,-3.4656159466390744,0.4953064505406655,0.4428188987798056,0.9381253493204711,0.052487551760859896
54.12015676498413,7.876362087992991,11.416250808278043,-3.5398887202850524,0.4869445363455452,0.46343237355118605,0.9503769098967312,0.023512162794359137
54.14015507698059,7.715339638195313,11.330266271622436,-3.6149266334271237,0.46547139309579505,0.5334323735511861,0.9989037666469811,-0.06796098045539106
54.160146951675415,7.553151469711103,11.208744267297952,-3.6555927975868494,0.46547139309579505,0.5334323735511861,0.9989037666469811,-0.06796098045539106
54.18015122413635,7.389669857066365,11.023636038838362,-3.6339661817719966,0.4508686621137895,0.5468963196105323,0.9977649817243218,-0.0960276574967428
54.20014500617981,7.225107476092092,10.57672133107069,-3.3516138549785977,0.43531904056901116,0.5231397075182758,0.9584587480872869,-0.0878206669492646
54.22015595436096,7.059262125862375,9.920361439856553,-2.8610993139941776,0.39866742551559586,0.5321900805062614,0.9308575060218572,-0.1335226549906655
54.240153312683105,6.89241457523865,9.30738290188524,-2.4149683266465907,0.3823761592083611,0.5003967357403598,0.8827728949487209,-0.11802057653199871
54.26013922691345,6.724575332323494,8.817000071508193,-2.0924247391846995,0.3823761592083611,0.5003967357403598,0.8827728949487209,-0.11802057653199871
54.28014063835144,6.55554432578511,8.424693807206555,-1.869149481421445,0.33043848224217076,0.49250626168912265,0.8229447439312934,-0.1620677794469519
54.30014681816101,6.385437311261441,8.424693807206555,-2.0392564959451143,0.29082165532046933,0.49020055635599413,0.7810222116764635,-0.1993789010355248
54.32014775276184,6.214366331902501,8.110848795765245,-1.8964824638627436,0.32148344874614854,0.5469417381170205,0.868425186863169,-0.22545828937087198
54.34014320373535,6.042361243721269,7.877350911612197,-1.8349896678909285,0.27651913523906846,0.5769121716800145,0.853431306919083,-0.30039303644094606
54.36014485359192,5.8693486658185225,7.708130729289757,-1.8387820634712346,0.27651913523906846,0.5769121716800145,0.853431306919083,-0.30039303644094606
54.380151987075806,5.69536128514973,7.590332708431807,-1.894971423282077,0.22616467312211175,0.5396061907592229,0.7657708638813346,-0.31344151763711114
54.400148153305054,5.5205700082793,7.531250541745446,-2.0106805334661457,0.2630305761867203,0.4500920525821856,0.7131226287689059,-0.18706147639546528
54.42015075683594,5.344850615714438,7.5191410583963565,-2.1742904426819187,0.2630305761867203,0.4500920525821856,0.7131226287689059,-0.18706147639546528
54.44015049934387,5.168312302906638,7.5797659717170855,-2.4114536688104478,0.254021907823626,0.4545154790463857,0.7085373868700117,-0.20049357122275968
54.460160970687866,4.990862519120277,7.821625277373668,-2.8307627582533907,0.2991438644402661,0.38451547904638567,0.6836593434866518,-0.08537161460611958
54.4801504611969,4.812811080180828,8.226050221898936,-3.4132391417181074,0.26807067975634713,0.40438280424801626,0.6724534840043634,-0.13631212449166913
54.50016117095947,4.63381023652937,8.69021517751915,-4.05640494098978,0.2569618901633658,0.39313507809070863,0.6500969682540745,-0.13617318792734284
54.52014708518982,4.454300028185518,8.69021517751915,-4.235915149333632,0.23870102934772153,0.396196814791765,0.6348978441394866,-0.15749578544404347
54.54014873504639,4.273945267535387,9.13185964201532,-4.8579143744799325,0.22297647468978543,0.4368003211705945,0.65977679586038,-0.21382384648080904
54.56015062332153,4.092913328254716,9.502753338612257,-5.409840010357541,0.23595035415375606,0.38464632777264335,0.6205966819263994,-0.14869597361888728
54.58015036582947,3.91125447224724,9.799468295889808,-5.888213823642568,0.23595035415375606,0.38464632777264335,0.6205966819263994,-0.14869597361888728
54.60014772415161,3.728999764715967,10.054418386711847,-6.32541862199588,0.27857888084137816,0.35780276132514693,0.6363816421665252,-0.07922388048376877
54.62014365196228,3.546169460511486,10.258378459369478,-6.712208998857992,0.26837596543366093,0.31489940134575584,0.5832753667794168,-0.0465234359120949
54.640151262283325,3.362672100447615,10.439124642495583,-7.076452542047969,0.38151467062765737,0.31813369838288047,0.6996483690105378,0.0633809722447769
54.66015315055847,3.1786960355193496,10.583721588996466,-7.405025553477117,0.37312052056426187,0.2660198151855729,0.6391403357498348,0.10710070537868899
54.68014669418335,2.994294986488073,10.699399146197175,-7.7051041597091015,0.37312052056426187,0.2660198151855729,0.6391403357498348,0.10710070537868899
54.70014476776123,2.8093794705006934,10.79194119195774,-7.982561721457047,0.3840486512728967,0.313301855304744,0.6973505065776407,0.0707467959681527
54.72014355659485,2.6240137692060364,10.865974828566193,-8.241961059360158,0.40010294441366573,0.27358389047672965,0.6736868348903954,0.12651905393693608
54.7401487827301,2.438173892627392,10.865974828566193,-8.427800935938802,0.423319348434452,0.21814526391914107,0.6414646123535931,0.20517408451531094
54.76015043258667,2.251982122505365,10.925201737852957,-8.673219615347591,0.3833338705101051,0.19724263770272948,0.5805765082128346,0.1860912328073756
54.78015351295471,2.0654213257976273,10.919848890282365,-8.854427564484737,0.40391572874272247,0.18013360684504726,0.5840493355877697,0.2237821218976752
54.800148725509644,1.8786078432145727,10.757363487225893,-8.87875564401132,0.4406101809092798,0.1746871900535188,0.6152973709627986,0.265922990855761
54.820152759552,1.6914152384028924,10.275812664780716,-8.584397426377823,0.4406101809092798,0.1746871900535188,0.6152973709627986,0.265922990855761
54.84016680717468,1.5038615315292712,9.398384506824573,-7.894522975295303,0.3962634646543302,0.2160389777994714,0.6123024424538016,0.1802244868548588
54.86016392707825,1.3162289384420272,8.204254480459658,-6.8880255420176315,0.39408276539528747,0.1460389777994714,0.5401217431947589,0.24804378759581608
54.88015127182007,1.1284804250669045,6.827075459367727,-5.698595034300823,0.39400531321211024,0.15743626132374622,0.5514415745358565,0.23656905188836402
54.90014982223511,0.9404485338101063,5.321035367494182,-4.380586833684076,0.39243105209810897,0.1954502905928529,0.5878813426909619,0.19698076150525606
54.92015552520752,0.7522008299094292,3.7294845439953455,-2.9772837140859165,0.3715995304976241,0.18142043568426736,0.5530199661818915,0.19017909481335676
54.940152406692505,0.5639173588235061,2.1222595101962765,-1.5583421513727704,0.3341368601415889,0.19081649791682131,0.5249533580584103,0.14332036222476757
54.960153341293335,0.3755066786729511,2.1222595101962765,-1.7467528315233254,0.32910893827123805,0.20758870478952296,0.5366976430607611,0.12152023348171509
54.98014760017395,0.1870996084105895,0.643120108157021,-0.45602049974643155,0.32686783925077184,0.13758870478952295,0.4644565440402948,0.1892791344612489
55.00014305114746,-0.0013482252999649255,-0.6983945384743834,0.6970463131744185,0.28022359863301977,0.14076041182735927,0.42098401046037903,0.1394631868056605
55.02013826370239,-0.18979359934481352,-1.929809380779507,1.7400157814346935,0.21022359863301976,0.16421990594128139,0.37444350457430114,0.046003692691738374
55.04014992713928,-0.37836401372339934,-3.020410004623606,2.6420459909002068,0.228852542344539,0.20879210284212596,0.43764464518666496,0.02006043950241304
55.06014633178711,-0.5667309023395349,-3.8928905036988852,3.3261596013593504,0.23804362047842012,0.16700015342095859,0.40504377389937873,0.07104346705746153
55.08014965057373,-0.7550734113659102,-4.590874902959109,3.8358014915931986,0.23301117843395333,0.17086921803886063,0.40388039647281393,0.062141960395092705
55.10014486312866,-0.9432203977454263,-5.166840547367287,4.223620149621861,0.19242745241528614,0.15002629705006248,0.3424537494653486,0.04240115536522365
55.120147466659546,-1.1312879699141218,-5.627613062893831,4.496325092979709,0.17814440349495275,0.2200262970500625,0.39817070054501524,-0.04188189355510974
55.140145778656006,-1.3191365620395588,-5.996231075315064,4.677094513275506,0.18312717857217653,0.2574883564584888,0.4406155350306653,-0.07436117788631225
55.160141468048096,-1.5067522899271646,-6.291125485252052,4.784373195324887,0.16631013224279745,0.26566390648717053,0.431974038729968,-0.09935377424437308
55.1801393032074,-1.6941502806931934,-6.291125485252052,4.596975204558858,0.1585373787619756,0.2769890879490412,0.4355264667110168,-0.1184517091870656
55.200140714645386,-1.8813142428865681,-6.527041013201642,4.645726770315074,0.12411106959363684,0.22789074156666167,0.3520018111602985,-0.10377967197302483
55.22015047073364,-2.0682589771241653,-6.663039060561314,4.594780083437149,0.07151620299002392,0.22236424267524846,0.2938804456652724,-0.15084803968522453
55.240164279937744,-2.254914556215397,-6.6136343734490515,4.358719817233654,0.07151620299002392,0.22236424267524846,0.2938804456652724,-0.15084803968522453
55.26014566421509,-2.4409120423479798,-6.310438748759242,3.869526706411262,0.05229731671890481,0.165206435623113,0.2175037523420178,-0.11290911890420818
55.28014874458313,-2.6267261188075133,-5.681163499007394,3.054437380199881,0.0014318714328692694,0.13548029728466637,0.13691216871753564,-0.1340484258517971
55.30015325546265,-2.8121385201872298,-4.7382901742059165,1.9261516540186867,0.00650360085448487,0.16246474676067002,0.1689683476151549,-0.15596114590618515
55.320149183273315,-2.997027389596707,-3.614850889364733,0.6178234997680261,0.07650360085448488,0.09246474676067001,0.1689683476151549,-0.015961145906185137
55.34014391899109,-3.1814322067420986,-2.3645369614917864,-0.8168952452503122,0.07650360085448488,0.09246474676067001,0.1689683476151549,-0.015961145906185137
55.360148191452026,-3.365422493595396,-1.1357701941934293,-2.2296522994019665,0.0937429535426782,0.09255811583599999,0.18630106937867819,0.00118483770667821
55.38014531135559,-3.5488156167145726,-0.01213178035474341,-3.536683836359829,0.10305726893624528,0.08116931014112189,0.18422657907736717,0.021887958795123397
55.400150299072266,-3.7317203231568934,-0.01213178035474341,-3.71958854280215,0.033057268936245277,0.10408726811758234,0.13714453705382762,-0.07102999918133707
55.42012810707092,-3.913788164829895,1.0801383257162052,-4.9939264905461,0.0,0.03408726811758234,0.03408726811758234,-0.03408726811758234
55.4401593208313,-4.095723557842035,2.1648919105729645,-6.260615468415,0.0,0.03408726811758234,0.03408726811758234,-0.03408726811758234
55.46014642715454,-4.27661172064045,3.1557416534583718,-7.432353374098822,0.010926509276032448,0.0,0.010926509276032448,0.010926509276032448
55.4801390171051,-4.456874775290304,3.983577697766698,-8.440452473057002,0.0,0.0,0.0,0.0
55.50014615058899,-4.636564916370827,4.6282684082133585,-9.264833324584185,0.0,0.0,0.0,0.0
55.520139932632446,-4.815403193935756,5.144020976570688,-9.959424170506445,0.0,0.0,0.0,0.0
55.54014587402344,-4.993589598817154,5.53904490625655,-10.532634505073705,0.0,0.0,0.0,0.0
55.560150384902954,-5.17097433363789,5.85506405000524,-11.02603838364313,0.0,0.0,0.0,0.0
55.58013892173767,-5.347401483317742,6.107879365004193,-11.455280848321934,0.07,0.0,0.07,0.07
55.6001455783844,-5.52314396136977,6.310131617003354,-11.833275578373124,0.07,0.0,0.07,0.07
55.62013816833496,-5.6978910523351045,6.310131617003354,-12.008022669338459,0.14,0.052325792610645294,0.1923257926106453,0.08767420738935472
55.640145778656006,-5.871869313419401,6.471933418602685,-12.343802732022086,0.19754338949918748,0.007201720029115677,0.20474510952830316,0.1903416694700718
55.660149812698364,-6.0448887849997055,6.6013748598821484,-12.646263644881854,0.2384514839947224,0.039026711136102676,0.27747819513082506,0.19942477285861973
55.68014478683472,-6.21687560501291,6.704928012905719,-12.921803617918629,0.3084514839947224,0.04587245872244239,0.3543239427171648,0.26257902527228
55.70014190673828,-6.387899499527627,6.787770535324576,-13.175670034852203,0.3084514839947224,0.04587245872244239,0.3543239427171648,0.26257902527228
55.720139503479004,-6.5579190029888785,6.85404455325966,-13.411963556248539,0.3247965844720602,0.019278089981526136,0.34407467445358636,0.3055184944905341
55.740148067474365,-6.726995570692872,6.907063767607729,-13.634059338300602,0.39479658447206023,0.04872915102168918,0.4435257354937494,0.34606743345037105
55.76014757156372,-6.894933125812353,6.949479139086184,-13.844412264898537,0.42260458759963515,0.056225864216685295,0.47883045181632045,0.36637872338294986
55.78014588356018,-7.061772032814259,6.9834114362689474,-14.045183469083206,0.37192679636180404,0.03414241224527359,0.4060692086070776,0.33778438411653045
55.80015015602112,-7.2275452173232395,6.975401024015158,-14.202946241338397,0.339714088216424,0.05056959018111229,0.3902836783975363,0.2891444980353117
55.82013940811157,-7.392053421035941,6.722898944212126,-14.114952365248067,0.31237316198647025,0.002720016986131668,0.3150931789726019,0.3096531450003386
55.840152740478516,-7.555591646464229,6.722898944212126,-14.278490590676356,0.31237316198647025,0.002720016986131668,0.3150931789726019,0.3096531450003386
55.8601450920105,-7.717765608041732,5.765037905369701,-13.482803513411433,0.30342467568814757,0.0489678829908371,0.35239255867898467,0.2544567926973105
55.8801474571228,-7.878802085733548,3.6452334492957617,-11.52403553502931,0.3734246756881476,0.08466299623250961,0.4580876719206572,0.28876167945563797
55.90014982223511,-8.038594114972184,0.19157738443660952,-8.230171499408794,0.3813329612836242,0.12374373152852057,0.5050766928121447,0.2575892297551036
55.92014455795288,-8.197056237692113,-4.258847467450713,-3.9382087702414,0.4055196208879352,0.06736137345433235,0.47288099434226755,0.33815824743360284
55.94015288352966,-8.354331008865516,-8.856296723960572,0.5019657150950554,0.4381317844614387,0.1294950656592846,0.5676268501207233,0.3086367188021541
55.96015167236328,-8.510211420276926,-12.481521754168456,3.9713103338915303,0.4381317844614387,0.1294950656592846,0.5676268501207233,0.3086367188021541
55.98013734817505,-8.66464725068334,-14.924670528334769,6.260023277651429,0.4252314114943147,0.148703470826149,0.5739348823204637,0.2765279406681657
56.000149726867676,-8.817920383619668,-16.580361422667817,7.762441039048149,0.4149759899824858,0.17036904022097588,0.5853450302034617,0.24460694976150993
56.02014756202698,-8.969689478052368,-17.869757888134256,8.900068410081888,0.3552491165697575,0.24021877162158492,0.5954678881913424,0.11503034494817257
56.04018473625183,-9.120336819204184,-18.901275060507405,9.780938241303222,0.3552491165697575,0.24021877162158492,0.5954678881913424,0.11503034494817257
56.06016755104065,-9.269135797712517,-18.901275060507405,9.632139262794889,0.37471253834664825,0.23376239463686943,0.6084749329835177,0.14095014370977882
56.080169916152954,-9.416617012366293,-19.708910673405924,10.292293661039631,0.43453935571014884,0.25560275092720985,0.6901421066373588,0.178936604782939
56.100159645080566,-9.56251912732813,-20.31986291372474,10.75734378639661,0.4179591111838818,0.32560275092720986,0.7435618621110917,0.09235636025667193
56.120152711868286,-9.706936743648997,-20.738312205979796,11.031375462330798,0.40838729161769155,0.31693223647773267,0.7253195280954242,0.09145505513995889
56.140162229537964,-9.849939518422836,-20.914868514783837,11.064928996361001,0.40838729161769155,0.31693223647773267,0.7253195280954242,0.09145505513995889
56.16015601158142,-9.991274776364055,-20.68697293682707,10.695698160463014,0.3009921645000577,0.40545267768204213,0.7064448421820999,-0.1044605131819844
56.180150747299194,-10.131039905379955,-20.030047099461658,9.899007194081703,0.28924319680780175,0.4754526776820422,0.764695874489844,-0.18620948087424044
56.20014524459839,-10.269204429931852,-19.20567830456933,8.936473874637477,0.26619441594928506,0.46458563242107637,0.7307800483703615,-0.1983912164717913
56.220147371292114,-10.40580000983088,-18.317667643655465,7.911867633824585,0.29401521731168034,0.4548334734141827,0.748848690725863,-0.16081825610250233
56.240142583847046,-10.54070568134115,-17.29085286492437,6.750147183583222,0.29401521731168034,0.4548334734141827,0.748848690725863,-0.16081825610250233
56.26015114784241,-10.674036059379253,-15.906901041939498,5.232864982560246,0.3452794996276498,0.4429150404036045,0.7881945400312543,-0.09763554077595471
56.280144929885864,-10.805582811762815,-15.906901041939498,5.101318230176684,0.38803723428398373,0.4029896476864815,0.7910268819704652,-0.014952413402497755
56.30014967918396,-10.935495048824764,-14.131770833551599,3.1962757847268346,0.4263519083335996,0.382577800527215,0.8089297088608146,0.04377410780638458
56.32015037536621,-11.06365382941096,-12.114010416841278,1.0503565874303185,0.3702583906427026,0.380086717531085,0.7503451081737876,-0.009828326888382422
56.34014320373535,-11.190016027915537,-10.025192708473023,-1.1648233194425135,0.4402583906427026,0.3649778052791953,0.8052361959218979,0.07528058536350729
56.36014127731323,-11.314644915198569,-8.090466666778418,-3.2241782484201504,0.5102583906427026,0.38589883256703617,0.8961572232097388,0.12435955807566645
56.380141735076904,-11.437501971168683,-6.489951458422736,-4.947550512745947,0.5102583906427026,0.38589883256703617,0.8961572232097388,0.12435955807566645
56.40014576911926,-11.558574312741834,-5.209539291738189,-6.349035021003646,0.5372950649634004,0.4362276199832559,0.9735226849466563,0.10106744498014453
56.42014169692993,-11.677772735250695,-4.185209558390551,-7.492563176860144,0.5134690115973354,0.4075984585657716,0.921067470163107,0.10587055303156379
56.44013738632202,-11.795126464715697,-3.3657457717124415,-8.429380693003255,0.5834690115973353,0.3375984585657716,0.921067470163107,0.24587055303156374
56.460134744644165,-11.910627971033923,-2.7101747423699534,-9.20045322866397,0.6342469833418727,0.34962792571634055,0.9838749090582133,0.28461905762553213
56.480143547058105,-12.024313629300561,-2.203296043895963,-9.821017585404599,0.6994166902825236,0.31012457486242057,1.0095412651449442,0.38929211542010306
56.50014281272888,-12.136046012938674,-2.203296043895963,-9.932749969042712,0.6599873050674796,0.2888197923824191,0.9488070974498988,0.3711675126850605
56.520140171051025,-12.245851733609424,-1.7977930851167703,-10.448058648492653,0.6599873050674796,0.2888197923824191,0.9488070974498988,0.3711675126850605
56.54014468193054,-12.353762438525552,-1.4909688430934165,-10.862793595432136,0.693753630630672,0.2929704852215946,0.9867241158522666,0.4007831454090774
56.56013870239258,-12.459666410288154,-1.2982438244747332,-11.16142258581342,0.7,0.3459619685821235,1.0459619685821235,0.35403803141787643
56.58013653755188,-12.563623674376723,-1.3725794345797866,-11.191044239796936,0.6919362720102071,0.32342512456700206,1.0153613965772093,0.36851114744320507
56.600138664245605,-12.665619095635718,-1.7660322976638294,-10.899586797971889,0.6919362720102071,0.32342512456700206,1.0153613965772093,0.36851114744320507
56.620142698287964,-12.765623482802901,-2.379622713131064,-10.386000769671838,0.7,0.3191439883597195,1.0191439883597195,0.38085601164028043
56.6401686668396,-12.863717548196744,-3.046276295504851,-9.817441252691893,0.7,0.3764730209298432,1.0764730209298432,0.32352697907015676
56.66015267372131,-12.959575869711346,-3.6499116614038805,-9.309664208307465,0.6698125664144754,0.36035811917856336,1.0301706855930388,0.30945444723591203
56.68015217781067,-13.053462950660016,-4.132819954123105,-8.92064299653691,0.6438532870262861,0.3848830090649426,1.0287362960912287,0.2589702779613435
56.70014929771423,-13.145278017361127,-4.536724713298485,-8.608553304062642,0.7,0.3265734353847802,1.0265734353847802,0.3734265646152198
56.72014045715332,-13.23499145225288,-4.536724713298485,-8.698266738954395,0.7,0.3460513913817704,1.0460513913817704,0.3539486086182296
56.74014163017273,-13.322660141785729,-4.912582895638788,-8.41007724614694,0.7,0.3723246699012816,1.0723246699012816,0.32767533009871835
56.76014304161072,-13.408225789412565,-5.230847566511031,-8.177378222901535,0.7,0.3723246699012816,1.0723246699012816,0.32767533009871835
56.78013896942139,-13.491651237036832,-5.485459303208825,-8.006191933828006,0.7,0.388978785071522,1.088978785071522,0.31102121492847795
56.80014109611511,-13.572971934766915,-5.68914869256706,-7.883823242199855,0.6597463048994541,0.38823457789141685,1.047980882790871,0.2715117270080372
56.820146322250366,-13.652160949180699,-5.852100204053649,-7.80006074512705,0.6802262391895055,0.4069990420760587,1.0872252812655643,0.27322719711344684
56.84015345573425,-13.72920024352463,-5.98246141324292,-7.746738830281711,0.6365012403577566,0.3698394911410287,1.0063407314987853,0.26666174921672786
56.86014747619629,-13.804021633386267,-6.086750380594336,-7.717271252791931,0.6096456784754991,0.3335954750003293,0.9432411534758285,0.2760502034751698
56.88014793395996,-13.876687547574383,-6.1701815544754695,-7.706505993098913,0.5720184173434972,0.365339344185777,0.9373577615292743,0.20667907315772022
56.900147914886475,-13.947160417632174,-6.236926493580376,-7.710233924051798,0.5720184173434972,0.365339344185777,0.9373577615292743,0.20667907315772022
56.920151233673096,-14.015442083033193,-6.290322444864301,-7.725119638168892,0.5268533274531364,0.3128345125587657,0.8396878400119021,0.2140188148943707
56.94016242027283,-14.081535362256952,-6.290322444864301,-7.791212917392651,0.5268533274531364,0.3128345125587657,0.8396878400119021,0.2140188148943707
56.960148334503174,-14.145323265256279,-6.333039205891441,-7.8122840593648375,0.5301814286969602,0.2673669235082343,0.7975483522051945,0.26281450518872584
56.980146646499634,-14.206918094211163,-6.367212614713154,-7.83970547949801,0.6001814286969602,0.23540255439002064,0.8355839830869809,0.36477887430693956
57.00013589859009,-14.266243485724354,-6.394551341770524,-7.8716921439538305,0.5745528228394687,0.19821990292984992,0.7727727257693187,0.3763329199096188
57.02013874053955,-14.323356527987263,-6.416422323416419,-7.906934204570844,0.6127973198704422,0.1832383266882971,0.7960356465587393,0.4295589931821451
57.04016447067261,-14.378268566724655,-6.433919108733136,-7.944349457991519,0.6827973198704422,0.1673248513834551,0.8501221712538973,0.5154724684869871
57.06014943122864,-14.430799423722842,-6.447916536986509,-7.982882886736333,0.6673225133307279,0.21307157643605024,0.8803940897667781,0.45425093689467766
57.0801465511322,-14.481084798496,-6.459114479589207,-8.021970318906792,0.6673225133307279,0.21307157643605024,0.8803940897667781,0.45425093689467766
57.10014295578003,-14.529082424791921,-6.626275958671367,-7.902806466120555,0.6883537496067584,0.17119617306161672,0.8595499226683752,0.5171575765451417
57.12014698982239,-14.57480356460485,-7.041255141937095,-7.533548422667755,0.7,0.16204076923895627,0.8620407692389562,0.5379592307610437
57.14015483856201,-14.61823030521689,-7.689644738549675,-6.928585566667215,0.7,0.19895590015221387,0.8989559001522138,0.5010440998477861
57.16014766693115,-14.65931684666575,-7.689644738549675,-6.969672108116074,0.677066608145833,0.13103332289028913,0.8080999310361221,0.5460332852555438
57.180150508880615,-14.698109011201666,-8.366559540839742,-6.331549470361924,0.6712929725646972,0.12606644409243017,0.7973594166571274,0.545226528472267
57.200148582458496,-14.734571097396756,-8.995982007671794,-5.738589089724963,0.6534667283296585,0.12512652878649533,0.7785932571161538,0.5283401995431631
57.22014498710632,-14.768704120641209,-9.657723106137434,-5.110981014503775,0.7,0.13516011578030884,0.8351601157803088,0.5648398842196911
57.24017906188965,-14.80056353894329,-10.398053484909948,-4.402510054033343,0.7,0.13516011578030884,0.8351601157803088,0.5648398842196911
57.26016306877136,-14.830006972977092,-11.236411537927959,-3.5935954350491333,0.6299999999999999,0.1630762678105384,0.7930762678105383,0.4669237321894615
57.28015756607056,-14.857125934698617,-12.10045735534237,-2.7566685793562478,0.6161355833709239,0.20584637788124382,0.8219819612521677,0.41028920548968006
57.30014944076538,-14.881896979209797,-12.949897134273895,-1.931999844935902,0.5937465439736842,0.23681946960277855,0.8305660135764628,0.35692707437090565
57.32015109062195,-14.904330297631,-13.770073957419118,-1.1342563402118824,0.5237465439736841,0.24075574125163257,0.7645022852253167,0.28299080272205157
57.34015417098999,-14.924411013014755,-14.566840415935294,-0.3575705970794605,0.4922303235530851,0.30604745890013874,0.7982777824532239,0.18618286465294637
57.36017322540283,-14.942147475469778,-15.221831707748239,0.27968423227846095,0.4922303235530851,0.30604745890013874,0.7982777824532239,0.18618286465294637
57.38015294075012,-14.957492013362184,-15.221831707748239,0.2643396943860541,0.5361911071836947,0.3091659911442548,0.8453570983279495,0.22702511603943987
57.40014910697937,-14.970489100252847,-15.74582474119859,0.7753356409457428,0.5810879407823084,0.3015909243840724,0.8826788651663808,0.279497016398236
57.42015099525452,-14.98112578419436,-16.16501916795887,1.1838933837645111,0.5311185097694395,0.28852741536684334,0.8196459251362829,0.24259109440259619
57.44015836715698,-14.989398270837505,-16.482796584367094,1.493398313529589,0.5362722374871371,0.21852741536684334,0.7547996528539804,0.3177448221202938
57.46014213562012,-14.995296443642959,-16.719440392493674,1.724143948850715,0.5499524785578249,0.2278963742498308,0.7778488528076557,0.32205610430799414
57.480143785476685,-14.998832630669105,-16.85602106399494,1.8571884333258364,0.47995247855782497,0.25867767312563955,0.7386301516834646,0.22127480543218542
57.50015115737915,-14.999999932348146,-16.82466060119595,1.8246606688478053,0.47995247855782497,0.25867767312563955,0.7386301516834646,0.22127480543218542
57.52014470100403,-14.998798463817147,-16.571056605956766,1.572258142139619,0.49024986360222084,0.20415337436832487,0.6944032379705457,0.28609648923389597
57.54015254974365,-14.99522663963645,-16.262704659765415,1.2674780201289657,0.5224446493759749,0.24654143729247152,0.7689860866684464,0.2759032120835034
57.56015348434448,-14.989287498952809,-16.03360122781233,1.044313728859521,0.4723647076264021,0.1980398712400347,0.6704045788664368,0.2743248363863674
57.58015465736389,-14.980981041672127,-15.832740357249866,0.8517593155777394,0.4894204035028813,0.12803987124003469,0.617460274742916,0.3613805322628466
57.60014724731445,-14.970313723350742,-15.832740357249866,0.8624266338991244,0.4988839419186113,0.13073027146980165,0.629614213388413,0.36815367044880964
57.620147705078125,-14.957278577986674,-15.636895410799893,0.6796168328132186,0.4814994444698093,0.1929743887297809,0.6744738331995902,0.2885250557400284
57.640143394470215,-14.941885349031894,-15.497797578639913,0.555912229608019,0.4666160985454914,0.14620227752253412,0.6128183760680255,0.3204138210229573
57.66014313697815,-14.924129802973438,-15.38651931291193,0.46238950993849315,0.4666160985454914,0.14620227752253412,0.6128183760680255,0.3204138210229573
57.680148124694824,-14.904012040957126,-15.315074825329546,0.4110627843724206,0.49866151135414816,0.18261735899373888,0.681278870347887,0.3160441523604093
57.70014572143555,-14.881548325657516,-15.275497360263639,0.3939490346061234,0.5181509077176449,0.15345893068239091,0.6716098384000359,0.364691977035254
57.720144510269165,-14.856733656972818,-15.243835388210915,0.3871017312380971,0.44815090771764493,0.14292257292196153,0.5910734806396065,0.3052283347956834
57.740145444869995,-14.829570182069581,-15.236083935568733,0.4065137534991514,0.46211358539760095,0.1586960238777101,0.620809609275311,0.30341756151989085
57.760146379470825,-14.800064727261365,-15.229882773454985,0.4298180461936205,0.45769283462315774,0.13252609049901365,0.5902189251221714,0.3251667441241441
57.78014516830444,-14.768225493624264,-15.242499968763989,0.4742744751397243,0.49167442236095643,0.1458594595454633,0.6375338819064198,0.3458149628154931
57.80013847351074,-14.734064157163553,-15.25259372501119,0.5185295678476365,0.49167442236095643,0.1458594595454633,0.6375338819064198,0.3458149628154931
57.820144176483154,-14.697554353275917,-15.25259372501119,0.5550393717352726,0.4546716428175566,0.12884361496195196,0.5835152577795086,0.32582802785560466
57.840161085128784,-14.658699911032361,-15.295824980008952,0.6371250689765908,0.4904389708116648,0.06845149597153066,0.5588904667831955,0.42198747484013416
57.86015558242798,-14.617574167045447,-15.365566234007165,0.7479920669617179,0.47331179220229364,0.13119178464636205,0.6045035768486557,0.3421200075559316
57.88015007972717,-14.574141408633674,-15.456515487205735,0.8823740785720613,0.42957893703132843,0.14411265043541788,0.5736915874667463,0.28546628659591056
57.90014600753784,-14.52840513646752,-15.564431139764588,1.036026003297069,0.42957893703132843,0.14411265043541788,0.5736915874667463,0.28546628659591056
57.92014765739441,-14.480361523186241,-15.703498036811668,1.2231365136254269,0.47096238601952767,0.16686968518421053,0.6378320712037382,0.30409270083531714
57.94014811515808,-14.430033983371647,-15.885064054449337,1.4550300710776902,0.4449549721553919,0.179529443513602,0.6244844156689939,0.2654255286417899
57.96014904975891,-14.377426388300375,-16.11820749355947,1.7407811052590958,0.40469569656997895,0.21727866319939493,0.6219743597693739,0.18741703337058402
57.98014831542969,-14.32255289240581,-16.322300369847575,1.9997474774417654,0.3782173929736016,0.20617142332717775,0.5843888163007793,0.17204596964642382
58.000138998031616,-14.265442869853274,-16.485574670878062,2.220131801024788,0.4482173929736016,0.16218017799779771,0.6103975709713994,0.28603721497580387
58.020148515701294,-14.206025279469529,-16.616194111702452,2.410168832232923,0.43517804898321605,0.19848530007526277,0.6336633490584789,0.23669274890795328
58.040157318115234,-14.144364501646093,-16.616194111702452,2.471829610056359,0.4599105381220577,0.12848530007526276,0.5883958381973204,0.3314252380467949
58.060155153274536,-14.080503831666917,-16.720689664361963,2.640185832695046,0.4943820089846847,0.17115163100883363,0.6655336399935183,0.3232303779758511
58.08015203475952,-14.014423372515612,-16.78670798148957,2.7722846089739583,0.4943820089846847,0.17115163100883363,0.6655336399935183,0.3232303779758511
58.100143909454346,-13.946147938585698,-16.821944510191656,2.8757965716059584,0.49873638812452525,0.1976986308209598,0.6964350189454851,0.30103775730356547
58.120144844055176,-13.875639599852379,-16.832555608153324,2.9569160083009454,0.5155312801524994,0.1518418122641742,0.6673730924166736,0.3636894678883252
58.14014387130737,-13.802946968960335,-16.84104448652266,3.038097517562324,0.48070295255631185,0.08203809751197694,0.5627410500682888,0.3986648550443349
58.1601448059082,-13.728067660480544,-16.847835589218125,3.1197679287375806,0.4141680384799835,0.016110375951975564,0.4302784144319591,0.39805766252800795
58.18013668060303,-13.651055717801752,-16.853268471374502,3.2022127535727503,0.3681178289279339,0.0,0.3681178289279339,0.3681178289279339
58.200140953063965,-13.571840106697092,-16.857614777099602,3.2857746704025104,0.3681178289279339,0.0,0.3681178289279339,0.3681178289279339
58.220131635665894,-13.490536425391676,-16.861091821679683,3.3705553962880064,0.3773435513302681,0.001174244680441916,0.37851779601071,0.3761693066498262
58.24014210700989,-13.407020777069757,-16.863873457343747,3.4568526802739896,0.33943574976175994,0.00937724916730076,0.3488129989290607,0.3300585005944592
58.26014447212219,-13.321420905256666,-16.863873457343747,3.542452552087081,0.2867285805568096,0.0,0.2867285805568096,0.2867285805568096
58.28015160560608,-13.233695771557068,-16.883676890875,3.6499811193179337,0.2167285805568096,0.0,0.2167285805568096,0.2167285805568096
58.30014157295227,-13.143957347791098,-16.934675887700003,3.790718539908905,0.23616983871906969,0.0,0.23616983871906969,0.23616983871906969
58.32014346122742,-13.05209005519942,-17.010631335160003,3.958541279960583,0.23281127926893505,0.03494788333773613,0.2677591626066712,0.19786339593119892
58.34018635749817,-12.957966616325802,-17.194442568128004,4.236475951802202,0.23281127926893505,0.03494788333773613,0.2677591626066712,0.19786339593119892
58.36015510559082,-12.862147755718789,-17.587585304502404,4.725437548783615,0.24891754207201275,0.0,0.24891754207201275,0.24891754207201275
58.380146741867065,-12.764190851154304,-18.130615118601927,5.3664242674476235,0.2553386014420536,0.02498205006122589,0.2803206515032795,0.23035655138082772
58.40015482902527,-12.664136928505128,-18.68808584488154,6.023948916376414,0.1853386014420536,0.03837553318589926,0.22371413462795287,0.14696306825615435
58.42015504837036,-12.562122096891754,-19.134062425905235,6.571940329013481,0.20472647805698185,0.0,0.20472647805698185,0.20472647805698185
58.44020080566406,-12.4578844744959,-19.49084369072419,7.03295921622829,0.20472647805698185,0.0,0.20472647805698185,0.20472647805698185
58.460143089294434,-12.352223904204152,-19.793846827579355,7.441622923375203,0.1738997269142416,0.0,0.1738997269142416,0.1738997269142416
58.480143308639526,-12.244308611329227,-19.793846827579355,7.549538216250127,0.2438997269142416,0.019007205963134766,0.2629069328773764,0.22489252095110684
58.50013852119446,-12.134487497499425,-20.018671212063484,7.88418371456406,0.25527214319445163,0.045527201145887375,0.300799344340339,0.20974494204856425
58.520140647888184,-12.022712158147355,-20.145796344650787,8.123084186503432,0.2642448112834242,0.11552720114588737,0.3797720124293116,0.14871761013753682
58.540146589279175,-11.90901603008421,-20.159605825720636,8.250589795636426,0.2642448112834242,0.11552720114588737,0.3797720124293116,0.14871761013753682
58.56015181541443,-11.793442378440451,-20.06518466057651,8.271742282136058,0.254345199698582,0.1280133991315961,0.3823585988301781,0.1263318005669859
58.580148696899414,-11.67605480373641,-19.919335228461208,8.243280424724798,0.23231381424702677,0.09393123600631953,0.32624505025334627,0.13838257824070724
58.600143909454346,-11.556834046892561,-19.785077557768965,8.228243510876403,0.30231381424702675,0.023931236006319523,0.32624505025334627,0.2783825782407072
58.62014198303223,-11.435771756194324,-19.695249546215173,8.25947779002085,0.37231381424702675,0.011162293143570423,0.3834761073905972,0.36115152110345633
58.64015340805054,-11.312821342628652,-19.60580901197214,8.29298766934349,0.3714293987816197,0.043572974391281605,0.4150023731729013,0.3278564243903381
58.6601448059082,-11.188208186342825,-19.53425658457771,8.346048398234887,0.3714293987816197,0.043572974391281605,0.4150023731729013,0.3278564243903381
58.68013858795166,-11.061814625277673,-19.459436517662173,8.3976218923845,0.3014293987816197,0.0,0.3014293987816197,0.3014293987816197
58.70013427734375,-10.933663054665724,-19.459436517662173,8.52577346299645,0.2314293987816197,0.0,0.2314293987816197,0.2314293987816197
58.72014594078064,-10.803681235898623,-19.39958046412974,8.595899228231119,0.26013396193738997,0.02572191320359707,0.28585587514098704,0.2344120487337929
58.74016833305359,-10.671920343104865,-19.33411749630379,8.662197153198925,0.21988202517386496,0.0652650985866785,0.28514712376054346,0.15461692658718645
58.76015257835388,-10.538726298074769,-19.281747122043033,8.743020823968264,0.2053970049833876,0.0,0.2053970049833876,0.2053970049833876
58.78014516830444,-10.403814032203991,-19.257428947634427,8.853614915430436,0.2753970049833876,0.021352827548980713,0.2967498325323683,0.2540441774344069
58.80014109611511,-10.267237166423458,-19.343443158107544,9.076205991684086,0.2753970049833876,0.021352827548980713,0.2967498325323683,0.2540441774344069
58.82014870643616,-10.128958434422373,-19.535301401486038,9.406342967063665,0.2053970049833876,0.09021466225385666,0.29561166723724425,0.11518234272953093
58.84016013145447,-9.989052184034902,-19.688787996188832,9.69973581215393,0.14523310100194037,0.020214662253856652,0.16544776325579702,0.12501843874808372
58.860145807266235,-9.847749801881196,-19.811577271951066,9.96382747006987,0.20728366707917273,0.03564354714006185,0.24292721421923458,0.17164011993911088
58.880141496658325,-9.704822611228442,-19.909808692560855,10.204986081332413,0.2180006474023682,0.07120453130453824,0.28920517870690643,0.14679611609782994
58.90014934539795,-9.560275270367631,-19.988393829048686,10.428118558681055,0.2526678636437279,0.06940694637130945,0.32207481001503735,0.18326091727241844
58.920149087905884,-9.41427654478442,-19.988393829048686,10.574117284264267,0.24588204014580664,0.0689294559485279,0.31481149609433456,0.17695258419727874
58.940155267715454,-9.266743526270544,-20.06884006323895,10.802096536968408,0.17588204014580666,0.032036833239253604,0.20791887338506027,0.14384520690655306
58.96014165878296,-9.117894370673124,-20.08046267559116,10.962568304918037,0.17588204014580666,0.032036833239253604,0.20791887338506027,0.14384520690655306
58.98014187812805,-8.96750287902019,-20.00187014047293,11.034367261452742,0.15330581981223046,0.04143873020773753,0.194744550019968,0.11186708960449293
59.000138998031616,-8.81571891780261,-19.833527362378344,11.017808444575735,0.1421320481179279,0.04841497098794206,0.19054701910586996,0.09371707712998584
59.0201473236084,-8.662457033456926,-19.681275014902674,11.018817981445748,0.2121320481179279,0.0,0.2121320481179279,0.2121320481179279
59.04017376899719,-8.507685458674581,-19.559473136922144,11.051787678247562,0.19485920320730626,0.06524597853422165,0.2601051817415279,0.12961322467308461
59.06014704704285,-8.351983100668859,-19.462031634537713,11.110048533868854,0.214739386248402,0.09242027625441551,0.3071596625028175,0.12231910999398649
59.080148458480835,-8.194743305993248,-19.36650030763017,11.171757001636921,0.15655306007247388,0.0645482949912548,0.2211013550637287,0.09200476508121908
59.10015559196472,-8.036163747159058,-19.167028371104138,11.13086462394508,0.15655306007247388,0.0645482949912548,0.2211013550637287,0.09200476508121908
59.120157957077026,-7.876352526307171,-18.90198207188331,11.02562954557614,0.15667940161947597,0.011480685323476791,0.16816008694295276,0.14519871629599918
59.14016246795654,-7.71527990076545,-18.90198207188331,11.186702171117862,0.20082970194343913,0.0,0.20082970194343913,0.20082970194343913
59.16015076637268,-7.553120407660127,-18.602054407506646,11.048933999846518,0.16072135276917804,0.0,0.16072135276917804,0.16072135276917804
59.1801438331604,-7.389730475774963,-18.30937790100532,10.919647425230357,0.23072135276917805,0.0,0.23072135276917805,0.23072135276917805
59.20013928413391,-7.22515473676587,-18.092814820804257,10.867660084038388,0.299829213095945,0.06495408713817596,0.364783300234121,0.23487512595776905
59.22014117240906,-7.059385049809803,-17.88440810664341,10.825023056833606,0.299829213095945,0.06495408713817596,0.364783300234121,0.23487512595776905
59.240155935287476,-6.892392621654552,-17.664948360314728,10.772555738660177,0.3142480143887221,0.09477790631353855,0.4090259207022606,0.21947010807518352
59.26014971733093,-6.724486954327233,-17.454224313251785,10.729737358924552,0.24424801438872207,0.12632225267589092,0.370570267064613,0.11792576171283115
59.280144691467285,-6.5555099672625605,-17.28564507560143,10.73013510833887,0.2643771772069155,0.05632225267589092,0.3206994298828064,0.2080549245310246
59.30016040802002,-6.385321414479475,-17.150781685481146,10.765460271001672,0.1943771772069155,0.10983224429190158,0.3042094214988171,0.08454493291501392
59.3201425075531,-6.214411324793198,-17.042890973384917,10.82847964859172,0.21463384739879954,0.15528338991105556,0.3699172373098551,0.05935045748774398
59.340155839920044,-6.042252240181826,-16.939000278707933,10.896748038526107,0.250561429930967,0.22528338991105556,0.47584481984202254,0.025278040019911407
59.360148906707764,-5.869313511842956,-16.939000278707933,11.069686766864978,0.30447557829145777,0.183984762057662,0.4884603403491198,0.12049081623379576
59.380146741867065,-5.6954070180363825,-16.855887722966347,11.160480704929965,0.30447557829145777,0.183984762057662,0.4884603403491198,0.12049081623379576
59.400145530700684,-5.52059299083541,-16.771819553373078,11.251226562537667,0.32734384089533675,0.24196800403296947,0.5693118449283062,0.08537583686236727
59.42014980316162,-5.344859013923009,-16.704565017698464,11.359706003775454,0.2594016015512167,0.2535306476056576,0.5129322491568743,0.005870953945559143
59.44016456604004,-5.168187845285395,-16.615605139158774,11.447417293873379,0.3294016015512167,0.276298638433218,0.6057002399844347,0.053102963117998725
59.460148096084595,-4.990976945773921,-16.52685911132702,11.5358821655531,0.36365021809760917,0.259554423391819,0.6232046414894281,0.10409579470579017
59.48013687133789,-4.812932389571298,-16.367971664061617,11.55503927449032,0.42404045954172004,0.189554423391819,0.613594882933539,0.23448603614990104
59.500147104263306,-4.633936327278226,-16.029924206249294,11.395987878971068,0.39458601035003055,0.19827893126755952,0.5928649416175901,0.19630707908247103
59.52014684677124,-4.454302173868052,-15.390345614999438,10.936043441131385,0.39458601035003055,0.19827893126755952,0.5928649416175901,0.19630707908247103
59.54015922546387,-4.273850495898698,-14.474385866999551,10.200535371100854,0.33813504360441554,0.18618751905858516,0.5243225626630007,0.15194752454583038
59.56014823913574,-4.092934945997885,-13.47794619359964,9.385011247601756,0.3343575701379447,0.2558131468540523,0.590170716991997,0.07854442328389238
59.58014106750488,-3.9113390752165325,-13.47794619359964,9.566607118383107,0.2643575701379447,0.21366785737336613,0.47802542751131083,0.050689712764578565
59.60014533996582,-3.72902152970249,-12.663216329879715,8.934194800177226,0.32687031808134603,0.14366785737336613,0.47053817545471216,0.1832024607079799
59.62015223503113,-3.5460908600242234,-12.011432438903773,8.46534157887955,0.32687031808134603,0.14366785737336613,0.47053817545471216,0.1832024607079799
59.64016008377075,-3.3625910759139637,-11.490005326123018,8.127414250209055,0.25805943044659185,0.15231049826950765,0.4103699287160995,0.1057489321770842
59.66015553474426,-3.178674075430688,-11.072863635898415,7.894189560467726,0.2574387826473682,0.13669378517777658,0.3941325678251448,0.12074499746959161
59.68014407157898,-2.9943192064707387,-10.739150283718732,7.744831077247994,0.3274387826473682,0.13006816639215685,0.45750694903952505,0.19737061625521135
59.700141191482544,-2.8094125796811125,-10.489757726974988,7.680345147293876,0.2574387826473682,0.1770811213424895,0.4345199039898577,0.0803576613048787
59.72014021873474,-2.624044742702846,-10.29024368157999,7.666198938877143,0.2574387826473682,0.1770811213424895,0.4345199039898577,0.0803576613048787
59.74014735221863,-2.438187195580884,-10.148210570263993,7.710023374683109,0.17744424384843993,0.1724263096472714,0.34987055349571133,0.005017934201168528
59.76014566421509,-2.252026553976445,-10.052162206211195,7.80013565223475,0.17744424384843993,0.1724263096472714,0.34987055349571133,0.005017934201168528
59.78014159202576,-2.0655326076619316,-9.992901639968958,7.927369032307026,0.11218360257160354,0.1024263096472714,0.21460991221887493,0.00975729292433214
59.80013608932495,-1.8787259986988933,-9.992901639968958,8.114175641270064,0.16773531404149222,0.09223212725133634,0.25996744129282856,0.07550318679015589
59.820143699645996,-1.6915000813875802,-9.945493186975167,8.253993105587586,0.2377353140414922,0.05685015818686223,0.2945854722283544,0.18088515585462997
59.84015202522278,-1.5040001461363683,-9.907566424580136,8.403566278443767,0.17199511428188968,0.06352916597039437,0.23552428025228406,0.10846594831149531
59.86014151573181,-1.3164393455190146,-9.89480313966411,8.578363794145094,0.13889212881040264,0.059752962362254025,0.19864509117265666,0.07913916644814861
59.88014006614685,-1.1285857367252425,-9.884592511731286,8.756006775006044,0.13889212881040264,0.059752962362254025,0.19864509117265666,0.07913916644814861
59.900137424468994,-0.9405651500952752,-9.894002134385032,8.953436984289755,0.07300667253148246,0.0707794509793166,0.14378612351079906,0.00222722155216587
59.9201385974884,-0.7523601691374644,-9.919107957508025,9.16674778837056,0.07300667253148246,0.0707794509793166,0.14378612351079906,0.00222722155216587
59.940139055252075,-0.5640431042099308,-9.956770741006421,9.39272763679649,0.1019827851356237,0.08779850862571037,0.18978129376133407,0.01418427650991333
59.96013641357422,-0.3756661686467732,-10.004479092805136,9.628812924158362,0.12778806661081005,0.017798508625710363,0.1455865752365204,0.10998955798509968
59.98013687133789,-0.1872007174376068,-10.042645774244109,9.855445056806502,0.05778806661081004,0.03313955116667783,0.09092761777748787,0.024648515444132213
