t,theta,theta_ref,error,p1_cmd,p2_cmd,p1_meas,p2_meas,J_min,J_mean,comp_time_ms
1764144484.398368,0.0,-5.243365308608787e-06,-5.243365308608787e-06,0.0,0.03978642448782921,0.0,0.0,0.07173963636159897,24.845605850219727,334.1944217681885
1764144484.4607637,0.0,-0.04254872759491147,-0.04254872759491147,0.0,0.03887214342830703,0.0,0.0,0.4330832064151764,52.71702575683594,51.88465118408203
1764144484.563479,0.0,-0.049859373270044915,-0.049859373270044915,0.028722431510686874,0.06554583663819358,0.0,0.0,1.0151487588882446,95.17916870117188,92.1633243560791
1764144484.6325083,0.0,-0.06162592807559111,-0.06162592807559111,0.09692284092307091,0.06599004060262814,0.0,0.0,0.8110644817352295,51.823665618896484,58.61258506774902
1764144484.6957033,0.0,-0.06939889776723764,-0.06939889776723764,0.06621290929615498,0.04378274880582467,0.0,0.0,1.1253143548965454,46.266693115234375,52.4137020111084
1764144484.757265,0.0,-0.07633165652234256,-0.07633165652234256,0.11110581643879414,0.0,0.0,0.0,1.1207115650177002,75.03776550292969,51.10812187194824
1764144484.8180764,0.0,-0.08298660972321999,-0.08298660972321999,0.10881264018826187,0.0,0.0,0.0,1.0399880409240723,37.69251251220703,50.504207611083984
1764144484.8793197,0.0,-0.0894732967074465,-0.0894732967074465,0.11165878921747208,0.025147436186671257,0.0,0.0,0.8328585624694824,43.73114776611328,50.73714256286621
1764144484.9426854,0.0,-0.09588893000238007,-0.09588893000238007,0.051260143518447876,0.005308276042342186,0.0,0.0,1.196821928024292,54.765235900878906,52.886962890625
1764144485.0033994,0.0,-0.10239977094037098,-0.10239977094037098,0.07568916864693165,0.0,0.0,0.0,1.2621062994003296,39.09276580810547,50.39548873901367
1764144485.0735831,0.0,-0.10854988377092226,-0.10854988377092226,0.07400455872993916,0.002694932511076331,0.0,0.0,1.912477731704712,26.546051025390625,59.66830253601074
1764144485.1366405,0.0,-0.115505625479281,-0.115505625479281,0.06074411503504962,0.0,0.0,0.0,2.1893115043640137,35.23804473876953,52.75130271911621
1764144485.1997473,0.0,-0.12166090085452863,-0.12166090085452863,0.09221104986499995,0.0010489537380635738,0.0,0.0,1.9443888664245605,27.095993041992188,52.6125431060791
1764144485.2777212,0.0,-0.127690813213923,-0.127690813213923,0.12987744144629687,0.04402163019403815,0.0,0.0,2.3080122470855713,42.74248504638672,67.30985641479492
1764144485.3562171,0.0,-0.13498264266024643,-0.13498264266024643,0.18410164944361895,0.02957765245810151,0.0,0.0,1.6663802862167358,18.41075325012207,67.90685653686523
1764144485.4308214,0.0,-0.1421609881780651,-0.1421609881780651,0.22768100432585925,0.0,0.0,0.0,1.3961180448532104,17.02704620361328,63.94171714782715
1764144485.499489,0.0,-0.14880513928409425,-0.14880513928409425,0.15768100432585924,0.0025964572560042143,0.0,0.0,2.5291354656219482,25.40684700012207,58.23469161987305
1764144485.5673933,0.0,-0.15479900089960988,-0.15479900089960988,0.1465795339969918,0.03983668680302799,0.0,0.0,1.7638413906097412,15.261838912963867,57.36565589904785
1764144485.639201,0.0,-0.16058836568570845,-0.16058836568570845,0.15855227335821837,0.04615832376293838,0.0,0.0,2.2443065643310547,17.430152893066406,61.44261360168457
1764144485.7119892,0.0,-0.166580619235574,-0.166580619235574,0.12652018963824957,0.029561354545876384,0.0,0.0,1.891724944114685,30.953155517578125,62.41273880004883
1764144485.802119,0.0,-0.1725359703295756,-0.1725359703295756,0.12209405675064772,0.048749762354418635,0.0,0.0,2.134948968887329,32.1446418762207,79.32782173156738
1764144485.8644176,0.0,-0.17966799811917733,-0.17966799811917733,0.07473796158563345,0.04817911284044385,0.0,0.0,3.0988271236419678,35.323974609375,51.732540130615234
1764144485.9307969,0.0,-0.1844756004852567,-0.1844756004852567,0.04009113758336752,0.05922403233125806,0.0,0.0,2.6727778911590576,29.386646270751953,55.76014518737793
1764144486.0165026,0.0,-0.18948222884802204,-0.18948222884802204,0.03486449243035167,0.0678680376149714,0.0,0.0,2.7648744583129883,48.47191619873047,75.32024383544922
1764144486.0800614,0.0,-0.19578725664191007,-0.19578725664191007,0.10486449243035167,0.02117146784439683,0.0,0.0,4.47571325302124,143.35401916503906,53.0550479888916
1764144486.1555521,0.0,-0.20032636164477963,-0.20032636164477963,0.03486449243035167,0.018185810884460807,0.0,0.0,4.859487533569336,107.80715942382812,65.18197059631348
1764144486.2179222,0.0,-0.20559529556318054,-0.20559529556318054,0.10486449243035167,0.0,0.0,0.0,5.102672100067139,74.19548034667969,51.886558532714844
1764144486.2808454,0.0,-0.20983697310408556,-0.20983697310408556,0.15282347367610782,0.0,0.0,0.0,4.096951484680176,71.88449096679688,52.231788635253906
1764144486.3528605,0.0,-0.21400226063878208,-0.21400226063878208,0.1889418022474274,0.0,0.0,0.0,4.92101526260376,49.88440704345703,61.554670333862305
1764144486.4146757,0.0,-0.21866239036112933,-0.21866239036112933,0.1487136142095551,0.0,0.0,0.0,5.5218987464904785,22.23535919189453,51.00607872009277
1764144486.4819856,0.0,-0.22254138848426186,-0.22254138848426186,0.20839616970624775,0.0,0.0,0.0,6.645946979522705,83.86954498291016,56.80108070373535
1764144486.565815,0.0,-0.22665270834297996,-0.22665270834297996,0.19813374837394804,0.0028547539841383696,0.0,0.0,4.429728031158447,26.287845611572266,73.5311508178711
1764144486.6375546,0.0,-0.23163446383036654,-0.23163446383036654,0.26813374837394804,0.0,0.0,0.0,5.299432754516602,33.51109313964844,61.156511306762695
1764144486.6972032,0.0,-0.2357407972706709,-0.2357407972706709,0.33052639295812697,0.07,0.0,0.0,3.710554838180542,20.687885284423828,49.343109130859375
1764144486.7614236,0.0,-0.23907261113962272,-0.23907261113962272,0.400526392958127,0.05245505429804326,0.0,0.0,2.5984585285186768,34.215126037597656,53.68757247924805
1764144486.8313851,0.0,-0.2425517646212067,-0.2425517646212067,0.3896333256131038,0.10149265609681607,0.0,0.0,9.620049476623535,40.87628173828125,59.435129165649414
1764144486.8985147,0.0,-0.24623084751785984,-0.24623084751785984,0.3196333256131038,0.17149265609681608,0.0,0.0,4.452342510223389,33.669395446777344,56.525230407714844
1764144486.9784214,0.0,-0.24965089023743225,-0.24965089023743225,0.3896333256131038,0.1545691391080618,0.0,0.0,3.3096506595611572,33.89224624633789,69.22507286071777
1764144487.0392573,0.0,-0.25356269867141445,-0.25356269867141445,0.38118429271038623,0.16431158628314735,0.0,0.0,5.536605358123779,31.999385833740234,50.48346519470215
1764144487.102013,0.0,-0.25644642887718305,-0.25644642887718305,0.41411243540700526,0.15154446601867677,0.0,0.0,3.806871175765991,20.51083755493164,52.39605903625488
1764144487.1657958,0.0,-0.2593341570661038,-0.2593341570661038,0.4732469187444076,0.18304501414299013,0.0,0.0,6.038952827453613,35.59716033935547,53.22551727294922
1764144487.2288063,0.0,-0.2621650854596194,-0.2621650854596194,0.4156150275235996,0.25304501414299013,0.0,0.0,3.8041367530822754,28.370798110961914,52.58297920227051
1764144487.2936037,0.0,-0.2648681554563921,-0.2648681554563921,0.4009295196598396,0.18304501414299013,0.0,0.0,4.3112921714782715,35.745140075683594,54.38852310180664
1764144487.36254,0.0,-0.26755286284205054,-0.26755286284205054,0.45631997448857875,0.17759689815342428,0.0,0.0,6.07239294052124,66.092041015625,58.474063873291016
1764144487.4297109,0.0,-0.27030373101943783,-0.27030373101943783,0.4774272178625688,0.18910435527563096,0.0,0.0,5.204109191894531,38.76409912109375,56.65850639343262
1764144487.4904785,0.0,-0.27287027539605696,-0.27287027539605696,0.4292623286461458,0.22776479214429857,0.0,0.0,4.248729228973389,27.749296188354492,50.451040267944336
1764144487.5566204,0.0,-0.27510963397307125,-0.27510963397307125,0.4992623286461458,0.2893997871875763,0.0,0.0,3.9437031745910645,33.140480041503906,55.73868751525879
1764144487.619436,0.0,-0.27745407751732426,-0.27745407751732426,0.4791898740595207,0.28526440715417267,0.0,0.0,4.545298099517822,70.09599304199219,52.18791961669922
1764144487.6807547,0.0,-0.2795776228866158,-0.2795776228866158,0.484652867927216,0.27081000233069064,0.0,0.0,4.606924057006836,41.09661102294922,50.98533630371094
1764144487.742829,0.0,-0.2815718395600336,-0.2815718395600336,0.554652867927216,0.22422203594818713,0.0,0.0,3.2859771251678467,13.649685859680176,51.69558525085449
1764144487.8034647,0.0,-0.28350211607295384,-0.28350211607295384,0.5089847874781117,0.2556116747297347,0.0,0.0,4.6444854736328125,25.467018127441406,50.327301025390625
1764144487.8683937,0.0,-0.28530938730212085,-0.28530938730212085,0.5166067714756355,0.3256116747297347,0.0,0.0,4.096090316772461,26.78397560119629,54.47244644165039
1764144487.9293406,0.0,-0.2871497180265991,-0.2871497180265991,0.538849611855112,0.33258297624066474,0.0,0.0,3.710347890853882,23.184837341308594,50.581932067871094
1764144487.991023,0.0,-0.2887938164885778,-0.2887938164885778,0.587821462280117,0.2804023619182408,0.0,0.0,4.383437156677246,25.212791442871094,51.358938217163086
1764144488.0784578,0.0,-0.29038095832505795,-0.29038095832505795,0.655467250472866,0.2723862030915916,0.0,0.0,4.145375728607178,17.674379348754883,76.79271697998047
1764144488.1413589,0.0,-0.2924795728921983,-0.2924795728921983,0.6657961989706382,0.3076904663257301,0.0,0.0,4.485154151916504,17.130043029785156,52.45232582092285
1764144488.2052925,0.0,-0.2938899404534777,-0.2938899404534777,0.6424424379086122,0.2932417872734368,0.0,0.0,3.440723419189453,28.783153533935547,53.52210998535156
1764144488.2711012,0.0,-0.2952379330714959,-0.2952379330714959,0.6571713444730267,0.3632417872734368,0.0,0.0,3.4275174140930176,16.153154373168945,55.28616905212402
1764144488.3375013,0.0,-0.2965339377956272,-0.2965339377956272,0.6961667817970738,0.33274885566905144,0.0,0.0,3.942633867263794,24.381023406982422,55.88817596435547
1764144488.3983314,0.0,-0.2977474420519173,-0.2977474420519173,0.6810170692345128,0.29638421090319755,0.0,0.0,4.108848571777344,14.759673118591309,50.56285858154297
1764144488.4587307,0.0,-0.29878097966029743,-0.29878097966029743,0.6872816109983251,0.3197251513786614,0.0,0.0,3.5078585147857666,11.245466232299805,50.101518630981445
1764144488.5196795,0.0,-0.2997311650628328,-0.2997311650628328,0.6830854351585731,0.3002771448530257,0.0,0.0,4.542517185211182,28.03719711303711,50.63605308532715
1764144488.6026244,0.0,-0.3006142497988128,-0.3006142497988128,0.6836741146701388,0.3702771448530257,0.0,0.0,4.977826118469238,12.20332145690918,72.60680198669434
1764144488.6943624,0.0,-0.3016959072058148,-0.3016959072058148,0.7,0.36342147123068574,0.0,0.0,4.677131652832031,35.86970520019531,81.11858367919922
1764144488.7631009,0.0,-0.30272631823365365,-0.30272631823365365,0.7,0.3565860017202795,0.0,0.0,5.515914440155029,32.57564163208008,58.25519561767578
1764144488.8256598,0.0,-0.3033885288621953,-0.3033885288621953,0.6826154466718435,0.3455009105615318,0.0,0.0,5.748193264007568,20.380542755126953,52.118778228759766
1764144488.89022,0.0,-0.3039099757285403,-0.3039099757285403,0.7,0.2945949825458229,0.0,0.0,5.675909042358398,21.412330627441406,54.17943000793457
1764144488.9591289,0.0,-0.30436781244176636,-0.30436781244176636,0.7,0.33270329041406516,0.0,0.0,5.399508953094482,16.538354873657227,58.396100997924805
1764144489.0229912,0.0,-0.3047660153066371,-0.3047660153066371,0.7,0.34900461127981547,0.0,0.0,4.804061412811279,22.933006286621094,53.40099334716797
1764144489.08631,0.0,-0.3050531859450062,-0.3050531859450062,0.6733740668743848,0.3244981299154461,0.0,0.0,5.943301677703857,24.251157760620117,52.83832550048828
1764144489.152523,0.0,-0.305260313772825,-0.305260313772825,0.6896325096487999,0.2980025894008577,0.0,0.0,5.185549736022949,36.28060531616211,55.71413040161133
1764144489.2138338,0.0,-0.3053950088351972,-0.3053950088351972,0.6385088123381137,0.2463167904876173,0.0,0.0,5.511181354522705,22.094257354736328,50.99058151245117
1764144489.2750862,0.0,-0.30544594523135044,-0.30544594523135044,0.6691266883164644,0.20622301092371348,0.0,0.0,5.814901351928711,16.627283096313477,50.93240737915039
1764144489.3452184,0.0,-0.3054262177940528,-0.3054262177940528,0.6864994324743747,0.2762230109237135,0.0,0.0,5.267181873321533,20.968992233276367,59.616804122924805
1764144489.4065084,0.0,-0.3053179614619623,-0.3053179614619623,0.7,0.29738693831488494,0.0,0.0,5.422557830810547,18.072223663330078,50.829410552978516
1764144489.4689872,0.0,-0.30514870493052154,-0.30514870493052154,0.6994043631595559,0.24217815099284057,0.0,0.0,4.99616813659668,19.274646759033203,51.93972587585449
1764144489.5347881,0.0,-0.3049057603255908,-0.3049057603255908,0.7,0.2060430809669197,0.0,0.0,4.220167636871338,28.81260108947754,55.44590950012207
1764144489.6284518,0.0,-0.304573333756373,-0.304573333756373,0.7,0.2760430809669197,0.0,0.0,5.40421199798584,22.114864349365234,83.41121673583984
1764144489.698775,0.0,-0.3039648135550226,-0.3039648135550226,0.6841577894985675,0.2458535872958601,0.0,0.0,5.175713539123535,17.740829467773438,59.95512008666992
1764144489.7612386,0.0,-0.3034057339572662,-0.3034057339572662,0.7,0.27256467683240776,0.0,0.0,4.496874809265137,30.279056549072266,52.146196365356445
1764144489.8231225,0.0,-0.3028358334443574,-0.3028358334443574,0.6759313613176345,0.28694266105070715,0.0,0.0,5.066077709197998,23.992992401123047,51.56087875366211
1764144489.9310534,0.0,-0.30220244770977944,-0.30220244770977944,0.7,0.3160887251235545,0.0,0.0,5.261166095733643,41.2000617980957,97.37181663513184
1764144489.9981613,0.0,-0.30094037485795644,-0.30094037485795644,0.6984944321913644,0.32343990426510577,0.0,0.0,5.0505499839782715,37.92191696166992,56.446075439453125
1764144490.0649507,0.0,-0.30005747778067376,-0.30005747778067376,0.7,0.275137071274221,0.0,0.0,4.75214147567749,31.5097599029541,56.30636215209961
1764144490.1387408,0.0,-0.2991025541152299,-0.2991025541152299,0.7,0.25069216709584,0.0,0.0,4.822658538818359,21.65667724609375,63.45343589782715
1764144490.2420986,0.0,-0.29795714275933605,-0.29795714275933605,0.7,0.18069216709584002,0.0,0.0,4.3555521965026855,22.049732208251953,92.74625778198242
1764144490.3136044,0.0,-0.2962028362430022,-0.2962028362430022,0.6592183604836463,0.25069216709584,0.0,0.0,3.6832873821258545,33.8098258972168,60.85467338562012
1764144490.3782585,0.0,-0.2948918629436613,-0.2948918629436613,0.6091129563748836,0.2607764888182283,0.0,0.0,4.7499871253967285,34.3822021484375,54.3057918548584
1764144490.444373,0.0,-0.2936316993622815,-0.2936316993622815,0.6263047203421592,0.19077648881822828,0.0,0.0,4.3090338706970215,29.652952194213867,55.78494071960449
1764144490.572519,0.0,-0.2922702998427555,-0.2922702998427555,0.6351268522441387,0.18950690324883912,0.0,0.0,3.462480306625366,23.53253173828125,117.39349365234375
1764144490.6437516,0.0,-0.2894450041754181,-0.2894450041754181,0.6965485148131847,0.2179700154392049,0.0,0.0,3.9264283180236816,34.99009704589844,60.922861099243164
1764144490.7339587,0.0,-0.2877564768579263,-0.2877564768579263,0.6265485148131846,0.23591943081002686,0.0,0.0,5.123117923736572,34.84103012084961,79.51593399047852
1764144490.8039823,0.0,-0.28551743894302145,-0.28551743894302145,0.667227265536785,0.28717829282861207,0.0,0.0,4.2569146156311035,25.939407348632812,59.6921443939209
1764144490.8789842,0.0,-0.28368976648847766,-0.28368976648847766,0.6948582782596349,0.326902467715554,0.0,0.0,4.6716179847717285,46.7611083984375,64.6212100982666
1764144490.9678907,0.0,-0.28164564919467683,-0.28164564919467683,0.7,0.256902467715554,0.0,0.0,3.4261434078216553,86.31094360351562,78.22871208190918
1764144491.044338,0.0,-0.27912385974771603,-0.27912385974771603,0.7,0.326902467715554,0.0,0.0,4.402906894683838,22.81415367126465,65.91153144836426
1764144491.1443954,0.0,-0.27686237329776336,-0.27686237329776336,0.7,0.256902467715554,0.0,0.0,4.325491905212402,31.923904418945312,89.66803550720215
1764144491.222461,0.0,-0.27377122425945083,-0.27377122425945083,0.6721527993679046,0.24332459948491308,0.0,0.0,4.482200622558594,31.467300415039062,67.60597229003906
1764144491.2993407,0.0,-0.27125363289582705,-0.27125363289582705,0.6657451435923576,0.3133245994849131,0.0,0.0,4.884265422821045,36.27825164794922,66.15161895751953
1764144491.3969903,0.0,-0.26870573735729225,-0.26870573735729225,0.7,0.2702618082566187,0.0,0.0,3.3129587173461914,56.421119689941406,87.19944953918457
1764144491.4863071,0.0,-0.2653422927309334,-0.2653422927309334,0.6857300790026783,0.2935470183892176,0.0,0.0,5.1259541511535645,46.08544158935547,78.85551452636719
1764144491.5821006,0.0,-0.262145672014347,-0.262145672014347,0.7,0.24088862068485473,0.0,0.0,2.908881902694702,28.7805233001709,85.13379096984863
1764144491.6631942,0.0,-0.25861016172648627,-0.25861016172648627,0.6832734931260347,0.31088862068485473,0.0,0.0,3.620408058166504,24.040040969848633,70.57690620422363
1764144491.7590766,0.0,-0.2555165664684437,-0.2555165664684437,0.6888768862001597,0.3028655989421532,0.0,0.0,4.108067035675049,52.7598876953125,85.36791801452637
1764144491.8343408,0.0,-0.25175414464352097,-0.25175414464352097,0.7,0.3443983761919663,0.0,0.0,3.00948166847229,62.372520446777344,64.89372253417969
1764144491.9224896,0.0,-0.24871320775093986,-0.24871320775093986,0.6810688812285661,0.3024054808868096,0.0,0.0,3.308830976486206,48.907440185546875,77.62432098388672
1764144492.007356,0.0,-0.24506375966580837,-0.24506375966580837,0.7,0.30166572129586716,0.0,0.0,3.5327303409576416,25.470626831054688,74.43976402282715
1764144492.1260815,0.0,-0.24145224520794503,-0.24145224520794503,0.7,0.29874090531142433,0.0,0.0,3.9662296772003174,35.7262077331543,108.02221298217773
1764144492.203029,0.0,-0.23627446226850715,-0.23627446226850715,0.6400480687618255,0.27879336343379696,0.0,0.0,2.777913808822632,22.41501235961914,66.58720970153809
1764144492.3157077,0.0,-0.23281624406302742,-0.23281624406302742,0.6846408143639564,0.31758458034368237,0.0,0.0,2.814338445663452,27.88603401184082,102.10585594177246
1764144492.3966193,0.0,-0.2276384065618176,-0.2276384065618176,0.6576562866568565,0.2656924674031325,0.0,0.0,2.628450870513916,53.881874084472656,70.47510147094727
1764144492.4690864,0.0,-0.22381957963683644,-0.22381957963683644,0.6433272005990147,0.3184418702241965,0.0,0.0,3.38767147064209,19.451309204101562,61.870574951171875
1764144492.544861,0.0,-0.22034931341382172,-0.22034931341382172,0.5995472202077508,0.34818330646725376,0.0,0.0,2.984276056289673,26.448518753051758,65.16146659851074
1764144492.6284308,0.0,-0.21665861023592795,-0.21665861023592795,0.6490369530394673,0.3326434293505736,0.0,0.0,7.144608497619629,98.38526153564453,73.23169708251953
1764144492.7040837,0.0,-0.21251092593384416,-0.21251092593384416,0.6536854359321296,0.32956453349674125,0.0,0.0,2.437652826309204,50.24647903442383,65.36269187927246
1764144492.7838156,0.0,-0.20868448932561837,-0.20868448932561837,0.6925111825577914,0.25956453349674125,0.0,0.0,2.544457197189331,48.70883560180664,69.22650337219238
1764144492.8693347,0.0,-0.20459392469764098,-0.20459392469764098,0.6391110423021018,0.20431271907174964,0.0,0.0,2.3943254947662354,19.325843811035156,75.12044906616211
1764144492.976095,0.0,-0.2001293804336685,-0.2001293804336685,0.6638536213897168,0.27431271907174964,0.0,0.0,1.7598499059677124,25.85826873779297,96.18163108825684
1764144493.0661278,0.0,-0.19445011008635246,-0.19445011008635246,0.6122937298379838,0.21910661023342987,0.0,0.0,4.195156574249268,27.766956329345703,79.3919563293457
1764144493.1574745,0.0,-0.18957248994699996,-0.18957248994699996,0.5422937298379837,0.26188335132086654,0.0,0.0,1.4971694946289062,30.216135025024414,80.61361312866211
1764144493.2319322,0.0,-0.1845563309555843,-0.1845563309555843,0.540867659957148,0.2424774387129583,0.0,0.0,2.8220534324645996,63.358863830566406,63.87734413146973
1764144493.30996,0.0,-0.18040952147857445,-0.18040952147857445,0.6108676599571481,0.3124774387129583,0.0,0.0,0.9082691073417664,50.70025634765625,67.64984130859375
1764144493.3867717,0.0,-0.17600278368001043,-0.17600278368001043,0.6583738694200292,0.2973744580545463,0.0,0.0,1.8508371114730835,31.01275062561035,66.4968490600586
1764144493.462365,0.0,-0.1716080366209118,-0.1716080366209118,0.6961733879754319,0.27698940504575154,0.0,0.0,6.38144588470459,29.71719741821289,65.22822380065918
1764144493.561867,0.0,-0.16722827094632015,-0.16722827094632015,0.7,0.34698940504575154,0.0,0.0,1.6483535766601562,25.080913543701172,89.00952339172363
1764144493.6401772,0.0,-0.16138992078894346,-0.16138992078894346,0.6299999999999999,0.2837403534748592,0.0,0.0,0.8362360000610352,30.840431213378906,67.75069236755371
1764144493.7454588,0.0,-0.15674595374115502,-0.15674595374115502,0.6989936876296996,0.3537403534748592,0.0,0.0,1.7607746124267578,41.27809143066406,94.90847587585449
1764144493.820004,0.0,-0.15041347960103452,-0.15041347960103452,0.7,0.41446394507074735,0.0,0.0,1.0445163249969482,33.49418258666992,64.2099380493164
1764144493.8946018,0.0,-0.14586874503645278,-0.14586874503645278,0.7,0.3731275688507595,0.0,0.0,1.1084431409835815,44.65459442138672,64.10789489746094
1764144494.002066,0.0,-0.14126567950240101,-0.14126567950240101,0.6867280973121523,0.40456610579276464,0.0,0.0,0.6100998520851135,32.05615234375,96.72951698303223
1764144494.1187336,0.0,-0.13458760262271247,-0.13458760262271247,0.6944342388771474,0.36751291562104604,0.0,0.0,0.9079756140708923,67.55410766601562,105.92246055603027
1764144494.21279,0.0,-0.12724512674115604,-0.12724512674115604,0.6592106281779706,0.3894192989566364,0.0,0.0,1.449406623840332,46.73248291015625,83.43076705932617
1764144494.303701,0.0,-0.12124932504902472,-0.12124932504902472,0.593771783914417,0.3194192989566364,0.0,0.0,2.643479347229004,45.64851379394531,80.40237426757812
1764144494.3834288,0.0,-0.11539469401812721,-0.11539469401812721,0.5237717839144169,0.3310886190109887,0.0,0.0,1.9987778663635254,24.087535858154297,69.29636001586914
1764144494.475598,0.0,-0.1102094533408837,-0.1102094533408837,0.585576071050018,0.3785606079571881,0.0,0.0,2.215161085128784,74.88658142089844,81.6500186920166
1764144494.5798159,0.0,-0.10416431407779794,-0.10416431407779794,0.5267459849081932,0.31878763966495177,0.0,0.0,1.3365176916122437,42.866966247558594,93.61791610717773
1764144494.6669993,0.0,-0.09726791085822455,-0.09726791085822455,0.586907236482948,0.3690369368367829,0.0,0.0,2.818103075027466,71.0997314453125,76.70259475708008
1764144494.7590451,0.0,-0.09144834615272147,-0.09144834615272147,0.5832254061195998,0.2990369368367829,0.0,0.0,1.119187831878662,88.79212951660156,81.54892921447754
1764144494.8393457,0.0,-0.08525751142951477,-0.08525751142951477,0.617501928815618,0.33132102154428145,0.0,0.0,1.7344368696212769,70.26695251464844,69.91958618164062
1764144494.9123816,0.0,-0.07981447122861146,-0.07981447122861146,0.6092460605967789,0.38712968118721625,0.0,0.0,0.4310796558856964,49.296897888183594,62.68000602722168
1764144494.990196,0.0,-0.07483352556511318,-0.07483352556511318,0.6792460605967789,0.350394202398602,0.0,0.0,0.5702902674674988,52.379783630371094,67.4448013305664
1764144495.0668283,0.0,-0.06949423099672623,-0.06949423099672623,0.6600513775367289,0.4071034956746735,0.0,0.0,2.240726947784424,25.567596435546875,66.29252433776855
1764144495.14254,0.0,-0.06419845082920195,-0.06419845082920195,0.7,0.3371034956746735,0.0,0.0,1.0811158418655396,46.81361389160156,65.21773338317871
1764144495.2158785,0.0,-0.058956051706261246,-0.058956051706261246,0.6299999999999999,0.4071034956746735,0.0,0.0,0.8193652033805847,29.638193130493164,63.068389892578125
1764144495.3304653,0.0,-0.05382748570311277,-0.05382748570311277,0.59032702550292,0.47710349567467353,0.0,0.0,0.7505934238433838,51.187679290771484,103.94859313964844
1764144495.4315848,0.0,-0.04578697617467538,-0.04578697617467538,0.5754379715025424,0.5056425106548705,0.0,0.0,0.6267679333686829,56.20050048828125,90.55709838867188
1764144495.5050454,0.0,-0.03864535625208263,-0.03864535625208263,0.6419637064635753,0.43564251065487053,0.0,0.0,0.4519897997379303,103.88380432128906,62.97588348388672
1764144495.5864909,0.0,-0.03344018771762775,-0.03344018771762775,0.5719637064635752,0.5014995411061682,0.0,0.0,0.9811612367630005,29.36993408203125,71.11954689025879
1764144495.6648436,0.0,-0.027628424652214524,-0.027628424652214524,0.63961343601346,0.5107838138961234,0.0,0.0,0.8167761564254761,78.94099426269531,67.89994239807129
1764144495.7428699,0.0,-0.022019938684612255,-0.022019938684612255,0.6678291796147822,0.5210789898433723,0.0,0.0,1.3966888189315796,75.20655822753906,67.60931015014648
1764144495.814855,0.0,-0.016413485747897045,-0.016413485747897045,0.6237248754501341,0.4510789898433723,0.0,0.0,1.308888554573059,48.795631408691406,61.65003776550293
1764144495.8923256,0.0,-0.011223443873426928,-0.011223443873426928,0.6169625291973351,0.4961170827248134,0.0,0.0,0.7864205241203308,69.83645629882812,67.15631484985352
1764144495.9918485,0.0,-0.0056146999416067924,-0.0056146999416067924,0.6338565512001513,0.45944894228363414,0.0,0.0,1.3798753023147583,85.96929931640625,89.05458450317383
1764144496.0786068,0.0,0.0016372936407308986,0.0016372936407308986,0.6630964013189076,0.4542272783094086,0.0,0.0,0.8073070645332336,38.072601318359375,75.95348358154297
1764144496.154489,0.0,0.007935639841849739,0.007935639841849739,0.5930964013189075,0.47829829745227476,0.0,0.0,0.8575774431228638,19.829904556274414,65.54388999938965
1764144496.229101,0.0,0.01348287617230892,0.01348287617230892,0.5856175872124729,0.44769526116782804,0.0,0.0,0.8557270169258118,40.14862060546875,64.26310539245605
1764144496.3214972,0.0,0.01895310115752763,0.01895310115752763,0.5884921527560798,0.5126933439844288,0.0,0.0,1.3328548669815063,64.20394897460938,81.95662498474121
1764144496.4339652,0.0,0.02575291809912444,0.02575291809912444,0.5621885540988294,0.5316580872260965,0.0,0.0,0.9321789145469666,57.01879119873047,101.82452201843262
1764144496.5356603,0.0,0.034023374620061636,0.034023374620061636,0.607443421622738,0.4706158082210459,0.0,0.0,0.6810221672058105,57.63247299194336,91.31002426147461
1764144496.6112504,0.0,0.04153416849357955,0.04153416849357955,0.5509159150626508,0.40537413612240925,0.0,0.0,0.6576625108718872,27.94998550415039,65.20700454711914
1764144496.7003675,0.0,0.04712282320436002,0.04712282320436002,0.6162595632579175,0.4189958640583791,0.0,0.0,1.4835259914398193,44.605690002441406,78.81331443786621
1764144496.789556,0.0,0.053745565841516296,0.053745565841516296,0.6491753491666166,0.4675785706588067,0.0,0.0,2.786105155944824,33.42530822753906,78.38940620422363
1764144496.9005394,0.0,0.060361941860478927,0.060361941860478927,0.5791753491666165,0.5375785706588068,0.0,0.0,0.9155079126358032,24.937917709350586,100.2955436706543
1764144496.985488,0.0,0.06860877717098349,0.06860877717098349,0.5091753491666164,0.49087390583241364,0.0,0.0,0.7219838500022888,44.31814956665039,74.13029670715332
1764144497.1014528,0.0,0.07491730789852095,0.07491730789852095,0.4941559658851471,0.4951513903238811,0.0,0.0,1.3017666339874268,53.093170166015625,105.2865982055664
1764144497.1805108,0.0,0.08352610729196712,0.08352610729196712,0.4386023545172062,0.4251513903238811,0.0,0.0,1.1322358846664429,62.436527252197266,68.7251091003418
1764144497.2521856,0.0,0.08940810393371712,0.08940810393371712,0.40536522506736183,0.4084448621817865,0.0,0.0,1.7233786582946777,56.124290466308594,61.34176254272461
1764144497.329164,0.0,0.09474437535948638,0.09474437535948638,0.4417057001497593,0.4784448621817865,0.0,0.0,2.383514881134033,114.14331817626953,66.54167175292969
1764144497.4056685,0.0,0.10046822541015661,0.10046822541015661,0.45957199311815167,0.4554278971650638,0.0,0.0,1.4069441556930542,194.5023956298828,66.06483459472656
1764144497.4812684,0.0,0.10615870111860275,0.10615870111860275,0.5223105681594458,0.5254278971650639,0.0,0.0,1.3480608463287354,110.64524841308594,65.11878967285156
1764144497.5617104,0.0,0.11176980939391085,0.11176980939391085,0.5539612380322065,0.5050980063923636,0.0,0.0,1.9567065238952637,119.30615234375,70.11032104492188
1764144497.6477356,0.0,0.11775147193001574,0.11775147193001574,0.48396123803220653,0.5469124453910628,0.0,0.0,1.6750410795211792,87.49737548828125,75.44207572937012
1764144497.7205052,0.0,0.12412150740022906,0.12412150740022906,0.5539612380322065,0.5720361812808552,0.0,0.0,0.874171257019043,185.76156616210938,62.43324279785156
1764144497.805072,0.0,0.12951640561590164,0.12951640561590164,0.5391346403863277,0.5828467995696702,0.0,0.0,1.5224566459655762,60.1285400390625,74.02849197387695
1764144497.8817294,0.0,0.13577554493307115,0.13577554493307115,0.4969775678124275,0.5128467995696702,0.0,0.0,1.8654991388320923,69.87399291992188,66.12277030944824
1764144497.957341,0.0,0.14143157418659577,0.14143157418659577,0.5366002359893169,0.4999498091661372,0.0,0.0,1.1714943647384644,103.27865600585938,65.24109840393066
1764144498.050404,0.0,0.14701021302315975,0.14701021302315975,0.5581087229307737,0.4769422654085793,0.0,0.0,1.645531415939331,28.73886489868164,82.52906799316406
1764144498.1337068,0.0,0.15385584322701368,0.15385584322701368,0.4921222982462492,0.5469422654085794,0.0,0.0,1.2587635517120361,20.461139678955078,72.85237312316895
1764144498.2109091,0.0,0.15996923719529207,0.15996923719529207,0.5038274667691436,0.558073401155416,0.0,0.0,1.6452094316482544,78.90895080566406,66.6651725769043
1764144498.2996652,0.0,0.1656112516385359,0.1656112516385359,0.5285083401482549,0.5706715850927868,0.0,0.0,1.6148980855941772,72.46105194091797,78.44233512878418
1764144498.37803,0.0,0.1721011799301264,0.1721011799301264,0.5393637820612636,0.5006715850927868,0.0,0.0,1.565754771232605,45.7060546875,67.81959533691406
1764144498.4562151,0.0,0.17779805235686064,0.17779805235686064,0.505741804046556,0.5394143359758892,0.0,0.0,1.3856903314590454,45.37796401977539,67.67988204956055
1764144498.5358171,0.0,0.18347392818215827,0.18347392818215827,0.4744251884054389,0.6074553253152408,0.0,0.0,2.380866289138794,65.93820190429688,68.9702033996582
1764144498.6317637,0.0,0.18921828989362588,0.18921828989362588,0.5233358136843886,0.629445283676032,0.0,0.0,1.4080644845962524,72.18141174316406,85.62946319580078
1764144498.7147474,0.0,0.1961303063796052,0.1961303063796052,0.5913458905648437,0.6138100093253889,0.0,0.0,1.2329169511795044,28.668560028076172,72.57652282714844
1764144498.785819,0.0,0.20207753366788994,0.20207753366788994,0.5521021887194362,0.5438100093253888,0.0,0.0,2.953312635421753,22.030006408691406,60.762882232666016
1764144498.872133,0.0,0.20715888289068973,0.20715888289068973,0.5516624747193415,0.5970527299889363,0.0,0.0,3.185875177383423,33.30170822143555,75.88768005371094
1764144498.9497678,0.0,0.21330101987701838,0.21330101987701838,0.5365714392042715,0.6670527299889364,0.0,0.0,7.0312418937683105,54.19050598144531,67.08955764770508
1764144499.0227492,0.0,0.21878940450422008,0.21878940450422008,0.5288707291125316,0.6474465681263246,0.0,0.0,3.3171262741088867,32.180381774902344,62.623023986816406
1764144499.1120129,0.0,0.22393369142780173,0.22393369142780173,0.49436763426056096,0.6008829278894701,0.0,0.0,7.05754280090332,52.63414001464844,78.91130447387695
1764144499.184789,0.0,0.23020417221075712,0.23020417221075712,0.47757330661406705,0.6521956725069322,0.0,0.0,3.3027615547180176,42.22159194946289,62.265634536743164
1764144499.2605383,0.0,0.23528320899138006,0.23528320899138006,0.4461198014556427,0.642572965475265,0.0,0.0,4.13780403137207,71.53312683105469,65.05393981933594
1764144499.3448777,0.0,0.24052805982305914,0.24052805982305914,0.37611980145564267,0.5725729654752649,0.0,0.0,4.7527546882629395,157.66937255859375,73.78458976745605
1764144499.417895,0.0,0.24634043071869874,0.24634043071869874,0.44139641677727887,0.642572965475265,0.0,0.0,6.647407531738281,95.88758850097656,62.708377838134766
1764144499.4969165,0.0,0.25135322741117483,0.25135322741117483,0.416731325590517,0.6412817272380926,0.0,0.0,3.846421480178833,107.03279113769531,68.62568855285645
1764144499.617215,0.0,0.25674078860722294,0.25674078860722294,0.4016511548846025,0.6213564551458695,0.0,0.0,3.8135290145874023,83.16858673095703,109.87043380737305
1764144499.7101595,0.0,0.2648853001921268,0.2648853001921268,0.38497933527221867,0.6703542224154808,0.0,0.0,4.472111701965332,90.40182495117188,82.3678970336914
1764144499.8062248,0.0,0.2711097055483431,0.2711097055483431,0.31497933527221866,0.7,0.0,0.0,4.909129619598389,199.54124450683594,85.56246757507324
1764144499.898442,0.0,0.2774978799824208,0.2774978799824208,0.3787379916547794,0.7,0.0,0.0,3.7942543029785156,265.05322265625,81.54630661010742
1764144499.9819317,0.0,0.28356059989804494,0.28356059989804494,0.41581215521087833,0.7,0.0,0.0,4.777866840362549,187.5263671875,73.09079170227051
1764144500.0608945,0.0,0.2890169877357027,0.2890169877357027,0.48581215521087834,0.6718902315944433,0.0,0.0,3.7578794956207275,71.71378326416016,68.41206550598145
1764144500.1342354,0.0,0.29412131230601146,0.29412131230601146,0.46063547922065445,0.7,0.0,0.0,4.241010665893555,52.203460693359375,63.016653060913086
1764144500.2248054,0.0,0.29883734567297193,0.29883734567297193,0.4629906713101078,0.7,0.0,0.0,4.257050514221191,43.41510009765625,80.1093578338623
1764144500.328817,0.0,0.3045998255533938,0.3045998255533938,0.4127044118079353,0.7,0.0,0.0,5.984555244445801,69.90548706054688,93.62030029296875
1764144500.4019215,0.0,0.31114644648666256,0.31114644648666256,0.4232889273273755,0.6874663818627595,0.0,0.0,6.090052604675293,67.59153747558594,62.76988983154297
1764144500.490329,0.0,0.3157126893950063,0.3157126893950063,0.35794586027739533,0.691383503191173,0.0,0.0,5.703824520111084,74.47051239013672,77.7130126953125
1764144500.5653002,0.0,0.3211570141682891,0.3211570141682891,0.3552617117832411,0.621383503191173,0.0,0.0,5.43436861038208,62.590633392333984,64.50414657592773
1764144500.644283,0.0,0.32573299370737385,0.32573299370737385,0.2852617117832411,0.6081382726505398,0.0,0.0,5.78121280670166,90.73176574707031,68.46785545349121
1764144500.7255237,0.0,0.33049892672083964,0.33049892672083964,0.3552617117832411,0.6110387389734386,0.0,0.0,6.533280372619629,109.63471984863281,70.90330123901367
1764144500.7987804,0.0,0.33535820983681824,0.33535820983681824,0.30436896011931786,0.6290468015894293,0.0,0.0,5.888070583343506,58.383880615234375,62.78824806213379
1764144500.8750556,0.0,0.3396873707051557,0.3396873707051557,0.3071462338860143,0.6390058799833058,0.0,0.0,9.137249946594238,104.5662841796875,65.85335731506348
1764144500.949946,0.0,0.34415062332983815,0.34415062332983815,0.27325099465204367,0.6548862393200396,0.0,0.0,6.815795421600342,94.02696228027344,64.3148422241211
1764144501.0249095,0.0,0.348472667908109,0.348472667908109,0.20325099465204366,0.7,0.0,0.0,6.569636821746826,76.22457885742188,64.60022926330566
1764144501.1096907,0.0,0.3527565165142894,0.3527565165142894,0.1680304461414922,0.6299999999999999,0.0,0.0,6.427668571472168,114.64065551757812,74.36966896057129
1764144501.2022107,0.0,0.3575444467463718,0.3575444467463718,0.1815752505580891,0.5967972996830939,0.0,0.0,6.834462642669678,202.48403930664062,81.9087028503418
1764144501.2875795,0.0,0.36267755916219446,0.36267755916219446,0.23375394635600932,0.666797299683094,0.0,0.0,6.749645233154297,157.54940795898438,75.0279426574707
1764144501.3721976,0.0,0.36735393989121295,0.36735393989121295,0.18985121392412074,0.7,0.0,0.0,7.970605850219727,136.3064422607422,74.10049438476562
1764144501.4641826,0.0,0.3719154425126898,0.3719154425126898,0.15673503719968684,0.65791482552886,0.0,0.0,8.966836929321289,248.7950897216797,81.40707015991211
1764144501.5555494,0.0,0.37679173699618246,0.37679173699618246,0.15949732645181902,0.58791482552886,0.0,0.0,8.909406661987305,183.364501953125,80.83415031433105
1764144501.63694,0.0,0.38155858374954216,0.38155858374954216,0.19062710760859736,0.6319594021141528,0.0,0.0,8.35642147064209,141.0853271484375,70.8158016204834
1764144501.7097533,0.0,0.3857113392188529,0.3857113392188529,0.12062710760859735,0.5981768231093882,0.0,0.0,10.690164566040039,148.88519287109375,62.53218650817871
1764144501.7894773,0.0,0.3893821579910835,0.3893821579910835,0.19062710760859736,0.6681768231093883,0.0,0.0,8.559530258178711,197.32455444335938,69.32640075683594
1764144501.8707595,0.0,0.3933344723929818,0.3933344723929818,0.1772917753341604,0.6880875814706087,0.0,0.0,10.148382186889648,195.9871368408203,70.86730003356934
1764144501.9442637,0.0,0.39728913989746567,0.39728913989746567,0.20582948087481745,0.7,0.0,0.0,4.6731367111206055,195.94107055664062,63.1866455078125
1764144502.017153,0.0,0.40080422211422456,0.40080422211422456,0.27582948087481746,0.6430344440042972,0.0,0.0,10.950371742248535,144.1175994873047,62.54839897155762
1764144502.1003194,0.0,0.4042329585326748,0.4042329585326748,0.2682247319328595,0.6914915338158607,0.0,0.0,10.994654655456543,79.5348892211914,72.66879081726074
1764144502.1946738,0.0,0.40807844100622503,0.40807844100622503,0.2756137972767461,0.6444495774805545,0.0,0.0,11.01258373260498,69.84249877929688,83.49394798278809
1764144502.2680004,0.0,0.41231495144127706,0.41231495144127706,0.2056137972767461,0.5985008783638477,0.0,0.0,10.739015579223633,83.34939575195312,63.00830841064453
1764144502.3439426,0.0,0.4155482912849755,0.4155482912849755,0.2326323033566583,0.6613031111657619,0.0,0.0,15.08796501159668,103.35063171386719,65.56963920593262
1764144502.4176726,0.0,0.41882566778454094,0.41882566778454094,0.21520878721727021,0.7,0.0,0.0,10.547205924987793,63.489566802978516,63.37094306945801
1764144502.4895535,0.0,0.42194021260927417,0.42194021260927417,0.1541222852910865,0.6299999999999999,0.0,0.0,9.161412239074707,63.9255256652832,61.571359634399414
1764144502.574492,0.0,0.42491947566050176,0.42491947566050176,0.17935676288558133,0.7,0.0,0.0,9.531562805175781,88.08309936523438,74.3110179901123
1764144502.6580634,0.0,0.42835410096651416,0.42835410096651416,0.10935676288558133,0.7,0.0,0.0,9.178438186645508,87.498046875,72.84665107727051
1764144502.7605128,0.0,0.43162688896300794,0.43162688896300794,0.0980909383366812,0.6454288817942142,0.0,0.0,10.618465423583984,108.57609558105469,92.0257568359375
1764144502.8459177,0.0,0.4355319807973426,0.4355319807973426,0.10496514993486888,0.6957958534359932,0.0,0.0,13.764219284057617,80.62467193603516,74.79286193847656
1764144502.9340515,0.0,0.43868335299703615,0.43868335299703615,0.13212490784702785,0.7,0.0,0.0,15.69527530670166,118.87590026855469,77.32272148132324
1764144503.0373392,0.0,0.4418148233544436,0.4418148233544436,0.09969516801414974,0.7,0.0,0.0,9.51047134399414,124.62313842773438,92.97537803649902
1764144503.1164007,0.0,0.44536689002709784,0.44536689002709784,0.16657847123919017,0.7,0.0,0.0,14.515708923339844,121.22576904296875,68.61376762390137
1764144503.197348,0.0,0.44798425415005494,0.44798425415005494,0.09657847123919017,0.6674270413815975,0.0,0.0,10.833359718322754,86.33914184570312,70.49012184143066
1764144503.285491,0.0,0.45057166221513345,0.45057166221513345,0.04083543631015307,0.7,0.0,0.0,10.542222023010254,105.49945831298828,77.77523994445801
1764144503.3699222,0.0,0.45328513943366344,0.45328513943366344,0.0,0.6568826593458652,0.0,0.0,9.328577995300293,131.0955810546875,73.98629188537598
1764144503.4483438,0.0,0.45577892497552697,0.45577892497552697,0.0,0.5868826593458651,0.0,0.0,15.365966796875,143.7554473876953,67.90995597839355
1764144503.5224857,0.0,0.4579983262612706,0.4579983262612706,0.07,0.5684068995714187,0.0,0.0,12.31702995300293,145.1881561279297,63.80724906921387
1764144503.6214075,0.0,0.4600188498050859,0.4600188498050859,0.0041631308197975225,0.6384068995714187,0.0,0.0,9.54430866241455,86.8594970703125,88.33074569702148
1764144503.7003605,0.0,0.462584373356293,0.462584373356293,0.0,0.6063634388148784,0.0,0.0,10.934732437133789,148.15467834472656,68.22347640991211
1764144503.779606,0.0,0.4645152589510783,0.4645152589510783,0.0,0.628258528932929,0.0,0.0,11.387667655944824,100.35113525390625,68.89176368713379
1764144503.865324,0.0,0.466365226066861,0.466365226066861,0.0,0.5582585289329289,0.0,0.0,11.767829895019531,137.3334503173828,75.31404495239258
1764144503.9478788,0.0,0.4682547699914683,0.4682547699914683,0.004711931571364403,0.49838252283632745,0.0,0.0,12.3922119140625,83.7688217163086,71.98190689086914
1764144504.057211,0.0,0.46996379524144705,0.46996379524144705,0.030419476330280304,0.461830022856593,0.0,0.0,10.872139930725098,54.29597091674805,98.79922866821289
1764144504.153336,0.0,0.4720603992732112,0.4720603992732112,0.0,0.5318300228565931,0.0,0.0,11.617621421813965,51.53898239135742,85.55889129638672
1764144504.2286823,0.0,0.47373829029619335,0.47373829029619335,0.0,0.6018300228565931,0.0,0.0,10.356232643127441,49.53879928588867,65.02914428710938
1764144504.305569,0.0,0.47495559237589313,0.47495559237589313,0.031068742275238037,0.646281226053834,0.0,0.0,10.508744239807129,100.56490325927734,66.3292407989502
1764144504.3795784,0.0,0.47610056046374133,0.47610056046374133,0.0,0.67758909098804,0.0,0.0,11.794975280761719,73.08512878417969,63.663482666015625
1764144504.455702,0.0,0.47711799409306743,0.47711799409306743,0.07,0.7,0.0,0.0,10.505946159362793,135.45108032226562,65.63448905944824
1764144504.5308857,0.0,0.47807434965506146,0.47807434965506146,0.0,0.6429112821817398,0.0,0.0,11.35252571105957,78.93268585205078,64.80145454406738
1764144504.6144948,0.0,0.4789331482682763,0.4789331482682763,0.0,0.6732268899679184,0.0,0.0,14.202596664428711,119.26504516601562,73.17256927490234
1764144504.6891568,0.0,0.479786184050978,0.479786184050978,0.030950699001550674,0.7,0.0,0.0,8.974828720092773,127.97930908203125,64.33343887329102
1764144504.7633302,0.0,0.48046075165330737,0.48046075165330737,0.06845039129257202,0.7,0.0,0.0,11.798651695251465,147.24147033691406,63.8427734375
1764144504.846324,0.0,0.4810491048654866,0.4810491048654866,0.13115426898002625,0.7,0.0,0.0,10.853008270263672,120.26233673095703,72.723388671875
1764144504.9217033,0.0,0.481612987820155,0.481612987820155,0.18837232887744904,0.7,0.0,0.0,10.895219802856445,68.92324829101562,65.02819061279297
1764144504.9969454,0.0,0.48203977550587146,0.48203977550587146,0.11837232887744903,0.6646018519997596,0.0,0.0,9.997602462768555,39.857112884521484,64.79406356811523
1764144505.0844498,0.0,0.48238452615730887,0.48238452615730887,0.13132878515869378,0.673099079914391,0.0,0.0,11.527520179748535,39.77014923095703,77.05235481262207
1764144505.1680677,0.0,0.48268629218619047,0.48268629218619047,0.07197239745408296,0.6985560057684779,0.0,0.0,10.206938743591309,58.713844299316406,72.99351692199707
1764144505.2486048,0.0,0.48287573342533374,0.48287573342533374,0.10983270529657602,0.6849853087216615,0.0,0.0,9.8357572555542,67.21290588378906,70.01304626464844
1764144505.3259044,0.0,0.4829684372699475,0.4829684372699475,0.14083903964608907,0.6637489859014749,0.0,0.0,11.991997718811035,71.3369140625,66.65754318237305
1764144505.419375,0.0,0.4829756076137298,0.4829756076137298,0.07083903964608906,0.6720689486712217,0.0,0.0,11.17492961883545,55.863407135009766,83.1458568572998
1764144505.501695,0.0,0.4828790712093461,0.4828790712093461,0.02333952825516461,0.7,0.0,0.0,11.360519409179688,52.39285659790039,71.97785377502441
1764144505.5753634,0.0,0.48269957084436677,0.48269957084436677,0.09333952825516462,0.7,0.0,0.0,13.054216384887695,80.1450424194336,62.97612190246582
1764144505.6698153,0.0,0.48246586071686537,0.48246586071686537,0.11868935201317071,0.6709508549422025,0.0,0.0,10.78140926361084,95.68692016601562,83.85872840881348
1764144505.7482042,0.0,0.4820663264197412,0.4820663264197412,0.11513590400107204,0.7,0.0,0.0,10.79021167755127,61.626468658447266,67.86990165710449
1764144505.8230343,0.0,0.48165091126824633,0.48165091126824633,0.12449971546418964,0.7,0.0,0.0,9.824827194213867,62.324562072753906,64.40973281860352
1764144505.9205587,0.0,0.48118423867641363,0.48118423867641363,0.15362132114358246,0.6724563099443912,0.0,0.0,10.14436149597168,52.748565673828125,87.1429443359375
1764144506.015386,0.0,0.48047338779336257,0.48047338779336257,0.08362132114358245,0.7,0.0,0.0,11.857853889465332,55.66361999511719,84.16533470153809
1764144506.0901036,0.0,0.479678097405689,0.479678097405689,0.09726584040559827,0.6969687049742788,0.0,0.0,10.476031303405762,40.80552291870117,64.26405906677246
1764144506.167363,0.0,0.4789772901469093,0.4789772901469093,0.09420052626170217,0.7,0.0,0.0,12.252293586730957,49.28599548339844,66.90263748168945
1764144506.2520733,0.0,0.47818379012477785,0.47818379012477785,0.16420052626170217,0.7,0.0,0.0,14.793148040771484,49.10779571533203,74.03802871704102
1764144506.3219411,0.0,0.4772409916268312,0.4772409916268312,0.10439917498268186,0.7,0.0,0.0,14.684953689575195,47.457908630371094,59.535980224609375
1764144506.4108605,0.0,0.4764022156361917,0.4764022156361917,0.03906950407661497,0.7,0.0,0.0,10.823458671569824,56.388458251953125,78.57728004455566
1764144506.4993622,0.0,0.4752565285918571,0.4752565285918571,0.0,0.7,0.0,0.0,12.699625015258789,56.763031005859375,77.86083221435547
1764144506.6053376,0.0,0.47403410539404667,0.47403410539404667,0.03016192838549614,0.6991271267645061,0.0,0.0,12.13612174987793,65.15403747558594,95.28207778930664
1764144506.6933565,0.0,0.4724682259300658,0.4724682259300658,0.020505092106759548,0.6547964292578399,0.0,0.0,10.450555801391602,68.59825134277344,77.66485214233398
1764144506.7677886,0.0,0.47107643122756476,0.47107643122756476,0.021770362043753266,0.650028009712696,0.0,0.0,12.752203941345215,71.68019104003906,63.872575759887695
1764144506.843717,0.0,0.469841318160828,0.469841318160828,0.0,0.580028009712696,0.0,0.0,11.548338890075684,69.88520812988281,65.49191474914551
1764144506.9157875,0.0,0.46852778727358374,0.46852778727358374,0.0,0.633840710967779,0.0,0.0,10.06386661529541,53.46188735961914,61.80524826049805
1764144506.990815,0.0,0.46722488464521245,0.46722488464521245,0.0,0.6181486650556325,0.0,0.0,8.955405235290527,67.84732055664062,64.5606517791748
1764144507.066881,0.0,0.4658210979170782,0.4658210979170782,0.0,0.6410570192337035,0.0,0.0,9.262001037597656,66.34000396728516,65.67740440368652
1764144507.15171,0.0,0.4643423179389298,0.4643423179389298,0.0,0.6261338583379983,0.0,0.0,9.647439956665039,80.78927612304688,74.28932189941406
1764144507.2519617,0.0,0.46263189170112706,0.46263189170112706,0.0,0.5616196683794259,0.0,0.0,11.12148380279541,79.09126281738281,89.60580825805664
1764144507.3409004,0.0,0.4605297564442281,0.4605297564442281,0.0,0.631619668379426,0.0,0.0,9.811683654785156,77.77571105957031,78.28044891357422
1764144507.4138036,0.0,0.4585981821946995,0.4585981821946995,0.0006581873749382794,0.678481812402606,0.0,0.0,10.109670639038086,88.57066345214844,62.64209747314453
1764144507.4939446,0.0,0.45695832135440967,0.45695832135440967,0.003928785969037563,0.6266305472701788,0.0,0.0,9.856301307678223,82.83677673339844,69.67759132385254
1764144507.5668993,0.0,0.4551111270658223,0.4551111270658223,0.0,0.6184008790180087,0.0,0.0,9.890690803527832,78.3675537109375,62.62803077697754
1764144507.6675472,0.0,0.4533796979973338,0.4533796979973338,0.0,0.5484008790180086,0.0,0.0,8.433890342712402,72.44552612304688,90.09170532226562
1764144507.7797534,0.0,0.4509241211221779,0.4509241211221779,0.023570001125335693,0.5553141931258141,0.0,0.0,10.340462684631348,37.12308883666992,101.51815414428711
1764144507.8804193,0.0,0.4480990843317887,0.4480990843317887,0.011820283718407154,0.5333871046267449,0.0,0.0,8.895852088928223,44.929168701171875,90.02184867858887
1764144507.9631438,0.0,0.4454874449204593,0.4454874449204593,0.0,0.6033871046267449,0.0,0.0,8.519946098327637,36.518470764160156,72.07179069519043
1764144508.0522656,0.0,0.44328770071202267,0.44328770071202267,0.06656184792518616,0.6053880488499999,0.0,0.0,7.543665409088135,76.3101806640625,78.43613624572754
1764144508.1248062,0.0,0.4408682682981374,0.4408682682981374,0.050760649144649506,0.6753880488499999,0.0,0.0,7.594148635864258,51.73405456542969,62.029361724853516
1764144508.2023833,0.0,0.43885764438064556,0.43885764438064556,0.022831551730632782,0.6053880488499999,0.0,0.0,7.5034027099609375,86.4361343383789,67.16442108154297
1764144508.2788978,0.0,0.43666997431598836,0.43666997431598836,0.01962996507063508,0.6022134919650852,0.0,0.0,8.842462539672852,92.761962890625,66.15972518920898
1764144508.3529341,0.0,0.43447541376688026,0.43447541376688026,0.08962996507063509,0.5604136449284851,0.0,0.0,7.316725730895996,95.56057739257812,63.7354850769043
1764144508.4317067,0.0,0.43231694017669486,0.43231694017669486,0.01962996507063508,0.5528678459115326,0.0,0.0,7.594687461853027,45.4908447265625,68.46952438354492
1764144508.511729,0.0,0.42998328115615825,0.42998328115615825,0.0,0.5601202312856912,0.0,0.0,7.094723224639893,45.224525451660156,69.58413124084473
1764144508.5894563,0.0,0.42757864645316596,0.42757864645316596,0.0,0.5296838514506816,0.0,0.0,7.335277557373047,64.53562927246094,67.37232208251953
1764144508.6634352,0.0,0.4252052622514348,0.4252052622514348,0.0,0.5410902237519621,0.0,0.0,6.727817535400391,33.30031204223633,63.463449478149414
1764144508.7739108,0.0,0.42291842439081734,0.42291842439081734,0.011007605120539665,0.5709345096722245,0.0,0.0,7.700332164764404,65.22152709960938,99.94816780090332
1764144508.8476715,0.0,0.4194517889649685,0.4194517889649685,0.0070673516020178795,0.6103816645219922,0.0,0.0,5.744958877563477,64.99683380126953,63.268184661865234
1764144508.9407353,0.0,0.4171053419356982,0.4171053419356982,0.0,0.5927542185410857,0.0,0.0,6.440428733825684,125.52273559570312,82.64303207397461
1764144509.0165617,0.0,0.41410649764334023,0.41410649764334023,0.0,0.5227542185410856,0.0,0.0,6.819452285766602,104.62752532958984,65.45281410217285
1764144509.0955312,0.0,0.4116320490609028,0.4116320490609028,0.022967137396335602,0.5053697061911224,0.0,0.0,6.151769638061523,86.22317504882812,68.39466094970703
1764144509.1828134,0.0,0.40902910476504545,0.40902910476504545,0.01966096623800695,0.4669995290413498,0.0,0.0,5.764436721801758,69.70309448242188,76.7359733581543
1764144509.2572641,0.0,0.40612469231348103,0.40612469231348103,0.0,0.3969995290413498,0.0,0.0,5.496551513671875,62.83806228637695,64.04542922973633
1764144509.3321168,0.0,0.40362210777004875,0.40362210777004875,0.03030894510447979,0.436685925759375,0.0,0.0,6.04563045501709,20.548816680908203,64.32533264160156
1764144509.4523866,0.0,0.40108755856128075,0.40108755856128075,0.0,0.49107704166322935,0.0,0.0,6.117927551269531,71.49275207519531,109.83061790466309
1764144509.5268116,0.0,0.3969639359713952,0.3969639359713952,0.0,0.4866017195768653,0.0,0.0,6.2266435623168945,66.01922607421875,63.600778579711914
1764144509.6003487,0.0,0.39440133477052863,0.39440133477052863,0.0,0.4892484982870518,0.0,0.0,6.250078201293945,53.90441131591797,63.20500373840332
1764144509.6730459,0.0,0.3918361320657013,0.3918361320657013,0.024190373718738556,0.4750994843803345,0.0,0.0,6.102930068969727,56.737335205078125,61.997413635253906
1764144509.7492836,0.0,0.3892964559305564,0.3892964559305564,0.0,0.5450994843803345,0.0,0.0,5.4596710205078125,48.688804626464844,65.77682495117188
1764144509.840591,0.0,0.3866062680198731,0.3866062680198731,0.0,0.5338371392525731,0.0,0.0,5.0699849128723145,115.07966613769531,80.54685592651367
1764144509.9115276,0.0,0.3833823194228567,0.3833823194228567,0.0,0.6038371392525732,0.0,0.0,6.095550060272217,139.56448364257812,60.61816215515137
1764144509.9928887,0.0,0.380855199534621,0.380855199534621,0.0,0.5670103275217115,0.0,0.0,3.8301379680633545,184.12527465820312,70.95932960510254
1764144510.0702899,0.0,0.3779425695989623,0.3779425695989623,0.0,0.49701032752171154,0.0,0.0,6.059642314910889,175.23597717285156,66.97201728820801
1764144510.1499102,0.0,0.375165245103514,0.375165245103514,0.06218299642205238,0.42701032752171153,0.0,0.0,5.827316761016846,124.01498413085938,69.28515434265137
1764144510.2242336,0.0,0.3722934473837326,0.3722934473837326,0.0796420481055975,0.40756166348233813,0.0,0.0,4.906015396118164,58.580955505371094,63.981056213378906
1764144510.314092,0.0,0.3696025546906447,0.3696025546906447,0.031201651319861412,0.4360675811208784,0.0,0.0,5.292843341827393,82.86689758300781,79.50901985168457
1764144510.3986855,0.0,0.36633811433264674,0.36633811433264674,0.03750878572463989,0.4019413925148546,0.0,0.0,4.756191730499268,71.22816467285156,74.05376434326172
1764144510.4969049,0.0,0.36325812004121066,0.36325812004121066,0.04719092044979334,0.4033258595177903,0.0,0.0,4.834381580352783,51.684532165527344,87.74137496948242
1764144510.585421,0.0,0.3596703041901022,0.3596703041901022,0.052066834177821875,0.35604932165239,0.0,0.0,5.252225875854492,42.57590866088867,78.00436019897461
1764144510.6733649,0.0,0.356436386582113,0.356436386582113,0.006744214799255133,0.343146726549603,0.0,0.0,5.801539421081543,32.66290283203125,77.49652862548828
1764144510.7474842,0.0,0.3532179653291214,0.3532179653291214,0.0017177383415400982,0.35010474227834487,0.0,0.0,5.644225597381592,35.440879821777344,63.78626823425293
1764144510.8216033,0.0,0.35050193395094603,0.35050193395094603,0.0,0.4201047422783449,0.0,0.0,6.491641998291016,39.430763244628906,63.788414001464844
1764144510.8942015,0.0,0.3477835277473625,0.3477835277473625,0.0,0.461657528062351,0.0,0.0,6.020702362060547,95.57759857177734,62.242746353149414
1764144510.9916632,0.0,0.3451230577304365,0.3451230577304365,0.005601794924587011,0.43833725363481785,0.0,0.0,5.852048873901367,93.40046691894531,87.13126182556152
1764144511.0958035,0.0,0.34154349441005233,0.34154349441005233,0.011303292587399483,0.4460418240586295,0.0,0.0,4.040508270263672,134.84059143066406,93.48106384277344
1764144511.169255,0.0,0.33773753596127143,0.33773753596127143,0.05534577555954456,0.5160418240586295,0.0,0.0,3.9487247467041016,103.28321075439453,63.005685806274414
1764144511.2530348,0.0,0.3350522907640292,0.3350522907640292,0.06321061309427023,0.5558949051657691,0.0,0.0,2.8625926971435547,183.4883270263672,73.22955131530762
1764144511.3316672,0.0,0.3320004654543222,0.3320004654543222,0.12267113383859396,0.5276140248635783,0.0,0.0,4.009768486022949,240.73411560058594,68.26925277709961
1764144511.4104166,0.0,0.3291391917050187,0.3291391917050187,0.12086012761574239,0.515622441121377,0.0,0.0,4.400369167327881,128.9777374267578,68.3889389038086
1764144511.4862792,0.0,0.32628272197500113,0.32628272197500113,0.1325179076520726,0.45311849231366064,0.0,0.0,5.316987037658691,195.89186096191406,65.56153297424316
1764144511.5613189,0.0,0.3235378302989875,0.3235378302989875,0.09448894846718758,0.4111818973207846,0.0,0.0,3.8383140563964844,84.66337585449219,64.70847129821777
1764144511.6349134,0.0,0.3208305531887467,0.3208305531887467,0.05051324504893273,0.3653202023589983,0.0,0.0,3.655276298522949,78.49225616455078,63.187360763549805
1764144511.7114155,0.0,0.31818488971450753,0.31818488971450753,0.054996846592985094,0.405792136141099,0.0,0.0,3.433842420578003,64.74516296386719,65.95540046691895
1764144511.7865617,0.0,0.31545253739373746,0.31545253739373746,0.1249968465929851,0.41705886872950937,0.0,0.0,4.405608177185059,61.27690124511719,64.83960151672363
1764144511.8613074,0.0,0.31277675100291935,0.31277675100291935,0.10690774587448687,0.47976329030934717,0.0,0.0,4.248846054077148,36.835567474365234,64.44954872131348
1764144511.9382632,0.0,0.31012475866336825,0.31012475866336825,0.036907745874486864,0.40976329030934716,0.0,0.0,3.2841765880584717,138.2784881591797,66.45750999450684
1764144512.0233333,0.0,0.3074145995443018,0.3074145995443018,0.027709898888133466,0.4435884940857067,0.0,0.0,3.493746280670166,60.756778717041016,74.67222213745117
1764144512.103942,0.0,0.3044224017046503,0.3044224017046503,0.01690430415328592,0.411869625323452,0.0,0.0,3.356095314025879,100.5002670288086,69.84162330627441
1764144512.1779237,0.0,0.3016330211916956,0.3016330211916956,0.0,0.46710801007691766,0.0,0.0,2.7922492027282715,115.65135192871094,63.67158889770508
1764144512.2526014,0.0,0.2990760246196507,0.2990760246196507,0.0,0.4639739736402407,0.0,0.0,2.7711400985717773,165.55628967285156,64.30673599243164
1764144512.336993,0.0,0.29650893930747707,0.29650893930747707,0.0,0.39397397364024067,0.0,0.0,1.8679245710372925,178.713623046875,73.8062858581543
1764144512.4136052,0.0,0.29364526498980575,0.29364526498980575,0.037612710148096085,0.4230510173970833,0.0,0.0,2.130986213684082,116.63956451416016,66.27917289733887
1764144512.4883194,0.0,0.291058616085432,0.291058616085432,0.04208438191562891,0.4105743980640545,0.0,0.0,2.5041213035583496,134.7712860107422,64.20636177062988
1764144512.5846953,0.0,0.2885613534560082,0.2885613534560082,0.0,0.38068062725011254,0.0,0.0,2.4341745376586914,106.51702117919922,85.92939376831055
1764144512.6983285,0.0,0.28536737469275625,0.28536737469275625,0.0,0.3728848221385851,0.0,0.0,3.0508525371551514,139.1082763671875,102.9355525970459
1764144512.7862284,0.0,0.28166084176973777,0.28166084176973777,0.0,0.34213154303375626,0.0,0.0,2.738816499710083,109.16395568847656,77.29530334472656
1764144512.860825,0.0,0.2788337111404028,0.2788337111404028,0.0,0.3864175370568409,0.0,0.0,2.315674304962158,66.95893859863281,64.07952308654785
1764144512.9550664,0.0,0.2764646916409405,0.2764646916409405,0.034837447106838226,0.3164175370568409,0.0,0.0,3.0816547870635986,109.55683135986328,83.95075798034668
1764144513.031712,0.0,0.2735049259897322,0.2735049259897322,0.0086895190179348,0.29248205701354885,0.0,0.0,2.7626724243164062,44.59246063232422,66.16806983947754
1764144513.1059997,0.0,0.2711357030132973,0.2711357030132973,0.0,0.2582894576573744,0.0,0.0,3.2132012844085693,36.011173248291016,63.96150588989258
1764144513.180254,0.0,0.2688665362109154,0.2688665362109154,0.0,0.23690328876022243,0.0,0.0,2.9471185207366943,73.21075439453125,63.94338607788086
1764144513.2586672,0.0,0.2666271259427295,0.2666271259427295,0.0,0.26124884130898857,0.0,0.0,2.911724090576172,33.57365036010742,67.91353225708008
1764144513.3431323,0.0,0.26430062424912826,0.26430062424912826,0.03147147223353386,0.26595932793337845,0.0,0.0,3.123598575592041,73.09859466552734,74.11432266235352
1764144513.415986,0.0,0.2618341042912959,0.2618341042912959,0.010565144941210747,0.3322864900203421,0.0,0.0,2.6982133388519287,16.11541175842285,62.55006790161133
1764144513.4910524,0.0,0.2597320594789232,0.2597320594789232,0.0,0.307925423500128,0.0,0.0,2.972722291946411,88.67630767822266,64.35608863830566
1764144513.5848842,0.0,0.2576110230310499,0.2576110230310499,0.0,0.3305770977260544,0.0,0.0,2.187485933303833,34.448577880859375,83.1301212310791
1764144513.6607614,0.0,0.2550143161109464,0.2550143161109464,0.03980043902993202,0.3402302254782989,0.0,0.0,2.590418815612793,41.432395935058594,65.51671028137207
1764144513.7341437,0.0,0.25295234666491684,0.25295234666491684,0.0023777633905410767,0.38831344143021845,0.0,0.0,3.2007272243499756,77.08069610595703,62.84904479980469
1764144513.8139994,0.0,0.2509966884829509,0.2509966884829509,0.031062651425600052,0.31831344143021845,0.0,0.0,2.3748691082000732,195.26498413085938,69.3199634552002
1764144513.8877602,0.0,0.24891190230871924,0.24891190230871924,0.021348237060010433,0.33387398645747446,0.0,0.0,3.245612859725952,57.642967224121094,63.23361396789551
1764144513.9736156,0.0,0.24702772805605056,0.24702772805605056,0.0,0.3066177994059398,0.0,0.0,2.890711784362793,83.54185485839844,75.4234790802002
1764144514.076599,0.0,0.2448827607311568,0.2448827607311568,0.0,0.29141546804923557,0.0,0.0,2.2120399475097656,68.44485473632812,92.4217700958252
1764144514.1698627,0.0,0.24238492656759658,0.24238492656759658,0.012309270910918713,0.2546991633297875,0.0,0.0,2.4312078952789307,54.490142822265625,82.63826370239258
1764144514.2541366,0.0,0.24019730289266672,0.24019730289266672,0.0,0.20471015964169048,0.0,0.0,2.811246156692505,67.67543029785156,73.90999794006348
1764144514.3302004,0.0,0.23827498887822246,0.23827498887822246,0.0,0.2180846577556803,0.0,0.0,2.40590763092041,38.625938415527344,65.71507453918457
1764144514.410814,0.0,0.23658420206977737,0.23658420206977737,0.0,0.2871488427789881,0.0,0.0,2.4500222206115723,64.99560546875,70.12319564819336
1764144514.4854305,0.0,0.23483918808015902,0.23483918808015902,0.0,0.28595180537551634,0.0,0.0,2.4504659175872803,112.54393005371094,64.11266326904297
1764144514.561289,0.0,0.23326627866229468,0.23326627866229468,0.015491057187318802,0.31213382173329585,0.0,0.0,2.7617602348327637,62.9420280456543,65.3526782989502
1764144514.6370955,0.0,0.23170602127123258,0.23170602127123258,0.0,0.2925744066759943,0.0,0.0,2.7723755836486816,112.8248291015625,65.20748138427734
1764144514.71924,0.0,0.23018807466605584,0.23018807466605584,0.04198615252971649,0.3250812562927603,0.0,0.0,2.0652005672454834,117.52993774414062,71.64907455444336
1764144514.797448,0.0,0.22858889260377357,0.22858889260377357,0.03571170475333929,0.34743519041687243,0.0,0.0,2.4243855476379395,158.248046875,67.85726547241211
1764144514.8767548,0.0,0.2271059376566531,0.2271059376566531,0.0,0.3887141934409737,0.0,0.0,1.2922881841659546,116.0185546875,68.94516944885254
1764144514.95355,0.0,0.2256433152990391,0.2256433152990391,0.0,0.3656055322661995,0.0,0.0,1.89970064163208,247.76651000976562,66.50328636169434
1764144515.0311246,0.0,0.22426427269143728,0.22426427269143728,0.07,0.35588034436106675,0.0,0.0,1.6573995351791382,227.36688232421875,67.22688674926758
1764144515.1114352,0.0,0.22290802283121994,0.22290802283121994,0.04871408611536027,0.3729504813253879,0.0,0.0,1.5687657594680786,192.2327880859375,69.81611251831055
1764144515.1851583,0.0,0.22154325361417462,0.22154325361417462,0.01863619282841683,0.3029504813253879,0.0,0.0,1.5258839130401611,197.24874877929688,63.25960159301758
1764144515.2803946,0.0,0.22032498179394513,0.22032498179394513,0.0,0.23295048132538787,0.0,0.0,1.235110878944397,79.31015014648438,84.72251892089844
1764144515.3705904,0.0,0.21879474820704425,0.21879474820704425,0.060213685035705566,0.2729010234773158,0.0,0.0,1.3034192323684692,77.81840515136719,79.38599586486816
1764144515.461033,0.0,0.21740019257454754,0.21740019257454754,0.0868803821504116,0.2395952220261096,0.0,0.0,2.3254191875457764,55.694156646728516,80.12843132019043
1764144515.5367732,0.0,0.21604236672722957,0.21604236672722957,0.05557345226407051,0.2514983981102704,0.0,0.0,1.4723228216171265,19.098331451416016,65.399169921875
1764144515.613407,0.0,0.2149389389073329,0.2149389389073329,0.023909788578748703,0.2364473992213606,0.0,0.0,2.037992000579834,55.81159973144531,66.27869606018066
1764144515.7087703,0.0,0.2138519602038883,0.2138519602038883,0.016851432155817747,0.2869576641544699,0.0,0.0,1.3877545595169067,45.639869689941406,84.88225936889648
1764144515.805012,0.0,0.21254086797562274,0.21254086797562274,0.008329034317284822,0.24554657723754636,0.0,0.0,2.2324655055999756,94.20794677734375,85.48307418823242
1764144515.9089353,0.0,0.21126368523589584,0.21126368523589584,0.03578459518030286,0.25498408891260615,0.0,0.0,1.6826144456863403,33.68733215332031,93.19519996643066
1764144515.9857447,0.0,0.20993423088683497,0.20993423088683497,0.03243800438940525,0.29439101062715045,0.0,0.0,1.6301372051239014,21.00533676147461,66.04170799255371
1764144516.0587647,0.0,0.20898846043306435,0.20898846043306435,0.05977164767682552,0.2892637888155877,0.0,0.0,1.1167327165603638,106.12236022949219,62.65878677368164
1764144516.1465292,0.0,0.20810902015314006,0.20810902015314006,0.07270361389964819,0.26469807533547274,0.0,0.0,2.545319080352783,41.738075256347656,77.31389999389648
1764144516.230061,0.0,0.20708389518821943,0.20708389518821943,0.08068112656474113,0.2500161232613026,0.0,0.0,1.7539881467819214,44.393829345703125,73.21596145629883
1764144516.3296335,0.0,0.20613621706248728,0.20613621706248728,0.08235065825283527,0.2587591067142784,0.0,0.0,1.968596339225769,32.74074935913086,89.06793594360352
1764144516.4061396,0.0,0.20504267972200677,0.20504267972200677,0.0659922044724226,0.3276372432895004,0.0,0.0,2.6878225803375244,30.048240661621094,65.87100028991699
1764144516.484038,0.0,0.20423238894238233,0.20423238894238233,0.10281612537801266,0.30397083723917595,0.0,0.0,2.3239707946777344,136.12240600585938,67.57903099060059
1764144516.5799227,0.0,0.2034261199598448,0.2034261199598448,0.0708459410816431,0.29532117230817667,0.0,0.0,2.862471103668213,160.33071899414062,85.37459373474121
1764144516.6767557,0.0,0.20246441463704373,0.20246441463704373,0.09774520061910152,0.36200087351724497,0.0,0.0,1.866693139076233,94.12004089355469,86.26914024353027
1764144516.7514691,0.0,0.20152602294505176,0.20152602294505176,0.13625509478151798,0.37311126498505465,0.0,0.0,2.3192691802978516,104.77842712402344,64.36586380004883
1764144516.8231878,0.0,0.20082158988177365,0.20082158988177365,0.13856945210136473,0.3039665391854941,0.0,0.0,2.1666829586029053,175.97911071777344,61.21206283569336
1764144516.8997934,0.0,0.20016217837799094,0.20016217837799094,0.1121484434697777,0.26089638678356997,0.0,0.0,2.6545982360839844,89.44966125488281,66.09892845153809
1764144516.9740984,0.0,0.1994759703608328,0.1994759703608328,0.10653582843951881,0.33089638678357,0.0,0.0,2.530358076095581,89.71292114257812,63.99083137512207
1764144517.048282,0.0,0.19882475790252546,0.19882475790252546,0.03737667831592262,0.312743658106774,0.0,0.0,2.058415412902832,98.19015502929688,63.72356414794922
1764144517.1578908,0.0,0.1981901014751313,0.1981901014751313,0.051679244032129645,0.33191224364563815,0.0,0.0,1.3546838760375977,115.03401184082031,99.0447998046875
1764144517.2484808,0.0,0.19727841715653674,0.19727841715653674,0.12167924403212965,0.27330737365409724,0.0,0.0,1.9431556463241577,180.2803955078125,80.0633430480957
1764144517.321889,0.0,0.19654741113258384,0.19654741113258384,0.10165465756319464,0.2236250954680144,0.0,0.0,2.5237796306610107,106.082275390625,62.906503677368164
1764144517.4130435,0.0,0.19596942356295266,0.19596942356295266,0.09515831193886698,0.2546779791824519,0.0,0.0,2.3751344680786133,40.847293853759766,80.8560848236084
1764144517.486878,0.0,0.19526564851671382,0.19526564851671382,0.025158311938866973,0.2528303264640271,0.0,0.0,1.427043080329895,109.13389587402344,63.43221664428711
1764144517.5767775,0.0,0.19470803804691453,0.19470803804691453,0.06691290042363107,0.26109720198437564,0.0,0.0,1.59496009349823,71.89983367919922,79.42438125610352
1764144517.6560187,0.0,0.19404301389011494,0.19404301389011494,0.04526347271166742,0.2291080894879996,0.0,0.0,2.349337339401245,65.44575500488281,68.80521774291992
1764144517.7665193,0.0,0.19346791513534758,0.19346791513534758,0.0,0.29197220681235186,0.0,0.0,1.457016944885254,61.90596008300781,100.02923011779785
1764144517.8652196,0.0,0.19267939455249156,0.19267939455249156,0.024721600115299225,0.2835247292183339,0.0,0.0,1.76858389377594,94.79510498046875,87.74065971374512
1764144517.9619215,0.0,0.19199376152949785,0.19199376152949785,0.07470197975635529,0.2598229310475289,0.0,0.0,1.6746410131454468,221.40316772460938,86.12298965454102
1764144518.0381176,0.0,0.1913310540608425,0.1913310540608425,0.036048103123903275,0.1898229310475289,0.0,0.0,2.035163164138794,60.95610046386719,65.71435928344727
1764144518.11214,0.0,0.19081641112964112,0.19081641112964112,0.0055108703672885895,0.19936342185363165,0.0,0.0,4.269262313842773,37.84150695800781,63.71307373046875
1764144518.188004,0.0,0.19032040061163816,0.19032040061163816,0.0,0.23368013298138968,0.0,0.0,2.872131109237671,30.735898971557617,65.50955772399902
1764144518.2685854,0.0,0.18981599596144919,0.18981599596144919,0.0,0.24202551340684286,0.0,0.0,2.3772008419036865,29.95520782470703,70.13058662414551
1764144518.3508708,0.0,0.18928462416561823,0.18928462416561823,0.00610497547313571,0.2664186099730431,0.0,0.0,2.2308592796325684,60.68415832519531,71.73275947570801
1764144518.4297557,0.0,0.18874497305886614,0.18874497305886614,0.0,0.20776155611500136,0.0,0.0,1.9996639490127563,136.72433471679688,68.35508346557617
1764144518.5202782,0.0,0.18823081355702465,0.18823081355702465,0.0,0.25664269572123877,0.0,0.0,2.2537858486175537,82.48267364501953,80.22141456604004
1764144518.612856,0.0,0.18763972822899375,0.18763972822899375,0.0,0.24069431072100989,0.0,0.0,2.5947091579437256,61.81327819824219,81.9394588470459
1764144518.686703,0.0,0.1870381960966728,0.1870381960966728,0.0,0.20891031643375746,0.0,0.0,2.018929958343506,85.489013671875,63.36832046508789
1764144518.7607732,0.0,0.1865573086376136,0.1865573086376136,0.010997923091053963,0.19798783140256992,0.0,0.0,2.2574656009674072,69.54691314697266,63.69948387145996
1764144518.834649,0.0,0.18607359128236955,0.18607359128236955,0.0,0.22305996643379322,0.0,0.0,2.3714101314544678,49.3265380859375,63.5228157043457
1764144518.9208686,0.0,0.1855882484627062,0.1855882484627062,0.018724016845226288,0.1558455147035419,0.0,0.0,2.678673028945923,53.528812408447266,75.66571235656738
1764144518.9920266,0.0,0.1850193056167141,0.1850193056167141,0.0,0.1810181506164371,0.0,0.0,3.315014362335205,38.74990463256836,60.78529357910156
1764144519.074442,0.0,0.18454558185466546,0.18454558185466546,0.0,0.12687776165083042,0.0,0.0,2.040248155593872,25.058635711669922,71.89202308654785
1764144519.1586607,0.0,0.1839918202979846,0.1839918202979846,0.047701772302389145,0.15874632002785793,0.0,0.0,1.5584607124328613,43.57480239868164,73.5781192779541
1764144519.233488,0.0,0.1834210968137472,0.1834210968137472,0.0207049660384655,0.19163385706022373,0.0,0.0,2.374161958694458,47.040550231933594,64.47243690490723
1764144519.3390782,0.0,0.1829067093560942,0.1829067093560942,0.03622776921838522,0.21637118907645336,0.0,0.0,1.7514022588729858,24.567296981811523,95.1683521270752
1764144519.4449005,0.0,0.18216821301900368,0.18216821301900368,0.014273175038397312,0.23321849966421715,0.0,0.0,2.3597002029418945,34.43727493286133,95.15762329101562
1764144519.521744,0.0,0.1814151727805852,0.1814151727805852,0.02500206045806408,0.21484166311100117,0.0,0.0,1.6394606828689575,79.16988372802734,66.4219856262207
1764144519.6171656,0.0,0.18085601757952086,0.18085601757952086,0.0,0.23919011207297436,0.0,0.0,2.2263307571411133,74.03248596191406,84.92875099182129
1764144519.7128654,0.0,0.18014806285617416,0.18014806285617416,0.0,0.24192875248379997,0.0,0.0,1.7866014242172241,106.64382934570312,85.08467674255371
1764144519.788403,0.0,0.17942059663298007,0.17942059663298007,0.01325852982699871,0.2832692935783415,0.0,0.0,2.1382579803466797,91.65121459960938,64.90373611450195
1764144519.8622837,0.0,0.17883530163959982,0.17883530163959982,0.029968401417136192,0.2860144669841974,0.0,0.0,1.8945027589797974,215.1815185546875,63.367605209350586
1764144519.942118,0.0,0.1782496192738081,0.1782496192738081,0.07566296122968197,0.3373533221613615,0.0,0.0,1.1305588483810425,174.21058654785156,69.31352615356445
1764144520.021668,0.0,0.17760292245934456,0.17760292245934456,0.14566296122968198,0.2673533221613615,0.0,0.0,1.6856720447540283,296.6571044921875,69.03886795043945
1764144520.1175294,0.0,0.17694329149344554,0.17694329149344554,0.1263164409250021,0.2812084199767559,0.0,0.0,1.8040987253189087,64.15559387207031,85.47806739807129
1764144520.1957397,0.0,0.17612508040684235,0.17612508040684235,0.08464357040822507,0.3385378362517803,0.0,0.0,1.6613729000091553,92.0164794921875,67.63935089111328
1764144520.292181,0.0,0.17544077525301524,0.17544077525301524,0.051835575774312026,0.2728439288120716,0.0,0.0,1.5029683113098145,312.5801696777344,85.94894409179688
1764144520.4147818,0.0,0.1745706061843112,0.1745706061843112,0.12183557577431203,0.20284392881207158,0.0,0.0,1.875001311302185,119.30563354492188,111.89651489257812
1764144520.4949806,0.0,0.1734265771675331,0.1734265771675331,0.11407971275970341,0.24181346046738317,0.0,0.0,2.104504108428955,58.80190658569336,69.6706771850586
1764144520.572026,0.0,0.17265153425435442,0.17265153425435442,0.08664869783446194,0.2924967949371784,0.0,0.0,1.8547797203063965,81.67391967773438,66.64919853210449
1764144520.6466064,0.0,0.17188445600555669,0.17188445600555669,0.08904309674166144,0.28469845010899,0.0,0.0,1.599088430404663,94.39498901367188,63.81368637084961
1764144520.7200644,0.0,0.17112616345335246,0.17112616345335246,0.08832450727699326,0.3045624504890292,0.0,0.0,1.0090899467468262,131.75100708007812,63.1411075592041
1764144520.7939222,0.0,0.170355849774798,0.170355849774798,0.14761970336316155,0.3097145791258662,0.0,0.0,2.0453734397888184,154.6127471923828,63.37237358093262
1764144520.8791718,0.0,0.1695605260322337,0.1695605260322337,0.19118432844756172,0.31635578592307856,0.0,0.0,1.7800897359848022,77.99794006347656,74.59425926208496
1764144520.954022,0.0,0.1686193626806769,0.1686193626806769,0.15551505009410904,0.30584491380490353,0.0,0.0,1.9669221639633179,118.456787109375,64.3930435180664
1764144521.0299413,0.0,0.1677672162295512,0.1677672162295512,0.19222617293475197,0.2833082895819097,0.0,0.0,1.9502328634262085,63.54738998413086,65.45114517211914
1764144521.1048427,0.0,0.16687999614595284,0.16687999614595284,0.228880168448668,0.30050130710937073,0.0,0.0,2.5451793670654297,79.61858367919922,64.55874443054199
1764144521.1837897,0.0,0.16597928658843775,0.16597928658843775,0.19450048873899506,0.3346711598429828,0.0,0.0,1.408187985420227,59.886741638183594,68.61090660095215
1764144521.2597616,0.0,0.16500172586760256,0.16500172586760256,0.19815274961059914,0.35124952496029427,0.0,0.0,1.1798806190490723,119.26634216308594,65.43707847595215
1764144521.3380375,0.0,0.16403497931480043,0.16403497931480043,0.12815274961059914,0.2988021165225654,0.0,0.0,2.136472702026367,113.0876235961914,67.79932975769043
1764144521.4125273,0.0,0.16301294712840475,0.16301294712840475,0.09169809810584412,0.3317354112956672,0.0,0.0,1.341153860092163,78.63688659667969,64.21136856079102
1764144521.4872427,0.0,0.16201048684978875,0.16201048684978875,0.05762412316864357,0.35992212370969345,0.0,0.0,1.62868332862854,147.10711669921875,64.40520286560059
1764144521.5644815,0.0,0.16097658427833772,0.16097658427833772,0.12762412316864358,0.28992212370969345,0.0,0.0,1.6030259132385254,238.82325744628906,66.74599647521973
1764144521.6510456,0.0,0.1598788458982483,0.1598788458982483,0.17853157482808457,0.2637878618482499,0.0,0.0,2.2839319705963135,83.18458557128906,76.12180709838867
1764144521.7365718,0.0,0.1586107171015574,0.1586107171015574,0.1615609385049902,0.2429240643326192,0.0,0.0,1.7252627611160278,67.63813018798828,74.99909400939941
1764144521.8100185,0.0,0.15732039783963617,0.15732039783963617,0.14738778937375174,0.2939017563406377,0.0,0.0,2.2215940952301025,61.4004020690918,63.13180923461914
1764144521.8910663,0.0,0.15617636823934272,0.15617636823934272,0.19901654664194213,0.34657372900284816,0.0,0.0,2.0950520038604736,53.6959114074707,70.55187225341797
1764144521.9685128,0.0,0.15488180212342886,0.15488180212342886,0.12901654664194212,0.27657372900284816,0.0,0.0,1.7324646711349487,51.49995422363281,67.0313835144043
1764144522.0399601,0.0,0.15360561511082071,0.15360561511082071,0.0860945974639617,0.3027982397470622,0.0,0.0,1.290980339050293,72.72064208984375,60.87470054626465
1764144522.1130676,0.0,0.15240337702912446,0.15240337702912446,0.05735047917580233,0.2981797175016253,0.0,0.0,1.134656310081482,156.80868530273438,62.80994415283203
1764144522.191507,0.0,0.15113639204848933,0.15113639204848933,0.0361953229806386,0.33694177656434465,0.0,0.0,1.8564509153366089,179.39181518554688,68.08590888977051
1764144522.2719727,0.0,0.1497390482261768,0.1497390482261768,0.06682509194826708,0.26694177656434465,0.0,0.0,1.7582029104232788,228.8245849609375,69.93913650512695
1764144522.3489344,0.0,0.14826790529813128,0.14826790529813128,0.04242458764230833,0.19694177656434464,0.0,0.0,0.6633104681968689,99.88424682617188,66.61224365234375
1764144522.4421246,0.0,0.1468215411530955,0.1468215411530955,0.10802423778688536,0.25119544043205666,0.0,0.0,1.2235565185546875,45.88463592529297,82.88407325744629
1764144522.5230846,0.0,0.1450135895450239,0.1450135895450239,0.03802423778688535,0.18119544043205665,0.0,0.0,1.2818596363067627,138.94647216796875,70.42121887207031
1764144522.6074576,0.0,0.14339335368935915,0.14339335368935915,0.0032361060730181634,0.17024199265055345,0.0,0.0,1.3976293802261353,88.57086181640625,73.58884811401367
1764144522.683497,0.0,0.14166858461048104,0.14166858461048104,0.021730546315666288,0.21935255425982164,0.0,0.0,0.7883846163749695,65.2159194946289,65.71292877197266
1764144522.759432,0.0,0.14006245740280238,0.14006245740280238,0.0317846605903469,0.2489225153904407,0.0,0.0,0.8950290679931641,90.56443786621094,65.46831130981445
1764144522.8418705,0.0,0.13842182172623999,0.13842182172623999,0.0,0.27346553998999285,0.0,0.0,1.1945064067840576,95.39585876464844,72.11780548095703
1764144522.9126737,0.0,0.1365906107250651,0.1365906107250651,0.0,0.20346553998999284,0.0,0.0,0.6516357064247131,258.7970886230469,60.49203872680664
1764144522.9910774,0.0,0.13497344783590204,0.13497344783590204,0.0,0.17984459924511598,0.0,0.0,0.6199619770050049,84.36966705322266,67.9006576538086
1764144523.0685399,0.0,0.13314501341111173,0.13314501341111173,0.018162308260798454,0.139453530339524,0.0,0.0,0.8545106053352356,93.12664794921875,67.09146499633789
1764144523.1407623,0.0,0.13129027527789466,0.13129027527789466,0.027940085157752037,0.18589929494075463,0.0,0.0,0.8532877564430237,52.798828125,61.919450759887695
1764144523.2237556,0.0,0.12951763451318377,0.12951763451318377,0.04378982447087765,0.2154885679762809,0.0,0.0,0.6320765018463135,57.706546783447266,72.66426086425781
1764144523.2958534,0.0,0.12742840348252416,0.12742840348252416,0.09246446006000042,0.2060831301193683,0.0,0.0,1.2573162317276,77.07742309570312,61.756134033203125
1764144523.3723557,0.0,0.12556813823093574,0.12556813823093574,0.08565873187035322,0.23332064974121736,0.0,0.0,1.0581586360931396,45.184059143066406,66.09129905700684
1764144523.4516165,0.0,0.12354683149950402,0.12354683149950402,0.10645474772900343,0.25434095042757676,0.0,0.0,1.3875830173492432,125.49745178222656,68.73083114624023
1764144523.5294683,0.0,0.12140357897092535,0.12140357897092535,0.07047235500067472,0.24720990427769707,0.0,0.0,1.0103293657302856,59.670127868652344,67.35658645629883
1764144523.6035154,0.0,0.11923862860066939,0.11923862860066939,0.0814998485147953,0.22464211613871143,0.0,0.0,0.7355720400810242,78.68658447265625,63.32135200500488
1764144523.693333,0.0,0.11713932343077396,0.11713932343077396,0.06317269243299961,0.20406658344902084,0.0,0.0,0.8409749269485474,69.30248260498047,79.1630744934082
1764144523.7673998,0.0,0.11452887529327264,0.11452887529327264,0.0871302168816328,0.21035895313136266,0.0,0.0,0.5929915904998779,94.67588806152344,63.65013122558594
1764144523.8398187,0.0,0.11232064944553667,0.11232064944553667,0.14092539809644222,0.2424296532105653,0.0,0.0,0.4956762194633484,41.73051834106445,62.06083297729492
1764144523.9122863,0.0,0.11011357071127065,0.11011357071127065,0.07975920476019382,0.22021657044999288,0.0,0.0,1.1247705221176147,78.2569580078125,62.19077110290527
1764144523.98552,0.0,0.10785112502265672,0.10785112502265672,0.12573701329529285,0.24346646855585263,0.0,0.0,1.013782024383545,77.09646606445312,62.688589096069336
1764144524.0586364,0.0,0.10552220937463853,0.10552220937463853,0.12848617625422776,0.23570888306014226,0.0,0.0,1.0605047941207886,56.31083297729492,62.78634071350098
1764144524.1378005,0.0,0.10314432074365988,0.10314432074365988,0.11317898635752499,0.25730526822619126,0.0,0.0,1.0900665521621704,64.70728302001953,68.88985633850098
1764144524.21458,0.0,0.10050754368136974,0.10050754368136974,0.1264870495069772,0.20659325647167848,0.0,0.0,0.6704235076904297,76.0277099609375,66.23125076293945
1764144524.2880285,0.0,0.09790092047298977,0.09790092047298977,0.07375355740077794,0.20966286564245806,0.0,0.0,0.640958845615387,40.7414665222168,63.14563751220703
1764144524.3610811,0.0,0.09535049234445778,0.09535049234445778,0.09186931629665196,0.13966286564245806,0.0,0.0,0.6339540481567383,57.68317413330078,62.60514259338379
1764144524.444499,0.0,0.09276664677859532,0.09276664677859532,0.12326397676952183,0.19606610024347887,0.0,0.0,1.641208529472351,28.333175659179688,72.86739349365234
1764144524.5162537,0.0,0.08976530372109762,0.08976530372109762,0.1211513017769903,0.25533325979486093,0.0,0.0,0.4739491641521454,30.364103317260742,61.4626407623291
1764144524.5929875,0.0,0.08712664663243322,0.08712664663243322,0.17273262492381036,0.2239348554052411,0.0,0.0,0.5139063000679016,29.227760314941406,66.23601913452148
1764144524.6745667,0.0,0.08425847249477497,0.08425847249477497,0.10273262492381036,0.21733899191021905,0.0,0.0,0.6165868043899536,55.01424026489258,71.02489471435547
1764144524.7956438,0.0,0.08115232341199227,0.08115232341199227,0.09238344530574977,0.14733899191021904,0.0,0.0,0.9623440504074097,80.78582000732422,110.40973663330078
1764144524.8740213,0.0,0.07645230677955663,0.07645230677955663,0.0409108708333224,0.12833980277180657,0.0,0.0,0.38491401076316833,25.814754486083984,67.9781436920166
1764144524.9601614,0.0,0.07333420825604096,0.07333420825604096,0.0,0.15054154016077503,0.0,0.0,0.3161899447441101,36.95063400268555,75.4389762878418
1764144525.0486596,0.0,0.069859632272581,0.069859632272581,0.0,0.1880954503268002,0.0,0.0,0.8329869508743286,77.7165298461914,77.80003547668457
1764144525.1223323,0.0,0.06624193747687436,0.06624193747687436,0.0,0.1865691607072948,0.0,0.0,0.2877293527126312,53.94178009033203,63.29154968261719
1764144525.1928172,0.0,0.06317754332302503,0.06317754332302503,0.04154956713318825,0.16244566898792967,0.0,0.0,1.222367286682129,128.9744110107422,60.155630111694336
1764144525.2661073,0.0,0.060207579509575504,0.060207579509575504,0.053986988961696625,0.1521240378916262,0.0,0.0,0.29567110538482666,36.794864654541016,62.966108322143555
1764144525.338451,0.0,0.057073791227737036,0.057073791227737036,0.04136564955115318,0.1564666590839623,0.0,0.0,0.4679195284843445,116.59819030761719,61.71679496765137
1764144525.4134974,0.0,0.05395993127917418,0.05395993127917418,0.03019567858427763,0.1638232147507368,0.0,0.0,0.3910844922065735,48.37348556518555,64.73922729492188
1764144525.493265,0.0,0.050680550499573734,0.050680550499573734,0.03141552198212594,0.13926114087924346,0.0,0.0,0.4879331886768341,32.272403717041016,69.40197944641113
1764144525.5914657,0.0,0.047149106303699916,0.047149106303699916,0.03270195471122861,0.1532889999635516,0.0,0.0,0.1631854921579361,75.96444702148438,87.6779556274414
1764144525.6660635,0.0,0.04275042947732059,0.04275042947732059,0.0,0.1472477856278418,0.0,0.0,0.16654689610004425,112.9950180053711,64.06950950622559
1764144525.758564,0.0,0.039368076844026864,0.039368076844026864,0.022425789386034012,0.09308045536279663,0.0,0.0,0.20881813764572144,66.61405944824219,81.88343048095703
1764144525.8349977,0.0,0.0351317877302592,0.0351317877302592,0.060165174305438995,0.12509050399065003,0.0,0.0,0.2230091094970703,14.324699401855469,66.04552268981934
1764144525.9305856,0.0,0.03158931550236949,0.03158931550236949,0.06627986393868923,0.10802323363721356,0.0,0.0,0.48851466178894043,32.17458724975586,85.26778221130371
1764144526.003344,0.0,0.027107650051189383,0.027107650051189383,0.06316402065567672,0.12770474694669232,0.0,0.0,0.10958985984325409,34.06934356689453,62.415361404418945
1764144526.0749748,0.0,0.02366300788898173,0.02366300788898173,0.13316402065567673,0.15156981900334343,0.0,0.0,0.1336880326271057,82.61710357666016,61.356306076049805
1764144526.1724858,0.0,0.020231702436692176,0.020231702436692176,0.09255167695693672,0.20921731919050202,0.0,0.0,0.21049226820468903,69.09919738769531,86.87019348144531
1764144526.2492335,0.0,0.015529780212491791,0.015529780212491791,0.10284234809689224,0.19737277638167128,0.0,0.0,0.16979914903640747,100.05584716796875,66.14398956298828
1764144526.320144,0.0,0.011799461867887297,0.011799461867887297,0.16746700781397522,0.20946168612688765,0.0,0.0,0.1802293211221695,47.30210876464844,60.47534942626953
1764144526.395013,0.0,0.008326204497363642,0.008326204497363642,0.20817004370503128,0.18780122410505995,0.0,0.0,0.17524808645248413,76.59796142578125,64.55874443054199
1764144526.4692822,0.0,0.004626794185858966,0.004626794185858966,0.2083982755796751,0.23317455958574995,0.0,0.0,0.24701786041259766,51.170570373535156,63.91644477844238
1764144526.5472064,0.0,0.0009295975933368561,0.0009295975933368561,0.22828045910166112,0.18145958047360167,0.0,0.0,0.22592192888259888,90.62696838378906,67.48414039611816
1764144526.617513,0.0,-0.002970153458431616,-0.002970153458431616,0.21647657690511551,0.2363051743432878,0.0,0.0,0.17678898572921753,42.84490203857422,60.04524230957031
1764144526.6933804,0.0,-0.006522147867966577,-0.006522147867966577,0.23892684889899102,0.20768934387713656,0.0,0.0,0.5055598616600037,79.6505126953125,65.44113159179688
1764144526.7658834,0.0,-0.01036852254770746,-0.01036852254770746,0.2531874520139536,0.21660344202071413,0.0,0.0,0.18286845088005066,40.22674560546875,62.14547157287598
1764144526.855046,0.0,-0.014073587062432077,-0.014073587062432077,0.1902117398934206,0.2404170417413114,0.0,0.0,0.44771766662597656,40.97895812988281,78.66287231445312
1764144526.9333766,0.0,-0.01865126741295794,-0.01865126741295794,0.19156036715896335,0.2399488264182581,0.0,0.0,0.38103583455085754,80.06346130371094,67.92354583740234
1764144527.0060067,0.0,-0.022700445129795025,-0.022700445129795025,0.16366499293537345,0.17857611416373387,0.0,0.0,0.3478812873363495,90.68775939941406,62.20746040344238
1764144527.0826569,0.0,-0.02647539772951742,-0.02647539772951742,0.12182223800511566,0.17246262593660489,0.0,0.0,0.6475979089736938,73.87315368652344,66.26319885253906
1764144527.165304,0.0,-0.030481341625077513,-0.030481341625077513,0.15140961300523487,0.14903162470553055,0.0,0.0,0.2171214520931244,36.50001525878906,72.15356826782227
1764144527.244201,0.0,-0.03481999318728469,-0.03481999318728469,0.15519169232749846,0.1691091624507679,0.0,0.0,0.8519945740699768,56.80692672729492,68.36867332458496
1764144527.3159273,0.0,-0.03897494548726883,-0.03897494548726883,0.10550359523796943,0.0991091624507679,0.0,0.0,0.49777793884277344,53.47637176513672,61.4168643951416
1764144527.407284,0.0,-0.042775249701523896,-0.042775249701523896,0.047809081887244254,0.08950176263693704,0.0,0.0,0.3399716019630432,26.896392822265625,81.03179931640625
1764144527.4823778,0.0,-0.047640603749020086,-0.047640603749020086,0.04576171100081411,0.05753190244082346,0.0,0.0,0.8310630917549133,45.89272689819336,64.52751159667969
1764144527.5546575,0.0,-0.051659197065858545,-0.051659197065858545,0.05071743022592273,0.08061832363251581,0.0,0.0,0.3777528703212738,19.114431381225586,61.62071228027344
1764144527.629664,0.0,-0.05553231461387868,-0.05553231461387868,0.043119265268906026,0.06990156123880281,0.0,0.0,0.5880480408668518,49.22648620605469,64.41497802734375
1764144527.709839,0.0,-0.05956072035690106,-0.05956072035690106,0.03244445616321173,0.061304559805430314,0.0,0.0,1.4624862670898438,24.557979583740234,69.68808174133301
1764144527.8167038,0.0,-0.06388602081887286,-0.06388602081887286,0.00652329208271113,0.06096341168973579,0.0,0.0,0.6852248311042786,23.30329132080078,96.41289710998535
1764144527.8937695,0.0,-0.06967968711739035,-0.06967968711739035,0.0,0.05041734489146604,0.0,0.0,1.499516248703003,49.584205627441406,66.40815734863281
1764144527.9669917,0.0,-0.0738629587169451,-0.0738629587169451,0.029170800000429153,0.12041734489146605,0.0,0.0,0.5853683948516846,34.31100845336914,62.67666816711426
1764144528.0409415,0.0,-0.07784764143412054,-0.07784764143412054,0.03439266420900822,0.05041734489146604,0.0,0.0,1.0394645929336548,71.61164855957031,63.39740753173828
1764144528.1120245,0.0,-0.08187302712715037,-0.08187302712715037,0.052977632731199265,0.05511485539842381,0.0,0.0,0.9471781253814697,33.01152038574219,60.78958511352539
1764144528.2039568,0.0,-0.0857647286480673,-0.0857647286480673,0.07199650071561337,0.018030763943679473,0.0,0.0,0.6964942812919617,44.74275207519531,81.41183853149414
1764144528.2860057,0.0,-0.09079722391425497,-0.09079722391425497,0.1054749321192503,0.027790380050428054,0.0,0.0,0.4511977732181549,24.086181640625,71.52795791625977
1764144528.3623633,0.0,-0.0952936870007028,-0.0952936870007028,0.06318888626992702,0.07124372698832288,0.0,0.0,0.6130841970443726,27.261625289916992,65.9189224243164
1764144528.4367802,0.0,-0.09948653565711991,-0.09948653565711991,0.05777849676087499,0.03262074046302571,0.0,0.0,0.6251223087310791,65.70442199707031,63.965797424316406
1764144528.514467,0.0,-0.1035774339317466,-0.1035774339317466,0.10159318568184972,0.04243287478107943,0.0,0.0,0.9262959957122803,8.003273010253906,67.21615791320801
1764144528.5867202,0.0,-0.1078486428899658,-0.1078486428899658,0.06985111953690648,0.03388689864892497,0.0,0.0,1.1039835214614868,29.361289978027344,61.8586540222168
1764144528.6711442,0.0,-0.11182940586419428,-0.11182940586419428,0.09639363968744874,0.00681496818084254,0.0,0.0,1.7022744417190552,41.8133430480957,73.87900352478027
1764144528.7703092,0.0,-0.11646866616303107,-0.11646866616303107,0.1393152386881411,0.0022463326947761986,0.0,0.0,0.8200023174285889,11.706792831420898,88.82355690002441
1764144528.8551028,0.0,-0.12194486627055066,-0.12194486627055066,0.15865459898486733,0.0463037876086308,0.0,0.0,1.8926407098770142,41.62572479248047,74.04541969299316
1764144528.9465039,0.0,-0.12660070916065438,-0.12660070916065438,0.1389766507782042,0.0,0.0,0.0,1.6429640054702759,32.467769622802734,80.84440231323242
1764144529.021375,0.0,-0.13162165429746567,-0.13162165429746567,0.1214515850879252,0.0,0.0,0.0,1.6422892808914185,17.264923095703125,64.55016136169434
1764144529.0922265,0.0,-0.13573837541996253,-0.13573837541996253,0.09467429528012872,0.0,0.0,0.0,2.4738152027130127,18.644733428955078,60.51898002624512
1764144529.1852524,0.0,-0.1396392746604036,-0.1396392746604036,0.10779800126329064,0.0,0.0,0.0,2.855905532836914,28.0155086517334,82.3826789855957
1764144529.2662137,0.0,-0.1447329114045315,-0.1447329114045315,0.10732277334318496,0.023699628189206123,0.0,0.0,2.417020559310913,16.24131202697754,70.60885429382324
1764144529.3370533,0.0,-0.14916758383578727,-0.14916758383578727,0.1100975381268654,0.0,0.0,0.0,3.93850040435791,58.05780029296875,60.44435501098633
1764144529.4112017,0.0,-0.15303987549700432,-0.15303987549700432,0.06762640122906305,0.0,0.0,0.0,3.0436763763427734,26.76139259338379,63.82417678833008
1764144529.487229,0.0,-0.15709113949084638,-0.15709113949084638,0.09652177561656572,0.01179953757673502,0.0,0.0,2.710076332092285,15.46500015258789,65.53244590759277
1764144529.5616026,0.0,-0.16123378192467772,-0.16123378192467772,0.10605322607443668,0.0,0.0,0.0,3.411745071411133,36.81162643432617,63.84086608886719
1764144529.634468,0.0,-0.16527246132102885,-0.16527246132102885,0.1760532260744367,0.0,0.0,0.0,2.8935458660125732,43.578433990478516,62.51239776611328
1764144529.728138,0.0,-0.16922123248439364,-0.16922123248439364,0.16442241248325445,0.0,0.0,0.0,2.396421432495117,15.749564170837402,83.38403701782227
1764144529.814567,0.0,-0.1742899402264819,-0.1742899402264819,0.12054454636410811,0.010582239367067814,0.0,0.0,3.337222099304199,34.579002380371094,75.96802711486816
1764144529.8879426,0.0,-0.1789472249713445,-0.1789472249713445,0.09180419806973078,0.0,0.0,0.0,3.9628448486328125,43.2044677734375,62.8504753112793
1764144529.9694073,0.0,-0.18288251401352323,-0.18288251401352323,0.1618041980697308,0.05871695652604103,0.0,0.0,2.9210164546966553,36.02827453613281,71.11382484436035
1764144530.0427485,0.0,-0.18724098015886526,-0.18724098015886526,0.16740552593604663,0.0,0.0,0.0,3.6006417274475098,65.68511962890625,62.957048416137695
1764144530.1182313,0.0,-0.19114971782147244,-0.19114971782147244,0.21612442169920543,0.07,0.0,0.0,2.8892741203308105,26.072668075561523,65.14501571655273
1764144530.1931725,0.0,-0.1951621610946342,-0.1951621610946342,0.17056422193185428,0.0,0.0,0.0,3.0783193111419678,98.08863830566406,64.38016891479492
1764144530.2879486,0.0,-0.1991254439456761,-0.1991254439456761,0.20022202168242076,0.05910979211330414,0.0,0.0,3.4916129112243652,34.12609100341797,84.24019813537598
1764144530.3833733,0.0,-0.2041201280404045,-0.2041201280404045,0.17381428626016715,0.0,0.0,0.0,5.327718734741211,74.2735595703125,84.72561836242676
1764144530.4592783,0.0,-0.20909732231767814,-0.20909732231767814,0.23420768675045112,0.045542266219854355,0.0,0.0,3.6834006309509277,16.879657745361328,65.58728218078613
1764144530.5336454,0.0,-0.21304559362997952,-0.21304559362997952,0.21290265095070937,0.004643432796001434,0.0,0.0,4.542555809020996,42.97084426879883,64.00060653686523
1764144530.6061313,0.0,-0.21689132229101266,-0.21689132229101266,0.24651317369774917,0.0,0.0,0.0,3.1621668338775635,29.814172744750977,62.207937240600586
1764144530.703058,0.0,-0.22062514157572838,-0.22062514157572838,0.2888734832091723,0.07,0.0,0.0,4.95120906829834,27.585914611816406,86.52925491333008
1764144530.7910726,0.0,-0.22558821916264893,-0.22558821916264893,0.2836728731787298,0.12201712623238564,0.0,0.0,4.093832969665527,37.772300720214844,77.39424705505371
1764144530.867535,0.0,-0.23004907693745558,-0.23004907693745558,0.2455101574456785,0.14655740901827813,0.0,0.0,6.301136493682861,85.25499725341797,65.9489631652832
1764144530.9486349,0.0,-0.23390293738765888,-0.23390293738765888,0.27315469297231176,0.16980705939233304,0.0,0.0,6.404793739318848,112.1624755859375,70.57714462280273
1764144531.0349472,0.0,-0.23795627230484181,-0.23795627230484181,0.23307473051012495,0.13017155386507512,0.0,0.0,5.893087387084961,88.59432983398438,75.94680786132812
1764144531.1494474,0.0,-0.24224560651367766,-0.24224560651367766,0.30307473051012496,0.06017155386507511,0.0,0.0,5.953956127166748,138.29519653320312,104.00652885437012
1764144531.2268596,0.0,-0.2478819287167488,-0.2478819287167488,0.24492706539691428,0.05568759283050895,0.0,0.0,6.84335994720459,28.14057159423828,66.8487548828125
1764144531.3004646,0.0,-0.25164441473881916,-0.25164441473881916,0.3149270653969143,0.0,0.0,0.0,5.25701379776001,44.294158935546875,63.245534896850586
1764144531.3743947,0.0,-0.25519702874887745,-0.25519702874887745,0.3849270653969143,0.07,0.0,0.0,6.4097900390625,30.679298400878906,63.60745429992676
1764144531.4488616,0.0,-0.25873869139385797,-0.25873869139385797,0.31581233563483696,0.13970950961112977,0.0,0.0,6.574206829071045,30.212512969970703,64.11147117614746
1764144531.5210898,0.0,-0.26227806256080854,-0.26227806256080854,0.3417158586031292,0.1619634271413088,0.0,0.0,5.862682342529297,53.13003158569336,61.78784370422363
1764144531.595462,0.0,-0.26567538448666145,-0.26567538448666145,0.4117158586031292,0.12099115706980229,0.0,0.0,4.611260890960693,27.6083984375,64.07451629638672
1764144531.6676326,0.0,-0.2691461780989015,-0.2691461780989015,0.4506105230993126,0.06437247775495053,0.0,0.0,3.5740230083465576,33.92832946777344,61.84887886047363
1764144531.753341,0.0,-0.27248656459030285,-0.27248656459030285,0.40199683325947266,0.1057982199639082,0.0,0.0,10.826759338378906,39.57942199707031,75.24347305297852
1764144531.8259726,0.0,-0.27640601619517624,-0.27640601619517624,0.4016168013203424,0.1757982199639082,0.0,0.0,4.331655025482178,42.04778289794922,62.17384338378906
1764144531.903635,0.0,-0.27969234827446177,-0.27969234827446177,0.45550725683453497,0.18154207278043033,0.0,0.0,4.952822208404541,71.6279296875,67.14749336242676
1764144531.9763837,0.0,-0.28316512345439326,-0.28316512345439326,0.5255072568345349,0.1961120677739382,0.0,0.0,5.309393405914307,34.76650619506836,62.387704849243164
1764144532.0524385,0.0,-0.2863844106508486,-0.2863844106508486,0.5005343858886044,0.2661120677739382,0.0,0.0,4.1613922119140625,24.83643341064453,65.69027900695801
1764144532.1349907,0.0,-0.2897292849630781,-0.2897292849630781,0.5351238664973061,0.2997167790681124,0.0,0.0,3.3578009605407715,82.12742614746094,71.8543529510498
1764144532.2087731,0.0,-0.29328086240880735,-0.29328086240880735,0.48889992058160714,0.28928866147994997,0.0,0.0,4.742674350738525,28.955162048339844,63.42601776123047
1764144532.3064458,0.0,-0.2964554305121849,-0.2964554305121849,0.5551680889714043,0.24063032776117327,0.0,0.0,4.1280436515808105,41.19663619995117,86.6086483001709
1764144532.3895981,0.0,-0.30054071453948955,-0.30054071453948955,0.5931524229038041,0.3106303277611733,0.0,0.0,4.820241451263428,18.84789276123047,72.56197929382324
1764144532.481786,0.0,-0.30398515604909626,-0.30398515604909626,0.5487174992251675,0.3121831424953416,0.0,0.0,5.007530212402344,26.01596450805664,81.49600028991699
1764144532.583892,0.0,-0.30773745009248915,-0.30773745009248915,0.5717531540233176,0.291458478984423,0.0,0.0,5.127896785736084,30.78713607788086,91.44902229309082
1764144532.6614795,0.0,-0.3118083052952208,-0.3118083052952208,0.6407143571216147,0.2578782726498321,0.0,0.0,5.409643173217773,26.161151885986328,67.23284721374512
1764144532.7346919,0.0,-0.31485563187917154,-0.31485563187917154,0.7,0.30445204940158876,0.0,0.0,4.560397148132324,18.375446319580078,62.804222106933594
1764144532.80865,0.0,-0.3176780520600924,-0.3176780520600924,0.7,0.36852182712871584,0.0,0.0,5.040839672088623,14.878510475158691,63.712358474731445
1764144532.8855696,0.0,-0.32049312242108347,-0.32049312242108347,0.7,0.29852182712871583,0.0,0.0,5.313747882843018,31.785049438476562,66.38455390930176
1764144532.9693835,0.0,-0.32336626361961424,-0.32336626361961424,0.7,0.263198836860247,0.0,0.0,5.728537559509277,21.221967697143555,73.50492477416992
1764144533.0443826,0.0,-0.3264413760116515,-0.3264413760116515,0.6506417587399482,0.30302962583024057,0.0,0.0,6.135639667510986,29.155364990234375,64.65744972229004
1764144533.1150527,0.0,-0.3291384699472438,-0.3291384699472438,0.6171083904802799,0.23302962583024056,0.0,0.0,6.7178449630737305,20.269216537475586,60.40072441101074
1764144533.196556,0.0,-0.33163848213636943,-0.33163848213636943,0.5903063219040632,0.29539835777599366,0.0,0.0,6.570026874542236,19.187103271484375,71.08950614929199
1764144533.2789965,0.0,-0.3344647455266104,-0.3344647455266104,0.5465995695441961,0.2570689427526668,0.0,0.0,8.078697204589844,18.237733840942383,71.83670997619629
1764144533.359965,0.0,-0.33725707625082574,-0.33725707625082574,0.558386680483818,0.22490182843524964,0.0,0.0,7.665299415588379,29.621477127075195,70.50776481628418
1764144533.4315703,0.0,-0.339938419935559,-0.339938419935559,0.5899811543524265,0.20165014591533692,0.0,0.0,6.489609718322754,14.899748802185059,61.21087074279785
1764144533.5033004,0.0,-0.342254191604563,-0.342254191604563,0.5709239922463893,0.2578287529619411,0.0,0.0,7.740015506744385,14.501615524291992,61.438798904418945
1764144533.6006503,0.0,-0.3445278228380058,-0.3445278228380058,0.6409239922463894,0.24380475234705956,0.0,0.0,6.792813301086426,43.11410140991211,87.04495429992676
1764144533.6814828,0.0,-0.347538383225022,-0.347538383225022,0.673152845799923,0.20808926549274476,0.0,0.0,6.022065162658691,23.517776489257812,70.22905349731445
1764144533.7642562,0.0,-0.349955174495178,-0.349955174495178,0.6330680777132511,0.23120963339228184,0.0,0.0,6.506413459777832,12.749411582946777,72.3273754119873
1764144533.8497539,0.0,-0.3523644846137738,-0.3523644846137738,0.5686497469246388,0.16415621106047185,0.0,0.0,7.116093158721924,28.814952850341797,75.12474060058594
1764144533.9256675,0.0,-0.35478696389746056,-0.35478696389746056,0.6174941924214363,0.2200080915214494,0.0,0.0,6.504456043243408,18.672765731811523,65.21415710449219
1764144534.005694,0.0,-0.35685815867414694,-0.35685815867414694,0.6544653069972992,0.22116468263324351,0.0,0.0,7.175418853759766,28.797454833984375,69.67544555664062
1764144534.0861092,0.0,-0.358983021543581,-0.358983021543581,0.7,0.25253516969736667,0.0,0.0,7.354825496673584,19.355928421020508,70.04523277282715
1764144534.162515,0.0,-0.3610485588546287,-0.3610485588546287,0.7,0.23536059794481845,0.0,0.0,6.801548480987549,23.29283905029297,65.9642219543457
1764144534.2342374,0.0,-0.3629431005666245,-0.3629431005666245,0.6912853073328733,0.2625867181783542,0.0,0.0,7.586585521697998,18.13233184814453,61.424970626831055
1764144534.3097785,0.0,-0.3646676998872388,-0.3646676998872388,0.6709192886948585,0.24474092920776458,0.0,0.0,7.949888229370117,28.986560821533203,65.04940986633301
1764144534.3834765,0.0,-0.3664237006138087,-0.3664237006138087,0.6622998107224702,0.17831563552375884,0.0,0.0,7.458763122558594,44.0717887878418,63.246965408325195
1764144534.4621906,0.0,-0.3680771671911551,-0.3680771671911551,0.6753885371610522,0.2105614130711183,0.0,0.0,8.49437427520752,21.501251220703125,68.24016571044922
1764144534.5498912,0.0,-0.36977989341725587,-0.36977989341725587,0.7,0.15945243438240142,0.0,0.0,7.712576866149902,25.81684684753418,77.26359367370605
1764144534.6224809,0.0,-0.37160386590256295,-0.37160386590256295,0.7,0.1335625441139564,0.0,0.0,6.5649895668029785,15.597772598266602,62.186241149902344
1764144534.705994,0.0,-0.37305523702827026,-0.37305523702827026,0.7,0.2035625441139564,0.0,0.0,6.529895305633545,25.216659545898438,72.94368743896484
1764144534.781137,0.0,-0.3746602676806329,-0.3746602676806329,0.7,0.24998533484991642,0.0,0.0,7.4408063888549805,23.66876220703125,64.48602676391602
1764144534.8553607,0.0,-0.37604018463121797,-0.37604018463121797,0.7,0.2742774257576093,0.0,0.0,6.611427307128906,19.502519607543945,63.88497352600098
1764144534.9345856,0.0,-0.37735321788148485,-0.37735321788148485,0.6840843621641397,0.21005655770655723,0.0,0.0,7.373333930969238,31.613733291625977,68.90630722045898
1764144535.007359,0.0,-0.37869590842116446,-0.37869590842116446,0.670728444866836,0.1963167660078034,0.0,0.0,7.364155292510986,20.357093811035156,62.49070167541504
1764144535.0899508,0.0,-0.37987878198757186,-0.37987878198757186,0.600728444866836,0.17534489223267885,0.0,0.0,7.82634162902832,41.83319091796875,72.21221923828125
1764144535.1676083,0.0,-0.38116494865288564,-0.38116494865288564,0.585336851067841,0.14520253093447538,0.0,0.0,8.708970069885254,25.702816009521484,66.8494701385498
1764144535.245877,0.0,-0.3823083169198285,-0.3823083169198285,0.655336851067841,0.09886205421295019,0.0,0.0,6.708339214324951,18.892532348632812,67.76046752929688
1764144535.346056,0.0,-0.38340814199288914,-0.38340814199288914,0.7,0.1688620542129502,0.0,0.0,7.214929103851318,18.819978713989258,89.8895263671875
1764144535.4238226,0.0,-0.38474156630769163,-0.38474156630769163,0.6326498210430145,0.16678786519449207,0.0,0.0,7.709025859832764,37.160179138183594,67.10505485534668
1764144535.5016043,0.0,-0.3857121886833034,-0.3857121886833034,0.6185280073434114,0.23678786519449208,0.0,0.0,8.11436939239502,31.026165008544922,67.29984283447266
1764144535.6014452,0.0,-0.38663189789755814,-0.38663189789755814,0.5736866917461156,0.17836886483710263,0.0,0.0,9.029903411865234,48.515769958496094,89.53285217285156
1764144535.6851346,0.0,-0.38773943893230517,-0.38773943893230517,0.6436866917461157,0.17696044142358008,0.0,0.0,6.877116680145264,39.177974700927734,73.20070266723633
1764144535.7673368,0.0,-0.38860396715230916,-0.38860396715230916,0.6792476423829794,0.11051144744269553,0.0,0.0,5.935382843017578,28.453500747680664,71.6712474822998
1764144535.843431,0.0,-0.3893984385154344,-0.3893984385154344,0.7,0.10847490341402594,0.0,0.0,6.090366363525391,19.230491638183594,65.43183326721191
1764144535.9270544,0.0,-0.3900823395442187,-0.3900823395442187,0.7,0.03847490341402593,0.0,0.0,5.845797538757324,23.267131805419922,73.3492374420166
1764144536.0067642,0.0,-0.39078526227723637,-0.39078526227723637,0.6299999999999999,0.0,0.0,0.0,5.879169464111328,19.903011322021484,69.19527053833008
1764144536.0816364,0.0,-0.3914043457636712,-0.3914043457636712,0.5599999999999998,0.07,0.0,0.0,6.8398518562316895,25.256202697753906,64.33439254760742
1764144536.1585562,0.0,-0.3919411541014381,-0.3919411541014381,0.4899999999999998,0.14,0.0,0.0,6.401224613189697,31.353771209716797,66.55764579772949
1764144536.2399204,0.0,-0.3924506854526306,-0.3924506854526306,0.44914511755108816,0.14553941121324898,0.0,0.0,6.6242265701293945,28.166044235229492,70.86896896362305
1764144536.3123996,0.0,-0.3929420181099215,-0.3929420181099215,0.37914511755108815,0.07553941121324897,0.0,0.0,8.387105941772461,70.67025756835938,62.070369720458984
1764144536.3866947,0.0,-0.3933396258967667,-0.3933396258967667,0.402296761125326,0.05113953648135067,0.0,0.0,8.591466903686523,50.365966796875,63.93170356750488
1764144536.4795456,0.0,-0.3937095373842953,-0.3937095373842953,0.4367588144540785,0.0,0.0,0.0,7.688106536865234,41.26238250732422,82.40437507629395
1764144536.5708077,0.0,-0.39411888319093835,-0.39411888319093835,0.3667588144540785,0.019915184006094933,0.0,0.0,7.96653938293457,37.700496673583984,80.5971622467041
1764144536.6437366,0.0,-0.39446344435197284,-0.39446344435197284,0.34319251626729946,0.0,0.0,0.0,8.248449325561523,50.253509521484375,62.42656707763672
1764144536.721936,0.0,-0.39469961215667415,-0.39469961215667415,0.3390727740712462,0.0,0.0,0.0,11.394558906555176,26.38031578063965,67.87800788879395
1764144536.810637,0.0,-0.3949152997266952,-0.3949152997266952,0.39816964315250497,0.014184522442519665,0.0,0.0,7.6740336418151855,56.6651611328125,78.37820053100586
1764144536.913192,0.0,-0.39511352273298295,-0.39511352273298295,0.43275535376742463,0.08418452244251967,0.0,0.0,7.892183303833008,33.054725646972656,92.04769134521484
1764144537.003798,0.0,-0.39528246176617965,-0.39528246176617965,0.47932080077007394,0.13944997143000365,0.0,0.0,8.132377624511719,46.25189208984375,79.97798919677734
1764144537.0770302,0.0,-0.3953792484653109,-0.3953792484653109,0.4555344124324618,0.1132942220941186,0.0,0.0,10.98701286315918,61.037723541259766,62.94608116149902
1764144537.1836984,0.0,-0.3954229027173096,-0.3954229027173096,0.5255344124324618,0.043294222094118595,0.0,0.0,8.903566360473633,38.111629486083984,96.1616039276123
1764144537.2673802,0.0,-0.3954322006069924,-0.3954322006069924,0.4555344124324618,0.0,0.0,0.0,9.479435920715332,38.3083381652832,73.2262134552002
1764144537.3414583,0.0,-0.3953957576149774,-0.3953957576149774,0.4520952432882039,0.0,0.0,0.0,8.680562973022461,37.13457489013672,63.567399978637695
1764144537.4189632,0.0,-0.3953324148148657,-0.3953324148148657,0.4629755366127936,0.0,0.0,0.0,9.181775093078613,28.873119354248047,67.17324256896973
1764144537.5126967,0.0,-0.39523551957453396,-0.39523551957453396,0.45597484349273126,0.06656301766633987,0.0,0.0,8.773591995239258,36.395206451416016,83.3590030670166
1764144537.603263,0.0,-0.3950776296067177,-0.3950776296067177,0.5259748434927313,0.08256334811449051,0.0,0.0,7.523115634918213,27.322572708129883,79.9407958984375
1764144537.6795564,0.0,-0.3948847423242343,-0.3948847423242343,0.5353525521513073,0.15256334811449052,0.0,0.0,7.727285385131836,31.115951538085938,66.02311134338379
1764144537.7534516,0.0,-0.3946917930491643,-0.3946917930491643,0.4653525521513073,0.11330883920192719,0.0,0.0,9.034158706665039,44.549842834472656,63.62748146057129
1764144537.8452077,0.0,-0.39447903549332386,-0.39447903549332386,0.4425740224774925,0.057523328512907035,0.0,0.0,11.16344165802002,31.405851364135742,81.2981128692627
1764144537.9212573,0.0,-0.39418161492487847,-0.39418161492487847,0.3946319130714981,0.0,0.0,0.0,9.241377830505371,35.94572448730469,65.69409370422363
1764144537.9968817,0.0,-0.39390691219339924,-0.39390691219339924,0.4266291280742733,0.07,0.0,0.0,9.609046936035156,34.23677062988281,65.19222259521484
1764144538.0864642,0.0,-0.39361025744490563,-0.39361025744490563,0.4150049892719833,0.0,0.0,0.0,9.56906795501709,56.469478607177734,79.08964157104492
1764144538.1751583,0.0,-0.3932286743421795,-0.3932286743421795,0.3625494112726299,0.0,0.0,0.0,11.095287322998047,36.90046691894531,77.84700393676758
1764144538.252203,0.0,-0.3928198480731942,-0.3928198480731942,0.3639198150718583,0.009576020762324333,0.0,0.0,8.258676528930664,23.488807678222656,66.32876396179199
1764144538.3242807,0.0,-0.39244257390260234,-0.39244257390260234,0.37467304340098034,0.009220387059031054,0.0,0.0,8.893146514892578,26.100688934326172,61.64741516113281
1764144538.4267802,0.0,-0.3920686625977219,-0.3920686625977219,0.3959501991281284,0.0053919746715109795,0.0,0.0,6.431527137756348,28.76871109008789,91.89605712890625
1764144538.5239577,0.0,-0.39150760358511044,-0.39150760358511044,0.4659501991281284,0.0,0.0,0.0,10.190495491027832,44.396785736083984,86.77339553833008
1764144538.6180031,0.0,-0.3909422748200843,-0.3909422748200843,0.4042550331959499,0.0645560547709465,0.0,0.0,11.655616760253906,33.461891174316406,83.39619636535645
1764144538.6925185,0.0,-0.3903692732875216,-0.3903692732875216,0.4379915005574001,0.07196001056581736,0.0,0.0,8.531612396240234,54.670997619628906,64.1627311706543
1764144538.7869895,0.0,-0.3898953661368948,-0.3898953661368948,0.42770621339324844,0.08628001157194376,0.0,0.0,6.767548084259033,33.03297424316406,83.91261100769043
1764144538.8688612,0.0,-0.38927249299587147,-0.38927249299587147,0.49770621339324844,0.016280011571943753,0.0,0.0,7.551806926727295,36.444644927978516,71.40612602233887
1764144538.9716935,0.0,-0.3887131420857804,-0.3887131420857804,0.4287412179494275,0.0,0.0,0.0,7.082184314727783,29.983373641967773,92.132568359375
1764144539.058635,0.0,-0.38798876484046113,-0.38798876484046113,0.4494776515150441,0.07,0.0,0.0,4.998622417449951,27.75286293029785,76.51233673095703
1764144539.1428132,0.0,-0.38735679672669854,-0.38735679672669854,0.5061889899754894,0.016008868515491492,0.0,0.0,5.238680362701416,39.28041076660156,73.89187812805176
1764144539.2291503,0.0,-0.38672873465349916,-0.38672873465349916,0.5552924549067391,0.0860088685154915,0.0,0.0,5.460729122161865,28.605852127075195,76.01785659790039
1764144539.338777,0.0,-0.3860676612176547,-0.3860676612176547,0.48529245490673906,0.13344666302204133,0.0,0.0,5.600523471832275,29.77562713623047,98.91843795776367
1764144539.4228594,0.0,-0.38521151839987794,-0.38521151839987794,0.5505998187744987,0.1275875390134752,0.0,0.0,7.735742568969727,43.47970962524414,73.49276542663574
1764144539.5195768,0.0,-0.3845420788311815,-0.3845420788311815,0.5845984459901226,0.11419614950194956,0.0,0.0,6.401500225067139,24.9080810546875,86.29751205444336
1764144539.6005735,0.0,-0.3837574586790081,-0.3837574586790081,0.5145984459901225,0.09979069592431189,0.0,0.0,9.075848579406738,30.56424331665039,70.58906555175781
1764144539.6745763,0.0,-0.3830901988113196,-0.3830901988113196,0.5230862992117178,0.0860119982250035,0.0,0.0,6.6942830085754395,28.243125915527344,63.53306770324707
1764144539.7520967,0.0,-0.3824741645605154,-0.3824741645605154,0.5930862992117178,0.1560119982250035,0.0,0.0,6.2529616355896,29.43474578857422,67.08431243896484
1764144539.826266,0.0,-0.38182300594026525,-0.38182300594026525,0.6043367709079754,0.2260119982250035,0.0,0.0,4.453461170196533,18.819177627563477,63.858985900878906
1764144539.9413433,0.0,-0.381193157868742,-0.381193157868742,0.6453334788838399,0.2763245769031346,0.0,0.0,5.8222174644470215,23.04233741760254,104.5684814453125
1764144540.0153337,0.0,-0.3802084783980106,-0.3802084783980106,0.6368924423167479,0.2877830138616264,0.0,0.0,6.610378742218018,32.16045379638672,63.50398063659668
1764144540.1152313,0.0,-0.3795692085463555,-0.3795692085463555,0.6842541030654681,0.26869223846122625,0.0,0.0,6.951578140258789,27.988361358642578,89.06030654907227
1764144540.2015266,0.0,-0.37870611522766945,-0.37870611522766945,0.6884612824814391,0.2923644336126745,0.0,0.0,7.537070274353027,35.253482818603516,75.65450668334961
1764144540.2782056,0.0,-0.37795826889298656,-0.37795826889298656,0.7,0.2920265713485424,0.0,0.0,9.070557594299316,29.246002197265625,66.28608703613281
1764144540.3607595,0.0,-0.3772912229475216,-0.3772912229475216,0.7,0.27895989397191445,0.0,0.0,7.960495471954346,28.083255767822266,72.06940650939941
1764144540.4516795,0.0,-0.37657406597867843,-0.37657406597867843,0.7,0.27721965802018533,0.0,0.0,6.9870476722717285,26.3367919921875,80.58643341064453
1764144540.5224502,0.0,-0.37578260245958106,-0.37578260245958106,0.6785370137542486,0.26697028544847856,0.0,0.0,7.589491844177246,38.172325134277344,60.13846397399902
1764144540.6164658,0.0,-0.3751718672300058,-0.3751718672300058,0.6722679331898689,0.2431122448772658,0.0,0.0,6.936222553253174,27.3687686920166,83.71424674987793
1764144540.71387,0.0,-0.3743580650867789,-0.3743580650867789,0.6924026355147361,0.2032279644638766,0.0,0.0,7.059526443481445,18.694669723510742,86.61365509033203
1764144540.7858012,0.0,-0.3735264790915181,-0.3735264790915181,0.7,0.22490481403772722,0.0,0.0,6.572041034698486,20.773441314697266,61.5696907043457
1764144540.8809705,0.0,-0.3729151160190768,-0.3729151160190768,0.7,0.2513095599145163,0.0,0.0,6.667957305908203,17.676250457763672,84.88726615905762
1764144540.9583156,0.0,-0.372112580518564,-0.372112580518564,0.7,0.22989791934494863,0.0,0.0,6.894005298614502,26.444740295410156,66.95389747619629
1764144541.0402079,0.0,-0.3714667354527912,-0.3714667354527912,0.7,0.2273207390692551,0.0,0.0,6.913562774658203,15.152361869812012,71.32434844970703
1764144541.1157885,0.0,-0.3707930480026907,-0.3707930480026907,0.6762047436088323,0.2613471606757958,0.0,0.0,6.468306541442871,17.031099319458008,65.27161598205566
1764144541.1930172,0.0,-0.3701777881506072,-0.3701777881506072,0.7,0.21330739650991748,0.0,0.0,6.986781120300293,22.374650955200195,66.87641143798828
1764144541.2797763,0.0,-0.3695568896517753,-0.3695568896517753,0.6733336828649044,0.18715479876962493,0.0,0.0,6.301168918609619,17.526952743530273,76.16662979125977
1764144541.355563,0.0,-0.368873181303837,-0.368873181303837,0.7,0.1897878546745051,0.0,0.0,7.581055641174316,28.971275329589844,65.46187400817871
1764144541.4312027,0.0,-0.36828538800523947,-0.36828538800523947,0.7,0.17398717929725538,0.0,0.0,7.164865493774414,17.8302001953125,65.24181365966797
1764144541.506891,0.0,-0.36770879283016916,-0.36770879283016916,0.7,0.20248455857043157,0.0,0.0,6.862895488739014,32.48647689819336,65.04392623901367
1764144541.5808196,0.0,-0.36714618309808006,-0.36714618309808006,0.7,0.20249657544107325,0.0,0.0,6.097958087921143,20.187843322753906,63.60673904418945
1764144541.6582851,0.0,-0.36660716134156984,-0.36660716134156984,0.7,0.21969995486349947,0.0,0.0,5.587986946105957,17.0891170501709,67.14510917663574
1764144541.7379181,0.0,-0.3660551638440276,-0.3660551638440276,0.693518718983978,0.28281514930338747,0.0,0.0,6.136184215545654,25.594301223754883,69.17929649353027
1764144541.814906,0.0,-0.3655042293218199,-0.3655042293218199,0.7,0.2897689517288018,0.0,0.0,6.573330402374268,30.722824096679688,66.70212745666504
1764144541.9000883,0.0,-0.36498551256183315,-0.36498551256183315,0.6839103613048791,0.31125388552234656,0.0,0.0,5.726547718048096,40.9039192199707,74.6614933013916
1764144541.9931679,0.0,-0.3644319501615612,-0.3644319501615612,0.6542054682970047,0.24386922527835853,0.0,0.0,6.711844444274902,53.366905212402344,82.77106285095215
1764144542.0946946,0.0,-0.36384898325198045,-0.36384898325198045,0.6429919235408306,0.1938575159458924,0.0,0.0,6.013126373291016,38.706119537353516,90.90900421142578
1764144542.19114,0.0,-0.3632439933586072,-0.3632439933586072,0.6214733932167291,0.14295263101146705,0.0,0.0,5.525337219238281,66.55636596679688,85.74295043945312
1764144542.2875175,0.0,-0.3626999839114002,-0.3626999839114002,0.5670269679278135,0.21295263101146705,0.0,0.0,6.196222305297852,18.428024291992188,85.70551872253418
1764144542.3658335,0.0,-0.36218844885900287,-0.36218844885900287,0.6073313642293214,0.23087155674384124,0.0,0.0,7.946031093597412,71.46697235107422,67.8102970123291
1764144542.4652224,0.0,-0.36179605431350265,-0.36179605431350265,0.6773313642293215,0.23679422349468954,0.0,0.0,7.907679557800293,25.11602020263672,88.90533447265625
1764144542.5442863,0.0,-0.3613304364139635,-0.3613304364139635,0.7,0.26337306336299665,0.0,0.0,6.519451141357422,38.37098693847656,68.35794448852539
1764144542.616652,0.0,-0.36098892790258547,-0.36098892790258547,0.7,0.21843110904828794,0.0,0.0,7.66033935546875,44.18645477294922,62.08491325378418
1764144542.706861,0.0,-0.3606968199177983,-0.3606968199177983,0.7,0.23201040779040344,0.0,0.0,8.817447662353516,24.481201171875,79.85115051269531
1764144542.838375,0.0,-0.36036166388146357,-0.36036166388146357,0.7,0.22049009189740904,0.0,0.0,7.134121417999268,21.812923431396484,120.60761451721191
1764144542.9323514,0.0,-0.3599388630399895,-0.3599388630399895,0.7,0.15473435953990705,0.0,0.0,6.557849407196045,29.068180084228516,83.26196670532227
1764144543.0314496,0.0,-0.3596845226717875,-0.3596845226717875,0.7,0.21757254884378202,0.0,0.0,6.30544376373291,20.6644287109375,88.65475654602051
1764144543.1212626,0.0,-0.35946002904220997,-0.35946002904220997,0.6299999999999999,0.23852006667093523,0.0,0.0,7.235515117645264,21.96950340270996,79.16927337646484
1764144543.1952355,0.0,-0.35929822564296104,-0.35929822564296104,0.6627102653682231,0.23669554148600586,0.0,0.0,6.31851053237915,36.77996826171875,63.49515914916992
1764144543.288497,0.0,-0.35919481166202977,-0.35919481166202977,0.7,0.16792587791369445,0.0,0.0,6.981376647949219,21.586177825927734,82.39459991455078
1764144543.3762624,0.0,-0.359105389787956,-0.359105389787956,0.6952757582068443,0.16684352997490354,0.0,0.0,5.901491641998291,22.433786392211914,77.03781127929688
1764144543.4700634,0.0,-0.3590631317418293,-0.3590631317418293,0.7,0.1768519507701058,0.0,0.0,5.688664436340332,18.773731231689453,83.16326141357422
1764144543.5446117,0.0,-0.35906448321285744,-0.35906448321285744,0.7,0.12044149655648656,0.0,0.0,5.436488628387451,17.500438690185547,64.23425674438477
1764144543.6180866,0.0,-0.3591007770459005,-0.3591007770459005,0.6494184628129005,0.10164111312278695,0.0,0.0,4.819610595703125,19.044591903686523,63.10319900512695
1764144543.6964862,0.0,-0.35916798502737896,-0.35916798502737896,0.666949263587594,0.13881375472792573,0.0,0.0,4.899904251098633,20.209491729736328,67.89755821228027
1764144543.7794516,0.0,-0.3592747296547557,-0.3592747296547557,0.7,0.20881375472792574,0.0,0.0,5.052133083343506,30.933931350708008,72.54862785339355
1764144543.866397,0.0,-0.359428086136393,-0.359428086136393,0.6299999999999999,0.19507547642835565,0.0,0.0,6.122066020965576,30.479843139648438,76.42912864685059
1764144543.9414284,0.0,-0.35963454928306515,-0.35963454928306515,0.5810794989764689,0.12548428203710504,0.0,0.0,4.248998641967773,32.32301330566406,64.4686222076416
1764144544.0169392,0.0,-0.35985060970740207,-0.35985060970740207,0.6134080040454863,0.12424117105812915,0.0,0.0,7.047487735748291,18.588359832763672,65.20891189575195
1764144544.092603,0.0,-0.3601060882273092,-0.3601060882273092,0.6834080040454864,0.18878870981545337,0.0,0.0,4.569012641906738,30.455482482910156,65.1087760925293
1764144544.169505,0.0,-0.360398372125168,-0.360398372125168,0.7,0.2339868672451485,0.0,0.0,5.422095775604248,25.56016731262207,66.33973121643066
1764144544.2496908,0.0,-0.3607344772776386,-0.3607344772776386,0.6677745103836059,0.3039868672451485,0.0,0.0,6.7015461921691895,32.37552261352539,69.79012489318848
1764144544.3608696,0.0,-0.3611260501057693,-0.3611260501057693,0.6548986051231622,0.3168893412760008,0.0,0.0,7.1475114822387695,48.277488708496094,100.72565078735352
1764144544.4375954,0.0,-0.361735805317439,-0.361735805317439,0.6880017209798097,0.30460965848327765,0.0,0.0,7.739222526550293,64.15351104736328,66.38956069946289
1764144544.5125434,0.0,-0.36220100091089835,-0.36220100091089835,0.7,0.28526983066261896,0.0,0.0,7.7403717041015625,67.33722686767578,64.69225883483887
1764144544.5875924,0.0,-0.36269084122708245,-0.36269084122708245,0.6299999999999999,0.2900021814814318,0.0,0.0,8.996368408203125,71.90629577636719,64.45503234863281
1764144544.667614,0.0,-0.36321337491030914,-0.36321337491030914,0.670096879005432,0.22614862705380806,0.0,0.0,10.442265510559082,70.87191772460938,69.71168518066406
1764144544.7398846,0.0,-0.36380718230795817,-0.36380718230795817,0.6514686058461665,0.277839212965082,0.0,0.0,8.297628402709961,39.49666213989258,61.923980712890625
1764144544.8142173,0.0,-0.3643746078818506,-0.3643746078818506,0.6861862513422965,0.25740516493828186,0.0,0.0,8.73103141784668,32.71424865722656,63.96603584289551
1764144544.8872976,0.0,-0.3649882671998902,-0.3649882671998902,0.6870202852832152,0.18740516493828185,0.0,0.0,7.683675289154053,34.636138916015625,62.75820732116699
1764144544.959518,0.0,-0.36562169297633873,-0.36562169297633873,0.7,0.17423865443826803,0.0,0.0,6.663702011108398,22.748210906982422,61.76877021789551
1764144545.0307627,0.0,-0.3662749088830708,-0.3662749088830708,0.6957637842744588,0.11419697350622304,0.0,0.0,6.626134395599365,16.83014678955078,60.8668327331543
1764144545.1061594,0.0,-0.36694564001979935,-0.36694564001979935,0.7,0.046736987892400106,0.0,0.0,7.022850513458252,26.54509162902832,64.96572494506836
1764144545.1811297,0.0,-0.36768397150864923,-0.36768397150864923,0.6299999999999999,0.11673698789240011,0.0,0.0,7.038547515869141,23.132408142089844,64.5284652709961
1764144545.2536085,0.0,-0.36844631537330347,-0.36844631537330347,0.6554420917481183,0.18673698789240012,0.0,0.0,6.543327808380127,22.864255905151367,61.96427345275879
1764144545.331727,0.0,-0.36920885141424664,-0.36920885141424664,0.6144696912914513,0.19235539574907312,0.0,0.0,6.662862777709961,17.868946075439453,67.69728660583496
1764144545.4034543,0.0,-0.370057456816515,-0.370057456816515,0.6414148799329995,0.17329522733376512,0.0,0.0,6.441080093383789,24.043201446533203,61.394691467285156
1764144545.472338,0.0,-0.370862789975363,-0.370862789975363,0.6550760950148105,0.22692366828010568,0.0,0.0,7.575366973876953,19.48053741455078,58.438777923583984
1764144545.5346553,0.0,-0.3716584373578502,-0.3716584373578502,0.6432121164351701,0.19350484152124414,0.0,0.0,6.760325908660889,32.614654541015625,51.54252052307129
1764144545.5965905,0.0,-0.3723947394244801,-0.3723947394244801,0.57321211643517,0.12350484152124414,0.0,0.0,6.159348011016846,50.35790252685547,51.49531364440918
1764144545.6644974,0.0,-0.37314329719888034,-0.37314329719888034,0.5311069744080303,0.19350484152124414,0.0,0.0,7.0625224113464355,23.671260833740234,57.32536315917969
1764144545.7484236,0.0,-0.3739835998734662,-0.3739835998734662,0.6011069744080304,0.12350484152124414,0.0,0.0,6.5527663230896,44.53694152832031,73.14467430114746
1764144545.8116896,0.0,-0.3750443712937125,-0.3750443712937125,0.6415331355482339,0.19350484152124414,0.0,0.0,5.401703357696533,19.1737003326416,52.94990539550781
1764144545.876262,0.0,-0.37586506240739326,-0.37586506240739326,0.7,0.22939839725182543,0.0,0.0,6.307565212249756,35.383609771728516,54.08620834350586
1764144545.9387686,0.0,-0.37671668813372666,-0.37671668813372666,0.7,0.16459329937384615,0.0,0.0,5.576173782348633,23.680545806884766,52.1388053894043
1764144546.0017161,0.0,-0.377556070183569,-0.377556070183569,0.6893351374194026,0.20953817804143915,0.0,0.0,5.9243483543396,20.716075897216797,52.635908126831055
1764144546.0650644,0.0,-0.37841647451762417,-0.37841647451762417,0.7,0.21430717454091797,0.0,0.0,6.180686950683594,25.054590225219727,53.002357482910156
1764144546.1287332,0.0,-0.37929567355180116,-0.37929567355180116,0.6657125771045684,0.19468704656497726,0.0,0.0,5.485134124755859,25.349224090576172,53.38788032531738
1764144546.192586,0.0,-0.38019465758577986,-0.38019465758577986,0.7,0.25724250868694076,0.0,0.0,6.835514545440674,27.99395751953125,53.478240966796875
1764144546.266099,0.0,-0.3811072829061683,-0.3811072829061683,0.7,0.18724250868694076,0.0,0.0,6.66251277923584,16.63436508178711,63.22503089904785
1764144546.3362918,0.0,-0.38217750279551965,-0.38217750279551965,0.7,0.22720303089157828,0.0,0.0,7.112940788269043,28.156282424926758,59.65876579284668
1764144546.3994787,0.0,-0.38321195914247175,-0.38321195914247175,0.7,0.24623312690095195,0.0,0.0,8.061185836791992,34.28974533081055,52.79803276062012
1764144546.466617,0.0,-0.3841578036558952,-0.3841578036558952,0.7,0.217906274653833,0.0,0.0,8.666071891784668,23.698251724243164,56.62655830383301
1764144546.5309095,0.0,-0.38517277800195704,-0.38517277800195704,0.6938545078039169,0.23191244789199122,0.0,0.0,8.677437782287598,30.032535552978516,53.978919982910156
1764144546.5949333,0.0,-0.3861583925665167,-0.3861583925665167,0.7,0.19903689511851558,0.0,0.0,9.790254592895508,31.46003532409668,53.64370346069336
1764144546.658862,0.0,-0.38715193408516524,-0.38715193408516524,0.6381694048643112,0.20711291842893848,0.0,0.0,7.943027019500732,19.84893798828125,53.38549613952637
1764144546.7334464,0.0,-0.3881524383675437,-0.3881524383675437,0.7,0.20252926164106616,0.0,0.0,7.965738296508789,35.64747619628906,64.12649154663086
1764144546.8008225,0.0,-0.3893381882831313,-0.3893381882831313,0.6567914716899395,0.22465230972306022,0.0,0.0,8.261252403259277,24.573162078857422,56.49614334106445
1764144546.884009,0.0,-0.3904103324574776,-0.3904103324574776,0.6766054283827543,0.2293066450467814,0.0,0.0,9.227904319763184,21.968339920043945,72.62682914733887
1764144546.9464204,0.0,-0.3917532708011611,-0.3917532708011611,0.660370261222124,0.15930664504678138,0.0,0.0,7.148601531982422,22.203296661376953,52.01411247253418
1764144547.007657,0.0,-0.39277184888035965,-0.39277184888035965,0.622430969774723,0.14411083294809945,0.0,0.0,6.4677734375,43.82811737060547,50.769805908203125
1764144547.072827,0.0,-0.39377914664436187,-0.39377914664436187,0.6924309697747231,0.13918124244348296,0.0,0.0,7.4827961921691895,22.76370620727539,54.60691452026367
1764144547.1488357,0.0,-0.3948557950490413,-0.3948557950490413,0.7,0.19700942666069754,0.0,0.0,6.263334274291992,15.642266273498535,65.70243835449219
1764144547.2114449,0.0,-0.3961245922440773,-0.3961245922440773,0.7,0.15824231610433348,0.0,0.0,6.511051654815674,21.56804656982422,52.168846130371094
1764144547.311592,0.0,-0.3971751609268023,-0.3971751609268023,0.6740017224103212,0.13930362381772288,0.0,0.0,8.182768821716309,19.76291275024414,89.82157707214355
1764144547.4010928,0.0,-0.3988719116317134,-0.3988719116317134,0.7,0.18647392385439165,0.0,0.0,7.642930030822754,26.251441955566406,78.96876335144043
1764144547.4724014,0.0,-0.40039825073775254,-0.40039825073775254,0.7,0.15667356283203848,0.0,0.0,7.207742691040039,17.222618103027344,60.81414222717285
1764144547.5471106,0.0,-0.4016196236574479,-0.4016196236574479,0.6856027523055672,0.17176540859774836,0.0,0.0,7.984114646911621,17.376659393310547,64.38708305358887
1764144547.6496375,0.0,-0.4029091877582931,-0.4029091877582931,0.7,0.19353094243244418,0.0,0.0,8.235777854919434,39.62881851196289,92.00692176818848
1764144547.7147667,0.0,-0.4046855952519992,-0.4046855952519992,0.7,0.2635309424324442,0.0,0.0,8.240426063537598,18.780851364135742,54.70395088195801
1764144547.7798407,0.0,-0.40581832074663376,-0.40581832074663376,0.7,0.27520402409867534,0.0,0.0,8.67946720123291,25.231006622314453,54.63814735412598
1764144547.8587937,0.0,-0.4069542228011396,-0.4069542228011396,0.7,0.21434475370482692,0.0,0.0,8.332036972045898,47.165435791015625,68.48406791687012
1764144547.9337947,0.0,-0.40833449112389697,-0.40833449112389697,0.7,0.18586486280695685,0.0,0.0,8.243602752685547,18.951461791992188,64.64886665344238
1764144548.0263112,0.0,-0.4096531604257885,-0.4096531604257885,0.6788788668811321,0.11586486280695685,0.0,0.0,9.400758743286133,20.03024673461914,81.87699317932129
1764144548.1037974,0.0,-0.4112759158505254,-0.4112759158505254,0.6767434508539736,0.18586486280695685,0.0,0.0,8.402555465698242,19.5695858001709,67.08097457885742
1764144548.1862283,0.0,-0.41263955511122286,-0.41263955511122286,0.6206700050272047,0.11586486280695685,0.0,0.0,8.573212623596191,36.04719924926758,71.96855545043945
1764144548.2724776,0.0,-0.4140917739017959,-0.4140917739017959,0.6751849309541285,0.06733987585441359,0.0,0.0,8.947924613952637,23.702560424804688,75.64496994018555
1764144548.3470387,0.0,-0.41560719263477813,-0.41560719263477813,0.6130152747966349,0.09261801012591608,0.0,0.0,7.236238479614258,26.201900482177734,64.1179084777832
1764144548.422085,0.0,-0.4169176481368796,-0.4169176481368796,0.6414798119105398,0.10961023078099974,0.0,0.0,7.366994380950928,21.291276931762695,64.6812915802002
1764144548.4947846,0.0,-0.4182378318840184,-0.4182378318840184,0.640880679001566,0.17961023078099975,0.0,0.0,8.797172546386719,32.13661193847656,62.14499473571777
1764144548.5663595,0.0,-0.41951048601723295,-0.41951048601723295,0.6772273157141171,0.15447394252554664,0.0,0.0,8.94787883758545,77.33477020263672,61.263084411621094
1764144548.63997,0.0,-0.42076435167265974,-0.42076435167265974,0.7,0.12771626264588126,0.0,0.0,8.850235939025879,20.448875427246094,63.155174255371094
1764144548.7142353,0.0,-0.42204764516549254,-0.42204764516549254,0.642226268351078,0.16466559544936904,0.0,0.0,10.486373901367188,23.509490966796875,63.95721435546875
1764144548.7959015,0.0,-0.4233401318948625,-0.4233401318948625,0.5998191244900226,0.16262115287394413,0.0,0.0,8.211089134216309,27.568756103515625,71.34699821472168
1764144548.882514,0.0,-0.4247576365728809,-0.4247576365728809,0.6621694646775722,0.10628827410550007,0.0,0.0,9.082789421081543,19.825794219970703,76.03907585144043
1764144548.954778,0.0,-0.42624950107136145,-0.42624950107136145,0.7,0.11261559772105106,0.0,0.0,8.019699096679688,30.7742919921875,61.92469596862793
1764144549.0299976,0.0,-0.4274887741491321,-0.4274887741491321,0.7,0.11753607802824267,0.0,0.0,9.079748153686523,33.48589324951172,64.93782997131348
1764144549.103331,0.0,-0.4287723542898695,-0.4287723542898695,0.7,0.17659485229090938,0.0,0.0,7.981318950653076,23.08530044555664,63.02928924560547
1764144549.1820488,0.0,-0.430018484524515,-0.430018484524515,0.6299999999999999,0.22044052445129642,0.0,0.0,9.01148796081543,26.56355094909668,68.19891929626465
1764144549.262278,0.0,-0.4313434205538515,-0.4313434205538515,0.7,0.20435426273183116,0.0,0.0,9.790547370910645,24.41541290283203,69.87237930297852
1764144549.3367674,0.0,-0.4326864045699977,-0.4326864045699977,0.7,0.1747403711153675,0.0,0.0,8.547483444213867,18.51007843017578,63.95554542541504
1764144549.4094841,0.0,-0.4339210386947351,-0.4339210386947351,0.6620823040604591,0.13759328872696647,0.0,0.0,9.559041976928711,32.80549240112305,62.337398529052734
1764144549.5039055,0.0,-0.4351161383458043,-0.4351161383458043,0.614685845375061,0.06759328872696646,0.0,0.0,9.107531547546387,27.84115982055664,84.06782150268555
1764144549.604881,0.0,-0.4366559678915611,-0.4366559678915611,0.5894154578447341,0.06258143682764061,0.0,0.0,9.379983901977539,48.11433792114258,90.37590026855469
1764144549.6939557,0.0,-0.4382792590109342,-0.4382792590109342,0.5853067173622548,0.0769348909406472,0.0,0.0,9.553801536560059,21.136268615722656,78.40752601623535
1764144549.7801955,0.0,-0.43968960605060775,-0.43968960605060775,0.6553067173622549,0.01652988617108353,0.0,0.0,10.058671951293945,32.35124206542969,75.7596492767334
1764144549.858804,0.0,-0.4410368355066412,-0.4410368355066412,0.5853067173622548,0.04845196951911934,0.0,0.0,8.548040390014648,22.971086502075195,68.22657585144043
1764144549.9330788,0.0,-0.44224892879222155,-0.44224892879222155,0.6553067173622549,0.03583446250097044,0.0,0.0,9.032055854797363,16.836191177368164,63.938140869140625
1764144550.0270925,0.0,-0.4433789607412942,-0.4433789607412942,0.6471690991707146,0.0,0.0,0.0,9.989029884338379,39.411922454833984,83.70757102966309
1764144550.1004062,0.0,-0.44478808547301946,-0.44478808547301946,0.6783529305644334,0.0,0.0,0.0,9.540430068969727,24.218942642211914,62.953948974609375
1764144550.1777034,0.0,-0.4458680541446513,-0.4458680541446513,0.6596334902383387,0.05054610222578049,0.0,0.0,8.855449676513672,23.84478759765625,66.90239906311035
1764144550.2528012,0.0,-0.44698975690017617,-0.44698975690017617,0.6759648425318301,0.11144153401255608,0.0,0.0,9.397048950195312,22.64113426208496,64.64171409606934
1764144550.3252492,0.0,-0.4480581265416768,-0.4480581265416768,0.6341300336457789,0.05742545425891876,0.0,0.0,8.31440544128418,25.649396896362305,62.1035099029541
1764144550.407605,0.0,-0.44907291596495685,-0.44907291596495685,0.5861473297514022,0.10439037159085274,0.0,0.0,7.876436710357666,24.53125762939453,72.00479507446289
1764144550.482376,0.0,-0.45020365758140096,-0.45020365758140096,0.5775458449311555,0.14687494561076164,0.0,0.0,11.125846862792969,26.03501319885254,64.44382667541504
1764144550.5594409,0.0,-0.4512131471924542,-0.4512131471924542,0.5075458449311554,0.09463784098625183,0.0,0.0,9.030180931091309,36.8013916015625,66.33877754211426
1764144550.6336663,0.0,-0.452225560173316,-0.452225560173316,0.5708952409215271,0.10358339548110962,0.0,0.0,11.75462818145752,53.182430267333984,63.698768615722656
1764144550.7173402,0.0,-0.4531822458324708,-0.4531822458324708,0.5638512003235518,0.03358339548110961,0.0,0.0,9.307805061340332,32.76102066040039,73.08530807495117
1764144550.7904294,0.0,-0.45423280237462116,-0.45423280237462116,0.5713453551754355,0.0,0.0,0.0,9.389801025390625,27.110958099365234,62.56413459777832
1764144550.8689358,0.0,-0.45512782886686126,-0.45512782886686126,0.5013453551754354,0.0,0.0,0.0,13.065596580505371,27.31283950805664,67.97313690185547
1764144550.998152,0.0,-0.45606317841767974,-0.45606317841767974,0.5627111868187784,0.0,0.0,0.0,8.874906539916992,33.506103515625,118.79539489746094
1764144551.077843,0.0,-0.4575461008353784,-0.4575461008353784,0.5388466642424463,0.012943883426487446,0.0,0.0,12.070361137390137,26.076671600341797,69.09680366516113
1764144551.1601553,0.0,-0.4584236965484853,-0.4584236965484853,0.4946117513999342,0.08294388342648745,0.0,0.0,12.003684997558594,35.753631591796875,71.63810729980469
1764144551.266317,0.0,-0.45929627501721587,-0.45929627501721587,0.5646117513999342,0.15294388342648746,0.0,0.0,10.095929145812988,37.928741455078125,95.62945365905762
1764144551.3428977,0.0,-0.46037597905611705,-0.46037597905611705,0.6346117513999343,0.10774907130748035,0.0,0.0,11.29445743560791,43.4898681640625,65.93775749206543
1764144551.4168277,0.0,-0.46111743035428054,-0.46111743035428054,0.6417417493462563,0.08184080976992847,0.0,0.0,10.86060619354248,21.758432388305664,63.601016998291016
1764144551.4963,0.0,-0.46180751720246604,-0.46180751720246604,0.6557238488271833,0.10162769850343467,0.0,0.0,14.612768173217773,26.892948150634766,68.88914108276367
1764144551.5768704,0.0,-0.46251688375069555,-0.46251688375069555,0.6871594837680459,0.13416269641369583,0.0,0.0,11.655421257019043,33.898902893066406,70.03045082092285
1764144551.6494932,0.0,-0.4632007227718401,-0.4632007227718401,0.7,0.12847165936604144,0.0,0.0,12.376371383666992,27.26207733154297,62.24775314331055
1764144551.7268364,0.0,-0.463786535352836,-0.463786535352836,0.7,0.19847165936604144,0.0,0.0,12.157630920410156,27.726119995117188,67.01374053955078
1764144551.8220856,0.0,-0.46437969217145075,-0.46437969217145075,0.6299999999999999,0.1533187977410853,0.0,0.0,12.265503883361816,27.313980102539062,84.74278450012207
1764144551.9127305,0.0,-0.46506263439081585,-0.46506263439081585,0.6667552563548087,0.1433592667244375,0.0,0.0,11.844413757324219,26.575820922851562,79.88142967224121
1764144552.002527,0.0,-0.4656608586715299,-0.4656608586715299,0.6868214207887648,0.12096695279702546,0.0,0.0,8.69797134399414,35.47412872314453,79.12588119506836
1764144552.1122205,0.0,-0.4662053669291266,-0.4662053669291266,0.6919995659217237,0.06954012116417291,0.0,0.0,11.021769523620605,28.506664276123047,99.05791282653809
1764144552.1888664,0.0,-0.4668033731017068,-0.4668033731017068,0.6265929081663488,0.10797551697120072,0.0,0.0,9.206488609313965,25.34555435180664,65.98591804504395
1764144552.2628593,0.0,-0.4671748089633528,-0.4671748089633528,0.5765135326609014,0.16635384833440187,0.0,0.0,10.787435531616211,24.446731567382812,63.6601448059082
1764144552.345995,0.0,-0.46749863894050653,-0.46749863894050653,0.6337140799686312,0.1581535297818482,0.0,0.0,10.419650077819824,38.137794494628906,72.65424728393555
1764144552.4372413,0.0,-0.4678186956827844,-0.4678186956827844,0.698668964318931,0.22815352978184822,0.0,0.0,11.272418975830078,30.090749740600586,80.86013793945312
1764144552.514063,0.0,-0.46811682197495647,-0.46811682197495647,0.7,0.19161425830796364,0.0,0.0,11.215959548950195,30.65335464477539,66.41840934753418
1764144552.5898979,0.0,-0.46832323090439043,-0.46832323090439043,0.6738998059183359,0.17398055756464603,0.0,0.0,11.46728229522705,30.386241912841797,65.5362606048584
1764144552.6814854,0.0,-0.46848664533827167,-0.46848664533827167,0.7,0.18014258725568655,0.0,0.0,12.428720474243164,21.707706451416016,81.28094673156738
1764144552.788021,0.0,-0.46862939226934447,-0.46862939226934447,0.6660972654819488,0.1857607110589743,0.0,0.0,13.408576965332031,61.381324768066406,96.10700607299805
1764144552.8889081,0.0,-0.46871851515561225,-0.46871851515561225,0.6803613228723406,0.11576071105897429,0.0,0.0,10.910569190979004,32.87214660644531,90.38853645324707
1764144553.001139,0.0,-0.4687249565427908,-0.4687249565427908,0.7,0.17298375539481642,0.0,0.0,13.516885757446289,21.68789291381836,101.72319412231445
1764144553.0893197,0.0,-0.4686408633736621,-0.4686408633736621,0.7,0.13561288736760618,0.0,0.0,11.885418891906738,44.178916931152344,77.4531364440918
1764144553.1634722,0.0,-0.4685066777581911,-0.4685066777581911,0.673236933350563,0.09324362225830557,0.0,0.0,12.739542007446289,43.44005584716797,63.82489204406738
1764144553.242021,0.0,-0.4683458392870293,-0.4683458392870293,0.7,0.023243622258305563,0.0,0.0,12.892241477966309,22.59967803955078,68.22490692138672
1764144553.3225155,0.0,-0.46812673938036053,-0.46812673938036053,0.7,0.03334292057901622,0.0,0.0,9.226446151733398,27.450246810913086,69.75483894348145
1764144553.397471,0.0,-0.46785044588540076,-0.46785044588540076,0.7,0.08177318830043079,0.0,0.0,8.740544319152832,28.157108306884766,64.49699401855469
1764144553.4935691,0.0,-0.4675449575847973,-0.4675449575847973,0.678395015001297,0.07707673577591778,0.0,0.0,9.57288932800293,18.222705841064453,85.72912216186523
1764144553.590773,0.0,-0.46708316722549736,-0.46708316722549736,0.7,0.031275267582386745,0.0,0.0,8.766172409057617,23.57851791381836,86.69519424438477
1764144553.6655762,0.0,-0.46653584839103085,-0.46653584839103085,0.7,0.030526369155850275,0.0,0.0,9.029667854309082,28.281082153320312,64.31937217712402
1764144553.7535353,0.0,-0.46605833971308297,-0.46605833971308297,0.7,0.10052636915585028,0.0,0.0,7.781493186950684,27.18842315673828,77.38900184631348
1764144553.842272,0.0,-0.4654322955508366,-0.4654322955508366,0.7,0.030526369155850275,0.0,0.0,8.666106224060059,22.22125244140625,78.02534103393555
1764144553.9158945,0.0,-0.46473356951962147,-0.46473356951962147,0.6997083583730273,0.10052636915585028,0.0,0.0,8.493194580078125,30.442588806152344,63.35878372192383
1764144554.0068765,0.0,-0.4640968967941307,-0.4640968967941307,0.6886176755535416,0.06210241371532904,0.0,0.0,8.510231971740723,23.227989196777344,80.58571815490723
1764144554.091655,0.0,-0.4632395369054353,-0.4632395369054353,0.6256697764503769,0.13210241371532905,0.0,0.0,9.82990837097168,28.458465576171875,74.19204711914062
1764144554.1897686,0.0,-0.46237276072607714,-0.46237276072607714,0.6284301597508601,0.17216245705028999,0.0,0.0,10.256317138671875,22.705707550048828,87.63933181762695
1764144554.2804255,0.0,-0.4612823518110293,-0.4612823518110293,0.6247616924694739,0.10953796529909599,0.0,0.0,12.841789245605469,35.969566345214844,80.0023078918457
1764144554.3565884,0.0,-0.46019493878733025,-0.46019493878733025,0.678998007660266,0.13812503466149795,0.0,0.0,11.458386421203613,29.424571990966797,65.83738327026367
1764144554.4348357,0.0,-0.4592156279678714,-0.4592156279678714,0.6089980076602659,0.1067402350320481,0.0,0.0,9.70158576965332,28.23779296875,67.78836250305176
1764144554.5402305,0.0,-0.45815087422197776,-0.45815087422197776,0.6159985615476034,0.09242889066925275,0.0,0.0,10.099609375,34.462913513183594,94.91634368896484
1764144554.6353638,0.0,-0.4566177186373735,-0.4566177186373735,0.6622666782303712,0.048292347842361805,0.0,0.0,9.364863395690918,29.44511604309082,84.71369743347168
1764144554.716189,0.0,-0.4551357056133894,-0.4551357056133894,0.6456770422472617,0.06812579339137304,0.0,0.0,9.184521675109863,21.760910034179688,70.25671005249023
1764144554.7924297,0.0,-0.4538034469688075,-0.4538034469688075,0.6867818283452651,0.10918207993498075,0.0,0.0,12.30293083190918,31.936378479003906,65.71435928344727
1764144554.8804421,0.0,-0.45248308530266546,-0.45248308530266546,0.7,0.1571354732452892,0.0,0.0,10.222305297851562,26.186437606811523,77.58975028991699
1764144554.9532988,0.0,-0.45088128828849267,-0.45088128828849267,0.688517802208662,0.1482644925429486,0.0,0.0,11.811491012573242,27.547809600830078,62.389373779296875
1764144555.028757,0.0,-0.4494946580045509,-0.4494946580045509,0.7,0.11692783484002578,0.0,0.0,11.363593101501465,35.21784210205078,65.12689590454102
1764144555.1043303,0.0,-0.4479946240686558,-0.4479946240686558,0.7,0.15938606733223426,0.0,0.0,11.60036849975586,23.6165771484375,65.21368026733398
1764144555.18116,0.0,-0.446427104565983,-0.446427104565983,0.7,0.12140420699259269,0.0,0.0,9.572712898254395,53.335235595703125,66.28632545471191
1764144555.2568262,0.0,-0.44477309022899464,-0.44477309022899464,0.6315361976623535,0.130377133989241,0.0,0.0,10.313404083251953,40.00175476074219,65.34457206726074
1764144555.3349402,0.0,-0.4430762923508813,-0.4430762923508813,0.6833390489220619,0.200377133989241,0.0,0.0,11.799737930297852,38.465187072753906,67.79885292053223
1764144555.407748,0.0,-0.4412564269483179,-0.4412564269483179,0.7,0.14420655866852033,0.0,0.0,11.990633964538574,49.100311279296875,62.51859664916992
1764144555.488824,0.0,-0.43949406377084355,-0.43949406377084355,0.7,0.07420655866852033,0.0,0.0,9.117995262145996,32.305381774902344,70.57309150695801
1764144555.5637252,0.0,-0.4374601998327715,-0.4374601998327715,0.7,0.12525353362550962,0.0,0.0,12.694594383239746,23.125377655029297,64.3913745880127
1764144555.6363657,0.0,-0.43551617108170065,-0.43551617108170065,0.7,0.1751977369724773,0.0,0.0,8.32603645324707,34.22965621948242,62.37435340881348
1764144555.7152338,0.0,-0.43356338527500493,-0.43356338527500493,0.7,0.21365223234286534,0.0,0.0,6.9860053062438965,24.54502296447754,68.54963302612305
1764144555.7920465,0.0,-0.4313719458875816,-0.4313719458875816,0.6299999999999999,0.15081114476313817,0.0,0.0,8.193540573120117,56.483924865722656,66.50090217590332
1764144555.8672378,0.0,-0.42916200898119367,-0.42916200898119367,0.6745118434727191,0.13253885475685823,0.0,0.0,8.086287498474121,32.165523529052734,64.59188461303711
1764144555.9458182,0.0,-0.4269308998353828,-0.4269308998353828,0.7,0.14597333842655646,0.0,0.0,7.581512928009033,33.848670959472656,68.0692195892334
1764144556.024793,0.0,-0.42452539578466275,-0.42452539578466275,0.7,0.19681332135340202,0.0,0.0,7.305583953857422,35.72612762451172,68.53103637695312
1764144556.0982778,0.0,-0.4220293816373052,-0.4220293816373052,0.7,0.23635166013380515,0.0,0.0,8.211684226989746,28.85188102722168,63.11964988708496
1764144556.1806505,0.0,-0.4196331869559633,-0.4196331869559633,0.7,0.2275301922648214,0.0,0.0,9.51341724395752,67.24603271484375,71.86317443847656
1764144556.261463,0.0,-0.4168642345641096,-0.4168642345641096,0.678091886267066,0.2975301922648214,0.0,0.0,9.426451683044434,41.50236892700195,70.20258903503418
1764144556.3395958,0.0,-0.4140680367939294,-0.4140680367939294,0.6793515243800357,0.2592599795549177,0.0,0.0,11.760918617248535,112.76469421386719,67.60644912719727
1764144556.4459167,0.0,-0.4112848258091205,-0.4112848258091205,0.6869506960967555,0.1995947317569517,0.0,0.0,12.281800270080566,81.49183654785156,95.98445892333984
1764144556.5372288,0.0,-0.4073591302175651,-0.4073591302175651,0.6920074628898873,0.1295947317569517,0.0,0.0,11.295234680175781,22.73584747314453,80.81674575805664
1764144556.609454,0.0,-0.4038764107947229,-0.4038764107947229,0.6220074628898873,0.17281056536128747,0.0,0.0,9.481056213378906,28.358402252197266,61.93661689758301
1764144556.682995,0.0,-0.40103323544427205,-0.40103323544427205,0.6832213138649239,0.20226596450200307,0.0,0.0,9.631521224975586,33.19274139404297,63.07649612426758
1764144556.7689893,0.0,-0.398072397331644,-0.398072397331644,0.6912595366546883,0.21366058351239192,0.0,0.0,9.608846664428711,46.459007263183594,75.67238807678223
1764144556.852194,0.0,-0.3944979572891327,-0.3944979572891327,0.6941305773751809,0.19289869131287563,0.0,0.0,7.095458507537842,25.19219398498535,72.38340377807617
1764144556.9266384,0.0,-0.3909665452724653,-0.3909665452724653,0.7,0.13501258628210056,0.0,0.0,7.585242748260498,31.977375030517578,63.94362449645996
1764144557.0031235,0.0,-0.3877182651972196,-0.3877182651972196,0.7,0.13332746844505894,0.0,0.0,7.272792816162109,19.19837188720703,66.12038612365723
1764144557.0792215,0.0,-0.3842942214663255,-0.3842942214663255,0.7,0.13090726212365555,0.0,0.0,6.667400360107422,24.05683708190918,65.5674934387207
1764144557.157905,0.0,-0.3808075638358336,-0.3808075638358336,0.6916433561593294,0.08057376594049859,0.0,0.0,6.038559913635254,21.175621032714844,68.19558143615723
1764144557.2327302,0.0,-0.3771135369644985,-0.3771135369644985,0.6340778607875108,0.11813575998647141,0.0,0.0,6.07504415512085,26.850341796875,64.37087059020996
1764144557.312334,0.0,-0.37352494437951494,-0.37352494437951494,0.7,0.18391386643750596,0.0,0.0,6.310279369354248,24.439287185668945,69.31471824645996
1764144557.4077103,0.0,-0.36960456989498436,-0.36960456989498436,0.6441451579332351,0.24681060985429215,0.0,0.0,5.02202844619751,37.885719299316406,84.91826057434082
1764144557.496525,0.0,-0.3647941260164178,-0.3647941260164178,0.6592929808422923,0.2798031330178492,0.0,0.0,5.614851951599121,39.312801361083984,78.46403121948242
1764144557.588672,0.0,-0.36018461886301145,-0.36018461886301145,0.6761853097006678,0.23434148208005356,0.0,0.0,7.369460105895996,72.53704071044922,81.48956298828125
1764144557.6697166,0.0,-0.3552777596430863,-0.3552777596430863,0.6954658551141619,0.17611688599688935,0.0,0.0,5.19279670715332,47.108734130859375,70.52469253540039
1764144557.7512558,0.0,-0.35086274781147564,-0.35086274781147564,0.7,0.20177997500402856,0.0,0.0,7.232532501220703,23.00674819946289,71.03562355041504
1764144557.8268445,0.0,-0.34631739489368707,-0.34631739489368707,0.6883569804951548,0.21848319695098328,0.0,0.0,5.176666259765625,17.736156463623047,65.09590148925781
1764144557.9078507,0.0,-0.34201446924669676,-0.34201446924669676,0.684901926247403,0.20103541985852647,0.0,0.0,4.5764360427856445,23.8587703704834,70.68252563476562
1764144557.9861426,0.0,-0.33729547065344734,-0.33729547065344734,0.6963196187745779,0.22384570576949048,0.0,0.0,4.132141590118408,29.006444931030273,67.90041923522949
1764144558.063996,0.0,-0.33264467592995495,-0.33264467592995495,0.7,0.2938457057694905,0.0,0.0,4.370697021484375,29.95551300048828,67.49725341796875
1764144558.1404417,0.0,-0.3279200827886693,-0.3279200827886693,0.7,0.31342464507324624,0.0,0.0,4.785736083984375,45.009185791015625,66.09511375427246
1764144558.2136278,0.0,-0.323186999599418,-0.323186999599418,0.6996838013466913,0.24342464507324624,0.0,0.0,4.76803731918335,67.4835205078125,62.83235549926758
1764144558.2894552,0.0,-0.31856658449269765,-0.31856658449269765,0.7,0.20174436122877526,0.0,0.0,5.521607875823975,29.865516662597656,65.4911994934082
1764144558.3644817,0.0,-0.3136887540876059,-0.3136887540876059,0.7,0.2619563996861689,0.0,0.0,4.113699436187744,25.488582611083984,64.6822452545166
1764144558.464038,0.0,-0.30876509740671165,-0.30876509740671165,0.6729119539260864,0.2808069925825112,0.0,0.0,4.336906909942627,39.99848556518555,88.99521827697754
1764144558.54721,0.0,-0.30208420798843,-0.30208420798843,0.6346637725830078,0.24351029135985303,0.0,0.0,4.778975486755371,54.031578063964844,72.48783111572266
1764144558.6223383,0.0,-0.2964006760672503,-0.2964006760672503,0.6805386140942573,0.2517269788379781,0.0,0.0,3.950517177581787,48.408592224121094,64.74709510803223
1764144558.6971486,0.0,-0.2911490090558415,-0.2911490090558415,0.6686531843617558,0.2114140292699449,0.0,0.0,6.095956325531006,35.47527313232422,64.32199478149414
1764144558.7721152,0.0,-0.28582878429176584,-0.28582878429176584,0.6126501465216279,0.23171603810740637,0.0,0.0,3.0150718688964844,20.447154998779297,64.46647644042969
1764144558.8664787,0.0,-0.28040267324944307,-0.28040267324944307,0.637544141896069,0.20703059565974402,0.0,0.0,5.06653356552124,65.04090118408203,83.86540412902832
1764144558.9634306,0.0,-0.27343212628345787,-0.27343212628345787,0.6588345205411315,0.24486559015465903,0.0,0.0,3.303575277328491,23.08403968811035,86.3792896270752
1764144559.0614061,0.0,-0.2661105207680929,-0.2661105207680929,0.6761498710140585,0.25015516803367066,0.0,0.0,2.7037103176116943,49.90534973144531,87.3408317565918
1764144559.1364384,0.0,-0.2585638179882953,-0.2585638179882953,0.7,0.32015516803367067,0.0,0.0,4.446523189544678,43.15702819824219,64.7425651550293
1764144559.210045,0.0,-0.25265358442541236,-0.25265358442541236,0.7,0.3901551680336707,0.0,0.0,2.9656083583831787,33.40928649902344,63.13180923461914
1764144559.2909105,0.0,-0.24675797002517671,-0.24675797002517671,0.7,0.32015516803367067,0.0,0.0,3.9460508823394775,66.40502166748047,70.30606269836426
1764144559.365642,0.0,-0.2401841377727201,-0.2401841377727201,0.6875731253996491,0.31806361450580883,0.0,0.0,3.575204849243164,46.7354736328125,64.35298919677734
1764144559.4402065,0.0,-0.23399502025407246,-0.23399502025407246,0.7,0.38806361450580884,0.0,0.0,2.363908529281616,46.92311477661133,64.07308578491211
1764144559.5350301,0.0,-0.2277165684514534,-0.2277165684514534,0.7,0.3571107138576918,0.0,0.0,3.5788252353668213,63.749420166015625,84.28025245666504
1764144559.6230378,0.0,-0.2195808019832548,-0.2195808019832548,0.6764703847467899,0.34774017452029515,0.0,0.0,3.5205633640289307,59.639625549316406,77.30841636657715
1764144559.710116,0.0,-0.21191247302418784,-0.21191247302418784,0.7,0.3642996747675352,0.0,0.0,3.6352319717407227,54.98948287963867,76.71523094177246
1764144559.819311,0.0,-0.20415056026745015,-0.20415056026745015,0.6856449123471975,0.2942996747675352,0.0,0.0,2.7571516036987305,60.42779541015625,98.5560417175293
1764144559.9069772,0.0,-0.19423140856409782,-0.19423140856409782,0.6566237963736057,0.3373239502194338,0.0,0.0,3.2514877319335938,26.291677474975586,76.97033882141113
1764144559.980046,0.0,-0.18613165757276576,-0.18613165757276576,0.7,0.39156609176425267,0.0,0.0,3.180738687515259,53.27605438232422,62.71696090698242
1764144560.0753067,0.0,-0.17925506715208217,-0.17925506715208217,0.7,0.35077577977208424,0.0,0.0,2.859752655029297,58.05487060546875,84.9919319152832
1764144560.1578956,0.0,-0.17012680769262045,-0.17012680769262045,0.6893067739903926,0.34515641079051423,0.0,0.0,2.029644012451172,31.49354362487793,72.19743728637695
1764144560.2338905,0.0,-0.1620667441940541,-0.1620667441940541,0.7,0.41515641079051424,0.0,0.0,1.636614203453064,30.30188751220703,65.38128852844238
1764144560.3153782,0.0,-0.15454670506491047,-0.15454670506491047,0.7,0.34515641079051423,0.0,0.0,1.0578606128692627,71.60781860351562,71.06947898864746
1764144560.388688,0.0,-0.14635306025614392,-0.14635306025614392,0.7,0.30745941222412515,0.0,0.0,2.3326478004455566,28.08563232421875,62.81256675720215
1764144560.4650772,0.0,-0.1388600841699488,-0.1388600841699488,0.7,0.37745941222412516,0.0,0.0,1.2952383756637573,23.83296775817871,65.7799243927002
1764144560.5377004,0.0,-0.1309701527144109,-0.1309701527144109,0.6845443405210971,0.30745941222412515,0.0,0.0,0.6219367384910583,44.85152816772461,62.31212615966797
1764144560.6317437,0.0,-0.12333840084945769,-0.12333840084945769,0.6592070206999778,0.37745941222412516,0.0,0.0,0.6955194473266602,43.69588851928711,83.61935615539551
1764144560.724374,0.0,-0.11329464164116884,-0.11329464164116884,0.6646038962528109,0.32906189352972437,0.0,0.0,1.152514934539795,39.453704833984375,82.03983306884766
1764144560.8091145,0.0,-0.1032430205711729,-0.1032430205711729,0.6099346054717898,0.3516803847323172,0.0,0.0,1.0318245887756348,33.20475769042969,74.3253231048584
1764144560.8822591,0.0,-0.09388121694331789,-0.09388121694331789,0.6578208876773715,0.40117864102823664,0.0,0.0,1.6310275793075562,31.19548797607422,62.61277198791504
1764144560.9579895,0.0,-0.08571078889527639,-0.08571078889527639,0.7,0.47117864102823664,0.0,0.0,0.9410668015480042,53.91062545776367,65.3688907623291
1764144561.0317893,0.0,-0.07712038880414754,-0.07712038880414754,0.6863192709162831,0.41078654811484744,0.0,0.0,0.5606022477149963,46.02033233642578,63.513755798339844
1764144561.1083987,0.0,-0.06863066751762145,-0.06863066751762145,0.616319270916283,0.4791729612718337,0.0,0.0,0.8286167979240417,19.40873908996582,66.30444526672363
1764144561.1819887,0.0,-0.059685891159979215,-0.059685891159979215,0.6023206795752047,0.41521103814942767,0.0,0.0,1.2193020582199097,83.26469421386719,63.08698654174805
1764144561.257345,0.0,-0.05100091738653181,-0.05100091738653181,0.6075690478272735,0.37429576874477793,0.0,0.0,3.0235860347747803,86.33645629882812,65.032958984375
1764144561.334877,0.0,-0.0419751315648354,-0.0419751315648354,0.6037134384922682,0.3234750939975493,0.0,0.0,1.13555109500885,64.83578491210938,67.15035438537598
1764144561.4098678,0.0,-0.03256026225990413,-0.03256026225990413,0.5683451263420283,0.2804814553330653,0.0,0.0,0.6486427783966064,50.50208282470703,64.56208229064941
1764144561.4868302,0.0,-0.02334695552995153,-0.02334695552995153,0.5311507662944495,0.3504814553330653,0.0,0.0,2.870587110519409,38.80044174194336,66.60223007202148
1764144561.5602348,0.0,-0.013760595447608215,-0.013760595447608215,0.5880066422931849,0.41812444955809047,0.0,0.0,1.6075602769851685,67.72920227050781,63.08555603027344
1764144561.6477199,0.0,-0.0044980516231155065,-0.0044980516231155065,0.6274690633825957,0.4881244495580905,0.0,0.0,2.356698751449585,79.67947387695312,77.14986801147461
1764144561.721135,0.0,0.006692667710676392,0.006692667710676392,0.5913867471925913,0.4582093998859637,0.0,0.0,0.6788179874420166,71.72108459472656,63.11607360839844
1764144561.8123164,0.0,0.01621517067978212,0.01621517067978212,0.6613867471925914,0.3923726052115672,0.0,0.0,0.6971420049667358,71.26654052734375,80.87849617004395
1764144561.8856885,0.0,0.028204362223003265,0.028204362223003265,0.7,0.4623726052115672,0.0,0.0,1.052344799041748,28.71605110168457,63.066720962524414
1764144561.9632602,0.0,0.03799722927620844,0.03799722927620844,0.6782739430665969,0.5020685274968856,0.0,0.0,1.599103569984436,41.28801345825195,67.11220741271973
1764144562.064509,0.0,0.04845938455412904,0.04845938455412904,0.7,0.45708352745277814,0.0,0.0,1.5689893960952759,38.74948501586914,90.85345268249512
1764144562.1596549,0.0,0.06232991288927303,0.06232991288927303,0.6973260420374572,0.4721378194983118,0.0,0.0,1.1741441488265991,26.561904907226562,84.73587036132812
1764144562.2326531,0.0,0.07556706597233104,0.07556706597233104,0.7,0.5421378194983117,0.0,0.0,2.2382001876831055,26.777637481689453,62.661170959472656
1764144562.3140051,0.0,0.08587768536968121,0.08587768536968121,0.6975136080756783,0.5310542119364254,0.0,0.0,2.8091182708740234,30.576793670654297,70.92761993408203
1764144562.393732,0.0,0.09749209968943479,0.09749209968943479,0.6801950892433524,0.6010542119364255,0.0,0.0,1.8657439947128296,31.317459106445312,69.28515434265137
1764144562.4715273,0.0,0.10902301688730648,0.10902301688730648,0.7,0.5471222157101148,0.0,0.0,1.6564339399337769,32.1561393737793,67.34466552734375
1764144562.5470963,0.0,0.12042431816662863,0.12042431816662863,0.6725675396621227,0.5816467086295598,0.0,0.0,1.5390079021453857,29.853511810302734,65.03725051879883
1764144562.6217077,0.0,0.13160605188842692,0.13160605188842692,0.7,0.6169114651600831,0.0,0.0,1.7373936176300049,33.943660736083984,64.31150436401367
1764144562.701624,0.0,0.14280261019427382,0.14280261019427382,0.6561269171535968,0.6241138557414525,0.0,0.0,1.5973695516586304,20.894853591918945,69.56696510314941
1764144562.777489,0.0,0.15494285339353805,0.15494285339353805,0.6667842499911785,0.5967164895008319,0.0,0.0,1.8398395776748657,20.053272247314453,65.35577774047852
1764144562.8618999,0.0,0.16659828296203363,0.16659828296203363,0.7,0.603603903062176,0.0,0.0,2.1246390342712402,35.20378875732422,73.88496398925781
1764144562.9387765,0.0,0.17971168317107764,0.17971168317107764,0.6746539071202278,0.6736039030621761,0.0,0.0,3.0125198364257812,18.868637084960938,66.50948524475098
1764144563.0129905,0.0,0.19180243361242968,0.19180243361242968,0.7,0.7,0.0,0.0,3.2101879119873047,26.88475227355957,63.947439193725586
1764144563.0896041,0.0,0.2036365608862462,0.2036365608862462,0.6947795332409441,0.7,0.0,0.0,4.37624979019165,24.652353286743164,66.10465049743652
1764144563.172778,0.0,0.21598069818506885,0.21598069818506885,0.7,0.7,0.0,0.0,3.4916458129882812,19.07048797607422,72.67022132873535
1764144563.2518406,0.0,0.2295229751433651,0.2295229751433651,0.6674804843962192,0.7,0.0,0.0,3.1435911655426025,24.236711502075195,68.59993934631348
1764144563.3317447,0.0,0.242557806878953,0.242557806878953,0.6239829517900943,0.7,0.0,0.0,3.4431300163269043,20.55926513671875,69.47636604309082
1764144563.4116082,0.0,0.25588612165709557,0.25588612165709557,0.6321410013362765,0.7,0.0,0.0,2.299171209335327,16.624832153320312,69.44131851196289
1764144563.489817,0.0,0.26937733688830434,0.26937733688830434,0.636650754418224,0.6820681195706129,0.0,0.0,4.545253753662109,28.588871002197266,67.67725944519043
1764144563.5759299,0.0,0.28277244088329134,0.28277244088329134,0.6431110387668013,0.7,0.0,0.0,4.500692844390869,35.98876953125,75.32000541687012
1764144563.664649,0.0,0.2975983296206161,0.2975983296206161,0.5731110387668013,0.6995399470499251,0.0,0.0,4.654633045196533,40.967586517333984,78.35698127746582
1764144563.750759,0.0,0.3131329749016616,0.3131329749016616,0.5031110387668012,0.7,0.0,0.0,4.712762832641602,31.739349365234375,75.6080150604248
1764144563.828443,0.0,0.3283793005038961,0.3283793005038961,0.5419474285468457,0.7,0.0,0.0,5.317816734313965,80.40007019042969,67.20352172851562
1764144563.91096,0.0,0.3422769081933708,0.3422769081933708,0.5758173060044645,0.7,0.0,0.0,6.198067665100098,59.3994255065918,72.24631309509277
1764144563.9851105,0.0,0.35723362342571624,0.35723362342571624,0.5546278063580392,0.7,0.0,0.0,5.406219005584717,31.311431884765625,63.84015083312988
1764144564.0612984,0.0,0.37081576465792876,0.37081576465792876,0.5139952045306562,0.6437732100486755,0.0,0.0,7.463296890258789,48.0894889831543,65.89412689208984
1764144564.1433473,0.0,-0.0010151782607783913,-0.0010151782607783913,0.5839952045306562,0.5737732100486754,0.0,0.0,1.4017144441604614,84.54766845703125,71.68793678283691
1764144564.2547877,0.0,-0.011454530943911672,-0.011454530943911672,0.6197459400817751,0.5170514780282973,0.0,0.0,1.9608125686645508,49.54405212402344,100.86226463317871
1764144564.3461246,0.0,-0.025290368719071355,-0.025290368719071355,0.631914883032441,0.4538118290901183,0.0,0.0,0.5575025677680969,20.1796875,80.73282241821289
1764144564.4232273,0.0,-0.03632643499362994,-0.03632643499362994,0.6330466493917628,0.4608748663403093,0.0,0.0,0.395160973072052,11.320837020874023,66.78295135498047
1764144564.5045953,0.0,-0.04548517629717781,-0.04548517629717781,0.6815095059527083,0.5308748663403093,0.0,0.0,0.8131228685379028,12.49216365814209,70.72138786315918
1764144564.588935,0.0,-0.054942718874102035,-0.054942718874102035,0.6254412867082282,0.5675562986172735,0.0,0.0,0.3779957592487335,8.080816268920898,73.62079620361328
1764144564.684837,0.0,-0.06452239712983406,-0.06452239712983406,0.6325798174319788,0.6309798353351652,0.0,0.0,0.5602220296859741,6.031039714813232,85.2060317993164
1764144564.7617116,0.0,-0.07513813849688104,-0.07513813849688104,0.6561886509833856,0.6704829775728285,0.0,0.0,1.0116639137268066,9.435469627380371,66.4377212524414
1764144564.8421159,0.0,-0.08347722165147402,-0.08347722165147402,0.6547408472932874,0.6754027123562991,0.0,0.0,0.975810706615448,14.864789962768555,69.76890563964844
1764144564.9183993,0.0,-0.09199444649898852,-0.09199444649898852,0.6756125014461576,0.6786044782958924,0.0,0.0,1.0020251274108887,21.687101364135742,65.96255302429199
1764144565.041813,0.0,-0.09992634686265905,-0.09992634686265905,0.6512122560478746,0.639570081885904,0.0,0.0,1.590301513671875,10.426916122436523,112.88666725158691
1764144565.1310942,0.0,-0.1123897346737433,-0.1123897346737433,0.699644218776375,0.6568161866627633,0.0,0.0,1.2410454750061035,12.363908767700195,78.68194580078125
1764144565.2108955,0.0,-0.12112694456401031,-0.12112694456401031,0.7,0.667016511131078,0.0,0.0,1.1356538534164429,9.750785827636719,69.19312477111816
1764144565.3060849,0.0,-0.1287476589528035,-0.1287476589528035,0.6974491379689425,0.6325321023352444,0.0,0.0,1.9433618783950806,14.27828598022461,84.53655242919922
1764144565.4229376,0.0,-0.13759242368932112,-0.13759242368932112,0.7,0.5876113300211727,0.0,0.0,2.454897880554199,9.460566520690918,106.40931129455566
1764144565.4962068,0.0,-0.14811150275042176,-0.14811150275042176,0.7,0.5862689832458272,0.0,0.0,2.40974497795105,17.42905044555664,62.81161308288574
1764144565.572484,0.0,-0.1545160150365408,-0.1545160150365408,0.6882905958220362,0.5162689832458272,0.0,0.0,2.813554525375366,13.71019172668457,65.84858894348145
1764144565.6479363,0.0,-0.16101827520014483,-0.16101827520014483,0.7,0.5070937925437464,0.0,0.0,2.301891565322876,14.323734283447266,65.10210037231445
1764144565.7421534,0.0,-0.1673042024088494,-0.1673042024088494,0.6970252860803157,0.5010830697091295,0.0,0.0,2.4689998626708984,11.593084335327148,83.76932144165039
1764144565.8207927,0.0,-0.17494391164277343,-0.17494391164277343,0.7,0.49798185983207066,0.0,0.0,3.3849942684173584,16.071744918823242,68.09806823730469
1764144565.9190228,0.0,-0.18111557829668695,-0.18111557829668695,0.6773918241262435,0.5106125553091987,0.0,0.0,2.7042250633239746,10.923440933227539,87.79096603393555
1764144566.0123472,0.0,-0.18862219055981436,-0.18862219055981436,0.6980062022805213,0.46060349838342507,0.0,0.0,3.1236565113067627,17.222394943237305,82.59320259094238
1764144566.0861683,0.0,-0.19548465829775852,-0.19548465829775852,0.6850886287167668,0.48011084692087014,0.0,0.0,4.00852108001709,11.197219848632812,63.326120376586914
1764144566.1643422,0.0,-0.20076710000257691,-0.20076710000257691,0.6722789293155074,0.45946298213209946,0.0,0.0,4.50311279296875,18.965911865234375,67.58928298950195
1764144566.2562335,0.0,-0.20619281465088654,-0.20619281465088654,0.647614180855453,0.41203162492718537,0.0,0.0,3.9148685932159424,18.374855041503906,81.56275749206543
1764144566.3340116,0.0,-0.21239260664734708,-0.21239260664734708,0.6742944305762648,0.37089436174836,0.0,0.0,4.234509468078613,10.050519943237305,67.12722778320312
1764144566.408782,0.0,-0.21744260182105668,-0.21744260182105668,0.6519292181357741,0.43826907546725113,0.0,0.0,4.212996482849121,12.528631210327148,64.47887420654297
1764144566.5179222,0.0,-0.22217038517245843,-0.22217038517245843,0.6474748941138386,0.43942284513730545,0.0,0.0,5.412613391876221,37.998695373535156,98.62327575683594
1764144566.6105494,0.0,-0.22881324606569844,-0.22881324606569844,0.6408961925655603,0.3708516501309349,0.0,0.0,4.4678826332092285,16.232330322265625,82.06915855407715
1764144566.6819453,0.0,-0.23420737790956173,-0.23420737790956173,0.6367618961259722,0.3408427417697384,0.0,0.0,4.0005340576171875,45.966087341308594,61.07950210571289
1764144566.7640107,0.0,-0.23823007267750723,-0.23823007267750723,0.6984051613137126,0.2708427417697384,0.0,0.0,4.241580486297607,21.070003509521484,71.54083251953125
1764144566.846838,0.0,-0.2426943289627411,-0.2426943289627411,0.7,0.3325555432261898,0.0,0.0,3.542276620864868,12.86701774597168,72.19052314758301
1764144566.920144,0.0,-0.2470186668223636,-0.2470186668223636,0.684045336022973,0.3774245898844673,0.0,0.0,3.7371625900268555,17.46331024169922,62.99161911010742
1764144566.99832,0.0,-0.25071992007432947,-0.25071992007432947,0.6808163593988865,0.38667634554672975,0.0,0.0,4.307472229003906,23.722028732299805,67.65198707580566
1764144567.09541,0.0,-0.25451474924896417,-0.25451474924896417,0.6926727216225117,0.39796587504912156,0.0,0.0,4.515487194061279,25.258703231811523,86.78436279296875
1764144567.1874502,0.0,-0.25903938006272825,-0.25903938006272825,0.7,0.35622008570004243,0.0,0.0,4.844269752502441,34.12245178222656,81.37655258178711
1764144567.2822955,0.0,-0.2631049876992416,-0.2631049876992416,0.7,0.32702872582245607,0.0,0.0,5.308294296264648,34.65065002441406,84.36989784240723
1764144567.3741906,0.0,-0.26709550811692895,-0.26709550811692895,0.6452929012477397,0.292026460696943,0.0,0.0,5.278326988220215,35.93016815185547,81.20083808898926
1764144567.454105,0.0,-0.2707539951029287,-0.2707539951029287,0.6850587844848632,0.276431516339071,0.0,0.0,5.087957382202148,28.194042205810547,69.52857971191406
1764144567.5292587,0.0,-0.2737798576158998,-0.2737798576158998,0.6880917475093156,0.2554399450914933,0.0,0.0,4.896711826324463,19.281240463256836,64.7728443145752
1764144567.617313,0.0,-0.2764929658911482,-0.2764929658911482,0.7,0.2692633844586088,0.0,0.0,5.311478137969971,12.724790573120117,77.62837409973145
1764144567.6899846,0.0,-0.27950612509820766,-0.27950612509820766,0.7,0.2554877619864418,0.0,0.0,5.037117004394531,17.63589096069336,62.36672401428223
1764144567.7691464,0.0,-0.28186606824955995,-0.28186606824955995,0.6314770102500915,0.26493384555447835,0.0,0.0,5.372900009155273,24.75855827331543,68.65501403808594
1764144567.860652,0.0,-0.2842963765200897,-0.2842963765200897,0.608399211242795,0.25928217597771425,0.0,0.0,6.270082950592041,28.73565101623535,81.14433288574219
1764144567.9353912,0.0,-0.28693391437884236,-0.28693391437884236,0.6648390170186758,0.2590532246272777,0.0,0.0,4.791504383087158,34.55466842651367,64.40401077270508
1764144568.0186772,0.0,-0.2889540585308739,-0.2889540585308739,0.7,0.2785810361843322,0.0,0.0,4.82821798324585,30.097373962402344,72.86548614501953
1764144568.0951188,0.0,-0.2910609014003463,-0.2910609014003463,0.6982530986890196,0.2680249092396115,0.0,0.0,5.2352213859558105,24.42371368408203,65.94252586364746
1764144568.1740994,0.0,-0.2928608123600495,-0.2928608123600495,0.6717323305085301,0.2945356023724888,0.0,0.0,5.582655429840088,34.057342529296875,68.6037540435791
1764144568.255923,0.0,-0.2945918417230569,-0.2945918417230569,0.7,0.31513740208407387,0.0,0.0,6.715407371520996,26.00946807861328,71.29240036010742
1764144568.3310535,0.0,-0.29624233541005857,-0.29624233541005857,0.7,0.24513740208407386,0.0,0.0,5.428096294403076,45.15608215332031,64.75138664245605
1764144568.403673,0.0,-0.29763379757110736,-0.29763379757110736,0.7,0.17513740208407386,0.0,0.0,5.200018405914307,21.672569274902344,62.31832504272461
1764144568.4813244,0.0,-0.29886986508748,-0.29886986508748,0.7,0.2272334895696257,0.0,0.0,5.620980739593506,20.25077247619629,67.1548843383789
1764144568.5631347,0.0,-0.30006764559046545,-0.30006764559046545,0.6474581256508827,0.2972334895696257,0.0,0.0,5.020157814025879,22.577665328979492,71.46692276000977
1764144568.6598747,0.0,-0.30119827700295315,-0.30119827700295315,0.6813518337905407,0.27652459148725017,0.0,0.0,4.982877731323242,43.57888412475586,86.20762825012207
1764144568.7581933,0.0,-0.3023583433386873,-0.3023583433386873,0.6747818238101899,0.3167473853047703,0.0,0.0,6.350403785705566,53.003868103027344,87.85223960876465
1764144568.8492992,0.0,-0.3033455232328865,-0.3033455232328865,0.6649635185487568,0.26304479990561946,0.0,0.0,7.53652286529541,60.199100494384766,80.52754402160645
1764144568.9235842,0.0,-0.3040880445090655,-0.3040880445090655,0.7,0.23120142449100956,0.0,0.0,6.448843955993652,78.81907653808594,63.657522201538086
1764144569.0195491,0.0,-0.3045724816628206,-0.3045724816628206,0.7,0.2783071577962254,0.0,0.0,6.3387908935546875,29.451313018798828,85.51788330078125
1764144569.1249652,0.0,-0.30503994043429616,-0.30503994043429616,0.6489301592111587,0.3080427918996428,0.0,0.0,5.1359758377075195,47.196067810058594,94.93303298950195
1764144569.2042716,0.0,-0.30534937296036657,-0.30534937296036657,0.685752984881401,0.2681906644668196,0.0,0.0,5.3385725021362305,26.35834503173828,68.67456436157227
1764144569.2908826,0.0,-0.3054427087105777,-0.3054427087105777,0.7,0.25930778053065284,0.0,0.0,5.697981834411621,24.00838851928711,76.09200477600098
1764144569.3653188,0.0,-0.3054098122006778,-0.3054098122006778,0.7,0.28151904162426933,0.0,0.0,5.3284149169921875,34.50179672241211,63.935041427612305
1764144569.4483151,0.0,-0.30527009125876364,-0.30527009125876364,0.7,0.29326865286042436,0.0,0.0,5.0314860343933105,41.39461898803711,72.5557804107666
1764144569.5410898,0.0,-0.30499411855415215,-0.30499411855415215,0.639608097076416,0.30972222075273736,0.0,0.0,5.782850742340088,58.34347915649414,82.38101005554199
1764144569.6343298,0.0,-0.3045361016878256,-0.3045361016878256,0.7,0.2838793809007619,0.0,0.0,6.339285373687744,73.868408203125,82.66305923461914
1764144569.7137892,0.0,-0.303920351864241,-0.303920351864241,0.7,0.2566079015325521,0.0,0.0,5.750300407409668,19.028553009033203,68.85051727294922
1764144569.792744,0.0,-0.3032745501363133,-0.3032745501363133,0.6691942296922206,0.3011204565357183,0.0,0.0,6.569255828857422,27.245725631713867,68.50337982177734
1764144569.866094,0.0,-0.30252203488621016,-0.30252203488621016,0.6103589802980423,0.23112045653571828,0.0,0.0,5.400206089019775,39.704490661621094,63.004255294799805
1764144569.9452453,0.0,-0.30172464677925087,-0.30172464677925087,0.6746858328580856,0.280436859060428,0.0,0.0,6.383214473724365,42.32238006591797,68.6192512512207
1764144570.0198305,0.0,-0.30076255086937637,-0.30076255086937637,0.6174422733485698,0.2359632184397195,0.0,0.0,4.729470252990723,39.19414520263672,64.24999237060547
1764144570.0939038,0.0,-0.2997553454123122,-0.2997553454123122,0.6578449949622154,0.2738595125864957,0.0,0.0,4.365453243255615,25.234851837158203,63.58504295349121
1764144570.1887627,0.0,-0.2986650956649957,-0.2986650956649957,0.6510147171095013,0.25410836801340325,0.0,0.0,5.482114791870117,36.07746124267578,84.53965187072754
1764144570.282793,0.0,-0.2971322597306302,-0.2971322597306302,0.6199096383526921,0.2450378393422578,0.0,0.0,5.282642364501953,29.350597381591797,83.54568481445312
1764144570.355027,0.0,-0.29546877408439964,-0.29546877408439964,0.5770995372906327,0.20246395521273358,0.0,0.0,4.773126125335693,30.69318199157715,61.91277503967285
1764144570.432888,0.0,-0.2940913345026853,-0.2940913345026853,0.6290253380313515,0.19787329581042273,0.0,0.0,4.948988437652588,34.11060333251953,67.42596626281738
1764144570.5332327,0.0,-0.2925138590611945,-0.2925138590611945,0.6582866532728076,0.2402623198594664,0.0,0.0,4.4087677001953125,18.053672790527344,89.99252319335938
1764144570.6126773,0.0,-0.29033727488972116,-0.29033727488972116,0.7,0.22223532531817897,0.0,0.0,4.117624282836914,17.92184066772461,69.00739669799805
1764144570.7041829,0.0,-0.2885050337622315,-0.2885050337622315,0.6690443612635135,0.16692253161629184,0.0,0.0,3.2792017459869385,25.67401885986328,81.12287521362305
1764144570.8061206,0.0,-0.28626518216040625,-0.28626518216040625,0.7,0.13981218036671622,0.0,0.0,4.606657028198242,26.634767532348633,91.2482738494873
1764144570.8837433,0.0,-0.28363054300598023,-0.28363054300598023,0.7,0.20981218036671623,0.0,0.0,2.707559585571289,24.511953353881836,67.18039512634277
1764144570.995318,0.0,-0.2815143185070447,-0.2815143185070447,0.6544425681233406,0.27981218036671623,0.0,0.0,2.8332741260528564,25.125625610351562,100.94523429870605
1764144571.079558,0.0,-0.2783179725291513,-0.2783179725291513,0.7,0.3117397585179423,0.0,0.0,2.879532814025879,26.806163787841797,73.58288764953613
1764144571.161861,0.0,-0.2757916727222532,-0.2757916727222532,0.7,0.3036271221231435,0.0,0.0,3.184971809387207,36.09910583496094,71.96569442749023
1764144571.2408078,0.0,-0.27321862438265127,-0.27321862438265127,0.7,0.2812188155244802,0.0,0.0,3.4979350566864014,37.83037567138672,68.59993934631348
1764144571.3398364,0.0,-0.2706558498860828,-0.2706558498860828,0.6927534996531903,0.24360233165731177,0.0,0.0,2.811955213546753,31.14556884765625,88.41848373413086
1764144571.4407804,0.0,-0.2673270573980319,-0.2673270573980319,0.7,0.28970398374309286,0.0,0.0,4.76288366317749,32.98448181152344,90.51346778869629
1764144571.5133417,0.0,-0.26379231841121137,-0.26379231841121137,0.7,0.23337405167927489,0.0,0.0,2.0396459102630615,36.67475128173828,62.150001525878906
1764144571.6049905,0.0,-0.261162689495437,-0.261162689495437,0.7,0.24112910258059844,0.0,0.0,2.2424731254577637,13.597660064697266,81.10523223876953
1764144571.6925814,0.0,-0.2577437145672356,-0.2577437145672356,0.7,0.25519691260938987,0.0,0.0,4.20452356338501,35.839942932128906,77.0254135131836
1764144571.7677453,0.0,-0.2543794710667863,-0.2543794710667863,0.7,0.3128583751845871,0.0,0.0,2.8168513774871826,19.775074005126953,64.83578681945801
1764144571.8415308,0.0,-0.2514102155617643,-0.2514102155617643,0.6299999999999999,0.24285837518458708,0.0,0.0,2.82645583152771,25.380516052246094,63.51304054260254
1764144571.9145668,0.0,-0.24842343517343896,-0.24842343517343896,0.6068584463745355,0.2792827140021835,0.0,0.0,2.610067129135132,31.703781127929688,62.72149085998535
1764144572.0164568,0.0,-0.24539860414327483,-0.24539860414327483,0.6053781586186959,0.24626337247376784,0.0,0.0,4.0448126792907715,54.823219299316406,91.4912223815918
1764144572.111701,0.0,-0.2410682409348282,-0.2410682409348282,0.675378158618696,0.31626337247376785,0.0,0.0,2.8571724891662598,32.39820098876953,84.67268943786621
1764144572.1985283,0.0,-0.2369114516510775,-0.2369114516510775,0.6566989309387281,0.3577588595676933,0.0,0.0,3.439124822616577,42.94437789916992,76.47442817687988
1764144572.29901,0.0,-0.233014130573196,-0.233014130573196,0.6319769471185281,0.3423049761209403,0.0,0.0,3.7602946758270264,61.30852508544922,89.81561660766602
1764144572.3760855,0.0,-0.228411263417834,-0.228411263417834,0.6479453797684982,0.2852896092686568,0.0,0.0,2.699516773223877,41.24932861328125,66.52688980102539
1764144572.449386,0.0,-0.2248007394150548,-0.2248007394150548,0.6616730335401371,0.2529989531490718,0.0,0.0,3.3476250171661377,43.605369567871094,62.8511905670166
1764144572.5256777,0.0,-0.22130102796525405,-0.22130102796525405,0.7,0.18299895314907177,0.0,0.0,1.9219772815704346,49.670650482177734,65.71078300476074
1764144572.605928,0.0,-0.21759561698329338,-0.21759561698329338,0.6299999999999999,0.17041111620550498,0.0,0.0,4.098931312561035,30.093250274658203,69.74267959594727
1764144572.67879,0.0,-0.21362882129582972,-0.21362882129582972,0.5716258186101912,0.21010079490428313,0.0,0.0,1.8545657396316528,28.570655822753906,62.346458435058594
1764144572.7545927,0.0,-0.20997405450432347,-0.20997405450432347,0.5509692552685737,0.22119177202170237,0.0,0.0,1.5984092950820923,24.242456436157227,65.51933288574219
1764144572.83449,0.0,-0.20610408801531288,-0.20610408801531288,0.6134236204624175,0.26715802843158587,0.0,0.0,3.127814292907715,26.785839080810547,69.55409049987793
1764144572.9080062,0.0,-0.2019617175531334,-0.2019617175531334,0.6175037167221307,0.2814220923412357,0.0,0.0,1.1675469875335693,50.87165069580078,63.147544860839844
1764144573.0068505,0.0,-0.19808944944033596,-0.19808944944033596,0.5475037167221306,0.3241327654052292,0.0,0.0,3.7732505798339844,35.467002868652344,88.39893341064453
1764144573.098995,0.0,-0.1927938742674069,-0.1927938742674069,0.5230829840898512,0.38602224247937544,0.0,0.0,3.0041656494140625,55.55192947387695,81.47358894348145
1764144573.1746817,0.0,-0.18778496124511138,-0.18778496124511138,0.5508294212073086,0.45602224247937545,0.0,0.0,3.5198309421539307,112.6976318359375,65.14406204223633
1764144573.2461097,0.0,-0.1836079910815044,-0.1836079910815044,0.6208294212073087,0.40001300948148116,0.0,0.0,4.623982906341553,147.1111297607422,61.096906661987305
1764144573.3188024,0.0,-0.17961368531594846,-0.17961368531594846,0.5646778783947228,0.33001300948148116,0.0,0.0,2.513664722442627,67.59500122070312,62.3629093170166
1764144573.3945787,0.0,-0.17549558245255847,-0.17549558245255847,0.5952181472629308,0.35666930372302874,0.0,0.0,2.650139808654785,41.96197509765625,65.30928611755371
1764144573.473547,0.0,-0.17115272311741137,-0.17115272311741137,0.6652181472629308,0.28666930372302873,0.0,0.0,2.505415201187134,115.6766586303711,68.4964656829834
1764144573.5517642,0.0,-0.16657609745897492,-0.16657609745897492,0.6512915909290313,0.31413081201200826,0.0,0.0,1.8143998384475708,19.3856258392334,67.7802562713623
1764144573.6279147,0.0,-0.16198753037429772,-0.16198753037429772,0.7,0.24413081201200826,0.0,0.0,1.6438249349594116,42.83510971069336,65.59348106384277
1764144573.701954,0.0,-0.1574786813137406,-0.1574786813137406,0.7,0.2741336593258892,0.0,0.0,2.0399956703186035,26.04521942138672,63.72952461242676
1764144573.7791133,0.0,-0.15304037313829943,-0.15304037313829943,0.6299999999999999,0.3441336593258892,0.0,0.0,2.519205093383789,22.83965301513672,66.80679321289062
1764144573.8540852,0.0,-0.14836909675251633,-0.14836909675251633,0.7,0.4141336593258892,0.0,0.0,1.0688446760177612,21.609256744384766,64.66794013977051
1764144573.9279726,0.0,-0.14377941267926533,-0.14377941267926533,0.7,0.472735333018354,0.0,0.0,0.7267763614654541,25.554033279418945,63.40789794921875
1764144574.0139425,0.0,-0.13921816832799755,-0.13921816832799755,0.7,0.402735333018354,0.0,0.0,2.040715456008911,43.73994064331055,75.49118995666504
1764144574.1159732,0.0,-0.1338568903209212,-0.1338568903209212,0.6799797814339399,0.40955122193729027,0.0,0.0,1.1267085075378418,27.466205596923828,91.53175354003906
1764144574.190781,0.0,-0.12742883051596166,-0.12742883051596166,0.6486910235136747,0.4497463629249249,0.0,0.0,1.8354583978652954,46.89330291748047,64.49580192565918
1764144574.289781,0.0,-0.1226482315985628,-0.1226482315985628,0.6310501180589199,0.44180981820856674,0.0,0.0,1.2778711318969727,39.24183654785156,88.31095695495605
1764144574.3702202,0.0,-0.11628289185965623,-0.11628289185965623,0.6145761579275131,0.40113199135696037,0.0,0.0,1.8020291328430176,37.489166259765625,69.76675987243652
1764144574.4458654,0.0,-0.11107719849276379,-0.11107719849276379,0.5782742507755756,0.3562674485746537,0.0,0.0,2.509770154953003,44.68316650390625,65.33312797546387
1764144574.5217366,0.0,-0.10613049813839173,-0.10613049813839173,0.5392169810831546,0.40172376489674194,0.0,0.0,1.190749168395996,36.027626037597656,65.58561325073242
1764144574.5996604,0.0,-0.10112187347470618,-0.10112187347470618,0.5467282992787659,0.4118315382528816,0.0,0.0,2.4730353355407715,58.254425048828125,67.48294830322266
1764144574.689967,0.0,-0.09595058023293242,-0.09595058023293242,0.5419588389806449,0.3418315382528816,0.0,0.0,1.4389963150024414,48.34675979614258,79.82921600341797
1764144574.7738454,0.0,-0.08991201442971136,-0.08991201442971136,0.611958838980645,0.3464280542772029,0.0,0.0,0.9176509380340576,70.86929321289062,73.53663444519043
1764144574.8735797,0.0,-0.08425507585446611,-0.08425507585446611,0.6038865307159722,0.4164280542772029,0.0,0.0,0.4095079004764557,22.50909423828125,89.29228782653809
1764144574.95632,0.0,-0.07747600192677902,-0.07747600192677902,0.5338865307159721,0.42607101757486804,0.0,0.0,0.7478007674217224,43.510581970214844,72.18718528747559
1764144575.035842,0.0,-0.07181981787733342,-0.07181981787733342,0.6038865307159722,0.4228192247118567,0.0,0.0,0.46760326623916626,105.80564880371094,69.06533241271973
1764144575.1479318,0.0,-0.06634953006714227,-0.06634953006714227,0.6326188882626593,0.447399908271036,0.0,0.0,0.5690320134162903,28.61802864074707,101.76968574523926
1764144575.224967,0.0,-0.05857680146399997,-0.05857680146399997,0.6375612956285477,0.4507395227573578,0.0,0.0,0.5635159611701965,40.12602615356445,66.65968894958496
1764144575.2973309,0.0,-0.0532036345080613,-0.0532036345080613,0.6347646985482425,0.44634077773836894,0.0,0.0,0.6829326748847961,65.65473937988281,62.05558776855469
1764144575.3744714,0.0,-0.048125634916271635,-0.048125634916271635,0.6665793780516833,0.45305638370511575,0.0,0.0,0.5069698095321655,68.59883117675781,66.6356086730957
1764144575.4472136,0.0,-0.04269125194549188,-0.04269125194549188,0.6787996741291136,0.4026662184059386,0.0,0.0,0.6184921264648438,49.129493713378906,62.302589416503906
1764144575.5205321,0.0,-0.0375453471721304,-0.0375453471721304,0.7,0.40140674490423395,0.0,0.0,0.5866410732269287,24.14665985107422,62.89172172546387
1764144575.5972018,0.0,-0.03233486153745708,-0.03233486153745708,0.6322274252772331,0.38290723640413477,0.0,0.0,0.7855381965637207,25.47566032409668,66.27678871154785
1764144575.6722305,0.0,-0.02685840649499127,-0.02685840649499127,0.601380630210042,0.3966518681863089,0.0,0.0,0.5944954752922058,22.017854690551758,64.55492973327637
1764144575.7483506,0.0,-0.02148879170717591,-0.02148879170717591,0.6207056779414415,0.4387159537890692,0.0,0.0,0.7145935893058777,23.73046875,65.67597389221191
1764144575.8214798,0.0,-0.016020796729142955,-0.016020796729142955,0.6907056779414416,0.5087159537890692,0.0,0.0,0.6372288465499878,24.87738037109375,62.8201961517334
1764144575.919393,0.0,-0.010741260981017419,-0.010741260981017419,0.686726594325155,0.5504660309472819,0.0,0.0,0.3947296440601349,30.638629913330078,87.50104904174805
1764144576.020392,0.0,-0.0036435088601793134,-0.0036435088601793134,0.6999911572597921,0.5572726709017296,0.0,0.0,0.3134990930557251,34.31126022338867,90.40117263793945
1764144576.095906,0.0,0.0036995632766136047,0.0036995632766136047,0.7,0.5813284871348877,0.0,0.0,1.1318458318710327,21.041248321533203,64.8641586303711
1764144576.172228,0.0,0.009199765904258146,0.009199765904258146,0.7,0.5621266869077225,0.0,0.0,0.37592175602912903,35.05930709838867,65.96779823303223
1764144576.2674387,0.0,0.014788393222665987,0.014788393222665987,0.6367255792021751,0.5436823276052017,0.0,0.0,1.1411128044128418,41.943031311035156,84.6858024597168
1764144576.3482542,0.0,0.02177977691470384,0.02177977691470384,0.7,0.5778423194953938,0.0,0.0,1.3941844701766968,44.892784118652344,70.15371322631836
1764144576.4234836,0.0,0.027704276180441682,0.027704276180441682,0.6868874875828623,0.5487493985512991,0.0,0.0,0.6137552261352539,43.91127014160156,64.93425369262695
1764144576.4994724,0.0,0.03325120952773618,0.03325120952773618,0.7,0.5647677575418492,0.0,0.0,1.1863473653793335,27.969751358032227,65.63615798950195
1764144576.5736802,0.0,0.03886422375463969,0.03886422375463969,0.6726885985583066,0.5265071039268513,0.0,0.0,1.057655692100525,24.178552627563477,63.694000244140625
1764144576.6496947,0.0,0.04435111036780906,0.04435111036780906,0.692211278527975,0.47199607837887003,0.0,0.0,1.9015517234802246,30.703052520751953,65.4916763305664
1764144576.7298467,0.0,0.049973746514126616,0.049973746514126616,0.6641988240182399,0.5244704690942307,0.0,0.0,2.1361606121063232,24.26392936706543,69.70405578613281
1764144576.8077178,0.0,0.05592531731366544,0.05592531731366544,0.6078241810202598,0.5944704690942306,0.0,0.0,0.9514343738555908,26.988624572753906,67.33918190002441
1764144576.8852599,0.0,0.06169993210501422,0.06169993210501422,0.6778241810202599,0.5502774769434471,0.0,0.0,1.3412084579467773,50.84636688232422,67.0158863067627
1764144576.9894571,0.0,0.06745609866421104,0.06745609866421104,0.6946545005589724,0.5624398494133491,0.0,0.0,1.1058754920959473,35.39263916015625,93.72806549072266
1764144577.0817204,0.0,0.0752037966018758,0.0752037966018758,0.6434430875629187,0.5923731716343899,0.0,0.0,1.444667100906372,22.588876724243164,81.84266090393066
1764144577.1781366,0.0,0.08206991284275701,0.08206991284275701,0.5964100532978773,0.5673831326881189,0.0,0.0,0.9544956088066101,29.08137321472168,85.77322959899902
1764144577.258879,0.0,0.08923860952696538,0.08923860952696538,0.6228549075126648,0.5624178208404917,0.0,0.0,1.2819751501083374,40.34223175048828,70.21379470825195
1764144577.336567,0.0,0.095246018146172,0.095246018146172,0.6005564168840647,0.58112962990941,0.0,0.0,1.0490742921829224,22.768014907836914,67.14677810668945
1764144577.4099576,0.0,0.10102119286773222,0.10102119286773222,0.5305564168840646,0.5111296299094099,0.0,0.0,1.251159906387329,27.598243713378906,62.933921813964844
1764144577.4840105,0.0,0.10647110989857392,0.10647110989857392,0.5381316885352134,0.4876142992818493,0.0,0.0,0.867729902267456,80.33528137207031,63.727617263793945
1764144577.5622785,0.0,0.11197997320852371,0.11197997320852371,0.5354387069121003,0.5019557858997721,0.0,0.0,1.5075151920318604,74.8223876953125,67.76571273803711
1764144577.637182,0.0,0.11778445061574606,0.11778445061574606,0.5000682303681969,0.5073398199112851,0.0,0.0,1.3773208856582642,53.35324478149414,64.56160545349121
1764144577.7109113,0.0,0.12333935403102483,0.12333935403102483,0.4624456854537129,0.5744779180915791,0.0,0.0,0.7551926374435425,81.317138671875,63.417673110961914
1764144577.7857847,0.0,0.1288062928357443,0.1288062928357443,0.5221872234717011,0.6444779180915792,0.0,0.0,0.6194047331809998,82.72676086425781,64.45550918579102
1764144577.863317,0.0,0.13434559585668118,0.13434559585668118,0.5921872234717012,0.7,0.0,0.0,1.1842902898788452,107.39331817626953,67.16108322143555
1764144577.939267,0.0,0.14007130453380753,0.14007130453380753,0.6468661664798856,0.7,0.0,0.0,1.2268410921096802,43.84123992919922,65.5832290649414
1764144578.0123487,0.0,0.14567265786530068,0.14567265786530068,0.6118565997853875,0.6526204690337181,0.0,0.0,1.5934263467788696,44.33061218261719,62.732696533203125
1764144578.087371,0.0,0.15105697231277362,0.15105697231277362,0.6359774707630277,0.634420146048069,0.0,0.0,1.647985816001892,26.09307098388672,64.52775001525879
1764144578.1738021,0.0,0.15657077397729105,0.15657077397729105,0.6423305710591376,0.6166644513607025,0.0,0.0,3.237788438796997,25.308671951293945,75.90627670288086
1764144578.257102,0.0,0.1629021336948643,0.1629021336948643,0.6137566631473601,0.6384929109364748,0.0,0.0,2.245944023132324,39.43999481201172,72.89719581604004
1764144578.3447292,0.0,0.1689858092091274,0.1689858092091274,0.6837566631473602,0.5684929109364747,0.0,0.0,1.8754280805587769,31.293455123901367,77.29721069335938
1764144578.4280312,0.0,0.17539795911735362,0.17539795911735362,0.6403520206548274,0.6306318222731351,0.0,0.0,3.5835800170898438,24.435800552368164,72.4647045135498
1764144578.5002098,0.0,0.18142503049584044,0.18142503049584044,0.6236397686041892,0.676324262395501,0.0,0.0,2.680342435836792,16.411453247070312,61.785221099853516
1764144578.6003385,0.0,0.18665101232515469,0.18665101232515469,0.6936397686041893,0.7,0.0,0.0,3.489274501800537,19.64815330505371,89.68400955200195
1764144578.6931708,0.0,0.19388477818340946,0.19388477818340946,0.7,0.6950183457694947,0.0,0.0,3.7792670726776123,20.045398712158203,82.07035064697266
1764144578.7680297,0.0,0.20053965828993314,0.20053965828993314,0.6299999999999999,0.6768308675847947,0.0,0.0,2.8047642707824707,17.42428207397461,64.35656547546387
1764144578.8423328,0.0,0.20588998991293792,0.20588998991293792,0.5735669928789138,0.7,0.0,0.0,3.309448719024658,23.42314338684082,63.8577938079834
1764144578.923358,0.0,0.21118360680818848,0.21118360680818848,0.5431327737122773,0.7,0.0,0.0,2.50828218460083,25.03000831604004,70.56164741516113
1764144579.006179,0.0,0.21692401687539842,0.21692401687539842,0.4731327737122773,0.7,0.0,0.0,2.5351269245147705,26.772497177124023,72.479248046875
1764144579.0831394,0.0,0.22276607903353543,0.22276607903353543,0.41444493778049935,0.6299999999999999,0.0,0.0,1.8918876647949219,49.378623962402344,66.63990020751953
1764144579.1551871,0.0,0.22817103050312856,0.22817103050312856,0.42107085552066553,0.67608691111207,0.0,0.0,2.6775529384613037,88.19316864013672,61.698198318481445
1764144579.2473965,0.0,0.23320604662196118,0.23320604662196118,0.49107085552066554,0.7,0.0,0.0,2.7086002826690674,72.62872314453125,81.81929588317871
1764144579.3324726,0.0,0.23962395211165224,0.23962395211165224,0.47334579575806845,0.7,0.0,0.0,3.9884791374206543,36.071632385253906,74.49650764465332
1764144579.4090402,0.0,0.2454877719859089,0.2454877719859089,0.4069551994279026,0.7,0.0,0.0,3.052140474319458,72.53582763671875,66.24341011047363
1764144579.4836652,0.0,0.2507586989864714,0.2507586989864714,0.3669119683280586,0.6299999999999999,0.0,0.0,4.5741987228393555,115.52364349365234,64.03040885925293
1764144579.5682325,0.0,0.2558461766137222,0.2558461766137222,0.4160566871240734,0.6243496687337755,0.0,0.0,4.077208995819092,91.50926208496094,74.00846481323242
1764144579.6454973,0.0,0.2615718286166449,0.2615718286166449,0.43092082265764464,0.6943496687337756,0.0,0.0,4.982635021209717,81.06009674072266,66.90001487731934
1764144579.719833,0.0,0.2667803554610725,0.2667803554610725,0.3745646049454807,0.7,0.0,0.0,5.535399913787842,101.43372344970703,63.84396553039551
1764144579.8261306,0.0,0.27176164704925054,0.27176164704925054,0.354913497455418,0.7,0.0,0.0,3.4358575344085693,85.49343872070312,95.60775756835938
1764144579.9253027,0.0,0.27880045794617814,0.27880045794617814,0.3599449797719716,0.7,0.0,0.0,6.035099983215332,205.6017303466797,88.83237838745117
1764144580.0069718,0.0,0.28532871317723313,0.28532871317723313,0.3378111171722411,0.7,0.0,0.0,6.691930294036865,122.29724884033203,71.0911750793457
1764144580.0997941,0.0,0.2906421020213969,0.2906421020213969,0.40257197350263585,0.6485659934580326,0.0,0.0,4.242119312286377,168.98741149902344,82.2901725769043
1764144580.1830523,0.0,0.2966325247334847,0.2966325247334847,0.4026754410614375,0.7,0.0,0.0,4.806647300720215,67.52397155761719,72.68548011779785
1764144580.2644482,0.0,0.30195377374341054,0.30195377374341054,0.3969762595978681,0.6518995396792888,0.0,0.0,4.179128170013428,80.44309997558594,70.97172737121582
1764144580.3478777,0.0,0.30711039786214456,0.30711039786214456,0.41389606806013024,0.6567323680967092,0.0,0.0,3.9096946716308594,88.16011047363281,72.88122177124023
1764144580.4266589,0.0,0.3123425841867029,0.3123425841867029,0.3562603770432178,0.6801142923533916,0.0,0.0,3.878809928894043,82.49778747558594,68.3298110961914
1764144580.5011742,0.0,0.31723370111509874,0.31723370111509874,0.3830371229586307,0.7,0.0,0.0,4.030160903930664,89.71685791015625,64.1636848449707
1764144580.5752294,0.0,0.3218170408255502,0.3218170408255502,0.3963530818608705,0.6913000976666808,0.0,0.0,4.151102542877197,122.7062759399414,63.704729080200195
1764144580.651044,0.0,0.326337069904612,0.326337069904612,0.33351529488834775,0.7,0.0,0.0,5.093513011932373,56.066959381103516,65.26803970336914
1764144580.723788,0.0,0.3309092923254885,0.3309092923254885,0.3372498802517656,0.6811079651117324,0.0,0.0,5.837057590484619,82.35374450683594,62.27731704711914
1764144580.7946537,0.0,0.33525352892409044,0.33525352892409044,0.2672498802517656,0.7,0.0,0.0,5.329613208770752,52.49089813232422,60.42671203613281
1764144580.8721495,0.0,0.33944465035093707,0.33944465035093707,0.2576222586308721,0.7,0.0,0.0,6.592473983764648,106.54407501220703,67.0778751373291
1764144580.9685352,0.0,0.34397429623701237,0.34397429623701237,0.20642575797188317,0.7,0.0,0.0,5.074981689453125,142.67250061035156,86.01498603820801
1764144581.054958,0.0,0.34955650426300117,0.34955650426300117,0.19959446358057892,0.7,0.0,0.0,5.043877124786377,140.06520080566406,75.66404342651367
1764144581.1246839,0.0,0.3544614941145503,0.3544614941145503,0.15129981877777016,0.6785528313368558,0.0,0.0,5.340163230895996,119.38255310058594,59.28850173950195
1764144581.1957202,0.0,0.35838193584689626,0.35838193584689626,0.13655263314518368,0.6367428887635469,0.0,0.0,10.82512092590332,176.11370849609375,60.495853424072266
1764144581.2705078,0.0,0.36232423721390544,0.36232423721390544,0.17661964649829304,0.6461267655715346,0.0,0.0,6.3344316482543945,184.49160766601562,64.29481506347656
1764144581.3513217,0.0,0.3664263689101398,0.3664263689101398,0.24368031824502384,0.6755929419770836,0.0,0.0,9.455667495727539,231.17491149902344,70.3425407409668
1764144581.4364283,0.0,0.37079574358787,0.37079574358787,0.24443055690295284,0.6510511765256524,0.0,0.0,10.430103302001953,85.48907470703125,74.5849609375
1764144581.511638,0.0,0.3753236526225233,0.3753236526225233,0.1963671594954211,0.7,0.0,0.0,9.488262176513672,105.4122314453125,64.90135192871094
1764144581.5878067,0.0,0.37927248918088835,0.37927248918088835,0.1263671594954211,0.7,0.0,0.0,10.280977249145508,143.14230346679688,65.8102035522461
1764144581.661094,0.0,0.383207833579744,0.383207833579744,0.07116499573952739,0.6299999999999999,0.0,0.0,6.616572856903076,194.24948120117188,62.857627868652344
1764144581.7343943,0.0,0.3869403798634706,0.3869403798634706,0.1411649957395274,0.5599999999999998,0.0,0.0,14.514120101928711,253.13270568847656,62.837839126586914
1764144581.8075342,0.0,0.39061181483658686,0.39061181483658686,0.07116499573952739,0.6299999999999999,0.0,0.0,6.3109283447265625,70.74449920654297,62.71243095397949
1764144581.8815045,0.0,0.39422093185763574,0.39422093185763574,0.06132048771745746,0.6179410201683639,0.0,0.0,7.328315734863281,258.97296142578125,63.52114677429199
1764144581.9547179,0.0,0.3978108993193312,0.3978108993193312,0.13132048771745747,0.687941020168364,0.0,0.0,5.4142985343933105,183.34539794921875,62.740325927734375
1764144582.0342777,0.0,0.40130132349708464,0.40130132349708464,0.20132048771745747,0.7,0.0,0.0,7.107687473297119,122.7238540649414,69.17667388916016
1764144582.1097202,0.0,0.40502883786490324,0.40502883786490324,0.13132048771745747,0.7,0.0,0.0,6.356006145477295,110.13218688964844,64.94450569152832
1764144582.1843898,0.0,0.4084924944565124,0.4084924944565124,0.10953866132564133,0.6299999999999999,0.0,0.0,5.690359592437744,184.1917724609375,64.29409980773926
1764144582.2794032,0.0,0.411858003474897,0.411858003474897,0.1058238167411763,0.5966732624173163,0.0,0.0,6.7085723876953125,129.68399047851562,84.6400260925293
1764144582.3748918,0.0,0.4160501688161135,0.4160501688161135,0.1758238167411763,0.6245016931742429,0.0,0.0,8.028826713562012,83.13630676269531,84.92732048034668
1764144582.4525533,0.0,0.4201437288479886,0.4201437288479886,0.1282227464861352,0.6841429128497838,0.0,0.0,7.987390995025635,98.81129455566406,67.25049018859863
1764144582.5381775,0.0,0.42339431645990755,0.42339431645990755,0.1982227464861352,0.7,0.0,0.0,9.631535530090332,94.34429931640625,75.12521743774414
1764144582.610871,0.0,0.42689350175165497,0.42689350175165497,0.18376170878327674,0.7,0.0,0.0,9.839593887329102,47.20131301879883,62.071800231933594
1764144582.6845267,0.0,0.4297850460511151,0.4297850460511151,0.12849559296882934,0.7,0.0,0.0,12.248170852661133,53.829246520996094,63.19403648376465
1764144582.7608385,0.0,0.43264846468039286,0.43264846468039286,0.13753795751399583,0.7,0.0,0.0,12.94969654083252,93.28008270263672,65.69218635559082
1764144582.833372,0.0,0.43553693877058364,0.43553693877058364,0.06753795751399583,0.6606593176722526,0.0,0.0,10.275829315185547,63.46895980834961,62.23630905151367
1764144582.908257,0.0,0.4382170321347322,0.4382170321347322,0.013635443235107125,0.6790018126368522,0.0,0.0,9.126641273498535,90.85542297363281,64.45121765136719
1764144583.002369,0.0,0.44090579706183297,0.44090579706183297,0.04591663711733407,0.6090018126368522,0.0,0.0,10.895511627197266,134.792236328125,83.81080627441406
1764144583.074438,0.0,0.4441817331080028,0.4441817331080028,0.011675173128314675,0.6448917473852633,0.0,0.0,10.113226890563965,96.14425659179688,61.54060363769531
1764144583.1499815,0.0,0.4466074732697245,0.4466074732697245,0.0,0.6995896223187446,0.0,0.0,9.509905815124512,121.22996520996094,65.07039070129395
1764144583.2242975,0.0,0.4490675639911257,0.4490675639911257,0.04215246066451073,0.7,0.0,0.0,7.878922462463379,117.96211242675781,63.96961212158203
1764144583.2999673,0.0,0.451412738904422,0.451412738904422,0.005898855626583099,0.7,0.0,0.0,6.8466410636901855,107.68800354003906,65.33503532409668
1764144583.3778646,0.0,0.4537236382767308,0.4537236382767308,0.025040019303560257,0.7,0.0,0.0,8.298136711120605,133.9022216796875,67.3060417175293
1764144583.454113,0.0,0.4560054072932637,0.4560054072932637,0.0,0.7,0.0,0.0,9.63887882232666,141.00601196289062,65.93036651611328
1764144583.528162,0.0,0.45816202218164825,0.45816202218164825,0.06422970443964005,0.6359584376215934,0.0,0.0,8.644110679626465,123.26161193847656,63.416481018066406
1764144583.602206,0.0,0.46016828434544743,0.46016828434544743,0.1062985509634018,0.6741086587309837,0.0,0.0,9.878303527832031,71.26960754394531,63.57407569885254
1764144583.6768386,0.0,0.4620917273045081,0.4620917273045081,0.09068564977496862,0.6715745740104466,0.0,0.0,9.141473770141602,70.34221649169922,64.30411338806152
1764144583.7521431,0.0,0.46394743354523593,0.46394743354523593,0.020685649774968617,0.669306995626539,0.0,0.0,9.972665786743164,94.82586669921875,64.99767303466797
1764144583.8233795,0.0,0.46573584907427257,0.46573584907427257,0.04589008849114179,0.7,0.0,0.0,8.112103462219238,84.6009750366211,60.7302188873291
1764144583.8956437,0.0,0.4673414653615199,0.4673414653615199,0.03673668980598449,0.7,0.0,0.0,8.418255805969238,85.02217102050781,62.01028823852539
1764144583.9595888,0.0,0.46889272942999033,0.46889272942999033,0.1067366898059845,0.6914907896891236,0.0,0.0,9.434076309204102,106.25505828857422,53.5888671875
1764144584.023935,0.0,0.4701973026764972,0.4701973026764972,0.1278856322169304,0.6214907896891235,0.0,0.0,11.672540664672852,70.88288879394531,53.84397506713867
1764144584.0844336,0.0,0.47144352146807444,0.47144352146807444,0.10331791266798973,0.6914907896891236,0.0,0.0,8.29833698272705,35.7461051940918,49.9424934387207
1764144584.1469495,0.0,0.4725478352273788,0.4725478352273788,0.08694290928542614,0.642762547172606,0.0,0.0,8.251561164855957,50.709720611572266,52.19435691833496
1764144584.2094052,0.0,0.4736329690463443,0.4736329690463443,0.08109926385805011,0.6514696132391691,0.0,0.0,8.491694450378418,39.35377502441406,52.00958251953125
1764144584.2770107,0.0,0.4746520405301293,0.4746520405301293,0.07614067569375038,0.6922449607402086,0.0,0.0,13.455742835998535,46.46437454223633,57.16228485107422
1764144584.341548,0.0,0.4756870992089076,0.4756870992089076,0.006140675693750375,0.7,0.0,0.0,10.097643852233887,54.245582580566406,54.084062576293945
1764144584.4094071,0.0,0.47660472324663006,0.47660472324663006,0.0,0.7,0.0,0.0,10.346038818359375,62.88154602050781,57.57927894592285
1764144584.470854,0.0,0.47750409714077907,0.47750409714077907,0.0,0.7,0.0,0.0,10.408384323120117,76.04121398925781,51.0098934173584
1764144584.5322514,0.0,0.478254463743245,0.478254463743245,0.038444362580776215,0.7,0.0,0.0,9.748600959777832,42.871253967285156,51.02872848510742
1764144584.5983748,0.0,0.4789477843360109,0.4789477843360109,0.039268170308787376,0.7,0.0,0.0,10.990592956542969,71.37161254882812,55.647850036621094
1764144584.6714094,0.0,0.4796295098840865,0.4796295098840865,0.10926817030878738,0.6516814723610878,0.0,0.0,10.572004318237305,60.38119888305664,62.74056434631348
1764144584.7357018,0.0,0.4803104256833277,0.4803104256833277,0.039268170308787376,0.610173799842596,0.0,0.0,12.330409049987793,36.20868682861328,53.55691909790039
1764144584.7979233,0.0,0.48083996969149095,0.48083996969149095,0.0,0.6801737998425961,0.0,0.0,9.25230598449707,55.22694778442383,51.850318908691406
1764144584.8640697,0.0,0.4812968945406408,0.4812968945406408,0.010291154496371746,0.6339024570584297,0.0,0.0,10.798269271850586,90.69634246826172,55.663347244262695
1764144584.93833,0.0,0.48172066040719724,0.48172066040719724,0.0,0.5718087334930897,0.0,0.0,10.714359283447266,67.62744140625,63.9653205871582
1764144585.0114014,0.0,0.4821228619320934,0.4821228619320934,0.0,0.5787285389192403,0.0,0.0,9.2222261428833,63.76232147216797,62.51406669616699
1764144585.0797617,0.0,0.48244245015188764,0.48244245015188764,0.005166715011000633,0.588279514554888,0.0,0.0,11.210718154907227,52.057098388671875,57.734012603759766
1764144585.150711,0.0,0.482673128419128,0.482673128419128,0.0,0.6020182063616812,0.0,0.0,11.159327507019043,70.46444702148438,60.39071083068848
1764144585.2154114,0.0,0.48284429609890384,0.48284429609890384,0.0,0.5320182063616812,0.0,0.0,11.879678726196289,57.58633041381836,54.2302131652832
1764144585.2793722,0.0,0.48294075907289524,0.48294075907289524,0.0,0.5648448945023119,0.0,0.0,11.742940902709961,42.59442901611328,53.476572036743164
1764144585.3472545,0.0,0.4829807646549918,0.4829807646549918,0.0,0.5557318900711834,0.0,0.0,11.610453605651855,58.78574752807617,57.38520622253418
1764144585.414881,0.0,0.48296369879445167,0.48296369879445167,0.0075980196706950665,0.6257318900711835,0.0,0.0,11.669885635375977,49.13786315917969,57.36899375915527
1764144585.4782119,0.0,0.4828862257449402,0.4828862257449402,0.0,0.6957318900711835,0.0,0.0,9.292659759521484,56.210533142089844,52.9026985168457
1764144585.5412948,0.0,0.4827599813361972,0.4827599813361972,0.006205627229064703,0.7,0.0,0.0,9.145625114440918,114.89395141601562,52.701711654663086
1764144585.6037097,0.0,0.482583127372243,0.482583127372243,0.0565596460364759,0.7,0.0,0.0,9.577116012573242,98.28679656982422,52.13046073913574
1764144585.6907804,0.0,0.4823582085700005,0.4823582085700005,0.03919967217370868,0.7,0.0,0.0,9.528210639953613,97.4712142944336,76.76386833190918
1764144585.7658384,0.0,0.48196194481794064,0.48196194481794064,0.06921542575582862,0.6446057192981243,0.0,0.0,10.471250534057617,99.66543579101562,64.41259384155273
1764144585.8574567,0.0,0.4815460106178549,0.4815460106178549,0.0,0.6691441543400287,0.0,0.0,8.273293495178223,86.9320068359375,80.95145225524902
1764144585.9211526,0.0,0.48094707303697654,0.48094707303697654,0.00224501034244895,0.7,0.0,0.0,9.894709587097168,114.02436828613281,53.357601165771484
1764144585.9844632,0.0,0.48047013715032516,0.48047013715032516,0.0,0.7,0.0,0.0,8.599299430847168,96.13813018798828,52.840471267700195
1764144586.0477266,0.0,0.4799502217296195,0.4799502217296195,0.0,0.7,0.0,0.0,8.792973518371582,116.78746032714844,52.99687385559082
1764144586.111116,0.0,0.4793829575285184,0.4793829575285184,0.06679833680391312,0.7,0.0,0.0,11.17662525177002,110.43014526367188,53.069114685058594
1764144586.1903512,0.0,0.47876780172720335,0.47876780172720335,0.07557391375303268,0.7,0.0,0.0,10.42557144165039,119.41300964355469,68.6948299407959
1764144586.254434,0.0,0.4779369343682153,0.4779369343682153,0.10458644852042198,0.7,0.0,0.0,8.389154434204102,88.78675079345703,53.68328094482422
1764144586.3259885,0.0,0.4772136322034762,0.4772136322034762,0.12034090794622898,0.6649730324745178,0.0,0.0,8.899909973144531,87.80400085449219,61.22756004333496
1764144586.4287274,0.0,0.4763509599377123,0.4763509599377123,0.11183901224285364,0.6664237452670931,0.0,0.0,7.955831050872803,50.60381317138672,92.24486351013184
1764144586.5433912,0.0,0.47501617432391624,0.47501617432391624,0.12128550186753273,0.639211375080049,0.0,0.0,8.259979248046875,53.620758056640625,104.00938987731934
1764144586.6216183,0.0,0.4733957781189234,0.4733957781189234,0.05128550186753272,0.6496915405616164,0.0,0.0,9.777606010437012,76.18441009521484,67.51585006713867
1764144586.6853833,0.0,0.4722156983083454,0.4722156983083454,0.022428881675004952,0.5796915405616163,0.0,0.0,7.676056861877441,50.67202377319336,53.262948989868164
1764144586.7496119,0.0,0.4712044073921223,0.4712044073921223,0.0,0.576914983447641,0.0,0.0,9.430682182312012,33.55091094970703,53.63631248474121
1764144586.8124955,0.0,0.47014981349916757,0.47014981349916757,0.0,0.6349260235391556,0.0,0.0,8.927291870117188,40.38053894042969,52.564144134521484
1764144586.8742604,0.0,0.46907520840596434,0.46907520840596434,0.06057184562087059,0.6206148915179073,0.0,0.0,8.955816268920898,68.91402435302734,51.45525932312012
1764144586.9527407,0.0,0.4679801828632509,0.4679801828632509,0.021429557353258133,0.568417323399335,0.0,0.0,8.364167213439941,84.55479431152344,67.9481029510498
1764144587.0256069,0.0,0.4665384821471165,0.4665384821471165,0.058376751840114594,0.5793733546696602,0.0,0.0,10.383011817932129,47.100830078125,62.37030029296875
1764144587.1104295,0.0,0.4651489130394653,0.4651489130394653,0.091480802744627,0.5918466398678719,0.0,0.0,10.038660049438477,40.4715576171875,74.17941093444824
1764144587.184615,0.0,0.46347494479175627,0.46347494479175627,0.021480802744626992,0.6304981695674359,0.0,0.0,11.255241394042969,40.71539306640625,63.806772232055664
1764144587.2597425,0.0,0.46195429757421463,0.46195429757421463,0.012407135516405099,0.6168044243194162,0.0,0.0,10.84902286529541,68.38508605957031,64.6965503692627
1764144587.3356512,0.0,0.46036752799871405,0.46036752799871405,0.0,0.6260466693155466,0.0,0.0,8.455373764038086,60.26768493652344,65.61589241027832
1764144587.4288566,0.0,0.45871284623660535,0.45871284623660535,0.0,0.6915480537526308,0.0,0.0,8.69389820098877,79.86514282226562,82.79228210449219
1764144587.5007086,0.0,0.45661763105138553,0.45661763105138553,0.0,0.6215480537526308,0.0,0.0,7.639227867126465,108.39300537109375,61.56277656555176
1764144587.585185,0.0,0.4549493778124744,0.4549493778124744,0.0,0.6382092413865028,0.0,0.0,9.131426811218262,99.64334106445312,73.92525672912598
1764144587.664294,0.0,0.4529420556659265,0.4529420556659265,0.01471790112555027,0.5961688188277183,0.0,0.0,9.566861152648926,99.04837036132812,68.695068359375
1764144587.7532322,0.0,0.4510101741600238,0.4510101741600238,0.06763084419071674,0.5261688188277183,0.0,0.0,8.17042350769043,93.07896423339844,78.57394218444824
1764144587.8286004,0.0,0.44878070536533776,0.44878070536533776,0.0,0.5645828351937232,0.0,0.0,6.575293064117432,57.66523361206055,64.88585472106934
1764144587.900457,0.0,0.44684879344913425,0.44684879344913425,0.0439738892018795,0.5808439899794755,0.0,0.0,7.123831272125244,83.5911636352539,61.60545349121094
1764144587.9766264,0.0,0.4449627839645906,0.4449627839645906,0.09683936834335327,0.5972268872521815,0.0,0.0,8.27068042755127,53.069358825683594,65.57130813598633
1764144588.0526252,0.0,0.4429285783862461,0.4429285783862461,0.0886727599427104,0.5527319416962562,0.0,0.0,8.72700309753418,79.62054443359375,65.45281410217285
1764144588.1278553,0.0,0.44085654359131665,0.44085654359131665,0.018672759942710393,0.6227319416962562,0.0,0.0,7.066876411437988,67.30865478515625,64.74447250366211
1764144588.1999378,0.0,0.438773966527358,0.438773966527358,0.08018437709659337,0.5848598693870006,0.0,0.0,7.853780746459961,112.68699645996094,61.765432357788086
1764144588.2704496,0.0,0.43673966901751904,0.43673966901751904,0.03176581796258687,0.5148598693870006,0.0,0.0,8.348318099975586,91.0209732055664,60.13965606689453
1764144588.3510518,0.0,0.4347188997416447,0.4347188997416447,0.013211491815745824,0.5848598693870006,0.0,0.0,7.678841590881348,58.9141731262207,70.2204704284668
1764144588.430944,0.0,0.4323610435699483,0.4323610435699483,0.0,0.5875425950530915,0.0,0.0,8.198163032531738,106.48355102539062,69.06366348266602
1764144588.5036802,0.0,0.43000616310275797,0.43000616310275797,0.024746140465140343,0.5698902678582816,0.0,0.0,6.114447116851807,89.91400146484375,62.39008903503418
1764144588.5819807,0.0,0.42781960358165144,0.42781960358165144,0.07861494086682796,0.5992115714494137,0.0,0.0,7.583890438079834,81.53644561767578,67.78645515441895
1764144588.6636086,0.0,0.42543764497799297,0.42543764497799297,0.10956701450049877,0.6477268763724713,0.0,0.0,9.738326072692871,92.66813659667969,71.29240036010742
1764144588.7449145,0.0,0.4229103569434782,0.4229103569434782,0.08815245144069195,0.5925996878091244,0.0,0.0,8.239611625671387,51.16133117675781,70.65248489379883
1764144588.8531027,0.0,0.42036612637284027,0.42036612637284027,0.01815245144069194,0.5353162192646412,0.0,0.0,6.273297309875488,97.46261596679688,97.58543968200684
1764144588.9395204,0.0,0.416926077038701,0.416926077038701,0.005536227785050862,0.5230775398109107,0.0,0.0,5.724593162536621,39.172027587890625,75.74987411499023
1764144589.015903,0.0,0.4141464907460026,0.4141464907460026,0.027194758243858808,0.5742665042076258,0.0,0.0,6.136320114135742,53.06800842285156,66.00069999694824
1764144589.0939338,0.0,0.4116534369062551,0.4116534369062551,0.0,0.5153608393762259,0.0,0.0,6.694811820983887,57.25386428833008,67.5954818725586
1764144589.199483,0.0,0.4090834755220231,0.4090834755220231,0.0,0.549771625259891,0.0,0.0,6.149654865264893,69.80461120605469,95.05915641784668
1764144589.2718172,0.0,0.4055691036127844,0.4055691036127844,0.045970261096954346,0.5797674075607209,0.0,0.0,7.325019836425781,82.58578491210938,61.995506286621094
1764144589.3513463,0.0,0.40313212267412546,0.40313212267412546,0.08489834144711494,0.5373713650647549,0.0,0.0,8.615180969238281,98.48811340332031,69.08297538757324
1764144589.425954,0.0,0.4004354346655646,0.4004354346655646,0.08334774966351688,0.5445739540178327,0.0,0.0,5.942911148071289,75.13780212402344,64.33463096618652
1764144589.5271907,0.0,0.3978761156691243,0.3978761156691243,0.05923401447944343,0.4745739540178327,0.0,0.0,6.727808952331543,76.62397766113281,90.64793586730957
1764144589.600478,0.0,0.3943836780614948,0.3943836780614948,0.0,0.4292089035827665,0.0,0.0,6.177971839904785,46.32202911376953,62.76226043701172
1764144589.6840107,0.0,0.3918307080690195,0.3918307080690195,0.0,0.4992089035827665,0.0,0.0,5.081719875335693,45.10727310180664,72.77250289916992
1764144589.7599041,0.0,0.38891144043028547,0.38891144043028547,0.0,0.48845254787243886,0.0,0.0,4.47300910949707,113.04545593261719,65.49787521362305
1764144589.8352978,0.0,0.38623742737668676,0.38623742737668676,0.055964983999729156,0.48333148396573944,0.0,0.0,6.599687576293945,72.02385711669922,64.96310234069824
1764144589.9134383,0.0,0.3835706822102746,0.3835706822102746,0.0,0.479811225729063,0.0,0.0,6.0085625648498535,63.35693359375,67.85464286804199
1764144590.0102427,0.0,0.38078874218342773,0.38078874218342773,0.0,0.45136283774860186,0.0,0.0,5.682462692260742,55.47216033935547,86.52186393737793
1764144590.103116,0.0,0.37731954806945234,0.37731954806945234,0.0,0.47137401503510756,0.0,0.0,6.138099670410156,99.674072265625,82.32831954956055
1764144590.1975625,0.0,0.37398190090176153,0.37398190090176153,0.004666498862206936,0.4710521347902248,0.0,0.0,5.320780277252197,77.29974365234375,84.10024642944336
1764144590.2694995,0.0,0.3705694824536778,0.3705694824536778,0.0,0.4010521347902248,0.0,0.0,5.610417366027832,66.83446502685547,61.57279014587402
1764144590.344072,0.0,0.36796247417551264,0.36796247417551264,0.0,0.4710521347902248,0.0,0.0,6.706049919128418,62.8323860168457,64.29910659790039
1764144590.4308803,0.0,0.3652479766306911,0.3652479766306911,0.00027076900005340576,0.45469807126442885,0.0,0.0,5.048973083496094,93.22650909423828,76.30395889282227
1764144590.504496,0.0,0.3620823767904666,0.3620823767904666,0.0,0.4650850001804063,0.0,0.0,6.012576580047607,63.03886413574219,63.07530403137207
1764144590.5906308,0.0,0.35939498053485514,0.35939498053485514,0.0,0.4529930003068874,0.0,0.0,5.789906978607178,131.1182861328125,75.54936408996582
1764144590.6720777,0.0,0.3562460699457203,0.3562460699457203,0.0,0.3829930003068874,0.0,0.0,5.573239326477051,101.03428649902344,70.9831714630127
1764144590.7485797,0.0,0.3532633370469853,0.3532633370469853,0.0,0.3911415522254536,0.0,0.0,4.742857456207275,31.484901428222656,66.05887413024902
1764144590.820726,0.0,0.3504622112903747,0.3504622112903747,0.020711859688162804,0.4374303777969906,0.0,0.0,4.57866096496582,64.41737365722656,61.83433532714844
1764144590.8920557,0.0,0.3478147683242451,0.3478147683242451,0.0,0.394168663517339,0.0,0.0,4.834254264831543,102.07293701171875,60.94765663146973
1764144590.9823294,0.0,0.34519887954136663,0.34519887954136663,0.0,0.36091988135944103,0.0,0.0,5.958314895629883,47.902278900146484,79.75363731384277
1764144591.0558507,0.0,0.3418938828830137,0.3418938828830137,0.011737237684428692,0.3987559599138329,0.0,0.0,4.745467662811279,33.09519958496094,63.20500373840332
1764144591.133918,0.0,0.3391954520792564,0.3391954520792564,0.05868938844650984,0.4107670781470368,0.0,0.0,4.990843296051025,93.7444076538086,67.48700141906738
1764144591.2109928,0.0,0.33634418896842616,0.33634418896842616,0.0018276525661349297,0.3886098766035864,0.0,0.0,3.982509136199951,78.46735382080078,66.56384468078613
1764144591.2848656,0.0,0.3335310095218811,0.3335310095218811,0.016854855231940746,0.3506443702883551,0.0,0.0,3.608997344970703,75.22120666503906,63.48252296447754
1764144591.3627145,0.0,0.33083902940812465,0.33083902940812465,0.024810712784528732,0.34944523740909045,0.0,0.0,4.744041919708252,37.06519317626953,67.34323501586914
1764144591.436678,0.0,0.3280109563344418,0.3280109563344418,0.07210483029484749,0.31350422520539706,0.0,0.0,4.905506134033203,41.89888381958008,63.604116439819336
1764144591.511089,0.0,0.3253328689355814,0.3253328689355814,0.01845034956932068,0.28814362604520266,0.0,0.0,5.52694845199585,20.411121368408203,64.12172317504883
1764144591.6012347,0.0,0.3226403661751208,0.3226403661751208,0.0,0.3373250873794312,0.0,0.0,5.483738422393799,38.21159744262695,79.70118522644043
1764144591.682491,0.0,0.31939066466778915,0.31939066466778915,0.0,0.38194963951013033,0.0,0.0,4.575244426727295,33.411136627197266,70.72329521179199
1764144591.7559235,0.0,0.3164829692019822,0.3164829692019822,0.0,0.4285153733601326,0.0,0.0,4.781175136566162,68.66011047363281,62.95895576477051
1764144591.828899,0.0,0.31386271779657327,0.31386271779657327,0.008322873152792454,0.4136348558624739,0.0,0.0,4.76368522644043,155.6950225830078,62.560319900512695
1764144591.9224153,0.0,0.31127237456344714,0.31127237456344714,0.02722340915352106,0.458237264867639,0.0,0.0,4.746262073516846,126.33091735839844,83.00638198852539
1764144592.0052514,0.0,0.3079639274538849,0.3079639274538849,0.049362474121153355,0.388237264867639,0.0,0.0,4.229235649108887,174.4277801513672,72.12948799133301
1764144592.097498,0.0,0.305061283901846,0.305061283901846,0.06059710402041674,0.4160716151108498,0.0,0.0,3.2418103218078613,91.28677368164062,81.60805702209473
1764144592.1697156,0.0,0.3018559173856351,0.3018559173856351,0.0,0.4526883204688782,0.0,0.0,2.6570851802825928,131.76425170898438,61.858415603637695
1764144592.2468507,0.0,0.29935742815180244,0.29935742815180244,0.0004601053660735488,0.40380167860886995,0.0,0.0,3.8120415210723877,206.87142944335938,66.6799545288086
1764144592.3196774,0.0,0.2967133563221381,0.2967133563221381,0.0,0.3938535032083744,0.0,0.0,2.98518443107605,162.29940795898438,62.54839897155762
1764144592.3914244,0.0,0.2942328857816089,0.2942328857816089,0.039427489042282104,0.3238535032083744,0.0,0.0,2.9937026500701904,177.86300659179688,61.46860122680664
1764144592.464291,0.0,0.29180653318342525,0.29180653318342525,0.09413571655750275,0.25733788613579217,0.0,0.0,3.4436166286468506,44.42799758911133,62.52741813659668
1764144592.539142,0.0,0.2893645279790958,0.2893645279790958,0.07103151828050613,0.2663943238963837,0.0,0.0,3.66217041015625,21.445587158203125,64.52536582946777
1764144592.6318195,0.0,0.2868774963707955,0.2868774963707955,0.044758567586541176,0.21086002443335,0.0,0.0,4.006990909576416,49.1713752746582,82.36241340637207
1764144592.751827,0.0,0.28382517213278324,0.28382517213278324,0.05357976630330086,0.28086002443335,0.0,0.0,4.159114360809326,25.271337509155273,109.32540893554688
1764144592.84547,0.0,0.2799285766189707,0.2799285766189707,0.0,0.2993958880414719,0.0,0.0,3.519076108932495,48.49541473388672,82.8549861907959
1764144592.921532,0.0,0.27694372235703957,0.27694372235703957,0.0,0.3602997054567093,0.0,0.0,4.135107040405273,81.41024780273438,65.38224220275879
1764144592.9951675,0.0,0.2745467923802717,0.2745467923802717,0.012306911870837212,0.39548389885923807,0.0,0.0,2.9806432723999023,79.73234558105469,62.96539306640625
1764144593.071563,0.0,0.27226187013026654,0.27226187013026654,0.01607994153164327,0.3838171799888367,0.0,0.0,2.8431408405303955,73.68547058105469,66.03503227233887
1764144593.1483314,0.0,0.2699120030048315,0.2699120030048315,0.0,0.3574774422904009,0.0,0.0,2.8132128715515137,113.08512115478516,66.25771522521973
1764144593.2397704,0.0,0.2675879451179829,0.2675879451179829,0.0,0.32669052753946726,0.0,0.0,2.593409299850464,101.95690155029297,81.11786842346191
1764144593.3326674,0.0,0.2648592283931894,0.2648592283931894,0.0,0.2801262092997784,0.0,0.0,2.637573719024658,65.23059844970703,82.57842063903809
1764144593.428329,0.0,0.26213185621057616,0.26213185621057616,0.011487915180623531,0.30086919006309454,0.0,0.0,2.8974061012268066,24.79090690612793,85.05821228027344
1764144593.5185356,0.0,0.25938166545113533,0.25938166545113533,0.06224004831165075,0.2926563601230735,0.0,0.0,2.7278501987457275,57.94203567504883,79.43391799926758
1764144593.599173,0.0,0.25684752925521787,0.25684752925521787,0.05467462074011564,0.25367055267444794,0.0,0.0,3.3882479667663574,77.65663146972656,70.15752792358398
1764144593.6785972,0.0,0.2546220528945448,0.2546220528945448,0.012303604744374752,0.26386628851643745,0.0,0.0,3.008500337600708,23.241151809692383,68.89104843139648
1764144593.7633646,0.0,0.2524742536819939,0.2524742536819939,0.0,0.2654306750500107,0.0,0.0,3.1298489570617676,76.70122528076172,74.36704635620117
1764144593.8362331,0.0,0.2502278607813542,0.2502278607813542,0.02718309499323368,0.2684508100373203,0.0,0.0,3.134526014328003,73.18443298339844,62.406301498413086
1764144593.9315243,0.0,0.24833799910226467,0.24833799910226467,0.07209623418748379,0.21980292948312108,0.0,0.0,3.8925960063934326,35.99591827392578,84.69724655151367
1764144594.0044508,0.0,0.2459246656400076,0.2459246656400076,0.08288440946489573,0.24356449434882943,0.0,0.0,3.645495891571045,59.48062515258789,62.23559379577637
1764144594.07854,0.0,0.24412751582534983,0.24412751582534983,0.15288440946489573,0.2806323398125822,0.0,0.0,3.602060079574585,84.02869415283203,63.61794471740723
1764144594.1731806,0.0,0.24234022546142356,0.24234022546142356,0.08288440946489573,0.3506323398125822,0.0,0.0,3.8498473167419434,54.12609100341797,84.12981033325195
1764144594.2548022,0.0,0.24011994556523872,0.24011994556523872,0.07311746012419462,0.34619305665022676,0.0,0.0,3.881990671157837,102.12171936035156,71.15912437438965
1764144594.3299043,0.0,0.23826037997929486,0.23826037997929486,0.11759585421532393,0.3560554125381166,0.0,0.0,3.259983777999878,109.038818359375,64.74423408508301
1764144594.4069629,0.0,0.23659080738393917,0.23659080738393917,0.08621503319591284,0.2892347761464769,0.0,0.0,2.6373236179351807,102.14987182617188,66.5442943572998
1764144594.509261,0.0,0.23491954760557152,0.23491954760557152,0.10055032186210155,0.291636565098306,0.0,0.0,4.006032466888428,42.59590530395508,91.65620803833008
1764144594.6129754,0.0,0.23277029804770386,0.23277029804770386,0.07250197790563107,0.2914818250376264,0.0,0.0,3.2202279567718506,45.77855682373047,93.08862686157227
1764144594.6878455,0.0,0.23066604287371248,0.23066604287371248,0.002635655924677849,0.26409969895961677,0.0,0.0,2.3228890895843506,62.22316360473633,64.32723999023438
1764144594.7685292,0.0,0.22919591113982338,0.22919591113982338,0.0,0.3340996989596168,0.0,0.0,1.7842702865600586,55.2259521484375,70.37019729614258
1764144594.8479824,0.0,0.22764817602262027,0.22764817602262027,0.03268666937947273,0.3033402861643115,0.0,0.0,2.824690103530884,151.75286865234375,68.8483715057373
1764144594.9238572,0.0,0.2261692596482738,0.2261692596482738,0.0,0.24548656508210098,0.0,0.0,2.7166919708251953,122.81311798095703,65.52457809448242
1764144595.0064995,0.0,0.22479124982434814,0.22479124982434814,0.045085176825523376,0.19471172258141434,0.0,0.0,3.5373482704162598,84.36759948730469,72.12209701538086
1764144595.0854,0.0,0.22333441826220077,0.22333441826220077,0.05306057259440422,0.20451452132198011,0.0,0.0,3.796480417251587,44.27275848388672,68.45474243164062
1764144595.1761503,0.0,0.22198259660932393,0.22198259660932393,0.12306057259440423,0.2743256568524519,0.0,0.0,4.463199138641357,52.814208984375,80.40452003479004
1764144595.2630258,0.0,0.22047013081434486,0.22047013081434486,0.05306057259440422,0.3283818281802813,0.0,0.0,2.9730911254882812,64.44149017333984,76.21908187866211
1764144595.3385208,0.0,0.21907292635138267,0.21907292635138267,0.0,0.3464807878795544,0.0,0.0,1.8102842569351196,137.0447235107422,65.0632381439209
1764144595.4178097,0.0,0.21789229315573805,0.21789229315573805,0.0,0.36986530307563936,0.0,0.0,2.041205883026123,167.57713317871094,68.93730163574219
1764144595.5072381,0.0,0.21668465783362453,0.21668465783362453,0.07,0.29986530307563936,0.0,0.0,2.133347988128662,213.675537109375,78.94706726074219
1764144595.6056325,0.0,0.2153628372206629,0.2153628372206629,0.0,0.2935100327979306,0.0,0.0,2.053098440170288,98.39461517333984,87.77809143066406
1764144595.6894982,0.0,0.2139583223749439,0.2139583223749439,0.034107308834791183,0.22351003279793058,0.0,0.0,1.8635905981063843,96.09254455566406,73.19521903991699
1764144595.7818804,0.0,0.2128024834516995,0.2128024834516995,0.10117855295538902,0.184277700538514,0.0,0.0,1.7218260765075684,88.34150695800781,81.77828788757324
1764144595.8581572,0.0,0.21156895395065942,0.21156895395065942,0.057671040296554565,0.23121668612468038,0.0,0.0,2.3603076934814453,24.433101654052734,65.67859649658203
1764144595.9384186,0.0,0.21058153565973017,0.21058153565973017,0.057732338362256996,0.28106096973526273,0.0,0.0,1.9173637628555298,73.76924133300781,69.90623474121094
1764144596.0157237,0.0,0.2095709881237134,0.2095709881237134,0.06562310671142768,0.29660619357484375,0.0,0.0,2.0055880546569824,99.71187591552734,66.9851303100586
1764144596.0914474,0.0,0.20862405787804253,0.20862405787804253,0.12168364813260268,0.3601472632016519,0.0,0.0,2.535618543624878,86.82154083251953,65.2458667755127
1764144596.1685143,0.0,0.20772301296660242,0.20772301296660242,0.13122057942382526,0.3934848115767816,0.0,0.0,2.186197280883789,155.9228515625,66.57648086547852
1764144596.245203,0.0,0.20683083281496534,0.20683083281496534,0.19448961345187854,0.3234848115767816,0.0,0.0,3.3691823482513428,230.6492919921875,66.06435775756836
1764144596.319566,0.0,0.20596738192372793,0.20596738192372793,0.2521052661322756,0.33208863960462603,0.0,0.0,2.354785680770874,56.88624954223633,63.883066177368164
1764144596.3973098,0.0,0.20515283139521331,0.20515283139521331,0.25352706042758655,0.39729278312879596,0.0,0.0,3.7864227294921875,94.62096405029297,67.21997261047363
1764144596.4709609,0.0,0.20432523170700267,0.20432523170700267,0.23385366080037784,0.46729278312879596,0.0,0.0,3.3672876358032227,46.319889068603516,63.347578048706055
1764144596.5487463,0.0,0.20356007768381393,0.20356007768381393,0.21783972931734752,0.43585364268976245,0.0,0.0,2.995371103286743,159.50006103515625,67.40617752075195
1764144596.6303866,0.0,0.2027741825079717,0.2027741825079717,0.19588088644377422,0.4573972162778953,0.0,0.0,2.3516855239868164,169.06195068359375,71.26426696777344
1764144596.7024608,0.0,0.2019722433965337,0.2019722433965337,0.1552533025824232,0.4706426861684302,0.0,0.0,3.069716453552246,217.814208984375,61.774492263793945
1764144596.7841763,0.0,0.2012819069502526,0.2012819069502526,0.09804686931602191,0.4006426861684302,0.0,0.0,1.6086421012878418,261.696533203125,71.3648796081543
1764144596.862435,0.0,0.20051783271121423,0.20051783271121423,0.10431912103376817,0.3306426861684302,0.0,0.0,1.2110165357589722,232.46658325195312,67.62099266052246
1764144596.9397995,0.0,0.19980812437279208,0.19980812437279208,0.07787799210927915,0.33277815155568513,0.0,0.0,2.250683069229126,124.63790893554688,66.87808036804199
1764144597.0145218,0.0,0.19912383426826294,0.19912383426826294,0.03688445808074903,0.3110354574758092,0.0,0.0,1.904735803604126,123.34623718261719,64.39447402954102
1764144597.101609,0.0,0.1984771104217318,0.1984771104217318,0.009514746532659046,0.2587639460701028,0.0,0.0,1.573544979095459,85.99908447265625,76.58839225769043
1764144597.1769316,0.0,0.1977432744246176,0.1977432744246176,0.0,0.2980981463927308,0.0,0.0,1.6620831489562988,104.33409881591797,64.88275527954102
1764144597.255641,0.0,0.1971235005915528,0.1971235005915528,0.018877923488616943,0.23406436987104806,0.0,0.0,1.9626349210739136,138.27810668945312,68.20058822631836
1764144597.3345695,0.0,0.19648979146152812,0.19648979146152812,0.029444829560816288,0.25699547253432664,0.0,0.0,2.184844493865967,27.701780319213867,68.30787658691406
1764144597.4088223,0.0,0.19586998063208064,0.19586998063208064,0.08048755768686533,0.18699547253432663,0.0,0.0,2.2529242038726807,85.87271118164062,63.80486488342285
1764144597.4917178,0.0,0.19529764017886173,0.19529764017886173,0.06039209943264723,0.23417699314537438,0.0,0.0,2.3428139686584473,25.428945541381836,72.37529754638672
1764144597.5655768,0.0,0.19467267556016868,0.19467267556016868,0.06787905236706138,0.2096725103992501,0.0,0.0,2.7033655643463135,36.638282775878906,63.51137161254883
1764144597.6490352,0.0,0.19412477878836254,0.19412477878836254,0.055558033753186464,0.2297326715278903,0.0,0.0,2.941965103149414,44.896732330322266,72.93176651000977
1764144597.744052,0.0,0.19351874917502965,0.19351874917502965,0.0,0.22095839843037518,0.0,0.0,2.01932430267334,58.56879425048828,84.69557762145996
1764144597.8238113,0.0,0.19283973638335922,0.19283973638335922,0.03553245589137077,0.2308787785086313,0.0,0.0,2.314929246902466,68.34618377685547,69.21672821044922
1764144597.904889,0.0,0.1922805805117133,0.1922805805117133,0.0,0.22795802285778316,0.0,0.0,1.7944999933242798,51.008544921875,70.46818733215332
1764144598.0055246,0.0,0.19172015108984797,0.19172015108984797,0.0,0.1758200854610184,0.0,0.0,2.535968065261841,48.51900863647461,89.99252319335938
1764144598.0835128,0.0,0.19103573271143662,0.19103573271143662,0.0,0.2458200854610184,0.0,0.0,2.6464715003967285,17.958702087402344,67.57807731628418
1764144598.1595376,0.0,0.19051151727737248,0.19051151727737248,0.020048631355166435,0.3059094575594643,0.0,0.0,2.438446283340454,96.92405700683594,65.67835807800293
1764144598.2320726,0.0,0.1900050522276851,0.1900050522276851,0.08474740199744701,0.2617059936176518,0.0,0.0,1.4057247638702393,167.39671325683594,62.227725982666016
1764144598.3053882,0.0,0.18952560956776004,0.18952560956776004,0.07742314180359244,0.3149026547919491,0.0,0.0,1.7652549743652344,72.34066772460938,63.05646896362305
1764144598.3832133,0.0,0.18904193834211133,0.18904193834211133,0.02998316427692771,0.29907315125572476,0.0,0.0,3.0292932987213135,132.09765625,67.25001335144043
1764144598.4680595,0.0,0.18853421809231394,0.18853421809231394,0.06596013670787215,0.22907315125572475,0.0,0.0,2.188842535018921,123.94163513183594,74.48601722717285
1764144598.5478292,0.0,0.1879807552367606,0.1879807552367606,0.03917706338688731,0.26862054249155315,0.0,0.0,2.010141611099243,82.47396850585938,69.32902336120605
1764144598.62512,0.0,0.18746222298466955,0.18746222298466955,0.020086591597646475,0.19862054249155314,0.0,0.0,2.191054582595825,71.79399871826172,67.0175552368164
1764144598.7170053,0.0,0.18695889639263658,0.18695889639263658,0.0,0.2059975653688887,0.0,0.0,1.9724007844924927,37.07183837890625,81.55298233032227
1764144598.7881913,0.0,0.18635971925655578,0.18635971925655578,0.07,0.22868011852609904,0.0,0.0,2.083310842514038,67.13790130615234,60.8062744140625
1764144598.861893,0.0,0.18589388583839303,0.18589388583839303,0.11194141551852227,0.24486334210145266,0.0,0.0,1.9053311347961426,42.63039779663086,63.329458236694336
1764144598.9355478,0.0,0.1854095704989758,0.1854095704989758,0.06254533648490906,0.225380075703142,0.0,0.0,2.3062362670898438,42.45973205566406,63.33446502685547
1764144599.0132258,0.0,0.18492236840251236,0.18492236840251236,0.02001898333430291,0.22565309635014252,0.0,0.0,2.744080066680908,78.47311401367188,67.34108924865723
1764144599.1144614,0.0,0.18440413079462262,0.18440413079462262,0.0,0.23091179995448308,0.0,0.0,1.9283579587936401,70.9629135131836,90.78717231750488
1764144599.1875303,0.0,0.1837210815669963,0.1837210815669963,0.0,0.20659692703396992,0.0,0.0,2.0775182247161865,122.049560546875,62.58225440979004
1764144599.2661886,0.0,0.18322393348969246,0.18322393348969246,0.0,0.217037091279635,0.0,0.0,2.223167657852173,88.94082641601562,68.40682029724121
1764144599.34927,0.0,0.18267928101906805,0.18267928101906805,0.0,0.19832802961231188,0.0,0.0,2.0637049674987793,71.9504623413086,72.44420051574707
1764144599.4253995,0.0,0.1820971760879356,0.1820971760879356,0.042565152049064636,0.25107988367439227,0.0,0.0,1.7171820402145386,66.54446411132812,65.60349464416504
1764144599.5045965,0.0,0.1815552046478415,0.1815552046478415,0.09407724067568779,0.2522723371081518,0.0,0.0,2.0959603786468506,64.1285629272461,68.71199607849121
1764144599.5772278,0.0,0.18098168060429412,0.18098168060429412,0.026191961020231247,0.25725315640796886,0.0,0.0,1.5927234888076782,69.54896545410156,62.06846237182617
1764144599.656941,0.0,0.18044605772746364,0.18044605772746364,0.09619196102023125,0.19638644288410412,0.0,0.0,2.1738815307617188,84.4585952758789,69.10371780395508
1764144599.7472131,0.0,0.17984880530927413,0.17984880530927413,0.09830966957844794,0.22501991259981857,0.0,0.0,2.1279706954956055,68.1004638671875,79.83827590942383
1764144599.8221815,0.0,0.17915637507977372,0.17915637507977372,0.03769345947541297,0.2102538173936771,0.0,0.0,2.1631383895874023,37.44263458251953,64.50271606445312
1764144599.8994634,0.0,0.17856818557783555,0.17856818557783555,0.059552224287763245,0.16626364122261272,0.0,0.0,2.4984419345855713,59.8720703125,66.5736198425293
1764144599.9833825,0.0,0.17795048083043147,0.17795048083043147,0.01909733743406833,0.1609351443045305,0.0,0.0,2.3679656982421875,25.387557983398438,73.4705924987793
1764144600.0618064,0.0,0.17726211529139244,0.17726211529139244,0.0,0.2059836530976461,0.0,0.0,3.0458059310913086,73.64686584472656,67.87967681884766
1764144600.1356366,0.0,0.1766043613745542,0.1766043613745542,0.03540163114666939,0.1359836530976461,0.0,0.0,4.048094272613525,82.46697235107422,63.47084045410156
1764144600.2084575,0.0,0.17596969676739277,0.17596969676739277,0.021328947506844997,0.18651329326559768,0.0,0.0,4.353889465332031,39.06304931640625,62.49690055847168
1764144600.300048,0.0,0.17532893344025322,0.17532893344025322,0.0008991705253720284,0.12822098258067832,0.0,0.0,1.7590996026992798,70.51898956298828,81.30192756652832
1764144600.396173,0.0,0.17449807648496968,0.17449807648496968,0.0,0.17278921204735503,0.0,0.0,2.3522253036499023,14.181938171386719,85.36815643310547
1764144600.4809523,0.0,0.1736034783504018,0.1736034783504018,0.03178921714425087,0.24043597626616225,0.0,0.0,1.654579758644104,37.81330871582031,74.24402236938477
1764144600.5581293,0.0,0.17278948776511363,0.17278948776511363,0.030688446946442127,0.1852838059060739,0.0,0.0,1.654103398323059,101.66405487060547,66.87092781066895
1764144600.6506896,0.0,0.1720263021925943,0.1720263021925943,0.06196051184087992,0.2272113670699762,0.0,0.0,2.4969866275787354,76.53208923339844,82.23390579223633
1764144600.7536905,0.0,0.17108044762572053,0.17108044762572053,0.07225912529975176,0.23744399632443652,0.0,0.0,1.7212464809417725,88.63300323486328,92.23532676696777
1764144600.8293028,0.0,0.16999682914876524,0.16999682914876524,0.10041860770434141,0.1770945579849647,0.0,0.0,3.1473357677459717,47.35047149658203,65.14763832092285
1764144600.9112568,0.0,0.16917527384147935,0.16917527384147935,0.030418607704341405,0.234218625082867,0.0,0.0,2.555018901824951,41.54252243041992,71.64120674133301
1764144600.9830406,0.0,0.1682574744884192,0.1682574744884192,0.0649407834932208,0.20273282910813556,0.0,0.0,2.913344383239746,99.53614807128906,61.39206886291504
1764144601.0670314,0.0,0.16743001886210238,0.16743001886210238,0.03170546453446149,0.2084789957955943,0.0,0.0,2.3768436908721924,47.84916305541992,73.4560489654541
1764144601.1411219,0.0,0.166436823280994,0.166436823280994,0.0,0.26257223376189337,0.0,0.0,2.0238404273986816,92.57957458496094,63.76981735229492
1764144601.2285225,0.0,0.16553298607260636,0.16553298607260636,0.07,0.2726056223839985,0.0,0.0,2.0511977672576904,129.15567016601562,76.86185836791992
1764144601.3022184,0.0,0.16443667618933308,0.16443667618933308,0.0020864826440811224,0.23425406796042786,0.0,0.0,1.3691418170928955,165.04983520507812,63.19260597229004
1764144601.377862,0.0,0.16348388443762737,0.16348388443762737,0.0,0.18133346569840775,0.0,0.0,1.4633482694625854,154.32997131347656,65.0477409362793
1764144601.455366,0.0,0.16248019560143154,0.16248019560143154,0.06403777003288269,0.22170164269511566,0.0,0.0,1.5244511365890503,74.71072387695312,67.18850135803223
1764144601.5297804,0.0,0.1614213996270711,0.1614213996270711,0.07508813217282295,0.24592459780280457,0.0,0.0,1.0679986476898193,102.96371459960938,64.06521797180176
1764144601.6052067,0.0,0.1603770779746151,0.1603770779746151,0.06845003506168723,0.18790126052801476,0.0,0.0,1.150356411933899,185.79434204101562,65.13667106628418
1764144601.7052581,0.0,0.15928547889832798,0.15928547889832798,0.015152701642364264,0.1573338361561762,0.0,0.0,1.142561435699463,65.24314880371094,89.34497833251953
1764144601.7859435,0.0,0.15779534792103167,0.15779534792103167,0.0068384879268705845,0.12512673084740505,0.0,0.0,1.3732982873916626,77.85003662109375,70.068359375
1764144601.8690972,0.0,0.15655433169876523,0.15655433169876523,0.032423116732388735,0.18806409482960568,0.0,0.0,1.2550480365753174,37.48694610595703,72.62659072875977
1764144601.945687,0.0,0.15523682866443939,0.15523682866443939,0.034603909123688936,0.22637318094377384,0.0,0.0,1.2317745685577393,123.87669372558594,66.15424156188965
1764144602.020466,0.0,0.15398715908587854,0.15398715908587854,0.006575057748705149,0.18226125856046543,0.0,0.0,1.7094993591308594,96.40339660644531,64.27121162414551
1764144602.095803,0.0,0.15273378676991262,0.15273378676991262,0.033623138908296824,0.15701636505429611,0.0,0.0,1.0332053899765015,80.54754638671875,64.77665901184082
1764144602.1867025,0.0,0.15143861953172505,0.15143861953172505,0.08252682024613023,0.1792513562471138,0.0,0.0,1.1574177742004395,33.10155487060547,80.59048652648926
1764144602.2642434,0.0,0.14982683462686996,0.14982683462686996,0.082120455452241,0.22898416799609528,0.0,0.0,1.2145880460739136,35.33503341674805,67.17443466186523
1764144602.355703,0.0,0.14841124501028713,0.14841124501028713,0.0431335341418162,0.2454133594513403,0.0,0.0,1.0033398866653442,71.67830657958984,81.07185363769531
1764144602.429641,0.0,0.1466921523509165,0.1466921523509165,0.0024179142201319337,0.28381141294841633,0.0,0.0,1.1732826232910156,121.28526306152344,63.61889839172363
1764144602.5035276,0.0,0.14526224452950173,0.14526224452950173,0.07241791422013194,0.3290448078990446,0.0,0.0,0.8876026272773743,195.37203979492188,63.63868713378906
1764144602.5878882,0.0,0.14379337032166858,0.14379337032166858,0.07967739999759943,0.2929456571221815,0.0,0.0,0.8905595541000366,287.602783203125,73.89402389526367
1764144602.6643655,0.0,0.14207311829484398,0.14207311829484398,0.07051861919928343,0.2229456571221815,0.0,0.0,0.7932247519493103,233.8872833251953,65.98329544067383
1764144602.7403395,0.0,0.14047200723741926,0.14047200723741926,0.028397070993669338,0.20414308508043155,0.0,0.0,0.6514703631401062,45.180931091308594,65.63854217529297
1764144602.8177805,0.0,0.13883947648026207,0.13883947648026207,0.03877082448918373,0.13414308508043155,0.0,0.0,0.4829014837741852,58.6607666015625,67.15750694274902
1764144602.8939495,0.0,0.13712918662929902,0.13712918662929902,0.0,0.1639672060043083,0.0,0.0,1.058964490890503,46.49126434326172,65.75846672058105
1764144602.988297,0.0,0.13540517529224327,0.13540517529224327,0.0,0.21095672887866362,0.0,0.0,0.9065670967102051,51.56926727294922,83.95171165466309
1764144603.0739014,0.0,0.13320984218047702,0.13320984218047702,0.025345496833324432,0.18363195737008914,0.0,0.0,1.1053526401519775,86.90113067626953,75.15239715576172
1764144603.148429,0.0,0.13115970944621178,0.13115970944621178,0.0,0.16781675522332057,0.0,0.0,1.0152002573013306,79.17796325683594,64.19491767883301
1764144603.2411273,0.0,0.12932709185216362,0.12932709185216362,0.02062748372554779,0.17928897575591668,0.0,0.0,1.1338162422180176,63.21318054199219,82.39388465881348
1764144603.3235438,0.0,0.12698489732449367,0.12698489732449367,0.01726285181939602,0.14615172133897408,0.0,0.0,0.918103814125061,53.312557220458984,72.07703590393066
1764144603.4239697,0.0,0.12483533895861762,0.12483533895861762,0.0,0.1327477897063361,0.0,0.0,0.9732524752616882,19.94510841369629,89.66398239135742
1764144603.5271387,0.0,0.12215439674079297,0.12215439674079297,0.0,0.15417330698226556,0.0,0.0,1.124946117401123,31.226160049438477,92.6816463470459
1764144603.601505,0.0,0.11931012518285239,0.11931012518285239,0.02306491695344448,0.12246124805067643,0.0,0.0,1.2421154975891113,43.66534423828125,63.89284133911133
1764144603.6792803,0.0,0.11719994598398782,0.11719994598398782,0.048423292115330696,0.19246124805067644,0.0,0.0,1.1174980401992798,26.853656768798828,67.36636161804199
1764144603.7566717,0.0,0.11494246001714466,0.11494246001714466,0.0555000863969326,0.1760072815523015,0.0,0.0,1.0440443754196167,48.57102966308594,66.90597534179688
1764144603.8373458,0.0,0.11263856652851127,0.11263856652851127,0.11592628806829453,0.16956548535381422,0.0,0.0,1.4023720026016235,75.17135620117188,70.07455825805664
1764144603.9149847,0.0,0.11018634872647264,0.11018634872647264,0.10060698911547661,0.1178486435965167,0.0,0.0,1.3216981887817383,31.27541732788086,67.13747978210449
1764144603.9895542,0.0,0.10776833642270472,0.10776833642270472,0.17060698911547661,0.1878486435965167,0.0,0.0,1.7281805276870728,34.16883850097656,64.19157981872559
1764144604.0628586,0.0,0.10538965504514142,0.10538965504514142,0.14217171601951123,0.22061682977830038,0.0,0.0,1.2843655347824097,50.58125305175781,62.79730796813965
1764144604.1392608,0.0,0.10300126883306095,0.10300126883306095,0.21217171601951124,0.24321424142573939,0.0,0.0,1.385014295578003,92.83256530761719,65.92941284179688
1764144604.2218273,0.0,0.10045581323125456,0.10045581323125456,0.15158848963677884,0.28600164801930056,0.0,0.0,1.084337592124939,42.286155700683594,71.93946838378906
1764144604.2963588,0.0,0.0976508395856104,0.0976508395856104,0.13922672007232906,0.30802253560279474,0.0,0.0,1.537773847579956,86.81917572021484,64.17393684387207
1764144604.37928,0.0,0.09505574678098679,0.09505574678098679,0.10852277498692275,0.30271473639761076,0.0,0.0,0.7213718295097351,137.03977966308594,72.09563255310059
1764144604.4573138,0.0,0.0921194664918269,0.0921194664918269,0.11457081358879806,0.27497036495362387,0.0,0.0,1.0806950330734253,176.6066131591797,67.63052940368652
1764144604.534192,0.0,0.08929433670000735,0.08929433670000735,0.1748707800731063,0.30320889988099203,0.0,0.0,0.7687962055206299,177.96072387695312,66.3747787475586
1764144604.619886,0.0,0.08645683714706229,0.08645683714706229,0.19220810230821372,0.23320889988099203,0.0,0.0,0.379660964012146,97.03582000732422,75.0741958618164
1764144604.6988754,0.0,0.08324313162692762,0.08324313162692762,0.2503890044614673,0.30022982278023824,0.0,0.0,0.6957940459251404,47.21249771118164,68.57037544250488
1764144604.771354,0.0,0.08021679774976974,0.08021679774976974,0.2854941174015403,0.24516113617573843,0.0,0.0,0.6108721494674683,44.67674255371094,61.96856498718262
1764144604.8575573,0.0,0.07740088724156398,0.07740088724156398,0.2796929854527116,0.20158413940225706,0.0,0.0,0.6272306442260742,37.927154541015625,75.67572593688965
1764144604.953328,0.0,0.07399937230256055,0.07399937230256055,0.27828001951333137,0.18585419238661394,0.0,0.0,0.47387000918388367,55.02912521362305,85.35885810852051
1764144605.0291607,0.0,0.07014764324079958,0.07014764324079958,0.20828001951333136,0.25585419238661394,0.0,0.0,0.4854830205440521,18.38140106201172,65.47188758850098
1764144605.1075697,0.0,0.06704415789133744,0.06704415789133744,0.21726246369536967,0.2641341660276519,0.0,0.0,0.4850369393825531,44.82897186279297,67.95406341552734
1764144605.1895509,0.0,0.06378933389041273,0.06378933389041273,0.14726246369536966,0.20702882596407995,0.0,0.0,0.3625383675098419,45.864105224609375,71.40111923217773
1764144605.2663639,0.0,0.060335596191270796,0.060335596191270796,0.1370425842469558,0.24045796060119734,0.0,0.0,0.43584153056144714,19.191261291503906,66.2236213684082
1764144605.3394442,0.0,0.05707065010299654,0.05707065010299654,0.10438633558806032,0.23510275707696543,0.0,0.0,0.46708422899246216,105.84989929199219,62.745094299316406
1764144605.4174984,0.0,0.05391599445707583,0.05391599445707583,0.04931624827440828,0.19611411840771303,0.0,0.0,0.5029608011245728,117.76718139648438,67.71397590637207
1764144605.4948318,0.0,0.05050116361156863,0.05050116361156863,0.05803340335842222,0.168094800050603,0.0,0.0,0.3506583273410797,112.62689208984375,66.84374809265137
1764144605.5784414,0.0,0.04708195907201171,0.04708195907201171,0.040644476539455354,0.098094800050603,0.0,0.0,1.6352100372314453,46.11204147338867,73.20094108581543
1764144605.683583,0.0,0.043343511860650094,0.043343511860650094,0.0,0.11648194261942968,0.0,0.0,0.37372711300849915,37.34187316894531,94.77567672729492
1764144605.7654252,0.0,0.038566510950747264,0.038566510950747264,0.020214254036545753,0.07788991325651273,0.0,0.0,0.9277610778808594,45.970733642578125,71.18844985961914
1764144605.8627193,0.0,0.034807886207533355,0.034807886207533355,0.05478854291141033,0.0659313346550332,0.0,0.0,1.0468908548355103,20.445762634277344,86.64989471435547
1764144605.946465,0.0,0.0302925162853668,0.0302925162853668,0.07744150795042515,0.0068976129696236566,0.0,0.0,1.0787140130996704,37.13691711425781,73.34733009338379
1764144606.0204213,0.0,0.026357879557623327,0.026357879557623327,0.007441507950425141,0.07689761296962366,0.0,0.0,1.9707953929901123,16.604822158813477,63.619375228881836
1764144606.0924778,0.0,0.022848801313201765,0.022848801313201765,0.0,0.10152442307327852,0.0,0.0,1.1003456115722656,36.73492431640625,61.7222785949707
1764144606.1681623,0.0,0.01940051375239647,0.01940051375239647,0.025340549647808075,0.13918402345036135,0.0,0.0,0.9754122495651245,35.60377883911133,65.36722183227539
1764144606.240834,0.0,0.01574866437956625,0.01574866437956625,0.019028058275580406,0.19306743816588984,0.0,0.0,0.35672909021377563,97.15283203125,62.360286712646484
1764144606.331094,0.0,0.01221392788973097,0.01221392788973097,0.0745119284838438,0.12306743816588983,0.0,0.0,0.3334070146083832,89.8467788696289,79.91170883178711
1764144606.4072943,0.0,0.007785706822895014,0.007785706822895014,0.024815382435917854,0.14457915307139024,0.0,0.0,0.2743348777294159,64.56425476074219,65.86003303527832
1764144606.5037081,0.0,0.004014357692850902,0.004014357692850902,0.025439626711886376,0.1438539325899908,0.0,0.0,0.415177583694458,73.49940490722656,85.91008186340332
1764144606.5765955,0.0,-0.0007932249053647588,-0.0007932249053647588,0.0,0.07385393258999079,0.0,0.0,0.527065634727478,66.73857116699219,62.39962577819824
1764144606.6536293,0.0,-0.0044551294178325615,-0.0044551294178325615,0.03385927900671959,0.046692308307392294,0.0,0.0,0.3225741982460022,43.71206283569336,66.45631790161133
1764144606.7287424,0.0,-0.008352015027144938,-0.008352015027144938,0.015964524820446968,0.030916508556110556,0.0,0.0,0.14298824965953827,21.119487762451172,64.62669372558594
1764144606.802299,0.0,-0.012171445839090383,-0.012171445839090383,0.02622441854327917,0.016551734217209513,0.0,0.0,0.34360450506210327,16.769466400146484,63.1868839263916
1764144606.8993804,0.0,-0.015940880529961027,-0.015940880529961027,0.0,0.02248810770804971,0.0,0.0,0.2201419174671173,9.766228675842285,86.56525611877441
1764144606.9951181,0.0,-0.020946710874811616,-0.020946710874811616,0.0,0.011567198474658424,0.0,0.0,0.18053150177001953,30.43921661376953,85.16526222229004
1764144607.0727725,0.0,-0.025910927454101146,-0.025910927454101146,0.0,0.01634577362681716,0.0,0.0,0.11134268343448639,39.012916564941406,67.10195541381836
1764144607.1505096,0.0,-0.02996292767807372,-0.02996292767807372,0.0311979241669178,0.0,0.0,0.0,0.1970239281654358,16.19972038269043,67.28076934814453
1764144607.2244058,0.0,-0.03403578461468747,-0.03403578461468747,0.008661080151796341,0.02923027239739895,0.0,0.0,0.24255803227424622,5.308863639831543,63.562870025634766
1764144607.3170617,0.0,-0.03793547884109182,-0.03793547884109182,0.020712442696094513,0.0,0.0,0.0,0.16346199810504913,15.969596862792969,82.05103874206543
1764144607.3995044,0.0,-0.04284450952445313,-0.04284450952445313,0.0,0.0,0.0,0.0,0.3060722351074219,16.810470581054688,71.81620597839355
1764144607.4970443,0.0,-0.04722893811261791,-0.04722893811261791,0.0,0.0,0.0,0.0,0.6035051345825195,13.067239761352539,86.93838119506836
1764144607.5826406,0.0,-0.052432149881932545,-0.052432149881932545,0.007345639634877443,0.006882756017148495,0.0,0.0,0.3594340980052948,21.944538116455078,75.30951499938965
1764144607.671419,0.0,-0.05703626967634591,-0.05703626967634591,8.577946573495865e-05,0.0,0.0,0.0,0.2501044273376465,22.02387046813965,78.1550407409668
1764144607.7478127,0.0,-0.06181093949815492,-0.06181093949815492,0.0,0.0,0.0,0.0,0.30683156847953796,19.612335205078125,65.95730781555176
1764144607.8218055,0.0,-0.06593381960023298,-0.06593381960023298,0.06797409802675247,0.0,0.0,0.0,0.6482842564582825,23.382715225219727,63.73286247253418
1764144607.9263642,0.0,-0.06995031189417414,-0.06995031189417414,0.05226743221282959,0.0009533264674246311,0.0,0.0,0.40183550119400024,7.546167850494385,94.0544605255127
1764144608.0174863,0.0,-0.07564010383921063,-0.07564010383921063,0.046457278076559305,0.026063330937176943,0.0,0.0,0.8481426239013672,11.619474411010742,80.4588794708252
1764144608.1145177,0.0,-0.08059423167120335,-0.08059423167120335,0.045220315107144415,0.08072684006765485,0.0,0.0,0.33930304646492004,46.86383819580078,86.66443824768066
1764144608.210495,0.0,-0.08590480763911512,-0.08590480763911512,0.02294140832964331,0.0570683185942471,0.0,0.0,0.680793285369873,77.58890533447266,85.35385131835938
1764144608.312774,0.0,-0.09115317289114043,-0.09115317289114043,0.03444909548852593,0.06725409952923656,0.0,0.0,0.8075222373008728,25.017276763916016,91.84503555297852
1764144608.396693,0.0,-0.09676995067022683,-0.09676995067022683,0.034450791632821165,0.08357026381418109,0.0,0.0,0.7874636650085449,62.39908981323242,73.38762283325195
1764144608.483848,0.0,-0.1013756015101818,-0.1013756015101818,0.03289584079391261,0.029875535052269697,0.0,0.0,1.181726336479187,121.3590316772461,76.64179801940918
1764144608.562309,0.0,-0.1061682491390236,-0.1061682491390236,0.05083606214827796,0.0,0.0,0.0,1.193318486213684,35.483055114746094,67.95644760131836
1764144608.6614258,0.0,-0.11047746803658028,-0.11047746803658028,0.03486960762745639,0.0,0.0,0.0,2.322903633117676,37.224430084228516,88.78684043884277
1764144608.7379165,0.0,-0.11593843700004139,-0.11593843700004139,0.06187327773875495,0.0,0.0,0.0,2.3530917167663574,22.090770721435547,66.05720520019531
1764144608.810886,0.0,-0.12014703209408806,-0.12014703209408806,0.08599145160621902,0.0,0.0,0.0,2.6407880783081055,31.243337631225586,62.58678436279297
1764144608.8870227,0.0,-0.12416054917293073,-0.12416054917293073,0.10106042315817376,0.0,0.0,0.0,2.2211668491363525,39.72955322265625,65.8273696899414
1764144608.9620895,0.0,-0.1283519937492665,-0.1283519937492665,0.14598612775660058,0.0,0.0,0.0,1.7707606554031372,23.61345672607422,64.71633911132812
1764144609.053246,0.0,-0.1324873095662988,-0.1324873095662988,0.10085612823820611,0.002848049858585,0.0,0.0,1.8872640132904053,11.915303230285645,80.60026168823242
1764144609.1330936,0.0,-0.1374919393998653,-0.1374919393998653,0.07705795308208963,0.0,0.0,0.0,2.922271251678467,38.05936050415039,69.3960189819336
1764144609.214656,0.0,-0.14187055472780236,-0.14187055472780236,0.10520389405644437,0.0,0.0,0.0,2.801360607147217,36.2865104675293,71.26903533935547
1764144609.314846,0.0,-0.14634901397434633,-0.14634901397434633,0.08978942883766194,0.0,0.0,0.0,2.2753913402557373,29.8094539642334,89.73360061645508
1764144609.387642,0.0,-0.15183364568062416,-0.15183364568062416,0.11635264856374761,0.0,0.0,0.0,1.911232829093933,22.8416748046875,62.29066848754883
1764144609.467915,0.0,-0.1558027859216248,-0.1558027859216248,0.14037297768152257,0.0,0.0,0.0,2.4184532165527344,27.257028579711914,69.91457939147949
1764144609.5425045,0.0,-0.16018333964295495,-0.16018333964295495,0.13282051272324225,0.0,0.0,0.0,2.2162253856658936,13.851181030273438,64.05806541442871
1764144609.6145163,0.0,-0.16423348405849067,-0.16423348405849067,0.10842921919754644,0.0,0.0,0.0,2.8283119201660156,27.04153060913086,61.679840087890625
1764144609.6881225,0.0,-0.16814497589249114,-0.16814497589249114,0.10871585359780056,0.0,0.0,0.0,2.225287914276123,18.650537490844727,63.11821937561035
1764144609.7673604,0.0,-0.17213109037954694,-0.17213109037954694,0.1313611352255748,0.03483475744724274,0.0,0.0,2.7803337574005127,37.19908142089844,68.71604919433594
1764144609.8455546,0.0,-0.17640381945529482,-0.17640381945529482,0.12014842865971787,0.08245272561907768,0.0,0.0,1.9126060009002686,16.339847564697266,67.75450706481934
1764144609.9227796,0.0,-0.18060699357909557,-0.18060699357909557,0.19014842865971787,0.1524527256190777,0.0,0.0,3.9310810565948486,86.67520141601562,66.90549850463867
1764144610.00149,0.0,-0.18475383760258532,-0.18475383760258532,0.12014842865971787,0.08245272561907768,0.0,0.0,3.4874038696289062,75.31443786621094,68.18270683288574
1764144610.0787811,0.0,-0.18895814272305758,-0.18895814272305758,0.08665734989551765,0.03340834006667137,0.0,0.0,6.369599342346191,87.65802001953125,66.81275367736816
1764144610.1538227,0.0,-0.19306284773366877,-0.19306284773366877,0.1511886165848182,0.02061685360968113,0.0,0.0,3.8306524753570557,80.82490539550781,64.78357315063477
1764144610.2252498,0.0,-0.19704330561772432,-0.19704330561772432,0.1791125637849973,0.05455518700182438,0.0,0.0,2.6278231143951416,43.870975494384766,61.035871505737305
1764144610.297962,0.0,-0.20081008022191427,-0.20081008022191427,0.11792524805275661,0.0,0.0,0.0,4.954314708709717,61.190223693847656,62.400102615356445
1764144610.3803434,0.0,-0.20463389194512271,-0.20463389194512271,0.1673495014568971,0.0,0.0,0.0,4.8777852058410645,38.82109451293945,71.9764232635498
1764144610.4563937,0.0,-0.208949460076715,-0.208949460076715,0.18345512351004345,0.0025676689110696316,0.0,0.0,5.433509349822998,18.500152587890625,65.47999382019043
1764144610.530075,0.0,-0.21289626563078995,-0.21289626563078995,0.2291597080787824,0.056761575397104025,0.0,0.0,6.866420269012451,51.42091369628906,63.347578048706055
1764144610.6065567,0.0,-0.21671123370460088,-0.21671123370460088,0.2940034893712209,0.12676157539710403,0.0,0.0,3.3799352645874023,35.420352935791016,66.04433059692383
1764144610.6944637,0.0,-0.22064948999350745,-0.22064948999350745,0.3640034893712209,0.1931884709559381,0.0,0.0,4.213295936584473,66.32275390625,77.39400863647461
1764144610.7685156,0.0,-0.22514512495907482,-0.22514512495907482,0.3707612185923563,0.2010379127971828,0.0,0.0,3.722358465194702,40.77256774902344,63.53473663330078
1764144610.847969,0.0,-0.22890714239952983,-0.22890714239952983,0.3089873298255907,0.15010686514899135,0.0,0.0,4.6106791496276855,39.048316955566406,68.93563270568848
1764144610.9258463,0.0,-0.23292255515007645,-0.23292255515007645,0.32569144584221704,0.08010686514899135,0.0,0.0,4.47080659866333,29.21733856201172,67.28577613830566
1764144611.002052,0.0,-0.2368199421176671,-0.2368199421176671,0.3099642555413948,0.1123526650480926,0.0,0.0,5.077719688415527,23.784671783447266,65.83976745605469
1764144611.095558,0.0,-0.240614396301914,-0.240614396301914,0.3017526409773336,0.061766214203089476,0.0,0.0,4.57431173324585,49.197166442871094,83.15777778625488
1764144611.1877718,0.0,-0.2452363044068729,-0.2452363044068729,0.2807680341599689,0.02725278167054057,0.0,0.0,5.0775957107543945,19.4500732421875,81.64191246032715
1764144611.2615857,0.0,-0.24974671423720832,-0.24974671423720832,0.2896348192541109,0.0,0.0,0.0,4.371029376983643,20.600021362304688,63.32039833068848
1764144611.3779335,0.0,-0.2533275395490198,-0.2533275395490198,0.21963481925411088,0.0,0.0,0.0,3.959566593170166,35.4776611328125,105.52549362182617
1764144611.4560175,0.0,-0.25891141664677,-0.25891141664677,0.21334620280174477,0.003662658389657736,0.0,0.0,4.8046064376831055,23.797523498535156,67.65294075012207
1764144611.53366,0.0,-0.2626129145563785,-0.2626129145563785,0.2412039702197717,0.0,0.0,0.0,3.7235424518585205,19.872211456298828,67.33894348144531
1764144611.606233,0.0,-0.26626808766201376,-0.26626808766201376,0.26839688321558697,0.027870075777173042,0.0,0.0,4.231741428375244,23.232318878173828,62.085628509521484
1764144611.6827714,0.0,-0.2696497958849284,-0.2696497958849284,0.2245718342622922,0.008803021162748337,0.0,0.0,4.482211112976074,31.08228302001953,66.09511375427246
1764144611.7793405,0.0,-0.27318707886063043,-0.27318707886063043,0.18793685635534985,0.02502129226922989,0.0,0.0,4.389383316040039,24.243236541748047,85.98756790161133
1764144611.873289,0.0,-0.2775958237174116,-0.2775958237174116,0.2011996218374179,0.09349475055932999,0.0,0.0,5.0705790519714355,27.051549911499023,83.21309089660645
1764144611.966874,0.0,-0.28181163474294385,-0.28181163474294385,0.19006595848111374,0.08925298461690545,0.0,0.0,6.202703952789307,128.95053100585938,83.20140838623047
1764144612.064103,0.0,-0.28597648951039145,-0.28597648951039145,0.26006595848111375,0.15925298461690546,0.0,0.0,4.829282283782959,52.608604431152344,86.50922775268555
1764144612.1610513,0.0,-0.2902287759171921,-0.2902287759171921,0.33006595848111375,0.17625469917431474,0.0,0.0,5.8918256759643555,123.7662353515625,86.27867698669434
1764144612.2501633,0.0,-0.2944054090202065,-0.2944054090202065,0.37775454698113664,0.2185684239305556,0.0,0.0,4.9703474044799805,60.34963607788086,78.45115661621094
1764144612.324326,0.0,-0.2981804298069589,-0.2981804298069589,0.36372125176696046,0.18132475594058634,0.0,0.0,5.11610746383667,97.92377471923828,63.640594482421875
1764144612.4008126,0.0,-0.3012800837044092,-0.3012800837044092,0.43372125176696047,0.2492553053237498,0.0,0.0,5.776059150695801,37.68769073486328,66.12157821655273
1764144612.4744313,0.0,-0.3044356237180994,-0.3044356237180994,0.38859961179999575,0.2758024839498103,0.0,0.0,6.427512168884277,77.48490905761719,63.27199935913086
1764144612.549627,0.0,-0.30743055527165974,-0.30743055527165974,0.45859961179999575,0.24572473781183363,0.0,0.0,7.407024383544922,140.1362762451172,64.89133834838867
1764144612.6232266,0.0,-0.31044989746904805,-0.31044989746904805,0.5285996117999958,0.26467924581840635,0.0,0.0,6.668789386749268,79.65852355957031,63.18545341491699
1764144612.6952736,0.0,-0.31335648741936406,-0.31335648741936406,0.5792722211590218,0.2413589974679053,0.0,0.0,5.445537090301514,62.842281341552734,61.774253845214844
1764144612.7725434,0.0,-0.3161654495871616,-0.3161654495871616,0.6035644424518751,0.24500760615803302,0.0,0.0,5.491889953613281,35.71095275878906,66.79320335388184
1764144612.8500636,0.0,-0.3191242132751685,-0.3191242132751685,0.6026282441125432,0.21782331907190383,0.0,0.0,7.562600612640381,21.477710723876953,67.19779968261719
1764144612.9585555,0.0,-0.32204814432100365,-0.32204814432100365,0.562380710642151,0.27655822404660285,0.0,0.0,8.078901290893555,18.489315032958984,97.98622131347656
1764144613.034645,0.0,-0.3260473138548271,-0.3260473138548271,0.5601294292391459,0.2761497046088334,0.0,0.0,9.230731010437012,20.11608123779297,65.73700904846191
1764144613.109578,0.0,-0.32879459473154804,-0.32879459473154804,0.5747548481703917,0.23964052975527012,0.0,0.0,8.478543281555176,20.196590423583984,64.43071365356445
1764144613.1842625,0.0,-0.3314449779114175,-0.3314449779114175,0.6035052156330267,0.20264615446678363,0.0,0.0,9.217716217041016,48.62588119506836,64.35298919677734
1764144613.2712753,0.0,-0.33404042836109793,-0.33404042836109793,0.6493538869799296,0.23704401731840335,0.0,0.0,7.734639644622803,15.160578727722168,76.57504081726074
1764144613.3586712,0.0,-0.3370055243448598,-0.3370055243448598,0.6806375859559695,0.2223711875488516,0.0,0.0,7.6018595695495605,23.210819244384766,76.65324211120605
1764144613.4492328,0.0,-0.3398991984433645,-0.3398991984433645,0.7,0.1948577896913048,0.0,0.0,7.1916608810424805,16.3008975982666,79.92410659790039
1764144613.549136,0.0,-0.34281991398488143,-0.34281991398488143,0.7,0.2648577896913048,0.0,0.0,6.287440299987793,19.133926391601562,89.56313133239746
1764144613.6268709,0.0,-0.34596055735297493,-0.34596055735297493,0.7,0.2348198780824896,0.0,0.0,6.421576499938965,22.113384246826172,67.06547737121582
1764144613.7000992,0.0,-0.3483262927023594,-0.3483262927023594,0.7,0.2780325563659426,0.0,0.0,5.958643913269043,24.378969192504883,62.85572052001953
1764144613.7742152,0.0,-0.35050384778603894,-0.35050384778603894,0.7,0.30246855710051024,0.0,0.0,5.64013671875,24.487071990966797,63.72356414794922
1764144613.8500984,0.0,-0.3526512702932644,-0.3526512702932644,0.670814824104309,0.2723893133958336,0.0,0.0,5.392050743103027,20.06668472290039,65.39273262023926
1764144613.93442,0.0,-0.3547890310480446,-0.3547890310480446,0.6787406008690595,0.30944724586210215,0.0,0.0,6.201763153076172,25.752918243408203,73.88734817504883
1764144614.0201156,0.0,-0.3570962571641586,-0.3570962571641586,0.6922131644561886,0.26930213179788554,0.0,0.0,6.7023186683654785,24.713300704956055,75.22320747375488
1764144614.1093092,0.0,-0.3593609858083891,-0.3593609858083891,0.6854081305675208,0.2854351719876286,0.0,0.0,5.93605375289917,26.892066955566406,78.66549491882324
1764144614.1816185,0.0,-0.3616341983588359,-0.3616341983588359,0.6844849996152333,0.305258110355353,0.0,0.0,6.991829872131348,11.705829620361328,61.78760528564453
1764144614.2573197,0.0,-0.3634075555266653,-0.3634075555266653,0.6442446708562783,0.2612701768090483,0.0,0.0,6.737612247467041,23.941709518432617,65.38152694702148
1764144614.3392274,0.0,-0.3652104248640123,-0.3652104248640123,0.6540786912548355,0.23989801872870886,0.0,0.0,7.037962436676025,31.96487808227539,71.39730453491211
1764144614.4145885,0.0,-0.3670889482828603,-0.3670889482828603,0.7,0.24378269277862274,0.0,0.0,6.955687522888184,36.382591247558594,64.97859954833984
1764144614.5022402,0.0,-0.3687584163472885,-0.3687584163472885,0.7,0.2159967880730983,0.0,0.0,7.895081996917725,22.02499771118164,77.10552215576172
1764144614.5751805,0.0,-0.3706212989756712,-0.3706212989756712,0.7,0.20380074084154332,0.0,0.0,7.835631847381592,18.194421768188477,62.62063980102539
1764144614.6546423,0.0,-0.37211529055182857,-0.37211529055182857,0.7,0.2126146128436085,0.0,0.0,7.270768165588379,29.252368927001953,68.9535140991211
1764144614.7295299,0.0,-0.3736804185206501,-0.3736804185206501,0.6498185627162456,0.26998563316068613,0.0,0.0,8.206772804260254,18.74888038635254,64.42618370056152
1764144614.8062077,0.0,-0.3750969267237162,-0.3750969267237162,0.7,0.20611353423795664,0.0,0.0,7.819305896759033,63.511627197265625,66.21217727661133
1764144614.8840158,0.0,-0.37649071923483585,-0.37649071923483585,0.6833407178521156,0.179801307808375,0.0,0.0,6.8769354820251465,29.81830596923828,67.32678413391113
1764144615.0030508,0.0,-0.3778474636391785,-0.3778474636391785,0.6999106619507074,0.20507974010310137,0.0,0.0,8.461629867553711,29.23314666748047,108.49714279174805
1764144615.0772514,0.0,-0.37981095219968436,-0.37981095219968436,0.6956124150194227,0.23109885882935488,0.0,0.0,9.479089736938477,33.38542175292969,63.74645233154297
1764144615.1510947,0.0,-0.38096892111032243,-0.38096892111032243,0.7,0.20011466946802103,0.0,0.0,7.220623016357422,23.684354782104492,63.27629089355469
1764144615.238788,0.0,-0.3820695848889718,-0.3820695848889718,0.6902142845094204,0.14874535631737673,0.0,0.0,7.675007343292236,27.665109634399414,77.10146903991699
1764144615.345729,0.0,-0.3833109462283222,-0.3833109462283222,0.7,0.13601535484544003,0.0,0.0,7.129068374633789,21.713138580322266,96.62222862243652
1764144615.422089,0.0,-0.38473548320191925,-0.38473548320191925,0.7,0.10450473353615963,0.0,0.0,7.263680458068848,18.39978790283203,65.96088409423828
1764144615.5066762,0.0,-0.38569300987959787,-0.38569300987959787,0.6299999999999999,0.0983329817687627,0.0,0.0,7.49823522567749,26.241209030151367,73.92263412475586
1764144615.583047,0.0,-0.3866925578551086,-0.3866925578551086,0.5599999999999998,0.13636067435494625,0.0,0.0,7.238110542297363,22.03807830810547,65.71292877197266
1764144615.656419,0.0,-0.3875417985785153,-0.3875417985785153,0.5340564767271279,0.10345595255843365,0.0,0.0,6.397778034210205,27.029460906982422,62.98398971557617
1764144615.7305877,0.0,-0.3883127137029055,-0.3883127137029055,0.583537492379546,0.09610861558816397,0.0,0.0,4.977072715759277,15.037773132324219,63.855886459350586
1764144615.8068507,0.0,-0.38904864328573185,-0.38904864328573185,0.5135374923795459,0.03801473249099219,0.0,0.0,7.756690502166748,27.2934627532959,65.89531898498535
1764144615.8808146,0.0,-0.3897581508499884,-0.3897581508499884,0.44353749237954593,0.08178246040246451,0.0,0.0,7.499282360076904,22.923795700073242,63.689231872558594
1764144615.9684563,0.0,-0.3904041723523999,-0.3904041723523999,0.5098718442767856,0.06819262840203011,0.0,0.0,8.792881965637207,59.065399169921875,77.12054252624512
1764144616.0437336,0.0,-0.3911119903389784,-0.3911119903389784,0.5798718442767856,0.0,0.0,0.0,4.873710632324219,35.636497497558594,64.96000289916992
1764144616.1509817,0.0,-0.3916740868281391,-0.3916740868281391,0.6498718442767857,0.0,0.0,0.0,4.990367412567139,25.161266326904297,96.93360328674316
1764144616.254392,0.0,-0.3924024926579184,-0.3924024926579184,0.5798718442767856,0.027394849807024002,0.0,0.0,5.451459884643555,23.582439422607422,92.9408073425293
1764144616.330056,0.0,-0.39302515023441553,-0.39302515023441553,0.5791871554777024,0.09739484980702401,0.0,0.0,7.9462690353393555,21.81201934814453,65.0937557220459
1764144616.4012341,0.0,-0.39343076010430805,-0.39343076010430805,0.5179713040217755,0.12179648101329804,0.0,0.0,6.620486259460449,31.2136287689209,60.873985290527344
1764144616.4936411,0.0,-0.39377740728999355,-0.39377740728999355,0.507782033421099,0.12982323922216893,0.0,0.0,5.500949859619141,42.988792419433594,81.9554328918457
1764144616.5799522,0.0,-0.39417557785074286,-0.39417557785074286,0.5232604302093384,0.16871280752122403,0.0,0.0,7.060656547546387,51.32395553588867,75.70099830627441
1764144616.653293,0.0,-0.39449509326394755,-0.39449509326394755,0.46518569510430074,0.09871280752122402,0.0,0.0,7.932980537414551,51.61942672729492,62.803030014038086
1764144616.7265327,0.0,-0.3947280542789982,-0.3947280542789982,0.4806335016712544,0.05212347395718098,0.0,0.0,7.755036354064941,44.060604095458984,62.937259674072266
1764144616.8011928,0.0,-0.39492686776440333,-0.39492686776440333,0.46266558837145544,0.12212347395718098,0.0,0.0,7.985074520111084,35.656978607177734,64.2390251159668
1764144616.8731732,0.0,-0.3950945047742885,-0.3950945047742885,0.5326655883714555,0.05212347395718098,0.0,0.0,9.260756492614746,37.0567626953125,61.70964241027832
1764144616.9488704,0.0,-0.39522389118031,-0.39522389118031,0.5012170751020311,0.06852939538657665,0.0,0.0,7.904019832611084,32.372283935546875,65.35983085632324
1764144617.0460188,0.0,-0.3953261801568602,-0.3953261801568602,0.43121707510203106,0.0,0.0,0.0,8.097564697265625,27.091060638427734,86.85541152954102
1764144617.141263,0.0,-0.3954082202662888,-0.3954082202662888,0.42676937557756883,0.0,0.0,0.0,8.035383224487305,43.284088134765625,84.69772338867188
1764144617.2229493,0.0,-0.3954360863571827,-0.3954360863571827,0.4129235723614691,0.0520457848906517,0.0,0.0,12.821988105773926,63.46244812011719,71.05541229248047
1764144617.2933397,0.0,-0.3954198588120988,-0.3954198588120988,0.38584945142269117,0.007389448583126068,0.0,0.0,8.562254905700684,64.02590942382812,60.08791923522949
1764144617.369229,0.0,-0.3953768118542426,-0.3953768118542426,0.31584945142269116,0.009837902151048183,0.0,0.0,12.663488388061523,80.94438171386719,65.37747383117676
1764144617.4547367,0.0,-0.39530127501485457,-0.39530127501485457,0.3610451352596281,0.011234612786211073,0.0,0.0,11.788416862487793,122.403564453125,75.18815994262695
1764144617.5475729,0.0,-0.3951804556620275,-0.3951804556620275,0.2910451352596281,0.025271246791817248,0.0,0.0,11.412952423095703,88.78268432617188,82.34071731567383
1764144617.6220243,0.0,-0.39500823195787077,-0.39500823195787077,0.3610451352596281,0.0,0.0,0.0,12.95654582977295,104.76658630371094,64.16082382202148
1764144617.6939356,0.0,-0.3948396716310077,-0.3948396716310077,0.4053775314986704,0.06938710063695908,0.0,0.0,12.666363716125488,26.44165802001953,61.54608726501465
1764144617.7709596,0.0,-0.39465229683000863,-0.39465229683000863,0.4418752734363077,0.04411415942013264,0.0,0.0,12.577652931213379,39.74095916748047,66.69044494628906
1764144617.8526297,0.0,-0.3944250825642346,-0.3944250825642346,0.4268773366510866,0.0,0.0,0.0,8.970463752746582,119.91665649414062,71.17843627929688
1764144617.9254205,0.0,-0.39415533664985747,-0.39415533664985747,0.49687733665108663,0.0,0.0,0.0,11.781058311462402,40.62874984741211,62.19768524169922
1764144618.0039902,0.0,-0.39389167432799016,-0.39389167432799016,0.49926640792749805,0.07,0.0,0.0,9.624955177307129,27.623550415039062,68.27783584594727
1764144618.0929782,0.0,-0.39358140712890854,-0.39358140712890854,0.4338246728386728,0.10786449879407883,0.0,0.0,8.518474578857422,29.137962341308594,78.56583595275879
1764144618.166213,0.0,-0.3931997847843073,-0.3931997847843073,0.5038246728386728,0.14114625722169877,0.0,0.0,7.71082067489624,41.21297836303711,62.73913383483887
1764144618.2509139,0.0,-0.39286322882503205,-0.39286322882503205,0.5328839469607918,0.18425777897238732,0.0,0.0,7.353213787078857,48.53449630737305,74.19633865356445
1764144618.321568,0.0,-0.39244921059201676,-0.39244921059201676,0.5572147808875887,0.21853314310312272,0.0,0.0,8.51306438446045,50.845672607421875,60.330867767333984
1764144618.3929546,0.0,-0.3920834250731403,-0.3920834250731403,0.5655471442174165,0.2438424450159073,0.0,0.0,7.982626438140869,53.40397644042969,60.892581939697266
1764144618.4697447,0.0,-0.39169655528773667,-0.39169655528773667,0.6355471442174165,0.3138424450159073,0.0,0.0,9.353078842163086,62.983360290527344,66.32590293884277
1764144618.561601,0.0,-0.39126212451157594,-0.39126212451157594,0.7,0.2790519812703133,0.0,0.0,8.420259475708008,67.70927429199219,81.56824111938477
1764144618.663467,0.0,-0.39071622236913617,-0.39071622236913617,0.7,0.20905198127031327,0.0,0.0,8.4214506149292,27.097232818603516,91.38345718383789
1764144618.7624335,0.0,-0.3900810694740405,-0.3900810694740405,0.6400006383657455,0.17392285883426667,0.0,0.0,8.336124420166016,28.035036087036133,88.33050727844238
1764144618.837328,0.0,-0.38943624506314434,-0.38943624506314434,0.6520889315754175,0.1638915451988578,0.0,0.0,9.238995552062988,21.772945404052734,64.38565254211426
1764144618.935975,0.0,-0.3889317774390077,-0.3889317774390077,0.623603443428874,0.2006547662243247,0.0,0.0,8.349108695983887,23.35933494567871,88.32097053527832
1764144619.0470834,0.0,-0.38824305371613116,-0.38824305371613116,0.6930341374129056,0.21502281975001097,0.0,0.0,8.354092597961426,21.98282241821289,100.55184364318848
1764144619.1423378,0.0,-0.3874397557587802,-0.3874397557587802,0.6997260486707091,0.2712908672913909,0.0,0.0,8.060391426086426,19.748218536376953,84.53607559204102
1764144619.2365575,0.0,-0.3867310161336238,-0.3867310161336238,0.6979938436299562,0.2644843912497163,0.0,0.0,8.330638885498047,16.71239471435547,83.59861373901367
1764144619.3193598,0.0,-0.3860128761533688,-0.3860128761533688,0.7,0.2950699056312442,0.0,0.0,8.082134246826172,24.23987579345703,72.54838943481445
1764144619.414255,0.0,-0.385366428601748,-0.385366428601748,0.7,0.3463677900657058,0.0,0.0,8.706338882446289,29.81319236755371,84.57708358764648
1764144619.527221,0.0,-0.3846102666287364,-0.3846102666287364,0.6926238823682069,0.32974945817142726,0.0,0.0,9.075456619262695,62.51751708984375,102.32424736022949
1764144619.616892,0.0,-0.38369491560113345,-0.38369491560113345,0.7,0.2775814502313733,0.0,0.0,7.633091926574707,45.71596145629883,79.23674583435059
1764144619.7002654,0.0,-0.38295546315702744,-0.38295546315702744,0.7,0.23684168670326472,0.0,0.0,7.578628063201904,27.935626983642578,72.9670524597168
1764144619.7739615,0.0,-0.38225844306857076,-0.38225844306857076,0.6407087378203868,0.22231650229543448,0.0,0.0,9.198325157165527,30.543352127075195,63.16661834716797
1764144619.853089,0.0,-0.3816373742634934,-0.3816373742634934,0.6927673786878585,0.22296923508867622,0.0,0.0,8.361533164978027,19.44647979736328,68.70150566101074
1764144619.9267313,0.0,-0.3809649145619645,-0.3809649145619645,0.6919971496565267,0.2158062087185681,0.0,0.0,8.466548919677734,26.834850311279297,63.20381164550781
1764144620.004766,0.0,-0.3803339845191789,-0.3803339845191789,0.6853682693792507,0.18012271093204618,0.0,0.0,7.416143417358398,41.154685974121094,67.47555732727051
1764144620.079322,0.0,-0.37966191840480185,-0.37966191840480185,0.7,0.21983503939583898,0.0,0.0,6.291841506958008,15.423148155212402,63.925981521606445
1764144620.1541274,0.0,-0.37901819968806744,-0.37901819968806744,0.6370886161923408,0.19087548011913896,0.0,0.0,6.803946495056152,33.94466781616211,64.24403190612793
1764144620.226273,0.0,-0.37837033400026127,-0.37837033400026127,0.601408415287733,0.22252400422468782,0.0,0.0,6.701562881469727,15.215417861938477,61.82360649108887
1764144620.2986987,0.0,-0.37774300871925437,-0.37774300871925437,0.5903623847290873,0.20404503697529436,0.0,0.0,7.126560688018799,19.453807830810547,62.02340126037598
1764144620.3765054,0.0,-0.37711277979946534,-0.37711277979946534,0.594792506005615,0.1927781637571752,0.0,0.0,7.291107654571533,44.306129455566406,67.28124618530273
1764144620.441853,0.0,-0.3764363308042942,-0.3764363308042942,0.5323040991090238,0.18131818545982242,0.0,0.0,7.978748798370361,30.855899810791016,54.72064018249512
1764144620.5050352,0.0,-0.37586925896425605,-0.37586925896425605,0.5411337281577289,0.1134883157722652,0.0,0.0,7.438183307647705,43.68769454956055,52.779197692871094
1764144620.5708256,0.0,-0.37532198771828296,-0.37532198771828296,0.5686898532323539,0.10775512147694827,0.0,0.0,6.8311028480529785,33.12880325317383,55.352210998535156
1764144620.6350906,0.0,-0.37475360683418474,-0.37475360683418474,0.5255645516328513,0.06679572228342295,0.0,0.0,5.616151332855225,19.445152282714844,53.88617515563965
1764144620.7009199,0.0,-0.374200428877966,-0.374200428877966,0.5251061809714883,0.05571015428751708,0.0,0.0,6.2144856452941895,26.758087158203125,55.40204048156738
1764144620.768214,0.0,-0.37363663333746583,-0.37363663333746583,0.4932090682443231,0.007776847742497928,0.0,0.0,6.313270092010498,18.825340270996094,56.84685707092285
1764144620.8334396,0.0,-0.3730640428367732,-0.3730640428367732,0.5257666637655347,0.011263142507523305,0.0,0.0,6.653892993927002,19.030780792236328,54.86130714416504
1764144620.8962011,0.0,-0.3725120032712066,-0.3725120032712066,0.5455735684838146,0.019620844330638654,0.0,0.0,5.565361022949219,19.376293182373047,52.3223876953125
1764144620.9760695,0.0,-0.3719847621203849,-0.3719847621203849,0.5767668546643108,0.08962084433063866,0.0,0.0,5.384273529052734,27.001087188720703,69.41413879394531
1764144621.0444026,0.0,-0.3713202463717429,-0.3713202463717429,0.5067668546643107,0.15962084433063867,0.0,0.0,7.536283016204834,31.039325714111328,57.843685150146484
1764144621.1078174,0.0,-0.37075873098569145,-0.37075873098569145,0.5391054999735205,0.11656959777697923,0.0,0.0,5.11921501159668,47.483673095703125,53.115129470825195
1764144621.1747699,0.0,-0.37024177197265035,-0.37024177197265035,0.5757791389431803,0.18656959777697923,0.0,0.0,5.236316204071045,27.236614227294922,56.479454040527344
1764144621.238376,0.0,-0.3697028570896278,-0.3697028570896278,0.6457791389431804,0.14647194763645532,0.0,0.0,5.327601909637451,33.681800842285156,53.110361099243164
1764144621.300958,0.0,-0.36919860325367987,-0.36919860325367987,0.6236488153692334,0.17864291390404108,0.0,0.0,5.136799335479736,22.352584838867188,52.28447914123535
1764144621.3672307,0.0,-0.36870749066596675,-0.36870749066596675,0.5536488153692334,0.11737706160172823,0.0,0.0,5.943909645080566,27.315235137939453,55.8774471282959
1764144621.4317548,0.0,-0.36819564135971533,-0.36819564135971533,0.4948363088723271,0.14149588925763967,0.0,0.0,7.547257900238037,23.439315795898438,54.01301383972168
1764144621.4986274,0.0,-0.3677063974082965,-0.3677063974082965,0.560068585788831,0.21149588925763968,0.0,0.0,7.937346458435059,44.025169372558594,56.57792091369629
1764144621.562812,0.0,-0.3672070934740294,-0.3672070934740294,0.6126067460235207,0.19408417856320742,0.0,0.0,8.428356170654297,44.02413558959961,53.845882415771484
1764144621.6281369,0.0,-0.36673753986179486,-0.36673753986179486,0.6201554703246801,0.21337570054456595,0.0,0.0,7.304388999938965,36.28886413574219,55.069923400878906
1764144621.7072923,0.0,-0.36626810476385396,-0.36626810476385396,0.573981137825176,0.21266762414015833,0.0,0.0,8.384984970092773,41.59925079345703,68.70555877685547
1764144621.791522,0.0,-0.3657139988355764,-0.3657139988355764,0.5093796196114271,0.14266762414015832,0.0,0.0,6.451364994049072,72.9669189453125,73.81486892700195
1764144621.8529832,0.0,-0.36514172341164697,-0.36514172341164697,0.49322495038621117,0.09517363362945619,0.0,0.0,9.237448692321777,52.003108978271484,51.13101005554199
1764144621.9158661,0.0,-0.3647346186487851,-0.3647346186487851,0.5532926599215715,0.09526636941271138,0.0,0.0,8.306687355041504,19.886768341064453,52.24180221557617
1764144621.985088,0.0,-0.3643310403002783,-0.3643310403002783,0.6232926599215716,0.025565651486685992,0.0,0.0,6.331180095672607,23.981210708618164,58.736324310302734
1764144622.0505736,0.0,-0.3638993211039153,-0.3638993211039153,0.5532926599215715,0.09257492167787862,0.0,0.0,6.027393341064453,36.07843017578125,55.1304817199707
1764144622.1423755,0.0,-0.3635039547545566,-0.3635039547545566,0.5253236348461359,0.09131926101079446,0.0,0.0,8.05535888671875,23.109130859375,81.43925666809082
1764144622.2037354,0.0,-0.3629720442174311,-0.3629720442174311,0.5215134246926754,0.15485464584460717,0.0,0.0,6.477765083312988,28.804840087890625,50.881147384643555
1764144622.2927275,0.0,-0.3626313171762656,-0.3626313171762656,0.45151342469267536,0.08485464584460717,0.0,0.0,6.682283401489258,45.70360565185547,78.34005355834961
1764144622.3586698,0.0,-0.3621617231093566,-0.3621617231093566,0.4543243504036217,0.1160848217122839,0.0,0.0,8.834466934204102,22.232162475585938,55.529117584228516
1764144622.4316971,0.0,-0.3618317768434687,-0.3618317768434687,0.5243243504036217,0.18378409017255765,0.0,0.0,7.209937572479248,63.02427673339844,62.75773048400879
1764144622.5051885,0.0,-0.36148409924621716,-0.36148409924621716,0.5943243504036217,0.19382246509572726,0.0,0.0,6.13447380065918,50.20844268798828,63.0183219909668
1764144622.578539,0.0,-0.3611551977235875,-0.3611551977235875,0.6643243504036218,0.13486832306167346,0.0,0.0,6.244465351104736,24.409069061279297,62.99161911010742
1764144622.6525695,0.0,-0.3608477025356633,-0.3608477025356633,0.6912780066300184,0.1608243875243352,0.0,0.0,8.140883445739746,27.201740264892578,63.57622146606445
1764144622.731342,0.0,-0.36055967634671654,-0.36055967634671654,0.6302752082515508,0.20537118912121516,0.0,0.0,4.56943941116333,23.418888092041016,68.21894645690918
1764144622.8397248,0.0,-0.36027849075013657,-0.36027849075013657,0.5779467334318906,0.20402850881597262,0.0,0.0,5.197138786315918,26.293426513671875,97.91326522827148
1764144622.928198,0.0,-0.35993515676538224,-0.35993515676538224,0.6460988109279424,0.22501690425357085,0.0,0.0,6.136524677276611,23.40986442565918,77.81720161437988
1764144623.0050893,0.0,-0.359694949125622,-0.359694949125622,0.7,0.23195046298584204,0.0,0.0,5.757444381713867,44.15803909301758,66.49041175842285
1764144623.081889,0.0,-0.35951549307811115,-0.35951549307811115,0.6618434831500053,0.2951083641537116,0.0,0.0,5.482498645782471,19.182720184326172,66.46585464477539
1764144623.17808,0.0,-0.35936454503366305,-0.35936454503366305,0.6854929279536008,0.329704643417208,0.0,0.0,7.7209649085998535,29.442365646362305,85.84332466125488
1764144623.2706373,0.0,-0.3592165085348452,-0.3592165085348452,0.6301392640918493,0.2717896301337169,0.0,0.0,6.873465538024902,36.8986930847168,81.9084644317627
1764144623.3483624,0.0,-0.35911911438770616,-0.35911911438770616,0.7,0.2840546427332447,0.0,0.0,7.533051490783691,40.90755081176758,67.20280647277832
1764144623.421444,0.0,-0.3590721385257375,-0.3590721385257375,0.7,0.3309155909382389,0.0,0.0,7.163599014282227,30.42953109741211,62.77322769165039
1764144623.5019999,0.0,-0.35905771437682493,-0.35905771437682493,0.7,0.2831098234318779,0.0,0.0,6.608760833740234,33.34761047363281,70.22404670715332
1764144623.5787356,0.0,-0.3590761688817774,-0.3590761688817774,0.679718193411827,0.2511470934413956,0.0,0.0,8.64805793762207,49.130897521972656,66.2989616394043
1764144623.6545172,0.0,-0.3591280783460986,-0.3591280783460986,0.7,0.21776669677725297,0.0,0.0,6.9679856300354,30.32818603515625,65.40513038635254
1764144623.732239,0.0,-0.35921290131728,-0.35921290131728,0.7,0.16004906800022584,0.0,0.0,7.1349382400512695,17.091501235961914,67.42477416992188
1764144623.8064556,0.0,-0.35933576291779823,-0.35933576291779823,0.7,0.23004906800022584,0.0,0.0,6.884039878845215,19.44647979736328,63.67206573486328
1764144623.9008944,0.0,-0.359486848112902,-0.359486848112902,0.7,0.2710863741897629,0.0,0.0,7.573914051055908,20.676864624023438,84.17844772338867
1764144623.9801588,0.0,-0.35972938497853424,-0.35972938497853424,0.7,0.22436429363122445,0.0,0.0,7.813332557678223,32.667022705078125,68.85313987731934
1764144624.0541728,0.0,-0.3599766624489292,-0.3599766624489292,0.7,0.2294765956551419,0.0,0.0,6.209917068481445,31.130632400512695,63.67683410644531
1764144624.128677,0.0,-0.3602448356324051,-0.3602448356324051,0.7,0.25124981103843314,0.0,0.0,6.499821662902832,19.326797485351562,64.06211853027344
1764144624.2054827,0.0,-0.36055137279696925,-0.36055137279696925,0.7,0.22485576978331667,0.0,0.0,6.186151504516602,22.70215606689453,66.39719009399414
1764144624.28177,0.0,-0.36090539940185684,-0.36090539940185684,0.7,0.23350911064451796,0.0,0.0,5.8144330978393555,27.45166778564453,65.75298309326172
1764144624.3535528,0.0,-0.3612938051375937,-0.3612938051375937,0.6299999999999999,0.22048287874466044,0.0,0.0,6.59464168548584,33.45331954956055,61.45524978637695
1764144624.4308176,0.0,-0.3616932276548124,-0.3616932276548124,0.7,0.2406131554246531,0.0,0.0,6.812330722808838,30.373870849609375,66.94340705871582
1764144624.5196638,0.0,-0.36215965226819374,-0.36215965226819374,0.6444359689950943,0.23641803663602334,0.0,0.0,5.8636794090271,19.63161277770996,78.24158668518066
1764144624.5947037,0.0,-0.3627401448713297,-0.3627401448713297,0.6506673072464764,0.22166892968496543,0.0,0.0,6.008495330810547,28.270828247070312,64.35227394104004
1764144624.6833222,0.0,-0.36326556540686744,-0.36326556540686744,0.6529660698026418,0.25424959965428573,0.0,0.0,7.158674240112305,39.34977340698242,78.08065414428711
1764144624.7581174,0.0,-0.3639281459189354,-0.3639281459189354,0.5968014288693666,0.21747657366475326,0.0,0.0,6.431279182434082,40.85082244873047,64.43285942077637
1764144624.836584,0.0,-0.36452242169540566,-0.36452242169540566,0.6624218586832284,0.23164372787257892,0.0,0.0,8.16793441772461,44.03788757324219,68.10688972473145
1764144624.9093215,0.0,-0.36517867205526566,-0.36517867205526566,0.7,0.17200558156153423,0.0,0.0,7.978729248046875,33.94342803955078,62.45255470275879
1764144624.9834716,0.0,-0.36581752119850447,-0.36581752119850447,0.7,0.22894050449511272,0.0,0.0,7.346454620361328,22.467987060546875,63.776493072509766
1764144625.0799918,0.0,-0.3664976028492631,-0.3664976028492631,0.6979980122298002,0.18269393861672145,0.0,0.0,6.013926982879639,23.82282257080078,86.09580993652344
1764144625.1766827,0.0,-0.36742509622450065,-0.36742509622450065,0.6998147533042356,0.17913289962714773,0.0,0.0,8.493321418762207,17.844440460205078,86.23075485229492
1764144625.2594767,0.0,-0.3684014916727669,-0.3684014916727669,0.6315819711191579,0.24635437725490195,0.0,0.0,7.983481407165527,26.86116600036621,72.19433784484863
1764144625.35296,0.0,-0.3692725184960942,-0.3692725184960942,0.6671510652406141,0.2319057186917053,0.0,0.0,8.077301979064941,63.3675537109375,82.86666870117188
1764144625.4343753,0.0,-0.37029430661703416,-0.37029430661703416,0.6662153603858314,0.24109084381168944,0.0,0.0,7.4880595207214355,22.522003173828125,70.93119621276855
1764144625.50965,0.0,-0.3712162661054081,-0.3712162661054081,0.7,0.2200068276227103,0.0,0.0,9.043478012084961,47.12348556518555,64.9564266204834
1764144625.5823243,0.0,-0.3720958574951157,-0.3720958574951157,0.7,0.22614632489538056,0.0,0.0,7.527088642120361,18.55942726135254,62.355756759643555
1764144625.6758955,0.0,-0.37296978566696193,-0.37296978566696193,0.7,0.22163511662191016,0.0,0.0,7.764670372009277,51.18889617919922,83.03356170654297
1764144625.7703876,0.0,-0.37412685688567876,-0.37412685688567876,0.7,0.23373361712699992,0.0,0.0,7.692768096923828,24.605239868164062,83.84394645690918
1764144625.8480482,0.0,-0.37532849093177234,-0.37532849093177234,0.7,0.25502386352425677,0.0,0.0,8.113606452941895,34.648109436035156,67.18134880065918
1764144625.9375331,0.0,-0.3763420883915573,-0.3763420883915573,0.7,0.27687186411028963,0.0,0.0,8.805563926696777,32.7744140625,79.16450500488281
1764144626.026273,0.0,-0.37754123763856495,-0.37754123763856495,0.6970709562767297,0.2776235597059713,0.0,0.0,9.12208080291748,56.37840270996094,78.06873321533203
1764144626.1016483,0.0,-0.3787572068522667,-0.3787572068522667,0.7,0.2271663503572927,0.0,0.0,7.392497539520264,40.41058349609375,64.87202644348145
1764144626.187236,0.0,-0.3798102675553757,-0.3798102675553757,0.7,0.20328583883499962,0.0,0.0,7.161949634552002,34.75148010253906,75.25420188903809
1764144626.2698166,0.0,-0.3810313383548988,-0.3810313383548988,0.6299999999999999,0.1411574626193033,0.0,0.0,8.325142860412598,28.2935733795166,72.14117050170898
1764144626.3466668,0.0,-0.3822317626637761,-0.3822317626637761,0.6148156552761792,0.14036270045588028,0.0,0.0,7.524527549743652,18.340986251831055,66.33639335632324
1764144626.419491,0.0,-0.3833655985412105,-0.3833655985412105,0.6847173228114842,0.18623366393992913,0.0,0.0,6.597923755645752,37.61602020263672,62.525033950805664
1764144626.4949064,0.0,-0.38445923274412436,-0.38445923274412436,0.7,0.20734286122868073,0.0,0.0,7.1924004554748535,25.77318572998047,64.92042541503906
1764144626.596367,0.0,-0.3856071560566401,-0.3856071560566401,0.7,0.2031491203318001,0.0,0.0,6.971991539001465,25.031787872314453,90.90924263000488
1764144626.6905472,0.0,-0.387175317729502,-0.387175317729502,0.7,0.14634027984837306,0.0,0.0,7.532962322235107,20.4906063079834,83.41836929321289
1764144626.7659614,0.0,-0.3886505968326647,-0.3886505968326647,0.6774868879467248,0.163666986868775,0.0,0.0,7.941436767578125,23.01506805419922,65.08421897888184
1764144626.86077,0.0,-0.3898510255135956,-0.3898510255135956,0.6694646690040826,0.20212042425671828,0.0,0.0,6.828563690185547,20.741931915283203,84.38730239868164
1764144626.9510825,0.0,-0.39137803944792876,-0.39137803944792876,0.6365216176956892,0.22760270816186678,0.0,0.0,8.266369819641113,32.39185333251953,79.78367805480957
1764144627.031875,0.0,-0.39284744081204837,-0.39284744081204837,0.6786813575774431,0.2093912782231928,0.0,0.0,7.377567291259766,34.8133544921875,70.42670249938965
1764144627.1044898,0.0,-0.3941776759552554,-0.3941776759552554,0.7,0.197764008314407,0.0,0.0,8.499313354492188,31.129053115844727,62.26229667663574
1764144627.2075248,0.0,-0.39538492289218935,-0.39538492289218935,0.6764139931648969,0.267764008314407,0.0,0.0,10.296977043151855,21.982810974121094,92.20027923583984
1764144627.3095613,0.0,-0.39711259108914043,-0.39711259108914043,0.7,0.2705202414086671,0.0,0.0,8.938928604125977,33.42919158935547,91.38941764831543
1764144627.38334,0.0,-0.39883513033402784,-0.39883513033402784,0.7,0.2500276876977296,0.0,0.0,8.18593978881836,40.54991149902344,63.47918510437012
1764144627.4614487,0.0,-0.40009364751013415,-0.40009364751013415,0.6340173974633216,0.21631630644114924,0.0,0.0,10.583456039428711,49.06847381591797,67.66796112060547
1764144627.5455067,0.0,-0.4014322768206053,-0.4014322768206053,0.6083604831248521,0.18698776461096717,0.0,0.0,9.306098937988281,52.185508728027344,73.62127304077148
1764144627.6193297,0.0,-0.40288006418722894,-0.40288006418722894,0.6263995885848999,0.20921854063781214,0.0,0.0,10.590659141540527,25.552200317382812,63.45224380493164
1764144627.6972048,0.0,-0.4041598165696218,-0.4041598165696218,0.6075317271053791,0.13921854063781214,0.0,0.0,9.532474517822266,33.57323455810547,67.34180450439453
1764144627.774807,0.0,-0.4055131180286516,-0.4055131180286516,0.6029086474329233,0.1091753949961276,0.0,0.0,9.711705207824707,25.21771812438965,67.08407402038574
1764144627.8509514,0.0,-0.4068646822573277,-0.4068646822573277,0.6012462121900171,0.10094179656269264,0.0,0.0,10.58249282836914,27.185928344726562,65.84525108337402
1764144627.9271138,0.0,-0.4081970064731144,-0.4081970064731144,0.5744290431495755,0.030941796562692636,0.0,0.0,8.255230903625488,32.60978698730469,65.83213806152344
1764144628.009716,0.0,-0.40953318949513695,-0.40953318949513695,0.6444290431495756,0.06538608770730209,0.0,0.0,8.8005952835083,20.476524353027344,72.16334342956543
1764144628.0822873,0.0,-0.4109834322724524,-0.4109834322724524,0.7,0.1353860877073021,0.0,0.0,7.480487823486328,18.89942169189453,62.17551231384277
1764144628.1816177,0.0,-0.4122593411744892,-0.4122593411744892,0.6553316123783588,0.12273695763113213,0.0,0.0,8.123236656188965,27.236778259277344,89.00594711303711
1764144628.2758665,0.0,-0.4140140851146475,-0.4140140851146475,0.6706230415031313,0.102377562559268,0.0,0.0,8.005523681640625,28.843475341796875,83.4193229675293
1764144628.354315,0.0,-0.4156675257061709,-0.4156675257061709,0.6506109440699219,0.15087248641910267,0.0,0.0,7.569954872131348,23.191049575805664,67.92712211608887
1764144628.4319568,0.0,-0.4170469211363684,-0.4170469211363684,0.6443224840797483,0.17838960584165764,0.0,0.0,9.459300994873047,44.5587272644043,67.11935997009277
1764144628.5079792,0.0,-0.4184101127568635,-0.4184101127568635,0.6893817291595041,0.24838960584165765,0.0,0.0,8.943782806396484,21.472917556762695,65.63496589660645
1764144628.5805032,0.0,-0.4197416355290003,-0.4197416355290003,0.7,0.18921957205893708,0.0,0.0,9.164308547973633,35.74153137207031,62.197208404541016
1764144628.6750407,0.0,-0.42101020618861945,-0.42101020618861945,0.7,0.20355238620104504,0.0,0.0,8.521994590759277,27.87984848022461,84.22493934631348
1764144628.7846272,0.0,-0.4226625646662015,-0.4226625646662015,0.6696012809872627,0.14852319139899922,0.0,0.0,9.080467224121094,27.655532836914062,98.93059730529785
1764144628.8750489,0.0,-0.42456408770638415,-0.42456408770638415,0.6435970261693,0.20103904832067204,0.0,0.0,9.075109481811523,19.35074234008789,79.78582382202148
1764144628.9616807,0.0,-0.4261223827546972,-0.4261223827546972,0.6532278757542371,0.27103904832067205,0.0,0.0,11.383768081665039,27.620359420776367,76.11942291259766
1764144629.0414772,0.0,-0.427607241114008,-0.427607241114008,0.5832278757542371,0.20103904832067204,0.0,0.0,11.596830368041992,61.70110321044922,69.46873664855957
1764144629.1153848,0.0,-0.42896777621510185,-0.42896777621510185,0.6532278757542371,0.17953090969385815,0.0,0.0,11.213827133178711,64.27114868164062,63.5838508605957
1764144629.1886551,0.0,-0.43022157590591337,-0.43022157590591337,0.6746593423187732,0.12039029080333424,0.0,0.0,8.598527908325195,28.288776397705078,62.78061866760254
1764144629.2612736,0.0,-0.4314561367951333,-0.4314561367951333,0.6821178377605974,0.17953472066583348,0.0,0.0,9.627127647399902,17.66259765625,62.0417594909668
1764144629.341563,0.0,-0.4326719212672474,-0.4326719212672474,0.7,0.10953472066583347,0.0,0.0,10.320792198181152,32.9271240234375,69.68426704406738
1764144629.4131775,0.0,-0.433998523534274,-0.433998523534274,0.7,0.11593984836625171,0.0,0.0,10.248723983764648,24.795194625854492,61.345815658569336
1764144629.492355,0.0,-0.4351774946771167,-0.4351774946771167,0.6725851137191057,0.11253442336717856,0.0,0.0,10.288553237915039,33.214561462402344,68.68863105773926
1764144629.566504,0.0,-0.43646752671913314,-0.43646752671913314,0.7,0.12425218709657204,0.0,0.0,9.356690406799316,26.666488647460938,63.63344192504883
1764144629.644651,0.0,-0.437663265650465,-0.437663265650465,0.6800109565258026,0.19425218709657205,0.0,0.0,11.433046340942383,27.329130172729492,67.64507293701172
1764144629.7234042,0.0,-0.4389113483596366,-0.4389113483596366,0.7,0.17289407894859327,0.0,0.0,12.471116065979004,43.222991943359375,68.13693046569824
1764144629.8033135,0.0,-0.44015103840664954,-0.44015103840664954,0.6973011154215782,0.10289407894859326,0.0,0.0,9.909686088562012,20.63454246520996,69.52166557312012
1764144629.8776014,0.0,-0.4413946977653897,-0.4413946977653897,0.7,0.03289407894859325,0.0,0.0,8.824359893798828,32.66130828857422,63.97843360900879
1764144629.9527204,0.0,-0.442536614180216,-0.442536614180216,0.6755568355321884,0.091944516011572,0.0,0.0,9.254947662353516,20.776287078857422,64.77642059326172
1764144630.0308251,0.0,-0.4436759422514491,-0.4436759422514491,0.7,0.07569965192029487,0.0,0.0,8.596810340881348,24.49277687072754,67.74663925170898
1764144630.1046624,0.0,-0.4448512872379134,-0.4448512872379134,0.6520797133445739,0.14569965192029488,0.0,0.0,9.653741836547852,25.486928939819336,62.9582405090332
1764144630.188467,0.0,-0.445929750107151,-0.445929750107151,0.6693442769348621,0.2156996519202949,0.0,0.0,9.962102890014648,26.031513214111328,73.45342636108398
1764144630.2621107,0.0,-0.44714557387334114,-0.44714557387334114,0.6590418031439185,0.22794647578994048,0.0,0.0,10.50581169128418,37.90679168701172,62.88290023803711
1764144630.341387,0.0,-0.44818980065243086,-0.44818980065243086,0.6858741490170359,0.21903511200944198,0.0,0.0,10.029962539672852,39.02736282348633,68.89963150024414
1764144630.4146104,0.0,-0.4492960926457733,-0.4492960926457733,0.7,0.20989135530689967,0.0,0.0,10.392274856567383,46.62001037597656,62.91651725769043
1764144630.4925716,0.0,-0.4502998796963032,-0.4502998796963032,0.7,0.14822239306668056,0.0,0.0,9.88862133026123,27.13928985595703,67.45409965515137
1764144630.5918236,0.0,-0.4513460849641434,-0.4513460849641434,0.7,0.17585003626445544,0.0,0.0,9.215612411499023,19.20551300048828,88.76276016235352
1764144630.6823463,0.0,-0.45264682175512483,-0.45264682175512483,0.6892610283568501,0.13116509717801822,0.0,0.0,10.9989652633667,34.04316711425781,79.86044883728027
1764144630.764567,0.0,-0.4537980320163721,-0.4537980320163721,0.689619696047157,0.11357541446486724,0.0,0.0,9.821910858154297,38.29643630981445,71.57683372497559
1764144630.8479671,0.0,-0.45481340152806676,-0.45481340152806676,0.7,0.11727653903799368,0.0,0.0,10.466394424438477,29.840120315551758,72.83711433410645
1764144630.919532,0.0,-0.4558151525348277,-0.4558151525348277,0.6811970684677362,0.18727653903799368,0.0,0.0,11.813236236572266,21.95200538635254,61.23709678649902
1764144630.9930975,0.0,-0.4566529320220654,-0.4566529320220654,0.642627103999257,0.17352513933466984,0.0,0.0,11.933974266052246,34.82227325439453,63.04454803466797
1764144631.0692716,0.0,-0.4574880796497031,-0.4574880796497031,0.6622084274888038,0.18185185233043744,0.0,0.0,13.315134048461914,44.68819808959961,65.87004661560059
1764144631.1548681,0.0,-0.4583306128686721,-0.4583306128686721,0.7,0.11185185233043743,0.0,0.0,12.99474048614502,58.06568908691406,74.94902610778809
1764144631.2278204,0.0,-0.4592399133419852,-0.4592399133419852,0.6705331232398748,0.0982629535152228,0.0,0.0,12.033312797546387,23.166362762451172,62.630653381347656
1764144631.3231392,0.0,-0.4599901701962506,-0.4599901701962506,0.7,0.11317948991345478,0.0,0.0,12.243864059448242,22.77304458618164,84.86747741699219
1764144631.4006243,0.0,-0.4609290405479985,-0.4609290405479985,0.7,0.08859202446328712,0.0,0.0,10.505216598510742,23.626922607421875,67.06047058105469
1764144631.5010445,0.0,-0.4616605206411889,-0.4616605206411889,0.7,0.14537289174186302,0.0,0.0,11.095166206359863,24.093551635742188,89.70856666564941
1764144631.5753477,0.0,-0.462557854112605,-0.462557854112605,0.7,0.1364418342142017,0.0,0.0,10.17231273651123,28.02727699279785,63.902854919433594
1764144631.6507556,0.0,-0.46318852144002426,-0.46318852144002426,0.7,0.09598801279353214,0.0,0.0,9.277444839477539,25.335886001586914,64.86940383911133
1764144631.7263038,0.0,-0.4637964664824302,-0.4637964664824302,0.6944617245346307,0.07962357433425499,0.0,0.0,9.851642608642578,33.316749572753906,65.22321701049805
1764144631.8095264,0.0,-0.46437524691262144,-0.46437524691262144,0.7,0.0892626121072681,0.0,0.0,9.39735221862793,23.65553092956543,72.71909713745117
1764144631.8831205,0.0,-0.46497367302224696,-0.46497367302224696,0.7,0.04468922311352802,0.0,0.0,8.788202285766602,27.335363388061523,63.20476531982422
1764144631.958684,0.0,-0.46546924420323615,-0.46546924420323615,0.6762785881757736,0.006626453193894155,0.0,0.0,9.572362899780273,20.759313583374023,65.22917747497559
1764144632.0395277,0.0,-0.4659451749709321,-0.4659451749709321,0.6314487539231777,0.01127139426680518,0.0,0.0,9.583738327026367,24.70248031616211,70.37496566772461
1764144632.112542,0.0,-0.4664143336927729,-0.4664143336927729,0.607162657007575,0.042899701221904285,0.0,0.0,10.087515830993652,26.342514038085938,62.70909309387207
1764144632.19455,0.0,-0.4668043877774529,-0.4668043877774529,0.6347501955926418,0.11289970122190429,0.0,0.0,8.51113510131836,25.387340545654297,71.51961326599121
1764144632.2812803,0.0,-0.467201440383217,-0.467201440383217,0.6254062650725245,0.1241529128691764,0.0,0.0,9.065949440002441,36.09269714355469,76.17378234863281
1764144632.3566792,0.0,-0.4675730788297514,-0.4675730788297514,0.6384636497125029,0.07314285553904487,0.0,0.0,8.452898025512695,32.753761291503906,65.13214111328125
1764144632.4345546,0.0,-0.4678568723298578,-0.4678568723298578,0.5743821596726775,0.0031428555390448643,0.0,0.0,9.417357444763184,22.0572566986084,67.33155250549316
1764144632.5082986,0.0,-0.46810884764173943,-0.46810884764173943,0.6443821596726775,0.056154649182281025,0.0,0.0,9.252923965454102,22.370540618896484,63.4005069732666
1764144632.5845263,0.0,-0.46830948766755864,-0.46830948766755864,0.6112715112790466,0.10179504327388716,0.0,0.0,8.973098754882812,36.928199768066406,65.67215919494629
1764144632.66148,0.0,-0.46847647280148524,-0.46847647280148524,0.6574947940930724,0.06165565498085929,0.0,0.0,9.22254467010498,41.950660705566406,66.59650802612305
1764144632.7655022,0.0,-0.4686034441171061,-0.4686034441171061,0.6606183301005513,0.03261625341983748,0.0,0.0,9.224616050720215,22.58038902282715,93.53351593017578
1764144632.85914,0.0,-0.46870662576853683,-0.46870662576853683,0.6569219506159425,0.04421916365536166,0.0,0.0,9.551279067993164,40.720123291015625,83.23025703430176
1764144632.9492676,0.0,-0.46873101422706015,-0.46873101422706015,0.5869219506159424,0.07837832108052684,0.0,0.0,8.497122764587402,26.348833084106445,79.49161529541016
1764144633.0239747,0.0,-0.4686918234791413,-0.4686918234791413,0.63361581210047,0.13517567649396373,0.0,0.0,11.222246170043945,37.614803314208984,64.04662132263184
1764144633.1151514,0.0,-0.4686121817417431,-0.4686121817417431,0.677293555624783,0.13086098194035006,0.0,0.0,11.401480674743652,39.43024444580078,80.80720901489258
1764144633.2028565,0.0,-0.4684550789712339,-0.4684550789712339,0.7,0.14142493665131045,0.0,0.0,11.128800392150879,24.769058227539062,77.01420783996582
1764144633.2758546,0.0,-0.46824230279777457,-0.46824230279777457,0.6393706358969211,0.18714296951802684,0.0,0.0,11.5662841796875,58.13761520385742,62.615394592285156
1764144633.3563838,0.0,-0.4680171312298558,-0.4680171312298558,0.7,0.11714296951802683,0.0,0.0,11.513199806213379,48.605316162109375,70.00851631164551
1764144633.4371383,0.0,-0.4677180672484178,-0.4677180672484178,0.7,0.105812437607965,0.0,0.0,10.833897590637207,43.6806526184082,70.30010223388672
1764144633.5138438,0.0,-0.46736382152453326,-0.46736382152453326,0.7,0.1404726726553054,0.0,0.0,10.97566032409668,20.560455322265625,66.20216369628906
1764144633.589724,0.0,-0.46697582215747585,-0.46697582215747585,0.7,0.20809359826060247,0.0,0.0,10.44250774383545,24.906118392944336,65.38176536560059
1764144633.6645203,0.0,-0.46654216253725284,-0.46654216253725284,0.6549137838184833,0.1589781714222045,0.0,0.0,11.512758255004883,30.00896453857422,64.30697441101074
1764144633.7395408,0.0,-0.46606534910066283,-0.46606534910066283,0.6897553846240043,0.14885350666852903,0.0,0.0,14.864331245422363,42.88104248046875,64.52584266662598
1764144633.8463564,0.0,-0.4655384082323151,-0.4655384082323151,0.6627125170081853,0.13139492623420668,0.0,0.0,12.312259674072266,33.804840087890625,96.54021263122559
1764144633.929924,0.0,-0.46469777715114335,-0.46469777715114335,0.7,0.16193889245303583,0.0,0.0,11.750396728515625,23.154247283935547,72.97277450561523
1764144634.0008347,0.0,-0.4639703497731095,-0.4639703497731095,0.6299999999999999,0.09193889245303583,0.0,0.0,10.436200141906738,39.71601867675781,60.60457229614258
1764144634.0767052,0.0,-0.46330076581102797,-0.46330076581102797,0.688399237692356,0.08391833871515703,0.0,0.0,10.234195709228516,29.415746688842773,65.55438041687012
1764144634.1703537,0.0,-0.46253141225417027,-0.46253141225417027,0.7,0.08481944400497016,0.0,0.0,11.251294136047363,21.28008460998535,83.25552940368652
1764144634.2649183,0.0,-0.4615055413590269,-0.4615055413590269,0.6694066233932972,0.10762133311160144,0.0,0.0,11.095942497253418,25.923460006713867,83.88042449951172
1764144634.3395405,0.0,-0.460387196821366,-0.460387196821366,0.6692537615483161,0.1135418769126409,0.0,0.0,9.727622032165527,23.980220794677734,64.32962417602539
1764144634.4138813,0.0,-0.45944090427613765,-0.45944090427613765,0.6565031489764805,0.08170582169346746,0.0,0.0,9.744009017944336,27.288358688354492,64.03136253356934
1764144634.5046234,0.0,-0.4584431591800886,-0.4584431591800886,0.7,0.10038327613525327,0.0,0.0,9.900352478027344,24.953319549560547,80.4286003112793
1764144634.5910797,0.0,-0.45714877324464737,-0.45714877324464737,0.6780625253915786,0.1463279333119863,0.0,0.0,10.208521842956543,21.081605911254883,75.98567008972168
1764144634.6701543,0.0,-0.45583778620325105,-0.45583778620325105,0.689046024158597,0.13919452253408965,0.0,0.0,9.534431457519531,23.875247955322266,68.57657432556152
1764144634.7479627,0.0,-0.45457080638013114,-0.45457080638013114,0.6624220971018075,0.09817871126957473,0.0,0.0,10.547650337219238,32.42184066772461,67.22712516784668
1764144634.8232846,0.0,-0.4532622784027078,-0.4532622784027078,0.7,0.07856615494616564,0.0,0.0,8.643119812011719,21.624126434326172,64.96667861938477
1764144634.9214268,0.0,-0.45193115059965316,-0.45193115059965316,0.6604707844555378,0.08828654654003915,0.0,0.0,7.7266716957092285,22.796550750732422,87.62097358703613
1764144635.0177014,0.0,-0.4501073583592215,-0.4501073583592215,0.593824528902769,0.08372575418703493,0.0,0.0,8.965279579162598,22.997739791870117,85.71839332580566
1764144635.0975454,0.0,-0.4482169354969666,-0.4482169354969666,0.6315268881618976,0.11550796406023439,0.0,0.0,8.849525451660156,22.529033660888672,69.40793991088867
1764144635.1739013,0.0,-0.44657125049884094,-0.44657125049884094,0.7,0.1829145215605968,0.0,0.0,7.659714221954346,23.81932830810547,65.86337089538574
1764144635.2487137,0.0,-0.4449319535266402,-0.4449319535266402,0.7,0.11291452156059678,0.0,0.0,7.529922962188721,42.85911560058594,64.45789337158203
1764144635.3425019,0.0,-0.4432615712954475,-0.4432615712954475,0.6588493257761001,0.1829145215605968,0.0,0.0,10.520062446594238,25.697052001953125,83.42838287353516
1764144635.4289408,0.0,-0.4410718940080302,-0.4410718940080302,0.7,0.18024327258259293,0.0,0.0,11.772073745727539,28.859130859375,75.81830024719238
1764144635.5130665,0.0,-0.4389699848656526,-0.4389699848656526,0.7,0.1211128684380674,0.0,0.0,8.708267211914062,34.677040100097656,73.65012168884277
1764144635.6091166,0.0,-0.43683743222983007,-0.43683743222983007,0.6800943862646818,0.1765940936902189,0.0,0.0,9.156676292419434,30.47846031188965,85.56413650512695
1764144635.6913753,0.0,-0.43430033520602884,-0.43430033520602884,0.7,0.19251822705060478,0.0,0.0,10.547083854675293,24.905078887939453,71.80142402648926
1764144635.7675204,0.0,-0.43203967935063775,-0.43203967935063775,0.7,0.1390680822232389,0.0,0.0,8.629446029663086,27.516563415527344,65.70649147033691
1764144635.8439589,0.0,-0.4298737246384593,-0.4298737246384593,0.6299999999999999,0.11834651070326802,0.0,0.0,12.146894454956055,64.41725158691406,65.98424911499023
1764144635.9168282,0.0,-0.4276320711816186,-0.4276320711816186,0.5599999999999998,0.09315997573226925,0.0,0.0,12.452879905700684,26.699073791503906,62.56890296936035
1764144636.0060863,0.0,-0.42541990817371783,-0.42541990817371783,0.4899999999999998,0.1051896086582565,0.0,0.0,8.91510009765625,48.769439697265625,78.73225212097168
1764144636.0877652,0.0,-0.4226221448712071,-0.4226221448712071,0.5599999999999998,0.09593644297361609,0.0,0.0,8.717684745788574,34.66167068481445,70.81151008605957
1764144636.1657531,0.0,-0.41998162055899046,-0.41998162055899046,0.6299999999999999,0.1659364429736161,0.0,0.0,8.157190322875977,29.346004486083984,67.59166717529297
1764144636.242419,0.0,-0.4173734644855289,-0.4173734644855289,0.5933340053260325,0.11948127946496245,0.0,0.0,9.613438606262207,23.972381591796875,66.13683700561523
1764144636.3159506,0.0,-0.41474011015602563,-0.41474011015602563,0.6633340053260326,0.10837900726735827,0.0,0.0,8.074836730957031,20.4633846282959,63.23099136352539
1764144636.4145293,0.0,-0.41213377531854345,-0.41213377531854345,0.7,0.03837900726735827,0.0,0.0,5.964333534240723,23.139917373657227,88.0887508392334
1764144636.494025,0.0,-0.40852759518565074,-0.40852759518565074,0.6384950660169124,0.0,0.0,0.0,6.260852813720703,26.493471145629883,68.86434555053711
1764144636.5779772,0.0,-0.4055350949816577,-0.4055350949816577,0.5684950660169124,0.03647741675376892,0.0,0.0,6.118953227996826,27.605249404907227,73.41361045837402
1764144636.662399,0.0,-0.4022820772847692,-0.4022820772847692,0.5868668082356452,0.03041412215679884,0.0,0.0,6.860127925872803,22.48202133178711,74.06973838806152
1764144636.7401695,0.0,-0.39890035219719866,-0.39890035219719866,0.5614301759004592,0.10041412215679885,0.0,0.0,6.408538341522217,39.19316101074219,67.10696220397949
1764144636.8119245,0.0,-0.3957185333267217,-0.3957185333267217,0.5759565728902816,0.17041412215679885,0.0,0.0,6.943735599517822,28.965335845947266,61.47265434265137
1764144636.8838592,0.0,-0.39269315472787336,-0.39269315472787336,0.6199397492408751,0.1755311194434762,0.0,0.0,5.484769821166992,22.04020118713379,61.40542030334473
1764144636.9788697,0.0,-0.389593424744261,-0.389593424744261,0.6803084808588027,0.24553111944347622,0.0,0.0,7.612125873565674,27.373188018798828,84.58542823791504
1764144637.0823343,0.0,-0.38538392253179704,-0.38538392253179704,0.7,0.21311803165823223,0.0,0.0,7.334986686706543,24.054277420043945,92.81253814697266
1764144637.1590362,0.0,-0.3806622534720723,-0.3806622534720723,0.6299999999999999,0.19737499210983517,0.0,0.0,7.097878456115723,26.948993682861328,66.27607345581055
1764144637.2339447,0.0,-0.3770639748267567,-0.3770639748267567,0.5599999999999998,0.1594521887972951,0.0,0.0,7.472506999969482,31.957996368408203,64.58520889282227
1764144637.308311,0.0,-0.37346074535672036,-0.37346074535672036,0.6146992048621176,0.11774328354746105,0.0,0.0,5.411275863647461,33.292205810546875,63.87925148010254
1764144637.3830006,0.0,-0.3698034769888597,-0.3698034769888597,0.6312485462427138,0.18774328354746106,0.0,0.0,5.7113213539123535,22.405000686645508,64.18681144714355
1764144637.461789,0.0,-0.3660486984304901,-0.3660486984304901,0.6380934314243494,0.18469917329028251,0.0,0.0,5.547277927398682,18.345428466796875,68.25780868530273
1764144637.5371583,0.0,-0.36199842756226186,-0.36199842756226186,0.6632627592794595,0.14797143938019874,0.0,0.0,7.2418742179870605,30.01248550415039,64.83316421508789
1764144637.610413,0.0,-0.3580439125889394,-0.3580439125889394,0.5978483380191026,0.21797143938019875,0.0,0.0,7.646804332733154,28.994888305664062,62.915802001953125
1764144637.6874244,0.0,-0.3541089271281246,-0.3541089271281246,0.6138796721957622,0.23810360105708245,0.0,0.0,5.684160232543945,35.074363708496094,66.57052040100098
1764144637.7600453,0.0,-0.3498849572666129,-0.3498849572666129,0.5924153373949228,0.30810360105708245,0.0,0.0,7.9521684646606445,46.672630310058594,62.13235855102539
1764144637.8315737,0.0,-0.34582393482891377,-0.34582393482891377,0.5224153373949227,0.26957006992772226,0.0,0.0,7.03097677230835,97.38165283203125,61.14077568054199
1764144637.9132676,0.0,-0.3417441849802121,-0.3417441849802121,0.5105934378318486,0.19957006992772225,0.0,0.0,9.515878677368164,108.2906494140625,71.43425941467285
1764144637.9879868,0.0,-0.3369802953072748,-0.3369802953072748,0.5805934378318487,0.20679800715297464,0.0,0.0,7.7075347900390625,97.91773986816406,64.37444686889648
1764144638.061909,0.0,-0.3325300572929223,-0.3325300572929223,0.6468713292293249,0.2102257568854839,0.0,0.0,6.582624435424805,49.89914321899414,63.54331970214844
1764144638.1475885,0.0,-0.3280431556747457,-0.3280431556747457,0.6098435082845388,0.14402543348260227,0.0,0.0,5.7115278244018555,18.779224395751953,75.24251937866211
1764144638.2204463,0.0,-0.3227396272108699,-0.3227396272108699,0.6355565627478061,0.21402543348260228,0.0,0.0,5.87873649597168,17.9044246673584,62.50929832458496
1764144638.2991855,0.0,-0.31812775998693893,-0.31812775998693893,0.5991065641306339,0.17210629892535512,0.0,0.0,4.8406758308410645,27.60345458984375,68.27354431152344
1764144638.3836894,0.0,-0.3130525760650248,-0.3130525760650248,0.6392011185549198,0.15241329495795075,0.0,0.0,3.620400905609131,21.543601989746094,74.07569885253906
1764144638.4605033,0.0,-0.3074899504364338,-0.3074899504364338,0.5960301970504223,0.12974450488574807,0.0,0.0,3.168820858001709,31.63199234008789,66.30063056945801
1764144638.5346353,0.0,-0.30233704593425936,-0.30233704593425936,0.5783105166070162,0.1693303075898439,0.0,0.0,3.92758846282959,33.756019592285156,63.7362003326416
1764144638.61882,0.0,-0.2972720801877017,-0.2972720801877017,0.5833251894824205,0.22267791380174462,0.0,0.0,2.9379045963287354,27.647727966308594,73.90308380126953
1764144638.704011,0.0,-0.2913957684154839,-0.2913957684154839,0.6533251894824206,0.2926779138017446,0.0,0.0,4.610040187835693,28.865921020507812,74.67794418334961
1764144638.7897348,0.0,-0.28533287945397445,-0.28533287945397445,0.6959564766101538,0.2976465979684145,0.0,0.0,3.5060646533966064,44.12467956542969,75.17504692077637
1764144638.8647795,0.0,-0.27910659042899727,-0.27910659042899727,0.7,0.26254778821952646,0.0,0.0,3.2577784061431885,38.685791015625,64.43381309509277
1764144638.94113,0.0,-0.2735625623875456,-0.2735625623875456,0.7,0.30480832700617616,0.0,0.0,2.896993637084961,20.397411346435547,65.91081619262695
1764144639.018219,0.0,-0.26782108347869205,-0.26782108347869205,0.7,0.3025812986399979,0.0,0.0,2.3431077003479004,25.8988037109375,66.70141220092773
1764144639.0941129,0.0,-0.2619112175894591,-0.2619112175894591,0.7,0.36909419625066225,0.0,0.0,3.2061781883239746,29.538265228271484,65.4001235961914
1764144639.1679063,0.0,-0.25600093576512195,-0.25600093576512195,0.7,0.43909419625066226,0.0,0.0,4.055741786956787,61.53090286254883,63.463687896728516
1764144639.2520425,0.0,-0.2501431508834703,-0.2501431508834703,0.7,0.4038000397291035,0.0,0.0,4.2747883796691895,68.17062377929688,73.61769676208496
1764144639.3368914,0.0,-0.24335905805851724,-0.24335905805851724,0.6306179136037826,0.400488919755444,0.0,0.0,2.965425729751587,29.754268646240234,74.39041137695312
1764144639.4092343,0.0,-0.23639661483020377,-0.23639661483020377,0.6755910150706768,0.330488919755444,0.0,0.0,3.7089428901672363,92.68423461914062,62.08992004394531
1764144639.4858174,0.0,-0.23033285531877704,-0.23033285531877704,0.6960775952786207,0.2820509891118855,0.0,0.0,2.415142297744751,24.214317321777344,66.02191925048828
1764144639.5675433,0.0,-0.22383926721771277,-0.22383926721771277,0.7,0.2768656783830375,0.0,0.0,2.001800537109375,41.9453010559082,71.36654853820801
1764144639.6450527,0.0,-0.216772090820829,-0.216772090820829,0.6754863232374191,0.32278973470442,0.0,0.0,1.5330573320388794,23.09974479675293,66.99323654174805
1764144639.7209594,0.0,-0.2099716368243412,-0.2099716368243412,0.7,0.3227367399797368,0.0,0.0,1.681275725364685,28.419050216674805,65.56439399719238
1764144639.7952852,0.0,-0.2031932724121,-0.2031932724121,0.6538008458912372,0.36905739070629356,0.0,0.0,2.146514892578125,25.428604125976562,63.96603584289551
1764144639.8718388,0.0,-0.19644668609579685,-0.19644668609579685,0.5838008458912372,0.3307536019549298,0.0,0.0,2.3808257579803467,35.10544967651367,66.03384017944336
1764144639.9793673,0.0,-0.18939779605625226,-0.18939779605625226,0.6400359246134757,0.3382401129767823,0.0,0.0,2.7504076957702637,51.01798629760742,97.0160961151123
1764144640.0520127,0.0,-0.17931049716167677,-0.17931049716167677,0.7,0.2682401129767823,0.0,0.0,1.4353411197662354,37.78016662597656,62.154293060302734
1764144640.124955,0.0,-0.17237308152769587,-0.17237308152769587,0.7,0.3379401379988122,0.0,0.0,1.1466823816299438,19.165699005126953,62.55674362182617
1764144640.2118983,0.0,-0.16530000172229292,-0.16530000172229292,0.7,0.4079401379988122,0.0,0.0,1.6561843156814575,30.888471603393555,76.51638984680176
1764144640.303518,0.0,-0.15673088130654075,-0.15673088130654075,0.7,0.4023430131912756,0.0,0.0,2.325014114379883,50.68648910522461,81.05587959289551
1764144640.3795211,0.0,-0.1475607303845478,-0.1475607303845478,0.6299999999999999,0.41977687259917734,0.0,0.0,1.248843789100647,26.177772521972656,65.67072868347168
1764144640.4662888,0.0,-0.1398094831548097,-0.1398094831548097,0.6779279048740863,0.4111226311490464,0.0,0.0,1.4275877475738525,52.49695587158203,76.25246047973633
1764144640.5595865,0.0,-0.13083267670717355,-0.13083267670717355,0.7,0.40802046620068727,0.0,0.0,1.0588152408599854,38.94551086425781,82.73124694824219
1764144640.6584575,0.0,-0.12100276818773972,-0.12100276818773972,0.7,0.3746216107231158,0.0,0.0,1.6519136428833008,34.48021697998047,88.19031715393066
1764144640.7328386,0.0,-0.11042077070497727,-0.11042077070497727,0.6745288956910371,0.4446216107231158,0.0,0.0,2.977884531021118,35.439903259277344,63.927650451660156
1764144640.8097265,0.0,-0.10232049822750922,-0.10232049822750922,0.6530558343976736,0.4437430137537013,0.0,0.0,1.2969470024108887,70.14913177490234,66.40744209289551
1764144640.881532,0.0,-0.09382152377373351,-0.09382152377373351,0.6530053734852117,0.4548462936423312,0.0,0.0,0.7195594310760498,42.134769439697266,61.293601989746094
1764144640.985878,0.0,-0.08577901596311924,-0.08577901596311924,0.7,0.4549814479165071,0.0,0.0,0.5402699708938599,44.170921325683594,93.76835823059082
1764144641.06131,0.0,-0.073896795850241,-0.073896795850241,0.7,0.38498144791650707,0.0,0.0,0.3867225646972656,62.803077697753906,64.85962867736816
1764144641.139784,0.0,-0.06518368626661178,-0.06518368626661178,0.6857674138620495,0.3754553805031174,0.0,0.0,1.3057708740234375,18.777790069580078,67.95644760131836
1764144641.217316,0.0,-0.05599675657220482,-0.05599675657220482,0.6486984210088849,0.35197492604333097,0.0,0.0,0.6323339343070984,23.473285675048828,67.10314750671387
1764144641.289651,0.0,-0.04678678119638052,-0.04678678119638052,0.5956024693325161,0.28197492604333096,0.0,0.0,0.8103805184364319,32.28974533081055,62.03937530517578
1764144641.364574,0.0,-0.038063239948122385,-0.038063239948122385,0.5256024693325161,0.35197492604333097,0.0,0.0,2.183070182800293,36.524845123291016,64.41307067871094
1764144641.4407413,0.0,-0.02892086470967606,-0.02892086470967606,0.5545600895956158,0.36828051795440847,0.0,0.0,0.3519912362098694,42.96421813964844,65.68264961242676
1764144641.5469851,0.0,-0.01951914382717118,-0.01951914382717118,0.5621799888275563,0.3289767495282286,0.0,0.0,0.6318881511688232,53.909324645996094,95.92533111572266
1764144641.627751,0.0,-0.006162703837225836,-0.006162703837225836,0.5684975545108317,0.3121697707958811,0.0,0.0,2.068798065185547,37.042579650878906,70.2829360961914
1764144641.7313733,0.0,0.004152630419216152,0.004152630419216152,0.6089294973015784,0.3191767424270802,0.0,0.0,0.717522144317627,47.33666229248047,92.98586845397949
1764144641.8239682,0.0,0.017578647028888283,0.017578647028888283,0.5389294973015784,0.2491767424270802,0.0,0.0,5.631640911102295,39.55247116088867,81.96878433227539
1764144641.8966057,0.0,0.02975393049021166,0.02975393049021166,0.5565217337012289,0.24093396860364014,0.0,0.0,3.6626245975494385,45.496986389160156,62.29519844055176
1764144641.990725,0.0,0.03946385219899212,0.03946385219899212,0.6029065302014349,0.31093396860364014,0.0,0.0,6.9184651374816895,67.36892700195312,83.50586891174316
1764144642.064299,0.0,0.052201239627028745,0.052201239627028745,0.5329065302014349,0.29083441253009373,0.0,0.0,3.3056094646453857,55.52191925048828,63.223838806152344
1764144642.1673837,0.0,0.06232533632064391,0.06232533632064391,0.48471928924322105,0.3370596175939136,0.0,0.0,3.980515241622925,92.89292907714844,92.38553047180176
1764144642.2567213,0.0,0.07668050469270149,0.07668050469270149,0.47487632069736696,0.4070596175939136,0.0,0.0,4.609335422515869,61.38070297241211,78.643798828125
1764144642.3302276,0.0,0.08928889000373538,0.08928889000373538,0.4537560816481707,0.4756590279490047,0.0,0.0,2.745983362197876,111.15056610107422,63.13943862915039
1764144642.4243937,0.0,0.09982619275612051,0.09982619275612051,0.4858071084693072,0.5456590279490048,0.0,0.0,2.4186387062072754,158.2915802001953,83.69040489196777
1764144642.524238,0.0,0.11351789155612518,0.11351789155612518,0.4402908634021876,0.5553890028521711,0.0,0.0,1.162145972251892,286.2026672363281,89.0810489654541
1764144642.6006424,0.0,0.12822100035799552,0.12822100035799552,0.5102908634021877,0.5009544351622754,0.0,0.0,0.989077091217041,287.9548645019531,65.98663330078125
1764144642.6856904,0.0,0.13962934231693777,0.13962934231693777,0.5802908634021877,0.47005361220988573,0.0,0.0,1.7260836362838745,196.1608428955078,74.6464729309082
1764144642.7656884,0.0,0.1525060228781028,0.1525060228781028,0.6097043399885296,0.5400536122098858,0.0,0.0,1.7494362592697144,46.14748764038086,69.57817077636719
1764144642.8410752,0.0,0.16477532973312187,0.16477532973312187,0.6432340611889957,0.591344563879102,0.0,0.0,3.4281015396118164,73.51138305664062,64.86320495605469
1764144642.9152706,0.0,0.17645204661137712,0.17645204661137712,0.6677758434042333,0.6026286162734324,0.0,0.0,1.9611836671829224,62.98188781738281,63.88354301452637
1764144642.9943435,0.0,0.18811076319693115,0.18811076319693115,0.6903598495945333,0.5846962739080483,0.0,0.0,2.312364339828491,44.848026275634766,68.46499443054199
1764144643.075451,0.0,0.20067740718007032,0.20067740718007032,0.6836105576902627,0.6546962739080484,0.0,0.0,1.6739879846572876,21.435108184814453,70.45865058898926
1764144643.1498644,0.0,0.2136846769304918,0.2136846769304918,0.6136105576902626,0.7,0.0,0.0,1.992187738418579,22.892940521240234,63.93170356750488
1764144643.227549,0.0,0.2257646839211471,0.2257646839211471,0.6836105576902627,0.676534616202116,0.0,0.0,2.4727721214294434,66.32981872558594,67.32010841369629
1764144643.303128,0.0,0.2385401956306621,0.2385401956306621,0.6695956318825482,0.6065346162021159,0.0,0.0,2.7807395458221436,25.157974243164062,65.0942325592041
1764144643.3754246,0.0,0.25109602498233763,0.25109602498233763,0.6923155701905488,0.647346654087305,0.0,0.0,2.557508945465088,19.532752990722656,61.931610107421875
1764144643.4613104,0.0,0.2632745431055321,0.2632745431055321,0.6819387153908609,0.6964572827517985,0.0,0.0,3.62477970123291,16.68609619140625,75.2401351928711
1764144643.5368936,0.0,0.2778457282346064,0.2778457282346064,0.7,0.7,0.0,0.0,4.112212181091309,29.873003005981445,65.12236595153809
1764144643.618735,0.0,0.2908355537633657,0.2908355537633657,0.7,0.6732492342591285,0.0,0.0,5.509091854095459,26.230039596557617,71.4573860168457
1764144643.6926851,0.0,0.30505274898047346,0.30505274898047346,0.6299999999999999,0.7,0.0,0.0,7.895826816558838,24.020313262939453,63.637495040893555
1764144643.7657108,0.0,0.3181029374722891,0.3181029374722891,0.5973642180860042,0.7,0.0,0.0,9.263483047485352,36.00444793701172,62.37339973449707
1764144643.8445609,0.0,0.3310398292970934,0.3310398292970934,0.5439858111739158,0.7,0.0,0.0,8.225569725036621,43.16468811035156,68.42732429504395
1764144643.9166865,0.0,0.3451864157508025,0.3451864157508025,0.4801094803214072,0.6299999999999999,0.0,0.0,4.052477836608887,54.85614776611328,61.82408332824707
1764144644.0097756,0.0,0.35828009081838746,0.35828009081838746,0.4101094803214072,0.6825239296257495,0.0,0.0,8.004159927368164,59.54011535644531,82.74149894714355
1764144644.089565,0.0,0.3753706648592303,0.3753706648592303,0.39741498831659544,0.6835051577026023,0.0,0.0,7.069748878479004,107.07183074951172,69.48733329772949
1764144644.1901932,0.0,-0.0046281346425046405,-0.0046281346425046405,0.444134636260569,0.6135051577026023,0.0,0.0,6.128107070922852,255.03884887695312,90.29698371887207
1764144644.2644367,0.0,-0.017315672946285707,-0.017315672946285707,0.514134636260569,0.5625649905437602,0.0,0.0,1.9191988706588745,170.08193969726562,63.7967586517334
1764144644.3398976,0.0,-0.026462712552888817,-0.026462712552888817,0.5562878568843006,0.6153506590658797,0.0,0.0,1.0105793476104736,72.42361450195312,64.87607955932617
1764144644.438526,0.0,-0.03560505697947392,-0.03560505697947392,0.6262878568843007,0.6273380658263339,0.0,0.0,1.3190795183181763,44.39893341064453,87.9979133605957
1764144644.5264106,0.0,-0.047255865463034036,-0.047255865463034036,0.6607849093154072,0.6091288487100972,0.0,0.0,0.7284314632415771,22.55622673034668,77.50344276428223
1764144644.6042418,0.0,-0.05742370134226468,-0.05742370134226468,0.6904965972527861,0.6409669491136445,0.0,0.0,0.6725667715072632,8.96357250213623,67.25883483886719
1764144644.6825376,0.0,-0.0662102472595572,-0.0662102472595572,0.7,0.6264665453368796,0.0,0.0,1.2471305131912231,10.011016845703125,67.95740127563477
1764144644.7721713,0.0,-0.07491319074561145,-0.07491319074561145,0.7,0.6158792712399734,0.0,0.0,1.2011703252792358,12.029258728027344,78.92251014709473
1764144644.8524554,0.0,-0.08459247890821152,-0.08459247890821152,0.7,0.6226134016783906,0.0,0.0,1.410536766052246,5.141446113586426,69.83327865600586
1764144644.9326105,0.0,-0.09308201371928879,-0.09308201371928879,0.7,0.5526134016783906,0.0,0.0,1.0993268489837646,4.073726654052734,69.75102424621582
1764144645.0104306,0.0,-0.10139716942844612,-0.10139716942844612,0.7,0.5305402501346541,0.0,0.0,0.9017151594161987,5.783750534057617,67.12675094604492
1764144645.1068547,0.0,-0.10925668569035035,-0.10925668569035035,0.7,0.516563827996142,0.0,0.0,1.239848256111145,9.200718879699707,85.89291572570801
1764144645.1878603,0.0,-0.11877021006462346,-0.11877021006462346,0.7,0.49221994065213925,0.0,0.0,1.3283495903015137,6.597455024719238,70.56617736816406
1764144645.2607355,0.0,-0.1265535936252296,-0.1265535936252296,0.6468990936875343,0.5120831698970867,0.0,0.0,1.489892601966858,7.9191412925720215,62.45827674865723
1764144645.33468,0.0,-0.13339860497028258,-0.13339860497028258,0.7,0.5142903047474099,0.0,0.0,1.5714645385742188,7.516162872314453,63.59457969665527
1764144645.4134479,0.0,-0.1401966407117532,-0.1401966407117532,0.6987757805502042,0.5279537903936578,0.0,0.0,1.7216088771820068,8.696918487548828,68.36175918579102
1764144645.5093522,0.0,-0.14727380178719765,-0.14727380178719765,0.6441663328325375,0.5174928222643209,0.0,0.0,1.830398440361023,9.428690910339355,85.38365364074707
1764144645.583768,0.0,-0.15566369792213927,-0.15566369792213927,0.6250375296687707,0.5113308689417315,0.0,0.0,1.83794367313385,15.031174659729004,63.71021270751953
1764144645.6633446,0.0,-0.16196744471506622,-0.16196744471506622,0.673959308466874,0.47568943713325984,0.0,0.0,2.592799186706543,13.822312355041504,69.23866271972656
1764144645.7344997,0.0,-0.16856363111449402,-0.16856363111449402,0.6638148503145203,0.44726128492969996,0.0,0.0,1.6652542352676392,14.936914443969727,60.80460548400879
1764144645.8124123,0.0,-0.1743153611294011,-0.1743153611294011,0.6618735527619719,0.5062591171683741,0.0,0.0,2.3450913429260254,13.155738830566406,67.57807731628418
1764144645.8839407,0.0,-0.18046122971176293,-0.18046122971176293,0.7,0.5364442261727524,0.0,0.0,2.30983829498291,14.01263427734375,61.17844581604004
1764144645.9824538,0.0,-0.18596163843047567,-0.18596163843047567,0.6894200600683689,0.48243825313169486,0.0,0.0,2.652925491333008,28.73467254638672,87.99886703491211
1764144646.0997725,0.0,-0.19331907300813844,-0.19331907300813844,0.7,0.4754399889009071,0.0,0.0,2.68396258354187,17.880908966064453,106.60743713378906
1764144646.1892033,0.0,-0.2017184398358602,-0.2017184398358602,0.7,0.4054399889009071,0.0,0.0,3.646167039871216,25.158931732177734,79.03409004211426
1764144646.2653744,0.0,-0.20789766789681283,-0.20789766789681283,0.7,0.3641845930414272,0.0,0.0,3.3275787830352783,13.813980102539062,65.66905975341797
1764144646.3407235,0.0,-0.21298192653853154,-0.21298192653853154,0.7,0.37937370893079764,0.0,0.0,4.253920078277588,12.651766777038574,65.01150131225586
1764144646.4552445,0.0,-0.21787493742682737,-0.21787493742682737,0.7,0.4193426763685418,0.0,0.0,3.7473695278167725,12.628578186035156,104.16364669799805
1764144646.5315676,0.0,-0.22504688859305613,-0.22504688859305613,0.6707098081707954,0.40727464780677086,0.0,0.0,4.639281749725342,31.656883239746094,65.56200981140137
1764144646.622441,0.0,-0.22961458865880047,-0.22961458865880047,0.7,0.41548730731476075,0.0,0.0,4.887875556945801,29.746822357177734,80.57546615600586
1764144646.7071,0.0,-0.23489271386855987,-0.23489271386855987,0.7,0.34548730731476074,0.0,0.0,4.725086212158203,49.66343688964844,74.08857345581055
1764144646.8016355,0.0,-0.23961385951424607,-0.23961385951424607,0.7,0.400315328990109,0.0,0.0,4.2916035652160645,22.04877471923828,84.11335945129395
1764144646.902406,0.0,-0.2446798853074484,-0.2446798853074484,0.7,0.3915482037933541,0.0,0.0,4.563941955566406,28.065765380859375,90.2106761932373
1764144646.9787421,0.0,-0.24983844079540374,-0.24983844079540374,0.7,0.3842522097053004,0.0,0.0,5.634308338165283,27.105167388916016,65.86027145385742
1764144647.0562212,0.0,-0.2535818499968344,-0.2535818499968344,0.6842721931636333,0.362143336352892,0.0,0.0,5.0964250564575195,38.95819091796875,66.95818901062012
1764144647.131698,0.0,-0.25723679617690354,-0.25723679617690354,0.6939359398558735,0.3745310283498836,0.0,0.0,5.87691068649292,28.74352264404297,65.00697135925293
1764144647.2043471,0.0,-0.2606609075150778,-0.2606609075150778,0.7,0.3308621361153198,0.0,0.0,5.473883628845215,16.00551986694336,62.18242645263672
1764144647.281779,0.0,-0.2638308620740706,-0.2638308620740706,0.7,0.316255464707501,0.0,0.0,5.355101585388184,29.740089416503906,66.91622734069824
1764144647.3560586,0.0,-0.2670723193801175,-0.2670723193801175,0.7,0.3215522044571114,0.0,0.0,4.8290815353393555,40.051090240478516,63.74764442443848
1764144647.434493,0.0,-0.27004816173882507,-0.27004816173882507,0.7,0.29633946951944357,0.0,0.0,4.110459327697754,27.548904418945312,67.92759895324707
1764144647.5107846,0.0,-0.2730517615648198,-0.2730517615648198,0.6626809209585189,0.28392765719909197,0.0,0.0,5.018403053283691,18.808116912841797,65.81735610961914
1764144647.5845811,0.0,-0.27583962688579733,-0.27583962688579733,0.6065278992056846,0.26621027339715486,0.0,0.0,6.247119903564453,21.355323791503906,63.29631805419922
1764144647.6847568,0.0,-0.27840821403157817,-0.27840821403157817,0.6765278992056847,0.25086304687429195,0.0,0.0,4.7797136306762695,36.22721481323242,89.68544006347656
1764144647.7594612,0.0,-0.28170365763974126,-0.28170365763974126,0.7,0.23319127552676921,0.0,0.0,5.448090553283691,21.243385314941406,64.14675712585449
1764144647.8395424,0.0,-0.28400799503002483,-0.28400799503002483,0.7,0.2890295773046089,0.0,0.0,6.019865036010742,25.463464736938477,69.59128379821777
1764144647.9123151,0.0,-0.2863412868194383,-0.2863412868194383,0.7,0.287277663615532,0.0,0.0,5.968945503234863,16.741918563842773,62.48760223388672
1764144647.9881527,0.0,-0.2883431038506525,-0.2883431038506525,0.7,0.357277663615532,0.0,0.0,6.850742816925049,34.69012451171875,65.48261642456055
1764144648.0885673,0.0,-0.29030489776954804,-0.29030489776954804,0.7,0.3162714561494065,0.0,0.0,6.139903545379639,30.207231521606445,90.07430076599121
1764144648.195481,0.0,-0.2927134066653824,-0.2927134066653824,0.7,0.2462714561494065,0.0,0.0,5.218815326690674,33.761474609375,96.35782241821289
1764144648.2822537,0.0,-0.2950377395526221,-0.2950377395526221,0.7,0.2846116670640183,0.0,0.0,6.125113487243652,25.485380172729492,76.2321949005127
1764144648.3814828,0.0,-0.296745061552757,-0.296745061552757,0.6904190115630626,0.21536688741762167,0.0,0.0,5.114801406860352,29.750545501708984,88.69552612304688
1764144648.4759789,0.0,-0.2985035642917679,-0.2985035642917679,0.6852422480471432,0.17251876231748586,0.0,0.0,5.772798538208008,17.805355072021484,84.0749740600586
1764144648.563191,0.0,-0.2999888472155937,-0.2999888472155937,0.6999979860149323,0.1532642902107907,0.0,0.0,4.722342014312744,19.673513412475586,76.88689231872559
1764144648.6423402,0.0,-0.3012015049388298,-0.3012015049388298,0.6719337183050811,0.17989667926449304,0.0,0.0,5.477068901062012,21.262928009033203,68.43185424804688
1764144648.7500806,0.0,-0.30216238011374164,-0.30216238011374164,0.7,0.19983003337401872,0.0,0.0,4.128316879272461,30.98461151123047,97.16415405273438
1764144648.825753,0.0,-0.3032705570892815,-0.3032705570892815,0.7,0.17874406140763288,0.0,0.0,4.106627941131592,26.47658920288086,65.16218185424805
1764144648.9105692,0.0,-0.3039109713610087,-0.3039109713610087,0.7,0.23952503737527853,0.0,0.0,3.861171245574951,17.18115997314453,74.35274124145508
1764144648.9831345,0.0,-0.30449456501181454,-0.30449456501181454,0.6816006924957037,0.24211054646875685,0.0,0.0,4.289321422576904,32.19810485839844,62.22701072692871
1764144649.0695667,0.0,-0.3048835688385721,-0.3048835688385721,0.6342728871852159,0.17928260171320265,0.0,0.0,3.8816916942596436,34.46778106689453,75.92177391052246
1764144649.1420877,0.0,-0.30521286570786726,-0.30521286570786726,0.6496810305863618,0.2253119235625488,0.0,0.0,4.835719108581543,23.80255126953125,62.146663665771484
1764144649.2370698,0.0,-0.3053794940802993,-0.3053794940802993,0.7,0.2702742365887386,0.0,0.0,4.226469039916992,24.82516860961914,84.40113067626953
1764144649.3170412,0.0,-0.30544675899706547,-0.30544675899706547,0.7,0.3051597995450718,0.0,0.0,4.112842082977295,26.753328323364258,69.5040225982666
1764144649.3897252,0.0,-0.3053725448365026,-0.3053725448365026,0.7,0.2787453641882164,0.0,0.0,4.6102705001831055,45.28981018066406,62.36457824707031
1764144649.4632752,0.0,-0.30520189956985766,-0.30520189956985766,0.7,0.24701639988925284,0.0,0.0,4.405867099761963,36.86939239501953,62.99185752868652
1764144649.5369523,0.0,-0.30493107117384843,-0.30493107117384843,0.654749722033739,0.2531159317819399,0.0,0.0,3.4376513957977295,22.623044967651367,63.3549690246582
1764144649.6193693,0.0,-0.3045611008724239,-0.3045611008724239,0.6092999026179313,0.1831159317819399,0.0,0.0,4.75299596786499,24.7757625579834,72.16501235961914
1764144649.700469,0.0,-0.30403007610282284,-0.30403007610282284,0.5642315678298473,0.23852334040682738,0.0,0.0,4.391607761383057,40.56007766723633,70.6186294555664
1764144649.7745938,0.0,-0.3033910901086297,-0.3033910901086297,0.558751627150923,0.26932098958175604,0.0,0.0,5.021458148956299,53.431907653808594,63.78531455993652
1764144649.8482623,0.0,-0.30270407268303506,-0.30270407268303506,0.628751627150923,0.20583354178350394,0.0,0.0,4.372159481048584,50.35070037841797,63.175201416015625
1764144649.9214919,0.0,-0.30192821148058696,-0.30192821148058696,0.6799126816727221,0.19453433211427157,0.0,0.0,4.6046977043151855,53.45539855957031,62.91937828063965
1764144650.0130823,0.0,-0.30106097082515487,-0.30106097082515487,0.7,0.20741657316219037,0.0,0.0,3.945305109024048,34.04887390136719,80.98411560058594
1764144650.1030262,0.0,-0.2998480191427975,-0.2998480191427975,0.6999357333144871,0.19539854358416026,0.0,0.0,4.335297584533691,31.852827072143555,79.25724983215332
1764144650.1898599,0.0,-0.298521995566063,-0.298521995566063,0.6997770119371125,0.24544359426479762,0.0,0.0,3.3343942165374756,31.465089797973633,76.27987861633301
1764144650.2655878,0.0,-0.29711496808458954,-0.29711496808458954,0.7,0.21966157722752516,0.0,0.0,3.487621307373047,36.67377853393555,65.42539596557617
1764144650.344051,0.0,-0.29578320580260614,-0.29578320580260614,0.7,0.2667247043875975,0.0,0.0,5.065732002258301,31.757020950317383,68.07827949523926
1764144650.4186747,0.0,-0.2943076648053603,-0.2943076648053603,0.6968596783000975,0.3312609108118338,0.0,0.0,4.381921768188477,17.552165985107422,64.35561180114746
1764144650.511467,0.0,-0.2928088075275934,-0.2928088075275934,0.7,0.3411809686524791,0.0,0.0,4.971261978149414,79.12063598632812,82.34858512878418
1764144650.5898263,0.0,-0.2908243615180951,-0.2908243615180951,0.6759025834500789,0.34129321236949156,0.0,0.0,4.794808387756348,55.933624267578125,67.9938793182373
1764144650.6694558,0.0,-0.28904289487197116,-0.28904289487197116,0.6498560931533575,0.27129321236949155,0.0,0.0,5.7927446365356445,41.342376708984375,69.3051815032959
1764144650.74822,0.0,-0.2871331796537149,-0.2871331796537149,0.7,0.30993722815852354,0.0,0.0,4.2334136962890625,45.27761459350586,68.31979751586914
1764144650.8223002,0.0,-0.28514676776889913,-0.28514676776889913,0.7,0.32614361745159814,0.0,0.0,4.616609573364258,27.168020248413086,63.571929931640625
1764144650.9199462,0.0,-0.28319662820165803,-0.28319662820165803,0.7,0.33852513198595235,0.0,0.0,5.133925437927246,32.019378662109375,87.08310127258301
1764144650.994059,0.0,-0.28049913937879545,-0.28049913937879545,0.6699712097644805,0.30136586417298505,0.0,0.0,4.325459003448486,38.717674255371094,63.5831356048584
1764144651.0674171,0.0,-0.2783613924632986,-0.2783613924632986,0.7,0.37136586417298506,0.0,0.0,5.706963062286377,37.431480407714844,63.04311752319336
1764144651.1413643,0.0,-0.27616313418247607,-0.27616313418247607,0.668795508146286,0.3499980479184885,0.0,0.0,5.146605491638184,64.19110107421875,63.61985206604004
1764144651.2176793,0.0,-0.2738649127323659,-0.2738649127323659,0.6904937725514173,0.3047046087388296,0.0,0.0,5.662274360656738,87.20036315917969,65.72675704956055
1764144651.2914062,0.0,-0.27141630277956463,-0.27141630277956463,0.7,0.32061734829883765,0.0,0.0,5.202498435974121,27.924224853515625,63.28535079956055
1764144651.3652985,0.0,-0.26897413406460696,-0.26897413406460696,0.7,0.31391328002180646,0.0,0.0,5.096638202667236,32.628265380859375,63.49349021911621
1764144651.4447818,0.0,-0.26644839854099067,-0.26644839854099067,0.7,0.3260604849722583,0.0,0.0,4.423415184020996,43.01279830932617,69.04435157775879
1764144651.5204542,0.0,-0.26364997178892774,-0.26364997178892774,0.7,0.2560604849722583,0.0,0.0,3.8257336616516113,44.387779235839844,65.31572341918945
1764144651.5944202,0.0,-0.2608980791239706,-0.2608980791239706,0.6872034434229135,0.32214184495474885,0.0,0.0,6.539440631866455,35.14397430419922,63.381195068359375
1764144651.6735914,0.0,-0.258144509238447,-0.258144509238447,0.7,0.26039674523140977,0.0,0.0,4.340967178344727,29.556474685668945,68.69721412658691
1764144651.7516453,0.0,-0.2551166873266078,-0.2551166873266078,0.7,0.2573572692353625,0.0,0.0,3.7527058124542236,27.568849563598633,67.63482093811035
1764144651.857673,0.0,-0.25204339328976333,-0.25204339328976333,0.6476452209055423,0.1873572692353625,0.0,0.0,3.055466890335083,21.636606216430664,95.36433219909668
1764144651.9381933,0.0,-0.24775663933090628,-0.24775663933090628,0.6521260927431285,0.2573572692353625,0.0,0.0,3.508436679840088,26.652618408203125,69.98896598815918
1764144652.0116544,0.0,-0.24440758520270572,-0.24440758520270572,0.7,0.2354968001027007,0.0,0.0,1.8264151811599731,28.249738693237305,63.1260871887207
1764144652.082567,0.0,-0.2412764352967897,-0.2412764352967897,0.6846465801820159,0.2538375013400216,0.0,0.0,3.645507574081421,18.804975509643555,60.49704551696777
1764144652.1561089,0.0,-0.23819590953323677,-0.23819590953323677,0.6993713097646832,0.28857144125591705,0.0,0.0,3.6468162536621094,25.657697677612305,63.21072578430176
1764144652.2486095,0.0,-0.234932249809131,-0.234932249809131,0.6564975211396813,0.33847469993721435,0.0,0.0,4.7609639167785645,23.438358306884766,82.01718330383301
1764144652.3375154,0.0,-0.23074342621838417,-0.23074342621838417,0.7,0.4082716272104878,0.0,0.0,2.6780598163604736,23.484149932861328,78.51028442382812
1764144652.44012,0.0,-0.2266104680606067,-0.2266104680606067,0.6974981574341654,0.41719682485650966,0.0,0.0,3.56227707862854,66.76922607421875,91.92156791687012
1764144652.5460927,0.0,-0.22174980234163486,-0.22174980234163486,0.7,0.4311828675572176,0.0,0.0,2.9206316471099854,51.60792922973633,95.58486938476562
1764144652.6327128,0.0,-0.21659098248009012,-0.21659098248009012,0.6299999999999999,0.36118286755721757,0.0,0.0,3.6015841960906982,69.11695861816406,76.01451873779297
1764144652.7063482,0.0,-0.21229089205581556,-0.21229089205581556,0.7,0.3012549383644361,0.0,0.0,2.328340530395508,39.78730773925781,63.201189041137695
1764144652.7837956,0.0,-0.20857266494095741,-0.20857266494095741,0.7,0.3515930352811117,0.0,0.0,2.4647066593170166,47.75820541381836,67.07978248596191
1764144652.8582475,0.0,-0.20459167978404402,-0.20459167978404402,0.7,0.4215930352811117,0.0,0.0,3.0810348987579346,29.797489166259766,63.90666961669922
1764144652.9502618,0.0,-0.20071351318959196,-0.20071351318959196,0.6700090736150741,0.3855842302445669,0.0,0.0,3.481358766555786,84.68783569335938,81.60758018493652
1764144653.0271711,0.0,-0.19583838773068743,-0.19583838773068743,0.6981637224555015,0.3155842302445669,0.0,0.0,4.344829082489014,29.5059871673584,66.4522647857666
1764144653.125341,0.0,-0.1916999701804207,-0.1916999701804207,0.6667164273560047,0.36396796909015366,0.0,0.0,2.153583288192749,49.34248352050781,87.61239051818848
1764144653.232193,0.0,-0.18633559647956047,-0.18633559647956047,0.7,0.36311191105836743,0.0,0.0,1.9979026317596436,35.439613342285156,96.35162353515625
1764144653.3524735,0.0,-0.1803824056611486,-0.1803824056611486,0.7,0.3635544142822616,0.0,0.0,1.8549145460128784,41.04890441894531,109.40313339233398
1764144653.4259038,0.0,-0.1735642467712766,-0.1735642467712766,0.7,0.3220051377217166,0.0,0.0,2.6247830390930176,36.46608352661133,62.63136863708496
1764144653.5133407,0.0,-0.16934485088000223,-0.16934485088000223,0.6299999999999999,0.3383280485073917,0.0,0.0,1.9775745868682861,32.06079864501953,76.934814453125
1764144653.6117694,0.0,-0.16424811193145836,-0.16424811193145836,0.6417734353989362,0.39867593712609933,0.0,0.0,3.933556318283081,32.49005889892578,87.97001838684082
1764144653.6826935,0.0,-0.15842845896568905,-0.15842845896568905,0.7,0.3775272796998613,0.0,0.0,2.080763339996338,51.77483367919922,60.37092208862305
1764144653.7558389,0.0,-0.1542010491330428,-0.1542010491330428,0.6881114475429058,0.32555829911929296,0.0,0.0,0.9032700657844543,33.14635467529297,62.85595893859863
1764144653.8314676,0.0,-0.14977990430674162,-0.14977990430674162,0.7,0.36368160128098653,0.0,0.0,2.4954822063446045,44.795654296875,65.25659561157227
1764144653.9200644,0.0,-0.14516648258846596,-0.14516648258846596,0.7,0.3556999451617591,0.0,0.0,1.3603979349136353,37.272701263427734,78.13763618469238
1764144653.999515,0.0,-0.1396835346647,-0.1396835346647,0.6804863687604665,0.41967565930885004,0.0,0.0,2.524998188018799,28.049428939819336,68.4347152709961
1764144654.073611,0.0,-0.13476505765475577,-0.13476505765475577,0.6242783430963754,0.34967565930885003,0.0,0.0,3.3813388347625732,38.558837890625,63.756704330444336
1764144654.14858,0.0,-0.13010860085010287,-0.13010860085010287,0.5841697815805673,0.36167177393537686,0.0,0.0,1.043304204940796,46.04436492919922,64.63789939880371
1764144654.2229674,0.0,-0.1253562325274332,-0.1253562325274332,0.5834313390543684,0.3761596346597068,0.0,0.0,1.0165133476257324,49.50602722167969,64.04304504394531
1764144654.3154643,0.0,-0.12059854560194819,-0.12059854560194819,0.6154029054334387,0.4461596346597068,0.0,0.0,1.2752766609191895,40.19633483886719,82.07106590270996
1764144654.3929057,0.0,-0.11463406061790175,-0.11463406061790175,0.6202466475544497,0.43145297925424503,0.0,0.0,0.4398311972618103,79.1786880493164,67.03948974609375
1764144654.4695277,0.0,-0.10959186242837693,-0.10959186242837693,0.665522518265061,0.361452979254245,0.0,0.0,1.2833890914916992,64.87081146240234,66.12658500671387
1764144654.5465305,0.0,-0.10456709315395325,-0.10456709315395325,0.7,0.291452979254245,0.0,0.0,2.029052495956421,33.14157485961914,66.50042533874512
1764144654.6479142,0.0,-0.09948631625256632,-0.09948631625256632,0.7,0.30695916484546587,0.0,0.0,0.5692912340164185,31.2244873046875,91.05634689331055
1764144654.7318435,0.0,-0.09273304239686779,-0.09273304239686779,0.645421278476715,0.3769591648454659,0.0,0.0,0.36007750034332275,28.537382125854492,73.6079216003418
1764144654.8233788,0.0,-0.08708534808041365,-0.08708534808041365,0.6914695769548416,0.38090142582979725,0.0,0.0,0.4222247004508972,23.577579498291016,80.93667030334473
1764144654.896342,0.0,-0.08088644596550505,-0.08088644596550505,0.6596939943730831,0.45090142582979725,0.0,0.0,1.1068943738937378,35.32634735107422,62.31236457824707
1764144654.9720047,0.0,-0.07593197758267307,-0.07593197758267307,0.6464666713029146,0.4408127222346954,0.0,0.0,1.568651556968689,43.55121994018555,65.36149978637695
1764144655.0496867,0.0,-0.07074516985208931,-0.07074516985208931,0.6849184434860944,0.4291095867889814,0.0,0.0,1.0594515800476074,53.87273406982422,67.33202934265137
1764144655.1211653,0.0,-0.06539480203357352,-0.06539480203357352,0.6149184434860944,0.46060413347062396,0.0,0.0,0.825732409954071,50.88321304321289,61.20920181274414
1764144655.203865,0.0,-0.06043294224674587,-0.06043294224674587,0.6088320753723382,0.3980357371407442,0.0,0.0,1.2283954620361328,51.384117126464844,72.16620445251465
1764144655.279288,0.0,-0.054680352566049154,-0.054680352566049154,0.6438324927538632,0.4461619764703207,0.0,0.0,0.7933268547058105,36.8985595703125,65.13214111328125
1764144655.3665838,0.0,-0.04939852200366885,-0.04939852200366885,0.6710281904041766,0.452751227575063,0.0,0.0,0.8749367594718933,46.316375732421875,77.01921463012695
1764144655.4566736,0.0,-0.04323098532048967,-0.04323098532048967,0.6727264077588915,0.522751227575063,0.0,0.0,0.47170063853263855,34.99147033691406,79.33378219604492
1764144655.531479,0.0,-0.0368629929465714,-0.0368629929465714,0.6520775259658693,0.45646061058592724,0.0,0.0,0.28874602913856506,48.64664077758789,64.18776512145996
1764144655.610826,0.0,-0.031555511932180313,-0.031555511932180313,0.6265887339785694,0.4923353312487595,0.0,0.0,0.5881425142288208,34.2408447265625,68.91679763793945
1764144655.6936543,0.0,-0.025888056201604576,-0.025888056201604576,0.5565887339785693,0.4582798598284714,0.0,0.0,1.1687484979629517,62.04138946533203,72.35598564147949
1764144655.780914,0.0,-0.019945616235503765,-0.019945616235503765,0.5866874013468621,0.3882798598284714,0.0,0.0,1.20850670337677,81.84405517578125,76.75457000732422
1764144655.8540874,0.0,-0.013667128544228111,-0.013667128544228111,0.6327280071005223,0.4383723371798985,0.0,0.0,0.7415074110031128,33.098480224609375,62.760353088378906
1764144655.9335747,0.0,-0.008382368432081632,-0.008382368432081632,0.5902396072074769,0.3984463260645859,0.0,0.0,1.1620177030563354,53.498538970947266,69.11993026733398
1764144656.0110724,0.0,-0.002624959021180158,-0.002624959021180158,0.5786891555786131,0.41799599576246665,0.0,0.0,1.0240623950958252,43.25255584716797,67.19017028808594
1764144656.090228,0.0,0.003014014900462523,0.003014014900462523,0.508689155578613,0.35072189468395637,0.0,0.0,0.671455442905426,76.09130859375,68.80903244018555
1764144656.1646922,0.0,0.008787000487722794,0.008787000487722794,0.5759388709068296,0.33666011590015815,0.0,0.0,1.018175482749939,33.3389892578125,64.08452987670898
1764144656.2548177,0.0,0.014235534364234012,0.014235534364234012,0.6459388709068297,0.40666011590015816,0.0,0.0,1.7565882205963135,40.55663299560547,79.71549034118652
1764144656.3382602,0.0,0.020842494082383985,0.020842494082383985,0.6329345446452497,0.47666011590015817,0.0,0.0,0.8835480213165283,41.08435821533203,73.05216789245605
1764144656.4334111,0.0,0.026985360986468296,0.026985360986468296,0.5941618126258252,0.49916030678403306,0.0,0.0,1.098701000213623,36.8430290222168,84.64312553405762
1764144656.5162535,0.0,0.033985316715026276,0.033985316715026276,0.6157637503370641,0.5302071052367681,0.0,0.0,0.7849299907684326,44.125648498535156,72.31807708740234
1764144656.5898995,0.0,0.040097399261317904,0.040097399261317904,0.5781247955188153,0.5740537720496648,0.0,0.0,0.8113473057746887,67.72637939453125,63.31205368041992
1764144656.6675298,0.0,0.045551567278463184,0.045551567278463184,0.6464763101562856,0.6265285762722486,0.0,0.0,1.2550543546676636,81.87767791748047,67.17085838317871
1764144656.76247,0.0,0.051291473274846344,0.051291473274846344,0.6970925260707734,0.5565285762722485,0.0,0.0,0.5484181046485901,35.31731033325195,84.64288711547852
1764144656.8442655,0.0,0.05833771029853801,0.05833771029853801,0.7,0.5106789065475457,0.0,0.0,1.4706679582595825,43.98891830444336,71.33364677429199
1764144656.9168723,0.0,0.0644042727319101,0.0644042727319101,0.6299999999999999,0.5375702088649266,0.0,0.0,1.1880260705947876,35.78368377685547,62.29996681213379
1764144656.9962862,0.0,0.06979993318787583,0.06979993318787583,0.688240421116352,0.5770558087105744,0.0,0.0,1.2638179063796997,31.11005401611328,69.08750534057617
1764144657.0739355,0.0,0.07571135393354403,0.07571135393354403,0.6853845961112528,0.593526684301614,0.0,0.0,1.2868424654006958,38.73701858520508,67.10457801818848
1764144657.1472824,0.0,0.08148591907432638,0.08148591907432638,0.6387917905766516,0.5572061506981842,0.0,0.0,1.2906023263931274,21.398578643798828,62.86334991455078
1764144657.2203174,0.0,0.08693487412470158,0.08693487412470158,0.6176898669172077,0.5437392309258573,0.0,0.0,0.3942521810531616,19.608989715576172,62.71982192993164
1764144657.2970753,0.0,0.09237588347893623,0.09237588347893623,0.629300404684618,0.5840480528722398,0.0,0.0,1.1223247051239014,20.07832145690918,66.2832260131836
1764144657.3812692,0.0,0.09807661352483266,0.09807661352483266,0.6200723604951053,0.6409828901241414,0.0,0.0,0.9937039017677307,34.89166259765625,73.93479347229004
1764144657.4551394,0.0,0.10433985498928426,0.10433985498928426,0.6078945783618837,0.6498887171919339,0.0,0.0,1.6222506761550903,24.22060775756836,63.51161003112793
1764144657.5283315,0.0,0.1098287405119946,0.1098287405119946,0.5753690911177545,0.6612985679830305,0.0,0.0,0.9857386946678162,38.746822357177734,62.871694564819336
1764144657.6033146,0.0,0.11527121975687964,0.11527121975687964,0.6453690911177545,0.6870709141666882,0.0,0.0,0.8883795738220215,42.57136917114258,64.44716453552246
1764144657.679022,0.0,0.1208295862378892,0.1208295862378892,0.7,0.7,0.0,0.0,1.1664376258850098,29.764636993408203,65.35196304321289
1764144657.752762,0.0,0.12644151221360506,0.12644151221360506,0.6845343856140971,0.6558236300945282,0.0,0.0,1.0050806999206543,28.50489044189453,63.391923904418945
1764144657.8260987,0.0,0.13190593544774043,0.13190593544774043,0.7,0.6270521774888038,0.0,0.0,1.2876681089401245,14.22149658203125,62.83378601074219
1764144657.8980472,0.0,0.13731992865690107,0.13731992865690107,0.7,0.6970521774888039,0.0,0.0,1.2393518686294556,15.135831832885742,61.68103218078613
1764144657.970091,0.0,0.14263416454985517,0.14263416454985517,0.6299999999999999,0.7,0.0,0.0,1.3772028684616089,10.033851623535156,61.68627738952637
1764144658.0466297,0.0,0.14794894706266917,0.14794894706266917,0.6925783652067183,0.7,0.0,0.0,1.251253604888916,25.867332458496094,66.02144241333008
1764144658.125912,0.0,0.15357480479110944,0.15357480479110944,0.7,0.7,0.0,0.0,1.4208699464797974,17.01434326171875,68.86792182922363
1764144658.2016304,0.0,0.15939578101355226,0.15939578101355226,0.7,0.7,0.0,0.0,3.1055305004119873,17.603038787841797,65.22989273071289
1764144658.2752774,0.0,0.16493385832455884,0.16493385832455884,0.6299999999999999,0.7,0.0,0.0,2.277052402496338,16.14806365966797,63.3087158203125
1764144658.3707974,0.0,0.1703169947766855,0.1703169947766855,0.6262486580479889,0.7,0.0,0.0,2.345571756362915,17.39653778076172,85.06345748901367
1764144658.4550586,0.0,0.17728225190843586,0.17728225190843586,0.5617851692903786,0.6979777706321328,0.0,0.0,2.363670587539673,25.313987731933594,73.61602783203125
1764144658.5782256,0.0,0.18339584596208372,0.18339584596208372,0.5084948543179779,0.6305201841052621,0.0,0.0,2.079524278640747,25.780229568481445,112.48970031738281
1764144658.6683662,0.0,0.19229883124426364,0.19229883124426364,0.4436537105310707,0.5929386099334806,0.0,0.0,2.65446138381958,52.99677276611328,79.39410209655762
1764144658.7390442,0.0,0.19875432661956965,0.19875432661956965,0.45058063079603006,0.6629386099334806,0.0,0.0,2.182483673095703,59.843746185302734,60.38808822631836
1764144658.8131888,0.0,0.20381841818093901,0.20381841818093901,0.38058063079603005,0.7,0.0,0.0,3.037794351577759,67.37860107421875,63.777923583984375
1764144658.886662,0.0,0.20910243301676507,0.20910243301676507,0.45058063079603006,0.6621061347424984,0.0,0.0,2.701780080795288,185.9199676513672,63.17949295043945
1764144658.980961,0.0,0.21433706412437195,0.21433706412437195,0.4489842723077162,0.6159922897815704,0.0,0.0,1.89009428024292,42.21213912963867,83.6637020111084
1764144659.1013367,0.0,0.22100170187001153,0.22100170187001153,0.4070826950436457,0.6535579867660999,0.0,0.0,2.095041513442993,44.3152961730957,109.75098609924316
1764144659.1798265,0.0,0.2294536637924518,0.2294536637924518,0.35876786289270957,0.6354812763631343,0.0,0.0,2.341108560562134,111.01421356201172,67.89684295654297
1764144659.2571452,0.0,0.234927156492961,0.234927156492961,0.31732555804308493,0.593908891826868,0.0,0.0,3.636338949203491,169.97030639648438,66.81132316589355
1764144659.3341036,0.0,0.24029398811757688,0.24029398811757688,0.28028495935257514,0.6546340703964233,0.0,0.0,3.5600087642669678,143.62481689453125,66.45083427429199
1764144659.4322553,0.0,0.24559966950414244,0.24559966950414244,0.3003240614151581,0.6030515290796756,0.0,0.0,3.003958225250244,238.40139770507812,87.82625198364258
1764144659.5027177,0.0,0.25232923865375056,0.25232923865375056,0.3703240614151581,0.6730515290796757,0.0,0.0,2.7809243202209473,249.6081085205078,60.169219970703125
1764144659.575836,0.0,0.2571346939896167,0.2571346939896167,0.4193733867025002,0.7,0.0,0.0,3.0468173027038574,175.62677001953125,62.7436637878418
1764144659.6753814,0.0,0.26208744048454685,0.26208744048454685,0.3818016063189133,0.7,0.0,0.0,4.50291633605957,123.39386749267578,89.18046951293945
1764144659.7846758,0.0,0.26878315630757776,0.26878315630757776,0.42518846800085147,0.6929281743243336,0.0,0.0,4.134089469909668,164.91574096679688,98.79040718078613
1764144659.8707683,0.0,0.2760701301662477,0.2760701301662477,0.3937364194309338,0.6892176575958728,0.0,0.0,4.071793079376221,68.59416198730469,75.4845142364502
1764144659.9491866,0.0,0.2817537341075223,0.2817537341075223,0.38422654864843925,0.7,0.0,0.0,2.6212801933288574,125.26598358154297,67.79837608337402
1764144660.0311708,0.0,0.2868813956250274,0.2868813956250274,0.36615430114325126,0.6528240673243999,0.0,0.0,3.4056131839752197,116.28263854980469,71.5177059173584
1764144660.103931,0.0,0.2922014312497081,0.2922014312497081,0.3934231094783171,0.6092254489660263,0.0,0.0,2.865206003189087,89.88813018798828,62.44945526123047
1764144660.1836185,0.0,0.29688938782502544,0.29688938782502544,0.36364748997148116,0.5975665951147675,0.0,0.0,3.5087993144989014,40.033321380615234,69.41986083984375
1764144660.2575529,0.0,0.3019832189395154,0.3019832189395154,0.2959851093357428,0.627762727253139,0.0,0.0,5.340417385101318,44.72053527832031,63.63272666931152
1764144660.330118,0.0,0.30667684357994873,0.30667684357994873,0.33584716839250167,0.6238490485586226,0.0,0.0,3.9189884662628174,122.77146911621094,62.100887298583984
1764144660.408301,0.0,0.31122709567594775,0.31122709567594775,0.26584716839250166,0.6912383281625807,0.0,0.0,4.700572490692139,57.4212646484375,67.8548812866211
1764144660.5025756,0.0,0.31610981161320856,0.31610981161320856,0.20860623893793662,0.6212383281625806,0.0,0.0,5.503272533416748,167.86700439453125,83.41383934020996
1764144660.5971372,0.0,0.32191307849440615,0.32191307849440615,0.1386062389379366,0.5831132192350923,0.0,0.0,3.9669675827026367,160.88113403320312,83.94384384155273
1764144660.6857784,0.0,0.3276594843565032,0.3276594843565032,0.20860623893793662,0.6225038837827741,0.0,0.0,5.059554576873779,201.91812133789062,78.2618522644043
1764144660.761395,0.0,0.3329860364958616,0.3329860364958616,0.22059731883462508,0.6702683899737893,0.0,0.0,5.58234167098999,130.01695251464844,65.25516510009766
1764144660.8675776,0.0,0.3374901310991953,0.3374901310991953,0.15059731883462507,0.7,0.0,0.0,4.961575984954834,163.10800170898438,95.54028511047363
1764144660.9616587,0.0,0.3437198802099483,0.3437198802099483,0.11838954297360021,0.6299999999999999,0.0,0.0,4.322719097137451,277.75946044921875,83.44197273254395
1764144661.0549057,0.0,0.3491470659416813,0.3491470659416813,0.14197745715733606,0.5896253149211406,0.0,0.0,13.706012725830078,198.0821075439453,82.7937126159668
1764144661.148684,0.0,0.35447262348074043,0.35447262348074043,0.18190732394810755,0.5495015989243983,0.0,0.0,10.396693229675293,175.98802185058594,83.00089836120605
1764144661.2287827,0.0,0.35971276132344526,0.35971276132344526,0.11190732394810754,0.5177395577728747,0.0,0.0,10.049403190612793,108.5587387084961,69.7324275970459
1764144661.328192,0.0,0.36414946481674265,0.36414946481674265,0.13058761892374593,0.44964485719799985,0.0,0.0,10.486502647399902,147.4091796875,88.77682685852051
1764144661.4013853,0.0,0.36954946723962695,0.36954946723962695,0.08692656469997007,0.47434103220701207,0.0,0.0,11.297462463378906,84.41484069824219,62.79635429382324
1764144661.4963412,0.0,0.3734668170393403,0.3734668170393403,0.08838626219425338,0.4770084602013229,0.0,0.0,12.294670104980469,74.60916137695312,84.63001251220703
1764144661.5803933,0.0,0.3784797299074541,0.3784797299074541,0.018386262194253378,0.547008460201323,0.0,0.0,8.887594223022461,79.84967041015625,73.52209091186523
1764144661.6656184,0.0,0.38282862093282316,0.38282862093282316,0.0,0.4825094694271683,0.0,0.0,7.444914817810059,207.66635131835938,74.77092742919922
1764144661.7456887,0.0,0.3871801929937694,0.3871801929937694,0.02620740793645382,0.4125094694271683,0.0,0.0,10.88362979888916,121.13496398925781,69.33808326721191
1764144661.8177645,0.0,0.39117505658088636,0.39117505658088636,0.0,0.4556027111783623,0.0,0.0,11.035966873168945,60.87865447998047,61.64836883544922
1764144661.8991268,0.0,0.3947262335943794,0.3947262335943794,0.0,0.4878386986628174,0.0,0.0,8.926191329956055,116.36668395996094,70.77336311340332
1764144661.971295,0.0,0.39865165353159476,0.39865165353159476,0.0,0.521904898919165,0.0,0.0,9.318902969360352,183.7194061279297,61.891794204711914
1764144662.0483427,0.0,0.40208457885382204,0.40208457885382204,0.0,0.451904898919165,0.0,0.0,7.078647613525391,162.12884521484375,66.59889221191406
1764144662.1243823,0.0,0.4056763044368018,0.4056763044368018,0.06035710126161575,0.521904898919165,0.0,0.0,8.918931007385254,130.48504638671875,65.7346248626709
1764144662.1971676,0.0,0.4091580980352289,0.4091580980352289,0.05161352548748255,0.48970197711139907,0.0,0.0,7.417585849761963,165.61045837402344,62.461137771606445
1764144662.2699482,0.0,0.41242750880008394,0.41242750880008394,0.0,0.4662740511074661,0.0,0.0,9.253369331359863,106.33216857910156,62.43181228637695
1764144662.3533492,0.0,0.41563492506202604,0.41563492506202604,0.0,0.4442217295244335,0.0,0.0,11.302895545959473,130.25650024414062,72.95083999633789
1764144662.4316425,0.0,0.41923020697335883,0.41923020697335883,0.0,0.45896419055759896,0.0,0.0,13.405861854553223,95.23637390136719,67.76857376098633
1764144662.508525,0.0,0.4225263980745707,0.4225263980745707,0.0,0.47448007587343444,0.0,0.0,12.557792663574219,107.8465576171875,66.38169288635254
1764144662.5934758,0.0,0.4256897160547397,0.4256897160547397,0.025543225929141045,0.43574868340045203,0.0,0.0,13.760993957519531,91.98066711425781,74.38468933105469
1764144662.6664212,0.0,0.4290946952373922,0.4290946952373922,0.0,0.5057486834004521,0.0,0.0,12.032371520996094,85.09895324707031,62.65568733215332
1764144662.7410197,0.0,0.4319511016897454,0.4319511016897454,0.0,0.5438857840374112,0.0,0.0,9.161554336547852,122.39812469482422,64.10098075866699
1764144662.814468,0.0,0.4347930384404613,0.4347930384404613,0.0,0.47388578403741116,0.0,0.0,12.151349067687988,118.14651489257812,63.14373016357422
1764144662.8911216,0.0,0.43752608192338893,0.43752608192338893,0.0,0.4695574707537889,0.0,0.0,11.592357635498047,144.39788818359375,66.21980667114258
1764144662.966396,0.0,0.44029993060356454,0.44029993060356454,0.011076622642576694,0.5319007626920937,0.0,0.0,9.69581413269043,107.99529266357422,64.76616859436035
1764144663.0532491,0.0,0.44294691926618557,0.44294691926618557,0.0,0.46709787763655175,0.0,0.0,10.148026466369629,245.18893432617188,76.31230354309082
1764144663.1263933,0.0,0.4458981754425452,0.4458981754425452,0.0,0.4728898723796009,0.0,0.0,9.482561111450195,99.0704574584961,62.85214424133301
1764144663.2009342,0.0,0.44831276552277116,0.44831276552277116,0.0,0.542889872379601,0.0,0.0,8.655837059020996,129.2073516845703,63.9193058013916
1764144663.2805007,0.0,0.45068735084452216,0.45068735084452216,0.0453835166990757,0.5829696783795952,0.0,0.0,9.513715744018555,172.83837890625,69.08941268920898
1764144663.3602684,0.0,0.45313454246252144,0.45313454246252144,0.014387385919690132,0.6529696783795953,0.0,0.0,8.636922836303711,237.89198303222656,69.37670707702637
1764144663.439729,0.0,0.45550224184377647,0.45550224184377647,0.0,0.6442501186206937,0.0,0.0,7.784974575042725,294.70819091796875,68.67241859436035
1764144663.5119245,0.0,0.45775792065527876,0.45775792065527876,0.0,0.7,0.0,0.0,28.350597381591797,338.50836181640625,61.90991401672363
1764144663.5915053,0.0,0.4597344937274103,0.4597344937274103,0.0,0.7,0.0,0.0,14.439859390258789,375.41326904296875,69.13948059082031
1764144663.662001,0.0,0.46181755907996414,0.46181755907996414,0.07,0.7,0.0,0.0,7.180781841278076,370.638671875,60.23216247558594
1764144663.7346928,0.0,0.46358488133290227,0.46358488133290227,0.0,0.7,0.0,0.0,6.029377460479736,300.7890319824219,62.409162521362305
1764144663.8098373,0.0,0.46533004304985026,0.46533004304985026,0.04758821055293083,0.6625242762267589,0.0,0.0,5.124521732330322,394.4735107421875,64.6357536315918
1764144663.9158616,0.0,0.46704393142671335,0.46704393142671335,0.08632902801036835,0.6128070995211601,0.0,0.0,5.721731185913086,347.29193115234375,95.5970287322998
1764144664.0063212,0.0,0.46931753565142004,0.46931753565142004,0.07623897958546877,0.5779734447598457,0.0,0.0,7.913093566894531,159.531005859375,79.7109603881836
1764144664.083994,0.0,0.47110576997974957,0.47110576997974957,0.04224719200283289,0.5079734447598456,0.0,0.0,6.380323886871338,155.62539672851562,67.2612190246582
1764144664.1579847,0.0,0.4725397709476455,0.4725397709476455,0.0,0.4379734447598456,0.0,0.0,7.000100612640381,95.12622833251953,63.681602478027344
1764144664.2322388,0.0,0.47381623531553524,0.47381623531553524,0.0,0.4337248391844331,0.0,0.0,7.774876117706299,43.26127243041992,63.89880180358887
1764144664.3370204,0.0,0.4750099296517731,0.4750099296517731,0.0,0.41601814137771714,0.0,0.0,9.353646278381348,59.325557708740234,94.2680835723877
1764144664.4317267,0.0,0.4765447092039935,0.4765447092039935,0.0393664725124836,0.48601814137771715,0.0,0.0,9.923614501953125,34.925445556640625,84.23066139221191
1764144664.5346432,0.0,0.4777830182948835,0.4777830182948835,0.023571327328681946,0.5043976918049156,0.0,0.0,10.801996231079102,44.18229675292969,92.45586395263672
1764144664.6133058,0.0,0.4789736312838805,0.4789736312838805,0.07187995687127113,0.5495326943881809,0.0,0.0,10.625059127807617,45.3651008605957,68.15218925476074
1764144664.6844997,0.0,0.4797756892965613,0.4797756892965613,0.03410222381353378,0.5493578161211916,0.0,0.0,10.888663291931152,49.75071334838867,60.68158149719238
1764144664.7599154,0.0,0.4804218947143417,0.4804218947143417,0.0,0.5870684119971701,0.0,0.0,11.191222190856934,58.68510437011719,64.86368179321289
1764144664.834467,0.0,0.481023826583971,0.481023826583971,0.0,0.6343748341413447,0.0,0.0,9.595965385437012,102.96133422851562,64.26191329956055
1764144664.9325793,0.0,0.4815388620943293,0.4815388620943293,0.0,0.6895890715630957,0.0,0.0,10.425740242004395,121.52941131591797,87.69559860229492
1764144665.0251799,0.0,0.48209546448444607,0.48209546448444607,0.059552621096372604,0.7,0.0,0.0,10.610479354858398,148.0912628173828,81.8488597869873
1764144665.1167068,0.0,0.4824932915570979,0.4824932915570979,0.12652431800961494,0.7,0.0,0.0,10.605457305908203,167.2892608642578,81.20584487915039
1764144665.2146585,0.0,0.48277098380156386,0.48277098380156386,0.18838709220290184,0.6347731992602348,0.0,0.0,10.704366683959961,82.35106658935547,87.29362487792969
1764144665.2880235,0.0,0.4829399786342073,0.4829399786342073,0.11838709220290183,0.6006352797150611,0.0,0.0,16.59766387939453,72.90321350097656,62.92605400085449
1764144665.3623736,0.0,0.4829819657541675,0.4829819657541675,0.09649451851844787,0.5306352797150611,0.0,0.0,11.353455543518066,86.79194641113281,64.07284736633301
1764144665.433766,0.0,0.48295159979755975,0.48295159979755975,0.11240761756896972,0.6006352797150611,0.0,0.0,11.933374404907227,68.63395690917969,61.110734939575195
1764144665.5115356,0.0,0.482853994589004,0.482853994589004,0.08976086631417274,0.6706352797150612,0.0,0.0,12.76560115814209,74.17428588867188,67.2922134399414
1764144665.5878007,0.0,0.48267266551841453,0.48267266551841453,0.06441534526646137,0.6257187467813492,0.0,0.0,10.97045612335205,124.42878723144531,65.77396392822266
1764144665.6766994,0.0,0.4824198238455287,0.4824198238455287,0.047504490539431565,0.5557187467813491,0.0,0.0,10.836346626281738,83.22085571289062,78.38702201843262
1764144665.755689,0.0,0.48203266202807293,0.48203266202807293,0.03325774084776639,0.5496350278146565,0.0,0.0,12.469621658325195,70.54380798339844,68.46070289611816
1764144665.83252,0.0,0.4816076225552882,0.4816076225552882,0.1032577408477664,0.5320485022850334,0.0,0.0,13.286613464355469,105.9751968383789,66.52212142944336
1764144665.927931,0.0,0.481119472673268,0.481119472673268,0.1173916021361947,0.5655041349120438,0.0,0.0,11.978872299194336,74.00016784667969,84.75470542907715
1764144666.025137,0.0,0.4804159662958404,0.4804159662958404,0.08436078671365976,0.6208700587041676,0.0,0.0,11.745628356933594,51.82344436645508,86.6236686706543
1764144666.1076987,0.0,0.47958998564892286,0.47958998564892286,0.06276680994778872,0.6908700587041676,0.0,0.0,9.065715789794922,96.88606262207031,72.07512855529785
1764144666.1931129,0.0,0.47880202226068697,0.47880202226068697,0.11242188978940248,0.6652855900861323,0.0,0.0,9.93900203704834,106.19351959228516,74.85747337341309
1764144666.277236,0.0,0.4779056453281511,0.4779056453281511,0.07994331885129213,0.7,0.0,0.0,9.14380168914795,120.56407165527344,73.6229419708252
1764144666.3597782,0.0,0.47694503195587756,0.47694503195587756,0.14918845612555742,0.7,0.0,0.0,12.26491928100586,124.83621215820312,72.21198081970215
1764144666.4392264,0.0,0.47592612240108134,0.47592612240108134,0.07918845612555742,0.6434863738715648,0.0,0.0,12.58115005493164,82.21105194091797,69.08130645751953
1764144666.5367873,0.0,0.4748762039141607,0.4748762039141607,0.00918845612555741,0.6194243792444467,0.0,0.0,12.244154930114746,138.06829833984375,87.16225624084473
1764144666.6448987,0.0,0.4734937770774157,0.4734937770774157,0.0016785093024372921,0.6748758282512426,0.0,0.0,9.950878143310547,131.336181640625,97.43213653564453
1764144666.7187972,0.0,0.47185161042514606,0.47185161042514606,0.0,0.7,0.0,0.0,10.98565673828125,111.31656646728516,63.43889236450195
1764144666.8085365,0.0,0.47066252456831315,0.47066252456831315,0.07,0.6299999999999999,0.0,0.0,13.295706748962402,122.33244323730469,79.43415641784668
1764144666.8931096,0.0,0.46914291421479964,0.46914291421479964,0.06813256703782827,0.5599999999999998,0.0,0.0,11.778191566467285,110.93531036376953,74.10860061645508
1764144666.9712825,0.0,0.46764026678116466,0.46764026678116466,0.0,0.6179084716737269,0.0,0.0,8.358769416809082,90.40068054199219,67.75665283203125
1764144667.0433428,0.0,0.46619262024705466,0.46619262024705466,0.015241793356835842,0.6192404961353166,0.0,0.0,9.620858192443848,91.37353515625,61.71536445617676
1764144667.1168334,0.0,0.46480747356268504,0.46480747356268504,0.0,0.6255145155033095,0.0,0.0,7.374485492706299,122.31961822509766,63.16637992858887
1764144667.2037153,0.0,0.46334230188850367,0.46334230188850367,0.0,0.6955145155033096,0.0,0.0,6.901212692260742,139.40426635742188,76.25389099121094
1764144667.3006005,0.0,0.46155481818229166,0.46155481818229166,0.0028655186761170626,0.6255145155033095,0.0,0.0,7.189468860626221,180.48477172851562,86.45343780517578
1764144667.3908987,0.0,0.459481809089195,0.459481809089195,0.06273465161211789,0.6394856859138234,0.0,0.0,10.830147743225098,138.2976837158203,79.74076271057129
1764144667.4658778,0.0,0.45747533494516085,0.45747533494516085,0.07774509047158062,0.5728611637046559,0.0,0.0,8.673954963684082,103.88937377929688,64.35394287109375
1764144667.545507,0.0,0.45576418740948493,0.45576418740948493,0.05884464201517403,0.5853923138370736,0.0,0.0,7.926929950714111,96.95606994628906,69.21887397766113
1764144667.6243162,0.0,0.45389429587319224,0.45389429587319224,0.04038243112154305,0.6553923138370736,0.0,0.0,8.379232406616211,83.47064971923828,68.50099563598633
1764144667.6999552,0.0,0.45199295998258604,0.45199295998258604,0.08630259451456368,0.6220337212970479,0.0,0.0,9.288857460021973,98.9698486328125,65.28782844543457
1764144667.7935767,0.0,0.45012264608028535,0.45012264608028535,0.1563025945145637,0.692033721297048,0.0,0.0,9.140857696533203,62.07855224609375,83.24480056762695
1764144667.8881073,0.0,0.44774929774311745,0.44774929774311745,0.08630259451456368,0.6685693638166412,0.0,0.0,9.121668815612793,70.36720275878906,84.02872085571289
1764144667.9699783,0.0,0.4452875434369985,0.4452875434369985,0.016302594514563673,0.6849978381535038,0.0,0.0,6.18553352355957,101.38694763183594,71.29025459289551
1764144668.0582588,0.0,0.4431080894171106,0.4431080894171106,0.0,0.7,0.0,0.0,6.974730491638184,109.61461639404297,77.83007621765137
1764144668.1387599,0.0,0.4406990770503118,0.4406990770503118,0.0,0.66854829788208,0.0,0.0,7.516048431396484,91.98188781738281,69.87643241882324
1764144668.2127926,0.0,0.4384689986255549,0.4384689986255549,0.021292852237820625,0.7,0.0,0.0,7.070289134979248,91.27487182617188,63.726186752319336
1764144668.2901304,0.0,0.4363721528851425,0.4363721528851425,0.04815141297876835,0.6299999999999999,0.0,0.0,5.6243062019348145,103.52244567871094,66.84684753417969
1764144668.3657687,0.0,0.4341436486209626,0.4341436486209626,0.07669803872704506,0.6321191323176025,0.0,0.0,8.817275047302246,83.66595458984375,64.98551368713379
1764144668.455287,0.0,0.43193800500993557,0.43193800500993557,0.07568941114004701,0.5853734259679912,0.0,0.0,8.822129249572754,87.50279998779297,79.11539077758789
1764144668.5346038,0.0,0.4292772895198123,0.4292772895198123,0.04291869921144098,0.5914708339795469,0.0,0.0,7.2157087326049805,48.85042190551758,68.86458396911621
1764144668.6089675,0.0,0.4268849848541461,0.4268849848541461,0.028481772518716753,0.5214708339795469,0.0,0.0,7.2889885902404785,68.12822723388672,64.05210494995117
1764144668.68719,0.0,0.4245990779135461,0.4245990779135461,0.006507991231046617,0.5914708339795469,0.0,0.0,7.283100605010986,44.367103576660156,67.54302978515625
1764144668.7664,0.0,0.422179799111207,0.422179799111207,0.0,0.6132038590684532,0.0,0.0,6.665826320648193,44.264991760253906,68.76945495605469
1764144668.840295,0.0,0.41968959501715086,0.41968959501715086,0.0005221723113209009,0.5640022141113876,0.0,0.0,6.0552263259887695,73.7855453491211,63.37475776672363
1764144668.923602,0.0,0.4173429570169502,0.4173429570169502,0.0,0.5504854490235447,0.0,0.0,6.855259895324707,90.22605895996094,72.98016548156738
1764144669.027779,0.0,0.4146599960583545,0.4146599960583545,0.0,0.567880110926926,0.0,0.0,7.356686592102051,78.25731658935547,93.7035083770752
1764144669.106411,0.0,0.4112653805178246,0.4112653805178246,0.03389995917677879,0.6241586749628185,0.0,0.0,6.368434429168701,47.928321838378906,68.19701194763184
1764144669.1782012,0.0,0.4086729650773997,0.4086729650773997,0.1038999591767788,0.6810770464316009,0.0,0.0,5.9335551261901855,81.734375,61.501502990722656
1764144669.2536392,0.0,0.40628196283147017,0.40628196283147017,0.1719236259162426,0.7,0.0,0.0,6.626302719116211,87.41490173339844,65.11616706848145
1764144669.3277237,0.0,0.4037480140430512,0.4037480140430512,0.23920676454901696,0.7,0.0,0.0,6.132760524749756,49.283164978027344,63.74955177307129
1764144669.399053,0.0,0.40123947519670966,0.40123947519670966,0.2651185707002878,0.7,0.0,0.0,7.25346565246582,45.516536712646484,61.04755401611328
1764144669.4754207,0.0,0.3988002386674774,0.3988002386674774,0.19511857070028782,0.7,0.0,0.0,7.494953632354736,28.164382934570312,65.89555740356445
1764144669.5527644,0.0,0.396175402231221,0.396175402231221,0.1528970617800951,0.7,0.0,0.0,6.0594563484191895,32.46856689453125,66.84160232543945
1764144669.62769,0.0,0.3934963623389367,0.3934963623389367,0.12706976011395454,0.7,0.0,0.0,6.346040725708008,76.49307250976562,64.3928050994873
1764144669.7002873,0.0,0.39088880977839846,0.39088880977839846,0.18028854206204414,0.7,0.0,0.0,6.8197197914123535,46.348262786865234,62.314510345458984
1764144669.7787905,0.0,0.3883399341497648,0.3883399341497648,0.11661728098988533,0.6850675901398062,0.0,0.0,6.483588218688965,47.21148681640625,68.06707382202148
1764144669.8522532,0.0,0.38556766917259355,0.38556766917259355,0.046617280989885324,0.6896133607253432,0.0,0.0,6.550261497497559,49.82475280761719,62.99448013305664
1764144669.9357114,0.0,0.38296728140747044,0.38296728140747044,0.0,0.6263553163036704,0.0,0.0,5.247337341308594,90.66339111328125,73.10748100280762
1764144670.007083,0.0,0.3799928023692686,0.3799928023692686,0.0,0.5825251786038279,0.0,0.0,5.596045017242432,85.21385192871094,61.034202575683594
1764144670.0992408,0.0,0.37742880813606744,0.37742880813606744,0.029056625440716743,0.5804570722859352,0.0,0.0,5.092277526855469,83.32337951660156,81.4812183380127
1764144670.1772163,0.0,0.3741185872833799,0.3741185872833799,0.0,0.5326889637392014,0.0,0.0,5.030916213989258,76.64445495605469,67.51751899719238
1764144670.2512891,0.0,0.37130639259852893,0.37130639259852893,0.0,0.5576463505160063,0.0,0.0,4.452677249908447,55.54393768310547,63.75694274902344
1764144670.330071,0.0,0.3686195649039005,0.3686195649039005,0.0,0.5865219734143465,0.0,0.0,4.700489044189453,74.16131591796875,68.27092170715332
1764144670.428886,0.0,0.3657607878843604,0.3657607878843604,0.0,0.6542137838434428,0.0,0.0,4.4748311042785645,92.49864196777344,88.4861946105957
1764144670.518615,0.0,0.3621530641623297,0.3621530641623297,0.04974571615457535,0.6126104048918932,0.0,0.0,4.710907936096191,138.0425262451172,79.08415794372559
1764144670.6130753,0.0,0.3588759958627809,0.3588759958627809,0.016737502068281174,0.6192568452563136,0.0,0.0,5.191129207611084,77.27113342285156,83.82773399353027
1764144670.6899276,0.0,0.35542552833934027,0.35542552833934027,0.009840707760304213,0.6442712680902332,0.0,0.0,4.559897422790527,114.2513427734375,66.50209426879883
1764144670.7724845,0.0,0.35260941730368434,0.35260941730368434,0.07984070776030422,0.5998848514165729,0.0,0.0,4.619269371032715,188.35409545898438,72.1123218536377
1764144670.8488119,0.0,0.3495810083800413,0.3495810083800413,0.10724551154300571,0.5733972979243844,0.0,0.0,4.442409992218018,92.01322937011719,65.69147109985352
1764144670.9234076,0.0,0.34678651093926044,0.34678651093926044,0.1217053115181625,0.5776111106853932,0.0,0.0,4.2559003829956055,74.46748352050781,64.25046920776367
1764144671.0097265,0.0,0.34404980999934637,0.34404980999934637,0.18437177984043956,0.579546221694909,0.0,0.0,4.5376434326171875,49.76657485961914,75.8521556854248
1764144671.0823176,0.0,0.3408896300751458,0.3408896300751458,0.13643432332202793,0.6226899709319695,0.0,0.0,3.8142330646514893,33.683258056640625,62.21294403076172
1764144671.157308,0.0,0.33822966830222134,0.33822966830222134,0.18281572235748172,0.6518241028999909,0.0,0.0,3.204211711883545,69.15571594238281,64.46337699890137
1764144671.231649,0.0,0.3354896766421407,0.3354896766421407,0.18432196653913707,0.6171024340903386,0.0,0.0,3.6564388275146484,63.75274658203125,63.849687576293945
1764144671.3053544,0.0,0.33277783028140784,0.33277783028140784,0.17768903081770987,0.6149142209207639,0.0,0.0,4.278285980224609,29.877899169921875,63.214778900146484
1764144671.387677,0.0,0.33009363301562106,0.33009363301562106,0.18872528528328986,0.6360812049126252,0.0,0.0,3.7303192615509033,26.481250762939453,71.81835174560547
1764144671.467195,0.0,0.3271046540869488,0.3271046540869488,0.11872528528328985,0.5660812049126251,0.0,0.0,3.2948150634765625,45.892181396484375,69.03886795043945
1764144671.5455933,0.0,0.32422755727179564,0.32422755727179564,0.10240940598305315,0.49608120491262514,0.0,0.0,4.245049476623535,49.271392822265625,68.07875633239746
1764144671.6210492,0.0,0.321396548882618,0.321396548882618,0.09827178798150271,0.4629222767567261,0.0,0.0,3.990048408508301,29.907983779907227,65.01221656799316
1764144671.7114902,0.0,0.31868407511943503,0.31868407511943503,0.07734289288055152,0.4542857723450287,0.0,0.0,4.367658615112305,29.313756942749023,80.06834983825684
1764144671.7853484,0.0,0.31544911651737184,0.31544911651737184,0.049721292103640735,0.45957358443643886,0.0,0.0,6.557499408721924,17.722347259521484,63.51017951965332
1764144671.8792825,0.0,0.3128168547140833,0.3128168547140833,0.0,0.47324612905737,0.0,0.0,4.813090801239014,38.32541275024414,83.45389366149902
1764144671.9845989,0.0,0.30948965329404726,0.30948965329404726,0.0,0.40324612905737,0.0,0.0,4.84093713760376,42.036109924316406,94.79284286499023
1764144672.0605874,0.0,0.30578890718466684,0.30578890718466684,0.0,0.47324612905737,0.0,0.0,3.657289981842041,19.427860260009766,65.54913520812988
1764144672.1444218,0.0,0.30313818711869644,0.30313818711869644,0.0,0.4564535578852518,0.0,0.0,4.636370658874512,91.91492462158203,73.49896430969238
1764144672.2240343,0.0,0.3002325783227668,0.3002325783227668,0.07,0.4892129933601244,0.0,0.0,3.7778189182281494,65.46634674072266,69.26941871643066
1764144672.2973547,0.0,0.2974905759710754,0.2974905759710754,0.003025039732456214,0.4192129933601244,0.0,0.0,3.8076493740081787,98.16957092285156,62.91651725769043
1764144672.3814783,0.0,0.29498281037577717,0.29498281037577717,0.0,0.3943268471723421,0.0,0.0,4.112306118011475,62.66265106201172,73.50921630859375
1764144672.4587617,0.0,0.29213179789727967,0.29213179789727967,0.04408879578113556,0.38142018870916206,0.0,0.0,3.1485793590545654,69.77607727050781,66.63084030151367
1764144672.5371647,0.0,0.2895468237149855,0.2895468237149855,0.00893942266702652,0.36062609137501556,0.0,0.0,3.397721767425537,71.45526123046875,67.95334815979004
1764144672.6116748,0.0,0.28694277274650914,0.28694277274650914,0.0,0.3082663017651065,0.0,0.0,3.3537468910217285,69.6534652709961,64.2096996307373
1764144672.6853259,0.0,0.28448767235881867,0.28448767235881867,0.07,0.2774329736223443,0.0,0.0,2.7507669925689697,40.92591857910156,63.29679489135742
1764144672.760411,0.0,0.28208446577590224,0.28208446577590224,0.049942230507731444,0.2816301939403637,0.0,0.0,3.8334922790527344,14.008182525634766,64.58902359008789
1764144672.8353493,0.0,0.27966128171180404,0.27966128171180404,0.025939648672938354,0.2664508867403491,0.0,0.0,3.4989922046661377,24.440704345703125,64.46313858032227
1764144672.908816,0.0,0.2772712037765932,0.2772712037765932,0.06934001080691815,0.2964673108747228,0.0,0.0,4.13085412979126,56.80767822265625,63.11607360839844
1764144672.9982955,0.0,0.27495107155944243,0.27495107155944243,0.03462537907063962,0.3664673108747228,0.0,0.0,4.373931884765625,28.6212100982666,79.03361320495605
1764144673.0780494,0.0,0.2721627910825645,0.2721627910825645,0.004511965140700347,0.3375057958206161,0.0,0.0,3.227238655090332,107.41065979003906,69.23937797546387
1764144673.1592565,0.0,0.26971667390788673,0.26971667390788673,0.000151758715510375,0.3573645267775281,0.0,0.0,3.4391117095947266,47.59564971923828,70.88708877563477
1764144673.2530165,0.0,0.267258963513641,0.267258963513641,0.0,0.31067015120293934,0.0,0.0,4.063290596008301,53.490211486816406,83.42695236206055
1764144673.3319829,0.0,0.26445985837251634,0.26445985837251634,0.0,0.2568970348825677,0.0,0.0,4.315371036529541,67.51448822021484,68.23992729187012
1764144673.4149,0.0,0.2621555852758286,0.2621555852758286,0.0,0.2832664910843595,0.0,0.0,4.202061176300049,17.540992736816406,72.48687744140625
1764144673.4883835,0.0,0.25977077357363804,0.25977077357363804,0.02176673896610737,0.21783174464013416,0.0,0.0,4.028755187988281,55.867942810058594,63.155174255371094
1764144673.5715957,0.0,0.2576901644378168,0.2576901644378168,0.0,0.18551057094242412,0.0,0.0,4.542863845825195,28.416126251220703,72.74007797241211
1764144673.6518352,0.0,0.25537751789423035,0.25537751789423035,0.0,0.20500191004481155,0.0,0.0,4.928163051605225,22.89876365661621,69.74339485168457
1764144673.7269826,0.0,0.25319338271979464,0.25319338271979464,0.007532734889537096,0.20455347388866346,0.0,0.0,4.384149551391602,35.144378662109375,64.64886665344238
1764144673.8017974,0.0,0.25118493516370705,0.25118493516370705,0.0,0.25982348263147276,0.0,0.0,5.010664463043213,16.255102157592773,64.25786018371582
1764144673.883957,0.0,0.24922713753266657,0.24922713753266657,0.0,0.2512938586610834,0.0,0.0,4.4962053298950195,20.823150634765625,71.59686088562012
1764144673.9854789,0.0,0.24712305132394619,0.24712305132394619,0.044304218143224716,0.1912623924750368,0.0,0.0,3.996708393096924,42.50568389892578,91.12739562988281
1764144674.0686994,0.0,0.24458864837490965,0.24458864837490965,0.0615797508507967,0.20183107457938593,0.0,0.0,4.471487045288086,24.486427307128906,72.5405216217041
1764144674.1681557,0.0,0.2425650924828728,0.2425650924828728,0.014837326481938362,0.16581406645360391,0.0,0.0,5.773219585418701,44.117210388183594,88.50979804992676
1764144674.24554,0.0,0.24023111657116455,0.24023111657116455,0.0,0.23581406645360392,0.0,0.0,5.539267539978027,32.84453582763672,66.66779518127441
1764144674.3176064,0.0,0.23846942921615527,0.23846942921615527,0.05867455527186394,0.22403456628206175,0.0,0.0,4.238715171813965,59.80195617675781,61.7375373840332
1764144674.3974745,0.0,0.23686111540653798,0.23686111540653798,0.019759781658649445,0.2658277338731567,0.0,0.0,4.903054237365723,31.634239196777344,69.40722465515137
1764144674.4941096,0.0,0.23512644673045544,0.23512644673045544,0.006092040799558163,0.296113731189398,0.0,0.0,3.5425610542297363,89.85122680664062,86.30084991455078
1764144674.5738459,0.0,0.2330846328552523,0.2330846328552523,0.051810665987432,0.35324686191859644,0.0,0.0,2.5937283039093018,143.41212463378906,69.22769546508789
1764144674.650647,0.0,0.23145273404915384,0.23145273404915384,0.0,0.3030966500181238,0.0,0.0,3.0419259071350098,179.46453857421875,66.2994384765625
1764144674.7257261,0.0,0.22992120414737943,0.22992120414737943,0.07,0.3730966500181238,0.0,0.0,2.269843578338623,205.09608459472656,64.51702117919922
1764144674.8043783,0.0,0.22846366141815766,0.22846366141815766,0.05482179082930089,0.367077397200046,0.0,0.0,2.24381160736084,190.28863525390625,68.24612617492676
1764144674.8782394,0.0,0.22697677088950785,0.22697677088950785,0.0428996129706502,0.3329367358412127,0.0,0.0,2.2181551456451416,274.3850402832031,63.5378360748291
1764144674.9630988,0.0,0.225613895806836,0.225613895806836,0.08674673054367305,0.2985027004207949,0.0,0.0,2.7029507160186768,207.71725463867188,74.3110179901123
1764144675.0437636,0.0,0.22408929033511366,0.22408929033511366,0.15674673054367305,0.305871913692681,0.0,0.0,2.421198606491089,105.59176635742188,69.84806060791016
1764144675.1179943,0.0,0.22269265741317712,0.22269265741317712,0.08955818448215724,0.3166411570447962,0.0,0.0,2.2151596546173096,84.58146667480469,63.96913528442383
1764144675.1933956,0.0,0.22143391497482612,0.22143391497482612,0.07604498356580736,0.3254205477598588,0.0,0.0,1.842176079750061,128.363525390625,64.97740745544434
1764144675.2675915,0.0,0.22019064121959098,0.22019064121959098,0.018163725137710585,0.2554205477598588,0.0,0.0,2.3551483154296875,172.93133544921875,63.68541717529297
1764144675.3461618,0.0,0.21899720115379875,0.21899720115379875,0.064551609903574,0.22921894382568997,0.0,0.0,1.7901861667633057,109.42780303955078,67.87681579589844
1764144675.4211686,0.0,0.2177749106168188,0.2177749106168188,0.0016419248282909527,0.20207977373036545,0.0,0.0,2.509636402130127,36.281578063964844,64.69488143920898
1764144675.4993484,0.0,0.21663403047150603,0.21663403047150603,0.0,0.18581753674778145,0.0,0.0,2.261787176132202,61.54644775390625,67.70896911621094
1764144675.5833185,0.0,0.21547851910403143,0.21547851910403143,0.0,0.24714309800299805,0.0,0.0,1.7405089139938354,63.87730407714844,73.39668273925781
1764144675.6701055,0.0,0.21427421059069426,0.21427421059069426,0.0,0.2416037850442807,0.0,0.0,2.3000752925872803,67.33839416503906,76.25317573547363
1764144675.7500932,0.0,0.2130669940031396,0.2130669940031396,0.015168985351920128,0.2654337220254819,0.0,0.0,1.6728718280792236,52.07052993774414,69.42415237426758
1764144675.8268027,0.0,0.21199017112092053,0.21199017112092053,0.0414092093706131,0.2582927503052632,0.0,0.0,1.7732855081558228,65.46389770507812,66.37978553771973
1764144675.9113884,0.0,0.21098380672285144,0.21098380672285144,0.017095956951379776,0.21481780785950821,0.0,0.0,2.2651898860931396,125.91978454589844,74.1128921508789
1764144676.005359,0.0,0.20990715006521188,0.20990715006521188,0.0,0.23263350393506688,0.0,0.0,2.447521448135376,44.48333740234375,83.53281021118164
1764144676.0836394,0.0,0.20874957965046018,0.20874957965046018,0.0,0.24362443745019835,0.0,0.0,1.8568120002746582,69.69176483154297,67.87252426147461
1764144676.1792505,0.0,0.2078159660369736,0.2078159660369736,0.0,0.17362443745019834,0.0,0.0,1.7774810791015625,37.06413269042969,85.33477783203125
1764144676.2626038,0.0,0.20670938362124966,0.20670938362124966,0.0,0.17434923743945535,0.0,0.0,2.278667449951172,32.65995788574219,72.77202606201172
1764144676.3362823,0.0,0.2057756668171044,0.2057756668171044,0.009841461665928364,0.18731369285029348,0.0,0.0,2.569359540939331,25.41452407836914,63.29989433288574
1764144676.4121199,0.0,0.20497305201881258,0.20497305201881258,0.0007224492728710175,0.23213422505301412,0.0,0.0,3.104494094848633,25.11697006225586,65.35840034484863
1764144676.486861,0.0,0.2041690708941114,0.2041690708941114,0.0,0.17851349173230108,0.0,0.0,2.8355188369750977,33.78874206542969,64.26835060119629
1764144676.5651603,0.0,0.20339756947090104,0.20339756947090104,0.0,0.21340031756204542,0.0,0.0,2.3594236373901367,57.189414978027344,67.83843040466309
1764144676.6381476,0.0,0.20261114237091343,0.20261114237091343,0.0,0.21646666756947514,0.0,0.0,2.501579999923706,40.283912658691406,62.616825103759766
1764144676.7098916,0.0,0.201896991903062,0.201896991903062,0.0,0.1694435500272083,0.0,0.0,2.8094499111175537,56.048160552978516,61.43593788146973
1764144676.808206,0.0,0.20121043759570706,0.20121043759570706,0.07,0.2125055030651855,0.0,0.0,3.1225380897521973,51.075927734375,87.7218246459961
1764144676.9109862,0.0,0.2002977674126438,0.2002977674126438,0.06730205140076578,0.2825055030651855,0.0,0.0,2.0778415203094482,90.85707092285156,92.13042259216309
1764144676.9900732,0.0,0.19937461496530626,0.19937461496530626,0.07799845415167511,0.25752439363976,0.0,0.0,1.9860103130340576,79.99385070800781,68.38607788085938
1764144677.0680497,0.0,0.19868737802499245,0.19868737802499245,0.008627491472288973,0.2827308514632749,0.0,0.0,1.6947264671325684,121.76757049560547,67.60549545288086
1764144677.1746697,0.0,0.1980244119203113,0.1980244119203113,0.07862749147228898,0.24023724361439225,0.0,0.0,2.545743703842163,153.5914306640625,96.30227088928223
1764144677.2594361,0.0,0.1971409044738034,0.1971409044738034,0.008627491472288973,0.17023724361439224,0.0,0.0,3.1433663368225098,85.3039779663086,74.10454750061035
1764144677.351222,0.0,0.1964609783405697,0.1964609783405697,0.03889058570377529,0.15872935808380123,0.0,0.0,2.5464963912963867,19.98925018310547,81.41231536865234
1764144677.4310439,0.0,0.19574030852335647,0.19574030852335647,0.05867959040217102,0.20183506465633388,0.0,0.0,2.525397539138794,28.164230346679688,69.32592391967773
1764144677.5071197,0.0,0.19512909299050657,0.19512909299050657,0.027346289185807116,0.1908236336626577,0.0,0.0,2.4637253284454346,77.6607437133789,65.65189361572266
1764144677.5837066,0.0,0.19455714563702425,0.19455714563702425,0.0,0.18193562465836283,0.0,0.0,3.3193130493164062,56.05369186401367,66.08772277832031
1764144677.6585565,0.0,0.19399247610141623,0.19399247610141623,0.0,0.17772688434575673,0.0,0.0,3.340461492538452,42.643985748291016,64.4688606262207
1764144677.735064,0.0,0.193449859026756,0.193449859026756,0.0,0.17162559132208105,0.0,0.0,3.2875516414642334,55.52138900756836,66.09511375427246
1764144677.8258991,0.0,0.1929046150043799,0.1929046150043799,0.07,0.16606776599888678,0.0,0.0,3.2259082794189453,64.42460632324219,80.53874969482422
1764144677.9228144,0.0,0.19226700920933876,0.19226700920933876,0.13358102709054948,0.16511449686600815,0.0,0.0,3.80723237991333,40.463134765625,86.54499053955078
1764144677.9989548,0.0,0.1915972958062983,0.1915972958062983,0.17569650679826737,0.2069009514839853,0.0,0.0,5.7391767501831055,29.884185791015625,65.62519073486328
1764144678.0726473,0.0,0.19108026688012436,0.19108026688012436,0.15493958786129952,0.15106214306666504,0.0,0.0,4.463219165802002,31.08457374572754,63.26580047607422
1764144678.1570153,0.0,0.1905840173285564,0.1905840173285564,0.12659825913608075,0.22106214306666505,0.0,0.0,3.5324528217315674,27.24420928955078,73.92287254333496
1764144678.2363303,0.0,0.19002015251466026,0.19002015251466026,0.05659825913608074,0.2829070954711641,0.0,0.0,3.7120823860168457,43.68061065673828,68.63093376159668
1764144678.3137956,0.0,0.18949683795880817,0.18949683795880817,0.036367373540997505,0.3529070954711641,0.0,0.0,2.2512176036834717,130.24786376953125,66.97869300842285
1764144678.387928,0.0,0.18898726905148572,0.18898726905148572,0.06235991604626179,0.3638574987591709,0.0,0.0,1.6458368301391602,296.098876953125,63.62724304199219
1764144678.4742486,0.0,0.18850329095416765,0.18850329095416765,0.1323599160462618,0.2938574987591709,0.0,0.0,4.986490726470947,302.64044189453125,75.7596492767334
1764144678.5813773,0.0,0.18794075048714143,0.18794075048714143,0.10528321161866189,0.29181910908198905,0.0,0.0,1.662686824798584,156.5397491455078,96.76146507263184
1764144678.652904,0.0,0.18724309883409201,0.18724309883409201,0.1752832116186619,0.2872852701356168,0.0,0.0,4.351097583770752,131.14939880371094,61.097145080566406
1764144678.7322688,0.0,0.18677745562266643,0.18677745562266643,0.11114875540137292,0.29232308870530677,0.0,0.0,2.2515015602111816,101.86717987060547,68.91775131225586
1764144678.8097508,0.0,0.18625976133928748,0.18625976133928748,0.09383924245834352,0.3043711981398518,0.0,0.0,2.4190638065338135,195.380126953125,66.90406799316406
1764144678.8871655,0.0,0.18575243882294884,0.18575243882294884,0.13066638201475145,0.2343711981398518,0.0,0.0,2.4171929359436035,183.3516845703125,67.03042984008789
1764144678.9626262,0.0,0.1852421534246208,0.1852421534246208,0.1665176557004452,0.20929517576820206,0.0,0.0,2.523655414581299,66.22329711914062,64.9571418762207
1764144679.03585,0.0,0.18474223782097082,0.18474223782097082,0.09651765570044518,0.22845030928379845,0.0,0.0,2.8031067848205566,36.60807800292969,62.87789344787598
1764144679.1097546,0.0,0.18425297384562717,0.18425297384562717,0.10427689289674164,0.25535016673034977,0.0,0.0,1.950599193572998,49.519832611083984,63.61055374145508
1764144679.1840985,0.0,0.18375421591067922,0.18375421591067922,0.11580713016912342,0.18535016673034976,0.0,0.0,2.325291156768799,119.07601928710938,64.02730941772461
1764144679.2610464,0.0,0.18324649536525373,0.18324649536525373,0.07561682833358646,0.2212057803792412,0.0,0.0,3.281679630279541,44.86991500854492,66.43176078796387
1764144679.3355408,0.0,0.18271584887756195,0.18271584887756195,0.072237883862108,0.1512057803792412,0.0,0.0,2.3649308681488037,74.5844955444336,64.14794921875
1764144679.4120107,0.0,0.18219416057453974,0.18219416057453974,0.13015389552339912,0.21427151786512683,0.0,0.0,3.360231637954712,37.76954650878906,65.96589088439941
1764144679.48612,0.0,0.18165090414068594,0.18165090414068594,0.060153895523399115,0.168486265860265,0.0,0.0,2.8016350269317627,59.139278411865234,63.66467475891113
1764144679.579571,0.0,0.1811172396266503,0.1811172396266503,0.1119359484873712,0.20056933762854884,0.0,0.0,3.4168684482574463,59.56245040893555,83.18710327148438
1764144679.6690123,0.0,0.18042838795271215,0.18042838795271215,0.0419359484873712,0.16566972660250018,0.0,0.0,5.148838996887207,69.16217803955078,78.71437072753906
1764144679.7428253,0.0,0.17975767206996482,0.17975767206996482,0.0,0.23153401391929934,0.0,0.0,2.965514898300171,24.978755950927734,63.50421905517578
1764144679.8158255,0.0,0.17919135859697563,0.17919135859697563,0.0,0.2212909324315841,0.0,0.0,2.5554580688476562,75.57367706298828,62.66069412231445
1764144679.9023817,0.0,0.1786199906423898,0.1786199906423898,0.0,0.21332608389086077,0.0,0.0,2.9967141151428223,90.64409637451172,76.19833946228027
1764144680.030037,0.0,0.17792488234682427,0.17792488234682427,0.0,0.25541515874094317,0.0,0.0,2.7621545791625977,78.30235290527344,116.9121265411377
1764144680.1136,0.0,0.176871120895038,0.176871120895038,0.019341886043548584,0.2822362486494238,0.0,0.0,3.0654797554016113,110.00980377197266,72.7834701538086
1764144680.1898263,0.0,0.17615937713408286,0.17615937713408286,0.05367915332317352,0.2823576756290275,0.0,0.0,2.0671072006225586,226.62997436523438,65.63401222229004
1764144680.2649477,0.0,0.17549407277804832,0.17549407277804832,0.09742483869194984,0.3038916882596094,0.0,0.0,2.3193798065185547,185.25619506835938,64.78381156921387
1764144680.3414068,0.0,0.17482107099532262,0.17482107099532262,0.06717693991959095,0.2606218863747198,0.0,0.0,2.902634382247925,128.43994140625,66.12563133239746
1764144680.420094,0.0,0.17411865705929283,0.17411865705929283,0.12894616089761257,0.3306218863747198,0.0,0.0,2.1720643043518066,142.9342041015625,68.33219528198242
1764144680.4981606,0.0,0.1733762440499805,0.1733762440499805,0.14008241798728704,0.3012826101205427,0.0,0.0,2.0901660919189453,359.7870788574219,67.6577091217041
1764144680.5994942,0.0,0.172619251522562,0.172619251522562,0.1887069260701537,0.28958179087407176,0.0,0.0,2.2010207176208496,142.00592041015625,90.70134162902832
1764144680.7145283,0.0,0.17160647003384916,0.17160647003384916,0.1771219503134489,0.2659741103000123,0.0,0.0,1.7109909057617188,178.85012817382812,104.36105728149414
1764144680.789597,0.0,0.17041451268376812,0.17041451268376812,0.18880318384617567,0.23991962739295547,0.0,0.0,1.9118070602416992,68.41380310058594,64.64028358459473
1764144680.8744226,0.0,0.16960816283281954,0.16960816283281954,0.15019095595926046,0.23298482674203103,0.0,0.0,1.875180959701538,30.594757080078125,74.25522804260254
1764144680.9520297,0.0,0.1686732318473526,0.1686732318473526,0.08443416561931372,0.20763092379114811,0.0,0.0,1.5563771724700928,42.505611419677734,67.25859642028809
1764144681.026683,0.0,0.16779033294549436,0.16779033294549436,0.028622916899621487,0.17831743958435242,0.0,0.0,1.0966534614562988,44.37175369262695,64.2552375793457
1764144681.100327,0.0,0.1669186800457154,0.1669186800457154,0.0,0.22918116378627007,0.0,0.0,1.2568395137786865,46.504188537597656,63.362836837768555
1764144681.1824608,0.0,0.16603353174848726,0.16603353174848726,0.0,0.25907270315132325,0.0,0.0,1.1080715656280518,129.869873046875,71.6865062713623
1764144681.2708905,0.0,0.16501829484944472,0.16501829484944472,0.03556838631629944,0.23539194169483368,0.0,0.0,0.9011728167533875,159.63510131835938,77.90303230285645
1764144681.3725235,0.0,0.16388866039704927,0.16388866039704927,0.09366163611412048,0.23392280198662763,0.0,0.0,0.7641903758049011,101.01033020019531,90.85869789123535
1764144681.4630444,0.0,0.16254781429657994,0.16254781429657994,0.06281956657767296,0.259687680825882,0.0,0.0,1.1522408723831177,90.46072387695312,79.77867126464844
1764144681.5397155,0.0,0.16131502264255224,0.16131502264255224,0.07221021596342325,0.189687680825882,0.0,0.0,1.2291746139526367,199.66293334960938,66.36881828308105
1764144681.6238093,0.0,0.16023565813187218,0.16023565813187218,0.05373627785593271,0.2016556527468491,0.0,0.0,2.0518367290496826,68.21563720703125,73.83918762207031
1764144681.7008054,0.0,0.15901474275013383,0.15901474275013383,0.03341932129114866,0.1316556527468491,0.0,0.0,1.7928005456924438,50.69660949707031,66.60962104797363
1764144681.8073328,0.0,0.1578640760144373,0.1578640760144373,0.09393972810357809,0.15151177786319736,0.0,0.0,1.3128570318222046,34.27106475830078,96.02975845336914
1764144681.8979874,0.0,0.15621926122194327,0.15621926122194327,0.023939728103578084,0.19796657256811145,0.0,0.0,2.281257390975952,28.197654724121094,80.21712303161621
1764144681.99105,0.0,0.1547680204814716,0.1547680204814716,0.0,0.21239199835836176,0.0,0.0,3.008936643600464,71.95812225341797,82.59725570678711
1764144682.0959659,0.0,0.15322868907010073,0.15322868907010073,0.04724743962287903,0.22337539933650974,0.0,0.0,2.6478521823883057,138.584228515625,94.28596496582031
1764144682.1777174,0.0,0.15143399912011082,0.15143399912011082,0.01832456700503826,0.1730653352293301,0.0,0.0,2.629552125930786,93.13214111328125,71.23708724975586
1764144682.2546885,0.0,0.14998713677866465,0.14998713677866465,0.0,0.14377141438453678,0.0,0.0,2.6129214763641357,50.33001708984375,66.56408309936523
1764144682.333215,0.0,0.14858461191481095,0.14858461191481095,0.044403135776519775,0.10883007265656475,0.0,0.0,3.6479361057281494,35.349761962890625,67.94476509094238
1764144682.4055896,0.0,0.14712047469859046,0.14712047469859046,0.0,0.1018060745860565,0.0,0.0,2.603031635284424,24.94116973876953,62.09731101989746
1764144682.5012746,0.0,0.14573026693233115,0.14573026693233115,0.0028412628453224897,0.09092568719788674,0.0,0.0,2.1750617027282715,25.845535278320312,85.31546592712402
1764144682.5747695,0.0,0.14383887326030487,0.14383887326030487,0.0,0.16092568719788675,0.0,0.0,2.9272143840789795,28.13921356201172,63.02309036254883
1764144682.6540086,0.0,0.14234534031688695,0.14234534031688695,0.0,0.23092568719788675,0.0,0.0,2.5575947761535645,46.52606201171875,68.89462471008301
1764144682.7311885,0.0,0.1406888787909234,0.1406888787909234,0.06856890767812729,0.1894320851008523,0.0,0.0,1.1630042791366577,87.82982635498047,66.62106513977051
1764144682.8092368,0.0,0.13903642652125422,0.13903642652125422,0.03783266618847847,0.20808843204780703,0.0,0.0,0.9254851937294006,85.16363525390625,67.56830215454102
1764144682.8887818,0.0,0.13731484652278295,0.13731484652278295,0.00278642401099205,0.18327567035361414,0.0,0.0,1.4963364601135254,61.368309020996094,68.82548332214355
1764144682.9680984,0.0,0.13552306884703824,0.13552306884703824,0.0,0.20458334924682264,0.0,0.0,1.4436898231506348,71.06146240234375,68.8023567199707
1764144683.051802,0.0,0.13368560380914016,0.13368560380914016,0.03206093609333038,0.24747933687671309,0.0,0.0,1.0042647123336792,95.08412170410156,73.23241233825684
1764144683.1254072,0.0,0.13169051242479463,0.13169051242479463,0.04915361851453781,0.23671529402985458,0.0,0.0,1.6664619445800781,276.2284240722656,62.967777252197266
1764144683.2186186,0.0,0.12988916769679607,0.12988916769679607,0.0,0.21967971844627743,0.0,0.0,0.6960840821266174,163.95733642578125,82.36551284790039
1764144683.3256404,0.0,0.1275586024279694,0.1275586024279694,0.013911619782447815,0.18292563555791264,0.0,0.0,0.7876042723655701,124.89627838134766,96.52113914489746
1764144683.4194741,0.0,0.1247835861651994,0.1247835861651994,0.039717281237244606,0.1828198802997939,0.0,0.0,0.8422886729240417,112.21319580078125,83.19568634033203
1764144683.5025969,0.0,0.12227896967335962,0.12227896967335962,0.0018483567982912064,0.18228488024236855,0.0,0.0,0.9540600180625916,87.94078063964844,72.65281677246094
1764144683.595085,0.0,0.11999690978512731,0.11999690978512731,0.0,0.14900253694417176,0.0,0.0,0.9264439940452576,103.01896667480469,82.13233947753906
1764144683.6767843,0.0,0.11737776247961774,0.11737776247961774,0.030445944517850876,0.153814197796455,0.0,0.0,0.8003990054130554,34.58709716796875,70.99604606628418
1764144683.7543478,0.0,0.11501570830296326,0.11501570830296326,0.08060897886753082,0.12551487171935138,0.0,0.0,0.9403945803642273,34.15167236328125,67.16537475585938
1764144683.8277583,0.0,0.11271514790349613,0.11271514790349613,0.10042264685034752,0.1845266067414194,0.0,0.0,0.944499671459198,23.699996948242188,63.1253719329834
1764144683.899677,0.0,0.11048408974737141,0.11048408974737141,0.12286020070314407,0.2190378897814661,0.0,0.0,1.4097083806991577,50.798545837402344,61.61761283874512
1764144683.9823585,0.0,0.10824493565557874,0.10824493565557874,0.07389011979103088,0.26241920078085956,0.0,0.0,0.8072586059570312,52.00956344604492,72.13115692138672
1764144684.0579991,0.0,0.10562262226045006,0.10562262226045006,0.027748025953769684,0.19241920078085956,0.0,0.0,0.5184110403060913,118.63211059570312,65.23680686950684
1764144684.134891,0.0,0.10316294593566967,0.10316294593566967,0.022093852516263723,0.1677142992793232,0.0,0.0,0.6365725994110107,93.76580047607422,66.50948524475098
1764144684.2106009,0.0,0.10060424809242278,0.10060424809242278,0.0,0.09771429927932318,0.0,0.0,0.6467618346214294,45.05268096923828,65.24515151977539
1764144684.302407,0.0,0.0980350789358085,0.0980350789358085,0.0,0.13762146415101584,0.0,0.0,0.9462963342666626,26.936351776123047,81.3901424407959
1764144684.400556,0.0,0.09484756716777108,0.09484756716777108,0.0,0.125920920576027,0.0,0.0,0.6963145732879639,33.837791442871094,87.71419525146484
1764144684.4755588,0.0,0.09135255014181766,0.09135255014181766,0.0,0.17612289165990647,0.0,0.0,0.5267217755317688,24.913251876831055,64.38708305358887
1764144684.5524392,0.0,0.08862939821371983,0.08862939821371983,0.030728409066796303,0.12231385981576737,0.0,0.0,0.6829765439033508,67.83590698242188,66.5438175201416
1764144684.6439862,0.0,0.08578359494546328,0.08578359494546328,0.0,0.1289024231387883,0.0,0.0,0.5522572994232178,39.58310317993164,81.21418952941895
1764144684.7324204,0.0,0.08232387531816873,0.08232387531816873,0.0,0.16322535550134476,0.0,0.0,0.6060003042221069,40.290260314941406,77.89969444274902
1764144684.805467,0.0,0.07892633425406118,0.07892633425406118,0.003469982650130987,0.15301606332795914,0.0,0.0,0.6859760284423828,23.26634979248047,62.712669372558594
1764144684.8966281,0.0,0.07605832963431534,0.07605832963431534,0.037219957914203405,0.1088143465472966,0.0,0.0,0.5764546394348145,61.34980773925781,80.5058479309082
1764144684.9878662,0.0,0.07243141301351104,0.07243141301351104,0.06916494062170386,0.12868759496050175,0.0,0.0,0.4788321852684021,26.040008544921875,80.6419849395752
1764144685.0628796,0.0,0.0687361198663457,0.0687361198663457,0.012544611003249884,0.08271572826342877,0.0,0.0,0.7025565505027771,23.540285110473633,64.50939178466797
1764144685.1499305,0.0,0.06565108195758632,0.06565108195758632,0.0,0.050581981371214946,0.0,0.0,0.4625166356563568,32.64754867553711,76.58004760742188
1764144685.224342,0.0,0.06201892668979371,0.06201892668979371,0.0,0.07547446241514977,0.0,0.0,1.3577772378921509,11.79654312133789,64.07666206359863
1764144685.3011625,0.0,0.05886755764164441,0.05886755764164441,0.0,0.10696581652300652,0.0,0.0,0.8513911366462708,37.64895248413086,66.46442413330078
1764144685.3758235,0.0,0.055570121690980856,0.055570121690980856,0.013245945796370506,0.13030516629951294,0.0,0.0,0.6732394695281982,30.60006332397461,64.1779899597168
1764144685.44932,0.0,0.05233192342832613,0.05233192342832613,0.004954084753990173,0.13811962580220993,0.0,0.0,0.4097778797149658,69.5022964477539,63.18950653076172
1764144685.5250633,0.0,0.049100124690160306,0.049100124690160306,0.018512426875531673,0.17293695261614617,0.0,0.0,0.3988269865512848,59.147865295410156,65.27996063232422
1764144685.598704,0.0,0.045738827205351044,0.045738827205351044,0.0,0.15460396645503338,0.0,0.0,0.2908296287059784,120.55717468261719,63.34877014160156
1764144685.6714563,0.0,0.0424313253196011,0.0424313253196011,0.07,0.1690388898728996,0.0,0.0,0.2679322063922882,54.1118278503418,62.441349029541016
1764144685.74564,0.0,0.03912531544622511,0.03912531544622511,0.07753733841702343,0.11434058280574377,0.0,0.0,0.15059062838554382,61.190147399902344,63.6751651763916
1764144685.8185835,0.0,0.035728991598699994,0.035728991598699994,0.09163424389436842,0.14623441355215605,0.0,0.0,0.13752120733261108,34.08910369873047,62.62350082397461
1764144685.8909087,0.0,0.032350428148820796,0.032350428148820796,0.09876584976911545,0.11661799618887003,0.0,0.0,0.23112185299396515,48.76545715332031,61.89155578613281
1764144685.9757063,0.0,0.028972706287918516,0.028972706287918516,0.08505888998508454,0.08717350469814833,0.0,0.0,0.2150171399116516,51.353824615478516,74.43070411682129
1764144686.0791595,0.0,0.02497331348745891,0.02497331348745891,0.04937170043587685,0.12264099525200423,0.0,0.0,0.31896767020225525,33.63390350341797,93.12057495117188
1764144686.1737525,0.0,0.02003051131007283,0.02003051131007283,0.1061945964396,0.0926106832353979,0.0,0.0,0.3596727252006531,34.927425384521484,83.94622802734375
1764144686.2594335,0.0,0.015471447883523191,0.015471447883523191,0.06082855880260468,0.06837080785917338,0.0,0.0,0.10145416855812073,52.550662994384766,75.12092590332031
1764144686.3345058,0.0,0.01130451577512114,0.01130451577512114,0.06832137254998089,0.06199213018553551,0.0,0.0,0.6269906759262085,38.09669494628906,64.7282600402832
1764144686.4218292,0.0,0.0076164214582186375,0.0076164214582186375,0.06788341840030626,0.09318241378205117,0.0,0.0,0.16065581142902374,28.987239837646484,76.90048217773438
1764144686.5079439,0.0,0.003290158280279933,0.003290158280279933,0.05454910033615307,0.11346414027648266,0.0,0.0,0.146720290184021,13.108115196228027,75.57487487792969
1764144686.5836232,0.0,-0.001002204595645427,-0.001002204595645427,0.04948755399556831,0.08845807513134774,0.0,0.0,0.22294078767299652,12.37060260772705,65.30070304870605
1764144686.6653366,0.0,-0.004810347323872631,-0.004810347323872631,0.029777702402789152,0.12466433172958191,0.0,0.0,0.2359742671251297,34.451812744140625,71.1965560913086
1764144686.7600057,0.0,-0.008946042554671355,-0.008946042554671355,0.00605358415516094,0.13957056863146122,0.0,0.0,0.32520273327827454,84.70111083984375,84.15102958679199
1764144686.8317442,0.0,-0.013767664934419171,-0.013767664934419171,0.020627240177709616,0.1799085409744292,0.0,0.0,0.6621275544166565,80.73684692382812,61.411142349243164
1764144686.927772,0.0,-0.017452411542973556,-0.017452411542973556,0.09062724017770962,0.1099085409744292,0.0,0.0,0.13092146813869476,122.94561767578125,85.57415008544922
1764144687.0203156,0.0,-0.02242111977858829,-0.02242111977858829,0.08334481732221322,0.0755074967248946,0.0,0.0,0.2554317116737366,20.127262115478516,81.8479061126709
1764144687.123639,0.0,-0.027229225275874562,-0.027229225275874562,0.01334481732221321,0.1055065032644778,0.0,0.0,0.45414531230926514,42.842960357666016,92.55337715148926
1764144687.226959,0.0,-0.032636720815138874,-0.032636720815138874,0.011914433788042522,0.09576907591806944,0.0,0.0,0.546711802482605,14.3931884765625,92.58651733398438
1764144687.345449,0.0,-0.03807223131531631,-0.03807223131531631,0.024513191420119262,0.0906891736752003,0.0,0.0,0.44772037863731384,55.26612854003906,107.95760154724121
1764144687.4155388,0.0,-0.044346490723875115,-0.044346490723875115,0.0655929249408655,0.04824248585762675,0.0,0.0,0.22402074933052063,65.90245056152344,59.626102447509766
1764144687.492684,0.0,-0.04808009300260999,-0.04808009300260999,0.030433664906304336,0.04058774724515374,0.0,0.0,0.24166181683540344,12.248716354370117,66.55454635620117
1764144687.5664864,0.0,-0.05220721344099803,-0.05220721344099803,0.031596167704556144,0.05874887645157273,0.0,0.0,0.20135380327701569,8.589021682739258,63.25101852416992
1764144687.6485445,0.0,-0.0561629334810847,-0.0561629334810847,0.008340603432152427,0.09274652764113839,0.0,0.0,0.434469074010849,13.498156547546387,71.56825065612793
1764144687.7343132,0.0,-0.060578749782182785,-0.060578749782182785,0.0,0.06398229651065762,0.0,0.0,0.9987661838531494,96.01054382324219,75.2565860748291
1764144687.829903,0.0,-0.06521164662316518,-0.06521164662316518,0.0,0.04006985738786156,0.0,0.0,0.3483179807662964,36.5780029296875,85.05630493164062
1764144687.9237823,0.0,-0.07040280307842624,-0.07040280307842624,0.020552977919578552,0.012545881568512274,0.0,0.0,0.390997976064682,23.35055923461914,83.10937881469727
1764144688.0028734,0.0,-0.07549512071595056,-0.07549512071595056,0.032978580333292484,0.0,0.0,0.0,0.517646312713623,26.862430572509766,68.5882568359375
1764144688.0769823,0.0,-0.07979719734302734,-0.07979719734302734,0.06280931364744902,0.0,0.0,0.0,0.8322574496269226,12.071422576904297,63.791513442993164
1764144688.1485348,0.0,-0.08384288399167523,-0.08384288399167523,0.09075275901705027,0.00344706978648901,0.0,0.0,1.2530066967010498,20.976268768310547,61.234474182128906
1764144688.2202852,0.0,-0.08775589198296853,-0.08775589198296853,0.07770419400185347,0.04272223170846701,0.0,0.0,0.8366173505783081,5.632321357727051,61.438560485839844
1764144688.3045442,0.0,-0.09169309602862077,-0.09169309602862077,0.06958403903990984,0.060597787611186504,0.0,0.0,0.8496402502059937,48.195655822753906,73.77314567565918
1764144688.4042,0.0,-0.09631202628477745,-0.09631202628477745,0.08422368112951517,0.10874381940811872,0.0,0.0,1.0028060674667358,29.115175247192383,89.16139602661133
1764144688.5017405,0.0,-0.10179032160999021,-0.10179032160999021,0.10227562207728624,0.08583258371800184,0.0,0.0,0.8830903172492981,60.18324661254883,86.94338798522949
1764144688.5806348,0.0,-0.10714513005838085,-0.10714513005838085,0.11151675414294004,0.085907718843373,0.0,0.0,1.0140539407730103,24.977006912231445,68.57490539550781
1764144688.6551828,0.0,-0.11149052445083628,-0.11149052445083628,0.08776059094816446,0.015907718843372998,0.0,0.0,1.3911213874816895,63.16136169433594,64.10479545593262
1764144688.7317245,0.0,-0.11559080421017282,-0.11559080421017282,0.07260881178081036,0.009532294279488263,0.0,0.0,1.7901962995529175,10.21769905090332,66.19668006896973
1764144688.8015468,0.0,-0.11980275437188595,-0.11980275437188595,0.016187133267521858,0.014980149033071932,0.0,0.0,1.2509468793869019,20.913278579711914,59.51380729675293
1764144688.8723743,0.0,-0.1236477510456092,-0.1236477510456092,0.011428908910602331,0.0,0.0,0.0,1.1936147212982178,23.903165817260742,60.46438217163086
1764144688.9554214,0.0,-0.12755577265674983,-0.12755577265674983,0.06210186472162604,0.0,0.0,0.0,1.2398134469985962,28.664255142211914,72.31903076171875
1764144689.0505319,0.0,-0.13211569913917456,-0.13211569913917456,0.05476316623389721,0.0,0.0,0.0,1.474464774131775,20.765783309936523,84.67364311218262
1764144689.134338,0.0,-0.13733997182176658,-0.13733997182176658,0.08929613046348095,0.015197272412478924,0.0,0.0,1.4263055324554443,51.5675048828125,73.45914840698242
1764144689.2099752,0.0,-0.14194946212937778,-0.14194946212937778,0.08948638466245029,0.0754465227946639,0.0,0.0,2.305966377258301,11.916206359863281,65.03796577453613
1764144689.28362,0.0,-0.14608627635482357,-0.14608627635482357,0.12930473488813732,0.06442901119589806,0.0,0.0,1.75014328956604,126.24446868896484,63.3389949798584
1764144689.3555539,0.0,-0.15012234823043935,-0.15012234823043935,0.16555350077396724,0.05539080407470465,0.0,0.0,3.0673224925994873,42.16202926635742,61.44404411315918
1764144689.4342978,0.0,-0.15405355892131914,-0.15405355892131914,0.19212222647911403,0.03583830315619707,0.0,0.0,2.719487428665161,30.220645904541016,68.3443546295166
1764144689.5303257,0.0,-0.15834381756434432,-0.15834381756434432,0.12212222647911403,0.023130069486796856,0.0,0.0,2.6671435832977295,28.912521362304688,85.77561378479004
1764144689.6210384,0.0,-0.16358997464963052,-0.16358997464963052,0.1680793261254439,0.0,0.0,0.0,2.7636756896972656,29.422863006591797,79.93078231811523
1764144689.6994696,0.0,-0.16850008663057894,-0.16850008663057894,0.1584430581057677,0.0,0.0,0.0,2.5901591777801514,16.856937408447266,67.91996955871582
1764144689.784496,0.0,-0.1727409893393185,-0.1727409893393185,0.1258277354860911,0.029872525483369827,0.0,0.0,3.2412819862365723,21.736064910888672,74.60165023803711
1764144689.8590007,0.0,-0.17732859968089304,-0.17732859968089304,0.08921219614392611,0.05423210561275482,0.0,0.0,2.6906821727752686,24.799327850341797,63.91000747680664
1764144689.9588575,0.0,-0.18133452915414314,-0.18133452915414314,0.025935301753343076,0.03642635606229305,0.0,0.0,3.3696844577789307,22.820594787597656,89.33734893798828
1764144690.0702982,0.0,-0.1866917315848268,-0.1866917315848268,0.07567516175156924,0.0,0.0,0.0,4.591043949127197,45.99372863769531,100.69990158081055
1764144690.1674638,0.0,-0.19262487897701572,-0.19262487897701572,0.07554380944173317,0.015137852169573307,0.0,0.0,4.732314109802246,57.291282653808594,86.5015983581543
1764144690.247423,0.0,-0.19776844557909073,-0.19776844557909073,0.11200753202836494,0.0,0.0,0.0,5.2357940673828125,25.035491943359375,69.4127082824707
1764144690.3343916,0.0,-0.20197668527549373,-0.20197668527549373,0.18142939707438926,0.0,0.0,0.0,3.971514940261841,50.945556640625,76.65610313415527
1764144690.417234,0.0,-0.20654219501815563,-0.20654219501815563,0.15551170310180168,0.0,0.0,0.0,4.853636264801025,42.49693298339844,72.38078117370605
1764144690.4943235,0.0,-0.21086674523515941,-0.21086674523515941,0.1986366135458229,0.0,0.0,0.0,3.7502975463867188,61.29912567138672,66.56599044799805
1764144690.5905483,0.0,-0.2148634682825953,-0.2148634682825953,0.2376046774367569,0.0,0.0,0.0,3.821091651916504,56.719261169433594,85.78228950500488
1764144690.6858938,0.0,-0.2198343559271885,-0.2198343559271885,0.22278984798293094,0.024098310619592667,0.0,0.0,3.313384771347046,30.11728286743164,84.61904525756836
1764144690.7653046,0.0,-0.224705161849142,-0.224705161849142,0.19810842512350063,0.06909863650798798,0.0,0.0,4.712112903594971,35.063575744628906,69.02050971984863
1764144690.839427,0.0,-0.22874032994392693,-0.22874032994392693,0.26810842512350064,0.025975510478019714,0.0,0.0,3.319314479827881,95.45101928710938,63.7969970703125
1764144690.9225388,0.0,-0.23248333665422183,-0.23248333665422183,0.33810842512350064,0.03022584319114685,0.0,0.0,4.868567943572998,23.9813289642334,72.8151798248291
1764144691.0200055,0.0,-0.23666436176018835,-0.23666436176018835,0.33188863992865664,0.10022584319114686,0.0,0.0,4.524759769439697,31.944129943847656,86.70926094055176
1764144691.1030145,0.0,-0.24150993720292674,-0.24150993720292674,0.3716916494088946,0.1268512473255396,0.0,0.0,3.6572766304016113,41.20820999145508,72.45349884033203
1764144691.1915643,0.0,-0.24560737222089993,-0.24560737222089993,0.3571729870530544,0.18946057714521886,0.0,0.0,2.867338180541992,28.926212310791016,77.9256820678711
1764144691.265793,0.0,-0.24993084813796843,-0.24993084813796843,0.3427834237011848,0.16386160783469678,0.0,0.0,3.1622421741485596,36.24721908569336,63.83466720581055
1764144691.340529,0.0,-0.2535302211611725,-0.2535302211611725,0.3265831867250381,0.17156465880572797,0.0,0.0,3.7787368297576904,33.70153045654297,64.22781944274902
1764144691.4195385,0.0,-0.25712528663186895,-0.25712528663186895,0.37948436159815174,0.22434439666569234,0.0,0.0,4.630901336669922,59.93592071533203,68.4361457824707
1764144691.4959557,0.0,-0.26089164897376643,-0.26089164897376643,0.3559700740518747,0.21807815849781037,0.0,0.0,5.193614482879639,55.92539596557617,65.86503982543945
1764144691.5910547,0.0,-0.2644954136239045,-0.2644954136239045,0.38485371191229206,0.26217902421951295,0.0,0.0,7.907981872558594,104.45796203613281,84.80167388916016
1764144691.6881196,0.0,-0.2689504566654579,-0.2689504566654579,0.4072173932584701,0.2301039692759514,0.0,0.0,4.937918186187744,84.5613784790039,86.45224571228027
1764144691.7658906,0.0,-0.2734285072673127,-0.2734285072673127,0.4445656040700851,0.19335972487926484,0.0,0.0,4.844686508178711,78.59870910644531,67.22021102905273
1764144691.8451004,0.0,-0.27697747436026415,-0.27697747436026415,0.44438201071927325,0.20190036080777646,0.0,0.0,5.255468368530273,31.891212463378906,68.68767738342285
1764144691.9542134,0.0,-0.2805571195127405,-0.2805571195127405,0.4649378608376719,0.19206063140183688,0.0,0.0,5.110705852508545,37.82597732543945,98.4344482421875
1764144692.0287893,0.0,-0.28541818165557375,-0.28541818165557375,0.430882404318545,0.20797087874263526,0.0,0.0,6.202315330505371,24.09227752685547,63.875436782836914
1764144692.1026363,0.0,-0.28868491568944393,-0.28868491568944393,0.3928551103384234,0.1862775317206979,0.0,0.0,5.505815029144287,18.82887840270996,63.355207443237305
1764144692.1821835,0.0,-0.2918870132112901,-0.2918870132112901,0.4628551103384234,0.16689444955438376,0.0,0.0,5.345715045928955,53.702789306640625,69.2441463470459
1764144692.2603,0.0,-0.2953020872633002,-0.2953020872633002,0.40433441328117625,0.23337416227906943,0.0,0.0,5.055345058441162,17.193988800048828,67.6107406616211
1764144692.337668,0.0,-0.2986070483967989,-0.2986070483967989,0.39374380132416265,0.2585155802592635,0.0,0.0,5.760251045227051,40.606929779052734,66.85590744018555
1764144692.4144971,0.0,-0.3018354521677897,-0.3018354521677897,0.41339897869387643,0.20551641535013915,0.0,0.0,5.1953206062316895,72.70629119873047,66.34974479675293
1764144692.4895945,0.0,-0.30499856250182195,-0.30499856250182195,0.36281241236487405,0.14257049810141326,0.0,0.0,5.067419052124023,37.797447204589844,64.59832191467285
1764144692.5671651,0.0,-0.3080426469301038,-0.3080426469301038,0.4304848065809347,0.11026403557509185,0.0,0.0,5.180785179138184,30.93545913696289,67.26384162902832
1764144692.640794,0.0,-0.3111460852410018,-0.3111460852410018,0.47879346965113656,0.18026403557509185,0.0,0.0,5.3539557456970215,34.3819580078125,63.25697898864746
1764144692.71392,0.0,-0.31405238081263664,-0.31405238081263664,0.4299565417901613,0.1747340861335397,0.0,0.0,4.4439849853515625,17.992820739746094,62.5920295715332
1764144692.7881026,0.0,-0.3168850744199029,-0.3168850744199029,0.47337129472056405,0.1854027196392417,0.0,0.0,5.1148362159729,38.507835388183594,63.668251037597656
1764144692.8658664,0.0,-0.31971759009014006,-0.31971759009014006,0.43661216033855454,0.18322504391893746,0.0,0.0,4.400654315948486,22.74591064453125,67.27313995361328
1764144692.9374654,0.0,-0.32263510218120783,-0.32263510218120783,0.46837583316722886,0.18772973386570813,0.0,0.0,5.45844841003418,32.215484619140625,61.246633529663086
1764144693.0072975,0.0,-0.3252757938189884,-0.3252757938189884,0.4585457373620011,0.19486948974430562,0.0,0.0,5.232751846313477,14.410665512084961,59.56864356994629
1764144693.086914,0.0,-0.32781356573379106,-0.32781356573379106,0.49957966843852775,0.2130006229132414,0.0,0.0,5.635742664337158,24.79715919494629,69.17524337768555
1764144693.1856747,0.0,-0.3306537450915931,-0.3306537450915931,0.5415725525678136,0.2317039029300213,0.0,0.0,4.8407416343688965,33.70982360839844,88.28425407409668
1764144693.27376,0.0,-0.33409205579450874,-0.33409205579450874,0.5676178284198977,0.24725754965096713,0.0,0.0,5.303908824920654,13.56216812133789,77.57568359375
1764144693.3511996,0.0,-0.33708168300947994,-0.33708168300947994,0.6376178284198977,0.2074854787066579,0.0,0.0,5.405072212219238,24.407535552978516,66.93458557128906
1764144693.4257233,0.0,-0.3396492794357439,-0.3396492794357439,0.5676178284198976,0.17541253600269557,0.0,0.0,5.513279438018799,21.09107208251953,64.18371200561523
1764144693.510895,0.0,-0.34206937284831357,-0.34206937284831357,0.5829298947216011,0.1751746039814316,0.0,0.0,5.578007698059082,19.945165634155273,74.74589347839355
1764144693.6145413,0.0,-0.34477857475871215,-0.34477857475871215,0.6099532380909658,0.22580847777193414,0.0,0.0,6.564427852630615,16.034629821777344,92.79799461364746
1764144693.7100494,0.0,-0.3479555599666621,-0.3479555599666621,0.6662753246934152,0.22689927629893647,0.0,0.0,6.815553665161133,15.422443389892578,84.97142791748047
1764144693.799457,0.0,-0.3507983779775021,-0.3507983779775021,0.7,0.1698250498599373,0.0,0.0,6.147468090057373,22.071985244750977,78.75514030456543
1764144693.8775275,0.0,-0.3533694393923345,-0.3533694393923345,0.7,0.23748739324277268,0.0,0.0,6.680071830749512,15.910971641540527,67.56901741027832
1764144693.9507668,0.0,-0.3555482415676743,-0.3555482415676743,0.673519142717123,0.2597796104825102,0.0,0.0,7.33977746963501,16.67743492126465,62.74580955505371
1764144694.0500646,0.0,-0.35753374667684085,-0.35753374667684085,0.6992105662822723,0.2653068940131925,0.0,0.0,7.143649578094482,20.727787017822266,88.79351615905762
1764144694.1281123,0.0,-0.36013281946501857,-0.36013281946501857,0.6782729763537645,0.2880177686898969,0.0,0.0,7.226017951965332,30.36089515686035,67.58785247802734
1764144694.2012262,0.0,-0.362096724477255,-0.362096724477255,0.7,0.32001468194415794,0.0,0.0,7.348565578460693,16.318967819213867,62.84666061401367
1764144694.2755988,0.0,-0.3638807514013804,-0.3638807514013804,0.6620303213596344,0.3238870369247161,0.0,0.0,9.01439094543457,32.35113525390625,63.994646072387695
1764144694.3648598,0.0,-0.36563417374554874,-0.36563417374554874,0.6383987952023744,0.2538870369247161,0.0,0.0,8.548255920410156,47.08533477783203,78.94253730773926
1764144694.4679887,0.0,-0.36766502546860624,-0.36766502546860624,0.5963447865098714,0.2555077493819408,0.0,0.0,7.896989822387695,27.522729873657227,92.56720542907715
1764144694.5450647,0.0,-0.36990385715801766,-0.36990385715801766,0.6287916850298643,0.21656604191986845,0.0,0.0,8.438243865966797,16.96999740600586,66.58506393432617
1764144694.6172016,0.0,-0.371503439603871,-0.371503439603871,0.5587916850298642,0.19633875309256837,0.0,0.0,8.680364608764648,15.848020553588867,61.832427978515625
1764144694.6894026,0.0,-0.37294904950857877,-0.37294904950857877,0.5457602600753306,0.19580658734077588,0.0,0.0,7.679529666900635,39.25456237792969,61.875104904174805
1764144694.7678638,0.0,-0.37434399628790266,-0.37434399628790266,0.5931435945630072,0.1982977909431793,0.0,0.0,9.072145462036133,28.691864013671875,68.02129745483398
1764144694.882654,0.0,-0.3758004222219367,-0.3758004222219367,0.6221888317912816,0.17557086212793366,0.0,0.0,7.894201755523682,39.30363464355469,104.36773300170898
1764144694.9711883,0.0,-0.3778264128008457,-0.3778264128008457,0.6707024342566728,0.18701622238615528,0.0,0.0,7.56112003326416,19.417552947998047,77.9263973236084
1764144695.0621686,0.0,-0.3792966805764487,-0.3792966805764487,0.6588361469283699,0.20539411692181603,0.0,0.0,8.145101547241211,32.23008346557617,80.69968223571777
1764144695.158008,0.0,-0.38073853916858924,-0.38073853916858924,0.6586833279387792,0.2054175356173073,0.0,0.0,8.307076454162598,24.24758529663086,85.20770072937012
1764144695.232808,0.0,-0.3821697167260988,-0.3821697167260988,0.6457359753357013,0.2389556089186226,0.0,0.0,7.430121898651123,29.229333877563477,64.36038017272949
1764144695.3175194,0.0,-0.3832290268860164,-0.3832290268860164,0.6841825134860118,0.23605319426889765,0.0,0.0,7.995853424072266,38.0323600769043,74.29313659667969
1764144695.394174,0.0,-0.38437034621498667,-0.38437034621498667,0.7,0.1825293743752991,0.0,0.0,8.515216827392578,29.509567260742188,66.11871719360352
1764144695.4699025,0.0,-0.38534838343180683,-0.38534838343180683,0.7,0.14730304793949472,0.0,0.0,7.047077178955078,23.270437240600586,65.12594223022461
1764144695.5452876,0.0,-0.38626353286473364,-0.38626353286473364,0.695579254347831,0.1344565352195059,0.0,0.0,7.601483345031738,19.26040267944336,64.93067741394043
1764144695.6211922,0.0,-0.3871264045263133,-0.3871264045263133,0.6638254311867058,0.1130977565192734,0.0,0.0,8.747047424316406,22.3468017578125,65.56248664855957
1764144695.6978066,0.0,-0.38794851109200346,-0.38794851109200346,0.7,0.1830977565192734,0.0,0.0,6.742681980133057,24.403785705566406,66.12777709960938
1764144695.773394,0.0,-0.38872976595600606,-0.38872976595600606,0.7,0.19066399387578714,0.0,0.0,6.70597505569458,22.241153717041016,64.99695777893066
1764144695.8506792,0.0,-0.3894529263787305,-0.3894529263787305,0.6428086802363395,0.1449427386329626,0.0,0.0,6.602360725402832,26.246177673339844,66.90025329589844
1764144695.934062,0.0,-0.39014628364629483,-0.39014628364629483,0.5976067379117012,0.20985392532806146,0.0,0.0,6.794510841369629,19.350027084350586,72.88384437561035
1764144696.0086892,0.0,-0.3908412465429574,-0.3908412465429574,0.658087146282196,0.22339288569550264,0.0,0.0,5.93916654586792,32.76248550415039,64.24379348754883
1764144696.0848382,0.0,-0.39141781364039263,-0.39141781364039263,0.6893940575420856,0.17385331965546358,0.0,0.0,6.724266529083252,27.211750030517578,65.78207015991211
1764144696.166831,0.0,-0.3919639377860028,-0.3919639377860028,0.6193940575420855,0.24022601969103563,0.0,0.0,7.790327072143555,21.095951080322266,71.45333290100098
1764144696.2409666,0.0,-0.3925026549383522,-0.3925026549383522,0.6342997766286134,0.2064489764676546,0.0,0.0,8.260815620422363,43.86387252807617,63.76242637634277
1764144696.3151495,0.0,-0.3929474565306323,-0.3929474565306323,0.6190083782374858,0.1871452318088268,0.0,0.0,8.022730827331543,37.032249450683594,63.89427185058594
1764144696.3937278,0.0,-0.39335437782253735,-0.39335437782253735,0.6267995849438011,0.2263913252906059,0.0,0.0,8.730111122131348,30.582504272460938,68.0699348449707
1764144696.4987383,0.0,-0.3937428085144464,-0.3937428085144464,0.63565562909469,0.17471986501972425,0.0,0.0,8.558209419250488,25.73388671875,94.5444107055664
1764144696.5855303,0.0,-0.39419559444543145,-0.39419559444543145,0.6409696420840918,0.1853479459465598,0.0,0.0,7.906507968902588,32.26104736328125,76.33805274963379
1764144696.6837463,0.0,-0.39451431678247106,-0.39451431678247106,0.6388085874449461,0.17288941941718805,0.0,0.0,8.374593734741211,39.53274917602539,87.58401870727539
1764144696.762169,0.0,-0.3948153541475477,-0.3948153541475477,0.7,0.10288941941718804,0.0,0.0,7.318487644195557,25.02518081665039,67.79861450195312
1764144696.8345609,0.0,-0.39501122071227035,-0.39501122071227035,0.7,0.09608604374836432,0.0,0.0,6.217946529388428,16.84268569946289,62.059640884399414
1764144696.9080625,0.0,-0.3951585420383479,-0.3951585420383479,0.7,0.139014623943076,0.0,0.0,6.734561920166016,20.239599227905273,63.08865547180176
1764144696.9809773,0.0,-0.3952752671051289,-0.3952752671051289,0.6537803903222084,0.10464175033877837,0.0,0.0,6.065828323364258,23.23489761352539,62.60514259338379
1764144697.0577528,0.0,-0.39535940745591003,-0.39535940745591003,0.6287550672888755,0.17464175033877838,0.0,0.0,6.05830717086792,19.691669464111328,66.39742851257324
1764144697.1301432,0.0,-0.39541436871192465,-0.39541436871192465,0.5783321306109428,0.1785859829330002,0.0,0.0,6.246870994567871,27.323610305786133,62.06703186035156
1764144697.2007911,0.0,-0.39543544572033607,-0.39543544572033607,0.579016587336082,0.19161883933033097,0.0,0.0,8.124342918395996,53.28030776977539,60.35661697387695
1764144697.2986417,0.0,-0.395427834915585,-0.395427834915585,0.6166700782370753,0.12588956398452866,0.0,0.0,9.209089279174805,58.30631637573242,87.32914924621582
1764144697.3828733,0.0,-0.395372553213522,-0.395372553213522,0.6866700782370754,0.1220096587718581,0.0,0.0,9.826871871948242,23.731496810913086,73.82011413574219
1764144697.4736226,0.0,-0.3952845101813126,-0.3952845101813126,0.6919242160324939,0.16618247847567547,0.0,0.0,7.0476460456848145,21.549312591552734,80.44815063476562
1764144697.5616157,0.0,-0.3951488145282906,-0.3951488145282906,0.7,0.16979307081113804,0.0,0.0,6.796693325042725,21.362607955932617,77.53753662109375
1764144697.6360774,0.0,-0.3949781630678242,-0.3949781630678242,0.6715519249439239,0.13422608147870052,0.0,0.0,8.331319808959961,22.525428771972656,63.99345397949219
1764144697.7143612,0.0,-0.3948050114201556,-0.3948050114201556,0.6844611817970871,0.1423346926973318,0.0,0.0,6.751763343811035,30.92359161376953,67.92759895324707
1764144697.812759,0.0,-0.3945945548844276,-0.3945945548844276,0.6144611817970871,0.13970907293754864,0.0,0.0,7.350140571594238,24.606216430664062,87.92543411254883
1764144697.903892,0.0,-0.39429048446353887,-0.39429048446353887,0.6664896813407539,0.20843784027296353,0.0,0.0,7.6982011795043945,26.14984893798828,80.48152923583984
1764144697.9968574,0.0,-0.39397118319219604,-0.39397118319219604,0.6758111753687261,0.27843784027296353,0.0,0.0,6.6307454109191895,22.18811798095703,82.25727081298828
1764144698.0971112,0.0,-0.3936103838337434,-0.3936103838337434,0.6882774467766284,0.26165816791850377,0.0,0.0,7.641586780548096,34.11855697631836,89.83469009399414
1764144698.1755733,0.0,-0.3931817189809719,-0.3931817189809719,0.7,0.23296788380044747,0.0,0.0,6.928344249725342,31.68610191345215,68.08829307556152
1764144698.2603102,0.0,-0.3928187628737207,-0.3928187628737207,0.67670185752213,0.24517892532545377,0.0,0.0,7.954436302185059,35.34888458251953,74.2192268371582
1764144698.3370607,0.0,-0.39240131314437665,-0.39240131314437665,0.7,0.17517892532545376,0.0,0.0,7.7450737953186035,20.090892791748047,66.24794006347656
1764144698.4113715,0.0,-0.3920010606065267,-0.3920010606065267,0.6470090493559837,0.1271981846590643,0.0,0.0,7.585719108581543,22.343616485595703,63.82298469543457
1764144698.4833434,0.0,-0.39159463224056973,-0.39159463224056973,0.6981814436614513,0.1971981846590643,0.0,0.0,8.820608139038086,24.094057083129883,61.663150787353516
1764144698.5558362,0.0,-0.3911831636940686,-0.3911831636940686,0.6994152706349268,0.23305558272200871,0.0,0.0,7.611219882965088,19.34850311279297,62.232017517089844
1764144698.6294508,0.0,-0.39075131276569797,-0.39075131276569797,0.7,0.24123065032559682,0.0,0.0,8.261006355285645,64.16744232177734,63.10868263244629
1764144698.703467,0.0,-0.3902972428240103,-0.3902972428240103,0.6607868827879428,0.22933116786676694,0.0,0.0,9.723963737487793,46.85014343261719,63.54045867919922
1764144698.787391,0.0,-0.3898242139224694,-0.3898242139224694,0.6653827524743974,0.233693113536865,0.0,0.0,8.604975700378418,31.142169952392578,73.37427139282227
1764144698.8736289,0.0,-0.38926991553514456,-0.38926991553514456,0.66832649060525,0.163693113536865,0.0,0.0,9.040393829345703,25.209754943847656,75.72126388549805
1764144698.9739938,0.0,-0.3886809137759028,-0.3886809137759028,0.7,0.22406433364871192,0.0,0.0,7.751482963562012,23.15303611755371,89.8895263671875
1764144699.0633616,0.0,-0.3879710319171616,-0.3879710319171616,0.7,0.1895579940688913,0.0,0.0,6.621268272399902,28.74614906311035,78.68170738220215
1764144699.1381037,0.0,-0.3873217613947096,-0.3873217613947096,0.7,0.1720017346602981,0.0,0.0,8.821499824523926,24.154441833496094,64.4073486328125
1764144699.216265,0.0,-0.3867638486353377,-0.3867638486353377,0.7,0.24200173466029812,0.0,0.0,7.167566776275635,29.906658172607422,67.74401664733887
1764144699.2915213,0.0,-0.3861683953217385,-0.3861683953217385,0.66340948715806,0.24340755316457946,0.0,0.0,9.277300834655762,28.493549346923828,64.74733352661133
1764144699.366826,0.0,-0.3855846346033865,-0.3855846346033865,0.6727949416264891,0.21020353036961753,0.0,0.0,6.968143939971924,22.8486328125,64.87822532653809
1764144699.4415498,0.0,-0.38499084002391043,-0.38499084002391043,0.6429722530767321,0.15970127108535964,0.0,0.0,9.299047470092773,31.952224731445312,64.4221305847168
1764144699.5227244,0.0,-0.3843913147242846,-0.3843913147242846,0.6367558374069631,0.17854116681060989,0.0,0.0,8.940963745117188,31.37082862854004,70.6789493560791
1764144699.6075385,0.0,-0.38373110236348196,-0.38373110236348196,0.6383667025249451,0.195214113323309,0.0,0.0,7.5170135498046875,22.913259506225586,74.2635726928711
1764144699.680654,0.0,-0.3830331326877884,-0.3830331326877884,0.6608493417035788,0.23581429767451484,0.0,0.0,6.633172512054443,26.595809936523438,62.73818016052246
1764144699.778301,0.0,-0.3824231124446016,-0.3824231124446016,0.6541458676103502,0.30581429767451485,0.0,0.0,7.693900108337402,20.47783088684082,87.18633651733398
1764144699.8725216,0.0,-0.3815990820537862,-0.3815990820537862,0.6650836449582129,0.23581429767451484,0.0,0.0,8.905714988708496,78.15440368652344,83.51397514343262
1764144699.9619775,0.0,-0.38079870043481956,-0.38079870043481956,0.6845777929294854,0.22135537127993304,0.0,0.0,7.257751941680908,38.66851043701172,78.93633842468262
1764144700.0375257,0.0,-0.38003139065442443,-0.38003139065442443,0.7,0.19718878912768562,0.0,0.0,7.950801372528076,17.34054946899414,65.03772735595703
1764144700.1199393,0.0,-0.37938009537382006,-0.37938009537382006,0.7,0.23988625231228072,0.0,0.0,6.739426612854004,28.533321380615234,71.98286056518555
1764144700.194204,0.0,-0.3786657186981748,-0.3786657186981748,0.6705325998365879,0.2383094319238444,0.0,0.0,7.650458812713623,24.338104248046875,63.703298568725586
1764144700.265095,0.0,-0.37802119444695587,-0.37802119444695587,0.6893531408160924,0.19252177710674007,0.0,0.0,8.020217895507812,47.483062744140625,60.340166091918945
1764144700.3646784,0.0,-0.37740478364236296,-0.37740478364236296,0.662198369204998,0.13514291132829387,0.0,0.0,7.132537841796875,50.86810302734375,89.08319473266602
1764144700.4386375,0.0,-0.37653904853771153,-0.37653904853771153,0.6584265374578535,0.19583415250323016,0.0,0.0,8.071205139160156,29.118606567382812,63.49539756774902
1764144700.520902,0.0,-0.3758962920706207,-0.3758962920706207,0.6785780576057732,0.14247619743488033,0.0,0.0,6.954254150390625,22.078786849975586,71.6254711151123
1764144700.5922277,0.0,-0.37518375942266313,-0.37518375942266313,0.6291052971966564,0.19593637074372966,0.0,0.0,6.92805290222168,23.658281326293945,60.82487106323242
1764144700.6812675,0.0,-0.37456976881073806,-0.37456976881073806,0.6377055247314274,0.23013741533301074,0.0,0.0,7.794381141662598,21.932491302490234,78.72295379638672
1764144700.7595901,0.0,-0.3738045816090869,-0.3738045816090869,0.6870324810035526,0.2404348655699869,0.0,0.0,7.0788679122924805,53.215858459472656,67.82817840576172
1764144700.834118,0.0,-0.3731366613296508,-0.3731366613296508,0.7,0.22878891798696716,0.0,0.0,6.773707866668701,22.998455047607422,64.01610374450684
1764144700.9132364,0.0,-0.37250609923946787,-0.37250609923946787,0.7,0.29878891798696716,0.0,0.0,8.609752655029297,37.8663330078125,68.6335563659668
1764144701.0093212,0.0,-0.3718424918798028,-0.3718424918798028,0.7,0.22878891798696716,0.0,0.0,6.908412456512451,61.64381790161133,85.60776710510254
1764144701.1014004,0.0,-0.3710438889114001,-0.3710438889114001,0.7,0.22395267115003664,0.0,0.0,9.805397033691406,25.28897476196289,81.32266998291016
1764144701.1830747,0.0,-0.37029329637829833,-0.37029329637829833,0.7,0.21713292748696406,0.0,0.0,6.5352463722229,27.070674896240234,71.1212158203125
1764144701.2597213,0.0,-0.369637356664557,-0.369637356664557,0.7,0.24455049597687323,0.0,0.0,7.0577569007873535,35.63994216918945,66.3602352142334
1764144701.3299556,0.0,-0.3690305569203018,-0.3690305569203018,0.7,0.3047069717294653,0.0,0.0,6.674294471740723,30.184328079223633,59.95368957519531
1764144701.4037929,0.0,-0.36848328249770684,-0.36848328249770684,0.6881376270204782,0.24754329734510977,0.0,0.0,8.56423568725586,46.404937744140625,63.53592872619629
1764144701.4980087,0.0,-0.36791739131730816,-0.36791739131730816,0.6812910249456763,0.18484038078255255,0.0,0.0,8.21196460723877,28.77178192138672,83.82534980773926
1764144701.608706,0.0,-0.36721099016875147,-0.36721099016875147,0.6839057845529168,0.1950988533071359,0.0,0.0,6.322000026702881,23.67229461669922,100.16679763793945
1764144701.6820707,0.0,-0.3664062664204132,-0.3664062664204132,0.6630159044172614,0.2650988533071359,0.0,0.0,7.266899585723877,24.805686950683594,62.92891502380371
1764144701.7724605,0.0,-0.3658886402621325,-0.3658886402621325,0.6549826614093035,0.1950988533071359,0.0,0.0,8.155939102172852,28.227069854736328,79.99610900878906
1764144701.8496783,0.0,-0.36526934226385604,-0.36526934226385604,0.6544253924977965,0.18946365882671673,0.0,0.0,7.7743635177612305,28.093196868896484,66.57934188842773
1764144701.9493644,0.0,-0.3647570681597176,-0.3647570681597176,0.6841840246808715,0.18653009772329826,0.0,0.0,6.022439002990723,22.10138702392578,89.23673629760742
1764144702.041361,0.0,-0.36411969144518075,-0.36411969144518075,0.7,0.19956090893625517,0.0,0.0,7.370410919189453,19.993419647216797,81.39920234680176
1764144702.125062,0.0,-0.36355828096515386,-0.36355828096515386,0.679436881840229,0.2695609089362552,0.0,0.0,7.013708114624023,33.475555419921875,73.11701774597168
1764144702.2193131,0.0,-0.3630699710254821,-0.3630699710254821,0.6094368818402289,0.2513820995020797,0.0,0.0,6.936590671539307,52.76027297973633,83.709716796875
1764144702.2959156,0.0,-0.3625474960529369,-0.3625474960529369,0.6761545288562774,0.1972436141598155,0.0,0.0,6.5206379890441895,29.168136596679688,66.0703182220459
1764144702.3734286,0.0,-0.3621454184557726,-0.3621454184557726,0.6657799837365745,0.1599228140342166,0.0,0.0,6.647923946380615,19.4649715423584,67.02327728271484
1764144702.4523597,0.0,-0.3617593793508654,-0.3617593793508654,0.6745069624111055,0.16566893043025632,0.0,0.0,7.313416481018066,22.90874481201172,68.4044361114502
1764144702.554724,0.0,-0.36138931571353117,-0.36138931571353117,0.7,0.23278385730489393,0.0,0.0,6.068330764770508,24.160423278808594,91.81356430053711
1764144702.630367,0.0,-0.36094542485296105,-0.36094542485296105,0.7,0.16278385730489392,0.0,0.0,7.068234443664551,35.165733337402344,65.33432006835938
1764144702.7055748,0.0,-0.3606438684084557,-0.3606438684084557,0.6600422531366348,0.1451912595520844,0.0,0.0,5.775835037231445,36.427894592285156,64.84055519104004
1764144702.78316,0.0,-0.36036734095048867,-0.36036734095048867,0.6256061688065528,0.12607939528330464,0.0,0.0,5.313050270080566,23.240144729614258,67.0468807220459
1764144702.871311,0.0,-0.36010792327273866,-0.36010792327273866,0.6446206986904144,0.16147052856191296,0.0,0.0,5.996496200561523,21.40913200378418,77.58808135986328
1764144702.9444652,0.0,-0.359845661711071,-0.359845661711071,0.7,0.1743155623416533,0.0,0.0,6.898168087005615,33.91546630859375,62.804460525512695
1764144703.0507834,0.0,-0.35965468407991896,-0.35965468407991896,0.6949072278104722,0.1760591306819697,0.0,0.0,4.286852836608887,20.899085998535156,95.94488143920898
1764144703.1242356,0.0,-0.3594218958449175,-0.3594218958449175,0.6941525555914267,0.23634563024184901,0.0,0.0,6.414466381072998,23.70440673828125,62.93058395385742
1764144703.2006598,0.0,-0.35929335246078886,-0.35929335246078886,0.7,0.1844665222897311,0.0,0.0,5.459240436553955,22.481643676757812,65.63401222229004
1764144703.2796354,0.0,-0.3591886199545787,-0.3591886199545787,0.6837203696370124,0.1764434409423848,0.0,0.0,4.6266093254089355,14.532727241516113,68.37010383605957
1764144703.356137,0.0,-0.35911203818081183,-0.35911203818081183,0.6712813831865787,0.19652794125518996,0.0,0.0,5.607084274291992,18.709571838378906,66.04862213134766
1764144703.4315934,0.0,-0.3590691991587858,-0.3590691991587858,0.6495001807808876,0.1409778689130326,0.0,0.0,5.944009780883789,30.06585693359375,65.1102066040039
1764144703.5089083,0.0,-0.35905804041279915,-0.35905804041279915,0.6208601973950862,0.19076913791737754,0.0,0.0,5.611823081970215,30.493999481201172,66.88070297241211
1764144703.6023946,0.0,-0.3590795890639335,-0.3590795890639335,0.6908601973950863,0.14527930143318374,0.0,0.0,5.1760945320129395,28.586467742919922,82.89122581481934
1764144703.7040923,0.0,-0.35915100422978463,-0.35915100422978463,0.7,0.18167459788761336,0.0,0.0,5.635839939117432,26.96829605102539,91.22657775878906
1764144703.7918658,0.0,-0.3592871772177385,-0.3592871772177385,0.7,0.25167459788761337,0.0,0.0,5.358649253845215,31.451631546020508,77.24595069885254
1764144703.8640175,0.0,-0.3594544887520372,-0.3594544887520372,0.7,0.20056739616236885,0.0,0.0,6.958775997161865,26.56591796875,61.83004379272461
1764144703.9498923,0.0,-0.35962825841660134,-0.35962825841660134,0.7,0.17691031823895176,0.0,0.0,5.408023834228516,24.711273193359375,75.33717155456543
1764144704.0275192,0.0,-0.35987745997101134,-0.35987745997101134,0.6804431423544883,0.16269083301565845,0.0,0.0,5.2434892654418945,21.228525161743164,67.24214553833008
1764144704.1097355,0.0,-0.36014429883878496,-0.36014429883878496,0.6545906689018011,0.18342651220998962,0.0,0.0,5.280048847198486,28.2847957611084,71.69890403747559
1764144704.2089658,0.0,-0.36046963549841804,-0.36046963549841804,0.6914114605635404,0.25342651220998963,0.0,0.0,6.673197269439697,22.47505760192871,88.89174461364746
1764144704.2812216,0.0,-0.3609222921226505,-0.3609222921226505,0.7,0.18342651220998962,0.0,0.0,5.387317180633545,38.52952575683594,61.79952621459961
1764144704.3535836,0.0,-0.36129087152694767,-0.36129087152694767,0.6430464208126068,0.2168643677516957,0.0,0.0,6.394355773925781,25.493606567382812,62.030792236328125
1764144704.4608793,0.0,-0.36169352156708345,-0.36169352156708345,0.6849518276751041,0.17972453105292518,0.0,0.0,5.667318344116211,42.28900909423828,96.92144393920898
1764144704.535147,0.0,-0.3623508935479081,-0.3623508935479081,0.6735271735116839,0.13696553724847038,0.0,0.0,6.967565536499023,20.451011657714844,63.724517822265625
1764144704.6109138,0.0,-0.36284472260559664,-0.36284472260559664,0.6745994667755439,0.15686529110214908,0.0,0.0,6.476282119750977,26.27128791809082,65.34028053283691
1764144704.7081664,0.0,-0.3633834740780486,-0.3633834740780486,0.7,0.2268652911021491,0.0,0.0,5.566229820251465,28.4942626953125,86.71164512634277
1764144704.7924478,0.0,-0.36412299142690174,-0.36412299142690174,0.6568305984139442,0.21727220385364493,0.0,0.0,6.437575340270996,30.134851455688477,73.78625869750977
1764144704.870987,0.0,-0.36480621261456303,-0.36480621261456303,0.7,0.23472652628115614,0.0,0.0,7.127523899078369,25.425067901611328,67.94214248657227
1764144704.945447,0.0,-0.3654780895630224,-0.3654780895630224,0.7,0.16472652628115614,0.0,0.0,5.330403804779053,29.09543800354004,64.0101432800293
1764144705.0206153,0.0,-0.3661456319208125,-0.3661456319208125,0.668406468629837,0.17738840895734032,0.0,0.0,6.065809726715088,24.234493255615234,64.66937065124512
1764144705.0960102,0.0,-0.36684942017767647,-0.36684942017767647,0.6690380034735426,0.11709340828499992,0.0,0.0,5.068434238433838,36.8292121887207,64.93139266967773
1764144705.1698203,0.0,-0.3675824196265594,-0.3675824196265594,0.7,0.13318426701269348,0.0,0.0,5.4780988693237305,25.266403198242188,63.494205474853516
1764144705.2451632,0.0,-0.3683297018411512,-0.3683297018411512,0.6876714330166578,0.2031842670126935,0.0,0.0,6.257321357727051,21.560211181640625,64.83697891235352
1764144705.3402462,0.0,-0.369119675543041,-0.369119675543041,0.6213436897844076,0.2612825012489339,0.0,0.0,6.589791297912598,20.8477783203125,84.44786071777344
1764144705.4342446,0.0,-0.3701517340037642,-0.3701517340037642,0.6913436897844076,0.23284549775562485,0.0,0.0,6.935016632080078,75.27854919433594,83.67466926574707
1764144705.5057838,0.0,-0.37121489007566605,-0.37121489007566605,0.6878016711957753,0.16284549775562485,0.0,0.0,6.509453773498535,20.725778579711914,61.20157241821289
1764144705.5838342,0.0,-0.3720501969290826,-0.3720501969290826,0.6909080596920103,0.15361021998367508,0.0,0.0,6.229496955871582,23.809152603149414,67.72947311401367
1764144705.6722822,0.0,-0.3729881459695839,-0.3729881459695839,0.6502925457712263,0.1644329529165407,0.0,0.0,6.368630886077881,22.06317901611328,77.90875434875488
1764144705.745772,0.0,-0.37407887240143245,-0.37407887240143245,0.6249240545835346,0.14577651842526396,0.0,0.0,6.517377853393555,30.032886505126953,63.196420669555664
1764144705.823426,0.0,-0.37501216463521864,-0.37501216463521864,0.639073400972411,0.2107531808226486,0.0,0.0,8.52153491973877,24.898101806640625,67.1229362487793
1764144705.904033,0.0,-0.37601846802718436,-0.37601846802718436,0.5741472311597318,0.18890884219697912,0.0,0.0,7.271700382232666,22.678131103515625,70.20735740661621
1764144705.9804704,0.0,-0.3770878725428941,-0.3770878725428941,0.6271085359435529,0.223353762915649,0.0,0.0,7.57985258102417,38.215087890625,66.12277030944824
1764144706.053962,0.0,-0.3781259538676851,-0.3781259538676851,0.6689460791926831,0.18455629869393309,0.0,0.0,6.920843601226807,39.83700180053711,62.863826751708984
1764144706.1266508,0.0,-0.3791404718157081,-0.3791404718157081,0.7,0.11455629869393308,0.0,0.0,6.567683219909668,25.50003433227539,62.40224838256836
1764144706.200865,0.0,-0.38016463153186625,-0.38016463153186625,0.7,0.18455629869393309,0.0,0.0,7.197429656982422,20.890077590942383,63.86995315551758
1764144706.2770743,0.0,-0.38122792781105436,-0.38122792781105436,0.7,0.1980167886152049,0.0,0.0,6.4139556884765625,20.75379180908203,65.765380859375
1764144706.3549416,0.0,-0.38233838237014467,-0.38233838237014467,0.7,0.18214129450760086,0.0,0.0,6.2701497077941895,22.358251571655273,67.44813919067383
1764144706.4432552,0.0,-0.3834910026043219,-0.3834910026043219,0.7,0.2149500379248639,0.0,0.0,5.9620890617370605,14.237996101379395,77.84271240234375
1764144706.5241039,0.0,-0.3848177780567146,-0.3848177780567146,0.7,0.22864479831448992,0.0,0.0,6.936602592468262,22.419889450073242,70.51587104797363
1764144706.6220074,0.0,-0.3860552139558553,-0.3860552139558553,0.7,0.2297550192245399,0.0,0.0,7.775822639465332,37.12612533569336,87.35156059265137
1764144706.7015605,0.0,-0.3875741970683248,-0.3875741970683248,0.7,0.2240630503886496,0.0,0.0,7.34063196182251,26.946924209594727,69.08798217773438
1764144706.7732728,0.0,-0.38882639487538445,-0.38882639487538445,0.6690028671175241,0.2210529343367671,0.0,0.0,8.44829273223877,33.866615295410156,61.19513511657715
1764144706.8506827,0.0,-0.389967655287892,-0.389967655287892,0.7,0.1510529343367671,0.0,0.0,6.938567638397217,28.76397705078125,66.97678565979004
1764144706.9247968,0.0,-0.3912140309546784,-0.3912140309546784,0.6535182118415832,0.2210529343367671,0.0,0.0,8.539461135864258,30.57643699645996,63.607215881347656
1764144707.030549,0.0,-0.39241882649439863,-0.39241882649439863,0.7,0.24072282846580495,0.0,0.0,8.048123359680176,22.32277488708496,95.22891044616699
1764144707.1045556,0.0,-0.3941566761443236,-0.3941566761443236,0.7,0.2182576627613162,0.0,0.0,7.658658027648926,20.418174743652344,63.59982490539551
1764144707.1846678,0.0,-0.39538424329797095,-0.39538424329797095,0.6750706274062395,0.2831004382253741,0.0,0.0,10.221132278442383,42.03126525878906,69.76485252380371
1764144707.264063,0.0,-0.3967278259140131,-0.3967278259140131,0.7,0.2368268602670287,0.0,0.0,9.575480461120605,79.07957458496094,68.84503364562988
1764144707.3388398,0.0,-0.39806404911697496,-0.39806404911697496,0.6472843967378139,0.19770156677375783,0.0,0.0,10.14954948425293,29.296283721923828,64.41879272460938
1764144707.4587462,0.0,-0.3993329303969328,-0.3993329303969328,0.7,0.20475868407200326,0.0,0.0,8.895563125610352,36.21554946899414,109.61556434631348
1764144707.5343697,0.0,-0.4013889845497743,-0.4013889845497743,0.7,0.21479983340512265,0.0,0.0,8.538368225097656,25.390911102294922,65.0017261505127
1764144707.6273715,0.0,-0.4026882099604019,-0.4026882099604019,0.7,0.15384469266544332,0.0,0.0,8.292673110961914,24.227764129638672,82.57389068603516
1764144707.72416,0.0,-0.4043014821758916,-0.4043014821758916,0.6725444335490465,0.08384469266544331,0.0,0.0,7.493412017822266,24.105567932128906,86.12656593322754
1764144707.8041754,0.0,-0.4059825783230051,-0.4059825783230051,0.6170459788292646,0.15384469266544332,0.0,0.0,8.41051959991455,25.979156494140625,69.54503059387207
1764144707.8819463,0.0,-0.4073792766037502,-0.4073792766037502,0.6053596779704093,0.1554193927816232,0.0,0.0,8.98536491394043,16.868854522705078,67.33131408691406
1764144707.955352,0.0,-0.40874108526264785,-0.40874108526264785,0.6355711732059717,0.17774017368472417,0.0,0.0,8.25307846069336,16.298873901367188,63.039302825927734
1764144708.0774226,0.0,-0.4100303971797232,-0.4100303971797232,0.6641786906868219,0.21894288648880322,0.0,0.0,8.568659782409668,14.939291954040527,111.52529716491699
1764144708.1918132,0.0,-0.41217833550800664,-0.41217833550800664,0.6615010158158838,0.21960780930501644,0.0,0.0,9.832752227783203,36.00298309326172,103.72209548950195
1764144708.2686937,0.0,-0.4141874389280417,-0.4141874389280417,0.6984466531313955,0.19257845890504544,0.0,0.0,9.18694019317627,21.41817855834961,66.50757789611816
1764144708.3537352,0.0,-0.41554220171814515,-0.41554220171814515,0.7,0.1436169796882314,0.0,0.0,10.00061321258545,36.721717834472656,74.49793815612793
1764144708.4288557,0.0,-0.41703487825422214,-0.41703487825422214,0.7,0.16520601113123123,0.0,0.0,9.661747932434082,18.449302673339844,64.81409072875977
1764144708.500926,0.0,-0.41835418106342376,-0.41835418106342376,0.7,0.1396827210931224,0.0,0.0,10.241327285766602,30.475467681884766,61.769723892211914
1764144708.5734336,0.0,-0.41961769054222425,-0.41961769054222425,0.6593018367886543,0.1608493437318248,0.0,0.0,7.849649429321289,27.771270751953125,62.23940849304199
1764144708.652859,0.0,-0.42088715723245745,-0.42088715723245745,0.6716838030144572,0.12427376557869141,0.0,0.0,7.521349906921387,38.66324996948242,69.0610408782959
1764144708.76768,0.0,-0.422273887342934,-0.422273887342934,0.7,0.14767064128798668,0.0,0.0,8.921971321105957,24.478910446166992,104.29954528808594
1764144708.8757277,0.0,-0.42427381807832615,-0.42427381807832615,0.6727724399417638,0.07767064128798667,0.0,0.0,7.9264397621154785,24.97899055480957,97.22065925598145
1764144708.9772782,0.0,-0.42613685695111014,-0.42613685695111014,0.6407098647207021,0.07796675253572177,0.0,0.0,6.275877952575684,21.157833099365234,90.83843231201172
1764144709.0515153,0.0,-0.4278754450185989,-0.4278754450185989,0.655683846026659,0.017002045250555986,0.0,0.0,7.149989128112793,20.7169189453125,63.82131576538086
1764144709.131782,0.0,-0.429140107697906,-0.429140107697906,0.7,0.06466106239618968,0.0,0.0,8.92994213104248,22.683481216430664,69.7484016418457
1764144709.2139099,0.0,-0.4305005893079154,-0.4305005893079154,0.7,0.037016199044010156,0.0,0.0,8.202045440673828,26.683334350585938,71.43473625183105
1764144709.3312283,0.0,-0.4318796472927369,-0.4318796472927369,0.7,0.018587852901837343,0.0,0.0,8.139077186584473,24.335784912109375,106.66680335998535
1764144709.436841,0.0,-0.43382956448855653,-0.43382956448855653,0.7,0.0,0.0,0.0,7.020077228546143,23.757396697998047,95.11089324951172
1764144709.5215611,0.0,-0.4355672196179485,-0.4355672196179485,0.645768054574728,0.0,0.0,0.0,7.932719707489014,27.236515045166016,74.05638694763184
1764144709.6150985,0.0,-0.43693799676953343,-0.43693799676953343,0.621932678669691,0.0,0.0,0.0,7.7415595054626465,22.780460357666016,83.26101303100586
1764144709.6884096,0.0,-0.4384385892276953,-0.4384385892276953,0.6919326786696911,0.07,0.0,0.0,6.713198661804199,26.930255889892578,62.99877166748047
1764144709.7814302,0.0,-0.43960214549426274,-0.43960214549426274,0.621932678669691,0.0,0.0,0.0,7.477042198181152,40.48223114013672,82.42225646972656
1764144709.8542674,0.0,-0.4410559632472058,-0.4410559632472058,0.6277067892253398,0.04406570643186569,0.0,0.0,12.128888130187988,39.12089920043945,62.48164176940918
1764144709.9572427,0.0,-0.4421822681503762,-0.4421822681503762,0.606489523127675,0.025608526542782784,0.0,0.0,7.121921539306641,36.80279541015625,92.33355522155762
1764144710.0370016,0.0,-0.443745155260176,-0.443745155260176,0.6609866794198751,0.0,0.0,0.0,6.3370842933654785,28.042774200439453,69.24271583557129
1764144710.1121097,0.0,-0.4449343146834248,-0.4449343146834248,0.6760694298893213,0.0,0.0,0.0,11.107320785522461,29.984130859375,64.80073928833008
1764144710.2065356,0.0,-0.44603867522285073,-0.44603867522285073,0.6060694298893212,0.020229386165738106,0.0,0.0,14.640424728393555,30.946712493896484,84.04731750488281
1764144710.3306458,0.0,-0.4474039207780118,-0.4474039207780118,0.5555325738340615,0.08759972639381886,0.0,0.0,8.354637145996094,38.776039123535156,113.47031593322754
1764144710.432617,0.0,-0.44915142775763406,-0.44915142775763406,0.48997592099010934,0.06742349453270435,0.0,0.0,7.841744899749756,25.252559661865234,91.23992919921875
1764144710.5257313,0.0,-0.4505459213698107,-0.4505459213698107,0.4348891033977269,0.13742349453270436,0.0,0.0,8.920878410339355,86.61347198486328,82.42082595825195
1764144710.6034393,0.0,-0.45178640780271717,-0.45178640780271717,0.504889103397727,0.06742349453270435,0.0,0.0,11.260415077209473,108.77142333984375,67.00944900512695
1764144710.705382,0.0,-0.4527937731158658,-0.4527937731158658,0.5411415126174688,0.0,0.0,0.0,9.846319198608398,47.60764694213867,91.58158302307129
1764144710.8008728,0.0,-0.4540842605372425,-0.4540842605372425,0.5685067296028137,0.0,0.0,0.0,9.908343315124512,22.19385528564453,84.94925498962402
1764144710.8758037,0.0,-0.45525390863101084,-0.45525390863101084,0.567600163037423,0.0467488169670105,0.0,0.0,10.259601593017578,27.597536087036133,64.39781188964844
1764144710.949454,0.0,-0.45614415413296333,-0.45614415413296333,0.497600163037423,0.0,0.0,0.0,17.415037155151367,53.37054443359375,63.147544860839844
1764144711.0419714,0.0,-0.456996549765511,-0.456996549765511,0.48525018681073556,0.0,0.0,0.0,12.889476776123047,39.673805236816406,81.90035820007324
1764144711.1424193,0.0,-0.4580312972179825,-0.4580312972179825,0.5196783325471914,0.007282747887074947,0.0,0.0,12.211666107177734,41.359378814697266,89.78748321533203
1764144711.2497246,0.0,-0.45911038110018765,-0.45911038110018765,0.5521829320886171,0.0,0.0,0.0,15.912327766418457,31.76801872253418,96.7867374420166
1764144711.3245072,0.0,-0.46021024467236765,-0.46021024467236765,0.5460019402042962,0.07,0.0,0.0,10.012199401855469,34.59334182739258,64.27717208862305
1764144711.400114,0.0,-0.4609424961833508,-0.4609424961833508,0.5819077074364758,0.032488912045955665,0.0,0.0,15.208982467651367,52.56804656982422,65.00673294067383
1764144711.4783728,0.0,-0.46165348177073595,-0.46165348177073595,0.6519077074364759,0.10248891204595567,0.0,0.0,10.819740295410156,30.07447052001953,67.9316520690918
1764144711.5535643,0.0,-0.46235959879784455,-0.46235959879784455,0.674067490606103,0.17248891204595568,0.0,0.0,13.14198112487793,30.007041931152344,64.68534469604492
1764144711.6315129,0.0,-0.46300639205795263,-0.46300639205795263,0.7,0.12180569678545,0.0,0.0,9.233222007751465,30.33123016357422,67.49677658081055
1764144711.7048743,0.0,-0.463644200999878,-0.463644200999878,0.7,0.17858131512999537,0.0,0.0,10.386445999145508,32.82911682128906,63.01689147949219
1764144711.7793238,0.0,-0.4642143262320811,-0.4642143262320811,0.7,0.24858131512999537,0.0,0.0,10.796441078186035,57.977500915527344,64.00632858276367
1764144711.8577306,0.0,-0.46476080784028323,-0.46476080784028323,0.6868067959323525,0.21693582713603976,0.0,0.0,10.444860458374023,60.43732833862305,68.05729866027832
1764144711.9366136,0.0,-0.4653022424098979,-0.4653022424098979,0.7,0.14693582713603975,0.0,0.0,9.73434829711914,24.487276077270508,68.47286224365234
1764144712.0106301,0.0,-0.46580910041629087,-0.46580910041629087,0.6741436671465635,0.16684395357966425,0.0,0.0,10.985634803771973,28.25388526916504,63.71259689331055
1764144712.091854,0.0,-0.46625100172250217,-0.46625100172250217,0.7,0.18226546891033651,0.0,0.0,11.246212005615234,27.421640396118164,70.92523574829102
1764144712.165437,0.0,-0.4666975733464572,-0.4666975733464572,0.7,0.16401195995509626,0.0,0.0,11.869691848754883,35.599945068359375,63.1256103515625
1764144712.2409544,0.0,-0.4670653153966519,-0.4670653153966519,0.7,0.17292223595082762,0.0,0.0,10.667304992675781,25.45930290222168,64.99719619750977
1764144712.325807,0.0,-0.4674061852019172,-0.4674061852019172,0.6821057915687561,0.16224426593631508,0.0,0.0,11.30634593963623,25.011699676513672,74.51391220092773
1764144712.4001036,0.0,-0.467745450268212,-0.467745450268212,0.671215265803039,0.1818844881281257,0.0,0.0,11.012320518493652,36.292598724365234,63.81845474243164
1764144712.4741762,0.0,-0.4680024231714058,-0.4680024231714058,0.6817488212138414,0.1668878607824445,0.0,0.0,12.07390308380127,25.02004623413086,63.68684768676758
1764144712.5525563,0.0,-0.4682211976488832,-0.4682211976488832,0.6353707004338502,0.20261433724313976,0.0,0.0,12.475213050842285,22.572439193725586,67.98577308654785
1764144712.6289241,0.0,-0.4684112727363198,-0.4684112727363198,0.6884979259222745,0.16778149086982014,0.0,0.0,12.8678560256958,65.01321411132812,65.93203544616699
1764144712.7032983,0.0,-0.46855483632146433,-0.46855483632146433,0.6732492603361606,0.17581483352929356,0.0,0.0,12.311911582946777,41.12409973144531,64.04709815979004
1764144712.815059,0.0,-0.4686544712882256,-0.4686544712882256,0.6743515441659838,0.16909735932946207,0.0,0.0,12.034061431884766,36.237579345703125,101.23658180236816
1764144712.8940015,0.0,-0.4687277859948854,-0.4687277859948854,0.6964883609209209,0.16633062254637482,0.0,0.0,12.998748779296875,28.247072219848633,68.17293167114258
1764144712.972016,0.0,-0.46872323440760905,-0.46872323440760905,0.6795103392098099,0.18636068146675827,0.0,0.0,12.64333438873291,31.044525146484375,67.53206253051758
1764144713.0490973,0.0,-0.46867214454483,-0.46867214454483,0.7,0.13321846168488266,0.0,0.0,12.254154205322266,31.441617965698242,66.52450561523438
1764144713.1218615,0.0,-0.46857561554795546,-0.46857561554795546,0.7,0.10394595567137005,0.0,0.0,13.598160743713379,23.517004013061523,62.439918518066406
1764144713.1987345,0.0,-0.4684414024895931,-0.4684414024895931,0.7,0.14259325344115498,0.0,0.0,11.012585639953613,19.997093200683594,66.43486022949219
1764144713.2726424,0.0,-0.4682537545605251,-0.4682537545605251,0.7,0.11042126644402744,0.0,0.0,10.82093334197998,21.036903381347656,63.47227096557617
1764144713.3473508,0.0,-0.46802839996817264,-0.46802839996817264,0.7,0.08406572606414559,0.0,0.0,9.00499439239502,17.232524871826172,64.36729431152344
1764144713.4408727,0.0,-0.4677547543692985,-0.4677547543692985,0.6590609967708587,0.04369176369160416,0.0,0.0,8.666694641113281,23.636287689208984,83.2066535949707
1764144713.5250473,0.0,-0.4673457373260847,-0.4673457373260847,0.612505242973566,0.044053952305112054,0.0,0.0,9.83182144165039,26.809947967529297,73.66132736206055
1764144713.599012,0.0,-0.46691501310248684,-0.46691501310248684,0.5991732066497206,0.0565886256308295,0.0,0.0,9.743146896362305,22.677114486694336,63.51304054260254
1764144713.6729875,0.0,-0.4664861431526185,-0.4664861431526185,0.6691732066497207,0.0878322311700322,0.0,0.0,8.867510795593262,24.635025024414062,63.65656852722168
1764144713.7469459,0.0,-0.4660082531677983,-0.4660082531677983,0.6496506924554706,0.017832231170032187,0.0,0.0,8.44174575805664,19.8902587890625,63.51113319396973
1764144713.8271832,0.0,-0.4654831251876935,-0.4654831251876935,0.7,0.0,0.0,0.0,11.46180534362793,24.3411922454834,69.85092163085938
1764144713.8981764,0.0,-0.46485731845064426,-0.46485731845064426,0.6970551282167434,0.0,0.0,0.0,9.097618103027344,25.94930076599121,60.64105033874512
1764144713.9697196,0.0,-0.4642548053824554,-0.4642548053824554,0.6270551282167434,0.07,0.0,0.0,14.326958656311035,28.249727249145508,61.223745346069336
1764144714.1024172,0.0,-0.4635989852114588,-0.4635989852114588,0.6970551282167434,0.035997975319623954,0.0,0.0,11.621659278869629,28.136537551879883,122.13373184204102
1764144714.1840935,0.0,-0.4622577725831564,-0.4622577725831564,0.6957185819512233,0.06582329578697682,0.0,0.0,9.90523624420166,25.35873031616211,71.18344306945801
1764144714.2566786,0.0,-0.46135018123831883,-0.46135018123831883,0.7,0.1325972393900156,0.0,0.0,8.484753608703613,25.840343475341797,62.24370002746582
1764144714.336415,0.0,-0.4604852162365357,-0.4604852162365357,0.7,0.12404661968350411,0.0,0.0,8.848442077636719,30.45631980895996,69.05293464660645
1764144714.41283,0.0,-0.459480404941247,-0.459480404941247,0.7,0.19404661968350412,0.0,0.0,10.131305694580078,30.43367576599121,65.92082977294922
1764144714.4898884,0.0,-0.45845676023158094,-0.45845676023158094,0.7,0.20363914906978609,0.0,0.0,8.642428398132324,26.705541610717773,66.61510467529297
1764144714.5636725,0.0,-0.45736548039703184,-0.45736548039703184,0.6923499007709324,0.22280704729259015,0.0,0.0,11.563014030456543,25.446792602539062,63.463687896728516
1764144714.661974,0.0,-0.4562610704332616,-0.4562610704332616,0.6223499007709323,0.17368167020380498,0.0,0.0,10.689867973327637,36.10578155517578,87.79311180114746
1764144714.7852287,0.0,-0.45470330692740607,-0.45470330692740607,0.6380421050079166,0.1854648192971945,0.0,0.0,10.974428176879883,31.26991081237793,112.60080337524414
1764144714.8749983,0.0,-0.45260867441507474,-0.45260867441507474,0.69014158250764,0.1839473957521841,0.0,0.0,10.534826278686523,56.00532913208008,79.15329933166504
1764144714.9614575,0.0,-0.45098207972244786,-0.45098207972244786,0.7,0.12520774848293514,0.0,0.0,12.382160186767578,44.67449188232422,75.87862014770508
1764144715.0386488,0.0,-0.4493340279576342,-0.4493340279576342,0.7,0.11164134948980065,0.0,0.0,10.627998352050781,23.73147201538086,66.72549247741699
1764144715.116627,0.0,-0.4477921905369212,-0.4477921905369212,0.7,0.04921814262401314,0.0,0.0,10.7154541015625,21.73452377319336,67.52800941467285
1764144715.1942742,0.0,-0.446167552776089,-0.446167552776089,0.7,0.11921814262401315,0.0,0.0,9.669160842895508,23.320598602294922,67.16275215148926
1764144715.269417,0.0,-0.4444823345319701,-0.4444823345319701,0.6733987171202898,0.14375603377353402,0.0,0.0,8.890317916870117,24.677099227905273,64.68892097473145
1764144715.3503585,0.0,-0.4427876079505663,-0.4427876079505663,0.6479207973927259,0.0957720223022625,0.0,0.0,9.351964950561523,25.18408966064453,70.62649726867676
1764144715.4571738,0.0,-0.4408856269373691,-0.4408856269373691,0.5779207973927258,0.10363023533951493,0.0,0.0,9.064474105834961,29.324668884277344,96.29201889038086
1764144715.5523996,0.0,-0.4382601630767782,-0.4382601630767782,0.5976816426217555,0.13596743896137925,0.0,0.0,9.703103065490723,30.09024429321289,84.5637321472168
1764144715.648615,0.0,-0.43581279046769095,-0.43581279046769095,0.554840074032545,0.20596743896137926,0.0,0.0,12.01599407196045,47.53019332885742,85.82186698913574
1764144715.7315588,0.0,-0.4332188906692443,-0.4332188906692443,0.6038584049046039,0.21788964848499748,0.0,0.0,13.083876609802246,62.38397979736328,72.1738338470459
1764144715.8108149,0.0,-0.43090587850059114,-0.43090587850059114,0.6275644070655106,0.14788964848499747,0.0,0.0,11.701187133789062,49.89221954345703,68.72057914733887
1764144715.9056675,0.0,-0.42861431540201944,-0.42861431540201944,0.6954147956520318,0.13979587323497983,0.0,0.0,11.297223091125488,33.719276428222656,84.53488349914551
1764144716.0074174,0.0,-0.4257627396894437,-0.4257627396894437,0.6551059737056493,0.14245198379736396,0.0,0.0,9.630019187927246,19.186777114868164,91.1722183227539
1764144716.0820577,0.0,-0.4225872450398296,-0.4225872450398296,0.7,0.12174054134171458,0.0,0.0,8.673561096191406,23.894182205200195,64.36872482299805
1764144716.1546347,0.0,-0.4201713703304793,-0.4201713703304793,0.6940944667905569,0.13620639584492894,0.0,0.0,6.566126823425293,20.0965633392334,62.299251556396484
1764144716.2267828,0.0,-0.4177534125638869,-0.4177534125638869,0.7,0.06620639584492893,0.0,0.0,6.5407257080078125,19.68313980102539,61.81597709655762
1764144716.3350384,0.0,-0.4152825355798556,-0.4152825355798556,0.7,0.13620639584492894,0.0,0.0,5.929018497467041,23.98162078857422,97.8994369506836
1764144716.4091508,0.0,-0.4114427822611219,-0.4114427822611219,0.6497191235423088,0.1376745504466817,0.0,0.0,6.453035831451416,21.860347747802734,63.58051300048828
1764144716.4882271,0.0,-0.4087301659804978,-0.4087301659804978,0.5941151089966297,0.12269474930595609,0.0,0.0,8.215469360351562,19.25198745727539,68.51935386657715
1764144716.5594504,0.0,-0.40575393078461863,-0.40575393078461863,0.6479948468506336,0.1926947493059561,0.0,0.0,6.588686466217041,26.01677703857422,60.6989860534668
1764144716.6374872,0.0,-0.4030091450886761,-0.4030091450886761,0.7,0.20587922129314395,0.0,0.0,7.649066925048828,19.712779998779297,67.69776344299316
1764144716.7404587,0.0,-0.39991461705583553,-0.39991461705583553,0.6956654612906277,0.27587922129314396,0.0,0.0,7.10670804977417,20.136415481567383,92.60416030883789
1764144716.8208573,0.0,-0.3956989286289474,-0.3956989286289474,0.6734490015543997,0.23839761156123135,0.0,0.0,9.285284042358398,79.4762191772461,69.76699829101562
1764144716.8947787,0.0,-0.39231714388695976,-0.39231714388695976,0.695451005641371,0.16839761156123134,0.0,0.0,9.851740837097168,29.979267120361328,63.61055374145508
1764144716.9694264,0.0,-0.38910546727583384,-0.38910546727583384,0.6937995616346597,0.1558280695183203,0.0,0.0,9.487913131713867,25.154495239257812,63.85326385498047
1764144717.0560718,0.0,-0.38581133117755034,-0.38581133117755034,0.6957627635449171,0.16109033263754102,0.0,0.0,6.691559314727783,30.644912719726562,76.1103630065918
1764144717.1425924,0.0,-0.38188047008265386,-0.38188047008265386,0.6891250617802143,0.1862744051916525,0.0,0.0,7.101861000061035,23.00446319580078,76.18021965026855
1764144717.2167506,0.0,-0.37783614881715694,-0.37783614881715694,0.6866862625349313,0.206410932908766,0.0,0.0,6.4941205978393555,35.84454345703125,63.53354454040527
1764144717.2918475,0.0,-0.3742934016224948,-0.3742934016224948,0.6502271928358823,0.17579579501878473,0.0,0.0,5.358172416687012,22.87752914428711,64.57209587097168
1764144717.368073,0.0,-0.3706203126633677,-0.3706203126633677,0.7,0.1584507614327595,0.0,0.0,5.69264554977417,21.455368041992188,65.81640243530273
1764144717.4437592,0.0,-0.3668124212787288,-0.3668124212787288,0.6664940275251865,0.2284507614327595,0.0,0.0,6.273793697357178,20.29342269897461,65.40656089782715
1764144717.5162342,0.0,-0.3629407642858468,-0.3629407642858468,0.6267911873757839,0.16482520222198221,0.0,0.0,6.955970287322998,29.931446075439453,62.17670440673828
1764144717.5911117,0.0,-0.3591472857262965,-0.3591472857262965,0.6653161503374576,0.18181779540609572,0.0,0.0,4.658639430999756,29.363189697265625,64.35847282409668
1764144717.6820526,0.0,-0.3551546491751862,-0.3551546491751862,0.6615108494181186,0.11181779540609571,0.0,0.0,3.969735622406006,18.859943389892578,80.57093620300293
1764144717.7553,0.0,-0.3501863455237983,-0.3501863455237983,0.668006995273754,0.0598534043831751,0.0,0.0,5.632216930389404,23.48825454711914,62.89815902709961
1764144717.8483324,0.0,-0.34608489320871877,-0.34608489320871877,0.6749277483206242,0.1298534043831751,0.0,0.0,4.98728609085083,28.427413940429688,82.41534233093262
1764144717.9422114,0.0,-0.34076210615030655,-0.34076210615030655,0.7,0.08625094152521345,0.0,0.0,5.113161087036133,24.24799156188965,83.0373764038086
1764144718.0337894,0.0,-0.33525631345750406,-0.33525631345750406,0.6804034717381,0.15625094152521346,0.0,0.0,7.271073341369629,32.78117370605469,80.96027374267578
1764144718.1082277,0.0,-0.3297603965367949,-0.3297603965367949,0.7,0.2217079354031012,0.0,0.0,4.275259971618652,25.958967208862305,63.90547752380371
1764144718.1786911,0.0,-0.32518861572308627,-0.32518861572308627,0.6861729070544242,0.28299433268141005,0.0,0.0,4.596935749053955,35.581626892089844,59.98730659484863
1764144718.2589862,0.0,-0.3207791257244593,-0.3207791257244593,0.6881947920657694,0.3503608358604834,0.0,0.0,3.909770965576172,50.17300033569336,69.85974311828613
1764144718.3333814,0.0,-0.3156589213934979,-0.3156589213934979,0.7,0.4045399715704844,0.0,0.0,5.093719482421875,48.00891876220703,64.02277946472168
1764144718.431496,0.0,-0.31081738982282847,-0.31081738982282847,0.7,0.356454386333935,0.0,0.0,5.7609453201293945,130.07650756835938,87.73446083068848
1764144718.5201201,0.0,-0.30428617338514363,-0.30428617338514363,0.6634472280740737,0.286454386333935,0.0,0.0,5.250713348388672,91.8320083618164,78.01008224487305
1764144718.594162,0.0,-0.29826816420300284,-0.29826816420300284,0.6892700482159853,0.29274208776187155,0.0,0.0,4.480243682861328,24.170639038085938,63.66991996765137
1764144718.687416,0.0,-0.29313079714483314,-0.29313079714483314,0.6192700482159852,0.2811051982222125,0.0,0.0,3.7810001373291016,48.58940124511719,82.91077613830566
1764144718.7822747,0.0,-0.286522618174487,-0.286522618174487,0.6072192295640706,0.2217308955965564,0.0,0.0,5.292368412017822,66.880859375,84.27882194519043
1764144718.8542976,0.0,-0.27966794245658994,-0.27966794245658994,0.5787369172275065,0.20995158634614203,0.0,0.0,4.402554035186768,26.043315887451172,61.70463562011719
1764144718.9309762,0.0,-0.2743488279622055,-0.2743488279622055,0.5315962108969687,0.13995158634614202,0.0,0.0,4.695363998413086,48.74449157714844,66.314697265625
1764144719.0146213,0.0,-0.26859241948053714,-0.26859241948053714,0.6015962108969688,0.09460691324900838,0.0,0.0,2.762026309967041,60.3682861328125,73.31347465515137
1764144719.0904548,0.0,-0.2621952068365599,-0.2621952068365599,0.5315962108969687,0.10178928272332999,0.0,0.0,2.68886399269104,26.68279457092285,65.52791595458984
1764144719.1978555,0.0,-0.2562845403436136,-0.2562845403436136,0.5906710672378539,0.14431271524634215,0.0,0.0,2.482785940170288,20.2273006439209,96.9691276550293
1764144719.290581,0.0,-0.2477282892399716,-0.2477282892399716,0.6347976076602935,0.19785945312585684,0.0,0.0,4.182312965393066,27.147586822509766,81.96616172790527
1764144719.375256,0.0,-0.24021543996116415,-0.24021543996116415,0.644373818412423,0.26785945312585685,0.0,0.0,1.6634317636489868,32.852821350097656,74.371337890625
1764144719.4656024,0.0,-0.23319734635476394,-0.23319734635476394,0.6514990531094371,0.266865969193168,0.0,0.0,1.8615882396697998,39.40287780761719,80.01184463500977
1764144719.5439923,0.0,-0.22556528085493738,-0.22556528085493738,0.667919993046671,0.22123260844964537,0.0,0.0,1.9139209985733032,38.7663688659668,68.00961494445801
1764144719.6205077,0.0,-0.2188269914542637,-0.2188269914542637,0.6165470477379857,0.2912326084496454,0.0,0.0,3.199563980102539,32.03221130371094,66.15400314331055
1764144719.7209344,0.0,-0.21213141532890012,-0.21213141532890012,0.5852560024894773,0.2651590241165832,0.0,0.0,1.9771323204040527,45.605735778808594,89.95604515075684
1764144719.7999744,0.0,-0.20318945386113219,-0.20318945386113219,0.6448916118778287,0.26992634237278257,0.0,0.0,2.292391300201416,39.71260070800781,68.59612464904785
1764144719.8735473,0.0,-0.1960295415695716,-0.1960295415695716,0.6051910441555082,0.3399263423727826,0.0,0.0,2.127699136734009,28.65920639038086,63.29798698425293
1764144719.951121,0.0,-0.1892461077489451,-0.1892461077489451,0.5351910441555081,0.3616173350112513,0.0,0.0,2.468264102935791,72.9337387084961,67.2156810760498
1764144720.0434647,0.0,-0.1819721701039383,-0.1819721701039383,0.6051910441555082,0.42007633753586565,0.0,0.0,1.6775423288345337,70.31209564208984,81.70270919799805
1764144720.1166208,0.0,-0.17319873431756042,-0.17319873431756042,0.6751910441555082,0.35532701470423494,0.0,0.0,1.8242202997207642,94.01417541503906,62.82448768615723
1764144720.1907113,0.0,-0.1661185271961014,-0.1661185271961014,0.6407667987979948,0.3235646345512942,0.0,0.0,1.5102791786193848,52.20103454589844,63.70878219604492
1764144720.290844,0.0,-0.1588381877851333,-0.1588381877851333,0.675676926318556,0.33220866125542675,0.0,0.0,2.605415105819702,49.57450866699219,89.6902084350586
1764144720.3815572,0.0,-0.1488202546550136,-0.1488202546550136,0.66904391143471,0.3364013809571043,0.0,0.0,0.8963788151741028,19.00954818725586,80.03878593444824
1764144720.4645627,0.0,-0.13960167763203313,-0.13960167763203313,0.7,0.33325169108342384,0.0,0.0,1.3519779443740845,30.468666076660156,72.48759269714355
1764144720.538869,0.0,-0.1310116026261327,-0.1310116026261327,0.6856080617755651,0.36006544403266166,0.0,0.0,0.5216043591499329,36.38207244873047,63.67135047912598
1764144720.61394,0.0,-0.12322055357293346,-0.12322055357293346,0.673100496456027,0.38036133594345306,0.0,0.0,0.4563632309436798,43.013668060302734,64.75543975830078
1764144720.7084212,0.0,-0.11522422068206226,-0.11522422068206226,0.7,0.4059959320677445,0.0,0.0,0.8420745730400085,38.115203857421875,84.17010307312012
1764144720.7899013,0.0,-0.1049846478047092,-0.1049846478047092,0.7,0.4759959320677445,0.0,0.0,0.7287465929985046,24.14569854736328,70.84774971008301
1764144720.868231,0.0,-0.09602626016868598,-0.09602626016868598,0.6683970175683498,0.4257595728291199,0.0,0.0,1.4232981204986572,59.13143539428711,67.82341003417969
1764144720.9429693,0.0,-0.08728950221218756,-0.08728950221218756,0.7,0.4304952941043303,0.0,0.0,1.1217166185379028,35.4019775390625,64.3768310546875
1764144721.0177782,0.0,-0.07882715278380825,-0.07882715278380825,0.6990267677349038,0.42073300882708287,0.0,0.0,0.48137596249580383,24.452274322509766,64.39399719238281
1764144721.0944555,0.0,-0.07024124814223717,-0.07024124814223717,0.7,0.4545723128272221,0.0,0.0,1.2618708610534668,38.573753356933594,66.20049476623535
1764144721.1859784,0.0,-0.06131085565784988,-0.06131085565784988,0.7,0.5179592820955441,0.0,0.0,1.2754780054092407,54.61559295654297,80.89756965637207
1764144721.2636182,0.0,-0.05052007707648648,-0.05052007707648648,0.6713544957339763,0.4479964825464413,0.0,0.0,0.97613924741745,47.948707580566406,67.20614433288574
1764144721.3515627,0.0,-0.041218240566193776,-0.041218240566193776,0.6566362090408802,0.420546859796159,0.0,0.0,0.24934442341327667,18.85027313232422,77.54349708557129
1764144721.4237084,0.0,-0.03053268313963653,-0.03053268313963653,0.6083204977214336,0.44929808593820786,0.0,0.0,1.3231053352355957,33.90252685546875,61.876773834228516
1764144721.5022278,0.0,-0.02162460911554448,-0.02162460911554448,0.5827244993299245,0.41491957224439835,0.0,0.0,0.5610271096229553,65.23528289794922,68.03178787231445
1764144721.5828314,0.0,-0.011819965082257855,-0.011819965082257855,0.6527244993299246,0.4776806107861922,0.0,0.0,0.48537811636924744,68.06859588623047,70.16491889953613
1764144721.6572602,0.0,-0.0016232404022796798,-0.0016232404022796798,0.6624229899421334,0.4905078795878217,0.0,0.0,0.7738953828811646,32.99431228637695,64.12172317504883
1764144721.7351768,0.0,0.00793679192352359,0.00793679192352359,0.7,0.5209514026669786,0.0,0.0,0.4169568121433258,64.64144134521484,67.41738319396973
1764144721.8097193,0.0,0.018049957876900502,0.018049957876900502,0.6883836340159177,0.5189726004051045,0.0,0.0,2.005399465560913,33.54198455810547,64.22019004821777
1764144721.8826315,0.0,0.027860215019087475,0.027860215019087475,0.7,0.4852408120082692,0.0,0.0,0.5615406632423401,28.716236114501953,62.6065731048584
1764144721.9672866,0.0,0.037584245021922646,0.037584245021922646,0.6792879894375801,0.4755751114012674,0.0,0.0,3.203517436981201,26.970497131347656,74.22471046447754
1764144722.041213,0.0,0.049003446295198705,0.049003446295198705,0.6927959311753511,0.5455751114012675,0.0,0.0,5.175296306610107,28.223514556884766,63.616275787353516
1764144722.1137342,0.0,0.059108786025039856,0.059108786025039856,0.6815654205158352,0.4837076209904627,0.0,0.0,1.3327696323394775,41.702667236328125,62.258005142211914
1764144722.2062812,0.0,0.06916344616916961,0.06916344616916961,0.7,0.5255683876993136,0.0,0.0,1.3157336711883545,35.70761489868164,81.98833465576172
1764144722.2903225,0.0,0.08214608145673419,0.08214608145673419,0.6334567114710807,0.5490626648487524,0.0,0.0,1.4885790348052979,28.512237548828125,73.5313892364502
1764144722.3656683,0.0,0.09408358827397814,0.09408358827397814,0.6396386975422501,0.5902118079783396,0.0,0.0,2.2581675052642822,40.280052185058594,65.01245498657227
1764144722.4424329,0.0,0.10494729904538813,0.10494729904538813,0.6113252917304635,0.6602118079783397,0.0,0.0,0.8850269913673401,31.938873291015625,66.34736061096191
1764144722.5242457,0.0,0.11614034447554486,0.11614034447554486,0.6100833628326654,0.5902118079783396,0.0,0.0,1.224791407585144,125.14668273925781,71.32720947265625
1764144722.5995097,0.0,0.12821239237234078,0.12821239237234078,0.5427614141255617,0.5810350200580434,0.0,0.0,1.135716438293457,56.59406280517578,64.91684913635254
1764144722.6785045,0.0,0.13946438985512494,0.13946438985512494,0.6102684129029512,0.5522435123519973,0.0,0.0,2.4704644680023193,74.73009490966797,68.56083869934082
1764144722.7562466,0.0,0.1514174412002544,0.1514174412002544,0.6212582865729928,0.4941034915344791,0.0,0.0,1.278690218925476,44.77470397949219,67.24762916564941
1764144722.8478584,0.0,0.16330707723491913,0.16330707723491913,0.60235226880759,0.5300827550189571,0.0,0.0,1.8393092155456543,27.58150291442871,81.25686645507812
1764144722.9206638,0.0,0.1775392086186056,0.1775392086186056,0.6213740592822432,0.5270734524773435,0.0,0.0,2.5303235054016113,62.20206832885742,62.29591369628906
1764144722.9923036,0.0,0.1889437051745606,0.1889437051745606,0.5755219792947173,0.4903583696531133,0.0,0.0,4.9372944831848145,37.25453186035156,61.29097938537598
1764144723.07027,0.0,0.20033089167985857,0.20033089167985857,0.5055219792947172,0.4203583696531133,0.0,0.0,4.236898899078369,50.517852783203125,67.46721267700195
1764144723.1432238,0.0,0.21283444666539147,0.21283444666539147,0.4355219792947172,0.47681890666950505,0.0,0.0,4.235387325286865,61.257328033447266,62.60180473327637
1764144723.2157443,0.0,0.22467807376424997,0.22467807376424997,0.41856895986944426,0.5111067803250626,0.0,0.0,6.6639814376831055,66.26815032958984,62.191009521484375
1764144723.3020086,0.0,0.23659033156072456,0.23659033156072456,0.48856895986944426,0.5046944688679651,0.0,0.0,4.998061656951904,57.93242645263672,75.7749080657959
1764144723.3857872,0.0,0.25092108870408303,0.25092108870408303,0.5205148291960358,0.4857843123050407,0.0,0.0,4.689554691314697,112.3489761352539,72.99208641052246
1764144723.4592319,0.0,0.2649857348746434,0.2649857348746434,0.4797107150033115,0.5557843123050408,0.0,0.0,5.944427490234375,60.52042770385742,63.09819221496582
1764144723.5566435,0.0,0.2774771516810949,0.2774771516810949,0.5497107150033116,0.6257843123050408,0.0,0.0,5.799056529998779,72.23967742919922,87.03112602233887
1764144723.6403694,0.0,0.2942521427725753,0.2942521427725753,0.6197107150033117,0.6507116024615245,0.0,0.0,7.200308322906494,33.93475341796875,73.25053215026855
1764144723.7367232,0.0,0.3088404781573052,0.3088404781573052,0.622838731603697,0.7,0.0,0.0,6.258969783782959,43.68604278564453,86.04621887207031
1764144723.8150024,0.0,0.3258755264452303,0.3258755264452303,0.5528387316036969,0.7,0.0,0.0,7.084502220153809,35.479766845703125,67.84701347351074
1764144723.90925,0.0,0.3398602435445186,0.3398602435445186,0.5361707602161914,0.6461550749838352,0.0,0.0,7.541268348693848,43.844940185546875,83.94432067871094
1764144724.011744,0.0,0.3569474719729878,0.3569474719729878,0.4866292011458426,0.7,0.0,0.0,7.461542129516602,70.19886016845703,91.92419052124023
1764144724.1129854,0.0,0.37578549531431965,0.37578549531431965,0.5216753688175231,0.7,0.0,0.0,7.628932476043701,124.39202880859375,90.53754806518555
1764144724.2160175,0.0,-0.007628349067837643,-0.007628349067837643,0.5216689525202127,0.6299999999999999,0.0,0.0,5.1535139083862305,123.85260772705078,92.39649772644043
1764144724.29027,0.0,-0.02051609826269483,-0.02051609826269483,0.5370782041952225,0.5896960581839084,0.0,0.0,4.333128929138184,151.44955444335938,63.77696990966797
1764144724.366011,0.0,-0.029604465486902022,-0.029604465486902022,0.6002412388131233,0.5264455984532832,0.0,0.0,2.0958540439605713,36.420631408691406,65.29569625854492
1764144724.4654853,0.0,-0.0387258760483741,-0.0387258760483741,0.661059348474464,0.4680945362150668,0.0,0.0,0.7283754348754883,37.66164016723633,88.83142471313477
1764144724.5451212,0.0,-0.05041939699013738,-0.05041939699013738,0.6674767049059482,0.47436180954799045,0.0,0.0,0.6989626884460449,5.520394325256348,68.98164749145508
1764144724.6186213,0.0,-0.059541898811075786,-0.059541898811075786,0.7,0.5135018887184559,0.0,0.0,0.8184474110603333,9.75212287902832,63.161611557006836
1764144724.692967,0.0,-0.06781169596888163,-0.06781169596888163,0.7,0.5166138588637113,0.0,0.0,0.7301989793777466,7.976789474487305,64.08166885375977
1764144724.770908,0.0,-0.07602509221981317,-0.07602509221981317,0.6734925273805856,0.4867261453717946,0.0,0.0,0.8274298906326294,5.68035364151001,67.56734848022461
1764144724.849806,0.0,-0.08445857379639968,-0.08445857379639968,0.6464026466012001,0.5261693067103623,0.0,0.0,0.9861946702003479,8.796910285949707,68.43185424804688
1764144724.9252858,0.0,-0.09280319570787834,-0.09280319570787834,0.7,0.5850278428941964,0.0,0.0,0.9667438864707947,8.226091384887695,65.1404857635498
1764144725.023363,0.0,-0.10063173457474396,-0.10063173457474396,0.6984724739333614,0.615050020739436,0.0,0.0,1.0807548761367798,11.47396469116211,87.55207061767578
1764144725.1239104,0.0,-0.1105540841339316,-0.1105540841339316,0.7,0.626156308799982,0.0,0.0,1.4706233739852905,7.405715465545654,89.93148803710938
1764144725.20309,0.0,-0.12043393840606584,-0.12043393840606584,0.7,0.5916059884428977,0.0,0.0,1.6994667053222656,14.392221450805664,68.55344772338867
1764144725.2781177,0.0,-0.12799610581977067,-0.12799610581977067,0.7,0.5645823358744382,0.0,0.0,1.486484408378601,21.44799041748047,64.64576721191406
1764144725.3575225,0.0,-0.13501639155528428,-0.13501639155528428,0.7,0.4945823358744382,0.0,0.0,1.3960241079330444,10.489827156066895,68.88866424560547
1764144725.4337869,0.0,-0.14226319372963564,-0.14226319372963564,0.7,0.4548615211993455,0.0,0.0,1.7053762674331665,17.065673828125,65.87696075439453
1764144725.509488,0.0,-0.14905976752797612,-0.14905976752797612,0.6800506271421909,0.43078143656253803,0.0,0.0,1.9589155912399292,9.64179801940918,65.4001235961914
1764144725.5882998,0.0,-0.15565469448865993,-0.15565469448865993,0.6792263334384188,0.49422046303749073,0.0,0.0,1.6343592405319214,14.575294494628906,68.41731071472168
1764144725.66277,0.0,-0.16234842895448606,-0.16234842895448606,0.6629333348711952,0.4242204630374907,0.0,0.0,2.012768507003784,13.149215698242188,64.1019344329834
1764144725.749429,0.0,-0.16852237184105587,-0.16852237184105587,0.6762770388042554,0.41593785561621177,0.0,0.0,2.3687028884887695,18.02545166015625,76.17330551147461
1764144725.8233516,0.0,-0.17551089288979532,-0.17551089288979532,0.6772138614789582,0.4231044447608291,0.0,0.0,2.3505942821502686,17.460285186767578,63.44890594482422
1764144725.899904,0.0,-0.1813185221063991,-0.1813185221063991,0.6772538116121722,0.3998044638521968,0.0,0.0,2.70600962638855,15.725175857543945,65.92202186584473
1764144725.9779458,0.0,-0.18717103810506555,-0.18717103810506555,0.6797097066802962,0.35637300672009575,0.0,0.0,2.301589250564575,14.93782901763916,67.5039291381836
1764144726.050237,0.0,-0.1929788347484111,-0.1929788347484111,0.6218309963507636,0.3364527786709367,0.0,0.0,2.487372398376465,12.858512878417969,61.82241439819336
1764144726.1227863,0.0,-0.1982055870479128,-0.1982055870479128,0.6878865922255499,0.30427257740870106,0.0,0.0,2.5149004459381104,13.909229278564453,62.23726272583008
1764144726.1978724,0.0,-0.20333993991910806,-0.20333993991910806,0.6576978771401627,0.3553747090138494,0.0,0.0,3.1361019611358643,13.306051254272461,64.50462341308594
1764144726.2827961,0.0,-0.20848877686048134,-0.20848877686048134,0.6678350681824667,0.3184527794457971,0.0,0.0,3.1309831142425537,24.680347442626953,74.29289817810059
1764144726.3628623,0.0,-0.21413438016027983,-0.21413438016027983,0.6684988299304677,0.31304524816572654,0.0,0.0,2.8341073989868164,15.330526351928711,69.46420669555664
1764144726.451507,0.0,-0.21928500238083487,-0.21928500238083487,0.6643353491010202,0.2985704632103442,0.0,0.0,3.2757322788238525,13.830703735351562,78.30333709716797
1764144726.5237124,0.0,-0.2248143177788163,-0.2248143177788163,0.6509380540730489,0.29980535550042975,0.0,0.0,3.274945020675659,25.276405334472656,61.566829681396484
1764144726.6065283,0.0,-0.2291559982651832,-0.2291559982651832,0.5809380540730489,0.30204876070842135,0.0,0.0,3.4607279300689697,18.64628028869629,72.31712341308594
1764144726.6862397,0.0,-0.2339888678442106,-0.2339888678442106,0.5593621710421575,0.2953890001028775,0.0,0.0,3.366987705230713,55.014244079589844,69.13471221923828
1764144726.7639053,0.0,-0.23846470299521547,-0.23846470299521547,0.4944875368954671,0.3271243271976708,0.0,0.0,3.6497104167938232,33.62842559814453,67.18564033508301
1764144726.8434432,0.0,-0.2426825135908035,-0.2426825135908035,0.5013271247142983,0.3193887702748178,0.0,0.0,5.588057994842529,99.99309539794922,69.11396980285645
1764144726.9170053,0.0,-0.24684456002658517,-0.24684456002658517,0.5159630061233473,0.3565377041324972,0.0,0.0,4.652568817138672,81.35810852050781,63.237905502319336
1764144726.9942758,0.0,-0.25056027881756904,-0.25056027881756904,0.5131806363923532,0.2865377041324972,0.0,0.0,4.862620830535889,84.98473358154297,66.9550895690918
1764144727.079003,0.0,-0.2543275009225044,-0.2543275009225044,0.5545749073488695,0.22029314663261162,0.0,0.0,6.359665393829346,28.926557540893555,74.1889476776123
1764144727.157609,0.0,-0.25829014013664864,-0.25829014013664864,0.5157869873208982,0.2258638493530451,0.0,0.0,4.311257839202881,35.17881774902344,68.08972358703613
1764144727.2613897,0.0,-0.26180783069080565,-0.26180783069080565,0.5718057458860857,0.2856688551418482,0.0,0.0,5.58612585067749,26.582033157348633,93.22500228881836
1764144727.3369186,0.0,-0.26623311541847666,-0.26623311541847666,0.6418057458860857,0.3556688551418482,0.0,0.0,5.658206939697266,49.81696701049805,64.98026847839355
1764144727.4175134,0.0,-0.2692963567719818,-0.2692963567719818,0.6551790509758575,0.3790446270816027,0.0,0.0,6.41402530670166,48.09319305419922,70.04690170288086
1764144727.5047276,0.0,-0.27241135077803197,-0.27241135077803197,0.6858073056129796,0.3090446270816027,0.0,0.0,8.745170593261719,65.56835174560547,76.87926292419434
1764144727.6007,0.0,-0.2756288744711781,-0.2756288744711781,0.6352178223816736,0.32433116583153593,0.0,0.0,7.16343355178833,36.48373794555664,85.31832695007324
1764144727.680953,0.0,-0.27895405471812673,-0.27895405471812673,0.6804781586317403,0.2543311658315359,0.0,0.0,6.102555274963379,38.06087875366211,69.84210014343262
1764144727.7568748,0.0,-0.2815792200947275,-0.2815792200947275,0.7,0.18433116583153591,0.0,0.0,5.029236793518066,20.676105499267578,65.5362606048584
1764144727.833518,0.0,-0.28393040098009675,-0.28393040098009675,0.7,0.18336750971619026,0.0,0.0,5.056511402130127,17.69618034362793,66.12634658813477
1764144727.9186409,0.0,-0.2861721041910131,-0.2861721041910131,0.6614384807646274,0.20630123125854866,0.0,0.0,4.850962162017822,21.43377113342285,74.71871376037598
1764144727.991124,0.0,-0.2885109802850402,-0.2885109802850402,0.7,0.23678177627269165,0.0,0.0,5.197497367858887,19.450557708740234,62.1640682220459
1764144728.0678887,0.0,-0.290379171667697,-0.290379171667697,0.7,0.30678177627269165,0.0,0.0,4.884608745574951,20.467174530029297,66.41793251037598
1764144728.1451454,0.0,-0.29223366115595767,-0.29223366115595767,0.6894384862855076,0.29864638673607247,0.0,0.0,5.386511325836182,30.371427536010742,66.86854362487793
1764144728.2197657,0.0,-0.2939707938206288,-0.2939707938206288,0.6725997382774949,0.2839506967226042,0.0,0.0,4.495729446411133,32.09982681274414,64.28694725036621
1764144728.2922966,0.0,-0.29552928359948744,-0.29552928359948744,0.7,0.30033057092223303,0.0,0.0,4.828438758850098,15.451882362365723,62.19029426574707
1764144728.3832254,0.0,-0.2969325679199572,-0.2969325679199572,0.63500866740942,0.29491889898199575,0.0,0.0,3.947359800338745,18.897518157958984,80.39379119873047
1764144728.4721746,0.0,-0.2985361327805383,-0.2985361327805383,0.6701326787471771,0.3087230860488488,0.0,0.0,5.183198928833008,36.979007720947266,78.26805114746094
1764144728.549455,0.0,-0.299932764257879,-0.299932764257879,0.6692899464862421,0.2667776174144818,0.0,0.0,4.879736423492432,20.1029052734375,66.92838668823242
1764144728.632222,0.0,-0.3010196950879395,-0.3010196950879395,0.6061304881470277,0.23710235536564128,0.0,0.0,5.454366207122803,36.74700927734375,72.13354110717773
1764144728.7590764,0.0,-0.3020467457219028,-0.3020467457219028,0.6255531347589567,0.24230206713546054,0.0,0.0,4.365376949310303,16.190380096435547,116.23668670654297
1764144728.8382697,0.0,-0.30335264508895343,-0.30335264508895343,0.6338492277311161,0.2879318106221034,0.0,0.0,4.5077362060546875,36.544700622558594,68.70508193969727
1764144728.9144533,0.0,-0.3040060445024962,-0.3040060445024962,0.6496789063559845,0.2661483674542977,0.0,0.0,4.977594375610352,25.103452682495117,65.66762924194336
1764144728.9880133,0.0,-0.30451843728199407,-0.30451843728199407,0.6336120049702003,0.24722632907796638,0.0,0.0,6.478526592254639,34.075164794921875,63.10725212097168
1764144729.0695322,0.0,-0.304906113481497,-0.304906113481497,0.6298247370170429,0.24626747719012188,0.0,0.0,4.988553524017334,21.297786712646484,70.82629203796387
1764144729.1421096,0.0,-0.3052126662850195,-0.3052126662850195,0.6500932666705921,0.2107851376291363,0.0,0.0,4.809483528137207,24.16232681274414,62.253713607788086
1764144729.2177868,0.0,-0.305379335242999,-0.305379335242999,0.7,0.22786972313188003,0.0,0.0,4.004462242126465,21.04217529296875,65.31500816345215
1764144729.301828,0.0,-0.3054468157398799,-0.3054468157398799,0.6695783220231533,0.27734375013969825,0.0,0.0,4.394506931304932,24.95259666442871,73.65632057189941
1764144729.3755794,0.0,-0.30539575088032694,-0.30539575088032694,0.7,0.28404881167225526,0.0,0.0,5.302226543426514,29.447429656982422,63.34185600280762
1764144729.4509363,0.0,-0.3052427516610578,-0.3052427516610578,0.6844048684462904,0.26577934543602155,0.0,0.0,4.486704349517822,47.76158142089844,64.85509872436523
1764144729.5289302,0.0,-0.3049830460886295,-0.3049830460886295,0.680161408893764,0.25178523468784975,0.0,0.0,4.094205856323242,29.547849655151367,67.47674942016602
1764144729.610078,0.0,-0.30460490974426857,-0.30460490974426857,0.6101614088937639,0.2049251134973018,0.0,0.0,4.284602165222168,28.645536422729492,70.53327560424805
1764144729.6854167,0.0,-0.304096002668336,-0.304096002668336,0.5804478564485906,0.2749251134973018,0.0,0.0,6.968868255615234,22.72191619873047,64.910888671875
1764144729.7635484,0.0,-0.3035170369355139,-0.3035170369355139,0.6490939223393797,0.28749951052479433,0.0,0.0,5.247576713562012,42.30810546875,67.52967834472656
1764144729.8391852,0.0,-0.3028128859306845,-0.3028128859306845,0.6089347713813185,0.2855795450322329,0.0,0.0,6.109699249267578,49.96879577636719,65.22369384765625
1764144729.947484,0.0,-0.3020291632905283,-0.3020291632905283,0.6033523982577025,0.22987467570230352,0.0,0.0,5.816689968109131,29.478797912597656,97.99933433532715
1764144730.0560033,0.0,-0.3007310614633319,-0.3007310614633319,0.6336782990209757,0.16254243774339544,0.0,0.0,5.376338481903076,41.089805603027344,97.90635108947754
1764144730.1447737,0.0,-0.2992309961343351,-0.2992309961343351,0.5889780787937342,0.23254243774339545,0.0,0.0,6.4209818840026855,27.799522399902344,78.03177833557129
1764144730.239265,0.0,-0.29786111437728124,-0.29786111437728124,0.6050114730559288,0.16254243774339544,0.0,0.0,4.0018463134765625,49.765804290771484,84.02252197265625
1764144730.3232465,0.0,-0.29625698405842155,-0.29625698405842155,0.6662007333897053,0.1888100873492657,0.0,0.0,3.4277610778808594,32.80661392211914,73.60315322875977
1764144730.397982,0.0,-0.2947061976398849,-0.2947061976398849,0.6869003089331089,0.23587771093472826,0.0,0.0,4.220369338989258,21.717405319213867,64.19730186462402
1764144730.4746947,0.0,-0.29323287285950217,-0.29323287285950217,0.7,0.2867264669202267,0.0,0.0,4.196329116821289,30.324600219726562,66.33973121643066
1764144730.5529633,0.0,-0.2916279708376693,-0.2916279708376693,0.7,0.2584861606173216,0.0,0.0,3.1662709712982178,42.89661407470703,67.9633617401123
1764144730.630538,0.0,-0.2898933618172632,-0.2898933618172632,0.7,0.25492141100578,0.0,0.0,3.946897506713867,17.020519256591797,67.25025177001953
1764144730.713139,0.0,-0.2880771982341923,-0.2880771982341923,0.7,0.2392936542909591,0.0,0.0,3.366330623626709,31.962377548217773,72.07489013671875
1764144730.788666,0.0,-0.28604613780478616,-0.28604613780478616,0.7,0.3092936542909591,0.0,0.0,3.881481647491455,17.95423698425293,65.20557403564453
1764144730.8619757,0.0,-0.28409564397382653,-0.28409564397382653,0.6490821920335292,0.31905380032025266,0.0,0.0,3.8279123306274414,28.339651107788086,62.87813186645508
1764144730.9407518,0.0,-0.28211955501043556,-0.28211955501043556,0.7,0.3012349936272948,0.0,0.0,4.707061290740967,79.98165893554688,68.33291053771973
1764144731.0296068,0.0,-0.2799095622793219,-0.2799095622793219,0.7,0.3188535380270331,0.0,0.0,5.078978061676025,23.64120864868164,78.54509353637695
1764144731.1317778,0.0,-0.27730272287452223,-0.27730272287452223,0.7,0.2500264900829642,0.0,0.0,3.6792304515838623,33.08070755004883,91.64214134216309
1764144731.206257,0.0,-0.27416845275279395,-0.27416845275279395,0.7,0.275128786927089,0.0,0.0,3.141862630844116,32.01502227783203,63.98177146911621
1764144731.2819436,0.0,-0.271792240183047,-0.271792240183047,0.7,0.3445821008738129,0.0,0.0,3.4475080966949463,31.149446487426758,65.42110443115234
1764144731.3574855,0.0,-0.2692937691697387,-0.2692937691697387,0.6846500512212514,0.363577715596184,0.0,0.0,4.551053524017334,62.77593994140625,65.23752212524414
1764144731.4360309,0.0,-0.2667175271189294,-0.2667175271189294,0.7,0.3876161570753901,0.0,0.0,5.00511360168457,50.960750579833984,68.04203987121582
1764144731.5091531,0.0,-0.2639633067274808,-0.2639633067274808,0.7,0.40644106968305993,0.0,0.0,5.358838081359863,54.01256561279297,62.82162666320801
1764144731.5852122,0.0,-0.26131948681531997,-0.26131948681531997,0.7,0.3791788215842097,0.0,0.0,4.325832366943359,91.4861831665039,65.61517715454102
1764144731.6585236,0.0,-0.25849654847517706,-0.25849654847517706,0.6299999999999999,0.314209498008713,0.0,0.0,4.3531694412231445,54.71091079711914,62.99734115600586
1764144731.733665,0.0,-0.25569697591164103,-0.25569697591164103,0.6509215003997086,0.244209498008713,0.0,0.0,3.4416534900665283,57.026180267333984,64.50700759887695
1764144731.8106928,0.0,-0.25276329686213345,-0.25276329686213345,0.6434448558092116,0.24314220268744963,0.0,0.0,4.422782897949219,43.838165283203125,66.59579277038574
1764144731.8850584,0.0,-0.24967678574937446,-0.24967678574937446,0.6152994866669177,0.1820863151969387,0.0,0.0,3.245570182800293,20.947349548339844,63.907623291015625
1764144731.9590428,0.0,-0.2466290608489692,-0.2466290608489692,0.6423594105243682,0.23200636748690145,0.0,0.0,3.173372507095337,20.793134689331055,63.64083290100098
1764144732.0398371,0.0,-0.24352349889163385,-0.24352349889163385,0.643807275565341,0.30200636748690146,0.0,0.0,9.89016342163086,37.45405578613281,70.36137580871582
1764144732.1146474,0.0,-0.2400592094298713,-0.2400592094298713,0.5764101654011755,0.3109808237152173,0.0,0.0,2.615940809249878,45.90354919433594,64.39089775085449
1764144732.193426,0.0,-0.23677793710705566,-0.23677793710705566,0.5822787572350352,0.3809808237152173,0.0,0.0,5.6940436363220215,39.76849365234375,68.267822265625
1764144732.2667415,0.0,-0.2332523964167721,-0.2332523964167721,0.6040309042390435,0.3862231001863255,0.0,0.0,7.319015979766846,70.06999969482422,62.80922889709473
1764144732.339297,0.0,-0.22990651523992373,-0.22990651523992373,0.621682601859793,0.3162231001863255,0.0,0.0,5.319985389709473,72.5670394897461,62.071800231933594
1764144732.4215531,0.0,-0.22653911634323198,-0.22653911634323198,0.6707367551233618,0.286717726276256,0.0,0.0,3.494304656982422,28.278287887573242,71.99954986572266
1764144732.4979613,0.0,-0.22263680496743904,-0.22263680496743904,0.638877029409632,0.33402303083334106,0.0,0.0,2.7761952877044678,28.66363525390625,65.88387489318848
1764144732.5923395,0.0,-0.21894783128980427,-0.21894783128980427,0.6532868033926933,0.3328696416085585,0.0,0.0,4.510280609130859,34.47333526611328,83.85372161865234
1764144732.7040892,0.0,-0.21430344369243365,-0.21430344369243365,0.6161152421217411,0.26286964160855847,0.0,0.0,3.869145393371582,27.88855743408203,100.94428062438965
1764144732.796557,0.0,-0.20868188002162816,-0.20868188002162816,0.5742520986776798,0.2714966195216401,0.0,0.0,2.920710325241089,44.49443817138672,81.88652992248535
1764144732.8855178,0.0,-0.20392347325832225,-0.20392347325832225,0.5829943817760794,0.22599528679158526,0.0,0.0,1.7208551168441772,40.87978744506836,78.23848724365234
1764144732.9612246,0.0,-0.19927903172886882,-0.19927903172886882,0.5471588995959609,0.2701681064954026,0.0,0.0,3.0936923027038574,23.036684036254883,65.23728370666504
1764144733.0391734,0.0,-0.19525239877193054,-0.19525239877193054,0.517912576785311,0.31922140294220286,0.0,0.0,3.852423906326294,38.73503875732422,67.41976737976074
1764144733.1438112,0.0,-0.1910465342620071,-0.1910465342620071,0.5834484872128813,0.2657600524416192,0.0,0.0,2.0730643272399902,73.90243530273438,94.02179718017578
1764144733.225385,0.0,-0.18531736938696336,-0.18531736938696336,0.5614602443482726,0.3357600524416192,0.0,0.0,2.9070425033569336,24.521154403686523,71.10142707824707
1764144733.3007956,0.0,-0.1807776989885117,-0.1807776989885117,0.583893840080127,0.4019105240097268,0.0,0.0,3.7793924808502197,60.63679885864258,65.08708000183105
1764144733.3730242,0.0,-0.17651824849269956,-0.17651824849269956,0.6537337497528641,0.3709132328024133,0.0,0.0,2.2422173023223877,84.61805725097656,61.72680854797363
1764144733.4482355,0.0,-0.1723959043216799,-0.1723959043216799,0.6720892813708632,0.3656480616284533,0.0,0.0,2.6781399250030518,44.04329299926758,64.85295295715332
1764144733.5432572,0.0,-0.16805633970140516,-0.16805633970140516,0.7,0.4356480616284533,0.0,0.0,3.9540860652923584,50.24645233154297,84.74373817443848
1764144733.6292267,0.0,-0.16248191141041535,-0.16248191141041535,0.7,0.39678889914881427,0.0,0.0,1.9291105270385742,91.48084259033203,75.34193992614746
1764144733.7020047,0.0,-0.1574017796938587,-0.1574017796938587,0.6299999999999999,0.3423868681443854,0.0,0.0,1.7726466655731201,34.678314208984375,62.4847412109375
1764144733.7893949,0.0,-0.15303563365687198,-0.15303563365687198,0.6208808628097175,0.307447094763629,0.0,0.0,1.439227819442749,36.42947006225586,77.02136039733887
1764144733.8633533,0.0,-0.1477384242819525,-0.1477384242819525,0.5758115296438335,0.37744709476362903,0.0,0.0,4.088083744049072,39.72766876220703,63.4768009185791
1764144733.9373875,0.0,-0.14321479827907596,-0.14321479827907596,0.6338414122536777,0.3400774113787337,0.0,0.0,2.172852039337158,112.805908203125,63.72714042663574
1764144734.0201042,0.0,-0.13863792396335264,-0.13863792396335264,0.6802195516601204,0.35587980597745617,0.0,0.0,2.6233246326446533,46.395751953125,72.39580154418945
1764144734.096248,0.0,-0.1334494776375546,-0.1334494776375546,0.7,0.30638082324992855,0.0,0.0,0.7570199370384216,23.610328674316406,65.23871421813965
1764144734.1797955,0.0,-0.12867677992771384,-0.12867677992771384,0.6299999999999999,0.36474517732392986,0.0,0.0,0.6289565563201904,23.899639129638672,73.18592071533203
1764144734.2796853,0.0,-0.12335507236937018,-0.12335507236937018,0.5984078097343444,0.40076485648285587,0.0,0.0,0.9067102670669556,41.40313720703125,89.28847312927246
1764144734.3777323,0.0,-0.11694450594031779,-0.11694450594031779,0.5855844860151409,0.4390061721159144,0.0,0.0,1.495204210281372,53.865516662597656,87.54825592041016
1764144734.4597173,0.0,-0.11057735909151155,-0.11057735909151155,0.6139980183169245,0.3690061721159144,0.0,0.0,0.6909393072128296,81.58360290527344,71.35581970214844
1764144734.5438552,0.0,-0.10521095935994906,-0.10521095935994906,0.5854520333185791,0.34937157697509963,0.0,0.0,1.111774206161499,35.091590881347656,73.60410690307617
1764144734.6234217,0.0,-0.09966067045864055,-0.09966067045864055,0.5823372927214949,0.39527816541027266,0.0,0.0,0.49160200357437134,26.156721115112305,69.1530704498291
1764144734.6973042,0.0,-0.09437065614981462,-0.09437065614981462,0.5691114495228975,0.3656725811911746,0.0,0.0,0.9530653357505798,48.45620346069336,63.582420349121094
1764144734.7674694,0.0,-0.08941899507959566,-0.08941899507959566,0.4991114495228975,0.36167330044787366,0.0,0.0,1.205710530281067,61.25706481933594,59.82232093811035
1764144734.8442223,0.0,-0.08468362303925864,-0.08468362303925864,0.4291114495228975,0.29167330044787365,0.0,0.0,0.8459274172782898,49.234710693359375,66.30277633666992
1764144734.9215493,0.0,-0.0794779200999879,-0.0794779200999879,0.4189868378546088,0.2619754240242763,0.0,0.0,2.691988468170166,87.28723907470703,66.78605079650879
1764144734.9936142,0.0,-0.0742063850280775,-0.0742063850280775,0.4498681533243506,0.2700508131040259,0.0,0.0,1.2227413654327393,56.50239944458008,61.738014221191406
1764144735.0889428,0.0,-0.06925862163263309,-0.06925862163263309,0.4772519446071236,0.26220434870105225,0.0,0.0,1.3855003118515015,58.32006072998047,84.95187759399414
1764144735.162616,0.0,-0.06266880949637024,-0.06266880949637024,0.540897724693641,0.33220434870105225,0.0,0.0,0.8123572468757629,36.49879837036133,63.242197036743164
1764144735.236916,0.0,-0.05755761286385193,-0.05755761286385193,0.47089772469364094,0.40220434870105226,0.0,0.0,0.3171711266040802,30.488672256469727,64.00418281555176
1764144735.3116379,0.0,-0.05235873105181748,-0.05235873105181748,0.5323759185429662,0.33220434870105225,0.0,0.0,2.0455195903778076,183.24087524414062,64.23211097717285
1764144735.3848794,0.0,-0.04711827321851653,-0.04711827321851653,0.5202736648079007,0.28896606649737794,0.0,0.0,0.7077739238739014,63.95576095581055,62.73388862609863
1764144735.4626274,0.0,-0.04195233930234776,-0.04195233930234776,0.5902736648079008,0.35896606649737794,0.0,0.0,0.3478613495826721,42.50563049316406,67.27480888366699
1764144735.5372686,0.0,-0.03644796583386879,-0.03644796583386879,0.6149286939855665,0.42896606649737795,0.0,0.0,2.16206955909729,34.73505783081055,64.13149833679199
1764144735.6332424,0.0,-0.031141977333042664,-0.031141977333042664,0.6282712309714407,0.4941377478418871,0.0,0.0,0.5744544267654419,19.718711853027344,85.49213409423828
1764144735.7125225,0.0,-0.0242896526533826,-0.0242896526533826,0.5930332257505506,0.5236413708655163,0.0,0.0,0.6204829812049866,54.79473114013672,68.97497177124023
1764144735.8049645,0.0,-0.018598979883225196,-0.018598979883225196,0.6630332257505507,0.49771182301919903,0.0,0.0,1.6865078210830688,75.12908935546875,82.11684226989746
1764144735.905031,0.0,-0.011922468696662431,-0.011922468696662431,0.6602330458723009,0.5677118230191991,0.0,0.0,0.47293516993522644,21.966537475585938,89.43414688110352
1764144736.0103045,0.0,-0.004678667033256624,-0.004678667033256624,0.6940882643125952,0.5564182078046724,0.0,0.0,0.8298977613449097,48.20790100097656,94.66743469238281
1764144736.112717,0.0,0.0029660770220577993,0.0029660770220577993,0.7,0.5370630392385647,0.0,0.0,0.8310506939888,28.926593780517578,91.80259704589844
1764144736.1884694,0.0,0.010434623089207841,0.010434623089207841,0.7,0.51692456133198,0.0,0.0,0.3359653055667877,21.638919830322266,65.22011756896973
1764144736.2654717,0.0,0.015974831855593605,0.015974831855593605,0.7,0.5185946590313688,0.0,0.0,1.4255881309509277,31.601791381835938,66.56455993652344
1764144736.3413284,0.0,0.021620521520167288,0.021620521520167288,0.7,0.5802009544381872,0.0,0.0,0.47742071747779846,12.014760971069336,65.52362442016602
1764144736.417509,0.0,0.02719598027954517,0.02719598027954517,0.6483588449656963,0.5229119761893526,0.0,0.0,0.5325483679771423,24.515907287597656,65.84811210632324
1764144736.5093763,0.0,0.03281318749703911,0.03281318749703911,0.6961768947541713,0.5819671108433977,0.0,0.0,0.3547235131263733,15.43646240234375,81.38537406921387
1764144736.5936873,0.0,0.03959626618596249,0.03959626618596249,0.7,0.5908600716898218,0.0,0.0,0.4319082796573639,45.556785583496094,73.883056640625
1764144736.668638,0.0,0.045828361806526496,0.045828361806526496,0.7,0.6552073388407007,0.0,0.0,0.40009772777557373,20.238357543945312,64.60165977478027
1764144736.7432566,0.0,0.05137901704057029,0.05137901704057029,0.7,0.629502155915834,0.0,0.0,0.7223001718521118,16.907569885253906,64.09239768981934
1764144736.8173459,0.0,0.056905840989712964,0.056905840989712964,0.6974895459599793,0.6601720816502348,0.0,0.0,0.75450599193573,16.236881256103516,63.79985809326172
1764144736.8945339,0.0,0.062412536048312955,0.062412536048312955,0.7,0.7,0.0,0.0,0.5043894052505493,16.734333038330078,66.68281555175781
1764144736.973236,0.0,0.06814545857432674,0.06814545857432674,0.7,0.7,0.0,0.0,0.46669313311576843,26.63809585571289,68.26353073120117
1764144737.0717423,0.0,0.07400469935730304,0.07400469935730304,0.6727918971329927,0.7,0.0,0.0,0.9389966130256653,39.42209243774414,87.84914016723633
1764144737.168042,0.0,0.08132611178579614,0.08132611178579614,0.6589180573821067,0.6652599282562732,0.0,0.0,0.6548038125038147,17.702529907226562,85.76750755310059
1764144737.2413435,0.0,0.08848916798113408,0.08848916798113408,0.6258573204278945,0.667665517469868,0.0,0.0,1.3108025789260864,24.514720916748047,62.851667404174805
1764144737.3156583,0.0,0.0939404434606712,0.0939404434606712,0.6409521119669079,0.7,0.0,0.0,0.551393449306488,33.33329772949219,63.85207176208496
1764144737.3930726,0.0,0.09946650047874617,0.09946650047874617,0.6589453237131238,0.6320886209607124,0.0,0.0,0.8148008584976196,37.41480255126953,66.90740585327148
1764144737.4675617,0.0,0.10522306313522511,0.10522306313522511,0.7,0.6470644993707537,0.0,0.0,0.8891476988792419,18.179964065551758,63.9805793762207
1764144737.5404544,0.0,0.11075786588415211,0.11075786588415211,0.7,0.5770644993707537,0.0,0.0,0.9652549624443054,21.64836883544922,62.35456466674805
1764144737.618486,0.0,0.11616256444069792,0.11616256444069792,0.6589358866214752,0.6255082302913069,0.0,0.0,1.479766845703125,16.57320785522461,67.75116920471191
1764144737.7072487,0.0,0.1219621644794949,0.1219621644794949,0.5955083787441253,0.6393638598918914,0.0,0.0,1.5070946216583252,16.91312026977539,78.21345329284668
1764144737.782805,0.0,0.12853635515174322,0.12853635515174322,0.6291845299303531,0.6715590479969977,0.0,0.0,1.0912867784500122,15.843704223632812,65.07039070129395
1764144737.8591132,0.0,0.13412400311780595,0.13412400311780595,0.6476330000907182,0.7,0.0,0.0,1.5812723636627197,17.871845245361328,65.93585014343262
1764144737.9368515,0.0,0.13976662820868752,0.13976662820868752,0.6808536861091852,0.68556524887681,0.0,0.0,1.8476221561431885,16.893306732177734,67.22235679626465
1764144738.012051,0.0,0.1454910538138836,0.1454910538138836,0.6541677478700876,0.6887424006592482,0.0,0.0,2.49531888961792,14.220060348510742,64.91255760192871
1764144738.086573,0.0,0.1510358257707946,0.1510358257707946,0.5915920574218034,0.7,0.0,0.0,1.2847204208374023,20.608722686767578,64.01515007019043
1764144738.159355,0.0,0.1565146256732995,0.1565146256732995,0.605107682570815,0.7,0.0,0.0,2.32775616645813,27.199974060058594,62.16716766357422
1764144738.254317,0.0,0.16184651628615274,0.16184651628615274,0.569337135925889,0.7,0.0,0.0,1.5032685995101929,27.526165008544922,84.43522453308105
1764144738.3490348,0.0,0.1688031293587377,0.1688031293587377,0.6263470005244016,0.7,0.0,0.0,2.647113084793091,28.040884017944336,83.98985862731934
1764144738.422461,0.0,0.17568909515594056,0.17568909515594056,0.5563470005244016,0.7,0.0,0.0,2.4885804653167725,24.71153450012207,63.034772872924805
1764144738.494852,0.0,0.18101660894840815,0.18101660894840815,0.48634700052440155,0.7,0.0,0.0,1.7815852165222168,30.514015197753906,62.08372116088867
1764144738.5906055,0.0,0.186260350982532,0.186260350982532,0.4651868878304957,0.7,0.0,0.0,2.1305243968963623,73.87223052978516,85.42418479919434
1764144738.6965268,0.0,0.19318183866648087,0.19318183866648087,0.49573039211332787,0.6641150683164596,0.0,0.0,1.2269172668457031,65.82124328613281,95.29614448547363
1764144738.7726235,0.0,0.2007867127409455,0.2007867127409455,0.42573039211332786,0.6151550605893135,0.0,0.0,2.6271369457244873,31.48061180114746,65.47403335571289
1764144738.851073,0.0,0.2062176119814084,0.2062176119814084,0.4469643065333365,0.6851550605893135,0.0,0.0,4.252580165863037,74.06976318359375,67.91400909423828
1764144738.9267542,0.0,0.2118021784491438,0.2118021784491438,0.42520370125770557,0.6151550605893135,0.0,0.0,4.4829936027526855,141.0420379638672,65.2475357055664
1764144739.0009897,0.0,0.21716171258852146,0.21716171258852146,0.462240101546049,0.6059842871502041,0.0,0.0,3.5432422161102295,81.78221893310547,63.92335891723633
1764144739.0911107,0.0,0.2224022810678313,0.2224022810678313,0.427633667141199,0.6759842871502042,0.0,0.0,3.9182586669921875,43.97233963012695,79.76365089416504
1764144739.1674986,0.0,0.22873519359139205,0.22873519359139205,0.438982368223369,0.7,0.0,0.0,2.921761989593506,42.8985710144043,65.86623191833496
1764144739.2444396,0.0,0.23406981078701003,0.23406981078701003,0.3777265146002172,0.7,0.0,0.0,2.1231212615966797,117.06253051757812,66.42031669616699
1764144739.315971,0.0,0.23940692444421696,0.23940692444421696,0.38240772929042566,0.7,0.0,0.0,1.4817122220993042,118.46946716308594,61.228275299072266
1764144739.3915615,0.0,0.24435147323206063,0.24435147323206063,0.3558416336402296,0.7,0.0,0.0,2.3507633209228516,98.73556518554688,65.28592109680176
1764144739.4769428,0.0,0.249545125541736,0.249545125541736,0.3182780563458799,0.6986752106342464,0.0,0.0,2.1275792121887207,150.7059326171875,75.09207725524902
1764144739.570384,0.0,0.2553902209040291,0.2553902209040291,0.2900237112864851,0.7,0.0,0.0,2.8690574169158936,192.637451171875,82.81135559082031
1764144739.6461675,0.0,0.26171831495294096,0.26171831495294096,0.2548029392585157,0.6299999999999999,0.0,0.0,2.0963735580444336,238.0501251220703,65.38558006286621
1764144739.7192068,0.0,0.26681871391566014,0.26681871391566014,0.2961438417062162,0.5982653062045573,0.0,0.0,2.7848265171051025,294.1869812011719,62.72554397583008
1764144739.8335946,0.0,0.2717090563121296,0.2717090563121296,0.3021343832463025,0.6682653062045574,0.0,0.0,2.9823548793792725,181.60076904296875,103.95503044128418
1764144739.910911,0.0,0.27929354592161315,0.27929354592161315,0.30986834481358516,0.6834383819252252,0.0,0.0,2.7092480659484863,131.926025390625,66.94936752319336
1764144739.9972928,0.0,0.2843755108518598,0.2843755108518598,0.34764934867620456,0.7,0.0,0.0,2.260058641433716,100.74363708496094,76.05314254760742
1764144740.069185,0.0,0.2900259361054752,0.2900259361054752,0.33192907623946655,0.644916982203722,0.0,0.0,3.3018739223480225,165.46034240722656,61.188697814941406
1764144740.1455216,0.0,0.29466221156556766,0.29466221156556766,0.30368596665561187,0.5749169822037219,0.0,0.0,3.9144299030303955,79.22889709472656,65.84310531616211
1764144740.2260792,0.0,0.2995553288275157,0.2995553288275157,0.33045010432600963,0.6038823268562554,0.0,0.0,4.851012706756592,85.49102783203125,70.17755508422852
1764144740.3139257,0.0,0.3046823211796609,0.3046823211796609,0.36537616491317737,0.6473821989446877,0.0,0.0,7.962908744812012,76.32791900634766,77.4071216583252
1764144740.3878345,0.0,0.3102151827306345,0.3102151827306345,0.29537616491317736,0.7,0.0,0.0,5.530594825744629,49.014686584472656,63.507080078125
1764144740.4646883,0.0,0.3148310028785136,0.3148310028785136,0.2931010816991328,0.634598408639431,0.0,0.0,5.65785026550293,68.85187530517578,66.34855270385742
1764144740.5381446,0.0,0.3195774496570252,0.3195774496570252,0.2657290399819611,0.7,0.0,0.0,5.391769886016846,73.43392944335938,63.06624412536621
1764144740.6185842,0.0,0.32407931608510887,0.32407931608510887,0.2561585689708589,0.7,0.0,0.0,5.869811058044434,112.16850280761719,70.08123397827148
1764144740.6920183,0.0,0.3289570862712882,0.3289570862712882,0.27848542023450124,0.7,0.0,0.0,6.388888359069824,89.27458953857422,62.91389465332031
1764144740.7687862,0.0,0.33336571935268955,0.33336571935268955,0.22658684764057385,0.7,0.0,0.0,5.86373233795166,110.98799896240234,66.2541389465332
1764144740.8450215,0.0,0.337919695786544,0.337919695786544,0.23354743940755712,0.7,0.0,0.0,5.2715325355529785,112.65398406982422,65.78755378723145
1764144740.918345,0.0,0.34239238089161406,0.34239238089161406,0.2555090427212416,0.6511152617633342,0.0,0.0,5.481749057769775,95.72944641113281,63.00067901611328
1764144740.9939046,0.0,0.34665153265552184,0.34665153265552184,0.2985201194696127,0.6266310837119817,0.0,0.0,5.9791364669799805,67.39974212646484,65.17529487609863
1764144741.0718863,0.0,0.35099602600852325,0.35099602600852325,0.24403142331168043,0.6966310837119818,0.0,0.0,7.412649154663086,59.579559326171875,67.42644309997559
1764144741.1455376,0.0,0.3554132300833748,0.3554132300833748,0.18142351655289518,0.6266310837119817,0.0,0.0,7.710353851318359,80.24732208251953,63.23409080505371
1764144741.2219017,0.0,0.35953716057189183,0.35953716057189183,0.23386228604242193,0.6966310837119818,0.0,0.0,8.250924110412598,101.8510513305664,66.00666046142578
1764144741.3196256,0.0,0.3637655824847093,0.3637655824847093,0.18553115202113973,0.7,0.0,0.0,7.474899768829346,85.33788299560547,87.1419906616211
1764144741.4096627,0.0,0.36909268114132676,0.36909268114132676,0.18405654475092875,0.7,0.0,0.0,6.5488481521606445,91.81344604492188,79.5283317565918
1764144741.5036452,0.0,0.37392103961836715,0.37392103961836715,0.235575923770666,0.7,0.0,0.0,10.514791488647461,146.53680419921875,83.27007293701172
1764144741.6003444,0.0,0.3788564805616271,0.3788564805616271,0.165575923770666,0.7,0.0,0.0,10.524956703186035,79.1460952758789,86.25459671020508
1764144741.687383,0.0,0.3838528023483848,0.3838528023483848,0.15632869247347103,0.6299999999999999,0.0,0.0,8.0359525680542,117.81265258789062,76.57027244567871
1764144741.7936919,0.0,0.3882700553539536,0.3882700553539536,0.21494692508131252,0.6681138883531093,0.0,0.0,8.818544387817383,117.0720443725586,95.66044807434082
1764144741.8684072,0.0,0.39354511922872415,0.39354511922872415,0.2314151911064981,0.6997911009192466,0.0,0.0,12.285970687866211,60.36383056640625,64.2240047454834
1764144741.9429102,0.0,0.3971809727773698,0.3971809727773698,0.20327297169715153,0.7,0.0,0.0,10.212796211242676,95.04629516601562,63.88711929321289
1764144742.0161586,0.0,0.40074093830904656,0.40074093830904656,0.19994565066881465,0.7,0.0,0.0,9.78728199005127,112.954345703125,62.89839744567871
1764144742.091597,0.0,0.4041818130501346,0.4041818130501346,0.26182655957527445,0.6566735848784446,0.0,0.0,11.34770679473877,91.19187927246094,65.1707649230957
1764144742.1874964,0.0,0.40767508743188235,0.40767508743188235,0.33182655957527446,0.7,0.0,0.0,11.718019485473633,56.000732421875,85.11924743652344
1764144742.2652552,0.0,0.4120039237279319,0.4120039237279319,0.3357129293307661,0.6839600287377834,0.0,0.0,15.042649269104004,47.34356689453125,67.13986396789551
1764144742.3394146,0.0,0.41542581440565163,0.41542581440565163,0.27029545333236443,0.7,0.0,0.0,18.488725662231445,45.08655548095703,63.89212608337402
1764144742.4143598,0.0,0.4186317278946189,0.4186317278946189,0.20029545333236443,0.7,0.0,0.0,13.667851448059082,36.047515869140625,64.60118293762207
1764144742.4885046,0.0,0.42180485700662307,0.42180485700662307,0.19236823208630072,0.6366368800401687,0.0,0.0,13.875799179077148,64.05975341796875,63.66229057312012
1764144742.5712225,0.0,0.4248713370409727,0.4248713370409727,0.2623682320863007,0.7,0.0,0.0,15.415912628173828,57.807044982910156,72.33285903930664
1764144742.669487,0.0,0.4282149429146793,0.4282149429146793,0.19236823208630072,0.7,0.0,0.0,13.498069763183594,46.94439697265625,87.73541450500488
1764144742.7643266,0.0,0.43207299147893374,0.43207299147893374,0.12236823208630071,0.7,0.0,0.0,13.903777122497559,57.586585998535156,84.20395851135254
1764144742.836335,0.0,0.4356672340239866,0.4356672340239866,0.0523682320863007,0.6399758391082286,0.0,0.0,12.554191589355469,64.04663848876953,61.72990798950195
1764144742.915555,0.0,0.43832293609965756,0.43832293609965756,0.06212907847017035,0.6729002639651298,0.0,0.0,13.683450698852539,101.5024642944336,68.89843940734863
1764144742.9907527,0.0,0.44116472431999015,0.44116472431999015,0.13212907847017036,0.7,0.0,0.0,13.357062339782715,127.18515014648438,64.84818458557129
1764144743.064015,0.0,0.4437864919263623,0.4437864919263623,0.06212907847017035,0.7,0.0,0.0,11.840471267700195,82.27520751953125,62.70003318786621
1764144743.1441145,0.0,0.44626423294149703,0.44626423294149703,0.13212907847017036,0.6524997547268867,0.0,0.0,12.275737762451172,98.56120300292969,69.45061683654785
1764144743.2264423,0.0,0.4488785947560415,0.4488785947560415,0.06212907847017035,0.6742755573242902,0.0,0.0,11.966732025146484,52.67964172363281,72.00312614440918
1764144743.3164055,0.0,0.4514808996979544,0.4514808996979544,0.1292225774750112,0.7,0.0,0.0,13.330789566040039,97.38189697265625,79.49280738830566
1764144743.423024,0.0,0.45421667562517465,0.45421667562517465,0.07131779383867964,0.6299999999999999,0.0,0.0,12.850128173828125,118.56008911132812,95.82066535949707
1764144743.518143,0.0,0.4572961377582818,0.4572961377582818,0.038008315525948855,0.6555182813853024,0.0,0.0,11.821798324584961,136.6615447998047,84.48433876037598
1764144743.5916455,0.0,0.4598991379701788,0.4598991379701788,0.0,0.5855182813853024,0.0,0.0,13.131183624267578,149.69195556640625,63.17567825317383
1764144743.6706228,0.0,0.46182297355748064,0.46182297355748064,0.0,0.5364063898473976,0.0,0.0,12.983734130859375,105.62456512451172,68.49265098571777
1764144743.7466035,0.0,0.46379836443756006,0.46379836443756006,0.0,0.5225591477379201,0.0,0.0,13.155828475952148,79.2319107055664,65.48404693603516
1764144743.8249297,0.0,0.4656048780274365,0.4656048780274365,0.0,0.5129699506238101,0.0,0.0,12.488319396972656,63.10523986816406,68.02797317504883
1764144743.923384,0.0,0.4673800828147983,0.4673800828147983,0.0,0.5829699506238102,0.0,0.0,11.721875190734863,74.16545867919922,87.84246444702148
1764144744.0156999,0.0,0.469469209171989,0.469469209171989,0.028991829603910446,0.6379016992822288,0.0,0.0,11.976061820983887,72.408447265625,81.66217803955078
1764144744.092357,0.0,0.4712848276462686,0.4712848276462686,0.0,0.6314043692499398,0.0,0.0,9.781403541564941,94.31268310546875,66.2076473236084
1764144744.1661375,0.0,0.47268867782958596,0.47268867782958596,0.037881188094615936,0.6395912450924515,0.0,0.0,10.434795379638672,123.78939819335938,63.42267990112305
1764144744.2531524,0.0,0.47395170964742767,0.47395170964742767,0.0,0.5815315974131225,0.0,0.0,11.958943367004395,130.9100799560547,76.62773132324219
1764144744.3459413,0.0,0.47533124481858047,0.47533124481858047,0.0,0.5608994924649595,0.0,0.0,11.54359245300293,110.0870590209961,82.13472366333008
1764144744.436627,0.0,0.47666742346212243,0.47666742346212243,0.0,0.6009575725719332,0.0,0.0,13.234354972839355,82.01103210449219,80.08265495300293
1764144744.5149863,0.0,0.47784208839254516,0.47784208839254516,0.0,0.6157034171000122,0.0,0.0,9.929165840148926,73.20643615722656,67.95287132263184
1764144744.5883076,0.0,0.4787586272350802,0.4787586272350802,0.03130859136581421,0.6209063219092785,0.0,0.0,11.636364936828613,102.45645141601562,62.83450126647949
1764144744.6753302,0.0,0.4795308282145934,0.4795308282145934,0.028822762658819556,0.5684566410444676,0.0,0.0,13.071918487548828,77.1846923828125,76.51996612548828
1764144744.749572,0.0,0.4803426956386109,0.4803426956386109,0.014442891580983996,0.6384566410444676,0.0,0.0,12.413751602172852,73.2618408203125,63.77220153808594
1764144744.829371,0.0,0.4809469364898497,0.4809469364898497,0.0,0.603403406497091,0.0,0.0,13.26784610748291,114.29673767089844,69.30303573608398
1764144744.9122155,0.0,0.4815056670329276,0.4815056670329276,0.07,0.533403406497091,0.0,0.0,12.7792387008667,132.3267822265625,72.59082794189453
1764144744.9853694,0.0,0.4819905264538539,0.4819905264538539,0.03624403074383736,0.5532457666657864,0.0,0.0,12.62035846710205,58.288856506347656,62.729835510253906
1764144745.0628738,0.0,0.48233666107379,0.48233666107379,0.0,0.5159712197445332,0.0,0.0,12.017669677734375,73.91612243652344,67.05760955810547
1764144745.1414895,0.0,0.4826215045472157,0.4826215045472157,0.0,0.5573450053296982,0.0,0.0,13.483859062194824,56.08741760253906,68.27068328857422
1764144745.2364058,0.0,0.4828256175464687,0.4828256175464687,0.0,0.6273450053296983,0.0,0.0,10.508173942565918,65.60746002197266,84.63835716247559
1764144745.3288167,0.0,0.4829600005337297,0.4829600005337297,0.0009988477686420083,0.6047996434383094,0.0,0.0,9.457733154296875,91.46878814697266,81.67004585266113
1764144745.4062715,0.0,0.4829743098811688,0.4829743098811688,0.0,0.6197165281511843,0.0,0.0,9.986536026000977,98.57787322998047,67.01374053955078
1764144745.5038607,0.0,0.4828993353611442,0.4828993353611442,0.07,0.6897165281511843,0.0,0.0,10.486425399780273,133.6136016845703,87.04257011413574
1764144745.575751,0.0,0.482694203906909,0.482694203906909,0.07279623782262207,0.6197165281511843,0.0,0.0,9.623385429382324,169.4857635498047,61.548709869384766
1764144745.6522279,0.0,0.48246473165330794,0.48246473165330794,0.14279623782262207,0.6897165281511843,0.0,0.0,11.88161849975586,104.96427917480469,66.0402774810791
1764144745.729518,0.0,0.4821493509171256,0.4821493509171256,0.10904999529942871,0.6207147044874728,0.0,0.0,11.024496078491211,69.08078002929688,66.83731079101562
1764144745.8140838,0.0,0.48175685358756437,0.48175685358756437,0.11284010867588223,0.6907147044874729,0.0,0.0,10.989041328430176,80.22132873535156,74.1267204284668
1764144745.899363,0.0,0.481243346719573,0.481243346719573,0.15796003128401936,0.6207147044874728,0.0,0.0,10.379240036010742,73.28620910644531,74.79977607727051
1764144745.9774683,0.0,0.4806387493259386,0.4806387493259386,0.08796003128401936,0.6907147044874729,0.0,0.0,8.672389030456543,87.87889099121094,67.65508651733398
1764144746.0668054,0.0,0.4800048302608913,0.4800048302608913,0.15796003128401936,0.6699282812513412,0.0,0.0,10.5733003616333,108.68698120117188,78.399658203125
1764144746.1456804,0.0,0.4792026266877924,0.4792026266877924,0.08796003128401936,0.6840265893004835,0.0,0.0,9.10216999053955,61.919918060302734,68.48716735839844
1764144746.2190268,0.0,0.47841494252888456,0.47841494252888456,0.0752557724993676,0.7,0.0,0.0,9.67750358581543,91.9613037109375,63.02642822265625
1764144746.2923615,0.0,0.4776186499669218,0.4776186499669218,0.005255772499367595,0.6299999999999999,0.0,0.0,8.613557815551758,90.2415771484375,62.959909439086914
1764144746.369711,0.0,0.4767633090499319,0.4767633090499319,0.0,0.5971509973704814,0.0,0.0,9.009126663208008,106.90423583984375,66.90549850463867
1764144746.4441485,0.0,0.47579902410873887,0.47579902410873887,0.0,0.6068660180270671,0.0,0.0,9.270158767700195,92.62422180175781,64.14914131164551
1764144746.5213308,0.0,0.47480966090978716,0.47480966090978716,0.03926059976220131,0.5935537592694162,0.0,0.0,8.359147071838379,125.01265716552734,66.88117980957031
1764144746.5955546,0.0,0.4737202784819581,0.4737202784819581,0.02129887416958809,0.6635537592694163,0.0,0.0,8.243882179260254,76.80906677246094,63.666582107543945
1764144746.6939101,0.0,0.4726155963326048,0.4726155963326048,0.0,0.676734148338437,0.0,0.0,7.84132719039917,119.87973022460938,87.74662017822266
1764144746.7696798,0.0,0.47106731917597183,0.47106731917597183,0.04026389494538307,0.7,0.0,0.0,8.295404434204102,178.91436767578125,65.27423858642578
1764144746.8548486,0.0,0.4698094014615565,0.4698094014615565,0.038871707394719124,0.7,0.0,0.0,7.430287837982178,117.54840087890625,74.71466064453125
1764144746.940602,0.0,0.46832736341386333,0.46832736341386333,0.025959462858736515,0.6406474530696868,0.0,0.0,8.924771308898926,91.96793365478516,75.2115249633789
1764144747.0137312,0.0,0.4667663226943882,0.4667663226943882,0.09595946285873652,0.6810521826148033,0.0,0.0,8.570801734924316,150.98309326171875,62.493324279785156
1764144747.0911345,0.0,0.46538127405458785,0.46538127405458785,0.10003274695947767,0.6110521826148032,0.0,0.0,10.714118957519531,88.13810729980469,66.91145896911621
1764144747.1824265,0.0,0.4638577347215219,0.4638577347215219,0.07642462493851782,0.6567685316503047,0.0,0.0,10.740373611450195,54.293365478515625,80.60383796691895
1764144747.2794137,0.0,0.4619994052023642,0.4619994052023642,0.07661566041526385,0.6154329712688922,0.0,0.0,8.485702514648438,67.16575622558594,86.5178108215332
1764144747.356243,0.0,0.4599434970747578,0.4599434970747578,0.0547409830254037,0.6334238826483487,0.0,0.0,10.48978328704834,70.30587768554688,66.51782989501953
1764144747.431545,0.0,0.4582570618476924,0.4582570618476924,0.0,0.5886519245058297,0.0,0.0,7.75936222076416,91.01873779296875,65.02032279968262
1764144747.5036495,0.0,0.45655305264964985,0.45655305264964985,0.0,0.5709902282059192,0.0,0.0,8.373963356018066,76.65951538085938,61.57040596008301
1764144747.5896494,0.0,0.4548814045195711,0.4548814045195711,0.03092481940984726,0.5406972776353358,0.0,0.0,8.672718048095703,46.30038833618164,75.48761367797852
1764144747.6700943,0.0,0.4528354789056324,0.4528354789056324,0.0,0.5282655117288231,0.0,0.0,8.747257232666016,74.73176574707031,70.12534141540527
1764144747.7505696,0.0,0.45085933664435446,0.45085933664435446,0.03248855471611023,0.5375111690908669,0.0,0.0,8.207574844360352,61.1759033203125,69.74911689758301
1764144747.8518882,0.0,0.4488476354451845,0.4488476354451845,0.06625732406973839,0.5844007498770951,0.0,0.0,9.146592140197754,52.178157806396484,90.87276458740234
1764144747.9602015,0.0,0.44623530427843733,0.44623530427843733,0.04551731050014496,0.6090417961776255,0.0,0.0,9.809104919433594,60.561283111572266,97.62811660766602
1764144748.0620377,0.0,0.44337083317477866,0.44337083317477866,0.021433545276522636,0.6185384049266576,0.0,0.0,9.699430465698242,59.74729919433594,91.38083457946777
1764144748.1672597,0.0,0.4405957457101711,0.4405957457101711,0.052870167419314384,0.6287342059612273,0.0,0.0,9.07854175567627,70.70394897460938,94.36655044555664
1764144748.2613308,0.0,0.43766265100130103,0.43766265100130103,0.0,0.6611976931989192,0.0,0.0,8.551398277282715,75.16783142089844,83.50491523742676
1764144748.3512247,0.0,0.43497826714623483,0.43497826714623483,0.0,0.6842044658213853,0.0,0.0,8.028406143188477,113.22039031982422,79.29468154907227
1764144748.425133,0.0,0.4323671139181561,0.4323671139181561,0.0,0.7,0.0,0.0,8.17149543762207,130.41844177246094,63.57288360595703
1764144748.5040894,0.0,0.4301788813863382,0.4301788813863382,0.0,0.7,0.0,0.0,7.94000768661499,165.25286865234375,68.52364540100098
1764144748.5799465,0.0,0.42780656682348966,0.42780656682348966,0.07,0.6299999999999999,0.0,0.0,13.862262725830078,175.43740844726562,65.32454490661621
1764144748.654256,0.0,0.4254978873326504,0.4254978873326504,0.05955245129764081,0.604140329286456,0.0,0.0,7.63705587387085,150.78970336914062,63.85159492492676
1764144748.72842,0.0,0.42320408201422616,0.42320408201422616,0.09955570258200169,0.6221846222132443,0.0,0.0,6.99168586730957,103.84983825683594,63.6448860168457
1764144748.809467,0.0,0.42088773093889204,0.42088773093889204,0.1695557025820017,0.6506688977777957,0.0,0.0,7.131389617919922,113.86043548583984,70.54495811462402
1764144748.883138,0.0,0.41832674602988407,0.41832674602988407,0.22650670386850835,0.6998855407536029,0.0,0.0,6.612891674041748,77.3050537109375,63.36569786071777
1764144748.9618168,0.0,0.4159680710615497,0.4159680710615497,0.15650670386850835,0.6697415384650229,0.0,0.0,6.775668144226074,59.211299896240234,68.31145286560059
1764144749.0417705,0.0,0.41342290953713984,0.41342290953713984,0.11603204689919949,0.6843551351875066,0.0,0.0,5.3037190437316895,54.37678527832031,69.61917877197266
1764144749.1153123,0.0,0.4108017855544271,0.4108017855544271,0.10857002081349493,0.6474742247909306,0.0,0.0,5.320575714111328,76.53367614746094,63.03071975708008
1764144749.1915295,0.0,0.4083776406853069,0.4083776406853069,0.04799576492980123,0.7,0.0,0.0,5.1892547607421875,82.91667938232422,65.90151786804199
1764144749.2675712,0.0,0.40583175876376065,0.40583175876376065,0.06008917389437557,0.650667779892683,0.0,0.0,7.660384654998779,119.70695495605469,65.47832489013672
1764144749.3538663,0.0,0.40327772560474445,0.40327772560474445,0.08151554426178337,0.6971484132111072,0.0,0.0,6.230254173278809,110.65240478515625,75.98114013671875
1764144749.432569,0.0,0.4003476525463134,0.4003476525463134,0.029652496036142117,0.6465836584568023,0.0,0.0,4.68709659576416,86.25850677490234,68.30430030822754
1764144749.509694,0.0,0.39765197451874135,0.39765197451874135,0.0,0.6540970856323838,0.0,0.0,4.383275032043457,63.48419189453125,66.54071807861328
1764144749.5818808,0.0,0.39499084973459686,0.39499084973459686,0.0,0.6968527415767312,0.0,0.0,4.32667875289917,105.16986846923828,61.678171157836914
1764144749.6556113,0.0,0.39248539218150574,0.39248539218150574,0.008248860947787762,0.6682266572490334,0.0,0.0,4.0707902908325195,123.7141342163086,63.33732604980469
1764144749.7307806,0.0,0.38990752614754426,0.38990752614754426,0.0585288917645812,0.5982266572490333,0.0,0.0,5.634705543518066,136.74603271484375,64.62764739990234
1764144749.8141775,0.0,0.3872666563549447,0.3872666563549447,0.05084544513374567,0.5282266572490333,0.0,0.0,4.964315891265869,102.82440185546875,72.97945022583008
1764144749.9180393,0.0,0.3843166362420536,0.3843166362420536,0.029407518915832043,0.5938019588962196,0.0,0.0,4.580787181854248,42.667701721191406,93.34564208984375
1764144750.0124981,0.0,0.3806212510083274,0.3806212510083274,0.0,0.6294554718211292,0.0,0.0,3.855921506881714,50.08191680908203,84.00273323059082
1764144750.112973,0.0,0.37723609590310303,0.37723609590310303,0.016114670783281326,0.5594554718211291,0.0,0.0,4.2331719398498535,92.41488647460938,89.64943885803223
1764144750.2082617,0.0,0.3736198756751027,0.3736198756751027,0.0,0.5174079414084551,0.0,0.0,4.940608978271484,116.7339859008789,84.63215827941895
1764144750.2992563,0.0,0.37017760381849024,0.37017760381849024,0.07,0.4904243282601235,0.0,0.0,4.449704647064209,66.51351928710938,80.42430877685547
1764144750.3746128,0.0,0.3668803996622896,0.3668803996622896,0.08761298067867757,0.5555032945796845,0.0,0.0,4.679269790649414,31.68309783935547,65.00363349914551
1764144750.4480836,0.0,0.3641380460286975,0.3641380460286975,0.07002748891711236,0.5797369058802722,0.0,0.0,4.876012325286865,51.592098236083984,63.12131881713867
1764144750.5293403,0.0,0.36145514894125175,0.36145514894125175,2.7488917112350464e-05,0.553446166925132,0.0,0.0,3.7671852111816406,92.75485229492188,70.74642181396484
1764144750.6195645,0.0,0.35848236739301037,0.35848236739301037,0.0,0.5911007046326993,0.0,0.0,3.611201524734497,61.23964309692383,79.559326171875
1764144750.7047756,0.0,0.3551859000560089,0.3551859000560089,0.0,0.5289565220102665,0.0,0.0,3.2108733654022217,76.68299865722656,74.74017143249512
1764144750.7766707,0.0,0.35206722923614003,0.35206722923614003,0.0,0.5034689668193457,0.0,0.0,3.0912747383117676,93.98372650146484,61.566829681396484
1764144750.8510642,0.0,0.3494325483731001,0.3494325483731001,0.0049681756645441055,0.4334689668193457,0.0,0.0,3.637500524520874,53.437374114990234,64.07046318054199
1764144750.9233634,0.0,0.3467040249363585,0.3467040249363585,0.0,0.40049751389771676,0.0,0.0,4.295937538146973,34.96403121948242,61.96475028991699
1764144750.9984407,0.0,0.34405321766730684,0.34405321766730684,0.004119934514164925,0.4337439193204043,0.0,0.0,4.5859761238098145,28.820526123046875,64.70847129821777
1764144751.0713222,0.0,0.3413001186046654,0.3413001186046654,0.0,0.4529697737470267,0.0,0.0,4.28671407699585,26.935672760009766,62.36982345581055
1764144751.1509292,0.0,0.3386348707188577,0.3386348707188577,0.0,0.4090775131061671,0.0,0.0,4.403816223144531,66.53401184082031,69.21744346618652
1764144751.2274127,0.0,0.3357262490854675,0.3357262490854675,0.009804930537939072,0.44033897209912515,0.0,0.0,4.819528579711914,57.12248992919922,66.1613941192627
1764144751.3036811,0.0,0.3329253746433683,0.3329253746433683,0.0,0.4598798873648045,0.0,0.0,4.752941608428955,37.98029327392578,65.57011604309082
1764144751.399988,0.0,0.33015470014555137,0.33015470014555137,0.06855064630508423,0.48682738382369256,0.0,0.0,5.164249420166016,86.3220443725586,85.81137657165527
1764144751.4868937,0.0,0.32665660761944226,0.32665660761944226,0.05958604998886585,0.46214406479150033,0.0,0.0,4.117312431335449,55.41059494018555,76.4620304107666
1764144751.5856335,0.0,0.32350821709225036,0.32350821709225036,0.022517165169119835,0.409899289794266,0.0,0.0,4.538418292999268,79.39266967773438,88.0582332611084
1764144751.6804872,0.0,0.3199508462560531,0.3199508462560531,0.005893481895327568,0.3409229992702601,0.0,0.0,4.200905799865723,46.00835418701172,84.20777320861816
1764144751.761329,0.0,0.3165572117972553,0.3165572117972553,0.0,0.2838202967122195,0.0,0.0,3.7445671558380127,27.205469131469727,70.52731513977051
1764144751.83468,0.0,0.3136702521790462,0.3136702521790462,0.0,0.3538202967122195,0.0,0.0,4.372736930847168,25.805011749267578,62.84141540527344
1764144751.9133232,0.0,0.3110700273745448,0.3110700273745448,0.025126906111836433,0.3738110594078896,0.0,0.0,3.891974687576294,48.486610412597656,68.32766532897949
1764144751.9983118,0.0,0.3082869261512332,0.3082869261512332,0.004907481372356415,0.3702273282781241,0.0,0.0,4.3516926765441895,47.691917419433594,74.36823844909668
1764144752.0723999,0.0,0.30530852143397086,0.30530852143397086,0.0,0.38561973512172676,0.0,0.0,3.6301121711730957,44.47700500488281,63.63511085510254
1764144752.1487522,0.0,0.30272480101865507,0.30272480101865507,0.021278344094753265,0.34430284216999985,0.0,0.0,3.4244093894958496,61.10171890258789,65.86003303527832
1764144752.225684,0.0,0.3000821811345393,0.3000821811345393,0.0,0.35405428685247875,0.0,0.0,3.7104010581970215,28.42278289794922,66.54810905456543
1764144752.2986898,0.0,0.2974373036987882,0.2974373036987882,0.0,0.3728725870698688,0.0,0.0,3.39571213722229,25.144367218017578,62.694549560546875
1764144752.3804483,0.0,0.29494054118753676,0.29494054118753676,0.0,0.3388285709172485,0.0,0.0,3.960308790206909,96.36431884765625,71.17629051208496
1764144752.4777653,0.0,0.2921729408617437,0.2921729408617437,0.0,0.3593497087806461,0.0,0.0,3.5227670669555664,28.984573364257812,86.67397499084473
1764144752.5551324,0.0,0.28891245824851747,0.28891245824851747,0.004262939095497131,0.38242623560130573,0.0,0.0,3.3217098712921143,65.67568969726562,66.90692901611328
1764144752.6306157,0.0,0.2863454800015714,0.2863454800015714,0.00268733745906502,0.3124262356013057,0.0,0.0,2.93351674079895,143.11215209960938,64.9728775024414
1764144752.705821,0.0,0.2838664578531377,0.2838664578531377,0.005099877831526101,0.30611458847299194,0.0,0.0,3.3452441692352295,61.642677307128906,64.72325325012207
1764144752.7830184,0.0,0.281419683805662,0.281419683805662,0.0,0.3572941763140259,0.0,0.0,2.771916627883911,50.27833557128906,66.66851043701172
1764144752.8682704,0.0,0.27893499037689207,0.27893499037689207,0.0,0.37960420789197064,0.0,0.0,2.577972412109375,107.29071044921875,74.70273971557617
1764144752.9485452,0.0,0.2762270785314702,0.2762270785314702,0.0,0.30960420789197063,0.0,0.0,3.206177234649658,145.84609985351562,69.82278823852539
1764144753.03275,0.0,0.2737109119300988,0.2737109119300988,0.014989691786468029,0.318664151150733,0.0,0.0,2.5796728134155273,80.25482177734375,73.9140510559082
1764144753.105905,0.0,0.27110172196631394,0.27110172196631394,0.0362976985052228,0.29820200325921153,0.0,0.0,2.684112787246704,47.53443908691406,62.671661376953125
1764144753.18743,0.0,0.2688635780388841,0.2688635780388841,0.029494186863303185,0.3563748848624525,0.0,0.0,4.156044006347656,107.98394775390625,70.831298828125
1764144753.2630236,0.0,0.2664124585645669,0.2664124585645669,0.028941318101715297,0.37967932866886234,0.0,0.0,2.805953025817871,153.9376983642578,65.07468223571777
1764144753.3365626,0.0,0.2641701542785215,0.2641701542785215,0.052164816937875,0.3954372488893566,0.0,0.0,2.0781567096710205,89.45553588867188,63.07411193847656
1764144753.4146492,0.0,0.2620242025571601,0.2620242025571601,0.03727711708052084,0.3836112254299221,0.0,0.0,2.773705005645752,216.89273071289062,67.7642822265625
1764144753.4902089,0.0,0.25977669557090916,0.25977669557090916,0.032173223968129605,0.38422306029824516,0.0,0.0,1.945503830909729,142.41000366210938,65.12904167175293
1764144753.56601,0.0,0.2576420637699395,0.2576420637699395,0.05089695769129321,0.31422306029824515,0.0,0.0,2.1527199745178223,175.73326110839844,65.52290916442871
1764144753.6411357,0.0,0.25553235907596694,0.25553235907596694,0.0,0.3173763345996847,0.0,0.0,2.0345919132232666,78.30320739746094,64.61620330810547
1764144753.714662,0.0,0.25348500490862896,0.25348500490862896,0.0,0.3182413646439088,0.0,0.0,2.4362270832061768,90.87291717529297,63.22789192199707
1764144753.790749,0.0,0.2515151631325798,0.2515151631325798,0.0,0.29365988200996046,0.0,0.0,2.3588433265686035,96.63362884521484,65.75798988342285
1764144753.8683214,0.0,0.24951543199514145,0.24951543199514145,0.034495968371629715,0.3595212710509074,0.0,0.0,2.5835657119750977,122.34024047851562,67.15726852416992
1764144753.9497979,0.0,0.2475215243397637,0.2475215243397637,0.0044379401952028275,0.3555014928290618,0.0,0.0,2.0192134380340576,87.70227813720703,71.09355926513672
1764144754.0259333,0.0,0.24547487216857783,0.24547487216857783,0.023476457223296165,0.30296724414918547,0.0,0.0,1.9923863410949707,150.47023010253906,65.8106803894043
1764144754.104724,0.0,0.24360567184135923,0.24360567184135923,0.0,0.23296724414918546,0.0,0.0,2.3740198612213135,72.32046508789062,68.41659545898438
1764144754.201922,0.0,0.24171961178306764,0.24171961178306764,0.0,0.22524548383895282,0.0,0.0,2.427791118621826,21.04550552368164,86.74335479736328
1764144754.2940872,0.0,0.23945522261856989,0.23945522261856989,0.0009710480808280408,0.27331129895988826,0.0,0.0,3.065378189086914,39.65510940551758,81.46905899047852
1764144754.3971608,0.0,0.23738261338684066,0.23738261338684066,0.0,0.20799855577293758,0.0,0.0,2.1479523181915283,41.7862548828125,92.73958206176758
1764144754.4862707,0.0,0.23512842047732674,0.23512842047732674,0.0,0.2779985557729376,0.0,0.0,2.1000499725341797,40.478092193603516,78.41944694519043
1764144754.566123,0.0,0.2332491562740681,0.2332491562740681,0.01706182211637497,0.23046356099192028,0.0,0.0,1.7875703573226929,62.19249725341797,69.3960189819336
1764144754.6414943,0.0,0.23161099094971677,0.23161099094971677,0.0,0.20582257057074432,0.0,0.0,2.1925339698791504,32.982601165771484,65.0625228881836
1764144754.714667,0.0,0.23009927492641022,0.23009927492641022,0.009796750731766224,0.22503904844168549,0.0,0.0,2.676462411880493,23.412221908569336,62.619924545288086
1764144754.7917244,0.0,0.22867562255476961,0.22867562255476961,0.0,0.27045361916068916,0.0,0.0,2.6692402362823486,28.92334747314453,66.56980514526367
1764144754.8644497,0.0,0.22721329664707154,0.22721329664707154,0.007140642497688532,0.24867033804301147,0.0,0.0,2.7948710918426514,77.77186584472656,62.39914894104004
1764144754.9382405,0.0,0.22586745991389168,0.22586745991389168,0.003193771466612816,0.18905798191670303,0.0,0.0,2.3309061527252197,46.99165344238281,63.48299980163574
1764144755.0123215,0.0,0.22453625896409365,0.22453625896409365,0.0,0.157247094758786,0.0,0.0,3.1347532272338867,44.117095947265625,63.736677169799805
1764144755.1227534,0.0,0.2232318251980403,0.2232318251980403,0.009155885316431522,0.17828517998103027,0.0,0.0,2.8632419109344482,22.098812103271484,99.83515739440918
1764144755.2118883,0.0,0.22135233537383914,0.22135233537383914,0.0,0.22838470185641174,0.0,0.0,3.326981782913208,38.3297119140625,78.48668098449707
1764144755.2840335,0.0,0.2198927939461096,0.2198927939461096,0.014685451053082943,0.15838470185641174,0.0,0.0,2.5694847106933594,46.865928649902344,61.8438720703125
1764144755.3565466,0.0,0.21874083754801607,0.21874083754801607,0.0,0.17963064337614898,0.0,0.0,3.3296470642089844,15.607733726501465,62.15810775756836
1764144755.434999,0.0,0.21761360753047695,0.21761360753047695,0.0,0.22575758273247604,0.0,0.0,3.82170033454895,51.85902404785156,67.84367561340332
1764144755.510805,0.0,0.2164274327945169,0.2164274327945169,0.017565634101629257,0.22268585294019405,0.0,0.0,3.720111131668091,64.40142822265625,65.39034843444824
1764144755.5850894,0.0,0.21531263138683635,0.21531263138683635,0.0,0.2728273700131101,0.0,0.0,4.31694221496582,43.71664047241211,63.79389762878418
1764144755.659592,0.0,0.21425082786173694,0.21425082786173694,0.01634586788713932,0.21926639034878437,0.0,0.0,4.34949254989624,92.5781021118164,64.13483619689941
1764144755.7615047,0.0,0.21321323333163528,0.21321323333163528,0.0,0.20838408164214317,0.0,0.0,3.5318684577941895,55.074241638183594,91.57538414001465
1764144755.856524,0.0,0.21183536699098054,0.21183536699098054,0.0,0.21915647938381855,0.0,0.0,4.1620588302612305,64.50865173339844,84.31029319763184
1764144755.9296858,0.0,0.21060152387390035,0.21060152387390035,0.0,0.14915647938381854,0.0,0.0,4.1311540603637695,88.20384216308594,62.65759468078613
1764144756.0034623,0.0,0.20967853827411648,0.20967853827411648,0.0,0.21915647938381855,0.0,0.0,3.1791534423828125,16.500877380371094,63.28415870666504
1764144756.0762858,0.0,0.2087718447968604,0.2087718447968604,0.0,0.21368048145901386,0.0,0.0,3.531407356262207,109.50250244140625,62.28470802307129
1764144756.173551,0.0,0.20790149863474547,0.20790149863474547,0.0,0.20342034186702196,0.0,0.0,2.5192387104034424,93.8741226196289,86.80391311645508
1764144756.2584572,0.0,0.2067715787840097,0.2067715787840097,0.0,0.22744940120261137,0.0,0.0,2.682441473007202,107.18658447265625,74.22471046447754
1764144756.3345256,0.0,0.20582101460735497,0.20582101460735497,0.0,0.19836279276292745,0.0,0.0,4.011783599853516,101.96746063232422,65.5813217163086
1764144756.416097,0.0,0.20499170826203553,0.20499170826203553,0.019617868587374687,0.23018046367447798,0.0,0.0,3.0961334705352783,115.74235534667969,71.06804847717285
1764144756.4952834,0.0,0.20412744048579357,0.20412744048579357,0.0,0.25361049446742956,0.0,0.0,2.3885080814361572,52.911075592041016,68.69959831237793
1764144756.5710895,0.0,0.20331245910442886,0.20331245910442886,0.030448347330093384,0.22416078570764486,0.0,0.0,1.852961540222168,132.61611938476562,65.47260284423828
1764144756.648045,0.0,0.20255174560772463,0.20255174560772463,0.07246189191937447,0.20525630462449018,0.0,0.0,2.6861395835876465,139.90328979492188,66.43915176391602
1764144756.723212,0.0,0.2018015643576095,0.2018015643576095,0.06984087149612606,0.20110982182901327,0.0,0.0,3.1892247200012207,68.72073364257812,64.85486030578613
1764144756.8014977,0.0,0.2010854545721429,0.2010854545721429,0.007034198148176074,0.24250146273057882,0.0,0.0,3.054105281829834,23.729183197021484,67.7495002746582
1764144756.8834963,0.0,0.2003590568835065,0.2003590568835065,0.06681567500345409,0.2796578732458872,0.0,0.0,3.179399251937866,149.2222900390625,71.37322425842285
1764144756.9618516,0.0,0.19961986331364504,0.19961986331364504,0.018606350524351,0.3309398022620005,0.0,0.0,1.9850760698318481,75.78501892089844,67.84462928771973
1764144757.0368752,0.0,0.19893077964078051,0.19893077964078051,0.0707318305503577,0.3330665141483766,0.0,0.0,1.5800684690475464,169.16357421875,64.55206871032715
1764144757.111695,0.0,0.19828702935432838,0.19828702935432838,0.09705689805559814,0.34386598916258637,0.0,0.0,1.4834620952606201,189.05479431152344,64.37325477600098
1764144757.2055376,0.0,0.1976600673001265,0.1976600673001265,0.13737471657805145,0.324046695991419,0.0,0.0,1.5998151302337646,173.83554077148438,83.52780342102051
1764144757.2942863,0.0,0.1968918634732324,0.1968918634732324,0.18586475285701454,0.394046695991419,0.0,0.0,2.0510857105255127,140.8617706298828,78.23967933654785
1764144757.4079056,0.0,0.19618484252514132,0.19618484252514132,0.11586475285701453,0.3573260028799993,0.0,0.0,1.3175914287567139,131.72738647460938,103.0879020690918
1764144757.4949503,0.0,0.19530340120120893,0.19530340120120893,0.1542976117413491,0.31696591348852937,0.0,0.0,2.156313419342041,164.96908569335938,76.33781433105469
1764144757.5676382,0.0,0.19464858341587762,0.19464858341587762,0.1655028751771897,0.34234533840324705,0.0,0.0,1.666419506072998,62.1848258972168,62.407732009887695
1764144757.6428347,0.0,0.19410943859318008,0.19410943859318008,0.14162329870276152,0.3797679805150253,0.0,0.0,1.2863281965255737,100.13034057617188,64.71824645996094
1764144757.7181065,0.0,0.1935634661540493,0.1935634661540493,0.1591063021402806,0.36500630629714553,0.0,0.0,2.0084123611450195,245.11557006835938,64.94688987731934
1764144757.7957408,0.0,0.19302422527300164,0.19302422527300164,0.1674944237526506,0.3741322952276093,0.0,0.0,1.340566635131836,123.2628402709961,67.14296340942383
1764144757.8704693,0.0,0.19247701555189983,0.19247701555189983,0.17337801965884864,0.38745595337357347,0.0,0.0,1.7025387287139893,76.71865844726562,64.30482864379883
1764144757.945481,0.0,0.19195821168192315,0.19195821168192315,0.15930890298448502,0.3496368360659105,0.0,0.0,1.9996017217636108,181.59271240234375,64.67199325561523
1764144758.018751,0.0,0.19144393239594173,0.19144393239594173,0.20368836081586777,0.3546107323793692,0.0,0.0,2.2305498123168945,110.4383544921875,62.9880428314209
1764144758.120264,0.0,0.19094653822133525,0.19094653822133525,0.27036983526311814,0.3875144259957594,0.0,0.0,1.8667933940887451,82.41836547851562,91.14193916320801
1764144758.2123888,0.0,0.19026441499482744,0.19026441499482744,0.20036983526311813,0.3175144259957594,0.0,0.0,3.148405075073242,51.825653076171875,81.38775825500488
1764144758.3032503,0.0,0.1896552991219715,0.1896552991219715,0.1745825637038797,0.34654021162074033,0.0,0.0,1.9983220100402832,75.82757568359375,80.54876327514648
1764144758.385577,0.0,0.18905695079251567,0.18905695079251567,0.13322941622696816,0.30197578567545835,0.0,0.0,2.5919463634490967,74.76703643798828,71.93660736083984
1764144758.4610584,0.0,0.1885188961654405,0.1885188961654405,0.09214061907492577,0.312689654449932,0.0,0.0,2.052004098892212,40.055259704589844,65.18173217773438
1764144758.5328794,0.0,0.18802689360013594,0.18802689360013594,0.058516983306035386,0.3199479113472623,0.0,0.0,1.8442217111587524,59.8619384765625,61.54990196228027
1764144758.605085,0.0,0.1875586344675509,0.1875586344675509,0.0704339578654617,0.28881725847255413,0.0,0.0,2.3853681087493896,136.8623046875,61.693429946899414
1764144758.6840398,0.0,0.1870886168256426,0.1870886168256426,0.009017562856897698,0.24969365998636905,0.0,0.0,1.7799782752990723,104.78900146484375,68.51363182067871
1764144758.8052037,0.0,0.18657307395635558,0.18657307395635558,0.026917323833331452,0.26682403675746147,0.0,0.0,1.7027685642242432,79.36135864257812,110.41998863220215
1764144758.8987095,0.0,0.18578106427125288,0.18578106427125288,0.047846535583958016,0.2470690253330392,0.0,0.0,2.405665159225464,147.4013671875,82.86499977111816
1764144758.9916413,0.0,0.1851648752747352,0.1851648752747352,0.017859289785847055,0.21215640186797802,0.0,0.0,1.869608998298645,49.19680404663086,82.25250244140625
1764144759.0684483,0.0,0.1845484957870388,0.1845484957870388,0.0,0.2585899102641267,0.0,0.0,1.823009729385376,104.37504577636719,66.33830070495605
1764144759.1636539,0.0,0.1840311862673271,0.1840311862673271,0.0,0.2613591918861491,0.0,0.0,2.2982397079467773,102.81564331054688,84.50722694396973
1764144759.2564216,0.0,0.18338565049175995,0.18338565049175995,0.03885671868920326,0.19135919188614908,0.0,0.0,2.1168434619903564,51.66648864746094,82.11016654968262
1764144759.3369234,0.0,0.1827480831039133,0.1827480831039133,0.034542475361377,0.22310310204979006,0.0,0.0,1.838182806968689,28.68376922607422,70.17874717712402
1764144759.4127464,0.0,0.18218494374279046,0.18218494374279046,0.04967737616971135,0.181743670008145,0.0,0.0,2.4133358001708984,93.72630310058594,65.46473503112793
1764144759.4853117,0.0,0.18164617889661822,0.18164617889661822,0.014934678096324205,0.20806395982857767,0.0,0.0,3.340527057647705,39.35194778442383,62.20579147338867
1764144759.5575957,0.0,0.1811224949702612,0.1811224949702612,0.032667743507772684,0.22878990111406866,0.0,0.0,2.3338706493377686,28.487503051757812,61.84864044189453
1764144759.6303515,0.0,0.18059294739705375,0.18059294739705375,0.0,0.24410949715878788,0.0,0.0,1.9273356199264526,139.90176391601562,62.43276596069336
1764144759.7099607,0.0,0.1800498997294228,0.1800498997294228,0.0,0.23907919482793633,0.0,0.0,3.378833532333374,73.6422119140625,69.1828727722168
1764144759.7884912,0.0,0.17944447801431496,0.17944447801431496,0.021945899352431297,0.24378488467540566,0.0,0.0,2.5703396797180176,95.14164733886719,68.10784339904785
1764144759.8652186,0.0,0.17883518005286045,0.17883518005286045,0.010857649147510529,0.2407747320691121,0.0,0.0,1.7601690292358398,87.80546569824219,66.3759708404541
1764144759.9583962,0.0,0.17822665936172336,0.17822665936172336,0.0,0.24250268713571105,0.0,0.0,1.784736156463623,91.53502655029297,82.82256126403809
1764144760.0366104,0.0,0.17746907203645595,0.17746907203645595,0.029080193489789963,0.2796950429771093,0.0,0.0,1.7008919715881348,61.00811767578125,67.70849227905273
1764144760.107713,0.0,0.1768171645165797,0.1768171645165797,0.04069558624178171,0.29207417518831763,0.0,0.0,1.424025058746338,133.33139038085938,60.562849044799805
1764144760.1812096,0.0,0.17621030918690336,0.17621030918690336,0.03422492276877165,0.28836361794732485,0.0,0.0,1.1335384845733643,207.938232421875,62.88552284240723
1764144760.2553449,0.0,0.1755704335095321,0.1755704335095321,0.0,0.22785617514513407,0.0,0.0,1.8524030447006226,262.33245849609375,63.8427734375
1764144760.328929,0.0,0.1749068778271028,0.1749068778271028,0.008591322228312492,0.17705711080692682,0.0,0.0,0.8570112586021423,100.64496612548828,63.00759315490723
1764144760.4029841,0.0,0.1742345820482577,0.1742345820482577,0.04602677933871746,0.2127227868046609,0.0,0.0,1.268193006515503,43.535003662109375,63.715457916259766
1764144760.474292,0.0,0.17353994117934063,0.17353994117934063,0.04862964618951082,0.24364278941415224,0.0,0.0,1.251607060432434,85.98529052734375,60.99295616149902
1764144760.555648,0.0,0.17285331524330277,0.17285331524330277,0.03479472268372774,0.17364278941415223,0.0,0.0,2.2363717555999756,70.18183135986328,70.83606719970703
1764144760.6342108,0.0,0.17205064633226763,0.17205064633226763,0.030912569724023342,0.22364648192189607,0.0,0.0,2.4126877784729004,31.940685272216797,68.11857223510742
1764144760.710356,0.0,0.17125425203149106,0.17125425203149106,0.0,0.24184697068296346,0.0,0.0,1.7132867574691772,81.04509735107422,65.89055061340332
1764144760.8051322,0.0,0.17045967233505704,0.17045967233505704,0.0,0.21052572823129567,0.0,0.0,2.113467216491699,89.35942840576172,84.46359634399414
1764144760.8953454,0.0,0.16943930768200255,0.16943930768200255,0.023102128878235817,0.23788442968390855,0.0,0.0,1.8449171781539917,57.427650451660156,79.71811294555664
1764144760.9713118,0.0,0.1684369636282302,0.1684369636282302,0.05520370788872242,0.210956323361024,0.0,0.0,1.8366570472717285,72.39714813232422,65.46163558959961
1764144761.0493834,0.0,0.16756643787295386,0.16756643787295386,0.018126701936125755,0.18716892546974095,0.0,0.0,1.7962048053741455,68.79096984863281,67.51275062561035
1764144761.1328835,0.0,0.166647433248857,0.166647433248857,0.010577482637017965,0.1612144908215848,0.0,0.0,1.8570115566253662,44.38336181640625,72.94797897338867
1764144761.2172568,0.0,0.16563625403775006,0.16563625403775006,0.0,0.2312144908215848,0.0,0.0,1.4611766338348389,79.49153137207031,74.12028312683105
1764144761.3057678,0.0,0.1645791081519422,0.1645791081519422,0.02178005501627922,0.23099823542055647,0.0,0.0,1.3359402418136597,66.10220336914062,77.94594764709473
1764144761.4073935,0.0,0.16343774183348908,0.16343774183348908,0.0174311650916934,0.2827032046776728,0.0,0.0,0.9655468463897705,97.06940460205078,91.22252464294434
1764144761.4871712,0.0,0.1620774410105952,0.1620774410105952,0.0,0.22529992707190077,0.0,0.0,0.9475561380386353,148.86041259765625,69.13566589355469
1764144761.5762413,0.0,0.16097713892318974,0.16097713892318974,0.0,0.195000380874844,0.0,0.0,1.0291142463684082,81.26000213623047,78.54628562927246
1764144761.6845372,0.0,0.15970796610109103,0.15970796610109103,0.0,0.15248198121902506,0.0,0.0,1.3966703414916992,38.18947219848633,97.73945808410645
1764144761.7666183,0.0,0.15810647953706153,0.15810647953706153,0.02981550060212612,0.13396664768573802,0.0,0.0,1.61192786693573,21.781936645507812,71.33746147155762
1764144761.8429377,0.0,0.15685456876004414,0.15685456876004414,0.02057469729334116,0.14270003851619523,0.0,0.0,2.0226075649261475,13.945920944213867,65.79113006591797
1764144761.9366965,0.0,0.1556565954666395,0.1556565954666395,0.020301390235545114,0.11049691554275315,0.0,0.0,1.6915321350097656,52.09355926513672,83.42170715332031
1764144762.0282419,0.0,0.15413479536367833,0.15413479536367833,0.017107140767620876,0.1711960059043483,0.0,0.0,2.1360576152801514,13.53571891784668,80.92904090881348
1764144762.1143384,0.0,0.15260279378142477,0.15260279378142477,0.018474088195944205,0.2411960059043483,0.0,0.0,1.438430666923523,35.22552490234375,75.76990127563477
1764144762.1901696,0.0,0.15111153268840333,0.15111153268840333,0.03434427562751807,0.23548000754904908,0.0,0.0,1.587497591972351,119.10526275634766,65.18745422363281
1764144762.2944756,0.0,0.14976295325839417,0.14976295325839417,0.024713708233321086,0.2693512782652394,0.0,0.0,1.5076782703399658,86.5589599609375,93.76955032348633
1764144762.389409,0.0,0.14784613390958637,0.14784613390958637,0.056991936784470454,0.3183320172328965,0.0,0.0,1.2159827947616577,119.08744812011719,84.43522453308105
1764144762.4932823,0.0,0.14603969107050796,0.14603969107050796,0.12699193678447046,0.2603956096072213,0.0,0.0,1.5448895692825317,256.72906494140625,93.20664405822754
1764144762.5714414,0.0,0.143999792771558,0.143999792771558,0.10945031962939539,0.22442863585543793,0.0,0.0,1.2872971296310425,57.08266830444336,67.76547431945801
1764144762.6457925,0.0,0.14241224309895723,0.14241224309895723,0.05759192056604662,0.22802683228743237,0.0,0.0,1.5514553785324097,75.01498413085938,63.85040283203125
1764144762.7468536,0.0,0.14086182001140196,0.14086182001140196,0.03370062619098463,0.15802683228743236,0.0,0.0,1.3977530002593994,108.3907470703125,90.45147895812988
1764144762.8273156,0.0,0.13868984866357068,0.13868984866357068,0.0443429665977601,0.22226520175230663,0.0,0.0,1.16079580783844,20.35771942138672,69.78869438171387
1764144762.914633,0.0,0.13691729743001935,0.13691729743001935,0.0,0.21437361197662513,0.0,0.0,0.8258855938911438,80.762939453125,76.99751853942871
1764144762.9884148,0.0,0.13492900664393337,0.13492900664393337,0.037176620215177536,0.2485974888701455,0.0,0.0,0.7447435855865479,47.775108337402344,63.34948539733887
1764144763.060465,0.0,0.13320704728397398,0.13320704728397398,0.05746416188776493,0.2407413983170406,0.0,0.0,0.6445094347000122,95.55089569091797,61.62714958190918
1764144763.1349156,0.0,0.13148600412542585,0.13148600412542585,0.0,0.1707413983170406,0.0,0.0,1.13450288772583,159.0633087158203,64.16440010070801
1764144763.2093587,0.0,0.12966061803854023,0.12966061803854023,0.0,0.23021516991895596,0.0,0.0,0.9797503352165222,42.803611755371094,63.95530700683594
1764144763.2885425,0.0,0.12779407280210225,0.12779407280210225,0.0,0.16654637498897473,0.0,0.0,0.8141593337059021,162.29920959472656,68.76158714294434
1764144763.3738863,0.0,0.1257578844750223,0.1257578844750223,0.0,0.127657872122945,0.0,0.0,0.7184925675392151,112.0380630493164,74.73468780517578
1764144763.4499218,0.0,0.12350794381967978,0.12350794381967978,0.0,0.10865015020710389,0.0,0.0,0.7800016403198242,62.63763427734375,65.66095352172852
1764144763.54895,0.0,0.12144583101706934,0.12144583101706934,0.0036450244951993227,0.15160417413455407,0.0,0.0,1.0280637741088867,36.97182083129883,88.35601806640625
1764144763.6252675,0.0,0.11869578518503396,0.11869578518503396,0.0,0.17422446465236108,0.0,0.0,1.0809458494186401,37.449073791503906,65.80042839050293
1764144763.703052,0.0,0.11651544630123617,0.11651544630123617,0.027490992099046707,0.2004960481647865,0.0,0.0,1.1972160339355469,47.22580337524414,67.26527214050293
1764144763.7834516,0.0,0.11424395929982505,0.11424395929982505,0.06396841630339622,0.1304960481647865,0.0,0.0,0.6078906059265137,108.21688079833984,70.0843334197998
1764144763.892952,0.0,0.11182986070021095,0.11182986070021095,0.016989022493362427,0.11775734068942229,0.0,0.0,0.7423660159111023,35.13066101074219,98.91057014465332
1764144764.003391,0.0,0.10845102154666027,0.10845102154666027,0.0,0.13312444442999521,0.0,0.0,1.1001800298690796,17.53715705871582,99.66874122619629
1764144764.0776777,0.0,0.10494460108021461,0.10494460108021461,0.0,0.12296429814887205,0.0,0.0,0.8697088360786438,24.5709228515625,63.90976905822754
1764144764.1688955,0.0,0.10251551818647185,0.10251551818647185,0.0051285820081830025,0.11329272555303732,0.0,0.0,0.9697808027267456,40.36231231689453,80.86395263671875
1764144764.2567601,0.0,0.09945400761284245,0.09945400761284245,0.0,0.17512716891360441,0.0,0.0,0.6527897119522095,21.46261215209961,77.17084884643555
1764144764.3578033,0.0,0.09643724412473613,0.09643724412473613,0.0037055760622024536,0.19946541989338556,0.0,0.0,0.9407174587249756,59.70415496826172,90.38782119750977
1764144764.4298215,0.0,0.09288497638433921,0.09288497638433921,0.0,0.15887303257477442,0.0,0.0,0.5742156505584717,88.30511474609375,61.50245666503906
1764144764.5431888,0.0,0.09029666064710525,0.09029666064710525,0.0009971244726330042,0.1137719711114184,0.0,0.0,1.074960708618164,64.93028259277344,102.94532775878906
1764144764.633286,0.0,0.0861224619909751,0.0861224619909751,0.0,0.15881703028571764,0.0,0.0,0.8678036332130432,69.22279357910156,79.46991920471191
1764144764.705784,0.0,0.08273815658192236,0.08273815658192236,0.0,0.12288066351902643,0.0,0.0,0.6406255960464478,21.487293243408203,62.24513053894043
1764144764.7836752,0.0,0.07995501346633155,0.07995501346633155,0.0,0.1382965247903482,0.0,0.0,0.56437748670578,27.10772705078125,67.48485565185547
1764144764.8605282,0.0,0.07692148381825499,0.07692148381825499,0.0034161170478910208,0.14148055508849183,0.0,0.0,0.5749039053916931,17.684782028198242,66.41173362731934
1764144764.955382,0.0,0.07388155848435989,0.07388155848435989,0.0,0.07338831320521394,0.0,0.0,0.5276461243629456,45.27611541748047,84.5029354095459
1764144765.0451028,0.0,0.07005976596359526,0.07005976596359526,0.0004497195186559111,0.06668362978962222,0.0,0.0,0.4962201714515686,27.34763526916504,79.17523384094238
1764144765.130709,0.0,0.0663908819197745,0.0663908819197745,0.019407041982049122,0.0814666564401702,0.0,0.0,0.44928795099258423,19.875614166259766,75.3178596496582
1764144765.206446,0.0,0.06282712672188527,0.06282712672188527,0.0,0.0826281836780251,0.0,0.0,0.34455960988998413,75.59528350830078,65.42277336120605
1764144765.2853467,0.0,0.05962867446538136,0.05962867446538136,0.0,0.08218739918083856,0.0,0.0,0.5571741461753845,40.6954345703125,68.53413581848145
1764144765.3622994,0.0,0.05625443075173132,0.05625443075173132,0.022799555212259293,0.10631246111006448,0.0,0.0,0.42528074979782104,15.943208694458008,66.59841537475586
1764144765.4383516,0.0,0.052919833110874094,0.052919833110874094,0.0022921357303857803,0.04599847263307283,0.0,0.0,0.7618907690048218,25.43919563293457,65.66524505615234
1764144765.5113525,0.0,0.04958772965106451,0.04958772965106451,0.0,0.06845112136215875,0.0,0.0,0.450784832239151,10.146228790283203,62.706947326660156
1764144765.6037183,0.0,0.046345399462317555,0.046345399462317555,0.0,0.08599273292929838,0.0,0.0,0.4638054072856903,14.792107582092285,81.83526992797852
1764144765.67607,0.0,0.04219976201783484,0.04219976201783484,0.0,0.11312603941769311,0.0,0.0,0.7234377264976501,74.81053924560547,61.81073188781738
1764144765.7488627,0.0,0.03891455370242481,0.03891455370242481,0.021927785128355026,0.14337145714671323,0.0,0.0,0.23803365230560303,50.09089660644531,62.319040298461914
1764144765.8224773,0.0,0.03558127489240584,0.03558127489240584,0.010824118740856647,0.12402119851321886,0.0,0.0,0.19653186202049255,75.75575256347656,63.33041191101074
1764144765.894392,0.0,0.032170925234431394,0.032170925234431394,0.060285535641014576,0.1456995884946079,0.0,0.0,0.17999467253684998,30.551334381103516,61.57803535461426
1764144765.9677932,0.0,0.028810666416651955,0.028810666416651955,0.029787124134600163,0.1066426615288944,0.0,0.0,0.297924280166626,31.047420501708984,63.083648681640625
1764144766.0406477,0.0,0.02535019214782957,0.02535019214782957,0.0,0.1345673165342302,0.0,0.0,0.23235824704170227,37.94719696044922,62.56866455078125
1764144766.133219,0.0,0.0218841194279376,0.0218841194279376,0.018025264143943787,0.07713164380402276,0.0,0.0,0.32092463970184326,71.06465911865234,82.2134017944336
1764144766.2207882,0.0,0.01743274419945067,0.01743274419945067,0.0030700378119945526,0.052869321691104865,0.0,0.0,0.08191379904747009,53.32163619995117,77.02517509460449
1764144766.2971368,0.0,0.01318636441815414,0.01318636441815414,0.0,0.0,0.0,0.0,0.2613705098628998,16.604129791259766,65.88244438171387
1764144766.3941228,0.0,0.009445141829564324,0.009445141829564324,0.017222881317138672,0.007136642467230558,0.0,0.0,0.10934284329414368,9.472841262817383,86.2886905670166
1764144766.475281,0.0,0.004666864794352529,0.004666864794352529,0.0005867946892976761,0.0,0.0,0.0,0.15479661524295807,21.666648864746094,70.66226005554199
1764144766.5469923,0.0,0.0006328602760845221,0.0006328602760845221,0.0,0.01978480815887451,0.0,0.0,0.386822909116745,9.585443496704102,61.38777732849121
1764144766.6201892,0.0,-0.0029603241145934435,-0.0029603241145934435,0.0,0.0027771983295679092,0.0,0.0,0.20885954797267914,19.643505096435547,62.87527084350586
1764144766.6979032,0.0,-0.006664259234687474,-0.006664259234687474,0.016324911266565323,0.0,0.0,0.0,0.731091320514679,15.971996307373047,67.05141067504883
1764144766.794917,0.0,-0.010612717026186005,-0.010612717026186005,0.0033634956926107407,0.0017384226666763425,0.0,0.0,0.3231945037841797,15.03970718383789,86.29083633422852
1764144766.902516,0.0,-0.015562135030718295,-0.015562135030718295,0.014492137357592583,0.05007617280352861,0.0,0.0,0.16048499941825867,11.689800262451172,97.08356857299805
1764144766.9899986,0.0,-0.021114527193980555,-0.021114527193980555,0.034975938498973846,0.06603738770354539,0.0,0.0,0.15677763521671295,36.74881362915039,76.76959037780762
1764144767.0666814,0.0,-0.0256466630084798,-0.0256466630084798,0.05175304785370827,0.1067272174404934,0.0,0.0,0.2848551869392395,22.567138671875,66.1921501159668
1764144767.1389523,0.0,-0.02964050728083048,-0.02964050728083048,0.041768016293644905,0.0367272174404934,0.0,0.0,0.463638573884964,60.02357482910156,61.89990043640137
1764144767.2283008,0.0,-0.03343460197257318,-0.03343460197257318,0.0,0.031001213421113782,0.0,0.0,0.49229714274406433,32.38206481933594,78.77230644226074
1764144767.3032308,0.0,-0.03814612464379771,-0.03814612464379771,0.0,0.06861689635086804,0.0,0.0,0.1902654618024826,13.926813125610352,64.18704986572266
1764144767.3855906,0.0,-0.04210909558329121,-0.04210909558329121,0.0,0.04584274389315396,0.0,0.0,0.2994101941585541,48.02767562866211,71.80476188659668
1764144767.462353,0.0,-0.04648985678130286,-0.04648985678130286,0.0238567553460598,0.10885871895123272,0.0,0.0,0.5139415264129639,48.690093994140625,66.25080108642578
1764144767.549505,0.0,-0.050574459450077186,-0.050574459450077186,0.0790378525853157,0.08552366257179528,0.0,0.0,0.17412272095680237,67.17507934570312,76.8735408782959
1764144767.6224825,0.0,-0.05525082818888476,-0.05525082818888476,0.06607197970151901,0.0750910858111456,0.0,0.0,0.2874392867088318,16.861175537109375,62.45923042297363
1764144767.6969604,0.0,-0.05917612801956356,-0.05917612801956356,0.06062178919091821,0.14254336752463131,0.0,0.0,0.8780093789100647,49.07154083251953,63.953399658203125
1764144767.7825644,0.0,-0.06319372478475775,-0.06319372478475775,0.08784185396507382,0.12131796353030949,0.0,0.0,1.0671945810317993,166.80917358398438,75.01840591430664
1764144767.8572757,0.0,-0.06782272723900855,-0.06782272723900855,0.15784185396507383,0.059810816724784666,0.0,0.0,0.9440916776657104,36.67752456665039,64.19754028320312
1764144767.9419956,0.0,-0.07187745264359216,-0.07187745264359216,0.09085257368162275,0.026007070620544248,0.0,0.0,0.6482066512107849,32.178157806396484,74.08332824707031
1764144768.015526,0.0,-0.07649098369710913,-0.07649098369710913,0.1067522188462317,0.0,0.0,0.0,0.5640751123428345,22.158302307128906,62.967538833618164
1764144768.0891087,0.0,-0.08048695073033717,-0.08048695073033717,0.047183579001575715,0.0,0.0,0.0,1.177509069442749,14.165220260620117,63.26436996459961
1764144768.1818736,0.0,-0.08451064864965693,-0.08451064864965693,0.009948043320328004,0.0,0.0,0.0,1.5794334411621094,15.788715362548828,82.36026763916016
1764144768.2753713,0.0,-0.08958231689309387,-0.08958231689309387,3.0472110956913934e-05,0.0,0.0,0.0,1.413269281387329,24.383159637451172,83.15587043762207
1764144768.3481975,0.0,-0.09471258468212679,-0.09471258468212679,0.01369854079559446,0.0,0.0,0.0,1.4107191562652588,40.032894134521484,62.3171329498291
1764144768.4477046,0.0,-0.0987079948013064,-0.0987079948013064,0.017143012424930937,0.0,0.0,0.0,1.4808646440505981,30.93132781982422,88.98186683654785
1764144768.5230656,0.0,-0.10418276491445908,-0.10418276491445908,0.05200596659444273,0.0,0.0,0.0,1.2524714469909668,8.37110710144043,64.84031677246094
1764144768.597267,0.0,-0.10832502360459789,-0.10832502360459789,0.007980090966448194,0.0,0.0,0.0,1.5479309558868408,21.46704864501953,63.76814842224121
1764144768.6732662,0.0,-0.11240150643534014,-0.11240150643534014,0.0012322472687810726,0.005130731966346502,0.0,0.0,1.5108152627944946,33.21458435058594,65.69600105285645
1764144768.747933,0.0,-0.11658373219318095,-0.11658373219318095,0.0,0.0,0.0,0.0,1.6704081296920776,18.90210723876953,64.39995765686035
1764144768.8374877,0.0,-0.12069435800288522,-0.12069435800288522,0.0,0.006735888309776783,0.0,0.0,1.408009648323059,9.292499542236328,79.29039001464844
1764144768.9168024,0.0,-0.12562338977766097,-0.12562338977766097,0.0,0.020985571667551994,0.0,0.0,1.4110543727874756,59.3399658203125,68.97139549255371
1764144768.9972076,0.0,-0.12999288143414908,-0.12999288143414908,0.0,0.0,0.0,0.0,1.3327237367630005,39.55373001098633,70.01924514770508
1764144769.0940242,0.0,-0.13441069692247906,-0.13441069692247906,0.0,0.0,0.0,0.0,1.3775982856750488,21.47065544128418,86.4555835723877
1764144769.1745045,0.0,-0.13973321662819865,-0.13973321662819865,0.0,0.0,0.0,0.0,1.7332310676574707,18.83204460144043,69.95940208435059
1764144769.251598,0.0,-0.14414731598418154,-0.14414731598418154,0.0,0.00338717270642519,0.0,0.0,2.1325788497924805,33.53527069091797,66.61343574523926
1764144769.3299663,0.0,-0.1483714564834186,-0.1483714564834186,0.0,0.0,0.0,0.0,2.195641040802002,22.078506469726562,67.86012649536133
1764144769.4142854,0.0,-0.15265539163266797,-0.15265539163266797,0.03332369029521942,0.0,0.0,0.0,2.2326033115386963,73.77739715576172,73.83131980895996
1764144769.5233529,0.0,-0.1572605562084117,-0.1572605562084117,0.04220612067729235,0.0,0.0,0.0,2.1782355308532715,16.086917877197266,98.52242469787598
1764144769.6232831,0.0,-0.16319704873799887,-0.16319704873799887,0.024358556605875492,0.0,0.0,0.0,3.4375710487365723,51.106285095214844,89.52760696411133
1764144769.699715,0.0,-0.1686245441647482,-0.1686245441647482,0.03527111280709505,0.0,0.0,0.0,2.8574814796447754,47.00653839111328,65.81997871398926
1764144769.8161361,0.0,-0.17275353527609189,-0.17275353527609189,0.0940342778339982,0.0033859338145703077,0.0,0.0,3.1013495922088623,45.77417755126953,106.00829124450684
1764144769.895142,0.0,-0.179032599094335,-0.179032599094335,0.12290913704782724,0.0,0.0,0.0,3.5164976119995117,56.805267333984375,68.47262382507324
1764144769.972617,0.0,-0.18327472966110167,-0.18327472966110167,0.15404322277754545,0.0,0.0,0.0,4.893482208251953,77.353759765625,66.89143180847168
1764144770.0480258,0.0,-0.18741489646245865,-0.18741489646245865,0.21961049269884825,0.0,0.0,0.0,5.069918155670166,87.40678405761719,64.87417221069336
1764144770.1305802,0.0,-0.1914292990549101,-0.1914292990549101,0.18207361083477736,0.0,0.0,0.0,5.00506067276001,25.26278305053711,72.23987579345703
1764144770.2094743,0.0,-0.1958134956810287,-0.1958134956810287,0.20615750458091497,0.0,0.0,0.0,3.965893030166626,54.371620178222656,68.46880912780762
1764144770.2824178,0.0,-0.1999789724690705,-0.1999789724690705,0.19149002991616726,0.0,0.0,0.0,6.879807949066162,26.490156173706055,62.606096267700195
1764144770.354348,0.0,-0.20382055042972533,-0.20382055042972533,0.1938767284154892,0.013496657833456993,0.0,0.0,4.078023433685303,26.21112060546875,61.42616271972656
1764144770.4272354,0.0,-0.20758757657911414,-0.20758757657911414,0.24756809324026108,0.0,0.0,0.0,4.131111145019531,31.28955841064453,62.35694885253906
1764144770.5114985,0.0,-0.2113833393628838,-0.2113833393628838,0.27184181846678257,0.0679173544049263,0.0,0.0,3.4094622135162354,34.433807373046875,73.83346557617188
1764144770.5857716,0.0,-0.21575353846233636,-0.21575353846233636,0.20184181846678256,0.0,0.0,0.0,4.76939582824707,40.98512268066406,63.751220703125
1764144770.6596265,0.0,-0.21958210752734314,-0.21958210752734314,0.18150509737432002,0.0,0.0,0.0,3.2716643810272217,20.863525390625,63.34376335144043
1764144770.7468994,0.0,-0.22336231345573537,-0.22336231345573537,0.11150509737432002,0.0146861607208848,0.0,0.0,5.260617733001709,26.809650421142578,76.94149017333984
1764144770.8273678,0.0,-0.22780761861795107,-0.22780761861795107,0.11166923922370187,0.0846861607208848,0.0,0.0,4.353089809417725,37.615116119384766,70.12271881103516
1764144770.9047387,0.0,-0.23187685487646284,-0.23187685487646284,0.1587219094939064,0.0146861607208848,0.0,0.0,3.1165058612823486,55.35716247558594,67.03758239746094
1764144770.9813135,0.0,-0.23576775050002124,-0.23576775050002124,0.18213188704918137,0.06240004766732454,0.0,0.0,4.311914443969727,21.61583709716797,66.10608100891113
1764144771.064457,0.0,-0.23958943476221364,-0.23958943476221364,0.18382565361331216,0.050145749002695084,0.0,0.0,4.178956985473633,39.21047592163086,72.59035110473633
1764144771.1370237,0.0,-0.2436994374966163,-0.2436994374966163,0.19430563562433234,0.041350722312927246,0.0,0.0,4.2339067459106445,54.338279724121094,62.23893165588379
1764144771.2202022,0.0,-0.2472720795188087,-0.2472720795188087,0.1444055918685626,0.0,0.0,0.0,5.847999572753906,36.806861877441406,72.60727882385254
1764144771.2953613,0.0,-0.25133049648660205,-0.25133049648660205,0.13126323801348916,0.0,0.0,0.0,4.7808380126953125,29.39904022216797,64.48793411254883
1764144771.3728924,0.0,-0.2549550471547716,-0.2549550471547716,0.16204768475960007,0.0,0.0,0.0,4.703876972198486,55.705806732177734,67.06094741821289
1764144771.4616692,0.0,-0.2586697517260006,-0.2586697517260006,0.1870302731252741,0.0,0.0,0.0,4.6019487380981445,29.496379852294922,78.31406593322754
1764144771.560863,0.0,-0.2628908307989717,-0.2628908307989717,0.1368603246368002,0.0,0.0,0.0,5.072719097137451,26.63088035583496,88.54317665100098
1764144771.6451702,0.0,-0.26754490213032345,-0.26754490213032345,0.14362854055012575,0.0,0.0,0.0,5.9579691886901855,73.79014587402344,73.7149715423584
1764144771.719214,0.0,-0.2714458817093914,-0.2714458817093914,0.1561522326513659,0.0,0.0,0.0,7.813717842102051,45.890907287597656,63.74311447143555
1764144771.8119733,0.0,-0.2748497637957972,-0.2748497637957972,0.14900412374059668,0.0,0.0,0.0,7.3041911125183105,57.159889221191406,82.30328559875488
1764144771.8931298,0.0,-0.27906612521484403,-0.27906612521484403,0.2190041237405967,0.039535004645586014,0.0,0.0,5.311617374420166,64.86064147949219,70.52922248840332
1764144771.9916148,0.0,-0.2826978371635037,-0.2826978371635037,0.2802386090985965,0.0,0.0,0.0,5.942373275756836,38.194026947021484,88.0887508392334
1764144772.096301,0.0,-0.2870642862678592,-0.2870642862678592,0.22167153217713348,0.019526947289705276,0.0,0.0,5.3152174949646,26.58429718017578,93.9934253692627
1764144772.1843107,0.0,-0.2916236954155683,-0.2916236954155683,0.2464156926504802,0.08952694728970528,0.0,0.0,5.382404804229736,38.74357986450195,77.27861404418945
1764144772.2850997,0.0,-0.29540081956662173,-0.29540081956662173,0.30653273247997276,0.059901108667254455,0.0,0.0,7.101360321044922,32.191097259521484,89.96009826660156
1764144772.3612647,0.0,-0.29964695765076055,-0.29964695765076055,0.2851045069179963,0.0,0.0,0.0,7.010796546936035,26.015066146850586,65.75250625610352
1764144772.4357276,0.0,-0.30280918469552387,-0.30280918469552387,0.3148293339542579,0.0408458337187767,0.0,0.0,7.053938865661621,20.68548583984375,64.12744522094727
1764144772.5504127,0.0,-0.30586063829498367,-0.30586063829498367,0.36749279432813636,0.03970190230756998,0.0,0.0,7.668818473815918,41.6810302734375,104.37822341918945
1764144772.6268427,0.0,-0.3104838836997313,-0.3104838836997313,0.43749279432813637,0.10970190230756999,0.0,0.0,5.402589797973633,59.01328659057617,65.8731460571289
1764144772.7022405,0.0,-0.3134982612375098,-0.3134982612375098,0.36749279432813636,0.17970190230757,0.0,0.0,5.91862678527832,35.80406188964844,65.10305404663086
1764144772.7774527,0.0,-0.31643432907195623,-0.31643432907195623,0.36610776783316396,0.23356121066957714,0.0,0.0,8.53002643585205,33.80387878417969,64.81099128723145
1764144772.8520544,0.0,-0.3193146154027485,-0.3193146154027485,0.41209215523093007,0.18942484665662052,0.0,0.0,7.714479446411133,66.40022277832031,64.07904624938965
1764144772.9468734,0.0,-0.3221215942744382,-0.3221215942744382,0.4649320416280534,0.2594248466566205,0.0,0.0,8.785531044006348,48.60307693481445,84.36918258666992
1764144773.0257719,0.0,-0.3256246724245352,-0.3256246724245352,0.5349320416280534,0.3141698651388288,0.0,0.0,7.474778175354004,45.80299377441406,68.3906078338623
1764144773.1031704,0.0,-0.32847778664970306,-0.32847778664970306,0.6049320416280535,0.24416986513882877,0.0,0.0,5.835470676422119,46.86309051513672,66.94364547729492
1764144773.1818457,0.0,-0.3312251893023254,-0.3312251893023254,0.6010126031690743,0.28876728225499393,0.0,0.0,6.105716228485107,20.111705780029297,68.15910339355469
1764144773.2572618,0.0,-0.33396031101509693,-0.33396031101509693,0.5887630430737045,0.30012651659548284,0.0,0.0,5.692819118499756,28.150726318359375,64.8643970489502
1764144773.3334117,0.0,-0.33652682575830867,-0.33652682575830867,0.6147135978320148,0.29587217500433327,0.0,0.0,7.468233108520508,48.49913787841797,65.64927101135254
1764144773.4182231,0.0,-0.3390692464844063,-0.3390692464844063,0.6041485888639,0.3505903006158769,0.0,0.0,6.674670696258545,34.02257537841797,74.21517372131348
1764144773.4921799,0.0,-0.34182904482012744,-0.34182904482012744,0.6317292822280434,0.3060684212110937,0.0,0.0,7.5282368659973145,26.41429901123047,63.46321105957031
1764144773.5703108,0.0,-0.3441792833687013,-0.3441792833687013,0.6159551495441702,0.28336840389296414,0.0,0.0,8.034289360046387,18.096050262451172,67.78621673583984
1764144773.6471007,0.0,-0.3466057106636325,-0.3466057106636325,0.675825567705324,0.21336840389296413,0.0,0.0,6.363295078277588,16.93075180053711,66.48087501525879
1764144773.7229898,0.0,-0.3489312031836264,-0.3489312031836264,0.7,0.28336840389296414,0.0,0.0,6.472846508026123,15.841533660888672,65.55700302124023
1764144773.8151512,0.0,-0.3511714588197516,-0.3511714588197516,0.6642287120223045,0.2934428824670613,0.0,0.0,6.819440841674805,25.44190216064453,81.83836936950684
1764144773.9087195,0.0,-0.35381349029536485,-0.35381349029536485,0.6802890066057443,0.3032571569643915,0.0,0.0,6.577383518218994,17.67649269104004,83.04572105407715
1764144773.9876125,0.0,-0.35640070969695686,-0.35640070969695686,0.6928441140800714,0.23947953885421158,0.0,0.0,6.31849479675293,19.596099853515625,68.41301918029785
1764144774.0648613,0.0,-0.358510436278764,-0.358510436278764,0.7,0.2094061010144651,0.0,0.0,6.2730712890625,16.261215209960938,66.85543060302734
1764144774.1458392,0.0,-0.36050994361450617,-0.36050994361450617,0.7,0.2794061010144651,0.0,0.0,6.580289363861084,21.969512939453125,70.53375244140625
1764144774.2217155,0.0,-0.3625371140678939,-0.3625371140678939,0.6991751419729553,0.2928090566210449,0.0,0.0,7.607420444488525,11.74716567993164,65.42277336120605
1764144774.299981,0.0,-0.36437088880125684,-0.36437088880125684,0.6847124567604623,0.2228090566210449,0.0,0.0,7.036840438842773,22.718669891357422,67.80505180358887
1764144774.3761566,0.0,-0.36619589577970374,-0.36619589577970374,0.7,0.2923474785499275,0.0,0.0,6.961585521697998,18.202051162719727,65.92035293579102
1764144774.4723277,0.0,-0.36791484220435167,-0.36791484220435167,0.7,0.22234747854992748,0.0,0.0,6.955168724060059,28.800323486328125,85.70528030395508
1764144774.5621183,0.0,-0.3699962279794777,-0.3699962279794777,0.6825381450355053,0.2353119190596044,0.0,0.0,7.536249160766602,38.14704132080078,79.07557487487793
1764144774.6473246,0.0,-0.37185591819307395,-0.37185591819307395,0.6979137806221842,0.19214667862281204,0.0,0.0,7.505343914031982,26.111663818359375,74.4943618774414
1764144774.7516973,0.0,-0.3735395246607304,-0.3735395246607304,0.7,0.15550522616133095,0.0,0.0,7.019787788391113,17.688190460205078,93.78170967102051
1764144774.8460474,0.0,-0.3755096394732069,-0.3755096394732069,0.6876907439902424,0.09552453195676208,0.0,0.0,6.1905622482299805,22.48792266845703,83.58907699584961
1764144774.9208012,0.0,-0.3771954772178896,-0.3771954772178896,0.6793163416907191,0.07003113923594356,0.0,0.0,6.078129291534424,21.373401641845703,64.14175033569336
1764144774.9980783,0.0,-0.3784684168521468,-0.3784684168521468,0.6739571488462388,0.14003113923594357,0.0,0.0,5.9341583251953125,18.897315979003906,66.80178642272949
1764144775.0716558,0.0,-0.3797310132708091,-0.3797310132708091,0.6556473954580724,0.07698196439072491,0.0,0.0,6.603038787841797,22.96529769897461,63.19022178649902
1764144775.1484313,0.0,-0.3808823279575815,-0.3808823279575815,0.7,0.08132860703393818,0.0,0.0,5.724617004394531,25.377941131591797,66.27011299133301
1764144775.2213516,0.0,-0.38202910551353053,-0.38202910551353053,0.6892577538266778,0.10393781108781697,0.0,0.0,6.712305545806885,21.55699920654297,62.532663345336914
1764144775.294949,0.0,-0.38306960844159327,-0.38306960844159327,0.7,0.14881859241053463,0.0,0.0,8.780717849731445,24.872663497924805,63.25793266296387
1764144775.3699143,0.0,-0.3840722031317628,-0.3840722031317628,0.6299999999999999,0.1792479463480413,0.0,0.0,7.0555830001831055,20.316436767578125,64.51034545898438
1764144775.445097,0.0,-0.38504346418775476,-0.38504346418775476,0.6109776917099952,0.2271668658219278,0.0,0.0,6.711080074310303,36.68442153930664,64.7425651550293
1764144775.516672,0.0,-0.38596782498385346,-0.38596782498385346,0.6809776917099952,0.1914542548917234,0.0,0.0,7.02823543548584,34.7003059387207,61.278581619262695
1764144775.5940588,0.0,-0.38680560025866084,-0.38680560025866084,0.6582078531384468,0.13578229477629067,0.0,0.0,7.588840961456299,47.297428131103516,66.90597534179688
1764144775.674877,0.0,-0.38765953213961374,-0.38765953213961374,0.7,0.10434747194871308,0.0,0.0,6.4344258308410645,26.893871307373047,70.50275802612305
1764144775.7499316,0.0,-0.3885001467003333,-0.3885001467003333,0.7,0.14212909048423172,0.0,0.0,7.178142547607422,33.34141540527344,64.70942497253418
1764144775.8224502,0.0,-0.38923280107612734,-0.38923280107612734,0.6496124722063541,0.15687187561765314,0.0,0.0,7.765562534332275,22.81932258605957,62.1795654296875
1764144775.9209566,0.0,-0.38990019213886484,-0.38990019213886484,0.6721438866108655,0.18336461098864676,0.0,0.0,7.094848155975342,19.276912689208984,87.79621124267578
1764144775.9958837,0.0,-0.3907351522651014,-0.3907351522651014,0.7,0.24957510443404318,0.0,0.0,5.786860942840576,35.908546447753906,64.61620330810547
1764144776.0897799,0.0,-0.39132221441295933,-0.39132221441295933,0.7,0.1915546393580735,0.0,0.0,8.39077377319336,63.75806427001953,83.45365524291992
1764144776.1947768,0.0,-0.3919979008453549,-0.3919979008453549,0.6984486703760922,0.22367162616923453,0.0,0.0,7.3192009925842285,30.494342803955078,94.43187713623047
1764144776.2773776,0.0,-0.392675563833086,-0.392675563833086,0.7,0.2282712625898421,0.0,0.0,8.907530784606934,46.88874816894531,72.06153869628906
1764144776.3530822,0.0,-0.39315262790463945,-0.39315262790463945,0.7,0.1582712625898421,0.0,0.0,8.5989990234375,51.95518112182617,65.22321701049805
1764144776.4358413,0.0,-0.3935472710325805,-0.3935472710325805,0.7,0.16344052989035845,0.0,0.0,9.272923469543457,43.851173400878906,72.28398323059082
1764144776.5286746,0.0,-0.39393310540191867,-0.39393310540191867,0.7,0.23344052989035846,0.0,0.0,9.53449535369873,39.29109573364258,82.36217498779297
1764144776.6236002,0.0,-0.39431131109047196,-0.39431131109047196,0.6503676444292068,0.19809109378606082,0.0,0.0,11.221123695373535,25.321975708007812,84.28359031677246
1764144776.7110763,0.0,-0.3946384847995378,-0.3946384847995378,0.6780431985855102,0.19294227786362173,0.0,0.0,10.126486778259277,33.31037521362305,76.70426368713379
1764144776.8028908,0.0,-0.3948879529003262,-0.3948879529003262,0.6659237936139106,0.2393896257132292,0.0,0.0,10.29410457611084,21.109874725341797,81.25090599060059
1764144776.8801863,0.0,-0.3950981955514239,-0.3950981955514239,0.6877091273665428,0.16938962571322919,0.0,0.0,9.338982582092285,70.3660659790039,66.85471534729004
1764144776.9526067,0.0,-0.3952349509788797,-0.3952349509788797,0.6688138030469417,0.1725973386131227,0.0,0.0,10.47082233428955,28.248626708984375,61.89870834350586
1764144777.0314066,0.0,-0.3953304440484408,-0.3953304440484408,0.6597018100321292,0.2106973688863218,0.0,0.0,8.259700775146484,54.033363342285156,68.23205947875977
1764144777.1102145,0.0,-0.3953993525244711,-0.3953993525244711,0.7,0.16292422002181411,0.0,0.0,7.4061760902404785,24.475618362426758,68.3596134185791
1764144777.1816301,0.0,-0.3954325826811604,-0.3954325826811604,0.7,0.19933035707101227,0.0,0.0,7.241714000701904,25.484291076660156,61.12504005432129
1764144777.2720594,0.0,-0.39543263300303355,-0.39543263300303355,0.7,0.12933035707101226,0.0,0.0,7.048583507537842,27.570188522338867,80.08885383605957
1764144777.357363,0.0,-0.39539258213110734,-0.39539258213110734,0.6789165779948234,0.1431734045036137,0.0,0.0,6.250394344329834,40.095237731933594,74.73969459533691
1764144777.432086,0.0,-0.39531493869017537,-0.39531493869017537,0.6328202381730079,0.16094226809218526,0.0,0.0,6.849915027618408,25.396020889282227,64.2850399017334
1764144777.5043159,0.0,-0.3952160873487454,-0.3952160873487454,0.6154306743294,0.15195250464603305,0.0,0.0,8.430872917175293,28.161212921142578,61.85126304626465
1764144777.5754926,0.0,-0.39509379959183,-0.39509379959183,0.6854306743294001,0.22195250464603306,0.0,0.0,6.673437595367432,21.708805084228516,60.87017059326172
1764144777.6466053,0.0,-0.39494810371298206,-0.39494810371298206,0.7,0.16415924130007625,0.0,0.0,6.0867767333984375,17.145078659057617,60.7759952545166
1764144777.7192328,0.0,-0.3947783553859056,-0.3947783553859056,0.7,0.23415924130007626,0.0,0.0,6.755921840667725,22.936782836914062,62.2556209564209
1764144777.7911522,0.0,-0.39458057639167926,-0.39458057639167926,0.7,0.17369884891435505,0.0,0.0,7.749750137329102,55.715023040771484,61.533451080322266
1764144777.8581557,0.0,-0.39436139817721,-0.39436139817721,0.7,0.24369884891435506,0.0,0.0,7.6129961013793945,29.570274353027344,56.65111541748047
1764144777.9198666,0.0,-0.39413673213822265,-0.39413673213822265,0.7,0.2166427397541702,0.0,0.0,7.351898670196533,36.44355010986328,51.425933837890625
1764144777.983061,0.0,-0.3939125536149862,-0.3939125536149862,0.7,0.17470297453925016,0.0,0.0,8.193583488464355,26.618038177490234,52.877187728881836
1764144778.0491657,0.0,-0.39366650751683196,-0.39366650751683196,0.7,0.18472655354067685,0.0,0.0,7.968696594238281,20.440696716308594,55.72772026062012
1764144778.1099477,0.0,-0.3933915597725201,-0.3933915597725201,0.6933387553319335,0.13489336756989362,0.0,0.0,8.503325462341309,23.028430938720703,50.37713050842285
1764144778.1924665,0.0,-0.3931243538350464,-0.3931243538350464,0.6855412291362881,0.15886443158611657,0.0,0.0,7.712369441986084,23.029220581054688,72.23987579345703
1764144778.2675683,0.0,-0.3927378096064138,-0.3927378096064138,0.6541616896167397,0.08886443158611657,0.0,0.0,7.859252452850342,22.854549407958984,64.6820068359375
1764144778.331521,0.0,-0.3923642240948314,-0.3923642240948314,0.7,0.15886443158611657,0.0,0.0,7.204482555389404,22.304960250854492,53.431034088134766
1764144778.395319,0.0,-0.39203120062353997,-0.39203120062353997,0.7,0.1693853824771941,0.0,0.0,6.611830711364746,39.0933837890625,53.52282524108887
1764144778.4567857,0.0,-0.3916838890759293,-0.3916838890759293,0.6886645162478089,0.1518849707581103,0.0,0.0,6.767945766448975,51.29297637939453,51.12767219543457
1764144778.5468144,0.0,-0.39133678568790026,-0.39133678568790026,0.7,0.12762708732858302,0.0,0.0,8.583457946777344,33.620849609375,79.69546318054199
1764144778.6231687,0.0,-0.39080538803456805,-0.39080538803456805,0.6645998254418373,0.11089520113542678,0.0,0.0,6.583070755004883,30.367998123168945,65.74726104736328
1764144778.7104583,0.0,-0.3903350975182492,-0.3903350975182492,0.5945998254418372,0.11373594895936551,0.0,0.0,6.750022888183594,19.998443603515625,76.54714584350586
1764144778.7718005,0.0,-0.3897793938217505,-0.3897793938217505,0.5455194498598575,0.14171626538969578,0.0,0.0,7.951186180114746,22.25726318359375,50.998687744140625
1764144778.833954,0.0,-0.38937504365588604,-0.38937504365588604,0.5942717875540255,0.2117162653896958,0.0,0.0,6.1686835289001465,31.10293197631836,51.85270309448242
1764144778.8973415,0.0,-0.388954336872148,-0.388954336872148,0.597126928269863,0.24596629009582105,0.0,0.0,7.643917560577393,45.87415313720703,52.99568176269531
1764144778.9608047,0.0,-0.3885160404624224,-0.3885160404624224,0.602083473112434,0.21101443559862676,0.0,0.0,8.578269004821777,65.17506408691406,53.125619888305664
1764144779.040187,0.0,-0.3880670373719304,-0.3880670373719304,0.6485682377777993,0.2443858021590859,0.0,0.0,7.993442535400391,48.381195068359375,69.03362274169922
1764144779.103582,0.0,-0.3874923566390224,-0.3874923566390224,0.6348305592499672,0.220512070665136,0.0,0.0,10.730870246887207,46.84037399291992,53.09629440307617
1764144779.1670718,0.0,-0.3870228586495082,-0.3870228586495082,0.6350818264717235,0.150512070665136,0.0,0.0,8.711542129516602,53.36082458496094,53.089141845703125
1764144779.2368343,0.0,-0.3865442491674969,-0.3865442491674969,0.6765089991921558,0.12381594934500756,0.0,0.0,7.595567226409912,20.161617279052734,59.34953689575195
1764144779.3003747,0.0,-0.3860097566063533,-0.3860097566063533,0.6556973538780584,0.11915829944424333,0.0,0.0,8.749130249023438,26.002559661865234,53.026437759399414
1764144779.3662891,0.0,-0.38551493312134066,-0.38551493312134066,0.5856973538780583,0.14126882310025396,0.0,0.0,6.312755584716797,18.976245880126953,55.39536476135254
1764144779.4496996,0.0,-0.38499409223963155,-0.38499409223963155,0.5732199382642282,0.1596396004687995,0.0,0.0,7.4369659423828125,45.07353973388672,72.86262512207031
1764144779.5303771,0.0,-0.38432642772204695,-0.38432642772204695,0.6336849351087583,0.10642866025678815,0.0,0.0,7.260918140411377,34.41058349609375,70.38998603820801
1764144779.593594,0.0,-0.38366966546659903,-0.38366966546659903,0.6001346763828768,0.17642866025678816,0.0,0.0,6.171741962432861,25.82514762878418,52.904367446899414
1764144779.6612234,0.0,-0.38314858700673093,-0.38314858700673093,0.641564095453359,0.21447975511662665,0.0,0.0,8.390734672546387,35.799556732177734,57.26742744445801
1764144779.73758,0.0,-0.38258562439302846,-0.38258562439302846,0.7,0.1894048559200019,0.0,0.0,8.08769416809082,34.389366149902344,65.83642959594727
1764144779.820166,0.0,-0.3819454325891489,-0.3819454325891489,0.6977013496682047,0.18823239553719762,0.0,0.0,6.75508451461792,33.8819694519043,72.25179672241211
1764144779.9327614,0.0,-0.38124461400318366,-0.38124461400318366,0.7,0.17114708546549084,0.0,0.0,7.289549827575684,26.88756561279297,102.03671455383301
1764144780.0565596,0.0,-0.3802827778539125,-0.3802827778539125,0.652217761427164,0.24114708546549085,0.0,0.0,8.379040718078613,21.55153465270996,113.35349082946777
1764144780.144922,0.0,-0.3792155673312739,-0.3792155673312739,0.7,0.2343831992708147,0.0,0.0,7.428260326385498,29.424518585205078,77.89444923400879
1764144780.2228024,0.0,-0.37844980426508473,-0.37844980426508473,0.7,0.24768414432182911,0.0,0.0,6.611204147338867,39.52430725097656,67.4591064453125
1764144780.305693,0.0,-0.37777320498358974,-0.37777320498358974,0.6847650164738297,0.2864763596095145,0.0,0.0,8.961688995361328,23.007259368896484,72.49903678894043
1764144780.381779,0.0,-0.3770514581087956,-0.3770514581087956,0.6147650164738296,0.23902352983132008,0.0,0.0,7.310159683227539,59.81163024902344,65.54436683654785
1764144780.457347,0.0,-0.3763908525507965,-0.3763908525507965,0.6443749592825769,0.22313419813290242,0.0,0.0,8.274230003356934,36.51005554199219,65.16146659851074
1764144780.5299146,0.0,-0.3757353072945909,-0.3757353072945909,0.6818451174721121,0.18494359860196713,0.0,0.0,7.158314228057861,35.09204864501953,62.20364570617676
1764144780.6328027,0.0,-0.37510718444091734,-0.37510718444091734,0.6419158765301107,0.15135313654318455,0.0,0.0,7.233492374420166,26.647119522094727,92.50378608703613
1764144780.7083845,0.0,-0.3742189829383529,-0.3742189829383529,0.6995156371220945,0.1748786800540984,0.0,0.0,6.628777980804443,32.578826904296875,64.96596336364746
1764144780.7805145,0.0,-0.3735734814484835,-0.3735734814484835,0.7,0.16013847840949896,0.0,0.0,5.776530742645264,23.418697357177734,61.80310249328613
1764144780.8623414,0.0,-0.3729587559187103,-0.3729587559187103,0.7,0.18834653114899996,0.0,0.0,6.822762489318848,19.88266944885254,71.25163078308105
1764144780.9540548,0.0,-0.3722667491221678,-0.3722667491221678,0.6625682272017002,0.17428495446220044,0.0,0.0,5.944210052490234,31.91659164428711,80.9016227722168
1764144781.0315428,0.0,-0.37150295241588543,-0.37150295241588543,0.6567556018009781,0.2039810949005187,0.0,0.0,7.777717590332031,23.0341739654541,67.06881523132324
1764144781.1091294,0.0,-0.3708640089393085,-0.3708640089393085,0.7,0.26985944146290425,0.0,0.0,7.401782989501953,18.607397079467773,67.26908683776855
1764144781.2041767,0.0,-0.3702301499905438,-0.3702301499905438,0.7,0.20960055002942685,0.0,0.0,6.793440341949463,47.59660339355469,84.46669578552246
1764144781.287686,0.0,-0.3694679284959335,-0.3694679284959335,0.6741472508758306,0.20040214611217383,0.0,0.0,6.924259662628174,54.4918212890625,72.87335395812988
1764144781.36477,0.0,-0.36881069441877956,-0.36881069441877956,0.6041472508758305,0.27040214611217384,0.0,0.0,6.75964879989624,23.756759643554688,66.57123565673828
1764144781.4371736,0.0,-0.3682150584305521,-0.3682150584305521,0.5906632571667432,0.24461833162233237,0.0,0.0,7.706259727478027,40.30809783935547,62.04652786254883
1764144781.5094898,0.0,-0.367665570421715,-0.367665570421715,0.5849351502209901,0.1926577068679035,0.0,0.0,8.40668773651123,65.9539566040039,62.01434135437012
1764144781.5803578,0.0,-0.3671272280364499,-0.3671272280364499,0.6549351502209901,0.20920472552999858,0.0,0.0,6.671250343322754,30.978612899780273,60.5623722076416
1764144781.6522071,0.0,-0.36661024849636836,-0.36661024849636836,0.6311169404536485,0.19046538097783927,0.0,0.0,6.835594654083252,25.180084228515625,61.475276947021484
1764144781.724353,0.0,-0.3660980992752664,-0.3660980992752664,0.595515451207757,0.22984400166198615,0.0,0.0,7.612003803253174,41.99860382080078,61.71131134033203
1764144781.8191497,0.0,-0.3655969329324731,-0.3655969329324731,0.665515451207757,0.17566691486164931,0.0,0.0,6.830691814422607,33.10285568237305,84.50531959533691
1764144781.896882,0.0,-0.3649575795242881,-0.3649575795242881,0.595515451207757,0.24566691486164932,0.0,0.0,7.358078479766846,20.11526870727539,67.2445297241211
1764144781.9848084,0.0,-0.364452022730874,-0.364452022730874,0.665515451207757,0.1811023962311447,0.0,0.0,6.967836380004883,49.670166015625,77.4993896484375
1764144782.0597775,0.0,-0.3639000440311318,-0.3639000440311318,0.7,0.22596295295283203,0.0,0.0,6.751795768737793,25.92397689819336,64.26310539245605
1764144782.135664,0.0,-0.3634486843540946,-0.3634486843540946,0.6712915085256099,0.18816232426092033,0.0,0.0,6.845736503601074,36.66225051879883,65.35983085632324
1764144782.2072315,0.0,-0.3630104644252665,-0.3630104644252665,0.6400560352951288,0.16480982793495064,0.0,0.0,6.567129135131836,26.71409034729004,61.26976013183594
1764144782.27631,0.0,-0.3626135265387451,-0.3626135265387451,0.5700560352951287,0.09480982793495063,0.0,0.0,5.678623199462891,60.341251373291016,58.7921142578125
1764144782.3638303,0.0,-0.3622456850113772,-0.3622456850113772,0.5160964905470609,0.16480982793495064,0.0,0.0,6.604118824005127,23.866378784179688,76.67350769042969
1764144782.4453602,0.0,-0.36180523243536744,-0.36180523243536744,0.5387392408400773,0.21082984028384094,0.0,0.0,7.730859279632568,50.53607177734375,70.78361511230469
1764144782.5179167,0.0,-0.36142137958549664,-0.36142137958549664,0.5920814863592385,0.20234723320230846,0.0,0.0,8.69316291809082,35.19481658935547,62.12663650512695
1764144782.612671,0.0,-0.36110026308458754,-0.36110026308458754,0.6317467979341744,0.13234723320230846,0.0,0.0,6.361459732055664,45.221595764160156,84.34700965881348
1764144782.7183473,0.0,-0.36071164105562825,-0.36071164105562825,0.6606837670505046,0.1254351391270757,0.0,0.0,6.747871398925781,21.34112548828125,95.05128860473633
1764144782.7927923,0.0,-0.360323015209567,-0.360323015209567,0.7,0.19543513912707572,0.0,0.0,6.285409927368164,35.006534576416016,63.971519470214844
1764144782.8663714,0.0,-0.36007757729544504,-0.36007757729544504,0.7,0.23301330838352446,0.0,0.0,4.572005271911621,20.502588272094727,63.06171417236328
1764144782.9392607,0.0,-0.35985944432978145,-0.35985944432978145,0.6766066949814558,0.18052675832062964,0.0,0.0,6.777466297149658,33.659584045410156,62.53671646118164
1764144783.0355723,0.0,-0.35966753683043284,-0.35966753683043284,0.6946246091276407,0.24652215350419288,0.0,0.0,6.645423889160156,20.423479080200195,86.01570129394531
1764144783.1092021,0.0,-0.35945185008500136,-0.35945185008500136,0.7,0.2232600532099605,0.0,0.0,6.355889320373535,19.49439239501953,63.018798828125
1764144783.1832354,0.0,-0.3593175677103764,-0.3593175677103764,0.7,0.22333289002039242,0.0,0.0,4.934866905212402,25.67745590209961,63.45534324645996
1764144783.261146,0.0,-0.3592100583194555,-0.3592100583194555,0.6976618739310652,0.23907471512415218,0.0,0.0,5.866728782653809,23.231510162353516,67.41642951965332
1764144783.3335118,0.0,-0.35912714909506604,-0.35912714909506604,0.7,0.16907471512415218,0.0,0.0,5.445547580718994,41.080238342285156,62.058210372924805
1764144783.408358,0.0,-0.3590786322607466,-0.3590786322607466,0.661697194725275,0.217135754422925,0.0,0.0,5.212843894958496,24.591537475585938,64.53728675842285
1764144783.4841595,0.0,-0.35905813131874437,-0.35905813131874437,0.667467033304274,0.20341436938353585,0.0,0.0,5.584235668182373,30.845050811767578,65.26708602905273
1764144783.6009328,0.0,-0.3590689328015256,-0.3590689328015256,0.6935458293184638,0.22024927475460576,0.0,0.0,7.156589984893799,20.95493507385254,106.39214515686035
1764144783.6812158,0.0,-0.3591495225675045,-0.3591495225675045,0.6725233623757958,0.29024927475460577,0.0,0.0,7.169927597045898,21.434925079345703,69.73958015441895
1764144783.7531128,0.0,-0.35925092466643527,-0.35925092466643527,0.6832954397425055,0.23477997788198995,0.0,0.0,6.21257209777832,46.2120475769043,61.58638000488281
1764144783.8257828,0.0,-0.3593747380291789,-0.3593747380291789,0.7,0.21948354010441112,0.0,0.0,7.676577091217041,21.244911193847656,62.273502349853516
1764144783.8986094,0.0,-0.35953212529292666,-0.35953212529292666,0.656532597541809,0.21113977645494747,0.0,0.0,5.3345842361450195,25.030630111694336,62.41559982299805
1764144783.9760413,0.0,-0.3597228966529309,-0.3597228966529309,0.6721674900501966,0.14113977645494746,0.0,0.0,6.3918046951293945,33.74848937988281,66.91288948059082
