t,theta,theta_ref,error,p1_cmd,p2_cmd,p1_meas,p2_meas,J_min,J_mean,comp_time_ms
1763323485.5240343,0.03221359654270453,0.0,-0.03221359654270453,0.0,0.0,0.0,0.0,0.0808514803647995,2.253800392150879,12.393712997436523
1763323485.5349274,0.03221359654308588,0.0,-0.03221359654308588,0.0,0.06631070375442505,0.0,0.0,0.08653906732797623,0.7233440279960632,6.628274917602539
1763323485.5560412,0.032213596543416975,0.0,-0.032213596543416975,0.0,0.028060436248779297,0.0,0.0,0.1558552086353302,3.0387184619903564,7.712125778198242
1763323485.5760024,0.03221359654370444,0.0,-0.03221359654370444,0.022009754553437233,0.00885891355574131,0.0,0.0,0.10387597978115082,0.6955951452255249,7.699489593505859
1763323485.5959265,0.032213596543954025,0.0,-0.032213596543954025,0.0,0.01846128050237894,0.0,0.0,0.11225593090057373,0.5918073058128357,7.608890533447266
1763323485.6201842,0.03221359654417072,0.0,-0.03221359654417072,0.0,0.0077178990468382835,0.0,0.0,0.07926622033119202,0.5884957909584045,11.882543563842773
1763323485.6398356,0.03221359654435886,0.0,-0.03221359654435886,0.0,0.0,0.0,0.0,0.11018358170986176,0.4057084918022156,11.455774307250977
1763323485.6601899,0.03221359654452221,0.0,-0.03221359654452221,0.0,0.0,0.0,0.009237527847290039,0.08580794185400009,0.2585099935531616,11.73090934753418
1763323485.6801438,0.03221359654466403,0.0,-0.03221359654466403,0.03217411786317825,0.017451684921979904,0.0,0.016935493797063828,0.08350922912359238,0.4005444645881653,11.78431510925293
1763323485.7006607,0.03221359654478717,0.0,-0.03221359654478717,0.08256052061915398,0.04116162471473217,0.0,0.016935493797063828,0.10326111316680908,0.49686914682388306,12.311935424804688
1763323485.7209148,0.03221359654489408,0.0,-0.03221359654489408,0.14617976173758507,0.0,0.0,0.014736082404851913,0.06254909932613373,0.2873094379901886,12.437820434570312
1763323485.739933,0.0322135965449869,0.0,-0.0322135965449869,0.12052802555263042,0.0,0.0,0.014736082404851913,0.12619942426681519,0.37702035903930664,11.45172119140625
1763323485.7606466,0.03221359654506749,0.0,-0.03221359654506749,0.10653628781437874,0.0,0.0,0.013636350631713867,0.042135514318943024,0.26034146547317505,12.175321578979492
1763323485.7801812,0.03221359654513746,0.0,-0.03221359654513746,0.12422470562160015,0.0,0.0004398822784423828,0.013636350631713867,0.02556440979242325,0.14614810049533844,11.703729629516602
1763323485.7997942,0.03221359654519821,0.0,-0.03221359654519821,0.1098634023219347,0.011510900221765041,0.04882698506116867,0.013636350631713867,0.09955783188343048,0.8141592741012573,11.312723159790039
1763323485.8201158,0.03221359654525096,0.0,-0.03221359654525096,0.1015727985650301,0.0,0.07741936296224594,0.007038116455078125,0.04210860654711723,0.48746299743652344,11.633157730102539
1763323485.8403263,0.032213596545296756,0.0,-0.032213596545296756,0.060601165518164635,0.0013728105695918202,0.09281523525714874,0.003738999366760254,0.02947096712887287,0.31950509548187256,11.924982070922852
1763323485.8605275,0.032213596545336516,0.0,-0.032213596545336516,0.0959238950163126,0.004502940108068287,0.1038123220205307,0.0015395879745483398,0.1557183712720871,0.43103253841400146,12.050867080688477
1763323485.8800333,0.03221359654537104,0.0,-0.03221359654537104,0.08986449846997857,0.008213553228415549,0.10931085050106049,0.0,0.17552058398723602,0.9079349637031555,11.560678482055664
1763323485.9000385,0.032213596545401006,0.0,-0.032213596545401006,0.12303278082981706,0.0,0.10711143910884857,0.0,0.22865816950798035,0.6635680198669434,11.559247970581055
1763323485.920226,0.03221359654542703,0.0,-0.03221359654542703,0.11430481495335698,0.0,0.10491202771663666,0.0,0.11839145421981812,1.2844336032867432,11.745691299438477
1763323485.940282,0.03221359654544962,0.0,-0.03221359654544962,0.11471209142473526,0.0034465808421373367,0.10601173341274261,0.0,0.21438437700271606,1.2273261547088623,11.857748031616211
1763323485.9600973,0.032213596545469236,0.0,-0.032213596545469236,0.07558709967997856,0.06773930229246616,0.1038123220205307,0.0,0.07060692459344864,1.2825884819030762,11.751174926757812
1763323485.980069,0.03221359654548627,0.0,-0.03221359654548627,0.09301392760244198,0.07217405177652836,0.10711143910884857,0.0,0.19780978560447693,0.9279186129570007,11.586666107177734
1763323485.9981997,0.03221359654550106,0.0,-0.03221359654550106,0.037862554454477504,0.08898718655109406,0.10821114480495453,0.0,0.06408558785915375,0.3613489270210266,9.739160537719727
1763323486.016606,0.032213596545513895,0.0,-0.032213596545513895,0.10786255445447751,0.11094757355749607,0.11041055619716644,0.0,0.14551542699337006,1.1348907947540283,8.293867111206055
1763323486.0362616,0.03221359654552504,0.0,-0.03221359654552504,0.13671469684806653,0.12698613479733467,0.10491202771663666,0.0,0.23639382421970367,0.6984331011772156,7.9555511474609375
1763323486.0561054,0.03221359654553472,0.0,-0.03221359654553472,0.16464831490186044,0.12778081349097192,0.10491202771663666,0.01583578810095787,0.042554304003715515,0.7693254351615906,7.803201675415039
1763323486.0793872,0.03221359654554312,0.0,-0.03221359654554312,0.1871341652807314,0.13304358278401196,0.10601173341274261,0.043328456580638885,0.03471412509679794,0.740541398525238,11.065959930419922
1763323486.1004121,0.032213596545550414,0.0,-0.032213596545550414,0.196890111976536,0.17518370901234448,0.10601173341274261,0.07192083448171616,0.03644125908613205,1.0231150388717651,11.935710906982422
1763323486.1202033,0.03221359654555675,0.0,-0.03221359654555675,0.1870239385974128,0.1588086646515876,0.10491202771663666,0.09501464664936066,0.08733296394348145,1.5383214950561523,11.718273162841797
1763323486.1406264,0.03221359654556225,0.0,-0.03221359654556225,0.22234273791429587,0.11975027737207711,0.11480937898159027,0.1115102618932724,0.14415274560451508,1.002588152885437,12.266397476196289
1763323486.1602628,0.032213596545567026,0.0,-0.032213596545567026,0.2216020166745875,0.18975027737207711,0.13020528852939606,0.12360702455043793,0.19641554355621338,0.8058367371559143,11.793375015258789
1763323486.1800342,0.03221359654557117,0.0,-0.03221359654557117,0.2225227995880414,0.11975027737207711,0.14780057966709137,0.1390029340982437,0.038416631519794464,1.3333053588867188,11.542320251464844
1763323486.2000513,0.032254024446265565,0.0,-0.032254024446265565,0.18873364172060975,0.11124295205809176,0.16099707782268524,0.1521994024515152,0.0747268944978714,1.4532703161239624,11.57999038696289
1763323486.219899,0.032321467302374396,0.0,-0.032321467302374396,0.24290615758975037,0.15479128644801676,0.17859235405921936,0.15329910814762115,0.11002477258443832,2.188375473022461,11.430978775024414
1763323486.2401607,0.03240589676838808,0.0,-0.03240589676838808,0.25961565106292256,0.13084767409600317,0.19398826360702515,0.1565982550382614,0.12831425666809082,1.4074395895004272,11.693239212036133
1763323486.26018,0.03247920058636779,0.0,-0.03247920058636779,0.23692060514469632,0.09624331840313971,0.20938414335250854,0.15549854934215546,0.059182748198509216,1.5418949127197266,11.700868606567383
1763323486.2798855,0.0326039718185176,0.0,-0.0326039718185176,0.1669206051446963,0.038242079550400376,0.21378299593925476,0.1521994024515152,0.2755754888057709,1.4628007411956787,11.406183242797852
1763323486.300165,0.03280163087719729,0.0,-0.03280163087719729,0.20456904082675464,0.07723312848247588,0.22148093581199646,0.15109969675540924,0.1448909342288971,0.677384078502655,11.687040328979492
1763323486.320093,0.03304470710991152,0.0,-0.03304470710991152,0.22664713955600746,0.03862706967629492,0.23137828707695007,0.14890028536319733,0.3147193193435669,0.9125144481658936,11.611700057983398
1763323486.3399854,0.03307035557023465,0.0,-0.03307035557023465,0.1925128596194554,0.021533785620704293,0.23907622694969177,0.15109969675540924,0.35661429166793823,1.6692243814468384,11.509895324707031
1763323486.3609207,0.03245917218527369,0.0,-0.03245917218527369,0.21178727320511825,0.040181545773521066,0.233577698469162,0.14999999105930328,0.039637383073568344,1.6540918350219727,12.45880126953125
1763323486.3799496,0.030855774930086774,0.0,-0.030855774930086774,0.1812934344925452,0.053929968969896436,0.233577698469162,0.1445014625787735,0.6012015342712402,1.7360820770263672,11.471748352050781
1763323486.4000196,0.028160755799970037,0.0,-0.028160755799970037,0.1704838136502076,0.07516410876996815,0.23137828707695007,0.12800587713718414,1.2231512069702148,2.1813127994537354,11.543512344360352
1763323486.4200356,0.024616832824143578,0.0,-0.024616832824143578,0.14743981978972442,0.06840176763944328,0.23467740416526794,0.11700879037380219,1.0162456035614014,3.226424217224121,11.639833450317383
1763323486.4410481,0.02053624966722737,0.0,-0.02053624966722737,0.16075286830891855,0.01647561672143638,0.23027858138084412,0.10931085050106049,0.6922975182533264,3.205443859100342,12.681961059570312
1763323486.4586146,0.01586703298370827,0.0,-0.01586703298370827,0.09075286830891854,0.034993144450709224,0.2280791699886322,0.10051320493221283,0.7257694005966187,3.4132184982299805,10.281085968017578
1763323486.477392,0.011813099848313998,0.0,-0.011813099848313998,0.025688244357006618,0.013055070070549846,0.22368034720420837,0.0939149409532547,1.1937066316604614,3.1691689491271973,9.076356887817383
1763323486.496164,0.006866728725797063,0.0,-0.006866728725797063,0.0066542423807550155,0.009989890269935131,0.21708211302757263,0.09061582386493683,1.9384396076202393,3.560133934020996,7.849216461181641
1763323486.5160666,0.0008244302219823875,0.0,-0.0008244302219823875,0.03770005735685117,0.027255655266344547,0.20608502626419067,0.08291789144277573,0.8315529227256775,3.431631088256836,7.767677307128906
1763323486.5360758,-0.00626454076054979,0.0,0.00626454076054979,0.0734447951905895,0.09725565526634455,0.18189147114753723,0.07631965726613998,0.8226979374885559,4.432186126708984,7.776021957397461
1763323486.555925,-0.014095820384513142,0.0,0.014095820384513142,0.021388583212392398,0.12066084768623114,0.16319648921489716,0.0686216875910759,0.3075942099094391,2.752784013748169,7.625579833984375
1763323486.5761583,-0.02227672841831646,0.0,0.02227672841831646,0.0274118351296056,0.14672618050128222,0.14999999105930328,0.06422286480665207,0.6849848031997681,1.4452917575836182,7.853269577026367
1763323486.599509,-0.030484874539537098,0.0,0.030484874539537098,0.0,0.0986566773429513,0.13350440561771393,0.0609237477183342,0.7787727117538452,1.7859526872634888,11.206388473510742
1763323486.6200573,-0.03853604278481128,0.0,0.03853604278481128,0.0,0.051791705824434764,0.12360702455043793,0.06642227619886398,0.6404560208320618,1.8761584758758545,11.566400527954102
1763323486.6397133,-0.04626598958657161,0.0,0.04626598958657161,0.0,0.07052100513130427,0.11260996758937836,0.06972139328718185,1.0333462953567505,2.610776424407959,11.243820190429688
1763323486.6604807,-0.053569100334875,0.0,0.053569100334875,0.017691103741526604,0.13407172325998545,0.10821114480495453,0.07961877435445786,0.5817298293113708,2.5236244201660156,12.015104293823242
1763323486.6800427,-0.06038326640790486,0.0,0.06038326640790486,0.003019728697836399,0.1725091977789998,0.07961877435445786,0.09171552956104279,0.7496853470802307,2.6190297603607178,11.573553085327148
1763323486.7000186,-0.06629949936643088,0.0,0.06629949936643088,0.0,0.10434986341744662,0.05212610214948654,0.09061582386493683,0.4471192955970764,14.365821838378906,11.545419692993164
1763323486.7199614,-0.07173400315950679,0.0,0.07173400315950679,0.029323507100343704,0.05058363515883685,0.03123166784644127,0.09281523525714874,0.21061651408672333,2.2083306312561035,11.482715606689453
1763323486.739996,-0.07644811412988783,0.0,0.07644811412988783,0.029716669901972637,0.09974535990506411,0.02683284506201744,0.10271261632442474,0.5165939927101135,2.4024763107299805,11.521339416503906
1763323486.7597885,-0.0801333354466427,0.0,0.0801333354466427,0.08937564058578573,0.12737482849508525,0.025733139365911484,0.12030790746212006,0.5436156392097473,2.4019968509674072,11.314630508422852
1763323486.7800412,-0.08252165172596915,0.0,0.08252165172596915,0.1447196112421807,0.12489183869212866,0.016935493797063828,0.12360702455043793,0.5140881538391113,3.802682399749756,11.568784713745117
1763323486.8006923,-0.08338022872178077,0.0,0.08338022872178077,0.11787238842225634,0.1339285771176219,0.016935493797063828,0.11700879037380219,0.9728868007659912,2.356391429901123,12.228012084960938
1763323486.8199399,-0.08246637673870467,0.0,0.08246637673870467,0.09819077639258467,0.0639285771176219,0.0202346108853817,0.11590908467769623,0.5140650868415833,2.9615395069122314,11.461257934570312
1763323486.837405,-0.07965824044242424,0.0,0.07965824044242424,0.05426551340497099,0.06521166861057281,0.036730196326971054,0.11810849606990814,0.24028268456459045,2.719118118286133,8.92949104309082
1763323486.8560991,-0.0749615330655568,0.0,0.0749615330655568,0.06390503453440033,0.11211764812469482,0.04112901911139488,0.11810849606990814,0.1098569855093956,4.122199058532715,7.7953338623046875
1763323486.876172,-0.06855127969989644,0.0,0.06855127969989644,0.13390503453440034,0.09619807451963425,0.054325513541698456,0.11700879037380219,0.37486007809638977,5.029420375823975,7.870912551879883
1763323486.89595,-0.06083677707470992,0.0,0.06083677707470992,0.0847047418577131,0.1244953740388155,0.0686216875910759,0.11590908467769623,0.16642171144485474,1.1878036260604858,7.617950439453125
1763323486.9201505,-0.05413884893491773,0.0,0.05413884893491773,0.1377123035711702,0.15553497150540352,0.07302054017782211,0.11810849606990814,0.15817119181156158,0.9208124279975891,11.775016784667969
1763323486.9400864,-0.04656394322376936,0.0,0.04656394322376936,0.1255186926794704,0.138519786298275,0.07741936296224594,0.11590908467769623,0.16657376289367676,0.8054903149604797,11.614084243774414
1763323486.959895,-0.03857954189365983,0.0,0.03857954189365983,0.132090285908198,0.10799278691411018,0.086217001080513,0.11590908467769623,0.08788491040468216,2.4978461265563965,11.42120361328125
1763323486.9800913,-0.03052114097128133,0.0,0.03052114097128133,0.10866819184622728,0.10372132249176502,0.0939149409532547,0.11700879037380219,0.3988524377346039,2.8477418422698975,11.61050796508789
1763323487.0009186,-0.022583291780131,0.0,0.022583291780131,0.11549823360866868,0.16075032390654087,0.09941349923610687,0.11590908467769623,0.05630595609545708,1.0562772750854492,12.436628341674805
1763323487.0203502,-0.014978804534474739,0.0,0.014978804534474739,0.18549823360866868,0.12615630961954594,0.10711143910884857,0.11590908467769623,0.14452828466892242,2.667712688446045,11.960506439208984
1763323487.0383809,-0.007765851523337411,0.0,0.007765851523337411,0.18515076929237695,0.17893258668482304,0.11370967328548431,0.11700879037380219,0.04901515319943428,2.0434763431549072,9.905815124511719
1763323487.05603,-0.0010149471374890006,0.0,0.0010149471374890006,0.23804688149597497,0.10893258668482303,0.1192082017660141,0.11590908467769623,0.07154954969882965,1.245690107345581,7.720470428466797
1763323487.076273,0.005237107949993278,0.0,-0.005237107949993278,0.24737909877207132,0.08531899966299533,0.12250731885433197,0.11700879037380219,0.13637685775756836,0.8459278345108032,7.969141006469727
1763323487.0993314,0.010977899832223723,0.0,-0.010977899832223723,0.2383591008698568,0.1111098363250494,0.1368035227060318,0.11590908467769623,0.043421123176813126,0.6853721141815186,11.024236679077148
1763323487.1207294,0.016212280339938663,0.0,-0.016212280339938663,0.2730102760111913,0.07174459688365459,0.15989737212657928,0.11590908467769623,0.05116552487015724,0.22144624590873718,12.367486953735352
1763323487.1401327,0.02075690313681741,0.0,-0.02075690313681741,0.2940894586360082,0.1417445968836546,0.18629032373428345,0.11590908467769623,0.04402521997690201,0.25949913263320923,11.659622192382812
1763323487.1602454,0.02490272341974591,0.0,-0.02490272341974591,0.2910777621297166,0.1703964415937662,0.20608502626419067,0.11700879037380219,0.043754879385232925,0.7013134956359863,11.771917343139648
1763323487.1800387,0.028581424828579838,0.0,-0.028581424828579838,0.3108189918426797,0.18915185518562794,0.22258064150810242,0.11480937898159027,0.09431339800357819,0.6022186279296875,11.564493179321289
1763323487.200085,0.031555727521702666,0.0,-0.031555727521702666,0.3092332319216803,0.15539131499826908,0.23907622694969177,0.11700879037380219,0.10151037573814392,0.26569145917892456,11.614084243774414
1763323487.2200353,0.03323467901160432,0.0,-0.03323467901160432,0.2854931414918974,0.19014828093349934,0.2555718719959259,0.11810849606990814,0.04491583630442619,0.19528675079345703,11.563301086425781
1763323487.2400868,0.03287810300549541,0.0,-0.03287810300549541,0.30798655793536456,0.20497924834489822,0.26986804604530334,0.12030790746212006,0.04963141307234764,0.33762016892433167,11.614561080932617
1763323487.2600946,0.03006596155096627,0.0,-0.03006596155096627,0.30807819380483126,0.18512486666440964,0.2841642200946808,0.13130499422550201,0.06402570009231567,0.33848801255226135,11.614084243774414
1763323487.279975,0.024773360178490418,0.0,-0.024773360178490418,0.30632665404176807,0.15669842809438705,0.2940615713596344,0.14230205118656158,0.053434018045663834,0.25479549169540405,11.492252349853516
1763323487.300272,0.017412231040669163,0.0,-0.017412231040669163,0.23632665404176806,0.11968392506241798,0.2984603941440582,0.1565982550382614,0.06330324709415436,0.38950973749160767,11.800527572631836
1763323487.3200994,0.00876791688420402,0.0,-0.00876791688420402,0.21028716542816256,0.09010626375675201,0.30285921692848206,0.17199411988258362,0.07885280251502991,0.4148261249065399,11.667728424072266
1763323487.3399982,-0.0005398524866256239,0.0,0.0005398524866256239,0.1877857843140373,0.12664807587862015,0.3061583340167999,0.18189147114753723,0.046600863337516785,0.42529574036598206,11.521339416503906
1763323487.3599613,-0.0086210954930169,0.0,0.0086210954930169,0.24143145845329855,0.1227749646641314,0.3072580397129059,0.18079176545143127,0.04876523092389107,0.9954603314399719,11.495113372802734
1763323487.3800626,-0.01703905319069935,0.0,0.01703905319069935,0.29674485937750433,0.11750847101211548,0.3072580397129059,0.17859235405921936,0.3782232701778412,1.5672317743301392,11.582136154174805
1763323487.3999047,-0.025428604040283964,0.0,0.025428604040283964,0.2630148442188511,0.1363840512931347,0.303958922624588,0.18079176545143127,2.0822227001190186,3.304849863052368,11.434793472290039
1763323487.4199803,-0.03357731832793065,0.0,0.03357731832793065,0.30045660824573134,0.16945581138134003,0.2918621599674225,0.17859235405921936,1.6527050733566284,4.603789329528809,11.58595085144043
1763323487.4400635,-0.041384421655417704,0.0,0.041384421655417704,0.23045660824573133,0.23945581138134003,0.28526392579078674,0.17309382557868958,1.9477789402008057,4.1549787521362305,11.585474014282227
1763323487.4606066,-0.04874849331827283,0.0,0.04874849331827283,0.2052645170042524,0.29764717414975167,0.28746333718299866,0.16759531199932098,0.74870765209198,2.9180660247802734,12.26806640625
1763323487.478607,-0.055610764532935494,0.0,0.055610764532935494,0.1531228356907377,0.28855838503688575,0.2808651030063629,0.16319648921489716,1.3851975202560425,5.553645133972168,10.130882263183594
1763323487.496056,-0.06194364055024484,0.0,0.06194364055024484,0.10905948736763094,0.2577193385735154,0.2764662802219391,0.1620967835187912,0.6269834637641907,1.893641710281372,7.752418518066406
1763323487.5161254,-0.06778233465247456,0.0,0.06778233465247456,0.10960919766512234,0.2281609332934022,0.26766863465309143,0.16649560630321503,0.8475682139396667,3.8405230045318604,7.822275161743164
1763323487.536015,-0.07312390150736893,0.0,0.07312390150736893,0.1172059772798093,0.21240640122443438,0.25997069478034973,0.18189147114753723,0.8914496898651123,2.727144718170166,7.714748382568359
1763323487.5560124,-0.07793896917989476,0.0,0.07793896917989476,0.10536459537979681,0.16229807276278735,0.23467740416526794,0.2104838490486145,0.5929805040359497,3.782656192779541,7.713556289672852
1763323487.5760956,-0.08211953386769726,0.0,0.08211953386769726,0.07591036784288008,0.23229807276278736,0.2126832902431488,0.23137828707695007,0.513841986656189,5.097442626953125,7.796287536621094
1763323487.5960052,-0.08589111322647527,0.0,0.08589111322647527,0.1048671201133402,0.22665614761412145,0.19838708639144897,0.23687681555747986,0.9114217758178711,7.471331596374512,7.704973220825195
1763323487.6179261,-0.08887494080140641,0.0,0.08887494080140641,0.11866374111559708,0.15665614761412144,0.1873900294303894,0.2357771098613739,0.1573009192943573,11.286154747009277,9.626388549804688
1763323487.6396894,-0.09018184753085359,0.0,0.09018184753085359,0.1537204215564998,0.13710880622267724,0.16869501769542694,0.2280791699886322,0.17571283876895905,1.566786527633667,11.322259902954102
1763323487.6601262,-0.08903628955738334,0.0,0.08903628955738334,0.1646057458856376,0.19513270229101182,0.15769796073436737,0.22697946429252625,0.8581134676933289,3.3860983848571777,11.651992797851562
1763323487.680317,-0.08532807485182328,0.0,0.08532807485182328,0.13293472847726662,0.14545288652181626,0.15109969675540924,0.22478005290031433,0.18832477927207947,1.5942848920822144,11.844873428344727
1763323487.6999445,-0.07945248374054176,0.0,0.07945248374054176,0.18465778029349167,0.13077322736382485,0.14560116827487946,0.22368034720420837,0.5018396377563477,2.562561511993408,11.468887329101562
1763323487.7201343,-0.07202418648035085,0.0,0.07202418648035085,0.2083793001511367,0.18544523760676385,0.14890028536319733,0.22148093581199646,0.9105319976806641,3.173595666885376,11.749029159545898
1763323487.740137,-0.06343018660365303,0.0,0.06343018660365303,0.2406603375711711,0.14600657641887665,0.1467008739709854,0.2126832902431488,0.3423771858215332,2.6667656898498535,11.666297912597656
1763323487.7601852,-0.05384872745498778,0.0,0.05384872745498778,0.2894017750659259,0.18629892885684968,0.14340175688266754,0.19838708639144897,0.31833115220069885,2.3422045707702637,11.814594268798828
1763323487.780453,-0.043550921458628364,0.0,0.043550921458628364,0.26280742867675144,0.2290309925377369,0.14999999105930328,0.18848973512649536,0.17164628207683563,2.7272181510925293,11.979103088378906
1763323487.8000119,-0.034610103377116744,0.0,0.034610103377116744,0.33280742867675145,0.2743302431702614,0.14890028536319733,0.1851906180381775,0.4058983623981476,6.020381927490234,11.531591415405273
1763323487.8200543,-0.02522387811835637,0.0,0.02522387811835637,0.3450407306739362,0.26487642124295235,0.15879766643047333,0.1752932369709015,0.18912333250045776,1.1119438409805298,11.571407318115234
1763323487.8398793,-0.015816082623307432,0.0,0.015816082623307432,0.3638074672856601,0.26076380133628846,0.18409091234207153,0.17859235405921936,0.050201088190078735,1.3785998821258545,11.404991149902344
1763323487.8599672,-0.006641246315134927,0.0,0.006641246315134927,0.42144825449970086,0.2872019109129906,0.20498532056808472,0.17969205975532532,0.20023714005947113,1.2455263137817383,11.484622955322266
1763323487.8801053,0.0020895513651810124,0.0,-0.0020895513651810124,0.3939621332177194,0.21720191091299057,0.24237534403800964,0.1774926483631134,0.04933575540781021,1.4639508724212646,11.63172721862793
1763323487.9000916,0.010120117658610997,0.0,-0.010120117658610997,0.42900994746771176,0.2222548765130341,0.2731671631336212,0.19618767499923706,0.06434006989002228,0.7672633528709412,11.65151596069336
1763323487.9201288,0.017088821110067244,0.0,-0.017088821110067244,0.412310843829182,0.21750293392688036,0.29516127705574036,0.21488270163536072,0.04996834322810173,0.6915855407714844,11.679410934448242
1763323487.9400387,0.022529897468032883,0.0,-0.022529897468032883,0.3516733138897689,0.16804429981857538,0.3215542733669281,0.23467740416526794,0.04912608116865158,0.301875501871109,11.568546295166016
1763323487.9585776,0.02632180805326675,0.0,-0.02632180805326675,0.36301632738497575,0.1761457547545433,0.3446480631828308,0.24567446112632751,0.06535504013299942,0.2705586552619934,10.092020034790039
1763323487.9759827,0.028787449173237282,0.0,-0.028787449173237282,0.3533700895571383,0.12079252675175667,0.3666422367095947,0.2434750497341156,0.033292341977357864,0.31919002532958984,7.674694061279297
1763323487.9962687,0.030266907774639567,0.0,-0.030266907774639567,0.3262817026191624,0.1722850501537323,0.3875366449356079,0.2412756383419037,0.08430319279432297,0.21926318109035492,7.957935333251953
1763323488.0161095,0.031551411504748855,0.0,-0.031551411504748855,0.308383306961623,0.19036061502993107,0.38863635063171387,0.24457475543022156,0.05702570453286171,0.37238672375679016,7.808446884155273
1763323488.0360706,0.03193549175890269,0.0,-0.03193549175890269,0.35511772195633967,0.1787648368626833,0.3831378221511841,0.24237534403800964,0.15535728633403778,0.7075648307800293,7.769346237182617
1763323488.0560215,0.031198898289892335,0.0,-0.031198898289892335,0.333453553270665,0.16906201373785734,0.3798387050628662,0.22697946429252625,0.05820440873503685,0.7242774963378906,7.721900939941406
1763323488.0761583,0.029096901122250267,0.0,-0.029096901122250267,0.37501713122066577,0.23906201373785735,0.37873899936676025,0.21598240733146667,0.08591504395008087,0.48901450634002686,7.8601837158203125
1763323488.0986779,0.025738068079171696,0.0,-0.025738068079171696,0.4350363561027916,0.17939078312367202,0.3820381164550781,0.20718473196029663,0.15318883955478668,1.0706552267074585,10.376453399658203
1763323488.1208973,0.021513927326232953,0.0,-0.021513927326232953,0.3779718638473423,0.1966980143263936,0.3776392936706543,0.19948679208755493,0.42870503664016724,1.3410307168960571,12.418746948242188
1763323488.140055,0.01659794805375628,0.0,-0.01659794805375628,0.3827630551607581,0.170084044970572,0.3754398822784424,0.2027859091758728,1.097571611404419,1.5627901554107666,11.573314666748047
1763323488.160136,0.010967140293591481,0.0,-0.010967140293591481,0.3707866668776842,0.240084044970572,0.3754398822784424,0.1950879693031311,0.18424490094184875,1.8480430841445923,11.65628433227539
1763323488.1800296,0.004664802793429417,0.0,-0.004664802793429417,0.35362888500851114,0.21489570882171394,0.3721407651901245,0.19178885221481323,0.8901552557945251,2.173351526260376,11.526107788085938
1763323488.2001708,-0.001978296584369918,0.0,0.001978296584369918,0.3145589307026239,0.2766656189784408,0.3743401765823364,0.18958944082260132,0.3185800313949585,1.8341407775878906,11.690139770507812
1763323488.2208548,-0.008683004313629582,0.0,0.008683004313629582,0.33632662520569284,0.2670264284685254,0.3743401765823364,0.18629032373428345,0.6106299757957458,1.5796306133270264,12.48788833618164
1763323488.240208,-0.014504202743490083,0.0,0.014504202743490083,0.32205737848591526,0.3306105848029256,0.3721407651901245,0.18958944082260132,0.5871405601501465,2.408602714538574,11.731147766113281
1763323488.2602248,-0.020429198939079365,0.0,0.020429198939079365,0.30584579055022915,0.30283005196601154,0.3721407651901245,0.18629032373428345,0.3286314010620117,1.131357192993164,11.748313903808594
1763323488.2801304,-0.02639142208772342,0.0,0.02639142208772342,0.3003944056184264,0.2777270789816976,0.36884164810180664,0.19178885221481323,1.2473489046096802,3.617351531982422,11.654376983642578
1763323488.3000498,-0.032262796492290274,0.0,0.032262796492290274,0.2743428545148345,0.20772707898169757,0.36444276571273804,0.20938414335250854,0.6997925639152527,2.575352191925049,11.57379150390625
1763323488.3200226,-0.03791632968894505,0.0,0.03791632968894505,0.24845608045172413,0.18051599215716124,0.35674482583999634,0.2357771098613739,0.6974619626998901,2.497896909713745,11.550188064575195
1763323488.3401263,-0.04326955638007987,0.0,0.04326955638007987,0.22308264766645153,0.25051599215716125,0.3446480631828308,0.2610704004764557,0.7987403273582458,1.8338313102722168,11.656761169433594
1763323488.360072,-0.048232684429593844,0.0,0.048232684429593844,0.2556265043170424,0.32051599215716126,0.32375368475914,0.2808651030063629,0.3794389069080353,3.266796112060547,11.600255966186523
1763323488.379903,-0.052794054886380726,0.0,0.052794054886380726,0.2742957631201716,0.29186244126409294,0.3072580397129059,0.2709677517414093,0.22313664853572845,8.022062301635742,11.428356170654297
1763323488.4000187,-0.056834874247826656,0.0,0.056834874247826656,0.28951099795114715,0.27263392325490715,0.2962609827518463,0.2654692232608795,0.15467390418052673,5.386782646179199,11.540412902832031
1763323488.4201474,-0.059962926735689114,0.0,0.059962926735689114,0.3104256307781907,0.2532658297941089,0.27976539731025696,0.26766863465309143,0.18954996764659882,1.6350831985473633,11.672496795654297
1763323488.44,-0.06188941492132438,0.0,0.06188941492132438,0.29175282177340706,0.2717114780470729,0.2709677517414093,0.2687683403491974,0.2115299552679062,1.7187031507492065,11.52801513671875
1763323488.460133,-0.06356204114967202,0.0,0.06356204114967202,0.34188163188111503,0.31719688516110184,0.27206745743751526,0.2665689289569855,0.3933086693286896,3.168914794921875,11.655569076538086
1763323488.480005,-0.06422105286469623,0.0,0.06422105286469623,0.3783429926336976,0.30988211002200844,0.2742668688297272,0.26766863465309143,0.5356403589248657,1.8194526433944702,11.665821075439453
1763323488.500015,-0.06407780379518455,0.0,0.06407780379518455,0.38535166160028894,0.23988211002200843,0.27206745743751526,0.2665689289569855,0.7437528371810913,3.457029342651367,11.53564453125
1763323488.5201795,-0.06317895589956707,0.0,0.06317895589956707,0.42247945443552454,0.2290412759035826,0.2731671631336212,0.2665689289569855,2.20733380317688,4.237935543060303,11.791706085205078
1763323488.5401623,-0.06173854499030861,0.0,0.06173854499030861,0.38354695961636026,0.19746132321655752,0.2764662802219391,0.2709677517414093,1.946958065032959,4.087990760803223,11.693477630615234
1763323488.5600803,-0.05995993688936808,0.0,0.05995993688936808,0.31354695961636025,0.24050391219556333,0.28526392579078674,0.27206745743751526,0.5286675691604614,3.784879207611084,11.609554290771484
1763323488.580155,-0.05799329866684191,0.0,0.05799329866684191,0.34440315917890985,0.23283339558169247,0.2984603941440582,0.2709677517414093,1.0059154033660889,4.217072010040283,11.691570281982422
1763323488.5999932,-0.05590746104328099,0.0,0.05590746104328099,0.27440315917890984,0.3028333955816925,0.3215542733669281,0.27206745743751526,0.338516503572464,1.9378188848495483,11.612176895141602
1763323488.6200936,-0.05379380187805757,0.0,0.05379380187805757,0.23148300559085327,0.2334632748179138,0.340249240398407,0.2709677517414093,0.28032103180885315,3.2269206047058105,11.610031127929688
1763323488.6400104,-0.051756951578032756,0.0,0.051756951578032756,0.22605045200150925,0.2096303408406675,0.35124629735946655,0.26436951756477356,0.24872523546218872,1.5552561283111572,11.529207229614258
1763323488.6616206,-0.04978670428480537,0.0,0.04978670428480537,0.19953994140785652,0.19831963678821923,0.3545454144477844,0.2610704004764557,0.5585148334503174,2.4279651641845703,13.018369674682617
1763323488.6801252,-0.04807608528202318,0.0,0.04807608528202318,0.14859083727758843,0.1998777905618772,0.3468474745750427,0.26766863465309143,0.3309849798679352,2.576773166656494,11.65318489074707
1763323488.6992369,-0.046469868602730814,0.0,0.046469868602730814,0.11024129823606926,0.1664259614562616,0.3479471802711487,0.2533724009990692,0.17371347546577454,3.035796642303467,10.763168334960938
1763323488.7190146,-0.04497849940359016,0.0,0.04497849940359016,0.13499371209007222,0.10270604809280487,0.3369501531124115,0.24457475543022156,0.13789600133895874,2.565126419067383,10.542154312133789
1763323488.7399445,-0.043606205892816594,0.0,0.043606205892816594,0.11938360300671774,0.13466237803455444,0.31495603919029236,0.2357771098613739,0.27646905183792114,2.3860082626342773,11.473417282104492
1763323488.7607837,-0.04235278667395319,0.0,0.04235278667395319,0.11822426914994139,0.12819507896434518,0.2742668688297272,0.22697946429252625,0.09587673842906952,1.191578984260559,12.315988540649414
1763323488.7805834,-0.041214968941629515,0.0,0.041214968941629515,0.12373642567370552,0.09548070460092278,0.24457475543022156,0.20498532056808472,0.14299365878105164,1.7011938095092773,12.109994888305664
1763323488.8000782,-0.040227860705095375,0.0,0.040227860705095375,0.19373642567370553,0.14138750910293313,0.2280791699886322,0.18629032373428345,0.09349039196968079,1.007744312286377,11.5966796875
1763323488.8202012,-0.039371447466894756,0.0,0.039371447466894756,0.12373642567370552,0.07138750910293312,0.21158358454704285,0.1774926483631134,0.3361383378505707,1.4291473627090454,11.757850646972656
1763323488.8404238,-0.03862838309608339,0.0,0.03862838309608339,0.1656281234679045,0.08447790540289135,0.19068914651870728,0.16869501769542694,0.9755213260650635,1.7940707206726074,11.95383071899414
1763323488.860038,-0.038024059912991626,0.0,0.038024059912991626,0.15311045236710924,0.12803865991067143,0.18409091234207153,0.15549854934215546,0.3022051453590393,1.7925376892089844,11.573076248168945
1763323488.88,-0.03757245841700337,0.0,0.03757245841700337,0.13291524946514982,0.18650351114105435,0.1829911768436432,0.14560116827487946,0.4332846403121948,2.3752079010009766,11.530637741088867
1763323488.9007752,-0.037180366468252644,0.0,0.037180366468252644,0.12053935918782371,0.11741404629778118,0.17309382557868958,0.1368035227060318,0.879315972328186,2.5612235069274902,12.403726577758789
1763323488.9205859,-0.03693883998499568,0.0,0.03693883998499568,0.1125242136401357,0.11088352718856187,0.16869501769542694,0.1291055828332901,0.3473794162273407,2.6146552562713623,12.109994888305664
1763323488.940206,-0.036808258731553044,0.0,0.036808258731553044,0.1446054823679151,0.06981448525097222,0.16319648921489716,0.13130499422550201,0.5766298770904541,2.6065053939819336,11.735677719116211
1763323488.9604445,-0.03679860721873522,0.0,0.03679860721873522,0.2146054823679151,0.07772481789346786,0.15879766643047333,0.13570381700992584,0.35308676958084106,2.166347026824951,11.97195053100586
1763323488.980214,-0.036873205501147005,0.0,0.036873205501147005,0.2285364522394957,0.10680148912128062,0.1521994024515152,0.13130499422550201,0.3300110995769501,1.7576303482055664,11.737346649169922
1763323489.0002577,-0.03700435601232554,0.0,0.03700435601232554,0.27810361150477547,0.14204768998082729,0.15549854934215546,0.13350440561771393,0.23593011498451233,1.5002366304397583,11.828184127807617
1763323489.0203264,-0.03717133013680553,0.0,0.03717133013680553,0.28142017156642396,0.2120476899808273,0.15989737212657928,0.1269061416387558,0.30093148350715637,1.1764425039291382,11.850357055664062
1763323489.040031,-0.03735878605652548,0.0,0.03735878605652548,0.26781663236033637,0.14204768998082729,0.15549854934215546,0.12470673024654388,0.17605137825012207,2.18843674659729,11.654853820800781
1763323489.060156,-0.0375959557501297,0.0,0.0375959557501297,0.2354836941958638,0.16864660730119796,0.1774926483631134,0.1269061416387558,0.3985483646392822,1.2564213275909424,11.679887771606445
1763323489.0788157,-0.037861405075847884,0.0,0.037861405075847884,0.3054836941958638,0.20831124832388015,0.19948679208755493,0.12800587713718414,0.13171985745429993,0.9808648824691772,10.412931442260742
1763323489.096101,-0.03809907309098967,0.0,0.03809907309098967,0.2944279844017001,0.19077906919177623,0.22368034720420837,0.1269061416387558,0.28056344389915466,0.8834834098815918,7.779121398925781
1763323489.122705,-0.03830542252968835,0.0,0.03830542252968835,0.23588470835995395,0.21972845470067115,0.24567446112632751,0.12800587713718414,0.18094022572040558,0.8256899118423462,14.400959014892578
1763323489.1409185,-0.038490338887366006,0.0,0.038490338887366006,0.16588470835995395,0.28972845470067116,0.25227269530296326,0.13130499422550201,0.14766132831573486,1.0545642375946045,12.556791305541992
1763323489.1600504,-0.03865549479555904,0.0,0.03865549479555904,0.16615502884087618,0.3264278801297769,0.2632698118686676,0.1543988138437271,0.09224676340818405,7.992607593536377,11.613845825195312
1763323489.1799936,-0.03908556812077318,0.0,0.03908556812077318,0.2361550288408762,0.30041454119142147,0.27206745743751526,0.16539590060710907,0.6699806451797485,9.38099479675293,11.559724807739258
1763323489.2001138,-0.04025430397096095,0.0,0.04025430397096095,0.3061550288408762,0.32828191240783783,0.27536657452583313,0.18958944082260132,0.09470191597938538,5.411403179168701,11.638879776000977
1763323489.2203863,-0.04214786584663675,0.0,0.04214786584663675,0.32930686985549984,0.36833038499113174,0.2687683403491974,0.21708211302757263,0.12373726814985275,2.9332962036132812,12.009382247924805
1763323489.240289,-0.044454545168377796,0.0,0.044454545168377796,0.25930686985549983,0.29833038499113174,0.26986804604530334,0.25007328391075134,0.06460060924291611,6.254098892211914,11.810064315795898
1763323489.2601902,-0.04698737549291219,0.0,0.04698737549291219,0.26264918587577996,0.3168396723782644,0.27206745743751526,0.27536657452583313,0.3237646222114563,4.929800510406494,11.72327995300293
1763323489.2801347,-0.049529677601583645,0.0,0.049529677601583645,0.32436354077828583,0.32285216472577305,0.26986804604530334,0.29516127705574036,0.07125164568424225,3.137185573577881,11.662006378173828
1763323489.300157,-0.05164770541791554,0.0,0.05164770541791554,0.36108535892737564,0.27041281036566944,0.2709677517414093,0.31495603919029236,0.12557223439216614,4.8946685791015625,11.687994003295898
1763323489.3200753,-0.052768373806842774,0.0,0.052768373806842774,0.35970520150323865,0.22105092577170582,0.2742668688297272,0.3193548619747162,0.035353709012269974,0.8603771924972534,11.651992797851562
1763323489.340205,-0.05374136671413209,0.0,0.05374136671413209,0.37803447354992387,0.22843723253812642,0.27536657452583313,0.32045456767082214,0.10691171139478683,1.3019676208496094,11.732101440429688
1763323489.360648,-0.05332426373656157,0.0,0.05332426373656157,0.35481734868546483,0.29843723253812643,0.2764662802219391,0.3215542733669281,0.3556234538555145,1.4927055835723877,12.180089950561523
1763323489.3801572,-0.0514674852649064,0.0,0.0514674852649064,0.37099691775103566,0.2921120095206425,0.27976539731025696,0.31825515627861023,0.12578517198562622,1.3094308376312256,11.680364608764648
1763323489.4000437,-0.04845753207264885,0.0,0.04845753207264885,0.3084932073618984,0.2871994570968673,0.2940615713596344,0.32045456767082214,0.2676418721675873,3.638986110687256,11.572599411010742
1763323489.420216,-0.04472593328948774,0.0,0.04472593328948774,0.2937236671935534,0.29756496000569316,0.3061583340167999,0.30505862832069397,0.14156492054462433,2.3335297107696533,11.877059936523438
1763323489.44023,-0.04059143949459505,0.0,0.04059143949459505,0.25918207146634814,0.3166850143251941,0.3215542733669281,0.2995600998401642,0.17014822363853455,3.4939064979553223,11.755704879760742
1763323489.4603963,-0.036286066855941074,0.0,0.036286066855941074,0.2747204063128447,0.28374746527057143,0.33365103602409363,0.29296186566352844,0.18277809023857117,3.6199941635131836,11.920690536499023
1763323489.4808686,-0.032015900656538046,0.0,0.032015900656538046,0.2836029745306587,0.2578883421747014,0.339149534702301,0.2863636314868927,0.06467020511627197,0.9920987486839294,12.395381927490234
1763323489.500093,-0.027882727937183823,0.0,0.027882727937183823,0.2139039553370094,0.2395447426615283,0.339149534702301,0.2863636314868927,0.07768328487873077,0.6078807711601257,11.616230010986328
1763323489.5201628,-0.023953637535320052,0.0,0.023953637535320052,0.20245243996789214,0.23731192868668588,0.339149534702301,0.28526392579078674,0.06414596736431122,0.8708670139312744,11.778593063354492
1763323489.539936,-0.02031027737706324,0.0,0.02031027737706324,0.27245243996789215,0.22082575705368074,0.339149534702301,0.28306451439857483,0.08457165211439133,0.5984741449356079,11.462211608886719
1763323489.558791,-0.017147019068262544,0.0,0.017147019068262544,0.23771912217547653,0.22991719857323917,0.32595309615135193,0.278665691614151,0.04857665300369263,1.6029021739959717,10.319948196411133
1763323489.5765057,-0.014174550696517548,0.0,0.014174550696517548,0.19666660190036056,0.2090644316421822,0.3072580397129059,0.2654692232608795,0.16619713604450226,1.4816811084747314,8.165836334228516
1763323489.5961003,-0.011412940368467602,0.0,0.011412940368467602,0.2263620345335221,0.13906443164218218,0.29076245427131653,0.2577712833881378,0.10094001889228821,2.5710642337799072,7.792949676513672
1763323489.6160214,-0.008910997757501902,0.0,0.008910997757501902,0.22280069193278906,0.1066363272117451,0.29076245427131653,0.2577712833881378,0.11807522177696228,0.9629780650138855,7.720708847045898
1763323489.6381176,-0.006614925790828159,0.0,0.006614925790828159,0.19749232320522425,0.08106866896618159,0.2588709890842438,0.23687681555747986,0.11959468573331833,1.3558504581451416,9.814977645874023
1763323489.660499,-0.0045223602764968545,0.0,0.0045223602764968545,0.18809177199786065,0.13395546421874316,0.25007328391075134,0.20938414335250854,0.10747315734624863,1.075326681137085,12.023210525512695
1763323489.6798944,-0.002626295702128528,0.0,0.002626295702128528,0.17208643848483918,0.19185283452738078,0.2434750497341156,0.18958944082260132,0.15856464207172394,0.8966975808143616,11.420249938964844
1763323489.6996763,-0.0009571153152523413,0.0,0.0009571153152523413,0.1716694708162686,0.19812071508262308,0.22917887568473816,0.1752932369709015,0.11769375950098038,0.5584243535995483,11.297941207885742
1763323489.7163148,0.000510484684498345,0.0,-0.000510484684498345,0.20879053577722517,0.14154770410154016,0.2203812301158905,0.16319648921489716,0.1784188598394394,3.6122426986694336,7.996320724487305
1763323489.73601,0.0017589645505310413,0.0,-0.0017589645505310413,0.21056033982371447,0.12137674166355283,0.2104838490486145,0.17419353127479553,0.13209155201911926,0.8960062265396118,7.710456848144531
1763323489.7560334,0.0027819164060479415,0.0,-0.0027819164060479415,0.19009986831282732,0.09850296749267728,0.20498532056808472,0.17309382557868958,0.07561678439378738,0.6341410875320435,7.733583450317383
1763323489.7779117,0.0036700693242088345,0.0,-0.0036700693242088345,0.1825977771956241,0.15960054098162801,0.2005864977836609,0.16759531199932098,0.06719426810741425,0.5770232677459717,9.607076644897461
1763323489.8001266,0.004392378171875057,0.0,-0.004392378171875057,0.19566441918199418,0.22960054098162802,0.19838708639144897,0.15989737212657928,0.16249945759773254,1.7001361846923828,11.646509170532227
1763323489.8202937,0.004980458601637991,0.0,-0.004980458601637991,0.2656644191819942,0.2229030264215544,0.1928885579109192,0.1521994024515152,0.0647381991147995,4.736834526062012,11.91401481628418
1763323489.8402681,0.005419379901912544,0.0,-0.005419379901912544,0.19643846715276597,0.1529030264215544,0.19178885221481323,0.15549854934215546,0.1991845667362213,1.8098814487457275,11.901378631591797
1763323489.860148,0.005743130466402265,0.0,-0.005743130466402265,0.266438467152766,0.2229030264215544,0.19068914651870728,0.15879766643047333,0.049523912370204926,0.9211165904998779,11.68060302734375
1763323489.8798192,0.0059783532805553945,0.0,-0.0059783532805553945,0.27911125747894405,0.24181439929176124,0.1928885579109192,0.15329910814762115,0.0935259535908699,0.8876197338104248,11.34347915649414
1763323489.9005818,0.006145887179981752,0.0,-0.006145887179981752,0.26981071168964266,0.22848890364635738,0.18958944082260132,0.15549854934215546,0.04212160035967827,0.5160278677940369,12.113809585571289
1763323489.9183211,0.006261990346131271,0.0,-0.006261990346131271,0.3334659316617763,0.24650683828163894,0.19398826360702515,0.15769796073436737,0.16007563471794128,0.4148826599121094,9.94420051574707
1763323489.9359283,0.006339310845096065,0.0,-0.006339310845096065,0.35016601132636427,0.17650683828163893,0.1950879693031311,0.16319648921489716,0.06643503159284592,0.30223312973976135,7.625102996826172
1763323489.9601243,0.006387655889070731,0.0,-0.006387655889070731,0.3595154534134781,0.20732565455604346,0.2027859091758728,0.1829911768436432,0.06179378554224968,0.16668559610843658,11.813879013061523
1763323489.9799972,0.006414601020707001,0.0,-0.006414601020707001,0.3676161074120319,0.2064689380209893,0.21928152441978455,0.2005864977836609,0.043655525892972946,0.3387409448623657,11.522054672241211
1763323490.000154,0.006437995471935491,0.0,-0.006437995471935491,0.37039637351816057,0.23771784092299642,0.24237534403800964,0.21708211302757263,0.03630273416638374,0.5473393201828003,11.673688888549805
1763323490.020056,0.006486711616591468,0.0,-0.006486711616591468,0.4049976409453666,0.2612022628169507,0.2731671631336212,0.22148093581199646,0.03439594805240631,0.5319918394088745,11.673927307128906
1763323490.0408485,0.006551731805012584,0.0,-0.006551731805012584,0.3611221366602695,0.22369770529679955,0.2995600998401642,0.2203812301158905,0.04728306457400322,0.2643926441669464,12.38393783569336
1763323490.060059,0.006666790763613683,0.0,-0.006666790763613683,0.34134087311511396,0.2206683257687837,0.3215542733669281,0.22258064150810242,0.13442561030387878,0.4695131480693817,11.594772338867188
1763323490.0806727,0.0068135733058415845,0.0,-0.0068135733058415845,0.3203457200009143,0.24367607255466284,0.34354835748672485,0.22697946429252625,0.09468605369329453,0.6375179886817932,12.199878692626953
1763323490.1005259,0.006978521989960686,0.0,-0.006978521989960686,0.3247188108082628,0.2476111427973956,0.3622433543205261,0.23247799277305603,0.06033845245838165,0.42504340410232544,12.170553207397461
1763323490.1200423,0.007030457613516851,0.0,-0.007030457613516851,0.38822510112484454,0.2554291273560375,0.3666422367095947,0.23137828707695007,0.07200094312429428,0.7457872033119202,11.664390563964844
1763323490.1401963,0.006638676713381841,0.0,-0.006638676713381841,0.37739565708150624,0.24885691992007197,0.3666422367095947,0.23247799277305603,0.207847461104393,1.1520936489105225,11.720895767211914
1763323490.161002,0.005463889537364957,0.0,-0.005463889537364957,0.3451864544342971,0.1874937779363245,0.3677419424057007,0.2357771098613739,0.20399489998817444,1.518362045288086,12.532234191894531
1763323490.1802995,0.003533635516558752,0.0,-0.003533635516558752,0.34302232130838095,0.18774633850320244,0.3677419424057007,0.233577698469162,0.16895243525505066,1.9379515647888184,11.826515197753906
1763323490.2001262,0.001129520653291449,0.0,-0.001129520653291449,0.2755231530911988,0.2176006175146904,0.37104105949401855,0.23467740416526794,0.12536385655403137,2.217255115509033,11.650800704956055
1763323490.2204823,-0.0009577932509644846,0.0,0.0009577932509644846,0.287645330610103,0.21813711735070684,0.3677419424057007,0.233577698469162,0.19097459316253662,1.1529697179794312,12.102842330932617
1763323490.2407837,-0.003352627706836505,0.0,0.003352627706836505,0.26789902146381794,0.23292519922018984,0.36884164810180664,0.233577698469162,0.5192223787307739,2.201521635055542,12.420177459716797
1763323490.2600565,-0.005897944310485672,0.0,0.005897944310485672,0.24683925877732693,0.23163107958738693,0.36444276571273804,0.2357771098613739,0.4459989666938782,1.4731228351593018,11.579275131225586
1763323490.2804663,-0.008480701319619864,0.0,0.008480701319619864,0.2652490790508455,0.2738634328276385,0.3545454144477844,0.23247799277305603,0.18792560696601868,0.995740532875061,12.001752853393555
1763323490.3003893,-0.01102139541492968,0.0,0.01102139541492968,0.2541457805357641,0.24339285296504387,0.34134894609451294,0.23137828707695007,0.17541329562664032,2.3717198371887207,11.916160583496094
1763323490.3201644,-0.013465913710727652,0.0,0.013465913710727652,0.24336384605092465,0.26531934541766533,0.3292522132396698,0.23027858138084412,0.09118310362100601,1.0087599754333496,11.78598403930664
1763323490.3402421,-0.015779205158854802,0.0,0.015779205158854802,0.23857266405073463,0.28169772391323933,0.30285921692848206,0.22917887568473816,0.276486873626709,1.761224389076233,11.766672134399414
1763323490.360306,-0.01794038245701373,0.0,0.01794038245701373,0.18093359419552146,0.22373396520619282,0.28966274857521057,0.23137828707695007,0.21146239340305328,2.392085075378418,11.818885803222656
1763323490.3800628,-0.019938946646159653,0.0,0.019938946646159653,0.23337563448993026,0.22411800977773966,0.278665691614151,0.22917887568473816,0.4345428943634033,4.302967548370361,11.587858200073242
1763323490.4000182,-0.021771891006069126,0.0,0.021771891006069126,0.26207917132822334,0.21839706889353694,0.27206745743751526,0.23027858138084412,0.15195097029209137,0.7056965827941895,11.530160903930664
1763323490.419983,-0.023441492020735245,0.0,0.023441492020735245,0.2045730123802787,0.188341698711738,0.2555718719959259,0.23137828707695007,0.06928424537181854,5.2802653312683105,11.59811019897461
1763323490.4398937,-0.024891082248606533,0.0,0.024891082248606533,0.19610993699578105,0.118341698711738,0.2434750497341156,0.2280791699886322,0.08704787492752075,5.605910778045654,11.422395706176758
1763323490.460197,-0.026212207033521142,0.0,0.026212207033521142,0.18222846039978324,0.11747070046141744,0.23907622694969177,0.22917887568473816,0.22369849681854248,1.287480354309082,11.72184944152832
1763323490.4801297,-0.027409284133126103,0.0,0.027409284133126103,0.1668359464540845,0.07994990440085531,0.24567446112632751,0.22917887568473816,0.08247093856334686,2.5859627723693848,11.661052703857422
1763323490.500504,-0.02844822339828171,0.0,0.02844822339828171,0.1311534321442014,0.12436191009357572,0.23247799277305603,0.2280791699886322,0.14947493374347687,1.2452231645584106,12.035131454467773
1763323490.520636,-0.029188230482464793,0.0,0.029188230482464793,0.09271767498401462,0.11523630952462555,0.22368034720420837,0.22368034720420837,0.15538397431373596,2.7719035148620605,12.273073196411133
1763323490.5403628,-0.029620246515885736,0.0,0.029620246515885736,0.11707183481601535,0.11058176185935736,0.21708211302757263,0.2027859091758728,0.18979017436504364,1.7973248958587646,11.889219284057617
1763323490.560093,-0.029826952257719027,0.0,0.029826952257719027,0.15862545506504833,0.11306146083399654,0.2104838490486145,0.1873900294303894,0.12600263953208923,0.7945438623428345,11.616945266723633
1763323490.5801737,-0.029871714173606182,0.0,0.029871714173606182,0.1489914846181637,0.13017067236825824,0.19178885221481323,0.17639294266700745,0.4048723578453064,2.4560153484344482,11.699438095092773
1763323490.601015,-0.029843241283199616,0.0,0.029843241283199616,0.2058415938675171,0.06017067236825824,0.1829911768436432,0.16099707782268524,0.45187321305274963,4.298018455505371,12.54725456237793
1763323490.620163,-0.029764651329916604,0.0,0.029764651329916604,0.1358415938675171,0.13017067236825824,0.17639294266700745,0.1521994024515152,0.18990851938724518,1.745375394821167,11.777162551879883
1763323490.6403112,-0.0296937501763626,0.0,0.0296937501763626,0.08998761025664864,0.13291561853140593,0.17309382557868958,0.14560116827487946,0.3640596866607666,1.45853853225708,11.835098266601562
1763323490.6601224,-0.029632191984654603,0.0,0.029632191984654603,0.1285241625964409,0.13813596468418837,0.1752932369709015,0.1368035227060318,0.8106278777122498,2.7767670154571533,11.651277542114258
1763323490.6801894,-0.02957661171126493,0.0,0.02957661171126493,0.12995383704488633,0.1395536854909733,0.16539590060710907,0.13020528852939606,0.12522229552268982,1.047640323638916,11.719703674316406
1763323490.7002895,-0.02956707629581223,0.0,0.02956707629581223,0.19186815435474275,0.15627354085911066,0.15879766643047333,0.12800587713718414,0.23146457970142365,2.480351448059082,11.817455291748047
1763323490.7200625,-0.029589774042214263,0.0,0.029589774042214263,0.23393004576151727,0.21051581651438028,0.15549854934215546,0.12800587713718414,0.13040947914123535,0.7655138969421387,11.683940887451172
1763323490.7400405,-0.029674690015871315,0.0,0.029674690015871315,0.2769469302374637,0.2617431923793629,0.1543988138437271,0.1291055828332901,0.13414011895656586,2.7436649799346924,11.563777923583984
1763323490.760436,-0.029800583600791988,0.0,0.029800583600791988,0.3447967302281177,0.2905066989408806,0.15989737212657928,0.13130499422550201,0.38284099102020264,1.0912795066833496,11.961221694946289
1763323490.780332,-0.02999204942099386,0.0,0.02999204942099386,0.32567510942404626,0.30939033516217024,0.15549854934215546,0.13570381700992584,0.2965025305747986,2.627368450164795,11.862039566040039
1763323490.8002248,-0.030183586470203166,0.0,0.030183586470203166,0.32212606517074166,0.25117657594848425,0.17199411988258362,0.1620967835187912,0.15124961733818054,0.42600879073143005,11.748313903808594
1763323490.820097,-0.030370125055104183,0.0,0.030370125055104183,0.3277266670711106,0.24859523871447892,0.20718473196029663,0.19728738069534302,0.15578791499137878,1.1793407201766968,11.699676513671875
1763323490.8407435,-0.03050784769926421,0.0,0.03050784769926421,0.37796108170819936,0.2548664873978123,0.24567446112632751,0.23137828707695007,0.16662338376045227,0.6685534119606018,12.370109558105469
1763323490.8600602,-0.030527178279522622,0.0,0.030527178279522622,0.3216942970402306,0.2937617106875405,0.27206745743751526,0.2577712833881378,0.10989373177289963,0.9710429310798645,11.584043502807617
1763323490.8800752,-0.030543961582836125,0.0,0.030543961582836125,0.3457886011101073,0.2973945222841576,0.29736068844795227,0.26436951756477356,0.07952583581209183,1.4637746810913086,11.608600616455078
1763323490.9003181,-0.03043791038607827,0.0,0.03043791038607827,0.40176397494447885,0.279406430949457,0.3116569221019745,0.2654692232608795,0.12579071521759033,1.9762438535690308,11.84225082397461
1763323490.9206755,-0.03020890781739249,0.0,0.03020890781739249,0.39317354399187027,0.30646925122011454,0.3270528018474579,0.2654692232608795,0.1863091140985489,1.8523261547088623,12.309551239013672
1763323490.9401696,-0.029860113070219498,0.0,0.029860113070219498,0.3806402108393377,0.2784667227463797,0.33255133032798767,0.2742668688297272,0.06771687418222427,0.8053272366523743,11.696577072143555
1763323490.9601681,-0.029437305469309703,0.0,0.029437305469309703,0.3692210077069467,0.25523064733017237,0.34134894609451294,0.28196480870246887,0.13109339773654938,1.6313918828964233,11.687994003295898
1763323490.9801013,-0.028974233038400007,0.0,0.028974233038400007,0.36259217259881554,0.20477077812422068,0.3523460030555725,0.28526392579078674,0.1229666918516159,1.0379825830459595,11.627674102783203
1763323491.0003815,-0.028495397669476303,0.0,0.028495397669476303,0.3295107044040924,0.16124328673351557,0.3622433543205261,0.2885630428791046,0.2313435673713684,1.6415079832077026,11.909723281860352
1763323491.0201004,-0.028018233327643374,0.0,0.028018233327643374,0.36713948172924576,0.16632870939094574,0.37324047088623047,0.28526392579078674,0.6362624168395996,1.9614806175231934,11.699676513671875
1763323491.0404162,-0.02755480526405118,0.0,0.02755480526405118,0.3026976518094307,0.20410167407710106,0.37873899936676025,0.28746333718299866,0.3741627633571625,1.718407392501831,11.941671371459961
1763323491.060187,-0.027113131747817158,0.0,0.027113131747817158,0.30239088407775855,0.17646310087759048,0.3754398822784424,0.2863636314868927,1.064981460571289,1.943390130996704,11.713504791259766
1763323491.080048,-0.026738636673618858,0.0,0.026738636673618858,0.2753007648797939,0.21582922321278603,0.3754398822784424,0.2632698118686676,1.4554874897003174,3.372403621673584,11.572122573852539
1763323491.100178,-0.026413490488886606,0.0,0.026413490488886606,0.24862431681773162,0.21796286646742374,0.37873899936676025,0.24237534403800964,0.4424944221973419,1.7437387704849243,11.705398559570312
1763323491.1200633,-0.026138371989170905,0.0,0.026138371989170905,0.24420118139183616,0.2413445131899789,0.3776392936706543,0.23247799277305603,0.48121869564056396,1.6064658164978027,11.676311492919922
1763323491.1401203,-0.025905252459005,0.0,0.025905252459005,0.22551934228336906,0.24413928161840887,0.3545454144477844,0.22148093581199646,0.28469178080558777,1.401855230331421,11.646509170532227
1763323491.160104,-0.02578830423278921,0.0,0.02578830423278921,0.2112639368796954,0.2141332808462903,0.3347507417201996,0.2126832902431488,0.31390801072120667,1.174182653427124,11.631965637207031
1763323491.1800005,-0.025997695882462223,0.0,0.025997695882462223,0.15705355343467092,0.21431227372551803,0.3160557448863983,0.21378299593925476,0.377890020608902,2.7721240520477295,11.526823043823242
1763323491.200082,-0.026670805731278655,0.0,0.026670805731278655,0.15257586392632222,0.19400464342499618,0.3017595112323761,0.21598240733146667,0.49225345253944397,1.2274425029754639,11.611700057983398
1763323491.2201707,-0.027688693326060516,0.0,0.027688693326060516,0.21374462026229596,0.20226506394858007,0.27536657452583313,0.2126832902431488,0.5480682253837585,1.9743013381958008,11.830568313598633
1763323491.2399302,-0.028919230474737656,0.0,0.028919230474737656,0.2581216678308556,0.13226506394858006,0.2577712833881378,0.2126832902431488,0.6020190119743347,1.4451740980148315,11.520147323608398
1763323491.2601483,-0.03026503916511098,0.0,0.03026503916511098,0.20990880060067868,0.20226506394858007,0.24017593264579773,0.21378299593925476,0.3737236559391022,2.7498092651367188,11.653423309326172
1763323491.2802937,-0.03165544456684986,0.0,0.03165544456684986,0.2655278019892285,0.17339930003101472,0.22697946429252625,0.2104838490486145,0.7818520069122314,3.251974105834961,11.81173324584961
1763323491.3000019,-0.03304018198467857,0.0,0.03304018198467857,0.3049695812450955,0.22171124135667925,0.2280791699886322,0.2104838490486145,0.36212557554244995,1.8039748668670654,11.659860610961914
1763323491.320311,-0.03424244636486262,0.0,0.03424244636486262,0.3049794336502237,0.24735560146684293,0.2280791699886322,0.19618767499923706,0.4268759489059448,2.3516783714294434,11.929512023925781
1763323491.3401592,-0.035387896653757585,0.0,0.035387896653757585,0.27623209671124643,0.2790041441988433,0.22258064150810242,0.19068914651870728,0.13152675330638885,1.6987396478652954,11.686563491821289
1763323491.3603826,-0.03638284096493075,0.0,0.03638284096493075,0.2868335231859965,0.20900414419884328,0.22917887568473816,0.1873900294303894,0.40359437465667725,6.94348669052124,11.90042495727539
1763323491.3802173,-0.03720659721783099,0.0,0.03720659721783099,0.21683352318599647,0.15793481750006322,0.2258797585964203,0.19178885221481323,0.231761172413826,3.0281565189361572,11.742591857910156
1763323491.400048,-0.03788973958793897,0.0,0.03788973958793897,0.2002776737232489,0.15984500899503473,0.22697946429252625,0.18958944082260132,0.23520763218402863,2.1117172241210938,11.570215225219727
1763323491.4203627,-0.03845721016299497,0.0,0.03845721016299497,0.1302776737232489,0.1885785828490043,0.23687681555747986,0.18848973512649536,0.16687564551830292,1.3092900514602661,11.973142623901367
1763323491.4401193,-0.03892938174677062,0.0,0.03892938174677062,0.1520334994514269,0.14783849894593004,0.23907622694969177,0.19068914651870728,0.055268265306949615,3.705716133117676,11.645317077636719
1763323491.460786,-0.039322916484757824,0.0,0.039322916484757824,0.16338401474997227,0.0979234720725799,0.23467740416526794,0.19068914651870728,0.24234557151794434,3.8855321407318115,12.31837272644043
1763323491.4802945,-0.039651460042769454,0.0,0.039651460042769454,0.11052272656008427,0.14723056882212404,0.2357771098613739,0.18848973512649536,0.11427606642246246,1.6864659786224365,11.825323104858398
1763323491.5003424,-0.03992620326880824,0.0,0.03992620326880824,0.0718709472660703,0.10053785100171808,0.23907622694969177,0.18629032373428345,0.26628610491752625,8.984103202819824,11.868715286254883
1763323491.5204046,-0.040156337008868954,0.0,0.040156337008868954,0.03968915530487721,0.08590136516431812,0.23247799277305603,0.1774926483631134,0.03381853923201561,1.2277345657348633,12.024879455566406
1763323491.5405958,-0.04035614499758307,0.0,0.04035614499758307,0.007004773253647734,0.07225505403766874,0.20938414335250854,0.17309382557868958,0.1613483726978302,2.005650758743286,12.226104736328125
1763323491.560139,-0.040522899120073806,0.0,0.040522899120073806,0.024972969675509382,0.08953146405110601,0.18848973512649536,0.15549854934215546,0.15068654716014862,1.8245410919189453,11.659622192382812
1763323491.579979,-0.040662299886934344,0.0,0.040662299886934344,0.030670336457042147,0.12097819663176779,0.17199411988258362,0.14340175688266754,0.1936647593975067,0.9483397006988525,11.50965690612793
1763323491.600648,-0.040819455556707365,0.0,0.040819455556707365,0.0,0.15799037508259062,0.15549854934215546,0.13350440561771393,0.2267318069934845,1.078216314315796,12.281179428100586
1763323491.6203425,-0.041025229514201185,0.0,0.041025229514201185,0.0,0.13046771987865213,0.13460411131381989,0.1269061416387558,0.10581349581480026,4.602160453796387,11.962413787841797
1763323491.640123,-0.04129977753254441,0.0,0.04129977753254441,0.00232773763127625,0.12476889697427396,0.12250731885433197,0.12580643594264984,0.15707436203956604,2.499619483947754,11.646747589111328
1763323491.6601272,-0.041614858983444546,0.0,0.041614858983444546,0.0006871969671919942,0.11996016606281046,0.10271261632442474,0.13020528852939606,0.3725954294204712,1.874626636505127,11.638879776000977
1763323491.680248,-0.04199021812568291,0.0,0.04199021812568291,0.04020808276254684,0.07137024730036501,0.06972139328718185,0.1269061416387558,0.14540988206863403,2.01760196685791,11.773347854614258
1763323491.7000535,-0.042316696620691,0.0,0.042316696620691,0.0,0.026507503833272494,0.0455278679728508,0.12580643594264984,0.15810300409793854,2.8030576705932617,11.668682098388672
1763323491.7200282,-0.04227719606339665,0.0,0.04227719606339665,0.0,0.020074348445632495,0.03123166784644127,0.12250731885433197,0.15523433685302734,0.7518101930618286,11.650562286376953
1763323491.7399504,-0.041458971944434486,0.0,0.041458971944434486,0.00751487398520112,0.022070748047553934,0.01913490518927574,0.11810849606990814,0.11844844371080399,0.9413036704063416,11.479616165161133
1763323491.7604477,-0.040748568874097744,0.0,0.040748568874097744,0.06924501666799188,0.027816943140351214,0.016935493797063828,0.11370967328548431,0.13256996870040894,1.171288251876831,11.976242065429688
1763323491.780301,-0.03881736149793848,0.0,0.03881736149793848,0.04721136996522546,0.0,0.01253664493560791,0.10711143910884857,0.15764038264751434,0.658278226852417,11.764764785766602
1763323491.8000193,-0.035482685603096344,0.0,0.035482685603096344,0.04092080192640424,0.024877509102225304,0.011436939239501953,0.0939149409532547,0.17315874993801117,0.5069801211357117,11.54184341430664
1763323491.820185,-0.030775938168750287,0.0,0.030775938168750287,0.09171489672735333,0.0,0.007038116455078125,0.086217001080513,0.2954232394695282,1.2874207496643066,11.81173324584961
1763323491.8407736,-0.024997655125837313,0.0,0.024997655125837313,0.08287745574489236,0.04538780078291893,0.007038116455078125,0.08071848005056381,0.3174460828304291,0.8168407678604126,12.398719787597656
1763323491.8603408,-0.018627390460252337,0.0,0.018627390460252337,0.07877240050584078,0.07682592049241066,0.016935493797063828,0.05982404202222824,0.07015325129032135,0.3795338273048401,11.866331100463867
1763323491.8802483,-0.012013834596086195,0.0,0.012013834596086195,0.09268489386886358,0.018625520169734955,0.025733139365911484,0.05542521923780441,0.12238370627164841,0.6688911318778992,11.774778366088867
1763323491.90033,-0.0054055929899775946,0.0,0.0054055929899775946,0.12754764314740896,0.02069195290096104,0.030131962150335312,0.051026396453380585,0.04827786982059479,0.6078660488128662,11.848211288452148
1763323491.9203873,0.001024797931058012,0.0,-0.001024797931058012,0.1540040960535407,0.0,0.030131962150335312,0.04882698506116867,0.06726352125406265,0.24078764021396637,11.905193328857422
1763323491.9398246,0.007162184978131238,0.0,-0.007162184978131238,0.15594961994793266,0.012658252380788326,0.040029313415288925,0.05652492493391037,0.0417390838265419,0.27832546830177307,11.461019515991211
1763323491.9558966,0.012934307086335466,0.0,-0.012934307086335466,0.21621730679180473,0.060862298123538494,0.040029313415288925,0.05652492493391037,0.03605106100440025,0.342713862657547,7.580041885375977
1763323491.976035,0.017945810869954046,0.0,-0.017945810869954046,0.18360340723302215,0.08486016746610403,0.058724336326122284,0.04992669075727463,0.03838114067912102,0.46244192123413086,7.7342987060546875
1763323491.9959671,0.02265171518786162,0.0,-0.02265171518786162,0.14971152076032013,0.08130169962532818,0.0785190686583519,0.0455278679728508,0.06063280254602432,0.30030542612075806,7.666826248168945
1763323492.0160794,0.027021332490673577,0.0,-0.027021332490673577,0.16074048297014087,0.10032339137978852,0.10161291062831879,0.036730196326971054,0.09030016511678696,0.530380368232727,7.777929306030273
1763323492.0359287,0.03104221061585193,0.0,-0.03104221061585193,0.17085680493619293,0.11557712336070836,0.13350440561771393,0.03892960771918297,0.11525556445121765,0.5691692233085632,7.629632949829102
1763323492.055919,0.034714891519024876,0.0,-0.034714891519024876,0.22912334778811783,0.18452605535276234,0.1543988138437271,0.04662757366895676,0.07093774527311325,0.42280054092407227,7.618188858032227
1763323492.0760648,0.038048928332755576,0.0,-0.038048928332755576,0.2648054932942614,0.22813123022206128,0.15769796073436737,0.0455278679728508,0.06557340174913406,0.6082000732421875,7.766246795654297
1763323492.0959916,0.041059881404918404,0.0,-0.041059881404918404,0.3348054932942614,0.2555695038754493,0.1565982550382614,0.0455278679728508,0.08182564377784729,0.702055037021637,7.6904296875
1763323492.1159399,0.04372664558554563,0.0,-0.04372664558554563,0.3618797762831673,0.23957521957345307,0.1620967835187912,0.07192083448171616,0.058394551277160645,0.7575323581695557,7.640600204467773
1763323492.1358836,0.045922349010200154,0.0,-0.045922349010200154,0.3108367911120877,0.244146236917004,0.17859235405921936,0.1038123220205307,0.08098971843719482,0.28856712579727173,7.5836181640625
1763323492.1559196,0.047207432615324375,0.0,-0.047207432615324375,0.2865802357485518,0.2303776468615979,0.19948679208755493,0.14890028536319733,0.11772490292787552,0.6525251865386963,7.615566253662109
1763323492.176069,0.04697716336282389,0.0,-0.04697716336282389,0.2802981115458533,0.1603776468615979,0.23027858138084412,0.1829911768436432,0.22023284435272217,3.1711432933807373,7.765531539916992
1763323492.197577,0.046777237718749774,0.0,-0.046777237718749774,0.29802929009776563,0.15617258015088736,0.2632698118686676,0.20718473196029663,0.12781812250614166,0.780117392539978,9.27734375
1763323492.215999,0.04443529453299957,0.0,-0.04443529453299957,0.34382986049633474,0.17206378939561545,0.28526392579078674,0.22148093581199646,0.157760351896286,0.536571741104126,7.699251174926758
1763323492.2360795,0.040020423145652774,0.0,-0.040020423145652774,0.2948928191838786,0.18036717555485665,0.2885630428791046,0.22368034720420837,0.10968919098377228,0.39305686950683594,7.77888298034668
1763323492.2601628,0.034282089873475474,0.0,-0.034282089873475474,0.28176159277092666,0.15228530957363545,0.29516127705574036,0.21378299593925476,0.22715142369270325,0.7124238014221191,11.86370849609375
1763323492.2798884,0.02781616694732533,0.0,-0.02781616694732533,0.22816456347238273,0.1382052833866328,0.30505862832069397,0.2082844376564026,0.08025120198726654,1.036257266998291,11.417388916015625
1763323492.3000257,0.02101528320187797,0.0,-0.02101528320187797,0.2565553491516039,0.14995973750017583,0.31055721640586853,0.21158358454704285,0.1807195544242859,1.0271626710891724,11.559009552001953
1763323492.3213048,0.014201406697474148,0.0,-0.014201406697474148,0.20168943382333965,0.21995973750017583,0.3116569221019745,0.20938414335250854,0.08032847940921783,0.7404478788375854,12.908935546875
1763323492.3398626,0.007558084668383211,0.0,-0.007558084668383211,0.1958786072721705,0.1980162465479225,0.3116569221019745,0.20938414335250854,0.0732218399643898,1.8487612009048462,11.393547058105469
1763323492.360093,0.0012083104855092766,0.0,-0.0012083104855092766,0.17391617135610432,0.19298048899509013,0.303958922624588,0.20388561487197876,0.0894988551735878,2.082794666290283,11.61503791809082
1763323492.380267,-0.00481065138630718,0.0,0.00481065138630718,0.16094854479189963,0.2551737076137215,0.2984603941440582,0.19838708639144897,0.12408307194709778,1.6045267581939697,11.780023574829102
1763323492.400354,-0.010441208401861786,0.0,0.010441208401861786,0.13772260030265898,0.2649756905157119,0.28306451439857483,0.19398826360702515,0.20996110141277313,4.488716125488281,11.87753677368164
1763323492.420209,-0.01532980175771351,0.0,0.01532980175771351,0.1957260892307386,0.2601552044507116,0.25447216629981995,0.1928885579109192,0.2739809453487396,2.120156764984131,11.736154556274414
1763323492.4399197,-0.01989799583861895,0.0,0.01989799583861895,0.2073236564686522,0.2559898344334215,0.2357771098613739,0.19728738069534302,0.103004589676857,2.480316162109375,11.448860168457031
1763323492.4598775,-0.024123252585306166,0.0,0.024123252585306166,0.180029069124721,0.2835563903208822,0.22148093581199646,0.1950879693031311,0.25387027859687805,1.727325201034546,11.404752731323242
1763323492.4799333,-0.027998955579996862,0.0,0.027998955579996862,0.20343771861400456,0.29415513458661735,0.22148093581199646,0.1950879693031311,0.14873526990413666,4.454803466796875,11.45625114440918
1763323492.5000513,-0.03152972164041522,0.0,0.03152972164041522,0.19018990830983967,0.2971072616055608,0.2126832902431488,0.21158358454704285,0.16804414987564087,4.059859275817871,11.573314666748047
1763323492.5199137,-0.0347278482940339,0.0,0.0347278482940339,0.20965525047387928,0.3058291897177696,0.2005864977836609,0.24017593264579773,1.3135712146759033,4.035101890563965,11.437654495239258
1763323492.5399885,-0.03720636483202876,0.0,0.03720636483202876,0.23040945739950985,0.3090150924399495,0.2005864977836609,0.24017593264579773,1.208472490310669,6.768004417419434,11.51585578918457
1763323492.5600886,-0.03827074731555913,0.0,0.03827074731555913,0.21090130792465062,0.3175463182851672,0.19618767499923706,0.2731671631336212,0.32925504446029663,4.544046878814697,11.610746383666992
1763323492.5814564,-0.03743543446410677,0.0,0.03743543446410677,0.2493869392713532,0.2475463182851672,0.1950879693031311,0.2863636314868927,0.2277035117149353,2.2356162071228027,12.98832893371582
1763323492.600188,-0.034534514887897896,0.0,0.034534514887897896,0.2570984862325713,0.3166304187104106,0.19948679208755493,0.2984603941440582,0.0868225246667862,1.4973398447036743,11.714458465576172
1763323492.6213179,-0.029749756033236607,0.0,0.029749756033236607,0.29920227225404233,0.31161280658096074,0.19948679208755493,0.3072580397129059,0.09239568561315536,11.950807571411133,12.85243034362793
1763323492.6403337,-0.02559550623492497,0.0,0.02559550623492497,0.3438119753776118,0.3207361002638936,0.19838708639144897,0.3138563334941864,0.07903821021318436,4.9584221839904785,11.863470077514648
1763323492.65991,-0.01977151635840653,0.0,0.01977151635840653,0.41381197537761183,0.2982089364156127,0.20168620347976685,0.30835774540901184,0.08124379068613052,1.7147257328033447,11.519670486450195
1763323492.6800482,-0.012658253038382788,0.0,0.012658253038382788,0.4186957732168958,0.2904482915252447,0.20168620347976685,0.30835774540901184,0.22806444764137268,1.4043967723846436,11.5814208984375
1763323492.7005835,-0.004675243318371953,0.0,0.004675243318371953,0.42321812429931016,0.2476546562463045,0.2181818187236786,0.3094574511051178,0.14603328704833984,1.5572046041488647,12.214183807373047
1763323492.7197547,0.003863195455485073,0.0,-0.003863195455485073,0.37141410329844804,0.21904534690082073,0.2181818187236786,0.3094574511051178,0.1364438533782959,0.6077425479888916,11.282920837402344
1763323492.7404528,0.012562394730863184,0.0,-0.012562394730863184,0.36364042687695475,0.1875219329446554,0.28526392579078674,0.3072580397129059,0.13526496291160583,1.6470576524734497,11.976957321166992
1763323492.760165,0.021143988631028142,0.0,-0.021143988631028142,0.37217682994436474,0.2575219329446554,0.32045456767082214,0.3061583340167999,0.15412937104701996,0.5005686283111572,11.689186096191406
1763323492.7803664,0.029377301243499014,0.0,-0.029377301243499014,0.31626904405187817,0.24534047488123178,0.3479471802711487,0.2984603941440582,0.09573429822921753,0.48443081974983215,11.897087097167969
1763323492.8002017,0.03711128851128937,0.0,-0.03711128851128937,0.35391450322698803,0.2603763798251748,0.36884164810180664,0.2863636314868927,0.19386829435825348,0.3729432225227356,11.724472045898438
1763323492.819916,0.04417334205413629,0.0,-0.04417334205413629,0.34364803064148874,0.20788100082427263,0.3721407651901245,0.26436951756477356,0.07733790576457977,0.3723892569541931,11.442899703979492
1763323492.8403196,0.049976145403566805,0.0,-0.049976145403566805,0.32142544466536493,0.24554648343473673,0.3721407651901245,0.2555718719959259,0.0988510400056839,0.44427087903022766,11.857271194458008
1763323492.8602314,0.05501428742414733,0.0,-0.05501428742414733,0.2820808619586751,0.2174655357375741,0.36884164810180664,0.25007328391075134,0.08503030985593796,0.9673439264297485,11.763572692871094
1763323492.8798943,0.05815533986830372,0.0,-0.05815533986830372,0.2728808068064973,0.17925234977155924,0.36884164810180664,0.25007328391075134,0.12615999579429626,0.8491787910461426,11.416912078857422
1763323492.899866,0.05908737091099294,0.0,-0.05908737091099294,0.29735069278161974,0.18809104524552822,0.3666422367095947,0.24897357821464539,0.07412165403366089,0.3521084785461426,11.400222778320312
1763323492.9199064,0.05809664424455746,0.0,-0.05809664424455746,0.32719160731416197,0.21425200626254082,0.365542471408844,0.22697946429252625,0.13730460405349731,0.44799143075942993,11.424541473388672
1763323492.94008,0.05579651820744057,0.0,-0.05579651820744057,0.33036911928560586,0.24023723974823952,0.3600439429283142,0.21598240733146667,0.06123620644211769,0.3409174084663391,11.609554290771484
1763323492.9602509,0.05264752857631752,0.0,-0.05264752857631752,0.26036911928560585,0.2757890224456787,0.34354835748672485,0.21158358454704285,0.09783885627985,0.5573623776435852,11.911869049072266
1763323492.9798372,0.04874935879235516,0.0,-0.04874935879235516,0.2960818904032931,0.2634106269106269,0.34354835748672485,0.21158358454704285,0.0691852793097496,0.3830800950527191,11.358976364135742
1763323493.000029,0.04415056368512414,0.0,-0.04415056368512414,0.29104736778419465,0.25958043709397316,0.33585044741630554,0.20718473196029663,0.05969131737947464,0.23688378930091858,11.555194854736328
1763323493.0199678,0.039065044997503746,0.0,-0.039065044997503746,0.32826375547330827,0.2701790789142251,0.32595309615135193,0.21378299593925476,0.06917174160480499,0.7426701188087463,11.497974395751953
1763323493.0400577,0.0337754859432877,0.0,-0.0337754859432877,0.3184538274584338,0.2860115533694625,0.3138563334941864,0.2082844376564026,0.09144189953804016,0.6842770576477051,11.582136154174805
1763323493.0598798,0.028483610211428596,0.0,-0.028483610211428596,0.3511091149924323,0.3219261495396495,0.30285921692848206,0.2104838490486145,0.1021406501531601,1.379957914352417,11.402368545532227
1763323493.079844,0.0238890685930251,0.0,-0.0238890685930251,0.36159811220597476,0.25379453133791685,0.30285921692848206,0.22368034720420837,0.08687374740839005,0.3228503167629242,11.366605758666992
1763323493.1001484,0.019340493846002824,0.0,-0.019340493846002824,0.3461689805192873,0.23288528341799974,0.30065980553627014,0.2511729896068573,0.10785689204931259,0.6154619455337524,11.678218841552734
1763323493.1199048,0.014943723992244945,0.0,-0.014943723992244945,0.373103941376321,0.2622127244248986,0.30285921692848206,0.26986804604530334,0.10348908603191376,1.4409359693527222,11.43646240234375
1763323493.1402469,0.010768271248135203,0.0,-0.010768271248135203,0.4129105271352455,0.31938030291348696,0.303958922624588,0.27756598591804504,0.18883958458900452,0.7740424871444702,11.777877807617188
1763323493.1598935,0.0068565846495585205,0.0,-0.0068565846495585205,0.3647616007877514,0.27824263367801905,0.303958922624588,0.27756598591804504,0.11541494727134705,1.1035213470458984,11.427879333496094
1763323493.1798556,0.0032716248378478557,0.0,-0.0032716248378478557,0.33229511096607894,0.34070845786482096,0.30285921692848206,0.27536657452583313,0.10032474994659424,1.219188928604126,11.484384536743164
1763323493.2000911,8.084291570249931e-06,0.0,-8.084291570249931e-06,0.37968337401282043,0.3338864822871983,0.31275662779808044,0.278665691614151,0.05677556246519089,1.5414592027664185,11.625289916992188
1763323493.2199082,-0.0029057665596680495,0.0,0.0029057665596680495,0.39969761721324176,0.3130875234492123,0.32485339045524597,0.2841642200946808,0.07356712967157364,1.6203515529632568,11.434793472290039
1763323493.2398574,-0.005499935564308708,0.0,0.005499935564308708,0.3976935702888295,0.2430875234492123,0.33255133032798767,0.28306451439857483,0.18407857418060303,0.8788295984268188,11.380434036254883
1763323493.259833,-0.007803690767578059,0.0,0.007803690767578059,0.32927142414730043,0.28284913377836346,0.34354835748672485,0.2918621599674225,0.14035867154598236,0.6536300778388977,11.363029479980469
1763323493.2798848,-0.009845015005648303,0.0,0.009845015005648303,0.30701196152251214,0.2306114256568253,0.3633430600166321,0.30505862832069397,0.1023523136973381,2.780259132385254,11.412620544433594
1763323493.300166,-0.011617344826623632,0.0,0.011617344826623632,0.3353379290131852,0.2771381408162415,0.37104105949401855,0.30065980553627014,0.2330475002527237,1.9732825756072998,11.696815490722656
1763323493.3198304,-0.013229470849957016,0.0,0.013229470849957016,0.3127973112789914,0.2729429563693702,0.37104105949401855,0.30065980553627014,0.12175419181585312,1.147497296333313,11.350154876708984
1763323493.3398252,-0.014687835041373783,0.0,0.014687835041373783,0.34847220737021417,0.27848473826423287,0.3743401765823364,0.30065980553627014,0.11504576355218887,1.8789269924163818,11.360406875610352
1763323493.359936,-0.016000964240909195,0.0,0.016000964240909195,0.27847220737021416,0.3425151545740664,0.3754398822784424,0.30285921692848206,0.10217094421386719,0.7220556735992432,11.463165283203125
1763323493.3800747,-0.0171786086775195,0.0,0.0171786086775195,0.3462644665269181,0.3338418405689299,0.3754398822784424,0.2918621599674225,0.10088809579610825,2.7692317962646484,11.597633361816406
1763323493.400052,-0.01823111135590934,0.0,0.01823111135590934,0.2762644665269181,0.2638418405689299,0.3666422367095947,0.29296186566352844,0.08799368143081665,3.729879856109619,11.579036712646484
1763323493.4200559,-0.019168954422424465,0.0,0.019168954422424465,0.2753773276996799,0.21135843092575668,0.3556451201438904,0.29296186566352844,0.09502249211072922,1.643833875656128,11.579275131225586
1763323493.439812,-0.02000244041261753,0.0,0.02000244041261753,0.24081239675404503,0.23115960242226719,0.3556451201438904,0.29296186566352844,0.1360171139240265,1.1134673357009888,11.336803436279297
1763323493.4601057,-0.020741475585670282,0.0,0.020741475585670282,0.30518003379227593,0.2260506596788764,0.32375368475914,0.28966274857521057,0.18534338474273682,1.0418987274169922,11.627197265625
1763323493.480256,-0.021395429876546083,0.0,0.021395429876546083,0.2574961540591903,0.2834301587566733,0.3116569221019745,0.2885630428791046,0.13824592530727386,1.4805653095245361,11.78431510925293
1763323493.500042,-0.0219326258555735,0.0,0.0219326258555735,0.2918206286919303,0.29920298386365174,0.303958922624588,0.2885630428791046,0.10873177647590637,0.6733481287956238,11.571645736694336
1763323493.5200648,-0.02239903311982976,0.0,0.02239903311982976,0.3088164181751199,0.28778309900313614,0.303958922624588,0.2885630428791046,0.07230757176876068,3.0432357788085938,11.586666107177734
1763323493.5400262,-0.02277951274855449,0.0,0.02277951274855449,0.30409564229892566,0.3087482039257884,0.2918621599674225,0.28306451439857483,0.10433854907751083,1.2289927005767822,11.559247970581055
1763323493.5599456,-0.023090281223483132,0.0,0.023090281223483132,0.2706395998899825,0.23874820392578838,0.2841642200946808,0.27206745743751526,0.2219271957874298,3.815333127975464,11.469602584838867
1763323493.5811791,-0.023263583624061418,0.0,0.023263583624061418,0.25737376290606334,0.22775987625122068,0.278665691614151,0.2731671631336212,0.09820110350847244,1.9120442867279053,12.718677520751953
1763323493.6002526,-0.02325598161256173,0.0,0.02325598161256173,0.22474906373070552,0.2707530380785465,0.28306451439857483,0.26986804604530334,0.18796008825302124,1.3125972747802734,11.783123016357422
1763323493.619842,-0.0231229272878474,0.0,0.0231229272878474,0.257515350014437,0.2526975767314434,0.28306451439857483,0.26986804604530334,0.49937328696250916,3.576523542404175,11.462926864624023
1763323493.6400309,-0.022865814974008015,0.0,0.022865814974008015,0.2650329057429917,0.2589847980625927,0.2808651030063629,0.26986804604530334,0.04866207018494606,2.3200576305389404,11.561393737792969
1763323493.6600277,-0.022529310577076217,0.0,0.022529310577076217,0.31956848840462043,0.29204494642093776,0.278665691614151,0.2665689289569855,0.08885665982961655,2.448639154434204,11.551856994628906
1763323493.6799622,-0.022186958431651714,0.0,0.022186958431651714,0.32095416729105636,0.2514595700986683,0.26766863465309143,0.2665689289569855,0.10690850019454956,1.6367746591567993,11.494874954223633
1763323493.700108,-0.021809139308323556,0.0,0.021809139308323556,0.3305953508312814,0.3214595700986683,0.2731671631336212,0.2632698118686676,0.06010565534234047,1.8615198135375977,11.629343032836914
1763323493.7199678,-0.021416642899265547,0.0,0.021416642899265547,0.35230054055107757,0.2635058324225247,0.2731671631336212,0.2632698118686676,0.36866337060928345,3.134882926940918,11.559009552001953
1763323493.7403586,-0.021075867496012188,0.0,0.021075867496012188,0.3320076735760085,0.24909448543563484,0.26986804604530334,0.2577712833881378,0.14840278029441833,0.4049541652202606,11.8865966796875
1763323493.7598944,-0.020768854131185847,0.0,0.020768854131185847,0.3229139018873684,0.25926369534805416,0.26986804604530334,0.2577712833881378,0.4130491018295288,1.763667106628418,11.406183242797852
1763323493.779871,-0.020493382521970128,0.0,0.020493382521970128,0.34261684492928907,0.302343991715461,0.27536657452583313,0.2632698118686676,0.16757309436798096,0.8218114376068115,11.394977569580078
1763323493.7999685,-0.020247079223764824,0.0,0.020247079223764824,0.3831279203365557,0.31265866396948694,0.2808651030063629,0.2577712833881378,0.16563136875629425,1.6533265113830566,11.489152908325195
1763323493.8198977,-0.020027526960673118,0.0,0.020027526960673118,0.3688386241043918,0.30641818944364785,0.2885630428791046,0.2577712833881378,0.0620402954518795,0.5385695099830627,11.519908905029297
1763323493.8398085,-0.019832341719487005,0.0,0.019832341719487005,0.37425141596002504,0.3033949631638825,0.3116569221019745,0.2588709890842438,0.15355978906154633,0.7000214457511902,11.48366928100586
1763323493.8598244,-0.019659225421025824,0.0,0.019659225421025824,0.42754429765744134,0.315252340529114,0.3116569221019745,0.2588709890842438,0.2611645758152008,0.8233010172843933,11.351346969604492
1763323493.8800726,-0.019506000239834804,0.0,0.019506000239834804,0.4144711457262747,0.32219714218750595,0.340249240398407,0.2610704004764557,0.08008479326963425,0.30106672644615173,11.598587036132812
1763323493.899907,-0.01937062927270168,0.0,0.01937062927270168,0.42604656983865424,0.28942708590999244,0.3556451201438904,0.26766863465309143,0.09428136795759201,0.366477370262146,11.532783508300781
1763323493.9198704,-0.019251227180613045,0.0,0.019251227180613045,0.39890163485659286,0.3070389843918383,0.3556451201438904,0.26766863465309143,0.16113753616809845,0.7829502820968628,11.491060256958008
1763323493.9399166,-0.01914606358599052,0.0,0.01914606358599052,0.40843719617230817,0.2716848432458937,0.3699413537979126,0.27756598591804504,0.1442176103591919,0.6651691198348999,11.442422866821289
1763323493.9598513,-0.01905475786818517,0.0,0.01905475786818517,0.33843719617230816,0.27710424004122614,0.385337233543396,0.28746333718299866,0.16778433322906494,0.9351622462272644,11.37852668762207
1763323493.9799273,-0.018974287393008098,0.0,0.018974287393008098,0.3038549277256243,0.2474327722005546,0.3985337018966675,0.29736068844795227,0.07988821715116501,0.5801588296890259,11.460304260253906
1763323494.0001183,-0.018903463656084328,0.0,0.018903463656084328,0.316925091042649,0.23038151314482092,0.40953075885772705,0.303958922624588,0.11747270077466965,0.5304518938064575,11.6424560546875
1763323494.0199578,-0.018841206906778252,0.0,0.018841206906778252,0.33493887570453806,0.22406085779890417,0.4062316417694092,0.30065980553627014,0.30329111218452454,0.9651573896408081,11.57999038696289
1763323494.0399766,-0.018786541389386034,0.0,0.018786541389386034,0.2678550699050538,0.248593643438071,0.40953075885772705,0.3017595112323761,0.33559080958366394,1.1875442266464233,11.502981185913086
1763323494.0598443,-0.01873858929698566,0.0,0.01873858929698566,0.3018092767591588,0.24716791186016052,0.40953075885772705,0.3017595112323761,0.19479316473007202,1.3870184421539307,11.371374130249023
1763323494.0798914,-0.018696563990469792,0.0,0.018696563990469792,0.2780921173538081,0.308408272000961,0.4029325246810913,0.2918621599674225,0.09119300544261932,1.8930011987686157,11.41977310180664
1763323494.1003697,-0.018659762885900637,0.0,0.018659762885900637,0.34809211735380813,0.3651443128613755,0.37653958797454834,0.28196480870246887,0.30195775628089905,1.2211045026779175,11.900901794433594
1763323494.1198823,-0.018627560298940842,0.0,0.018627560298940842,0.3881982723320834,0.345904564964585,0.35124629735946655,0.26766863465309143,0.3977351486682892,3.0498831272125244,11.506319046020508
1763323494.1399672,-0.01859940044805443,0.0,0.01859940044805443,0.45641981159104034,0.3914588377950713,0.33585044741630554,0.2665689289569855,0.4672165513038635,1.536118984222412,11.488676071166992
1763323494.1599748,-0.018574790752386244,0.0,0.018574790752386244,0.44789431617362424,0.41729658144991844,0.32265397906303406,0.26986804604530334,0.07404491305351257,1.3021855354309082,11.502981185913086
1763323494.1800292,-0.01855342398629176,0.0,0.01855342398629176,0.4486578422435559,0.4236688348604366,0.3347507417201996,0.2742668688297272,0.25319352746009827,1.8075487613677979,11.54947280883789
1763323494.1999686,-0.01853474433911031,0.0,0.01853474433911031,0.44583918050164356,0.4241797389835119,0.3347507417201996,0.2742668688297272,0.08895609527826309,0.3520575165748596,11.49892807006836
1763323494.220144,-0.01851842341224232,0.0,0.01851842341224232,0.5158391805016436,0.4730706090480089,0.3479471802711487,0.32595309615135193,0.48384109139442444,3.1570773124694824,11.733531951904297
1763323494.2400663,-0.018504170942625665,0.0,0.018504170942625665,0.5404493907117285,0.4924067115783691,0.3479471802711487,0.32595309615135193,0.37179070711135864,1.424849510192871,11.600255966186523
1763323494.2599533,-0.018491730805248206,0.0,0.018491730805248206,0.5306214676820673,0.5448860159516334,0.3798387050628662,0.3798387050628662,0.15700772404670715,2.04950213432312,11.481761932373047
1763323494.2798858,-0.018480877336866545,0.0,0.018480877336866545,0.5920751342200674,0.5128611294925213,0.3798387050628662,0.3798387050628662,0.09255444258451462,3.402949333190918,11.415719985961914
1763323494.2998579,-0.01847141197971637,0.0,0.01847141197971637,0.5403080792748369,0.44286112949252127,0.40403223037719727,0.4007331132888794,0.19285273551940918,1.2292537689208984,11.378765106201172
1763323494.320002,-0.01846316023593734,0.0,0.01846316023593734,0.5332713863463141,0.40495199427008627,0.4282258152961731,0.4216275215148926,0.15213637053966522,1.1594228744506836,11.60430908203125
1763323494.3399365,-0.018455968918079994,0.0,0.018455968918079994,0.5237522703246213,0.4244822812825441,0.44692081212997437,0.4403225779533386,0.11700958013534546,0.5808801651000977,11.466741561889648
1763323494.3598502,-0.01849013157841889,0.0,0.01849013157841889,0.5810159203247167,0.4254875895194709,0.4645161032676697,0.45461875200271606,0.15885905921459198,0.4587661027908325,11.375665664672852
1763323494.3815875,-0.01855211754922382,0.0,0.01855211754922382,0.6370657217339613,0.4252103984681889,0.49750733375549316,0.4667155146598816,0.11134716123342514,0.7730318903923035,12.971878051757812
1763323494.4000056,-0.018605935351653644,0.0,0.018605935351653644,0.6178672649548389,0.39483121674042193,0.49750733375549316,0.4667155146598816,0.19867925345897675,0.7675312757492065,11.522293090820312
1763323494.4198542,-0.01871894930395541,0.0,0.01871894930395541,0.5963429269031622,0.46483121674042194,0.5107038021087646,0.4667155146598816,0.26313793659210205,1.227343201637268,11.373758316040039
1763323494.4402344,-0.018870101272485788,0.0,0.018870101272485788,0.5522367228404619,0.49312512810807674,0.5228005647659302,0.4634163975715637,0.19435375928878784,0.8159844279289246,11.763811111450195
1763323494.459972,-0.01908418746715468,0.0,0.01908418746715468,0.4988621753291227,0.47292007740121333,0.5326979160308838,0.456818163394928,0.11975595355033875,0.37511110305786133,11.498451232910156
1763323494.4820716,-0.019336344324444563,0.0,0.019336344324444563,0.4966346203000285,0.542112859445624,0.5502932667732239,0.4326246380805969,0.15483346581459045,0.39089569449424744,13.601064682006836
1763323494.5000784,-0.019608298751572523,0.0,0.019608298751572523,0.5331622092635371,0.55109521235805,0.5502932667732239,0.4326246380805969,0.1816180795431137,1.404515027999878,11.617660522460938
1763323494.5199134,-0.019886836853138138,0.0,0.019886836853138138,0.5031035068095662,0.5029312619147822,0.5557917952537537,0.4359237551689148,0.07325158268213272,0.8418903946876526,11.52801513671875
1763323494.5417225,-0.020162607004018344,0.0,0.020162607004018344,0.5360377887845971,0.5729312619147822,0.5601906180381775,0.4337243437767029,0.13289934396743774,0.8450256586074829,13.125181198120117
1763323494.5601172,-0.020469614598198037,0.0,0.020469614598198037,0.5430009491392411,0.5364575853524729,0.5557917952537537,0.43482404947280884,0.1320492923259735,0.6428947448730469,11.650323867797852
1763323494.5799232,-0.020790227956492307,0.0,0.020790227956492307,0.5374905639910139,0.4664575853524729,0.5557917952537537,0.43482404947280884,0.13829202950000763,0.34018585085868835,11.542558670043945
1763323494.5999837,-0.02111184188121223,0.0,0.02111184188121223,0.546858056972269,0.4869701569108292,0.5557917952537537,0.4359237551689148,0.24890510737895966,0.814173698425293,11.502742767333984
1763323494.6199837,-0.0213910753018475,0.0,0.0213910753018475,0.5223213299759664,0.48670378698385314,0.546994149684906,0.44472140073776245,0.14732711017131805,0.6145756840705872,11.588573455810547
1763323494.6398327,-0.021668112263931685,0.0,0.021668112263931685,0.497749145666603,0.4180042557267006,0.5414956212043762,0.4535190463066101,0.1672414392232895,1.4946072101593018,11.360883712768555
1763323494.6610475,-0.021936322329199398,0.0,0.021936322329199398,0.4441641937592067,0.4413131438044365,0.52829909324646,0.4689149260520935,0.08999194204807281,0.6667959690093994,12.581110000610352
1763323494.6798787,-0.022191332756950333,0.0,0.022191332756950333,0.4938550214865245,0.45141983775771216,0.52829909324646,0.4689149260520935,0.055975694209337234,1.7218881845474243,11.404037475585938
1763323494.700214,-0.022430454202134978,0.0,0.022430454202134978,0.46667562384391204,0.4605134222505148,0.5217008590698242,0.4722140431404114,0.17040546238422394,1.358997106552124,11.750459671020508
1763323494.7198553,-0.022652237450773407,0.0,0.022652237450773407,0.4217337179579772,0.42735419979668215,0.5129032135009766,0.4711143374443054,0.11812403798103333,2.0581867694854736,11.380434036254883
1763323494.7399728,-0.02285613285353149,0.0,0.02285613285353149,0.44336188543820754,0.4012156165984924,0.4788122773170471,0.4711143374443054,0.13404059410095215,2.0985941886901855,11.506080627441406
1763323494.760079,-0.023001802166328075,0.0,0.023001802166328075,0.4482687092968263,0.44064502043998793,0.47001463174819946,0.4634163975715637,0.103788822889328,1.9864792823791504,11.6119384765625
1763323494.780166,-0.02310318967755238,0.0,0.02310318967755238,0.48414991941535845,0.42969651705003337,0.47001463174819946,0.4634163975715637,0.13428045809268951,0.7549617290496826,11.701345443725586
1763323494.8002596,-0.02313071995844472,0.0,0.02313071995844472,0.5067271399893798,0.4332278242649044,0.4535190463066101,0.455718457698822,0.10231555253267288,1.5701041221618652,11.793375015258789
1763323494.819908,-0.023106224895277958,0.0,0.023106224895277958,0.4902013796963729,0.3776778152526821,0.44252198934555054,0.43922287225723267,0.48445799946784973,4.093282222747803,11.431217193603516
1763323494.8402057,-0.02308495765604791,0.0,0.02308495765604791,0.45178345922613516,0.3517897969426121,0.4458211064338684,0.4260264039039612,0.24669553339481354,1.2777881622314453,11.736869812011719
1763323494.8599477,-0.022987346950544028,0.0,0.022987346950544028,0.47654744010651484,0.3577379940391983,0.4458211064338684,0.4183284044265747,0.20819523930549622,0.9349661469459534,11.468172073364258
1763323494.8799806,-0.022839282087565138,0.0,0.022839282087565138,0.4545552223571576,0.36267908544628874,0.4414222836494446,0.41722869873046875,0.08360029757022858,1.5563901662826538,11.505365371704102
1763323494.900108,-0.022660074988178788,0.0,0.022660074988178788,0.42816880490863696,0.3230572144815232,0.4458211064338684,0.38093841075897217,0.1443892866373062,1.3200147151947021,11.63625717163086
1763323494.9200077,-0.022463960085058948,0.0,0.022463960085058948,0.4770029276260175,0.33822727364837185,0.4436216950416565,0.36884164810180664,0.2670862674713135,1.3119878768920898,11.54184341430664
1763323494.9401634,-0.022261269939872583,0.0,0.022261269939872583,0.46365619968855754,0.37897042719065205,0.4436216950416565,0.3600439429283142,0.7122599482536316,2.137080669403076,11.687994003295898
1763323494.9600549,-0.022059354637499452,0.0,0.022059354637499452,0.47612719383323565,0.36052956221043125,0.4436216950416565,0.3600439429283142,0.47803619503974915,1.1794531345367432,11.583089828491211
1763323494.9800434,-0.021863298982118883,0.0,0.021863298982118883,0.4575431715347804,0.3831836150342132,0.4458211064338684,0.3468474745750427,0.23012645542621613,1.9475107192993164,11.569738388061523
1763323495.000118,-0.021676480348804695,0.0,0.021676480348804695,0.4744090471067466,0.39154058018117205,0.44472140073776245,0.34134894609451294,0.2981153428554535,1.3058438301086426,11.648416519165039
1763323495.0199785,-0.02150100115543575,0.0,0.02150100115543575,0.4252274926402606,0.37005843290477053,0.44472140073776245,0.34574776887893677,0.4059297740459442,1.2731959819793701,11.504173278808594
1763323495.0386975,-0.021338022850580788,0.0,0.021338022850580788,0.3925182368257083,0.3557161267229821,0.44692081212997437,0.33804982900619507,0.19326603412628174,1.3257657289505005,10.22195816040039
1763323495.0559952,-0.021196520925271987,0.0,0.021196520925271987,0.4625182368257083,0.40926174329011694,0.44692081212997437,0.3424486517906189,0.3746402859687805,1.1426169872283936,7.6904296875
1763323495.0759816,-0.02106516710982279,0.0,0.02106516710982279,0.49906820733333007,0.405520814921474,0.4480205178260803,0.34574776887893677,0.22082287073135376,1.4013984203338623,7.682561874389648
1763323495.0958626,-0.020903895887992522,0.0,0.020903895887992522,0.552453509757761,0.36532565158209757,0.4480205178260803,0.3424486517906189,0.4771074950695038,2.5461597442626953,7.561683654785156
1763323495.1158702,-0.020766522807932376,0.0,0.020766522807932376,0.49243323806906125,0.38250297259888605,0.44692081212997437,0.34354835748672485,0.20419351756572723,1.5225554704666138,7.568597793579102
1763323495.136092,-0.02064936936226904,0.0,0.02064936936226904,0.5151276376494207,0.3627299866487737,0.4491202235221863,0.3501465916633606,0.22556577622890472,1.0604727268218994,7.791280746459961
1763323495.1558535,-0.020549347645471557,0.0,0.020549347645471557,0.536714826936368,0.38994352657697157,0.4491202235221863,0.3578445315361023,0.33740097284317017,1.6425566673278809,7.547855377197266
1763323495.175972,-0.020463861353909832,0.0,0.020463861353909832,0.562900395358447,0.3787986948003526,0.45461875200271606,0.3633430600166321,0.48338091373443604,1.094063401222229,7.67207145690918
1763323495.1997206,-0.02039072406631731,0.0,0.02039072406631731,0.5171907183178701,0.3767366024979855,0.46011728048324585,0.3721407651901245,0.2909340262413025,1.4630223512649536,11.391639709472656
1763323495.219816,-0.020328091680593893,0.0,0.020328091680593893,0.47970488410675904,0.42807537571876303,0.4689149260520935,0.37653958797454834,0.1338847577571869,0.7253414392471313,11.338949203491211
1763323495.2398348,-0.0202744064639465,0.0,0.0202744064639465,0.443701555246953,0.4142843296134378,0.4788122773170471,0.38093841075897217,0.1392459124326706,0.7776660323143005,11.360406875610352
1763323495.2595923,-0.020228350643979306,0.0,0.020228350643979306,0.38067847978556535,0.4219354225636925,0.48980939388275146,0.3798387050628662,0.14072322845458984,1.1668357849121094,11.268854141235352
1763323495.2798097,-0.020188363805222865,0.0,0.020188363805222865,0.4190699097164907,0.36054357721819535,0.4964076280593872,0.3831378221511841,0.04675484448671341,1.5879392623901367,11.333227157592773
1763323495.299898,-0.020194518156212635,0.0,0.020194518156212635,0.4781004015752115,0.41753855183138505,0.5041055679321289,0.3831378221511841,0.08273915201425552,1.7760283946990967,11.421918869018555
1763323495.3202307,-0.020232559077118465,0.0,0.020232559077118465,0.46291030314052484,0.39617675005807534,0.5063049793243408,0.385337233543396,0.09379494190216064,1.1914259195327759,11.75689697265625
1763323495.3399425,-0.020291745220878517,0.0,0.020291745220878517,0.4691206684731879,0.43673292755498544,0.5085043907165527,0.39193546772003174,0.16398370265960693,1.3789819478988647,11.467456817626953
1763323495.3598003,-0.020364058577984023,0.0,0.020364058577984023,0.539120668473188,0.4717182351590599,0.5085043907165527,0.39633429050445557,0.13016767799854279,1.8472166061401367,11.333227157592773
1763323495.3784225,-0.02044358402966992,0.0,0.02044358402966992,0.5535959395789543,0.4325729294063057,0.4920088052749634,0.3974339962005615,0.09592336416244507,0.9052181839942932,9.952068328857422
1763323495.3959184,-0.02052602297624419,0.0,0.02052602297624419,0.6172026413702407,0.39320004566921846,0.4843108654022217,0.40403223037719727,0.10270720720291138,0.7783189415931702,7.608890533447266
1763323495.4159317,-0.020608312909657728,0.0,0.020608312909657728,0.6525788734876552,0.3947425949003081,0.47771257162094116,0.4084310531616211,0.7457516193389893,1.5372905731201172,7.630825042724609
1763323495.435917,-0.02068833059899433,0.0,0.02068833059899433,0.7,0.35708838874357746,0.48760998249053955,0.41722869873046875,1.3815423250198364,2.2970054149627686,7.615566253662109
1763323495.4558437,-0.02076466117437315,0.0,0.02076466117437315,0.6986789358081296,0.3289280737366061,0.4788122773170471,0.4227272868156433,1.5283067226409912,2.536105155944824,7.543087005615234
1763323495.4801137,-0.020836419068367706,0.0,0.020836419068367706,0.7,0.37993882397073314,0.47991204261779785,0.4216275215148926,1.8046269416809082,3.828474998474121,11.809110641479492
1763323495.50002,-0.02089872110399981,0.0,0.02089872110399981,0.7,0.43877084726351306,0.49310851097106934,0.4216275215148926,1.6746400594711304,3.456117630004883,11.551618576049805
1763323495.5206082,-0.020957201913692932,0.0,0.020957201913692932,0.7,0.42200594754773185,0.500806450843811,0.4249266982078552,1.6260547637939453,3.6440348625183105,12.226581573486328
1763323495.5404546,-0.021011487319123133,0.0,0.021011487319123133,0.7,0.44548314424115226,0.5195014476776123,0.4084310531616211,2.2456908226013184,3.103766918182373,11.983156204223633
1763323495.5600646,-0.02106142799278478,0.0,0.02106142799278478,0.6930769051425159,0.49216148616629646,0.5359970927238464,0.40403223037719727,1.0567823648452759,2.5733985900878906,11.586666107177734
1763323495.5799372,-0.021147462620350502,0.0,0.021147462620350502,0.6588330718688666,0.42216148616629645,0.5502932667732239,0.40733134746551514,1.738917589187622,2.77129864692688,11.560916900634766
1763323495.6002336,-0.021256299968288806,0.0,0.021256299968288806,0.7,0.4565388859983067,0.5645894408226013,0.4007331132888794,1.3927910327911377,2.8376896381378174,11.83319091796875
1763323495.621151,-0.021378107242692203,0.0,0.021378107242692203,0.6827274456620216,0.44936631170916363,0.5755864977836609,0.4029325246810913,1.140667200088501,2.5257163047790527,12.684345245361328
1763323495.639845,-0.021546140857046557,0.0,0.021546140857046557,0.658657132461667,0.48183528257417485,0.5832844376564026,0.4051319360733032,1.3712117671966553,2.404982805252075,11.518716812133789
1763323495.6599517,-0.021782281774885646,0.0,0.021782281774885646,0.6574600320775061,0.5221683934133033,0.593181848526001,0.40403223037719727,1.719484806060791,2.562180757522583,11.479377746582031
1763323495.680085,-0.022059505223721267,0.0,0.022059505223721267,0.616533050360158,0.5921683934133033,0.5997800827026367,0.41173017024993896,0.38579031825065613,1.676999568939209,11.610269546508789
1763323495.70009,-0.022357957599854143,0.0,0.022357957599854143,0.5853869282174855,0.6029868357430677,0.6030791997909546,0.4161289930343628,0.20227299630641937,0.6409563422203064,11.622905731201172
1763323495.7201352,-0.02261708157266372,0.0,0.02261708157266372,0.5643169060815125,0.6729868357430677,0.6052786111831665,0.42932552099227905,0.23345866799354553,1.163673996925354,11.759042739868164
1763323495.7399967,-0.022928695442299408,0.0,0.022928695442299408,0.5942824371624738,0.6718141811795066,0.6030791997909546,0.44472140073776245,0.17363645136356354,0.7696660757064819,11.525869369506836
1763323495.7599895,-0.02326855521635159,0.0,0.02326855521635159,0.6078783097211271,0.6673059242672752,0.6008797883987427,0.4634163975715637,0.14904770255088806,4.8675031661987305,11.512994766235352
1763323495.7803142,-0.02361907707445944,0.0,0.02361907707445944,0.5639682161156088,0.7,0.6008797883987427,0.48541057109832764,0.08978370577096939,4.1407246589660645,11.943578720092773
1763323495.8001587,-0.023967766641111624,0.0,0.023967766641111624,0.6262286501470953,0.6299999999999999,0.5986803770065308,0.5107038021087646,0.2331800013780594,6.6415486335754395,11.684894561767578
1763323495.819905,-0.024346421758193185,0.0,0.024346421758193185,0.6962286501470953,0.6025310299545525,0.5975806713104248,0.5304985046386719,0.13841567933559418,4.102139949798584,11.517047882080078
1763323495.8401287,-0.02473591094464502,0.0,0.02473591094464502,0.7,0.5750422320514916,0.593181848526001,0.5458944439888,1.0775260925292969,4.6562981605529785,11.655330657958984
1763323495.860004,-0.025163088218166364,0.0,0.025163088218166364,0.7,0.5485165185481309,0.5953812599182129,0.5601906180381775,0.20819300413131714,1.118583083152771,11.532306671142578
1763323495.8800344,-0.025605184687561476,0.0,0.025605184687561476,0.7,0.5642811983078717,0.5953812599182129,0.5700879693031311,0.12538281083106995,1.6298151016235352,11.563539505004883
1763323495.899988,-0.026086420233576112,0.0,0.026086420233576112,0.7,0.5254747337847947,0.5964809656143188,0.5799853205680847,0.10430226475000381,3.2611358165740967,11.513948440551758
1763323495.9200478,-0.026582158104374514,0.0,0.026582158104374514,0.7,0.580215222314,0.5986803770065308,0.5854838490486145,0.16281136870384216,0.7337291836738586,11.665821075439453
1763323495.940078,-0.027012570380590573,0.0,0.027012570380590573,0.7,0.5555942739546298,0.5975806713104248,0.5854838490486145,0.13776394724845886,2.338454008102417,11.603355407714844
1763323495.9600592,-0.027448598814325844,0.0,0.027448598814325844,0.7,0.5893519568443297,0.5975806713104248,0.5843841433525085,0.21941740810871124,0.6166573762893677,11.590957641601562
1763323495.9801025,-0.027877036638091157,0.0,0.027877036638091157,0.637750969082117,0.633591727465391,0.5986803770065308,0.5843841433525085,0.12634927034378052,1.369598627090454,11.627435684204102
1763323496.0015728,-0.028288910739430722,0.0,0.028288910739430722,0.7,0.563591727465391,0.6008797883987427,0.5854838490486145,0.14320935308933258,1.3175673484802246,11.916875839233398
1763323496.0200868,-0.02867842510522645,0.0,0.02867842510522645,0.7,0.6272659762203692,0.6008797883987427,0.5755864977836609,0.12511387467384338,1.4374098777770996,11.697530746459961
1763323496.0402193,-0.02904214322667835,0.0,0.02904214322667835,0.6592165388166904,0.6231366712041198,0.6008797883987427,0.5788856148719788,0.09206614643335342,0.9117154479026794,11.754035949707031
1763323496.0600145,-0.02937835802932274,0.0,0.02937835802932274,0.6497398445382714,0.589703125823289,0.6019794940948486,0.5755864977836609,0.14292609691619873,0.9533126354217529,11.53421401977539
1763323496.0800235,-0.029686608659698323,0.0,0.029686608659698323,0.6187433691695332,0.5739664621092377,0.6019794940948486,0.573387086391449,0.16772164404392242,0.46827569603919983,11.630773544311523
1763323496.1004279,-0.029967312010801276,0.0,0.029967312010801276,0.6361741049215197,0.5300864837504922,0.6019794940948486,0.5766862034797668,0.20059028267860413,0.6736487746238708,12.067317962646484
1763323496.1206565,-0.03022148365396458,0.0,0.03022148365396458,0.6728709673509001,0.6000864837504922,0.6030791997909546,0.5744867920875549,0.17747940123081207,0.6972931027412415,12.284517288208008
1763323496.1401308,-0.030450528225500244,0.0,0.030450528225500244,0.6728048446268076,0.6424527462758123,0.6052786111831665,0.573387086391449,0.30764445662498474,0.6711128950119019,11.652708053588867
1763323496.1602418,-0.030649390570293117,0.0,0.030649390570293117,0.6932081217557424,0.6463452569395303,0.6041789054870605,0.5744867920875549,0.2099006175994873,0.6188065409660339,11.767864227294922
1763323496.1800447,-0.030828740944543912,0.0,0.030828740944543912,0.6983706118218833,0.659973268508911,0.6052786111831665,0.5700879693031311,0.3038432002067566,0.5242998003959656,11.576652526855469
1763323496.200029,-0.03098981192594484,0.0,0.03098981192594484,0.7,0.6665021568723022,0.6063783168792725,0.572287380695343,0.23049280047416687,0.625809371471405,11.558771133422852
1763323496.2200696,-0.031133941390289677,0.0,0.031133941390289677,0.6503804072737693,0.6489670273102819,0.6085777282714844,0.5700879693031311,0.23860757052898407,0.4735531806945801,11.686563491821289
1763323496.2400339,-0.03126250509179792,0.0,0.03126250509179792,0.6906211644411087,0.6370777065120636,0.6096774339675903,0.5711876749992371,0.2495504766702652,1.3100394010543823,11.561155319213867
1763323496.260074,-0.03137686883644582,0.0,0.03137686883644582,0.689548037527129,0.5994813168607651,0.6107771396636963,0.572287380695343,0.1690850406885147,0.36513838171958923,11.688947677612305
1763323496.2797794,-0.03147835552468319,0.0,0.03147835552468319,0.7,0.6328054392896592,0.6107771396636963,0.572287380695343,0.27787742018699646,0.6126059889793396,11.448144912719727
1763323496.2999098,-0.03156822339072029,0.0,0.03156822339072029,0.690366194397211,0.6242355887033044,0.6118768453598022,0.5744867920875549,0.15794169902801514,0.44067251682281494,11.435270309448242
1763323496.3199127,-0.031647652592234246,0.0,0.031647652592234246,0.6671433009207248,0.590863357875496,0.6129765510559082,0.5766862034797668,0.27645862102508545,0.5655489563941956,11.577367782592773
1763323496.3402479,-0.03171773795354046,0.0,0.03171773795354046,0.6955800212919712,0.5452160570956766,0.6129765510559082,0.5788856148719788,0.1492074429988861,0.6517409682273865,11.761665344238281
1763323496.3600307,-0.03177948617409314,0.0,0.03177948617409314,0.6650726243853569,0.5863915305770933,0.6140762567520142,0.5821847319602966,0.21049797534942627,0.6208426356315613,11.554241180419922
1763323496.379888,-0.03183309755568391,0.0,0.03183309755568391,0.6605844295583665,0.6046483121998607,0.6162756681442261,0.5843841433525085,0.15808932483196259,0.4774847626686096,11.409997940063477
1763323496.400126,-0.031920790883037294,0.0,0.031920790883037294,0.6679632289335131,0.6525770478136836,0.6162756681442261,0.5876832604408264,0.144255593419075,0.4788644313812256,11.645078659057617
1763323496.4201038,-0.03202984571443663,0.0,0.03202984571443663,0.6642858586739748,0.689732396621257,0.617375373840332,0.5843841433525085,0.15478146076202393,0.5667675137519836,11.719465255737305
1763323496.440027,-0.032150863699898925,0.0,0.032150863699898925,0.6771685551386326,0.6305363454110919,0.618475079536438,0.5876832604408264,0.11751322448253632,0.44613116979599,11.551141738891602
1763323496.4602017,-0.032277001641844646,0.0,0.032277001641844646,0.6824729182291775,0.6612901069410144,0.619574785232544,0.5865835547447205,0.10789752751588821,0.4502268135547638,11.728525161743164
1763323496.4798756,-0.03240337145328168,0.0,0.03240337145328168,0.6681490755174309,0.5996193230338394,0.619574785232544,0.5876832604408264,0.1312842220067978,0.4728599488735199,11.374235153198242
1763323496.500433,-0.03252657185377395,0.0,0.03252657185377395,0.6784734828863292,0.5873976597748696,0.6206744909286499,0.5898826718330383,0.21341390907764435,0.847883939743042,11.966705322265625
1763323496.5204344,-0.03264432390999945,0.0,0.03264432390999945,0.6763406298588961,0.6158507509343325,0.6217741966247559,0.5898826718330383,0.17502325773239136,0.44464758038520813,12.031316757202148
1763323496.540135,-0.03275518831001719,0.0,0.03275518831001719,0.7,0.660294872354716,0.6228739023208618,0.593181848526001,0.21541638672351837,0.5532253980636597,11.660337448120117
1763323496.5600474,-0.032858346859375144,0.0,0.032858346859375144,0.7,0.7,0.6228739023208618,0.5953812599182129,0.28632351756095886,0.5670978426933289,11.574745178222656
1763323496.580126,-0.03295343434309856,0.0,0.03295343434309856,0.7,0.6714894071221351,0.6239736080169678,0.5942815542221069,0.19025808572769165,0.5217193961143494,11.747121810913086
1763323496.600258,-0.03303599172416598,0.0,0.03303599172416598,0.7,0.6544126782566309,0.6239736080169678,0.5975806713104248,0.17005206644535065,0.416124165058136,11.791229248046875
1763323496.620122,-0.03311208822812515,0.0,0.03311208822812515,0.7,0.6761384800076484,0.6261730194091797,0.5975806713104248,0.16781401634216309,0.2979030907154083,11.649847030639648
1763323496.640068,-0.033181691618039626,0.0,0.033181691618039626,0.7,0.6497213866561651,0.6261730194091797,0.6008797883987427,0.276085764169693,0.6982121467590332,11.602401733398438
1763323496.6601446,-0.03324495062809521,0.0,0.03324495062809521,0.7,0.616923364624381,0.6272727251052856,0.6030791997909546,0.29787105321884155,0.7514520883560181,11.669397354125977
1763323496.680054,-0.03330213577160301,0.0,0.03330213577160301,0.6375527575612068,0.6569542910903692,0.6283724308013916,0.6063783168792725,0.20507225394248962,0.4738980233669281,11.5814208984375
1763323496.7001183,-0.033394022918611974,0.0,0.033394022918611974,0.7,0.5869542910903691,0.6294721364974976,0.6085777282714844,0.1556241363286972,1.0090373754501343,11.645793914794922
1763323496.7200153,-0.03350759172196299,0.0,0.03350759172196299,0.6621096700429916,0.5647788076847791,0.6294721364974976,0.6129765510559082,0.2065442055463791,0.5145097970962524,11.610031127929688
1763323496.739994,-0.03363322708564364,0.0,0.03363322708564364,0.648472760617733,0.6209842889755963,0.6294721364974976,0.6129765510559082,0.3066064417362213,0.7132702469825745,11.523008346557617
1763323496.7600412,-0.03376393253926397,0.0,0.03376393253926397,0.6800192713737487,0.6111943359673022,0.6305718421936035,0.6129765510559082,0.22141072154045105,0.859950840473175,11.574268341064453
1763323496.780249,-0.033894714849765556,0.0,0.033894714849765556,0.6633376188576221,0.5980222375318407,0.6316715478897095,0.6129765510559082,0.19884200394153595,0.7735205888748169,11.778593063354492
1763323496.800148,-0.03402210378965375,0.0,0.03402210378965375,0.7,0.5780050830170511,0.6316715478897095,0.6140762567520142,0.23926177620887756,0.6386086940765381,11.67750358581543
1763323496.8201761,-0.03413270611965877,0.0,0.03413270611965877,0.656444676965475,0.6480050830170512,0.6316715478897095,0.6118768453598022,0.17875398695468903,1.0414468050003052,11.787891387939453
1763323496.8405194,-0.034239806205484516,0.0,0.034239806205484516,0.7,0.6484997781109996,0.6327712535858154,0.6074780225753784,0.18275389075279236,0.6073827743530273,12.055397033691406
1763323496.8600068,-0.034341651089676524,0.0,0.034341651089676524,0.6668877124786377,0.6249819571268744,0.6338709592819214,0.6041789054870605,0.27308303117752075,0.5704805850982666,11.593341827392578
1763323496.8800895,-0.03443716170258184,0.0,0.03443716170258184,0.7,0.6682872461271472,0.6338709592819214,0.593181848526001,0.2051728367805481,0.7056869268417358,11.615514755249023
1763323496.9003594,-0.03452575548258914,0.0,0.03452575548258914,0.7,0.6712168656405992,0.6349706649780273,0.5975806713104248,0.38450008630752563,0.8282783031463623,11.891603469848633
1763323496.9201195,-0.034607210086203016,0.0,0.034607210086203016,0.7,0.6776198228937573,0.6349706649780273,0.592082142829895,0.28777116537094116,0.6056816577911377,11.735916137695312
1763323496.9400191,-0.03468155923021931,0.0,0.03468155923021931,0.693119272403419,0.6169834105414338,0.6371700763702393,0.5898826718330383,0.3409670293331146,0.5029934048652649,11.549234390258789
1763323496.9602017,-0.03474901359729719,0.0,0.03474901359729719,0.6425643486902117,0.6654776303214021,0.6371700763702393,0.5953812599182129,0.3053814768791199,0.6831001043319702,11.739253997802734
1763323496.9802065,-0.03480990123460131,0.0,0.03480990123460131,0.6580353554338216,0.6326797051471658,0.6382697820663452,0.593181848526001,0.21838845312595367,0.380105197429657,11.736631393432617
1763323497.0002437,-0.034864623062736196,0.0,0.034864623062736196,0.6756320063024759,0.653685262997169,0.6382697820663452,0.593181848526001,0.17024542391300201,0.315610408782959,11.769533157348633
1763323497.020046,-0.03491362005255133,0.0,0.03491362005255133,0.7,0.6782146511715836,0.6404691934585571,0.5953812599182129,0.1904410421848297,0.4954778254032135,11.666059494018555
1763323497.0400667,-0.03495616049006139,0.0,0.03495616049006139,0.6821498151868581,0.6311801938456483,0.6382697820663452,0.5953812599182129,0.12196943908929825,0.4827612042427063,11.639595031738281
1763323497.0600736,-0.03499428406522761,0.0,0.03499428406522761,0.7,0.618835349206347,0.6393694877624512,0.5964809656143188,0.2782370448112488,0.5793683528900146,11.607646942138672
1763323497.0801845,-0.035028335031496854,0.0,0.035028335031496854,0.7,0.6502763895434327,0.6382697820663452,0.5997800827026367,0.16690939664840698,0.4209933280944824,11.705636978149414
1763323497.100175,-0.03505865983374933,0.0,0.03505865983374933,0.7,0.6311180466902442,0.642668604850769,0.6019794940948486,0.18663987517356873,0.4330231547355652,11.705160140991211
1763323497.1201344,-0.03508559730847396,0.0,0.03508559730847396,0.6924445268698036,0.6326983267092146,0.6415688991546631,0.6063783168792725,0.1368456780910492,0.5111797451972961,11.74616813659668
1763323497.140075,-0.035109472077520305,0.0,0.035109472077520305,0.7,0.5626983267092145,0.642668604850769,0.6085777282714844,0.3509560823440552,0.7322714328765869,11.60287857055664
1763323497.1601484,-0.03513059033415338,0.0,0.03513059033415338,0.7,0.6003163006925023,0.642668604850769,0.6107771396636963,0.45168277621269226,1.143043041229248,11.67750358581543
1763323497.1823308,-0.0351492374018131,0.0,0.0351492374018131,0.6922997304238379,0.6317694817506707,0.644868016242981,0.6140762567520142,0.21147260069847107,1.0814640522003174,13.862371444702148
1763323497.2000585,-0.03516567658849847,0.0,0.03516567658849847,0.7,0.6995346952998078,0.642668604850769,0.6162756681442261,0.19421057403087616,0.44230517745018005,11.586189270019531
1763323497.2200139,-0.03518014897125983,0.0,0.03518014897125983,0.6799806717783212,0.6956865861383266,0.643768310546875,0.6107771396636963,0.15412607789039612,0.46420031785964966,11.632442474365234
1763323497.2400393,-0.035192873832405734,0.0,0.035192873832405734,0.6416491631418466,0.7,0.643768310546875,0.6151759624481201,0.2191375344991684,0.43364161252975464,11.568069458007812
1763323497.2600474,-0.03520392188173374,0.0,0.03520392188173374,0.5772565964609384,0.6541415758430957,0.6459677219390869,0.6129765510559082,0.22162474691867828,0.7452805042266846,11.574268341064453
1763323497.280067,-0.03525406963606921,0.0,0.03525406963606921,0.6073373358696699,0.6847887866199016,0.6459677219390869,0.6151759624481201,0.22107063233852386,2.5472800731658936,11.598587036132812
1763323497.3001068,-0.03533005364138728,0.0,0.03533005364138728,0.6036753326654434,0.658491988480091,0.6459677219390869,0.617375373840332,0.152998149394989,0.6475967764854431,11.630535125732422
1763323497.319915,-0.035421980450505035,0.0,0.035421980450505035,0.6091260791756212,0.6763189740478992,0.6459677219390869,0.618475079536438,0.10525687038898468,0.898040771484375,11.539459228515625
1763323497.3400207,-0.03552255809777343,0.0,0.03552255809777343,0.6146201624535024,0.642183256149292,0.6459677219390869,0.619574785232544,0.21928058564662933,1.7324556112289429,11.544227600097656
1763323497.360037,-0.03562649373467271,0.0,0.03562649373467271,0.6381598806940019,0.6749414809048175,0.6360703706741333,0.6228739023208618,0.19579578936100006,0.4945482313632965,11.569976806640625
1763323497.3800874,-0.03568959465207794,0.0,0.03568959465207794,0.6674762370996177,0.6757847144501283,0.6250733137130737,0.6228739023208618,0.17381085455417633,0.6546176075935364,11.619329452514648
1763323497.3999922,-0.03572266955468926,0.0,0.03572266955468926,0.619543597381562,0.686416922067292,0.619574785232544,0.6250733137130737,0.12191623449325562,0.7417206764221191,11.522531509399414
1763323497.4200869,-0.035734017289640506,0.0,0.035734017289640506,0.6579860898666083,0.6694521102355793,0.6129765510559082,0.6272727251052856,0.18527726829051971,1.0626440048217773,11.711597442626953
1763323497.4399812,-0.035729974690896005,0.0,0.035729974690896005,0.6361694785766303,0.6456551960902288,0.6129765510559082,0.6305718421936035,0.11448074132204056,0.19763612747192383,11.513948440551758
1763323497.459996,-0.03571534880989309,0.0,0.03571534880989309,0.6108777395449578,0.6342875090660527,0.6085777282714844,0.6305718421936035,0.11226379871368408,0.5813559889793396,11.526346206665039
1763323497.480013,-0.03570265024658988,0.0,0.03570265024658988,0.6021724038757383,0.6472828024299815,0.6063783168792725,0.6338709592819214,0.2095407098531723,0.6235352158546448,11.538982391357422
1763323497.499959,-0.03568273223487193,0.0,0.03568273223487193,0.5504900806583464,0.6305983894737437,0.6129765510559082,0.6349706649780273,0.13870301842689514,1.081921935081482,11.490583419799805
1763323497.5199687,-0.0356583246726887,0.0,0.0356583246726887,0.5652149639092385,0.6213849791558459,0.6085777282714844,0.6371700763702393,0.16062913835048676,2.154949188232422,11.589765548706055
1763323497.540129,-0.0356314420153436,0.0,0.0356314420153436,0.6352149639092386,0.6224991257069632,0.6074780225753784,0.6371700763702393,0.1353408247232437,1.7849198579788208,11.64698600769043
1763323497.562539,-0.03560354869492737,0.0,0.03560354869492737,0.680691702272743,0.5579048196552321,0.6085777282714844,0.6371700763702393,0.1677364856004715,0.45125043392181396,14.179468154907227
1763323497.5797822,-0.03557568851322181,0.0,0.03557568851322181,0.6719134896807373,0.5522790566785261,0.5953812599182129,0.6360703706741333,0.21763373911380768,0.9487121105194092,11.419534683227539
1763323497.6000354,-0.035548585601144905,0.0,0.035548585601144905,0.6315851174108684,0.6222790566785261,0.5887829661369324,0.6382697820663452,0.24972765147686005,1.181164264678955,11.563301086425781
1763323497.6187809,-0.035482295067406,0.0,0.035482295067406,0.6409349944256246,0.647668556640856,0.593181848526001,0.6261730194091797,0.15160447359085083,0.5856924653053284,10.413408279418945
1763323497.6391418,-0.03526924895666097,0.0,0.03526924895666097,0.6708673182688654,0.6752809689892456,0.5843841433525085,0.6030791997909546,0.11679749935865402,0.46698108315467834,10.832786560058594
1763323497.6598306,-0.03495988410248645,0.0,0.03495988410248645,0.6908612269721925,0.6886860508052632,0.5854838490486145,0.5843841433525085,0.1812768429517746,0.6004358530044556,11.362552642822266
1763323497.6805575,-0.0345513435117414,0.0,0.0345513435117414,0.7,0.7,0.592082142829895,0.5865835547447205,0.20989176630973816,0.7157016396522522,12.196063995361328
1763323497.699896,-0.03419663814031993,0.0,0.03419663814031993,0.6299999999999999,0.7,0.5876832604408264,0.5854838490486145,0.3017144799232483,0.6142548322677612,11.41667366027832
1763323497.72042,-0.033776720180080884,0.0,0.033776720180080884,0.611129353865981,0.6602274298667907,0.5887829661369324,0.5810850262641907,0.19760467112064362,0.6000074148178101,12.054443359375
1763323497.7400687,-0.0333225737254165,0.0,0.0333225737254165,0.5976083512604236,0.6365796912461519,0.5953812599182129,0.5832844376564026,0.3218730688095093,0.6310856342315674,11.595964431762695
1763323497.7598262,-0.03285662181011112,0.0,0.03285662181011112,0.6322224001586436,0.7,0.5953812599182129,0.5876832604408264,0.2803802788257599,0.6703611612319946,11.34943962097168
1763323497.7798097,-0.03239475016616074,0.0,0.03239475016616074,0.6032354134321212,0.7,0.5975806713104248,0.5887829661369324,0.1321643888950348,0.6962997317314148,11.328935623168945
1763323497.7998285,-0.03194788517692802,0.0,0.03194788517692802,0.6179235289990901,0.7,0.6030791997909546,0.5942815542221069,0.14678660035133362,0.3020775020122528,11.361122131347656
1763323497.819804,-0.03152322059562166,0.0,0.03152322059562166,0.6862767200171946,0.7,0.6041789054870605,0.5986803770065308,0.223756343126297,0.34422212839126587,11.430978775024414
1763323497.839789,-0.0311251679730102,0.0,0.0311251679730102,0.7,0.6553124122321605,0.6074780225753784,0.6041789054870605,0.2069782167673111,0.25802358984947205,11.416196823120117
1763323497.8603034,-0.03075609013055715,0.0,0.03075609013055715,0.7,0.6794219359755516,0.6096774339675903,0.6107771396636963,0.1662972867488861,0.4445788860321045,11.841535568237305
1763323497.88027,-0.030457292511236845,0.0,0.030457292511236845,0.7,0.6636404030025005,0.6118768453598022,0.6151759624481201,0.2032904326915741,0.4842095971107483,11.800765991210938
1763323497.8998406,-0.030215184938679248,0.0,0.030215184938679248,0.7,0.7,0.6162756681442261,0.6206744909286499,0.1749226152896881,0.42203348875045776,11.375188827514648
1763323497.919726,-0.030004980962884877,0.0,0.030004980962884877,0.6299999999999999,0.7,0.617375373840332,0.6272727251052856,0.14400877058506012,0.26446664333343506,11.35563850402832
1763323497.9398293,-0.029836329423699272,0.0,0.029836329423699272,0.6961414489150046,0.6699178542941808,0.619574785232544,0.6305718421936035,0.18535862863063812,0.3179154098033905,11.351585388183594
1763323497.9598305,-0.029700984186989195,0.0,0.029700984186989195,0.6992628934048115,0.6308596532791853,0.6228739023208618,0.6338709592819214,0.199726402759552,0.37530142068862915,11.35563850402832
1763323497.9798658,-0.029632767766031624,0.0,0.029632767766031624,0.6973854291671886,0.5840029966086149,0.6250733137130737,0.6371700763702393,0.1919930875301361,0.47024303674697876,11.395692825317383
1763323497.9999037,-0.029612975542974016,0.0,0.029612975542974016,0.7,0.5923150235787034,0.6272727251052856,0.6415688991546631,0.2820940613746643,0.6370170712471008,11.434078216552734
1763323498.0198646,-0.029627339441808495,0.0,0.029627339441808495,0.6342211857438087,0.6117439771071076,0.6305718421936035,0.6404691934585571,0.36896151304244995,0.7025740742683411,11.488676071166992
1763323498.0400383,-0.029665048955274383,0.0,0.029665048955274383,0.5858610168099403,0.6715503575280308,0.6316715478897095,0.6393694877624512,0.31395024061203003,0.6719063520431519,11.566400527954102
1763323498.059828,-0.029717980045451096,0.0,0.029717980045451096,0.5981976667419076,0.7,0.6349706649780273,0.6404691934585571,0.16714733839035034,0.5738251209259033,11.34800910949707
1763323498.0799067,-0.02978008875159025,0.0,0.02978008875159025,0.6385985033586621,0.7,0.6360703706741333,0.6393694877624512,0.18062977492809296,0.5717358589172363,11.432409286499023
1763323498.099857,-0.029846935181773095,0.0,0.029846935181773095,0.677048591710627,0.680616396293044,0.6371700763702393,0.6316715478897095,0.16028378903865814,0.5125709772109985,11.391639709472656
1763323498.1599374,-0.029915310611770055,0.0,0.029915310611770055,0.6988653706386685,0.7,0.6371700763702393,0.6294721364974976,0.14867204427719116,0.7019515037536621,51.55658721923828
1763323498.1876793,-0.03009303540385522,0.0,0.03009303540385522,0.7,0.7,0.6360703706741333,0.6294721364974976,0.2886001765727997,0.529691219329834,17.439842224121094
1763323498.2015092,-0.030149160205775613,0.0,0.030149160205775613,0.6929560725577175,0.7,0.6360703706741333,0.6294721364974976,0.42321300506591797,0.708097517490387,11.368513107299805
1763323498.2227023,-0.03020212349425922,0.0,0.03020212349425922,0.6699790687300264,0.6955818513408303,0.6382697820663452,0.6305718421936035,0.2249753475189209,0.4591999053955078,12.515544891357422
1763323498.2419777,-0.030251495015555328,0.0,0.030251495015555328,0.6824575311504304,0.7,0.6371700763702393,0.6327712535858154,0.16845393180847168,0.494674950838089,11.777400970458984
1763323498.2618632,-0.030297070584473538,0.0,0.030297070584473538,0.7,0.6923133612610399,0.6371700763702393,0.6316715478897095,0.2543797492980957,0.33549055457115173,11.656999588012695
1763323498.2820168,-0.03033880841989917,0.0,0.03033880841989917,0.6767960030585527,0.7,0.6382697820663452,0.6327712535858154,0.2751222848892212,0.6816189289093018,11.81340217590332
1763323498.3019102,-0.03037678064454629,0.0,0.03037678064454629,0.6631927050650119,0.7,0.6382697820663452,0.6327712535858154,0.23588131368160248,0.5324759483337402,11.704206466674805
1763323498.3217127,-0.03041113659571229,0.0,0.03041113659571229,0.646459237486124,0.6961421506013721,0.6393694877624512,0.6349706649780273,0.17356017231941223,0.6591483354568481,11.553764343261719
1763323498.3421714,-0.030442075306664047,0.0,0.030442075306664047,0.6601518809795379,0.6920143682975322,0.6404691934585571,0.6360703706741333,0.18900613486766815,0.6539192199707031,11.970758438110352
1763323498.3620715,-0.030468937085415166,0.0,0.030468937085415166,0.6723221231251955,0.6942287725862115,0.6415688991546631,0.6371700763702393,0.1289488673210144,0.27141183614730835,11.870861053466797
1763323498.3818831,-0.030493147165140944,0.0,0.030493147165140944,0.7,0.7,0.6415688991546631,0.6382697820663452,0.16262485086917877,0.48118430376052856,11.677980422973633
1763323498.4019423,-0.030514877372551777,0.0,0.030514877372551777,0.6379942193627357,0.6928504126146435,0.6415688991546631,0.6404691934585571,0.12802515923976898,0.36376306414604187,11.739969253540039
1763323498.4215722,-0.030534312411888583,0.0,0.030534312411888583,0.5898876868188381,0.6228504126146435,0.642668604850769,0.6404691934585571,0.1514005810022354,0.5692837834358215,11.373519897460938
1763323498.4417741,-0.030592068964703054,0.0,0.030592068964703054,0.576456138677895,0.6529461239650844,0.643768310546875,0.642668604850769,0.1253315806388855,0.33203762769699097,11.573314666748047
1763323498.4619596,-0.03067492072282111,0.0,0.03067492072282111,0.5587670298293232,0.6723994055017828,0.6415688991546631,0.644868016242981,0.09180006384849548,0.7316747903823853,11.757850646972656
1763323498.481919,-0.03077301957002081,0.0,0.03077301957002081,0.5381490977481007,0.7,0.6404691934585571,0.6459677219390869,0.10271857678890228,0.6047580242156982,11.71565055847168
1763323498.5019767,-0.030879123362138713,0.0,0.030879123362138713,0.5619194971397519,0.7,0.6415688991546631,0.644868016242981,0.122305728495121,0.48122304677963257,11.773347854614258
1763323498.5229294,-0.030987990878131224,0.0,0.030987990878131224,0.5272701548412442,0.6352848455309867,0.6415688991546631,0.6470674276351929,0.14368587732315063,0.9185019135475159,12.738227844238281
1763323498.5422654,-0.031055480930118635,0.0,0.031055480930118635,0.586387531645596,0.666976847499609,0.6228739023208618,0.6470674276351929,0.07999225705862045,0.6242468357086182,12.066841125488281
1763323498.5620139,-0.03109245231242339,0.0,0.03109245231242339,0.6192012595012784,0.6606113284826278,0.5887829661369324,0.6481671929359436,0.14825840294361115,0.5466463565826416,11.809110641479492
1763323498.5826154,-0.03112455181046459,0.0,0.03112455181046459,0.63849269580096,0.6668452502228319,0.5678885579109192,0.6459677219390869,0.12221089005470276,0.4077214002609253,12.416839599609375
1763323498.6021178,-0.031135121251056212,0.0,0.031135121251056212,0.6364216411486268,0.7,0.5513929724693298,0.6459677219390869,0.14025747776031494,0.4604347050189972,11.914491653442383
1763323498.6219316,-0.031090029878020207,0.0,0.031090029878020207,0.6510514307767152,0.7,0.5590909123420715,0.6481671929359436,0.12269201874732971,0.359937846660614,11.723995208740234
1763323498.6418939,-0.03080532646829232,0.0,0.03080532646829232,0.611692002788186,0.7,0.5623900294303894,0.643768310546875,0.12475445866584778,0.3680783808231354,11.603832244873047
1763323498.6617265,-0.030119129152262072,0.0,0.030119129152262072,0.6155409743543714,0.7,0.5546920895576477,0.643768310546875,0.1753421127796173,0.2535528540611267,11.543750762939453
1763323498.6820917,-0.029172146685530163,0.0,0.029172146685530163,0.643586710607633,0.6859143123030662,0.5590909123420715,0.6459677219390869,0.12807153165340424,0.2876189947128296,11.800527572631836
1763323498.7018816,-0.028068985580298994,0.0,0.028068985580298994,0.6091426057275384,0.6906966239213943,0.5634897351264954,0.644868016242981,0.08667773753404617,0.24600280821323395,11.681795120239258
1763323498.721934,-0.026886419543693574,0.0,0.026886419543693574,0.5958738462533801,0.7,0.5612903237342834,0.6470674276351929,0.12339726835489273,0.1817266345024109,11.73853874206543
1763323498.7428617,-0.0256798667983655,0.0,0.0256798667983655,0.5839543543290346,0.6957502181641757,0.5678885579109192,0.6470674276351929,0.13220718502998352,0.35393208265304565,12.630939483642578
1763323498.762041,-0.024488451924115178,0.0,0.024488451924115178,0.6277426197659224,0.7,0.5711876749992371,0.6470674276351929,0.1094900593161583,0.3469521999359131,11.842727661132812
1763323498.7823672,-0.023338951131223168,0.0,0.023338951131223168,0.6512432354968041,0.6767479039728641,0.5744867920875549,0.6492668986320496,0.1407807618379593,0.32182610034942627,12.165069580078125
1763323498.8019912,-0.0223409251946854,0.0,0.0223409251946854,0.6798994611483067,0.6871850507333874,0.5810850262641907,0.6492668986320496,0.11290441453456879,0.29592716693878174,11.789321899414062
1763323498.8219216,-0.02138234641112981,0.0,0.02138234641112981,0.6958629615139216,0.6675141302868723,0.5843841433525085,0.6492668986320496,0.11722420901060104,0.2891584634780884,11.716365814208984
1763323498.8421724,-0.020516857990546047,0.0,0.020516857990546047,0.7,0.6882147023454308,0.5887829661369324,0.6492668986320496,0.09435594081878662,0.41050004959106445,11.97361946105957
1763323498.8620205,-0.019738838169208708,0.0,0.019738838169208708,0.7,0.7,0.5953812599182129,0.6503666043281555,0.2743423283100128,0.44836199283599854,11.818885803222656
1763323498.881933,-0.01904207695444006,0.0,0.01904207695444006,0.7,0.7,0.6008797883987427,0.6514663100242615,0.28230103850364685,0.4485715627670288,11.733770370483398
1763323498.9020333,-0.01842011944494394,0.0,0.01842011944494394,0.6299999999999999,0.6741194304078817,0.6074780225753784,0.6503666043281555,0.3164439797401428,0.4901314675807953,11.736631393432617
1763323498.9217477,-0.017866510748929806,0.0,0.017866510748929806,0.673627195060253,0.6041194304078816,0.6140762567520142,0.6503666043281555,0.22976753115653992,0.4856582283973694,11.58761978149414
1763323498.9421582,-0.01741539399988766,0.0,0.01741539399988766,0.6977537359297274,0.5662319242209195,0.6217741966247559,0.6525660157203674,0.4463595747947693,0.7802990078926086,11.955499649047852
1763323498.9621148,-0.017047355284922558,0.0,0.017047355284922558,0.7,0.5876486647129058,0.6250733137130737,0.6536657214164734,0.3266296088695526,0.8580328226089478,11.912107467651367
1763323498.9820368,-0.01674672056740391,0.0,0.01674672056740391,0.7,0.6296302314102649,0.6305718421936035,0.6481671929359436,0.4974519908428192,0.8091404438018799,11.746406555175781
1763323499.0020816,-0.016500826543116322,0.0,0.016500826543116322,0.7,0.636822571158409,0.6360703706741333,0.6481671929359436,0.3646119236946106,0.8175538778305054,11.879920959472656
1763323499.0219412,-0.016287335073257272,0.0,0.016287335073257272,0.6789938051253557,0.6386999221239238,0.6404691934585571,0.6327712535858154,0.6433417797088623,0.9075994491577148,11.741161346435547
1763323499.041994,-0.016114076098854326,0.0,0.016114076098854326,0.6089938051253556,0.6420185997802763,0.642668604850769,0.618475079536438,0.5142407417297363,1.0747427940368652,11.843442916870117
1763323499.0621371,-0.015973328050105803,0.0,0.015973328050105803,0.5800024840235709,0.6753333829063921,0.644868016242981,0.6140762567520142,0.15646272897720337,0.6832796335220337,11.927604675292969
1763323499.0819461,-0.015858870853785845,0.0,0.015858870853785845,0.515947823524475,0.6260021909791975,0.6492668986320496,0.6096774339675903,0.32395827770233154,0.6924155950546265,11.747360229492188
1763323499.1019301,-0.01572526337547654,0.0,0.01572526337547654,0.5274326206371187,0.6155225116480141,0.6481671929359436,0.6074780225753784,0.21086756885051727,0.5875335931777954,11.74163818359375
1763323499.1198359,-0.015622303597751627,0.0,0.015622303597751627,0.47408320020884265,0.6166525022080167,0.6481671929359436,0.6096774339675903,0.1319122314453125,0.2853407561779022,9.633302688598633
1763323499.137702,-0.015543344606926211,0.0,0.015543344606926211,0.5440832002088427,0.6317041818937286,0.6470674276351929,0.6096774339675903,0.1576445996761322,0.537822961807251,7.578611373901367
1763323499.1577487,-0.015483137048679464,0.0,0.015483137048679464,0.5480862998403608,0.6560219922056421,0.6404691934585571,0.6096774339675903,0.2107841968536377,1.3669073581695557,7.626771926879883
1763323499.1776934,-0.015437540632242997,0.0,0.015437540632242997,0.5421700648032128,0.6740941074630245,0.6074780225753784,0.6096774339675903,0.11174943298101425,0.9272441267967224,7.571697235107422
1763323499.1977038,-0.01536286661691452,0.0,0.01536286661691452,0.4960280603729188,0.6949173551937564,0.5612903237342834,0.6118768453598022,0.09125517308712006,1.493664264678955,7.577657699584961
1763323499.2176414,-0.01522953599564016,0.0,0.01522953599564016,0.511991652008146,0.7,0.546994149684906,0.6107771396636963,0.12175627052783966,2.945951223373413,7.520437240600586
1763323499.240468,-0.015113774946157345,0.0,0.015113774946157345,0.5819916520081461,0.6299999999999999,0.5403959155082703,0.6107771396636963,0.08267857134342194,3.946373462677002,10.346412658691406
1763323499.2616258,-0.014918042959067202,0.0,0.014918042959067202,0.5309232044778764,0.6161319307237862,0.5239002704620361,0.6107771396636963,0.09444902092218399,1.5016069412231445,11.469841003417969
1763323499.2816494,-0.014671923219873222,0.0,0.014671923219873222,0.4988195691071451,0.5461319307237862,0.5107038021087646,0.6107771396636963,0.25576165318489075,4.754817008972168,11.445760726928711
1763323499.301872,-0.01435686369329697,0.0,0.01435686369329697,0.511182557772845,0.534937937222421,0.5173020362854004,0.6129765510559082,0.06686299294233322,0.19233626127243042,11.66987419128418
1763323499.3194075,-0.014002223300253611,0.0,0.014002223300253611,0.5316742639802396,0.5496766431629656,0.5184017419815063,0.6140762567520142,0.06788402050733566,0.7905756235122681,9.210824966430664
1763323499.3377576,-0.013508153619967244,0.0,0.013508153619967244,0.5578634608350694,0.5142250260710715,0.5096040964126587,0.6129765510559082,0.11246606707572937,0.8682488203048706,7.632970809936523
1763323499.357698,-0.012889832339336334,0.0,0.012889832339336334,0.6278634608350695,0.5372604778409003,0.5140029191970825,0.6096774339675903,0.10354102402925491,1.1587508916854858,7.574796676635742
1763323499.377658,-0.012201504120993953,0.0,0.012201504120993953,0.6415095568262041,0.5207759583741425,0.5151026248931885,0.5909823775291443,0.13425801694393158,0.7871984243392944,7.536888122558594
1763323499.3976963,-0.01148269127116981,0.0,0.01148269127116981,0.6732365318201483,0.5134133234992622,0.5151026248931885,0.5700879693031311,0.15798483788967133,0.8156569004058838,7.575035095214844
1763323499.4176743,-0.010761648629344665,0.0,0.010761648629344665,0.6431411836855114,0.49140602577477677,0.5184017419815063,0.548093855381012,0.14503788948059082,0.6830458641052246,7.555723190307617
1763323499.43764,-0.010017632319173013,0.0,0.010017632319173013,0.5858394500426949,0.46606205444782955,0.5206011533737183,0.527199387550354,0.19557347893714905,1.2718076705932617,7.519721984863281
1763323499.457696,-0.009371658363043524,0.0,0.009371658363043524,0.5535763498954476,0.4775166124477981,0.5239002704620361,0.5096040964126587,0.36368951201438904,1.3843117952346802,7.573604583740234
1763323499.4776688,-0.008716416338276644,0.0,0.008716416338276644,0.5933226753585041,0.5101121202483772,0.5326979160308838,0.4997067451477051,0.28296029567718506,1.27641761302948,7.5473785400390625
1763323499.4976583,-0.008031577827714347,0.0,0.008031577827714347,0.6486055140011013,0.5193005012720822,0.5414956212043762,0.4887096881866455,0.16784341633319855,1.0966323614120483,7.536172866821289
1763323499.5177615,-0.007344231023657577,0.0,0.007344231023657577,0.6275755741260947,0.5671409922093151,0.5502932667732239,0.4722140431404114,0.3640114665031433,1.2511570453643799,7.637739181518555
1763323499.5377018,-0.006673256960034952,0.0,0.006673256960034952,0.6750383429788054,0.547944535911083,0.5601906180381775,0.47001463174819946,0.5592777729034424,1.0263683795928955,7.576704025268555
1763323499.5577025,-0.006031338531581821,0.0,0.006031338531581821,0.6518691588751973,0.5423898226022719,0.5689882636070251,0.47331374883651733,0.48984718322753906,1.1501411199569702,7.581949234008789
1763323499.5791018,-0.005426519270535361,0.0,0.005426519270535361,0.6703075931034983,0.5795776224136351,0.5777859091758728,0.46781522035598755,0.35567617416381836,0.9493929147720337,8.966684341430664
1763323499.601975,-0.004863408312319637,0.0,0.004863408312319637,0.6969209869019688,0.5981940994411705,0.5865835547447205,0.4722140431404114,0.6932193636894226,1.1565606594085693,11.769771575927734
1763323499.6218715,-0.004384535754977124,0.0,0.004384535754977124,0.7,0.6479624206572769,0.5942815542221069,0.47771257162094116,0.3562789261341095,0.7497288584709167,11.606216430664062
1763323499.6381342,-0.003976794177284066,0.0,0.003976794177284066,0.6912869045510888,0.665343274772167,0.6019794940948486,0.4843108654022217,0.2684083878993988,0.5851036906242371,8.008718490600586
1763323499.6576488,-0.0036292047716250772,0.0,0.0036292047716250772,0.7,0.7,0.6074780225753784,0.49530792236328125,0.1845446527004242,0.5257260203361511,7.528543472290039
1763323499.677743,-0.0033274187752529915,0.0,0.0033274187752529915,0.6910964919254183,0.7,0.6140762567520142,0.5074046850204468,0.14880818128585815,0.32355010509490967,7.623195648193359
1763323499.6977224,-0.0031109661627159294,0.0,0.0031109661627159294,0.6308092212304472,0.6532664492726326,0.618475079536438,0.52829909324646,0.151829332113266,0.29462361335754395,7.600545883178711
1763323499.71766,-0.0029594890337940718,0.0,0.0029594890337940718,0.6873210927471518,0.6445356838405132,0.6217741966247559,0.546994149684906,0.15023763477802277,0.24622739851474762,7.539033889770508
1763323499.737718,-0.002897562668224515,0.0,0.002897562668224515,0.7,0.6608813226222991,0.6250733137130737,0.5645894408226013,0.14549005031585693,0.2520280182361603,7.597446441650391
1763323499.7577055,-0.0028994685727059565,0.0,0.0028994685727059565,0.7,0.6894668739289045,0.6283724308013916,0.5799853205680847,0.10342730581760406,0.3526673913002014,7.583856582641602
1763323499.7776625,-0.002986088793226892,0.0,0.002986088793226892,0.6780307151377201,0.6501827899366617,0.6305718421936035,0.592082142829895,0.09518079459667206,0.42317691445350647,7.543087005615234
1763323499.7976596,-0.0031696949533652915,0.0,0.0031696949533652915,0.6449294842779636,0.6126866925507783,0.6338709592819214,0.6030791997909546,0.08738391846418381,0.4472128748893738,7.538080215454102
1763323499.8177001,-0.003415826727815625,0.0,0.003415826727815625,0.6136466532945632,0.6826866925507784,0.6338709592819214,0.6140762567520142,0.08703373372554779,1.0463049411773682,7.579565048217773
1763323499.8406587,-0.0037393286939510564,0.0,0.0037393286939510564,0.5852603062987327,0.6126866925507783,0.6349706649780273,0.6206744909286499,0.11045398563146591,4.8063201904296875,10.53166389465332
1763323499.8616295,-0.0041080446207592825,0.0,0.0041080446207592825,0.6042919594794511,0.5779738750308752,0.6360703706741333,0.6250733137130737,0.09607153385877609,1.2686002254486084,11.425495147705078
1763323499.881618,-0.004498447810508457,0.0,0.004498447810508457,0.6076020533684641,0.5468037210404872,0.6382697820663452,0.6305718421936035,0.1482524871826172,1.5652689933776855,11.417150497436523
1763323499.9016187,-0.004837405827315459,0.0,0.004837405827315459,0.599653228232637,0.47680372104048724,0.6327712535858154,0.6327712535858154,0.07265684008598328,0.4744618237018585,11.417388916015625
1763323499.921659,-0.005187917518180124,0.0,0.005187917518180124,0.6696532282326371,0.40680372104048723,0.6338709592819214,0.6272727251052856,0.1069154366850853,0.8064823150634766,11.405706405639648
1763323499.9416234,-0.00553721646650822,0.0,0.00553721646650822,0.6638377697486431,0.3797020404040813,0.6338709592819214,0.6250733137130737,0.8321020603179932,1.6979279518127441,11.41977310180664
1763323499.9616294,-0.005876467330937089,0.0,0.005876467330937089,0.673656771639362,0.3405179357528686,0.6338709592819214,0.6107771396636963,0.283523291349411,2.1719326972961426,11.426448822021484
1763323499.981617,-0.00619979807249193,0.0,0.00619979807249193,0.7,0.34571023233234877,0.6327712535858154,0.5766862034797668,1.6406242847442627,2.3252501487731934,11.416912078857422
1763323500.0016258,-0.006503549660993139,0.0,0.006503549660993139,0.7,0.35422452393919224,0.6327712535858154,0.5151026248931885,0.6615514159202576,3.10426664352417,11.421442031860352
1763323500.021562,-0.0067452687115113815,0.0,0.0067452687115113815,0.6299999999999999,0.3956757843866944,0.6316715478897095,0.4480205178260803,2.879615068435669,4.316471576690674,11.358499526977539
1763323500.0416496,-0.00689710279484908,0.0,0.00689710279484908,0.6264443075004964,0.4473674208298325,0.6338709592819214,0.40953075885772705,2.535395383834839,3.8497891426086426,11.447668075561523
1763323500.0595405,-0.006942075067658177,0.0,0.006942075067658177,0.6676757273916154,0.4580196807533502,0.6327712535858154,0.38643693923950195,1.7753245830535889,3.1874451637268066,9.329080581665039
1763323500.0779057,-0.007032921681297731,0.0,0.007032921681297731,0.62201250099577,0.5280196807533502,0.6305718421936035,0.3721407651901245,0.5380687713623047,2.1805591583251953,7.7838897705078125
1763323500.0977666,-0.007557516468143782,0.0,0.007557516468143782,0.5987391615007072,0.5893771640211343,0.6261730194091797,0.38863635063171387,0.6938074231147766,2.226839542388916,7.639646530151367
1763323500.117857,-0.008012983055624461,0.0,0.008012983055624461,0.6037977103795855,0.6288627303391694,0.6261730194091797,0.4007331132888794,0.3736519515514374,0.9406265616416931,7.729053497314453
1763323500.1409764,-0.009169285332365345,0.0,0.009169285332365345,0.5337977103795855,0.5704699411243199,0.6228739023208618,0.39413487911224365,0.2685425281524658,1.1782362461090088,10.848522186279297
1763323500.1631386,-0.010903183838403989,0.0,0.010903183838403989,0.5584856171067802,0.6028894662111997,0.6217741966247559,0.3974339962005615,0.33429306745529175,1.8922362327575684,12.937068939208984
1763323500.183528,-0.012992572667936342,0.0,0.012992572667936342,0.5656570523884146,0.5929423841834067,0.617375373840332,0.4282258152961731,0.43603286147117615,1.094551920890808,13.32855224609375
1763323500.2040231,-0.015273812496813192,0.0,0.015273812496813192,0.6086749054398386,0.5813600720092653,0.6140762567520142,0.4535190463066101,0.22995547950267792,0.9220756888389587,13.824701309204102
1763323500.224656,-0.017628186441020186,0.0,0.017628186441020186,0.6170769708137958,0.5244396777078508,0.5788856148719788,0.4843108654022217,0.2122233659029007,1.8090784549713135,14.50037956237793
1763323500.245084,-0.02001173653565875,0.0,0.02001173653565875,0.6178162694582714,0.4690660872682928,0.5667888522148132,0.5096040964126587,0.1880294531583786,1.381838321685791,14.928340911865234
1763323500.265248,-0.022352733603753144,0.0,0.022352733603753144,0.6472305190423502,0.45378574926406134,0.5656891465187073,0.5315982103347778,0.32178184390068054,1.031080722808838,15.087127685546875
1763323500.2855105,-0.02460247744357045,0.0,0.02460247744357045,0.6784433555463327,0.4958117288723587,0.5667888522148132,0.5491935610771179,0.28490200638771057,0.7887126803398132,15.350341796875
1763323500.3063493,-0.026729546817431164,0.0,0.026729546817431164,0.7,0.5353070368245243,0.5623900294303894,0.5579912066459656,0.24797728657722473,0.553301215171814,16.190052032470703
1763323500.3267076,-0.02871535022123183,0.0,0.02871535022123183,0.7,0.5038739909604191,0.5623900294303894,0.5502932667732239,0.30494561791419983,1.0642931461334229,16.541004180908203
1763323500.346602,-0.030439475436380096,0.0,0.030439475436380096,0.7,0.5280147363618015,0.5667888522148132,0.5491935610771179,0.587247371673584,1.586306095123291,16.434192657470703
1763323500.3666043,-0.032047626940582746,0.0,0.032047626940582746,0.7,0.5648359825089573,0.5667888522148132,0.5425953269004822,0.2760351300239563,0.9332555532455444,16.43538475036621
1763323500.3874907,-0.033492414812621406,0.0,0.033492414812621406,0.7,0.5695657340064644,0.5744867920875549,0.5162023305892944,0.22130058705806732,0.7820068597793579,17.32468605041504
1763323500.4077528,-0.03478565627273724,0.0,0.03478565627273724,0.7,0.5006446895375847,0.5744867920875549,0.5162023305892944,0.18131640553474426,0.7088418006896973,17.587900161743164
1763323500.4202864,-0.03593955332037288,0.0,0.03593955332037288,0.7,0.5241035652533172,0.5766862034797668,0.5162023305892944,0.1950763314962387,0.7300795316696167,10.11514663696289
1763323500.4399934,-0.0369258257319825,0.0,0.0369258257319825,0.6863100871443748,0.5719161686673759,0.5832844376564026,0.5151026248931885,0.2342030107975006,0.9963775873184204,9.855031967163086
1763323500.46035,-0.03776967624804179,0.0,0.03776967624804179,0.693080582935363,0.6306966041401028,0.5887829661369324,0.5096040964126587,0.2306860387325287,0.9083935618400574,10.207414627075195
1763323500.4803956,-0.03853279161335754,0.0,0.03853279161335754,0.6533113059587776,0.6217370788753032,0.593181848526001,0.5118035078048706,0.16036860644817352,0.8323342800140381,10.25843620300293
1763323500.5004957,-0.039219718098982205,0.0,0.039219718098982205,0.5919982095248997,0.6435849360376595,0.5986803770065308,0.5151026248931885,0.15678445994853973,0.9125590324401855,10.360240936279297
1763323500.5205183,-0.039835621405625195,0.0,0.039835621405625195,0.585830920189619,0.6380494987778365,0.6052786111831665,0.5107038021087646,0.1018596887588501,1.9465142488479614,10.379791259765625
1763323500.5410085,-0.04038596133621689,0.0,0.04038596133621689,0.5264787718653678,0.6155502559803425,0.6074780225753784,0.5151026248931885,0.11126606166362762,2.132129669189453,10.866403579711914
1763323500.5607476,-0.04086378051480228,0.0,0.04086378051480228,0.5553127236664295,0.6154002055071759,0.6118768453598022,0.5206011533737183,0.09749922156333923,2.2349002361297607,10.6048583984375
1763323500.5809166,-0.04129111288895794,0.0,0.04129111288895794,0.5564256447134539,0.5919494360231328,0.6140762567520142,0.5293987989425659,0.23902787268161774,2.4088685512542725,10.775327682495117
1763323500.600875,-0.04167211581771741,0.0,0.04167211581771741,0.5506665126187726,0.5926848283514845,0.617375373840332,0.5381965041160583,0.3666563928127289,2.0323872566223145,10.736465454101562
1763323500.6280487,-0.042010897928896215,0.0,0.042010897928896215,0.6206665126187727,0.5546059763536322,0.6096774339675903,0.548093855381012,0.2535630166530609,2.580110549926758,17.90595054626465
1763323500.6517172,-0.042351853620800996,0.0,0.042351853620800996,0.5922821139497683,0.591610465805279,0.6118768453598022,0.5579912066459656,0.36410459876060486,2.1335206031799316,21.52705192565918
1763323500.673257,-0.04268533318829396,0.0,0.04268533318829396,0.6161661589099094,0.579833115126239,0.6074780225753784,0.5678885579109192,0.2796599268913269,1.9591070413589478,21.295547485351562
1763323500.685389,-0.04300483116754426,0.0,0.04300483116754426,0.6861661589099095,0.5356866630271542,0.5964809656143188,0.5755864977836609,0.27905818819999695,1.249281406402588,11.889934539794922
1763323500.7013066,-0.04330619747399232,0.0,0.04330619747399232,0.6723842136887834,0.5467898805171716,0.5854838490486145,0.5832844376564026,0.19183547794818878,0.681893527507782,11.170625686645508
1763323500.7254276,-0.04358702739845147,0.0,0.04358702739845147,0.7,0.5687916778505313,0.5832844376564026,0.5843841433525085,0.20517709851264954,0.686913013458252,15.283584594726562
1763323500.751925,-0.043805764010467554,0.0,0.043805764010467554,0.6817019272595644,0.533778289008187,0.5810850262641907,0.5832844376564026,0.1360364854335785,0.35390496253967285,21.732568740844727
1763323500.7739344,-0.043894751241586996,0.0,0.043894751241586996,0.6840033880900591,0.5007106118381488,0.5832844376564026,0.5865835547447205,0.2776179611682892,0.9787262678146362,21.768808364868164
1763323500.7983673,-0.04395835180418208,0.0,0.04395835180418208,0.6684241095092147,0.5707106118381489,0.5843841433525085,0.573387086391449,0.1674080491065979,0.9679670333862305,24.16229248046875
1763323500.8230069,-0.0438818991685782,0.0,0.0438818991685782,0.6664130243472755,0.6127983679354656,0.5832844376564026,0.5623900294303894,0.20702017843723297,1.1207600831985474,24.396181106567383
1763323500.8557343,-0.04376384719263599,0.0,0.04376384719263599,0.6958849432878196,0.5502753754437435,0.5887829661369324,0.527199387550354,0.2957943081855774,0.9918772578239441,22.39847183227539
1763323500.8801334,-0.04362001237648694,0.0,0.04362001237648694,0.7,0.6202753754437436,0.5909823775291443,0.5326979160308838,0.20529583096504211,0.6096141338348389,24.121761322021484
1763323500.9042783,-0.04319059405192068,0.0,0.04319059405192068,0.6876221353188157,0.6060294555604924,0.5942815542221069,0.5315982103347778,0.22979851067066193,0.6335424184799194,23.89979362487793
1763323500.9383788,-0.042690328854387866,0.0,0.042690328854387866,0.7,0.5660142647207249,0.6019794940948486,0.5326979160308838,0.340702623128891,0.694273054599762,23.75006675720215
1763323500.961586,-0.04244088156404436,0.0,0.04244088156404436,0.6878726406022906,0.6233894163847435,0.6041789054870605,0.5337976217269897,0.5536198616027832,1.408459186553955,22.968530654907227
1763323500.984593,-0.042200220852474976,0.0,0.042200220852474976,0.7,0.6025454560399521,0.6074780225753784,0.5359970927238464,0.25191882252693176,0.9828802943229675,22.75872230529785
1763323501.0173485,-0.0417905919218075,0.0,0.0417905919218075,0.7,0.6044715824641753,0.6140762567520142,0.546994149684906,0.40590938925743103,0.9392157196998596,22.34506607055664
1763323501.039018,-0.0417905919218075,0.0,0.0417905919218075,0.6912290219217538,0.5838063503720332,0.6151759624481201,0.5546920895576477,0.5369934439659119,0.8898364305496216,21.375179290771484
1763323501.062947,-0.041531821855152036,0.0,0.041531821855152036,0.7,0.5948956874303986,0.617375373840332,0.5601906180381775,0.6999910473823547,1.2428454160690308,23.657560348510742
1763323501.0883415,-0.041452718822027744,0.0,0.041452718822027744,0.7,0.602565452932613,0.6217741966247559,0.5667888522148132,0.47164514660835266,1.1046148538589478,25.133609771728516
1763323501.1211817,-0.04135858287608323,0.0,0.04135858287608323,0.6299999999999999,0.6674794708483387,0.6250733137130737,0.5788856148719788,0.38139116764068604,0.7937451004981995,22.493362426757812
1763323501.1446004,-0.04137398571954556,0.0,0.04137398571954556,0.616599733121693,0.6500870273553301,0.6250733137130737,0.5843841433525085,0.43654030561447144,0.7940940856933594,23.178815841674805
1763323501.168125,-0.041426258454482064,0.0,0.041426258454482064,0.5935582556948065,0.58008702735533,0.6283724308013916,0.5887829661369324,0.3003580570220947,0.9991130828857422,23.24533462524414
1763323501.1930115,-0.04150276265193164,0.0,0.04150276265193164,0.5893736701644956,0.5418630864762235,0.6261730194091797,0.5942815542221069,0.2975299656391144,1.3103177547454834,24.62458610534668
1763323501.2267158,-0.04167336646102022,0.0,0.04167336646102022,0.5926881147269158,0.5335146969475317,0.6283724308013916,0.6019794940948486,0.4073852598667145,0.6900780200958252,23.408174514770508
1763323501.2498174,-0.04176212046329869,0.0,0.04176212046329869,0.6282874693814664,0.6010976990975905,0.6239736080169678,0.6019794940948486,0.3060227632522583,1.0611677169799805,22.855281829833984
1763323501.2728338,-0.041895540128053334,0.0,0.041895540128053334,0.6781179582420735,0.6335751375474501,0.6239736080169678,0.6019794940948486,0.3147740364074707,0.5558743476867676,22.724390029907227
1763323501.2953424,-0.04201603952585168,0.0,0.04201603952585168,0.6746477788500487,0.6249912351660896,0.617375373840332,0.5777859091758728,0.32111984491348267,1.0889744758605957,22.246599197387695
1763323501.3285284,-0.042221443863645604,0.0,0.042221443863645604,0.7,0.6657307416491676,0.6217741966247559,0.5799853205680847,0.1974235475063324,0.5779482126235962,22.762298583984375
1763323501.3532243,-0.04230809581694786,0.0,0.04230809581694786,0.7,0.7,0.619574785232544,0.5777859091758728,0.14778831601142883,0.7923240065574646,24.405241012573242
1763323501.3656278,-0.042344810515810065,0.0,0.042344810515810065,0.6397715367376804,0.6834616966545581,0.6151759624481201,0.5744867920875549,0.19209450483322144,0.7727677822113037,12.165546417236328
1763323501.3780792,-0.042386300063964405,0.0,0.042386300063964405,0.6583499692380428,0.6449777491390705,0.618475079536438,0.5777859091758728,0.10856729745864868,0.8129476308822632,12.292861938476562
1763323501.4095404,-0.04243001267633559,0.0,0.04243001267633559,0.6866546709090471,0.6071316197514534,0.619574785232544,0.5777859091758728,0.12477017194032669,0.36947962641716003,23.857831954956055
1763323501.4339051,-0.04247411734434034,0.0,0.04247411734434034,0.6769947696477174,0.5863224349915981,0.619574785232544,0.5832844376564026,0.11925795674324036,0.444535493850708,24.11365509033203
1763323501.4564443,-0.042512410143147716,0.0,0.042512410143147716,0.6759762386092916,0.5342120982706546,0.619574785232544,0.5854838490486145,0.3056921362876892,0.6367635726928711,22.26400375366211
1763323501.4908345,-0.0425876551346488,0.0,0.0425876551346488,0.7,0.5742615170776844,0.619574785232544,0.5887829661369324,0.27002763748168945,0.7810723781585693,24.059772491455078
1763323501.5145357,-0.042622995766695565,0.0,0.042622995766695565,0.6638584926724433,0.6080728180706501,0.619574785232544,0.5876832604408264,0.26816609501838684,1.0212438106536865,23.44512939453125
1763323501.5376215,-0.04265619937220531,0.0,0.04265619937220531,0.6749196050688624,0.5935958100482821,0.619574785232544,0.5887829661369324,0.40692654252052307,0.8594189882278442,22.81045913696289
1763323501.569285,-0.04271543605626636,0.0,0.04271543605626636,0.6649917865172028,0.6331265529617667,0.6206744909286499,0.5854838490486145,0.2511252760887146,0.48236772418022156,21.396398544311523
1763323501.5948322,-0.04274137736628753,0.0,0.04274137736628753,0.6411343252286315,0.6744053957983851,0.6217741966247559,0.5821847319602966,0.21587638556957245,0.48857516050338745,25.307655334472656
1763323501.6187463,-0.04276493245223022,0.0,0.04276493245223022,0.5983344500884413,0.7,0.6228739023208618,0.5777859091758728,0.1263398975133896,0.5339908003807068,23.659944534301758
1763323501.6508074,-0.04280534303737219,0.0,0.04280534303737219,0.6279067469760775,0.6704706687480211,0.6228739023208618,0.5777859091758728,0.14630074799060822,1.6383925676345825,21.642208099365234
1763323501.6724029,-0.042821955417694714,0.0,0.042821955417694714,0.6226255374960601,0.7,0.6228739023208618,0.5799853205680847,0.1344575136899948,0.9955601692199707,21.352529525756836
1763323501.6954956,-0.04283690718569877,0.0,0.04283690718569877,0.6461581869982183,0.6833794757723808,0.6239736080169678,0.5821847319602966,0.14193561673164368,0.41825807094573975,22.85146713256836
1763323501.718063,-0.042850311472635724,0.0,0.042850311472635724,0.6679717733524739,0.6794240314513444,0.6228739023208618,0.5843841433525085,0.2133466750383377,0.5970510244369507,22.28856086730957
1763323501.740854,-0.04287295623540047,0.0,0.04287295623540047,0.638447609078139,0.7,0.6217741966247559,0.5865835547447205,0.12645727396011353,0.3494916260242462,22.561311721801758
1763323501.7739995,-0.0428824354449503,0.0,0.0428824354449503,0.646690943557769,0.6617415741086006,0.6228739023208618,0.5986803770065308,0.23789995908737183,0.5544869899749756,22.817373275756836
1763323501.7975047,-0.04289083870747491,0.0,0.04289083870747491,0.6338827920146286,0.6645311315543949,0.6217741966247559,0.6052786111831665,0.15577396750450134,0.6288245916366577,23.253679275512695
1763323501.821513,-0.04289827317116644,0.0,0.04289827317116644,0.6128978759981691,0.6298683521337807,0.6228739023208618,0.6107771396636963,0.13804824650287628,0.8832378387451172,23.740053176879883
1763323501.8534794,-0.0429510557951149,0.0,0.0429510557951149,0.6828978759981692,0.6109392915852367,0.6228739023208618,0.619574785232544,0.148692786693573,0.8160032629966736,21.54088020324707
1763323501.876896,-0.04302359582880067,0.0,0.04302359582880067,0.6421895762719214,0.6302909881807863,0.6206744909286499,0.6261730194091797,0.10165166854858398,0.7835494875907898,23.15521240234375
1763323501.9022055,-0.04308657693808167,0.0,0.04308657693808167,0.6142081459797919,0.6277597689069807,0.6217741966247559,0.6272727251052856,0.1462274044752121,0.4668383002281189,25.033950805664062
1763323501.9370701,-0.04325792357786887,0.0,0.04325792357786887,0.6263341028057039,0.650100262183696,0.6217741966247559,0.6283724308013916,0.17820140719413757,0.7014004588127136,24.425029754638672
1763323501.9621525,-0.04335329693903805,0.0,0.04335329693903805,0.661817310359329,0.7,0.619574785232544,0.6294721364974976,0.19364194571971893,1.161933422088623,24.843215942382812
1763323501.992154,-0.043543421061277655,0.0,0.043543421061277655,0.6387894190661609,0.7,0.6206744909286499,0.6272727251052856,0.26492083072662354,0.6976068615913391,29.71935272216797
1763323502.0319529,-0.04371863291054463,0.0,0.04371863291054463,0.6062670163623989,0.7,0.6217741966247559,0.6283724308013916,0.11256371438503265,0.49355781078338623,29.4954776763916
1763323502.0639489,-0.04379792671806889,0.0,0.04379792671806889,0.6224285699240864,0.6831095542758703,0.6217741966247559,0.6294721364974976,0.15049806237220764,0.521045446395874,31.512975692749023
1763323502.1002357,-0.04399634998301362,0.0,0.04399634998301362,0.5574992708675564,0.6885207982733845,0.6217741966247559,0.6272727251052856,0.13340628147125244,1.2345935106277466,25.977373123168945
1763323502.1247847,-0.04404966282723074,0.0,0.04404966282723074,0.580068944003433,0.7,0.618475079536438,0.6283724308013916,0.14394795894622803,2.1590981483459473,24.26767349243164
1763323502.1570053,-0.044142081715301644,0.0,0.044142081715301644,0.6199163999222219,0.6894705098122358,0.6063783168792725,0.6305718421936035,0.16697239875793457,1.9486441612243652,21.808862686157227
1763323502.1789212,-0.044142081715301644,0.0,0.044142081715301644,0.6194470253936015,0.7,0.593181848526001,0.6305718421936035,0.0710039883852005,0.9774867296218872,21.67487144470215
1763323502.2021,-0.04421709932441674,0.0,0.04421709932441674,0.5966205028048717,0.6683407098054885,0.5799853205680847,0.6316715478897095,0.09652502089738846,0.4120541512966156,22.94135093688965
1763323502.2256339,-0.04416795494073573,0.0,0.04416795494073573,0.5818770135915838,0.6588084332644939,0.5777859091758728,0.6327712535858154,0.1048525795340538,0.21734902262687683,23.287057876586914
1763323502.2590961,-0.04314908676517537,0.0,0.04314908676517537,0.6292339134193026,0.7,0.5744867920875549,0.6360703706741333,0.1438526064157486,0.33675533533096313,23.191213607788086
1763323502.282408,-0.042274454425945615,0.0,0.042274454425945615,0.6451711132354103,0.7,0.5744867920875549,0.6371700763702393,0.13103780150413513,0.5946968197822571,23.057937622070312
1763323502.3061254,-0.04128051538145256,0.0,0.04128051538145256,0.6248280833638273,0.6753001891076564,0.5788856148719788,0.6382697820663452,0.11142535507678986,0.3423728942871094,23.462295532226562
1763323502.340168,-0.03948065666243462,0.0,0.03948065666243462,0.591913005260285,0.7,0.5766862034797668,0.6404691934585571,0.12454091757535934,0.447639524936676,23.684263229370117
1763323502.3647265,-0.038517101113432525,0.0,0.038517101113432525,0.610191199851688,0.6443854428827762,0.5788856148719788,0.643768310546875,0.13106516003608704,0.35811135172843933,24.296998977661133
1763323502.3879874,-0.03756042239546684,0.0,0.03756042239546684,0.6349395307875239,0.5778253905475139,0.5777859091758728,0.644868016242981,0.1383168250322342,0.5563890933990479,22.98569679260254
1763323502.4204414,-0.03575229735054235,0.0,0.03575229735054235,0.6157564929849468,0.5875265708193183,0.5799853205680847,0.6459677219390869,0.26678726077079773,0.660991907119751,22.13907241821289
1763323502.4429955,-0.03492552336967195,0.0,0.03492552336967195,0.6403292919672094,0.5739688554778695,0.5799853205680847,0.6459677219390869,0.3237190842628479,0.7830794453620911,22.303342819213867
1763323502.465282,-0.03415850610128591,0.0,0.03415850610128591,0.7,0.5861753400415182,0.5821847319602966,0.6415688991546631,0.3886587917804718,0.8433444499969482,22.005319595336914
1763323502.4879715,-0.03345320933427054,0.0,0.03345320933427054,0.7,0.6231541883200407,0.5832844376564026,0.6294721364974976,0.542134165763855,0.9466516971588135,22.448301315307617
1763323502.511169,-0.03280937044068878,0.0,0.03280937044068878,0.6937624828889966,0.655524256452918,0.5909823775291443,0.593181848526001,0.4354300796985626,0.974534809589386,22.9647159576416
1763323502.5448089,-0.03171798456103667,0.0,0.03171798456103667,0.6841801989823579,0.6848853964358568,0.5964809656143188,0.5799853205680847,0.28598642349243164,0.9193027019500732,23.23770523071289
1763323502.5594063,-0.03125746957411135,0.0,0.03125746957411135,0.6904440212994813,0.7,0.5997800827026367,0.5821847319602966,0.30172353982925415,0.7560646533966064,14.307022094726562
1763323502.5772595,-0.03080109190077679,0.0,0.03080109190077679,0.7,0.7,0.6074780225753784,0.5788856148719788,0.42467930912971497,0.8983818292617798,15.85078239440918
1763323502.60651,-0.030359615709568365,0.0,0.030359615709568365,0.6579190649092197,0.6566728062927722,0.6129765510559082,0.5766862034797668,0.43880367279052734,1.0164096355438232,25.000810623168945
1763323502.6300895,-0.029980552754954364,0.0,0.029980552754954364,0.6515056125819683,0.6045752882957458,0.617375373840332,0.5810850262641907,0.40116050839424133,0.8054571151733398,23.298263549804688
1763323502.6529458,-0.029654830976634128,0.0,0.029654830976634128,0.6181427173316478,0.5823630437254905,0.6239736080169678,0.5832844376564026,0.5371200442314148,0.7752402424812317,22.61495590209961
1763323502.688549,-0.02913373385293108,0.0,0.02913373385293108,0.5693447075784206,0.5823620202166466,0.6316715478897095,0.592082142829895,0.29963693022727966,0.8070205450057983,25.32482147216797
1763323502.7137592,-0.028926219162082153,0.0,0.028926219162082153,0.567868433590047,0.5747014315014212,0.6349706649780273,0.593181848526001,0.46441322565078735,0.9829821586608887,24.899005889892578
1763323502.7495468,-0.02863375504299206,0.0,0.02863375504299206,0.5638245075708255,0.567348915446314,0.642668604850769,0.5986803770065308,0.33299848437309265,0.7403295040130615,25.478124618530273
1763323502.7749484,-0.02853505233718938,0.0,0.02853505233718938,0.4958252414828166,0.6373489154463141,0.6349706649780273,0.5986803770065308,0.22270332276821136,0.5485293865203857,25.109529495239258
1763323502.8076549,-0.02846362051336188,0.0,0.02846362051336188,0.49200384079013015,0.6057984037285178,0.6327712535858154,0.5898826718330383,0.17840257287025452,0.6213668584823608,22.406339645385742
1763323502.8319561,-0.028427993134820112,0.0,0.028427993134820112,0.42200384079013015,0.5675491234248011,0.619574785232544,0.5821847319602966,0.12370962649583817,0.957569420337677,24.057388305664062
1763323502.855225,-0.02838173252871877,0.0,0.02838173252871877,0.41883964347187425,0.5437891753350823,0.5491935610771179,0.5777859091758728,0.27379319071769714,1.77595055103302,23.012161254882812
1763323502.8891563,-0.02823354916092033,0.0,0.02823354916092033,0.45229922490660096,0.5245374580805628,0.5195014476776123,0.5667888522148132,0.12976692616939545,1.6418921947479248,23.670196533203125
1763323502.912522,-0.028069792915681107,0.0,0.028069792915681107,0.3968465577298775,0.5046844752465813,0.4920088052749634,0.5634897351264954,0.08431532979011536,0.4858124256134033,23.113727569580078
1763323502.9357228,-0.027863121034235865,0.0,0.027863121034235865,0.34618724765721703,0.5155794033741086,0.4458211064338684,0.5425953269004822,0.1627051681280136,3.54828143119812,22.945642471313477
1763323502.9693108,-0.02693191307178795,0.0,0.02693191307178795,0.36965825478080655,0.47421552333584716,0.43702346086502075,0.5228005647659302,0.0764511451125145,4.251835346221924,23.326396942138672
1763323502.9931338,-0.02639420473474056,0.0,0.02639420473474056,0.43965825478080656,0.4543744074141114,0.4249266982078552,0.5074046850204468,0.8285706043243408,3.6042094230651855,23.562908172607422
1763323503.0163658,-0.0254059623892677,0.0,0.0254059623892677,0.49921537975315,0.41848344076028754,0.4062316417694092,0.4986070394515991,0.22968150675296783,2.461904525756836,22.977590560913086
1763323503.042293,-0.02247430177261412,0.0,0.02247430177261412,0.5008500639116391,0.44176461454084803,0.38643693923950195,0.4722140431404114,0.5121984481811523,1.0734508037567139,15.617847442626953
1763323503.0582561,-0.020666276953893073,0.0,0.020666276953893073,0.4681739929830655,0.5117646145408481,0.3985337018966675,0.46011728048324585,0.20698510110378265,1.025461196899414,11.672496795654297
1763323503.0911255,-0.01854237756794,0.0,0.01854237756794,0.44605725554283704,0.4592900822644561,0.3952345848083496,0.45241934061050415,0.13264578580856323,2.4555470943450928,24.454355239868164
1763323503.1147194,-0.016214625132819356,0.0,0.016214625132819356,0.37605725554283703,0.3892900822644561,0.3952345848083496,0.4337243437767029,0.07977495342493057,2.352226495742798,23.337125778198242
1763323503.1386762,-0.013766200127607094,0.0,0.013766200127607094,0.31669955653604115,0.32674900721362526,0.4139295816421509,0.4403225779533386,0.06403730809688568,1.0282034873962402,23.678064346313477
1763323503.1703522,-0.008882411165055218,0.0,0.008882411165055218,0.3030229029199108,0.28774196188500817,0.41722869873046875,0.430425226688385,0.17982317507266998,0.654320478439331,21.388769149780273
1763323503.192564,-0.0066063065634889995,0.0,0.0066063065634889995,0.34385094092693175,0.2277644267266124,0.42382699251174927,0.4326246380805969,0.1302431970834732,0.90966796875,21.970748901367188
1763323503.2161405,-0.004630134436699132,0.0,0.004630134436699132,0.30095828743185843,0.23088247095769937,0.42712610960006714,0.3875366449356079,0.9576510787010193,2.6496024131774902,23.30160140991211
1763323503.23873,-0.0010438790261285834,0.0,0.0010438790261285834,0.26089740218129004,0.2642027600628763,0.40953075885772705,0.3622433543205261,0.14508458971977234,1.4096190929412842,22.305965423583984
1763323503.2713234,0.0005879845273126518,0.0,-0.0005879845273126518,0.3033140008291229,0.2858810345602661,0.39193546772003174,0.32595309615135193,0.13214756548404694,1.2200219631195068,22.152185440063477
1763323503.2896004,0.0021102277449143916,0.0,-0.0021102277449143916,0.276266566007398,0.21588103456026608,0.3754398822784424,0.2918621599674225,0.16708506643772125,1.7726325988769531,18.030643463134766
1763323503.3015087,0.0035162122647903944,0.0,-0.0035162122647903944,0.32665075594093645,0.19922634942061002,0.3600439429283142,0.27536657452583313,0.08984271436929703,0.9615803956985474,11.741161346435547
1763323503.3206403,0.004844819097038357,0.0,-0.004844819097038357,0.2813901291182264,0.18210303579992348,0.3292522132396698,0.2687683403491974,0.9198806285858154,1.5978058576583862,11.698246002197266
1763323503.352981,0.006084665610221038,0.0,-0.006084665610221038,0.2905783341219648,0.15248525870567853,0.31055721640586853,0.2588709890842438,0.11011840403079987,1.3147408962249756,23.94270896911621
1763323503.3761375,0.007230184920136334,0.0,-0.007230184920136334,0.3248384729912504,0.1983958443773418,0.3116569221019745,0.23137828707695007,0.43364056944847107,1.2711879014968872,22.87745475769043
1763323503.3883293,0.009235663321609253,0.0,-0.009235663321609253,0.3389284373214468,0.219909166745606,0.3116569221019745,0.23137828707695007,0.13391636312007904,0.7977388501167297,12.032747268676758
1763323503.4006772,0.009235663321609253,0.0,-0.009235663321609253,0.2942329295864328,0.23693806660896832,0.2962609827518463,0.22148093581199646,0.06353399902582169,0.9427614212036133,11.738300323486328
1763323503.4247088,0.010065397775790458,0.0,-0.010065397775790458,0.24209521198179568,0.25447846745676095,0.2918621599674225,0.2082844376564026,0.18541012704372406,0.628325343132019,15.761137008666992
1763323503.4528437,0.010821149504178507,0.0,-0.010821149504178507,0.19947210186626757,0.2640283329558998,0.2940615713596344,0.19838708639144897,0.07689782977104187,0.9052059650421143,23.795604705810547
1763323503.4651258,0.01142474072155439,0.0,-0.01142474072155439,0.24467578390147532,0.26089396659820074,0.29736068844795227,0.20388561487197876,0.07731935381889343,2.3782196044921875,12.027740478515625
1763323503.481286,0.011785452942048502,0.0,-0.011785452942048502,0.20736142852809275,0.22522924054949278,0.28966274857521057,0.20938414335250854,0.3620830178260803,1.2228362560272217,12.290239334106445
1763323503.5010777,0.011725392229279263,0.0,-0.011725392229279263,0.1912696124007925,0.18410588760464186,0.28526392579078674,0.2082844376564026,0.07990733534097672,3.918003559112549,12.125968933105469
1763323503.5295436,0.011172514263958173,0.0,-0.011172514263958173,0.172618885054253,0.16512615938274855,0.2764662802219391,0.21158358454704285,0.046619586646556854,0.8971384763717651,20.589113235473633
1763323503.5517123,0.010291906121964008,0.0,-0.010291906121964008,0.18618672480341042,0.17262344813509578,0.2709677517414093,0.21488270163536072,0.048557549715042114,1.3376102447509766,21.914243698120117
1763323503.574857,0.009206871348605046,0.0,-0.009206871348605046,0.2561867248034104,0.17133167205913657,0.2511729896068573,0.2181818187236786,0.07254670560359955,2.970860242843628,22.860050201416016
1763323503.6008818,0.008008441814932637,0.0,-0.008008441814932637,0.32618672480341043,0.24133167205913658,0.2258797585964203,0.2181818187236786,0.03444696217775345,1.0663297176361084,25.746583938598633
1763323503.6356797,0.005517287560214567,0.0,-0.005517287560214567,0.27541145761962976,0.26949935382767315,0.21708211302757263,0.2181818187236786,0.0911344513297081,0.3850758373737335,24.477481842041016
1763323503.6562035,0.004435871486992593,0.0,-0.004435871486992593,0.2885612387722358,0.2145801966504633,0.2280791699886322,0.21598240733146667,0.035654276609420776,0.44888097047805786,20.28822898864746
1763323503.6681015,0.0023719566001623718,0.0,-0.0023719566001623718,0.30218364750500765,0.18225442594452496,0.2280791699886322,0.21598240733146667,0.07010308653116226,0.1969665288925171,11.739969253540039
1763323503.6832824,0.0023719566001623718,0.0,-0.0023719566001623718,0.25564608057495203,0.17757282568677063,0.22368034720420837,0.2203812301158905,0.0596524216234684,0.5665082931518555,12.158632278442383
1763323503.708078,0.001457501352861395,0.0,-0.001457501352861395,0.26778389127459373,0.21053231670125122,0.23797652125358582,0.2181818187236786,0.09281941503286362,0.7442829608917236,16.95394515991211
1763323503.7334654,0.0006222147425058111,0.0,-0.0006222147425058111,0.2706543003255501,0.19570666434778566,0.2610704004764557,0.2181818187236786,0.05705094709992409,1.367929458618164,22.278308868408203
1763323503.755281,-0.00013606899248295437,0.0,0.00013606899248295437,0.2624186483258381,0.2409796665848672,0.26986804604530334,0.2181818187236786,0.09533846378326416,1.3262836933135986,21.553516387939453
1763323503.7778277,-0.000820883550301847,0.0,0.000820883550301847,0.26666522734332826,0.2554406661035001,0.2764662802219391,0.2181818187236786,0.11097107827663422,2.0854172706604004,22.30525016784668
1763323503.8013315,-0.0014366196409049807,0.0,0.0014366196409049807,0.24814258292783048,0.2519779375249028,0.2764662802219391,0.21928152441978455,0.08475078642368317,0.7662879228591919,23.256301879882812
1763323503.8347783,-0.0024805421766500298,0.0,0.0024805421766500298,0.3022798091219738,0.31695256591378446,0.2764662802219391,0.22148093581199646,0.1266336739063263,4.490279197692871,23.154735565185547
1763323503.8581963,-0.0029188870429618383,0.0,0.0029188870429618383,0.28172522746492173,0.27784650236903424,0.2808651030063629,0.22148093581199646,0.04847172647714615,2.7206497192382812,23.160696029663086
1763323503.8811016,-0.003638568637935785,0.0,0.003638568637935785,0.2766560889827087,0.21955895633040662,0.278665691614151,0.22258064150810242,0.07499176263809204,6.427381992340088,22.644758224487305
1763323503.903993,-0.003939917949623219,0.0,0.003939917949623219,0.2524988722102716,0.231522456971693,0.278665691614151,0.24017593264579773,0.1631120890378952,1.4196436405181885,22.63951301574707
1763323503.9374864,-0.004443521302739488,0.0,0.004443521302739488,0.26899408139754083,0.20769355748383994,0.278665691614151,0.2731671631336212,0.04349391907453537,1.8246104717254639,23.188114166259766
1763323503.9611719,-0.004443521302739488,0.0,0.004443521302739488,0.2543698526965454,0.20220051356195207,0.27756598591804504,0.27756598591804504,0.06260523945093155,1.579527735710144,23.42367172241211
1763323503.9846618,-0.004728601410637575,0.0,0.004728601410637575,0.27028519250918176,0.19922887812903817,0.278665691614151,0.26986804604530334,0.24415896832942963,1.8630465269088745,23.235082626342773
1763323504.0182,-0.004854910684009966,0.0,0.004854910684009966,0.2541817721026018,0.12922887812903816,0.27976539731025696,0.26986804604530334,0.1712879240512848,1.3645799160003662,23.197174072265625
1763323504.0414534,-0.004881995857250887,0.0,0.004881995857250887,0.27453930639196183,0.13633403304568226,0.27536657452583313,0.2610704004764557,0.1789860725402832,0.9101572036743164,22.989749908447266
1763323504.0644658,-0.00489342790832086,0.0,0.00489342790832086,0.3189102929132059,0.14245423378026778,0.2709677517414093,0.24457475543022156,0.19612957537174225,1.1277965307235718,22.745370864868164
1763323504.080868,-0.004903353506933935,0.0,0.004903353506933935,0.24891029291320588,0.14244526153681825,0.2665689289569855,0.21708211302757263,0.1069718524813652,1.1528511047363281,16.1588191986084
1763323504.092786,-0.004902303974778289,0.0,0.004902303974778289,0.20125735544133927,0.12008610269306252,0.2665689289569855,0.21708211302757263,0.21742691099643707,1.2987536191940308,11.768579483032227
1763323504.1121557,-0.004893658991937661,0.0,0.004893658991937661,0.13125735544133926,0.12235727016134212,0.2632698118686676,0.20168620347976685,0.2642268240451813,1.2500022649765015,17.266035079956055
1763323504.1382139,-0.0049203940960275165,0.0,0.0049203940960275165,0.1428198472084477,0.14062543999655197,0.2632698118686676,0.17639294266700745,0.049501098692417145,0.8155689239501953,23.227691650390625
1763323504.1617382,-0.0049709989151051365,0.0,0.0049709989151051365,0.12367172096390272,0.14914350532246778,0.26217010617256165,0.16539590060710907,0.1270185261964798,0.5499677658081055,23.267745971679688
1763323504.1794248,-0.00503684948633246,0.0,0.00503684948633246,0.14644850347656752,0.20261554740620802,0.2610704004764557,0.15769796073436737,0.05020570755004883,1.5125608444213867,17.433881759643555
1763323504.1914992,-0.005151981874449139,0.0,0.005151981874449139,0.13273184396792198,0.16746503807855795,0.2610704004764557,0.15769796073436737,0.8036652207374573,2.2712578773498535,11.931180953979492
1763323504.2065752,-0.005460021748790438,0.0,0.005460021748790438,0.12791385384742165,0.12999189220620344,0.23467740416526794,0.1521994024515152,0.11565142124891281,1.2870022058486938,11.68370246887207
1763323504.2288995,-0.006217356234258543,0.0,0.006217356234258543,0.08672101678792382,0.1096612321610565,0.21708211302757263,0.1445014625787735,0.17273341119289398,1.7602304220199585,13.981819152832031
1763323504.256085,-0.007388086193828782,0.0,0.007388086193828782,0.016721016787923815,0.14434756286693762,0.2027859091758728,0.14780057966709137,0.08887158334255219,1.1982418298721313,21.111488342285156
1763323504.276555,-0.007388086193828782,0.0,0.007388086193828782,0.0,0.11155241675926397,0.1752932369709015,0.1467008739709854,0.07533898204565048,7.111443519592285,20.23458480834961
1763323504.2992969,-0.010054066258658446,0.0,0.010054066258658446,0.01852305792272091,0.10980053438590864,0.16319648921489716,0.14230205118656158,0.1493246853351593,5.028528213500977,22.591590881347656
1763323504.3224711,-0.011498641359573866,0.0,0.011498641359573866,0.08852305792272092,0.03980053438590864,0.1543988138437271,0.14010263979434967,0.06648366898298264,1.3055027723312378,22.898435592651367
1763323504.3452687,-0.013047955390188066,0.0,0.013047955390188066,0.1230348476022482,0.058229424420465026,0.14230205118656158,0.13790322840213776,0.0644635483622551,2.1753015518188477,22.553443908691406
1763323504.3787327,-0.016190914809635835,0.0,0.016190914809635835,0.12656387470662595,0.10774939915882448,0.10161291062831879,0.12470673024654388,0.2782866060733795,1.0250334739685059,23.1475830078125
1763323504.4012725,-0.017657508532542814,0.0,0.017657508532542814,0.1406971837207675,0.06636256760703424,0.09831376373767853,0.11480937898159027,0.43525430560112,1.053361177444458,22.28569984436035
1763323504.4259484,-0.018857660473512936,0.0,0.018857660473512936,0.148575748950243,0.05545744429128269,0.10711143910884857,0.10711143910884857,0.6406841278076172,1.2107384204864502,24.4138240814209
1763323504.4596097,-0.019502181659604996,0.0,0.019502181659604996,0.078575748950243,0.0697161568214188,0.11590908467769623,0.09721405804157257,0.5039547085762024,1.1778600215911865,23.325443267822266
1763323504.4828615,-0.018856145404183358,0.0,0.018856145404183358,0.09264325071126223,0.13861962537067035,0.11590908467769623,0.09171552956104279,0.25134092569351196,1.3665552139282227,22.99642562866211
1763323504.5067363,-0.017789185856470702,0.0,0.017789185856470702,0.1529894145205617,0.11560176628427604,0.11700879037380219,0.08731670677661896,0.18417270481586456,3.6446194648742676,23.59771728515625
1763323504.5407543,-0.015653690112163124,0.0,0.015653690112163124,0.1599502363242209,0.08906244243280986,0.11700879037380219,0.08401759713888168,0.08120323717594147,0.6957088708877563,23.652076721191406
1763323504.5642784,-0.014280014106972324,0.0,0.014280014106972324,0.17567165801301599,0.09119940585242609,0.11810849606990814,0.09061582386493683,0.04157646745443344,0.4418784976005554,23.26178550720215
1763323504.588348,-0.012828253686798423,0.0,0.012828253686798423,0.2094676741398871,0.043168034765590224,0.12030790746212006,0.08731670677661896,0.0900643840432167,0.7651911973953247,23.810148239135742
1763323504.620614,-0.009920369163337979,0.0,0.009920369163337979,0.2026577373035252,0.08621183446394304,0.12030790746212006,0.08951611816883087,0.1993822157382965,0.6969766020774841,21.857261657714844
1763323504.6429982,-0.008537335750368184,0.0,0.008537335750368184,0.1853978973813355,0.08803274530237565,0.13570381700992584,0.08841641247272491,0.05298110097646713,0.9976794719696045,22.098541259765625
1763323504.665519,-0.00723042353589442,0.0,0.00723042353589442,0.11539789738133549,0.04956426891749749,0.1521994024515152,0.08951611816883087,0.261348694562912,0.8953492045402527,22.24421501159668
1763323504.6879828,-0.0060108271483841035,0.0,0.0060108271483841035,0.11722344562411308,0.035351276875194404,0.1697947084903717,0.09061582386493683,0.07025031745433807,0.5743069648742676,22.211551666259766
1763323504.7101588,-0.004924448858983341,0.0,0.004924448858983341,0.11849138228688388,0.03243522440334806,0.1851906180381775,0.08951611816883087,0.28438836336135864,0.9898701906204224,21.931171417236328
1763323504.7450652,-0.0033424432678600814,0.0,0.0033424432678600814,0.08116823522839695,0.05028721598228464,0.19178885221481323,0.08951611816883087,0.06066471338272095,0.8972916007041931,24.593591690063477
1763323504.770704,-0.0034979408248196134,0.0,0.0034979408248196134,0.09301530471537262,0.03258145508607874,0.1829911768436432,0.08841641247272491,0.054916445165872574,0.5129094123840332,25.317907333374023
1763323504.807028,-0.007787020500465945,0.0,0.007787020500465945,0.02301530471537261,0.03493214609352896,0.1851906180381775,0.07521995157003403,0.08948240429162979,0.5341408252716064,25.971174240112305
1763323504.8307424,-0.012061285896367464,0.0,0.012061285896367464,0.01870664094109087,0.07561175735918829,0.1829911768436432,0.0708211287856102,0.09834101051092148,0.4872913062572479,23.41938018798828
1763323504.8655365,-0.023069518168419744,0.0,0.023069518168419744,0.0,0.08847044153390476,0.15769796073436737,0.062023453414440155,0.3898959457874298,1.133603811264038,24.389266967773438
1763323504.8912249,-0.029056568331989246,0.0,0.029056568331989246,0.0,0.1281625640231187,0.14560116827487946,0.058724336326122284,0.09882501512765884,0.7759463787078857,25.371313095092773
1763323504.923307,-0.040962181979372334,0.0,0.040962181979372334,0.0,0.16175698234019825,0.1192082017660141,0.06312315911054611,0.4095813035964966,1.1362642049789429,21.749258041381836
1763323504.945389,-0.04607177173533857,0.0,0.04607177173533857,0.07,0.2155053515571172,0.08291789144277573,0.06422286480665207,0.209893137216568,1.1959127187728882,21.843910217285156
1763323504.967493,-0.05103438965505604,0.0,0.05103438965505604,0.14,0.2217041843223388,0.054325513541698456,0.06422286480665207,1.3743815422058105,8.922317504882812,21.86274528503418
1763323504.9896584,-0.05576413454625992,0.0,0.05576413454625992,0.19825626105070115,0.2414141812014396,0.0356304906308651,0.086217001080513,0.20188267529010773,2.0691237449645996,21.92544937133789
1763323505.012715,-0.060207478466246966,0.0,0.060207478466246966,0.15005738973617555,0.25831100462256024,0.02683284506201744,0.10821114480495453,0.3607163429260254,1.6342464685440063,22.809267044067383
1763323505.0449064,-0.06797210522089848,0.0,0.06797210522089848,0.16101403381675483,0.29035488261161396,0.06422286480665207,0.1774926483631134,0.42084023356437683,6.9042863845825195,21.860122680664062
1763323505.0605836,-0.07080936638254698,0.0,0.07080936638254698,0.17685260470956565,0.2238727633493955,0.07412024587392807,0.20168620347976685,0.562798798084259,6.215222358703613,15.432596206665039
1763323505.0744934,-0.07224801984070274,0.0,0.07224801984070274,0.17301311237737538,0.22028743150895486,0.07412024587392807,0.20168620347976685,0.43162015080451965,3.3408422470092773,11.553764343261719
1763323505.0960112,-0.07138361938465122,0.0,0.07138361938465122,0.12623073799535633,0.15028743150895485,0.09721405804157257,0.22258064150810242,0.266050785779953,1.8909530639648438,13.059139251708984
1763323505.1145487,-0.06696137681047512,0.0,0.06696137681047512,0.19623073799535634,0.11503985229199776,0.11370967328548431,0.23797652125358582,0.2564995288848877,2.8509364128112793,11.580467224121094
1763323505.134222,-0.05792051204044388,0.0,0.05792051204044388,0.18968500759452583,0.15732129368251213,0.1291055828332901,0.2511729896068573,0.5909824371337891,3.2625069618225098,11.276483535766602
1763323505.154409,-0.0440906582022444,0.0,0.0440906582022444,0.1768908677995205,0.08732129368251212,0.14340175688266754,0.2511729896068573,0.22847385704517365,2.2532780170440674,11.462211608886719
1763323505.1752026,-0.03208322600698351,0.0,0.03208322600698351,0.18330520115792753,0.07407131805336126,0.15549854934215546,0.24787387251853943,0.14405576884746552,1.0681874752044678,12.23301887512207
1763323505.1949995,-0.016388656625970884,0.0,0.016388656625970884,0.1485798964649439,0.12113861753856786,0.1620967835187912,0.23247799277305603,0.11918017268180847,0.818325400352478,12.053966522216797
1763323505.226776,0.0012915857570739084,0.0,-0.0012915857570739084,0.2185798964649439,0.1010413748702968,0.17309382557868958,0.22697946429252625,0.0870165154337883,3.670114517211914,23.821115493774414
1763323505.2547827,0.019642509423964484,0.0,-0.019642509423964484,0.19181005351245406,0.04645870826458581,0.17419353127479553,0.21158358454704285,0.062291428446769714,1.2791281938552856,27.6796817779541
1763323505.2909553,0.054545995173735054,0.0,-0.054545995173735054,0.1507201983779669,0.016528345786687215,0.17199411988258362,0.1752932369709015,0.3318939805030823,0.7396525740623474,25.809526443481445
1763323505.3160093,0.06965345022944182,0.0,-0.06965345022944182,0.14791660147719088,0.017294119079783787,0.17419353127479553,0.1642961949110031,0.3163330554962158,1.4050002098083496,24.77288246154785
1763323505.3517022,0.09310192046864467,0.0,-0.09310192046864467,0.14624467978253963,0.0,0.17859235405921936,0.13130499422550201,0.7061187624931335,1.2040455341339111,25.352001190185547
1763323505.3768218,0.10124787004179525,0.0,-0.10124787004179525,0.20279053712263706,0.0,0.1774926483631134,0.11700879037380219,0.5295178294181824,1.0991361141204834,24.837017059326172
1763323505.4122877,0.11174254065711206,0.0,-0.11174254065711206,0.21326158216223123,0.0,0.17309382557868958,0.09831376373767853,0.41253456473350525,0.9382532238960266,25.115489959716797
1763323505.437376,0.11404488062779092,0.0,-0.11404488062779092,0.28326158216223124,0.0033473740331828594,0.17199411988258362,0.08511729538440704,0.2516327202320099,0.40781310200691223,24.806499481201172
1763323505.4635367,0.11070240794881368,0.0,-0.11070240794881368,0.32472040494903925,0.05871686665341258,0.17089441418647766,0.03343107923865318,0.4091111719608307,0.5320529937744141,15.872716903686523
1763323505.4896383,0.10545514941874426,0.0,-0.10545514941874426,0.2644584289751947,0.06301571289077401,0.1851906180381775,0.01913490518927574,0.26593369245529175,0.43995222449302673,21.944046020507812
1763323505.5119028,0.09822268908607164,0.0,-0.09822268908607164,0.2728296377696097,0.05270083574578166,0.2027859091758728,0.011436939239501953,0.23605844378471375,0.3690861761569977,22.023677825927734
1763323505.5343275,0.0892359665556977,0.0,-0.0892359665556977,0.2808273573406041,0.0446667387150228,0.2258797585964203,0.011436939239501953,0.14133431017398834,0.3633887767791748,22.149324417114258
1763323505.554719,0.07858033764830841,0.0,-0.07858033764830841,0.2511350409127772,0.03651522612199187,0.2533724009990692,0.022434022277593613,0.22108520567417145,0.6320019960403442,20.164966583251953
1763323505.577171,0.05193025719018724,0.0,-0.05193025719018724,0.272532678116113,0.07556669181212783,0.27536657452583313,0.03782990202307701,0.20270952582359314,0.7900969982147217,22.217512130737305
1763323505.6010044,0.03559850210046454,0.0,-0.03559850210046454,0.23650245266035202,0.10077567351981997,0.278665691614151,0.036730196326971054,0.4425261318683624,1.1987147331237793,23.537158966064453
1763323505.632834,0.02141885536205887,0.0,-0.02141885536205887,0.19936780529096726,0.09029965801164508,0.27536657452583313,0.036730196326971054,0.30526208877563477,1.8111631870269775,21.41427993774414
1763323505.6541824,0.004900845642788584,0.0,-0.004900845642788584,0.16035212846472863,0.12321706814691424,0.2764662802219391,0.03892960771918297,0.23185434937477112,2.904243230819702,21.102190017700195
1763323505.6756907,-0.013614572852043559,0.0,0.013614572852043559,0.09310487927868966,0.0976836415939033,0.2764662802219391,0.040029313415288925,1.4743448495864868,3.3055217266082764,21.271944046020508
1763323505.6971755,-0.033393231601954065,0.0,0.033393231601954065,0.109445492643863,0.12894395692273974,0.27756598591804504,0.05212610214948654,1.5386345386505127,4.484891414642334,21.245241165161133
1763323505.7183995,-0.05352804785505598,0.0,0.05352804785505598,0.03944549264386299,0.19894395692273975,0.27756598591804504,0.06642227619886398,1.272292137145996,5.57725715637207,20.99323272705078
1763323505.7410045,-0.09251119873508623,0.0,0.09251119873508623,0.07300642060115936,0.26711418403312565,0.23467740416526794,0.09721405804157257,1.301978588104248,2.952561855316162,22.379398345947266
1763323505.777128,-0.11059810885115266,0.0,0.11059810885115266,0.04092323707416656,0.19711418403312564,0.19618767499923706,0.13460411131381989,2.1742594242095947,4.297931671142578,25.800228118896484
1763323505.8031387,-0.14284466595977585,0.0,0.14284466595977585,0.11092323707416657,0.26711418403312565,0.17089441418647766,0.15879766643047333,4.664896488189697,11.70652961730957,25.694847106933594
1763323505.83546,-0.15605687263367302,0.0,0.15605687263367302,0.06096211718395356,0.3025895796529949,0.15769796073436737,0.19178885221481323,3.934685468673706,7.179174900054932,21.895647048950195
1763323505.857052,-0.16752804779160568,0.0,0.16752804779160568,0.06888522291556004,0.27511765172705055,0.14999999105930328,0.2181818187236786,3.4379522800445557,8.816055297851562,21.338701248168945
1763323505.87859,-0.1762148609944865,0.0,0.1762148609944865,0.1339596816338599,0.20511765172705054,0.13570381700992584,0.22368034720420837,3.9680001735687256,7.2565107345581055,21.29650115966797
1763323505.8982131,-0.1815622183775297,0.0,0.1815622183775297,0.16582131469622258,0.19420822756364942,0.12580643594264984,0.24567446112632751,7.725710868835449,10.522407531738281,19.390344619750977
1763323505.9193418,-0.1769742359945354,0.0,0.1769742359945354,0.22304385984316472,0.2642082275636494,0.12580643594264984,0.24567446112632751,3.6217589378356934,8.743754386901855,20.97034454345703
1763323505.943056,-0.1674658321254245,0.0,0.1674658321254245,0.1659898393787444,0.23559837432578207,0.11590908467769623,0.27536657452583313,3.1342546939849854,5.3289995193481445,23.447751998901367
1763323505.965089,-0.15353712786181484,0.0,0.15353712786181484,0.15269352952018383,0.3055983743257821,0.12580643594264984,0.2687683403491974,1.121320366859436,9.109609603881836,21.797895431518555
1763323505.9971292,-0.11577372507902213,0.0,0.11577372507902213,0.22269352952018384,0.29989353228360416,0.13020528852939606,0.2588709890842438,0.9521802067756653,39.87663650512695,21.62790298461914
1763323506.0220683,-0.11577372507902213,0.0,0.11577372507902213,0.2594254096783698,0.22989353228360415,0.13020528852939606,0.25997069478034973,7.650787830352783,39.066627502441406,24.687767028808594
1763323506.047417,-0.07101730714374131,0.0,0.07101730714374131,0.2041459498740733,0.16404775965958834,0.1390029340982437,0.26217010617256165,5.173950672149658,23.733562469482422,25.067806243896484
1763323506.083298,-0.03131569904262728,0.0,0.03131569904262728,0.2741459498740733,0.09404775965958834,0.16099707782268524,0.2709677517414093,0.680996298789978,14.487719535827637,25.618314743041992
1763323506.1104438,-0.011679482266968275,0.0,0.011679482266968275,0.3441459498740733,0.07189374696463346,0.1829911768436432,0.2687683403491974,0.3339467942714691,12.948531150817871,26.84926986694336
1763323506.1466017,0.025054874838710346,0.0,-0.025054874838710346,0.35441632749512797,0.09816092532128096,0.20938414335250854,0.25447216629981995,0.8314723372459412,2.8466897010803223,25.773286819458008
1763323506.1724696,0.04172877836477408,0.0,-0.04172877836477408,0.3249752837605775,0.07465549279004335,0.22368034720420837,0.22917887568473816,0.4501109719276428,2.738865852355957,25.565147399902344
1763323506.3027651,0.07037420114643239,0.0,-0.07037420114643239,0.37573386536911135,0.004655492790043347,0.32595309615135193,0.12030790746212006,0.6954215168952942,3.285689115524292,114.83955383300781
1763323506.3611104,0.09161419369974351,0.0,-0.09161419369974351,0.38093271380290394,0.0,0.3314516246318817,0.10271261632442474,1.0012489557266235,1.4658122062683105,48.05326461791992
1763323506.3888495,0.058695323512229475,0.0,-0.058695323512229475,0.31093271380290394,0.014884352684020996,0.33585044741630554,0.08841641247272491,0.8404706120491028,1.1291322708129883,17.474651336669922
1763323506.4081295,0.04296088146359008,0.0,-0.04296088146359008,0.3493830182217062,0.011476778890937567,0.34134894609451294,0.08071848005056381,0.5515737533569336,0.6519295573234558,16.77393913269043
1763323506.4285684,0.025684617362966424,0.0,-0.025684617362966424,0.31453332608565693,0.002602416556328535,0.3468474745750427,0.07521995157003403,0.45211783051490784,0.6573967933654785,17.20261573791504
1763323506.4483948,0.007186329440784293,0.0,-0.007186329440784293,0.2905323740653694,0.0,0.35124629735946655,0.054325513541698456,0.5344076156616211,0.997859001159668,17.028093338012695
1763323506.4669917,-0.012239222503485414,0.0,0.012239222503485414,0.2205323740653694,0.03363760933279991,0.35344570875167847,0.04992669075727463,0.6105214357376099,1.5153677463531494,15.630722045898438
1763323506.486484,-0.032403294038965656,0.0,0.032403294038965656,0.1700054421834648,0.0,0.3556451201438904,0.0455278679728508,1.889365792274475,3.198291778564453,15.131235122680664
1763323506.5063078,-0.049910255759263264,0.0,0.049910255759263264,0.17390345696359877,0.05837686359882355,0.3479471802711487,0.043328456580638885,2.818295955657959,5.53839111328125,14.951944351196289
1763323506.5262103,-0.06831488661211309,0.0,0.06831488661211309,0.10390345696359876,0.09418236464262009,0.3468474745750427,0.030131962150335312,3.4787745475769043,6.696362018585205,14.836311340332031
1763323506.5629213,-0.08726224778866823,0.0,0.08726224778866823,0.06689391974359754,0.1426575519144535,0.30835774540901184,0.024633433669805527,3.0690455436706543,7.445281982421875,31.569719314575195
1763323506.5883334,-0.12476254447681,0.0,0.12476254447681,0.13689391974359755,0.2010185867547989,0.27976539731025696,0.03123166784644127,7.818257808685303,12.212414741516113,14.970541000366211
1763323506.607726,-0.14245963983250265,0.0,0.14245963983250265,0.06689391974359754,0.2710185867547989,0.2412756383419037,0.03343107923865318,4.1772308349609375,12.293233871459961,14.483213424682617
1763323506.627858,-0.15916362311241444,0.0,0.15916362311241444,0.04518298935145143,0.29805165126919747,0.21928152441978455,0.04222872480750084,4.735264301300049,8.532442092895508,14.569759368896484
1763323506.6467705,-0.1747375784800182,0.0,0.1747375784800182,0.0,0.35779862821102143,0.20168620347976685,0.07412024587392807,4.783557891845703,7.020785331726074,13.516902923583984
1763323506.6746924,-0.18911618864096566,0.0,0.18911618864096566,0.011097882874310017,0.3393145498633385,0.18629032373428345,0.11041055619716644,5.429699420928955,11.710472106933594,21.448612213134766
1763323506.7045836,-0.2022451607764247,0.0,0.2022451607764247,0.0670490013435483,0.30435112461447716,0.1521994024515152,0.20388561487197876,5.704013347625732,10.45132064819336,29.529094696044922
1763323506.7426982,-0.23194384996803513,0.0,0.23194384996803513,0.0,0.24338694259524346,0.10931085050106049,0.2808651030063629,5.122533798217773,11.399678230285645,27.792692184448242
1763323506.7705452,-0.2366731574737057,0.0,0.2366731574737057,0.07,0.2229526896774769,0.10161291062831879,0.30285921692848206,4.174432754516602,10.093416213989258,27.542591094970703
1763323506.8074741,-0.23059507975803167,0.0,0.23059507975803167,0.08195407658815385,0.24090515047311784,0.09611435234546661,0.30065980553627014,2.066250801086426,24.42330551147461,26.5653133392334
1763323506.833969,-0.21762877055814192,0.0,0.21762877055814192,0.15195407658815385,0.22107261762022973,0.07302054017782211,0.2918621599674225,7.432583808898926,28.45398712158203,26.2148380279541
1763323506.87135,-0.17288716368930757,0.0,0.17288716368930757,0.09142341777682306,0.18948321759700776,0.0686216875910759,0.27206745743751526,36.2861328125,55.53434753417969,26.98373794555664
1763323506.8971853,-0.14428904857958666,0.0,0.14428904857958666,0.06301333509385587,0.1287846413254738,0.07192083448171616,0.2764662802219391,32.258636474609375,62.159645080566406,25.519132614135742
1763323506.9329216,-0.0826135413130468,0.0,0.0826135413130468,0.12685250990092756,0.11989309888333083,0.08731670677661896,0.26217010617256165,51.5921745300293,72.36056518554688,25.394916534423828
1763323506.960213,-0.028043354690829574,0.0,0.028043354690829574,0.19685250990092756,0.1186819645157084,0.086217001080513,0.2412756383419037,68.15711975097656,117.79597473144531,24.20783042907715
1763323506.9980886,-0.0008846745730990632,0.0,0.0008846745730990632,0.26685250990092757,0.04868196451570839,0.08841641247272491,0.1873900294303894,36.692527770996094,80.9476089477539,27.526140213012695
1763323507.0237873,0.050063491549541816,0.0,-0.050063491549541816,0.3368525099009276,0.0,0.08951611816883087,0.17199411988258362,9.799063682556152,36.97358703613281,25.382280349731445
1763323507.0593374,0.09459643584557481,0.0,-0.09459643584557481,0.4068525099009276,0.0,0.11260996758937836,0.16099707782268524,6.827424049377441,26.067399978637695,25.242090225219727
1763323507.085289,0.11389381871886926,0.0,-0.11389381871886926,0.4462465309351683,0.012721952982246876,0.18848973512649536,0.13460411131381989,3.773500442504883,6.110806465148926,25.67887306213379
1763323507.1175284,0.1436441754530534,0.0,-0.1436441754530534,0.47740981176495556,0.06002252269536257,0.23027858138084412,0.11590908467769623,1.4689949750900269,2.5097804069519043,21.893739700317383
1763323507.1294384,0.15240947605112132,0.0,-0.15240947605112132,0.4537037015706301,0.07081818953156471,0.2709677517414093,0.07631965726613998,1.4548709392547607,2.1696176528930664,11.739969253540039
1763323507.1588824,0.16001973381911538,0.0,-0.16001973381911538,0.5237037015706301,0.10420920699834824,0.33585044741630554,0.032331373542547226,0.6997031569480896,1.467743158340454,23.353099822998047
1763323507.1841176,0.16250334333400862,0.0,-0.16250334333400862,0.5194080725871026,0.09364016354084015,0.3633430600166321,0.04112901911139488,0.68183833360672,1.200157642364502,24.939537048339844
1763323507.2059622,0.15877324241748056,0.0,-0.15877324241748056,0.4716980524919927,0.06930091604590416,0.385337233543396,0.051026396453380585,0.7882322669029236,1.2300708293914795,21.60811424255371
1763323507.2376952,0.13058563944488882,0.0,-0.13058563944488882,0.44734525425359606,0.0944747980684042,0.4051319360733032,0.06532257050275803,0.8480223417282104,1.476250171661377,21.327495574951172
1763323507.2593555,0.10716464346256846,0.0,-0.10716464346256846,0.500217088740319,0.10709093417972326,0.42382699251174927,0.07521995157003403,0.9306613206863403,1.2210103273391724,21.420717239379883
1763323507.2813566,0.07978484568531792,0.0,-0.07978484568531792,0.4915694466419518,0.1458575977012515,0.46011728048324585,0.07412024587392807,0.8752490878105164,1.0422947406768799,21.767854690551758
1763323507.3029408,0.05041736123718553,0.0,-0.05041736123718553,0.518452739585191,0.18796089198440313,0.47001463174819946,0.07631965726613998,0.5335404276847839,0.6524673700332642,21.349191665649414
1763323507.324129,0.020362389667659363,0.0,-0.020362389667659363,0.505035676304251,0.23908940237015486,0.4788122773170471,0.07631965726613998,0.23186692595481873,0.5442976951599121,20.95794677734375
1763323507.3455641,-0.009782280423113784,0.0,0.009782280423113784,0.552422885093838,0.2585693569853902,0.4887096881866455,0.08401759713888168,0.6409141421318054,1.773653507232666,21.209716796875
1763323507.36723,-0.03967992858158571,0.0,0.03967992858158571,0.48242288509383796,0.2295317417010665,0.49530792236328125,0.10821114480495453,1.6534843444824219,3.576323986053467,21.429777145385742
1763323507.399496,-0.09147878678545188,0.0,0.09147878678545188,0.42828640023246406,0.2995317417010665,0.4997067451477051,0.13240469992160797,4.465732097625732,9.910816192626953,21.862268447875977
1763323507.4111917,-0.11651705246167195,0.0,0.11651705246167195,0.3903467176295817,0.33121200527995825,0.5052052736282349,0.16319648921489716,8.43195629119873,12.604288101196289,11.461496353149414
1763323507.4287367,-0.14029747589865116,0.0,0.14029747589865116,0.3414542978443205,0.3829406375810504,0.5096040964126587,0.1928885579109192,9.273831367492676,14.840585708618164,11.285781860351562
1763323507.4488702,-0.1624966404039814,0.0,0.1624966404039814,0.3020680030621588,0.41837317373603583,0.5107038021087646,0.21158358454704285,6.093358039855957,14.03122329711914,11.414051055908203
1763323507.46858,-0.18285072518377263,0.0,0.18285072518377263,0.31646361721679567,0.48837317373603584,0.501906156539917,0.23027858138084412,7.597275733947754,14.63006591796875,11.131048202514648
1763323507.4887671,-0.2009825449548847,0.0,0.2009825449548847,0.27693899868056177,0.4858464920986444,0.4920088052749634,0.2577712833881378,7.645365238189697,15.178160667419434,11.321306228637695
1763323507.5088496,-0.216405686456431,0.0,0.216405686456431,0.28613569734618066,0.4872570753656328,0.46011728048324585,0.29076245427131653,6.8670830726623535,9.471353530883789,11.403083801269531
1763323507.5290027,-0.22885368348697152,0.0,0.22885368348697152,0.3507519900612533,0.5014475927315653,0.42712610960006714,0.32045456767082214,7.4381537437438965,10.316817283630371,11.549234390258789
1763323507.5490603,-0.23797729605137183,0.0,0.23797729605137183,0.382460424285382,0.43144759273156524,0.3820381164550781,0.3501465916633606,6.328502178192139,11.970939636230469,11.616230010986328
1763323507.5819545,-0.2432981394792828,0.0,0.2432981394792828,0.3564903732202947,0.42545163368806244,0.3369501531124115,0.39963340759277344,5.39435338973999,8.997320175170898,24.423837661743164
1763323507.6069033,-0.24791783159097894,0.0,0.24791783159097894,0.3762973226420581,0.46386765798553825,0.340249240398407,0.4183284044265747,5.6665568351745605,14.475113868713379,24.663686752319336
1763323507.630506,-0.24847380965529364,0.0,0.24847380965529364,0.34506896099075673,0.39386765798553824,0.3523460030555725,0.4326246380805969,3.8205864429473877,14.053338050842285,23.361921310424805
1763323507.6636667,-0.237309030064351,0.0,0.237309030064351,0.41506896099075674,0.37351475236937404,0.3501465916633606,0.4381231665611267,3.7303006649017334,17.456703186035156,22.88651466369629
1763323507.6872158,-0.22645795121146797,0.0,0.22645795121146797,0.48506896099075675,0.39119292749091983,0.3545454144477844,0.4480205178260803,2.631319761276245,6.221568584442139,23.28968048095703
1763323507.710138,-0.21335700801263524,0.0,0.21335700801263524,0.5534014691971243,0.41636620415374637,0.3468474745750427,0.4480205178260803,2.166680097579956,6.489356994628906,22.661447525024414
1763323507.7329905,-0.19891734334432415,0.0,0.19891734334432415,0.5312018608115614,0.3721525105647743,0.35124629735946655,0.43922287225723267,1.5737649202346802,6.869460582733154,22.60732650756836
1763323507.7667284,-0.1684405910020198,0.0,0.1684405910020198,0.5391442411951721,0.360733934212476,0.3501465916633606,0.4227272868156433,1.8576164245605469,9.256784439086914,23.462295532226562
1763323507.7906268,-0.1533965883540591,0.0,0.1533965883540591,0.4725902610830963,0.290733934212476,0.3677419424057007,0.41722869873046875,1.2320748567581177,6.005234718322754,23.650169372558594
1763323507.8138392,-0.13894499571344388,0.0,0.13894499571344388,0.49486789008602505,0.2746155567653477,0.38643693923950195,0.3908357620239258,1.0173842906951904,6.90949821472168,22.954702377319336
1763323507.847828,-0.11439191406830009,0.0,0.11439191406830009,0.46745449764654046,0.2715683282073587,0.43482404947280884,0.365542471408844,0.8869932889938354,5.622880935668945,23.667335510253906
1763323507.8724456,-0.10307853381388234,0.0,0.10307853381388234,0.514457778017968,0.3385902867373079,0.45241934061050415,0.3468474745750427,0.49945613741874695,4.7241644859313965,24.357080459594727
1763323507.8963523,-0.0925442854422678,0.0,0.0925442854422678,0.4925111000798643,0.37902136153541505,0.4667155146598816,0.3160557448863983,0.23173700273036957,1.56277596950531,23.598909378051758
1763323507.9290035,-0.07436945139012506,0.0,0.07436945139012506,0.45461446693167096,0.3921121713425964,0.4832111597061157,0.28966274857521057,0.14409476518630981,2.5774998664855957,22.246360778808594
1763323507.9508028,-0.06751634665538567,0.0,0.06751634665538567,0.524614466931671,0.41668728000484406,0.4920088052749634,0.2995600998401642,0.13051234185695648,1.5213091373443604,21.54684066772461
1763323507.9723597,-0.06263447204169124,0.0,0.06263447204169124,0.5442605992965401,0.4077468095999211,0.4942082166671753,0.3061583340167999,0.5842927694320679,1.183429479598999,21.31795883178711
1763323507.9938757,-0.05965471557687518,0.0,0.05965471557687518,0.5533740004710854,0.3377468095999211,0.4986070394515991,0.30065980553627014,1.4137426614761353,2.145318031311035,21.270275115966797
1763323508.0156088,-0.05815552011068515,0.0,0.05815552011068515,0.5216639643721284,0.34993794503621756,0.500806450843811,0.31495603919029236,1.0286641120910645,1.8554611206054688,21.504878997802734
1763323508.0375736,-0.056853880330661064,0.0,0.056853880330661064,0.5651111720316113,0.39222462791018187,0.5041055679321289,0.3270528018474579,0.5937146544456482,1.4058618545532227,21.73781394958496
1763323508.070272,-0.05706478819179479,0.0,0.05706478819179479,0.5065067229978741,0.4027657894324511,0.5052052736282349,0.3545454144477844,0.3633151650428772,1.3744648694992065,22.29595184326172
1763323508.093785,-0.058030469929368035,0.0,0.058030469929368035,0.4903908154182137,0.3890697084274143,0.5096040964126587,0.35894423723220825,0.3736856281757355,0.853063702583313,23.2546329498291
1763323508.1059413,-0.060785822598031176,0.0,0.060785822598031176,0.44676703644916427,0.41032187863253056,0.5107038021087646,0.36884164810180664,0.29807522892951965,0.7001978158950806,11.929750442504883
1763323508.1222131,-0.060785822598031176,0.0,0.060785822598031176,0.5167670364491643,0.41244712997227906,0.5118035078048706,0.37653958797454834,0.40708017349243164,0.970270037651062,14.417409896850586
1763323508.1496546,-0.062348445543361025,0.0,0.062348445543361025,0.4589065614156427,0.4485699214413762,0.5151026248931885,0.3831378221511841,0.2854457199573517,0.7963542938232422,21.77906036376953
1763323508.1714513,-0.06393330493116668,0.0,0.06393330493116668,0.40000894321128744,0.43294994872063397,0.5129032135009766,0.38643693923950195,0.2533329427242279,0.8166938424110413,21.558761596679688
1763323508.1951125,-0.06549184051585077,0.0,0.06549184051585077,0.401134873670526,0.5029499487206339,0.5140029191970825,0.3952345848083496,0.1817309409379959,3.5544686317443848,23.418903350830078
1763323508.2168074,-0.06699101706242422,0.0,0.06699101706242422,0.44474584881681967,0.5506030203029513,0.5129032135009766,0.4007331132888794,0.16013488173484802,3.4921133518218994,21.426916122436523
1763323508.2387373,-0.06840945334447225,0.0,0.06840945334447225,0.5147458488168197,0.5492483471240848,0.5151026248931885,0.4062316417694092,0.33113619685173035,5.737013816833496,21.694660186767578
1763323508.2707407,-0.07080366564054454,0.0,0.07080366564054454,0.5293121948884802,0.5355548142176121,0.4645161032676697,0.42382699251174927,0.11196234077215195,1.377055048942566,21.712779998779297
1763323508.2926881,-0.07188790279860313,0.0,0.07188790279860313,0.5993121948884803,0.4655548142176121,0.4667155146598816,0.43922287225723267,0.4094952344894409,6.250199317932129,21.702289581298828
1763323508.3146634,-0.07288907340052007,0.0,0.07288907340052007,0.6455832135723907,0.4319248119276016,0.47001463174819946,0.455718457698822,0.37974584102630615,2.0074121952056885,21.73304557800293
1763323508.3362134,-0.07376573395303389,0.0,0.07376573395303389,0.6668583948956806,0.47133796232752495,0.46561580896377563,0.47001463174819946,0.5271909832954407,1.545453429222107,21.27528190612793
1763323508.357823,-0.07461035453181851,0.0,0.07461035453181851,0.627934907828458,0.44062173309735947,0.4722140431404114,0.4865102767944336,0.38054758310317993,1.1301531791687012,21.366357803344727
1763323508.3792,-0.07450816243379248,0.0,0.07450816243379248,0.6043251597182828,0.5046206930559127,0.47771257162094116,0.48541057109832764,0.4338988959789276,1.4017821550369263,21.149873733520508
1763323508.4111996,-0.07400978732415693,0.0,0.07400978732415693,0.6013455456448722,0.5408151479344814,0.4865102767944336,0.4887096881866455,0.32018133997917175,1.1452440023422241,21.729469299316406
1763323508.4332097,-0.07316851007163601,0.0,0.07316851007163601,0.5696227094484496,0.5228914482425897,0.500806450843811,0.48980939388275146,0.27259957790374756,2.055617332458496,21.765470504760742
1763323508.4544902,-0.07211123147559746,0.0,0.07211123147559746,0.5899499366385865,0.5535379344504325,0.5129032135009766,0.4788122773170471,0.37322041392326355,1.0221917629241943,21.043777465820312
1763323508.4745717,-0.07119327520491238,0.0,0.07119327520491238,0.5809677346004176,0.5896439993660896,0.5239002704620361,0.4832111597061157,0.24424444139003754,0.8231528997421265,19.85478401184082
1763323508.498941,-0.07013479396890974,0.0,0.07013479396890974,0.5503224758757281,0.5941942514758556,0.5348973274230957,0.47991204261779785,1.180174708366394,3.2472901344299316,24.127721786499023
1763323508.5228283,-0.06796759713390088,0.0,0.06796759713390088,0.558179271440022,0.6116439638566225,0.5535923838615417,0.4843108654022217,0.2163553386926651,1.517220139503479,23.60987663269043
1763323508.5550623,-0.0669223970912888,0.0,0.0669223970912888,0.5740307299746203,0.5779727300535886,0.5623900294303894,0.4865102767944336,0.2351655811071396,2.658052444458008,21.946430206298828
1763323508.5774913,-0.06592852126173297,0.0,0.06592852126173297,0.6440307299746204,0.5789860432408749,0.5645894408226013,0.49310851097106934,0.1455029398202896,3.092571258544922,22.182464599609375
1763323508.6000097,-0.0642398430166923,0.0,0.0642398430166923,0.6396718492871154,0.5987539721094071,0.5700879693031311,0.500806450843811,0.2155691534280777,0.9294929504394531,22.25780487060547
1763323508.6232803,-0.06352943797875663,0.0,0.06352943797875663,0.6332812213478614,0.6153161657415329,0.573387086391449,0.5118035078048706,0.17852593958377838,0.40003371238708496,23.024797439575195
1763323508.656752,-0.06233792755850232,0.0,0.06233792755850232,0.6827951275883246,0.5706460942886769,0.5777859091758728,0.5304985046386719,0.18164196610450745,1.0629386901855469,23.097515106201172
1763323508.6807098,-0.06233792755850232,0.0,0.06233792755850232,0.6127951275883246,0.5647375389374791,0.5788856148719788,0.5392962098121643,0.18634697794914246,0.8951284885406494,23.69976043701172
1763323508.7067008,-0.06146056735361023,0.0,0.06146056735361023,0.6358114704815674,0.59377255955711,0.5843841433525085,0.5535923838615417,0.2646750509738922,0.6266947388648987,25.696992874145508
1763323508.7406456,-0.06089235975568261,0.0,0.06089235975568261,0.587972596320324,0.5871450445987283,0.5865835547447205,0.5601906180381775,0.32004812359809875,0.682340145111084,23.583412170410156
1763323508.7623396,-0.060728632004465315,0.0,0.060728632004465315,0.64067783955019,0.6363474122621118,0.5854838490486145,0.5634897351264954,0.24817374348640442,1.5618705749511719,21.45528793334961
1763323508.7797682,-0.060631529296560335,0.0,0.060631529296560335,0.6754103415040302,0.6801691866852342,0.5887829661369324,0.5700879693031311,0.161097913980484,1.0170494318008423,17.19045639038086
1763323508.7918856,-0.06058326217110327,0.0,0.06058326217110327,0.7,0.7,0.5909823775291443,0.5744867920875549,0.24080494046211243,0.5903079509735107,11.96146011352539
1763323508.8083858,-0.06057018736021993,0.0,0.06057018736021993,0.7,0.7,0.5909823775291443,0.5788856148719788,0.2939493656158447,0.6033340692520142,11.443614959716797
1763323508.8283975,-0.06058190102740061,0.0,0.06058190102740061,0.6680737107992172,0.6577414356172084,0.593181848526001,0.5832844376564026,0.23505344986915588,0.9381866455078125,11.447906494140625
1763323508.8490913,-0.0606105235737553,0.0,0.0606105235737553,0.6794835923239588,0.6826174732297658,0.5942815542221069,0.5854838490486145,0.2368304282426834,0.41315314173698425,12.113094329833984
1763323508.868787,-0.06069056425311499,0.0,0.06069056425311499,0.6747768575325608,0.7,0.5953812599182129,0.5876832604408264,0.16691488027572632,0.7698309421539307,11.837005615234375
1763323508.889242,-0.06080420949754765,0.0,0.06080420949754765,0.6974920647218823,0.6794024564325809,0.5964809656143188,0.5909823775291443,0.1417764574289322,0.6309792399406433,12.291908264160156
1763323508.9086666,-0.06090287920026496,0.0,0.06090287920026496,0.6569777557626366,0.7,0.5986803770065308,0.5942815542221069,0.24315610527992249,0.5908608436584473,11.720895767211914
1763323508.9287753,-0.06102386826178286,0.0,0.06102386826178286,0.691071549244225,0.6726349990814924,0.5997800827026367,0.5953812599182129,0.14861051738262177,0.2781382203102112,11.828422546386719
1763323508.948817,-0.061157171259159405,0.0,0.061157171259159405,0.6924742337316274,0.7,0.6019794940948486,0.5986803770065308,0.1743413805961609,0.3513551354408264,11.867523193359375
1763323508.9681642,-0.061295514089004285,0.0,0.061295514089004285,0.6832697939127683,0.663647112250328,0.6019794940948486,0.6008797883987427,0.14231380820274353,0.4532700777053833,11.218070983886719
1763323508.9885786,-0.06143371147724412,0.0,0.06143371147724412,0.6746334897354245,0.6869735967367887,0.6041789054870605,0.6063783168792725,0.19686396420001984,0.47245365381240845,11.629819869995117
1763323509.0082622,-0.06156816566710749,0.0,0.06156816566710749,0.6308733465149998,0.6811528362333774,0.6063783168792725,0.6052786111831665,0.20589448511600494,0.4441242814064026,11.317968368530273
1763323509.0356762,-0.061696476378762674,0.0,0.061696476378762674,0.5773130038753151,0.6865898587740957,0.6085777282714844,0.6063783168792725,0.17719370126724243,0.851805567741394,18.730640411376953
1763323509.0600407,-0.06181713833553961,0.0,0.06181713833553961,0.5620272427797317,0.7,0.6085777282714844,0.6085777282714844,0.23241379857063293,0.8208060264587402,23.062705993652344
1763323509.0790398,-0.06196973548454209,0.0,0.06196973548454209,0.585418577119708,0.6419704265892505,0.6096774339675903,0.6118768453598022,0.12538397312164307,1.433048129081726,18.746376037597656
1763323509.1012423,-0.06214049251128242,0.0,0.06214049251128242,0.5729978669434785,0.6281615549698472,0.6096774339675903,0.6118768453598022,0.10974977165460587,0.5397301912307739,21.968364715576172
1763323509.124066,-0.06231936275032122,0.0,0.06231936275032122,0.5531987015157938,0.6074913142248988,0.6085777282714844,0.6151759624481201,0.19812026619911194,1.1693696975708008,22.586345672607422
1763323509.1453383,-0.06247466245862877,0.0,0.06247466245862877,0.5678646180778741,0.6114541136659681,0.6074780225753784,0.6162756681442261,0.3585801124572754,0.516749382019043,21.03590965270996
1763323509.1665077,-0.06263398933340236,0.0,0.06263398933340236,0.5410940542817115,0.5985303533263504,0.6052786111831665,0.617375373840332,0.18827807903289795,0.9456083178520203,20.941734313964844
1763323509.1878202,-0.062791914356314,0.0,0.062791914356314,0.5537707226350903,0.613340198341757,0.5986803770065308,0.6162756681442261,0.17205527424812317,0.9397140741348267,21.086931228637695
1763323509.2195847,-0.06308989884275966,0.0,0.06308989884275966,0.6237707226350904,0.6657635786570608,0.5810850262641907,0.617375373840332,0.29486414790153503,0.9000606536865234,21.47531509399414
1763323509.24135,-0.06318556497502316,0.0,0.06318556497502316,0.6017542290315032,0.6576987116597592,0.5634897351264954,0.6140762567520142,0.207260861992836,0.46597859263420105,21.527767181396484
1763323509.2657151,-0.06324430787422328,0.0,0.06324430787422328,0.6186180482432246,0.6853939129970967,0.5458944439888,0.6129765510559082,0.2753080725669861,0.8019384741783142,24.1239070892334
1763323509.2912002,-0.06319500065426195,0.0,0.06319500065426195,0.572807959727943,0.6516211873851716,0.5535923838615417,0.6107771396636963,0.2609495520591736,0.5887537002563477,25.17867088317871
1763323509.3260658,-0.06210538083996119,0.0,0.06210538083996119,0.5984370945766568,0.6774596500210464,0.5458944439888,0.6118768453598022,0.2747424244880676,0.5274343490600586,24.53303337097168
1763323509.3478425,-0.061247072596868284,0.0,0.061247072596868284,0.5637382468953729,0.6074596500210463,0.5524926781654358,0.6096774339675903,0.26507768034935,0.8793796896934509,21.539688110351562
1763323509.3691998,-0.06050186746656494,0.0,0.06050186746656494,0.5900058424845338,0.5771263061277567,0.5491935610771179,0.6096774339675903,0.23985587060451508,0.7946810126304626,21.120548248291016
1763323509.3905277,-0.059643007202671135,0.0,0.059643007202671135,0.6267074807360768,0.5674364423565565,0.5502932667732239,0.6107771396636963,0.5445530414581299,1.3444000482559204,21.1031436920166
1763323509.411706,-0.05872783947879553,0.0,0.05872783947879553,0.6313998084329069,0.6374364423565566,0.5524926781654358,0.6096774339675903,0.2912678122520447,1.0286237001419067,20.951032638549805
1763323509.444396,-0.05688162404677692,0.0,0.05688162404677692,0.6580506432615221,0.643155838176608,0.5546920895576477,0.6096774339675903,0.34025248885154724,1.1192739009857178,22.454261779785156
1763323509.4662704,-0.055999504690470825,0.0,0.055999504690470825,0.7,0.6319499339908361,0.5601906180381775,0.6030791997909546,0.3632569909095764,0.9376742839813232,21.636962890625
1763323509.4884546,-0.055164205777917356,0.0,0.055164205777917356,0.7,0.6939604792743921,0.5623900294303894,0.6063783168792725,0.3456782400608063,0.8191254138946533,21.951675415039062
1763323509.5097358,-0.05438344164317898,0.0,0.05438344164317898,0.7,0.6771590810269117,0.5689882636070251,0.6019794940948486,0.461039274930954,0.7796208262443542,21.04020118713379
1763323509.5321283,-0.053661133253411764,0.0,0.053661133253411764,0.6761216212064027,0.6552608523517847,0.5766862034797668,0.6030791997909546,0.5971469283103943,0.9825170040130615,22.16506004333496
1763323509.5644598,-0.05239468200869708,0.0,0.05239468200869708,0.695357796549797,0.6423857713118195,0.592082142829895,0.6030791997909546,0.4022631049156189,0.9054526686668396,21.939754486083984
1763323509.5868769,-0.05187046355415926,0.0,0.05187046355415926,0.6480435438454151,0.7,0.6019794940948486,0.6041789054870605,0.5978156328201294,0.9869744777679443,22.174835205078125
1763323509.6023214,-0.05143300394321182,0.0,0.05143300394321182,0.6144649989902973,0.7,0.6074780225753784,0.6052786111831665,0.3875345289707184,0.698431670665741,15.206575393676758
1763323509.6140134,-0.05106733452828501,0.0,0.05106733452828501,0.6257956780493259,0.7,0.6074780225753784,0.6052786111831665,0.368394136428833,0.5661252737045288,11.539936065673828
1763323509.6336012,-0.050761166356799656,0.0,0.050761166356799656,0.695795678049326,0.7,0.6140762567520142,0.6041789054870605,0.3437320590019226,0.5694494843482971,11.260271072387695
1763323509.6533484,-0.050504395613901534,0.0,0.050504395613901534,0.7,0.6433410167694091,0.619574785232544,0.6063783168792725,0.5113174319267273,0.7255867123603821,11.012792587280273
1763323509.6851022,-0.050288702523593076,0.0,0.050288702523593076,0.7,0.6546999922022223,0.6261730194091797,0.6085777282714844,0.5194548964500427,0.7161884307861328,22.685527801513672
1763323509.71154,-0.05010722573515643,0.0,0.05010722573515643,0.7,0.7,0.6327712535858154,0.6129765510559082,0.5898009538650513,0.7160508632659912,26.12137794494629
1763323509.7366114,-0.049994725622384294,0.0,0.049994725622384294,0.6979603509418666,0.7,0.6349706649780273,0.6151759624481201,0.3858654797077179,0.7010958194732666,24.788379669189453
1763323509.7702737,-0.04990843570482203,0.0,0.04990843570482203,0.7,0.6906097389757633,0.6404691934585571,0.6206744909286499,0.4625821113586426,0.6840289831161499,23.322343826293945
1763323509.7926478,-0.04991009337116247,0.0,0.04991009337116247,0.6890415407717227,0.6806243479251861,0.6415688991546631,0.6228739023208618,0.4868367910385132,0.8990380764007568,22.138118743896484
1763323509.8144484,-0.049911532599401474,0.0,0.049911532599401474,0.7,0.6693423639982938,0.643768310546875,0.6261730194091797,0.45511072874069214,0.7779252529144287,21.559476852416992
1763323509.8370857,-0.04993123984302762,0.0,0.04993123984302762,0.6854402290657162,0.6789334116503596,0.644868016242981,0.6272727251052856,0.4832416772842407,0.7401623725891113,22.402524948120117
1763323509.8698323,-0.05004303308170705,0.0,0.05004303308170705,0.7,0.684832830261439,0.644868016242981,0.6316715478897095,0.4273434579372406,0.7632771134376526,22.31884002685547
1763323509.8918982,-0.05015421151011477,0.0,0.05015421151011477,0.7,0.614832830261439,0.6470674276351929,0.6338709592819214,0.44071581959724426,0.8762978315353394,21.81386947631836
1763323509.9133377,-0.05028417357781172,0.0,0.05028417357781172,0.7,0.656251237373799,0.6481671929359436,0.6349706649780273,0.31025591492652893,0.7271445989608765,21.20208740234375
1763323509.9345958,-0.050423757257182004,0.0,0.050423757257182004,0.6686088301241397,0.6362040830962359,0.6470674276351929,0.6371700763702393,0.4094717800617218,0.7087026834487915,21.021366119384766
1763323509.9557478,-0.05056634520663717,0.0,0.05056634520663717,0.6912169706076383,0.664771695267409,0.6481671929359436,0.6349706649780273,0.6300151348114014,0.8756617307662964,20.922183990478516
1763323509.9767282,-0.05084330412196257,0.0,0.05084330412196257,0.6500707518309354,0.6460773075185715,0.6492668986320496,0.6393694877624512,0.4930115044116974,0.6855852603912354,20.751476287841797
1763323509.9981503,-0.05084330412196257,0.0,0.05084330412196257,0.6320488758385181,0.6283783229254185,0.6503666043281555,0.6393694877624512,0.4963286221027374,0.9833977818489075,21.198749542236328
1763323510.030696,-0.05108443778233303,0.0,0.05108443778233303,0.6129967000335454,0.6915926473401486,0.6514663100242615,0.6404691934585571,0.29658275842666626,0.6194101572036743,22.156238555908203
1763323510.0519376,-0.051190498034357906,0.0,0.051190498034357906,0.6386909808963537,0.6415448883734642,0.6503666043281555,0.6371700763702393,0.3154444396495819,0.8609328269958496,20.987510681152344
1763323510.0733511,-0.051289593895679025,0.0,0.051289593895679025,0.6565383400768041,0.6501574335806071,0.6514663100242615,0.6371700763702393,0.34821176528930664,1.2154247760772705,21.175622940063477
1763323510.0959783,-0.05138124076664854,0.0,0.05138124076664854,0.6091088119894266,0.6999215936474501,0.6459677219390869,0.6382697820663452,0.36412516236305237,1.1071027517318726,22.394895553588867
1763323510.1177819,-0.05146529837118642,0.0,0.05146529837118642,0.6013361735269427,0.7,0.6470674276351929,0.6349706649780273,0.45125168561935425,0.5759023427963257,21.561145782470703
1763323510.1397934,-0.051541869290583915,0.0,0.051541869290583915,0.589481890015304,0.7,0.6459677219390869,0.6360703706741333,0.3282129466533661,0.7743115425109863,21.77596092224121
1763323510.1721334,-0.051673733529811104,0.0,0.051673733529811104,0.6433950511738658,0.6520240798592567,0.6272727251052856,0.6360703706741333,0.3194093108177185,1.1657040119171143,22.059917449951172
1763323510.1943343,-0.05172984562086429,0.0,0.05172984562086429,0.6191419025883078,0.6260873105376958,0.6129765510559082,0.6360703706741333,0.20645491778850555,0.5002927184104919,21.95000648498535
1763323510.215784,-0.05178003401897047,0.0,0.05178003401897047,0.6686485072597861,0.6232936156913638,0.6008797883987427,0.6360703706741333,0.23902340233325958,0.5633048415184021,21.21281623840332
1763323510.236981,-0.051784357325321384,0.0,0.051784357325321384,0.647101623751223,0.6540837975218892,0.5898826718330383,0.6360703706741333,0.40583646297454834,0.641660213470459,20.959854125976562
1763323510.2582703,-0.0517881109302745,0.0,0.0517881109302745,0.6911664882674813,0.6870639713481068,0.5953812599182129,0.6371700763702393,0.43535494804382324,0.790097177028656,21.063566207885742
1763323510.2794352,-0.0516699859573583,0.0,0.0516699859573583,0.7,0.7,0.5887829661369324,0.6349706649780273,0.39835795760154724,0.6535415053367615,20.939111709594727
1763323510.3014998,-0.051579849457533834,0.0,0.051579849457533834,0.7,0.6725119192153215,0.5887829661369324,0.6349706649780273,0.20119565725326538,0.3803585171699524,21.836519241333008
1763323510.3339362,-0.05149198167949478,0.0,0.05149198167949478,0.6764505848288536,0.6587850542739033,0.5942815542221069,0.6349706649780273,0.38136857748031616,0.5740019083023071,22.03989028930664
1763323510.355669,-0.0513675775564617,0.0,0.0513675775564617,0.6756980040692724,0.7,0.5942815542221069,0.6349706649780273,0.30258098244667053,0.6290651559829712,21.485567092895508
1763323510.3773012,-0.051261502561532155,0.0,0.051261502561532155,0.6959090338670648,0.7,0.5997800827026367,0.6338709592819214,0.3359937369823456,0.7339011430740356,21.393537521362305
1763323510.3894188,-0.05117095421541178,0.0,0.05117095421541178,0.7,0.6877818534150719,0.6030791997909546,0.6338709592819214,0.3403227925300598,0.45486220717430115,11.881113052368164
1763323510.411603,-0.051093576767661575,0.0,0.051093576767661575,0.7,0.670511375926435,0.6085777282714844,0.6360703706741333,0.5349377989768982,0.8961222767829895,19.890308380126953
1763323510.433354,-0.051027386842513234,0.0,0.051027386842513234,0.699931019716314,0.695432143099606,0.6129765510559082,0.6349706649780273,0.5252279043197632,0.8114989995956421,21.5151309967041
1763323510.454581,-0.050970711980013156,0.0,0.050970711980013156,0.6974964267894392,0.7,0.6162756681442261,0.6349706649780273,0.23376324772834778,0.6356894969940186,20.989418029785156
1763323510.4775808,-0.05092150541741264,0.0,0.05092150541741264,0.7,0.7,0.6228739023208618,0.6360703706741333,0.5139315724372864,0.8736059069633484,22.774934768676758
1763323510.500861,-0.05087941735979787,0.0,0.05087941735979787,0.6428071677684783,0.6874593736603856,0.6283724308013916,0.6371700763702393,0.23768925666809082,0.65842604637146,23.02837371826172
1763323510.5238419,-0.050812502842278555,0.0,0.050812502842278555,0.6193167146295309,0.6734795810654759,0.6327712535858154,0.6371700763702393,0.34326761960983276,0.6666524410247803,22.739648818969727
1763323510.557233,-0.050871151458624066,0.0,0.050871151458624066,0.5814336638897657,0.6987249160185456,0.642668604850769,0.6404691934585571,0.250288724899292,0.5848968029022217,23.11563491821289
1763323510.5808487,-0.050871151458624066,0.0,0.050871151458624066,0.5825579016702249,0.7,0.643768310546875,0.642668604850769,0.24981524050235748,0.6167744398117065,23.361921310424805
1763323510.6043508,-0.051013259613302914,0.0,0.051013259613302914,0.6384677960770204,0.7,0.6470674276351929,0.643768310546875,0.3918343186378479,0.9244466423988342,23.243427276611328
1763323510.6381752,-0.05118303761853459,0.0,0.05118303761853459,0.7,0.7,0.6492668986320496,0.6470674276351929,0.4755783677101135,0.7860908508300781,23.479461669921875
1763323510.6616411,-0.051257747788948975,0.0,0.051257747788948975,0.6746906124055385,0.6760643672198057,0.6404691934585571,0.6492668986320496,0.5152093172073364,0.7238397598266602,23.202896118164062
1763323510.6847856,-0.05133329613712476,0.0,0.05133329613712476,0.6689253573305904,0.695132490992546,0.6404691934585571,0.6525660157203674,0.36879903078079224,0.6947410106658936,22.886037826538086
1763323510.7165787,-0.0514786425369922,0.0,0.0514786425369922,0.7,0.7,0.644868016242981,0.6525660157203674,0.3267129957675934,0.6461090445518494,21.37303352355957
1763323510.7384868,-0.0514786425369922,0.0,0.0514786425369922,0.7,0.7,0.6393694877624512,0.6536657214164734,0.39999470114707947,0.6664024591445923,21.6677188873291
1763323510.7598011,-0.05160873759738425,0.0,0.05160873759738425,0.6874190548434853,0.7,0.6404691934585571,0.6536657214164734,0.48727989196777344,0.7551974058151245,21.078109741210938
1763323510.781433,-0.05166676421859299,0.0,0.05166676421859299,0.6874127466341633,0.6933448215015232,0.642668604850769,0.6547654271125793,0.5414314866065979,0.7764157056808472,21.4083194732666
1763323510.802961,-0.05171994491552317,0.0,0.05171994491552317,0.7,0.6898995857220143,0.6415688991546631,0.6558651328086853,0.36089298129081726,0.6581066846847534,21.263599395751953
1763323510.82462,-0.051808786057381824,0.0,0.051808786057381824,0.7,0.7,0.642668604850769,0.6580645442008972,0.5289990901947021,0.7060593962669373,21.429061889648438
1763323510.8459983,-0.051920054847378536,0.0,0.051920054847378536,0.7,0.6830688964575529,0.6415688991546631,0.6591642498970032,0.32812076807022095,0.81997150182724,21.140575408935547
1763323510.8785124,-0.052151554366738406,0.0,0.052151554366738406,0.6299999999999999,0.6823323128512129,0.642668604850769,0.6602639555931091,0.6038219928741455,0.9476935863494873,22.119998931884766
1763323510.900905,-0.052266808929927105,0.0,0.052266808929927105,0.6769606481492518,0.6819468269415665,0.643768310546875,0.6613636612892151,0.32954472303390503,0.7319645285606384,22.147417068481445
1763323510.9199123,-0.0523843528211917,0.0,0.0523843528211917,0.6298491257429122,0.6927183352701831,0.643768310546875,0.6613636612892151,0.24415770173072815,0.7598968744277954,18.768310546875
1763323510.9417262,-0.05250038897815803,0.0,0.05250038897815803,0.5683697994053363,0.6418550804548431,0.643768310546875,0.662463366985321,0.20291881263256073,0.604991614818573,21.571636199951172
1763323510.963427,-0.052612319771805846,0.0,0.052612319771805846,0.5430966830998658,0.627795819035964,0.6459677219390869,0.663563072681427,0.1894545704126358,0.5622852444648743,21.468162536621094
1763323510.9847035,-0.05271844913628045,0.0,0.05271844913628045,0.5070987223833798,0.5792362837411928,0.642668604850769,0.6657624840736389,0.1622181385755539,1.0685596466064453,21.0416316986084
1763323511.006165,-0.05281775191348922,0.0,0.05281775191348922,0.5651263102144002,0.5704897985153365,0.6415688991546631,0.6602639555931091,0.558867335319519,1.135692834854126,21.236896514892578
1763323511.0397258,-0.05299410560776373,0.0,0.05299410560776373,0.5287842928618192,0.5421869147859979,0.6206744909286499,0.6602639555931091,0.3761495351791382,0.884742259979248,23.169517517089844
1763323511.0627773,-0.05303062949534395,0.0,0.05303062949534395,0.522258253879845,0.5174515832506585,0.5777859091758728,0.6492668986320496,0.668694019317627,1.2069737911224365,22.79973030090332
1763323511.0805538,-0.052992502389253286,0.0,0.052992502389253286,0.45417881209403266,0.5031352907710243,0.5568915009498596,0.6129765510559082,0.47959065437316895,1.0383570194244385,17.522811889648438
1763323511.1032693,-0.05295939946231413,0.0,0.05295939946231413,0.48018886905163516,0.4901313528709579,0.5568915009498596,0.5810850262641907,0.3960877060890198,1.0123193264007568,22.566795349121094
1763323511.1261945,-0.05283436029306734,0.0,0.05283436029306734,0.5200409219786524,0.47369687522877935,0.5403959155082703,0.5568915009498596,1.0202796459197998,2.231837272644043,22.670507431030273
1763323511.159711,-0.0522776863629726,0.0,0.0522776863629726,0.5217625922476872,0.536436605110066,0.4964076280593872,0.5052052736282349,0.5045725703239441,1.7292832136154175,23.262739181518555
1763323511.1831803,-0.05184266297121677,0.0,0.05184266297121677,0.5424366067117079,0.5654833827458787,0.4865102767944336,0.4865102767944336,0.5939332246780396,1.3098034858703613,23.210525512695312
1763323511.2068586,-0.051265749682837536,0.0,0.051265749682837536,0.5879359985655173,0.609021148487227,0.4942082166671753,0.4667155146598816,0.7027048468589783,1.2991197109222412,23.428678512573242
1763323511.2403164,-0.04979686169046455,0.0,0.04979686169046455,0.5492734122043474,0.64479764814605,0.48980939388275146,0.47991204261779785,0.3036710321903229,0.9389519691467285,23.12445640563965
1763323511.263707,-0.04900202126935458,0.0,0.04900202126935458,0.5019121537869795,0.6168583900027442,0.4942082166671753,0.4711143374443054,0.22756421566009521,0.6318846344947815,23.132801055908203
1763323511.28729,-0.04820962302538007,0.0,0.04820962302538007,0.5476998011535033,0.6268572936125565,0.4997067451477051,0.4986070394515991,0.28624045848846436,2.6583969593048096,23.331642150878906
1763323511.320891,-0.04677142866597905,0.0,0.04677142866597905,0.4943721103435381,0.5854177641042042,0.5052052736282349,0.5129032135009766,0.4387035667896271,1.7189725637435913,23.3457088470459
1763323511.344296,-0.04616608508222349,0.0,0.04616608508222349,0.5266138422256335,0.5223647894628811,0.5063049793243408,0.5359970927238464,0.29046201705932617,4.152435302734375,23.146867752075195
1763323511.3678064,-0.045620476329674794,0.0,0.045620476329674794,0.4807245540386065,0.4796647483773995,0.5140029191970825,0.5711876749992371,0.3995996117591858,1.1131854057312012,23.258209228515625
1763323511.401628,-0.044800583083077966,0.0,0.044800583083077966,0.5352222728496416,0.4990918560244608,0.5162023305892944,0.5843841433525085,0.1795988827943802,0.5104687213897705,23.56243133544922
1763323511.4250689,-0.04453487824542128,0.0,0.04453487824542128,0.5930449548130854,0.47598560883780006,0.5184017419815063,0.5909823775291443,0.5318293571472168,1.106337070465088,23.183584213256836
1763323511.4484503,-0.04434902200173625,0.0,0.04434902200173625,0.6361698503559454,0.5202888956584502,0.5162023305892944,0.593181848526001,0.3652251362800598,1.1937241554260254,23.108959197998047
1763323511.4825082,-0.04414326047323612,0.0,0.04414326047323612,0.6460890336846932,0.5273671409406233,0.5173020362854004,0.527199387550354,0.4127866327762604,0.8163804411888123,23.73957633972168
1763323511.5058835,-0.04409652831067239,0.0,0.04409652831067239,0.6250878493255003,0.5898219978727866,0.5173020362854004,0.527199387550354,0.34010979533195496,1.0020612478256226,23.101091384887695
1763323511.5291297,-0.044033890965978345,0.0,0.044033890965978345,0.5550878493255003,0.5206208041228819,0.5228005647659302,0.503005862236023,0.3571459949016571,0.872430682182312,22.989273071289062
1763323511.5599294,-0.04391463998780087,0.0,0.04391463998780087,0.5476351541606708,0.5337505469389725,0.5315982103347778,0.503005862236023,0.3477725684642792,0.9748115539550781,20.477294921875
1763323511.5823896,-0.04380377184478158,0.0,0.04380377184478158,0.5586973422346635,0.5661104636557865,0.546994149684906,0.4986070394515991,0.4364202618598938,1.112591028213501,22.223234176635742
1763323511.60387,-0.04370430246908224,0.0,0.04370430246908224,0.5680313541693611,0.6245361322828102,0.546994149684906,0.4986070394515991,0.17987707257270813,0.7220192551612854,21.214723587036133
1763323511.6254346,-0.043615371958860796,0.0,0.043615371958860796,0.5670064762840046,0.5648277269967366,0.5535923838615417,0.501906156539917,0.2612632215023041,0.9462178945541382,21.33965492248535
1763323511.6472602,-0.04353610529245038,0.0,0.04353610529245038,0.5407394357630981,0.5619008555833716,0.5667888522148132,0.5052052736282349,0.15873178839683533,0.8079416751861572,21.578073501586914
1763323511.668496,-0.04346564000735284,0.0,0.04346564000735284,0.5184348226198925,0.5747356839303392,0.5678885579109192,0.5107038021087646,0.37038764357566833,1.3782622814178467,20.99609375
1763323511.6890733,-0.043443572995221044,0.0,0.043443572995221044,0.48946154309902323,0.5692218216892797,0.5700879693031311,0.5206011533737183,0.2995099723339081,1.0217092037200928,20.349502563476562
1763323511.7104964,-0.04345570404985389,0.0,0.04345570404985389,0.5131437071273102,0.4992218216892797,0.5689882636070251,0.52829909324646,0.2587859332561493,1.6487877368927002,21.191120147705078
1763323511.7434545,-0.043542172563172186,0.0,0.043542172563172186,0.5375954844662918,0.4502447409566957,0.5711876749992371,0.5392962098121643,0.2334265261888504,0.6178829669952393,22.632837295532227
1763323511.7631252,-0.04358636859718266,0.0,0.04358636859718266,0.5023177974531425,0.4465646079287398,0.5678885579109192,0.546994149684906,0.3128085136413574,0.8201614618301392,19.412755966186523
1763323511.7845154,-0.04364076130364606,0.0,0.04364076130364606,0.5582418442377819,0.46821187124704006,0.5447947382926941,0.5557917952537537,0.23297874629497528,0.9922769069671631,21.149635314941406
1763323511.8059363,-0.04374123080588587,0.0,0.04374123080588587,0.5294008441874756,0.4739635644026566,0.5304985046386719,0.5458944439888,0.5076137781143188,1.2009336948394775,21.187543869018555
1763323511.827248,-0.04383062858476912,0.0,0.04383062858476912,0.5123868045071138,0.45713708750088694,0.5173020362854004,0.527199387550354,0.6599404215812683,1.1721880435943604,21.083831787109375
1763323511.8484504,-0.04390998009237358,0.0,0.04390998009237358,0.494176412061788,0.4296069761284161,0.5228005647659302,0.5052052736282349,0.342324823141098,1.4618589878082275,20.97177505493164
1763323511.869633,-0.043939834455360656,0.0,0.043939834455360656,0.49820232397411,0.4566875921108294,0.5162023305892944,0.4766128659248352,0.42477086186408997,1.2912085056304932,20.957231521606445
1763323511.8910723,-0.043934522262039866,0.0,0.043934522262039866,0.4726619590679182,0.4687579750560689,0.5173020362854004,0.4645161032676697,1.1042557954788208,1.6961907148361206,21.213531494140625
1763323511.923101,-0.04375136659741716,0.0,0.04375136659741716,0.4936937764892353,0.4263674050115514,0.5151026248931885,0.4535190463066101,0.5358807444572449,1.8488848209381104,21.640777587890625
1763323511.9448571,-0.043611279711953596,0.0,0.043611279711953596,0.46124501532409323,0.45150563600589516,0.5063049793243408,0.43922287225723267,0.4006195068359375,1.6689727306365967,21.507740020751953
1763323511.966727,-0.04341573287803847,0.0,0.04341573287803847,0.5007347800442947,0.41808283436228516,0.48980939388275146,0.43702346086502075,0.309536874294281,1.332661747932434,21.631717681884766
1763323511.9882383,-0.04314639036490069,0.0,0.04314639036490069,0.5416005142638458,0.44199430304695847,0.47991204261779785,0.43152493238449097,0.22044053673744202,1.3486042022705078,21.27218246459961
1763323512.0094934,-0.042912540318353565,0.0,0.042912540318353565,0.589138053418137,0.4883554998331237,0.47551316022872925,0.4337243437767029,0.28767281770706177,1.408146858215332,21.02828025817871
1763323512.030829,-0.04267028263064901,0.0,0.04267028263064901,0.5494019687781109,0.5583554998331237,0.47991204261779785,0.4205278158187866,0.27503758668899536,0.6647139191627502,21.095752716064453
1763323512.0520117,-0.04238814193490693,0.0,0.04238814193490693,0.5738403946766628,0.5773607444309163,0.4744134545326233,0.4205278158187866,0.1454647034406662,1.0143959522247314,20.96104621887207
1763323512.0845487,-0.04177722162297646,0.0,0.04177722162297646,0.6082394719729198,0.5603018746071029,0.48211145401000977,0.4216275215148926,0.19632120430469513,1.1620359420776367,22.243499755859375
1763323512.1065073,-0.04147259750136127,0.0,0.04147259750136127,0.5880142246047033,0.5833555840246845,0.4832111597061157,0.42712610960006714,0.13389679789543152,0.7831512689590454,21.694183349609375
1763323512.1281521,-0.04117870316578702,0.0,0.04117870316578702,0.5446276534954084,0.5133555840246844,0.4920088052749634,0.45021992921829224,0.3650277853012085,0.8340554237365723,21.40498161315918
1763323512.1494129,-0.04090000708355091,0.0,0.04090000708355091,0.5824322049180044,0.5308214865170884,0.501906156539917,0.4645161032676697,0.16541054844856262,0.5675490498542786,21.01874351501465
1763323512.1705444,-0.04063921241621518,0.0,0.04063921241621518,0.620648620710708,0.6008214865170884,0.5118035078048706,0.48760998249053955,0.23113156855106354,0.643216609954834,20.88761329650879
1763323512.1919098,-0.04043815283768948,0.0,0.04043815283768948,0.6066285363072528,0.6499640148424077,0.5217008590698242,0.5041055679321289,0.20750170946121216,2.0579137802124023,21.139860153198242
1763323512.213103,-0.04028388298636604,0.0,0.04028388298636604,0.6606209269398822,0.6979968834959436,0.5315982103347778,0.5195014476776123,0.15497258305549622,0.6997061967849731,20.965576171875
1763323512.24541,-0.0400903150134998,0.0,0.0400903150134998,0.7,0.7,0.5502932667732239,0.5436950325965881,0.3282899260520935,0.9027009010314941,21.915674209594727
1763323512.2671456,-0.04012430452820564,0.0,0.04012430452820564,0.6753796104341745,0.7,0.5612903237342834,0.5579912066459656,0.1338881403207779,2.330355405807495,21.474838256835938
1763323512.2818832,-0.04022242241618177,0.0,0.04022242241618177,0.7,0.6480666108429431,0.5612903237342834,0.5579912066459656,0.10269676893949509,1.1701231002807617,14.50347900390625
1763323512.3020113,-0.040402924631094086,0.0,0.040402924631094086,0.7,0.5972094617784023,0.5700879693031311,0.5689882636070251,0.13778555393218994,1.2188138961791992,18.688678741455078
1763323512.3248856,-0.04067632017081439,0.0,0.04067632017081439,0.7,0.6502727650105953,0.5854838490486145,0.5876832604408264,0.13623321056365967,0.974862813949585,21.488428115844727
1763323512.3461268,-0.04100703228515359,0.0,0.04100703228515359,0.7,0.6779654629528522,0.5854838490486145,0.5876832604408264,0.14972013235092163,0.47207343578338623,20.99013328552246
1763323512.3679395,-0.04140926738830246,0.0,0.04140926738830246,0.7,0.7,0.6008797883987427,0.6019794940948486,0.10648172348737717,0.2731834948062897,21.5914249420166
1763323512.3894467,-0.04185058009600484,0.0,0.04185058009600484,0.6690832458436489,0.6659043252468109,0.6085777282714844,0.6063783168792725,0.11635981500148773,0.5928281545639038,21.268606185913086
1763323512.4105885,-0.04234783249405027,0.0,0.04234783249405027,0.6616198390722274,0.6533349638804793,0.6118768453598022,0.6129765510559082,0.12572996318340302,0.8453878164291382,20.900726318359375
1763323512.4317448,-0.042870834471865696,0.0,0.042870834471865696,0.6749072361737489,0.6357497198507189,0.6162756681442261,0.6140762567520142,0.10503105074167252,0.6194924116134644,20.929336547851562
1763323512.4529264,-0.043324918141879644,0.0,0.043324918141879644,0.6883648436516523,0.6591257469728589,0.6217741966247559,0.617375373840332,0.22909414768218994,0.4792308509349823,20.961999893188477
1763323512.4741538,-0.04379218497779302,0.0,0.04379218497779302,0.7,0.6316597459837794,0.6228739023208618,0.6206744909286499,0.20997963845729828,0.5079134106636047,21.005868911743164
1763323512.5060892,-0.044705977628659674,0.0,0.044705977628659674,0.6839128367602825,0.620940157957375,0.6239736080169678,0.6217741966247559,0.2473166435956955,0.5910805463790894,21.619081497192383
1763323512.528206,-0.045174218635216194,0.0,0.045174218635216194,0.6775227261707186,0.6909401579573751,0.6305718421936035,0.6250733137130737,0.28267335891723633,0.4437544345855713,21.876096725463867
1763323512.5497901,-0.04564300866262494,0.0,0.04564300866262494,0.6768134345067665,0.6724144681170583,0.6305718421936035,0.6261730194091797,0.3201146721839905,0.5839159488677979,21.352767944335938
1763323512.5728161,-0.046099825117803604,0.0,0.046099825117803604,0.6975691129220649,0.6660011508315802,0.6316715478897095,0.6239736080169678,0.14551863074302673,0.4427506923675537,22.78590202331543
1763323512.592709,-0.04653628561495137,0.0,0.04653628561495137,0.7,0.6701316195353866,0.6316715478897095,0.6250733137130737,0.2744547724723816,0.6508666276931763,19.59514617919922
1763323512.6178741,-0.046947104392087685,0.0,0.046947104392087685,0.7,0.6465728054568172,0.6349706649780273,0.6261730194091797,0.3885682225227356,0.9010434746742249,24.881839752197266
1763323512.653349,-0.04768150402740924,0.0,0.04768150402740924,0.6923821766860783,0.7,0.6349706649780273,0.6272727251052856,0.37464508414268494,0.6354472041130066,25.14338493347168
1763323512.6755426,-0.047987308844009785,0.0,0.047987308844009785,0.6821112141944468,0.7,0.6349706649780273,0.6272727251052856,0.3330412209033966,0.6205282211303711,21.906375885009766
1763323512.6975024,-0.04826913517998535,0.0,0.04826913517998535,0.6606649079360067,0.6299999999999999,0.6382697820663452,0.6272727251052856,0.32562360167503357,0.8781293034553528,21.722793579101562
1763323512.7200234,-0.04852687902955558,0.0,0.04852687902955558,0.6784756251610815,0.6638160470128058,0.6360703706741333,0.6272727251052856,0.3883095979690552,0.6434218287467957,22.26996421813965
1763323512.7519627,-0.04897281715793777,0.0,0.04897281715793777,0.6959003743715584,0.7,0.6382697820663452,0.6294721364974976,0.33110058307647705,0.49948975443840027,21.667003631591797
1763323512.7737541,-0.04916331710587752,0.0,0.04916331710587752,0.6868716024793684,0.6356691837310791,0.6393694877624512,0.6283724308013916,0.3117614686489105,0.6403266191482544,21.55613899230957
1763323512.7867713,-0.04933406136437809,0.0,0.04933406136437809,0.6711726163513958,0.6663049094378948,0.6393694877624512,0.6283724308013916,0.39025750756263733,0.8004190921783447,12.782812118530273
1763323512.8017535,-0.049486583760919925,0.0,0.049486583760919925,0.7,0.6815757945179939,0.6382697820663452,0.6305718421936035,0.3753376007080078,0.631324291229248,11.513233184814453
1763323512.8259704,-0.049622429897282216,0.0,0.049622429897282216,0.7,0.6902346953749656,0.6404691934585571,0.6316715478897095,0.30353814363479614,0.5776396989822388,15.732288360595703
1763323512.8516388,-0.0497431128192709,0.0,0.0497431128192709,0.69954255647026,0.7,0.642668604850769,0.6316715478897095,0.27483069896698,0.42048537731170654,21.352291107177734
1763323512.8733916,-0.04989051098447948,0.0,0.04989051098447948,0.687577581545338,0.7,0.6415688991546631,0.6316715478897095,0.2089613378047943,0.5307214856147766,21.51179313659668
1763323512.8955762,-0.050018485834767444,0.0,0.050018485834767444,0.65397818996571,0.7,0.6415688991546631,0.6327712535858154,0.26950156688690186,0.4800848960876465,21.93164825439453
1763323512.9167874,-0.050163691404065895,0.0,0.050163691404065895,0.6771270656492561,0.6492704682052135,0.6415688991546631,0.6327712535858154,0.2055814415216446,0.679763913154602,20.972251892089844
1763323512.9381225,-0.05031703821614533,0.0,0.05031703821614533,0.6949597490485757,0.6410627372562885,0.643768310546875,0.6338709592819214,0.22624412178993225,0.6175782680511475,21.110057830810547
1763323512.959363,-0.050623995073441064,0.0,0.050623995073441064,0.6653662943746894,0.6722132943570613,0.642668604850769,0.6349706649780273,0.22743012011051178,0.627963662147522,21.01588249206543
1763323512.9805326,-0.05076992764287025,0.0,0.05076992764287025,0.7,0.6894917160272598,0.642668604850769,0.6349706649780273,0.2932444214820862,0.53941810131073,20.944833755493164
1763323513.0127676,-0.050907802123343796,0.0,0.050907802123343796,0.6773147888481617,0.644912165403366,0.6459677219390869,0.6371700763702393,0.4037584364414215,0.47070568799972534,21.83818817138672
1763323513.034689,-0.05103644594568134,0.0,0.05103644594568134,0.6776897088740952,0.6785930551588535,0.644868016242981,0.6371700763702393,0.29295074939727783,0.8735926151275635,21.683692932128906
1763323513.0562043,-0.05115528793929776,0.0,0.05115528793929776,0.6209674180601723,0.6842790816910564,0.6459677219390869,0.6371700763702393,0.2233934998512268,0.7051622867584229,21.27838134765625
1763323513.0774615,-0.05126418970643988,0.0,0.05126418970643988,0.6225054180133156,0.6478856665082275,0.6459677219390869,0.6382697820663452,0.305498331785202,0.8326476812362671,21.01922035217285
1763323513.0990443,-0.051363317092350154,0.0,0.051363317092350154,0.6056658187764696,0.6700203710235655,0.6481671929359436,0.6393694877624512,0.31649941205978394,1.2608660459518433,21.33941650390625
1763323513.1202757,-0.051527766659881284,0.0,0.051527766659881284,0.5898107020067982,0.6760148171335458,0.643768310546875,0.6404691934585571,0.11412195861339569,1.0721518993377686,21.00348472595215
1763323513.1414375,-0.051598750904215174,0.0,0.051598750904215174,0.6214046506094746,0.6753769533126615,0.644868016242981,0.6393694877624512,0.2342502772808075,1.0008152723312378,20.936012268066406
1763323513.1735172,-0.05166272419619674,0.0,0.05166272419619674,0.6014217352378182,0.6869650247856043,0.643768310546875,0.642668604850769,0.2356104999780655,0.7831158638000488,21.817684173583984
1763323513.195719,-0.051720141808600496,0.0,0.051720141808600496,0.5872428500908426,0.6979881718172691,0.6261730194091797,0.643768310546875,0.17697791755199432,0.7672306895256042,21.946430206298828
1763323513.217267,-0.05177149273922242,0.0,0.05177149273922242,0.6298746066051535,0.7,0.619574785232544,0.643768310546875,0.21899735927581787,1.3633959293365479,21.30746841430664
1763323513.2385602,-0.05185798684910152,0.0,0.05185798684910152,0.6503914957749657,0.7,0.6107771396636963,0.643768310546875,0.21881088614463806,0.41647130250930786,21.05093002319336
1763323513.2597432,-0.05185367243353667,0.0,0.05185367243353667,0.7,0.7,0.6030791997909546,0.643768310546875,0.2053515762090683,0.4122569262981415,20.95174789428711
1763323513.2810493,-0.051818198419813534,0.0,0.051818198419813534,0.6982373722596094,0.7,0.5942815542221069,0.6459677219390869,0.2479204684495926,0.5402088761329651,21.083593368530273
1763323513.3025348,-0.051787398975404526,0.0,0.051787398975404526,0.6679961939109489,0.7,0.5964809656143188,0.6459677219390869,0.2320394068956375,0.5853854417800903,21.26145362854004
1763323513.334949,-0.0517352756090395,0.0,0.0517352756090395,0.6819325933931395,0.7,0.592082142829895,0.6481671929359436,0.1816999614238739,0.5012727975845337,22.015094757080078
1763323513.3567147,-0.05166971476968306,0.0,0.05166971476968306,0.6822199484333396,0.6808197151869535,0.5975806713104248,0.6481671929359436,0.2949121296405792,0.5721645355224609,21.523475646972656
1763323513.3783305,-0.05159654837358162,0.0,0.05159654837358162,0.6721875339746475,0.6302588310092687,0.5942815542221069,0.6492668986320496,0.31971046328544617,0.49285393953323364,21.378755569458008
1763323513.3998334,-0.051443193636312765,0.0,0.051443193636312765,0.656338744610548,0.6313316264888271,0.5975806713104248,0.6492668986320496,0.2909373342990875,0.6024181246757507,21.262407302856445
1763323513.4210775,-0.0513681670896546,0.0,0.0513681670896546,0.6634223459288477,0.6195739034330472,0.6019794940948486,0.6514663100242615,0.41407832503318787,1.0930473804473877,21.015405654907227
1763323513.4423614,-0.05129637325562287,0.0,0.05129637325562287,0.6917204650118947,0.6168237155536189,0.6030791997909546,0.6514663100242615,0.3441265821456909,1.1057522296905518,21.05426788330078
1763323513.4634907,-0.05122871691936935,0.0,0.05122871691936935,0.7,0.6417397143552079,0.6074780225753784,0.6470674276351929,0.5272467136383057,1.1514739990234375,20.90287208557129
1763323513.4956608,-0.051107612983277664,0.0,0.051107612983277664,0.7,0.6523361517349258,0.6162756681442261,0.6404691934585571,0.6858532428741455,0.9586684107780457,21.821022033691406
1763323513.517355,-0.051107612983277664,0.0,0.051107612983277664,0.7,0.6358583564171567,0.6206744909286499,0.6327712535858154,0.48487234115600586,0.9868773818016052,21.452665328979492
1763323513.5374265,-0.051057165172589146,0.0,0.051057165172589146,0.7,0.6709840068826451,0.6228739023208618,0.6294721364974976,0.6169319152832031,1.0391969680786133,19.841670989990234
1763323513.5590224,-0.05096806470028852,0.0,0.05096806470028852,0.7,0.6636424483032897,0.6283724308013916,0.6250733137130737,0.7254640460014343,1.4205679893493652,21.448135375976562
1763323513.5811272,-0.05092935575238622,0.0,0.05092935575238622,0.6981281802756711,0.6646687133936211,0.6327712535858154,0.6217741966247559,0.9634548425674438,1.335629940032959,21.870136260986328
1763323513.5945063,-0.05089435223770552,0.0,0.05089435223770552,0.6539064326090738,0.6202353394357487,0.6360703706741333,0.6239736080169678,0.991672933101654,1.4056652784347534,13.103961944580078
1763323513.6070187,-0.050862844958317124,0.0,0.050862844958317124,0.5901806481881067,0.6024245085893198,0.6360703706741333,0.6239736080169678,0.7859408259391785,1.3077237606048584,12.34889030456543
1763323513.636765,-0.05087502436721552,0.0,0.05087502436721552,0.5846870012348517,0.6609995464561507,0.642668604850769,0.6239736080169678,0.5624133944511414,1.129809021949768,23.019790649414062
1763323513.6600325,-0.05087502436721552,0.0,0.05087502436721552,0.586164479306899,0.6666885522892698,0.6459677219390869,0.6239736080169678,0.42571577429771423,0.7699161171913147,23.012161254882812
1763323513.6828933,-0.05097917015030348,0.0,0.05097917015030348,0.5798913246719166,0.7,0.6415688991546631,0.6228739023208618,0.577299177646637,0.9766674041748047,22.602081298828125
1763323513.7078912,-0.051053192863388594,0.0,0.051053192863388594,0.5321970327524468,0.7,0.643768310546875,0.619574785232544,0.27476781606674194,0.6581915616989136,24.75285530090332
1763323513.747878,-0.05112798536023707,0.0,0.05112798536023707,0.5093331734417006,0.6746512304991483,0.643768310546875,0.618475079536438,0.29953476786613464,2.4119820594787598,29.65378761291504
1763323513.7834039,-0.051132634762862936,0.0,0.051132634762862936,0.5196826641215011,0.6162023309618234,0.5832844376564026,0.6228739023208618,0.24385309219360352,1.341997504234314,25.191068649291992
1763323513.8071346,-0.05111489471199837,0.0,0.05111489471199837,0.5266006157500669,0.5817778918892145,0.5612903237342834,0.6217741966247559,0.32447218894958496,1.7166051864624023,23.4525203704834
1763323513.830837,-0.05104913802247404,0.0,0.05104913802247404,0.5216715686721727,0.5912898385897278,0.5239002704620361,0.6239736080169678,0.11460372805595398,0.8006153106689453,23.462533950805664
1763323513.8625026,-0.05079456471323515,0.0,0.05079456471323515,0.5878301688237115,0.6178220322355628,0.5151026248931885,0.619574785232544,0.19092108309268951,0.3514525592327118,21.391630172729492
1763323513.8841672,-0.05059995747658677,0.0,0.05059995747658677,0.6387657650513574,0.5478220322355627,0.5151026248931885,0.6140762567520142,0.37247544527053833,1.2135754823684692,21.437883377075195
1763323513.8959157,-0.05006107231191137,0.0,0.05006107231191137,0.6474239841802045,0.584407344572246,0.5151026248931885,0.6140762567520142,0.191523939371109,0.9617357850074768,11.523962020874023
1763323513.9122553,-0.049014265394106145,0.0,0.049014265394106145,0.7,0.6310969368740915,0.5162023305892944,0.6074780225753784,0.3122793138027191,0.4239102602005005,11.205911636352539
1763323513.941342,-0.04764225445426391,0.0,0.04764225445426391,0.7,0.6900342517718672,0.5151026248931885,0.5986803770065308,0.38257110118865967,0.8195640444755554,20.287513732910156
1763323513.9530423,-0.04645103952719014,0.0,0.04645103952719014,0.7,0.7,0.5151026248931885,0.5755864977836609,0.2693212330341339,0.4836887717247009,11.56306266784668
1763323513.9728746,-0.04504627915630019,0.0,0.04504627915630019,0.7,0.7,0.5249999761581421,0.573387086391449,0.19447973370552063,0.4362907409667969,11.815309524536133
1763323513.9981794,-0.043530216610623576,0.0,0.043530216610623576,0.7,0.7,0.5381965041160583,0.5744867920875549,0.1332646906375885,0.36103957891464233,17.12179183959961
1763323514.0229483,-0.04193637351971383,0.0,0.04193637351971383,0.7,0.7,0.5502932667732239,0.573387086391449,0.21611513197422028,0.48636704683303833,21.814584732055664
1763323514.044557,-0.04037093905065952,0.0,0.04037093905065952,0.7,0.6965772789437323,0.5667888522148132,0.5711876749992371,0.2289452850818634,0.46037599444389343,21.371126174926758
1763323514.0658252,-0.03886649351336266,0.0,0.03886649351336266,0.7,0.6640396845061332,0.5832844376564026,0.5788856148719788,0.2649824321269989,0.410811185836792,21.026134490966797
1763323514.087885,-0.037484487097194576,0.0,0.037484487097194576,0.7,0.6698217005934566,0.5986803770065308,0.5821847319602966,0.29231613874435425,0.4918360114097595,21.831274032592773
1763323514.1097791,-0.036223947130083374,0.0,0.036223947130083374,0.7,0.6572870393749326,0.618475079536438,0.5964809656143188,0.1708754003047943,0.591751754283905,21.66891098022461
1763323514.1295342,-0.0351214246783788,0.0,0.0351214246783788,0.7,0.6783881676848977,0.6283724308013916,0.6019794940948486,0.28715020418167114,0.7798382639884949,19.51766014099121
1763323514.1414483,-0.03415771496175802,0.0,0.03415771496175802,0.7,0.6710084393154829,0.6283724308013916,0.6019794940948486,0.39771679043769836,0.5661582350730896,11.75236701965332
1763323514.153254,-0.03335624822154839,0.0,0.03335624822154839,0.7,0.7,0.6338709592819214,0.6096774339675903,0.4457322657108307,0.6210681796073914,11.658668518066406
1763323514.1754105,-0.03266039433528079,0.0,0.03266039433528079,0.6299999999999999,0.7,0.6393694877624512,0.6162756681442261,0.2410782128572464,0.6820558309555054,14.354467391967773
1763323514.2048225,-0.0320844367375803,0.0,0.0320844367375803,0.6425686181709169,0.7,0.642668604850769,0.619574785232544,0.24891328811645508,0.5327034592628479,23.671865463256836
1763323514.2282267,-0.031647363956932094,0.0,0.031647363956932094,0.6129306369647383,0.7,0.6481671929359436,0.6250733137130737,0.2612025737762451,0.5179384350776672,23.148536682128906
1763323514.251373,-0.03131827685823222,0.0,0.03131827685823222,0.5916585792973637,0.6874878469854593,0.6492668986320496,0.6338709592819214,0.18414358794689178,0.34362149238586426,22.8879451751709
1763323514.2847972,-0.03089204694905651,0.0,0.03089204694905651,0.59240755362669,0.7,0.6503666043281555,0.6360703706741333,0.14729149639606476,0.664716899394989,23.156166076660156
1763323514.3070765,-0.03076085389362354,0.0,0.03076085389362354,0.6566946573392487,0.691934660822153,0.6470674276351929,0.6393694877624512,0.12447819113731384,0.36647772789001465,22.00150489807129
1763323514.3307474,-0.030708016643677616,0.0,0.030708016643677616,0.6087665177718735,0.7,0.6415688991546631,0.643768310546875,0.1779516637325287,0.26931118965148926,23.411273956298828
1763323514.3540397,-0.03071099632251451,0.0,0.03071099632251451,0.6560301735834217,0.6469099789857864,0.6327712535858154,0.6459677219390869,0.11282122135162354,0.8281940817832947,23.038625717163086
1763323514.3881805,-0.030779685076108666,0.0,0.030779685076108666,0.6870377596304751,0.5975454308092594,0.6327712535858154,0.6470674276351929,0.1295805275440216,0.3098433017730713,23.76532554626465
1763323514.4118717,-0.030803143017306477,0.0,0.030803143017306477,0.6615091703669167,0.5922645892016589,0.617375373840332,0.6459677219390869,0.11591432243585587,0.53654545545578,23.438453674316406
1763323514.430593,-0.030816180896269824,0.0,0.030816180896269824,0.6856171220378018,0.5448712821118533,0.617375373840332,0.6470674276351929,0.36272814869880676,0.7860046625137329,18.474817276000977
1763323514.4419088,-0.03082163759206324,0.0,0.03082163759206324,0.6513112366036511,0.5859307202510535,0.617375373840332,0.6470674276351929,0.3254554569721222,0.6615740656852722,11.169195175170898
1763323514.466308,-0.030821684735790812,0.0,0.030821684735790812,0.6326515126810408,0.5759480635635554,0.6129765510559082,0.6481671929359436,0.26263105869293213,0.8431465029716492,22.052526473999023
1763323514.4897633,-0.03081797326807766,0.0,0.03081797326807766,0.5804063092754221,0.6380430313758552,0.6162756681442261,0.6228739023208618,0.18041647970676422,0.6442685127258301,23.198604583740234
1763323514.5125213,-0.030811748957769974,0.0,0.030811748957769974,0.5994518708274699,0.6792492273263633,0.6151759624481201,0.6030791997909546,0.21882466971874237,0.4789717495441437,22.497177124023438
1763323514.535556,-0.03080394331722197,0.0,0.03080394331722197,0.5571768294856883,0.7,0.6151759624481201,0.5887829661369324,0.1612030565738678,0.4106905460357666,22.790908813476562
1763323514.5692148,-0.030678285220104122,0.0,0.030678285220104122,0.5644345965073443,0.7,0.6118768453598022,0.572287380695343,0.09745583683252335,0.3882584571838379,23.38695526123047
1763323514.5929303,-0.030544306917164123,0.0,0.030544306917164123,0.5213404159829951,0.6981154379202053,0.6151759624481201,0.5777859091758728,0.1296643316745758,0.22314171493053436,23.459196090698242
1763323514.6150086,-0.030373958459306828,0.0,0.030373958459306828,0.5511650733486748,0.6977672967943362,0.5997800827026367,0.573387086391449,0.1036088690161705,0.7561887502670288,21.816730499267578
1763323514.6363368,-0.030226057578992462,0.0,0.030226057578992462,0.6150976486341095,0.674285946402233,0.5810850262641907,0.5821847319602966,0.10324476659297943,2.6864852905273438,21.10147476196289
1763323514.667645,-0.02987083540503266,0.0,0.02987083540503266,0.6045453987852669,0.651839986431878,0.5447947382926941,0.592082142829895,0.07475206255912781,0.9472854733467102,20.863056182861328
1763323514.6895828,-0.029683776352279086,0.0,0.029683776352279086,0.6341682795272208,0.6232840381446294,0.5403959155082703,0.5997800827026367,0.15563447773456573,0.3730149567127228,21.683216094970703
1763323514.7114415,-0.029499238236271198,0.0,0.029499238236271198,0.624834640121553,0.5608913674834184,0.5513929724693298,0.6074780225753784,0.14145047962665558,0.5962681770324707,21.611690521240234
1763323514.7327833,-0.02928088669533025,0.0,0.02928088669533025,0.6048049276531673,0.5789147484931163,0.5403959155082703,0.6151759624481201,0.2694263458251953,0.6580973863601685,21.10886573791504
1763323514.7539732,-0.029044803642992903,0.0,0.029044803642992903,0.6374675987125373,0.6003965437295846,0.5436950325965881,0.6217741966247559,0.24402177333831787,0.6976284980773926,20.964622497558594
1763323514.7752056,-0.028802626573696782,0.0,0.028802626573696782,0.604750903493259,0.6269851811113767,0.5502932667732239,0.6250733137130737,0.27380940318107605,0.6211988925933838,21.010637283325195
1763323514.7966247,-0.02856259927044347,0.0,0.02856259927044347,0.6174179475591517,0.6080650240066461,0.546994149684906,0.6261730194091797,0.16021795570850372,0.46803200244903564,21.193981170654297
1763323514.8273234,-0.028217604382329266,0.0,0.028217604382329266,0.676079501567874,0.610594398563262,0.5546920895576477,0.6228739023208618,0.28875264525413513,0.7107542157173157,20.316362380981445
1763323514.8488748,-0.028084579585208425,0.0,0.028084579585208425,0.6748831220273859,0.6258738331845961,0.5590909123420715,0.6228739023208618,0.34509727358818054,0.7060229778289795,21.311044692993164
1763323514.870524,-0.027979719266334364,0.0,0.027979719266334364,0.6724447572440839,0.5821458056918345,0.573387086391449,0.6140762567520142,0.3037344813346863,0.8796710968017578,21.410703659057617
1763323514.8921793,-0.02789718502529331,0.0,0.02789718502529331,0.7,0.6010176904848776,0.5799853205680847,0.6041789054870605,0.33957311511039734,1.0482431650161743,21.424293518066406
1763323514.9134328,-0.027832333222035415,0.0,0.027832333222035415,0.6562540762126445,0.600061908934731,0.5887829661369324,0.6008797883987427,0.26670169830322266,0.8319674730300903,21.0111141204834
1763323514.9346194,-0.027781472456312295,0.0,0.027781472456312295,0.5862540762126445,0.6148458380368538,0.5986803770065308,0.5986803770065308,0.18077214062213898,0.5703309774398804,20.94745635986328
1763323514.95577,-0.027741670021462907,0.0,0.027741670021462907,0.5502613756060599,0.5462179888156242,0.6052786111831665,0.5876832604408264,0.20842288434505463,0.6282161474227905,20.929574966430664
1763323514.9768114,-0.027710597475713004,0.0,0.027710597475713004,0.5546861734427511,0.5614500293624587,0.6129765510559082,0.5887829661369324,0.15639783442020416,0.7300255298614502,20.819425582885742
1763323515.0079386,-0.02766763542337122,0.0,0.02766763542337122,0.5869385894574224,0.6314500293624588,0.619574785232544,0.5854838490486145,0.15438039600849152,1.2248600721359253,20.732879638671875
1763323515.0299103,-0.027653121358907497,0.0,0.027653121358907497,0.5859392572846263,0.61649343584897,0.6217741966247559,0.5843841433525085,0.26017463207244873,0.470180481672287,21.750688552856445
1763323515.0515447,-0.02764194731080088,0.0,0.02764194731080088,0.605347248604521,0.6603596827876754,0.6228739023208618,0.572287380695343,0.2310611605644226,0.5157071352005005,21.399259567260742
1763323515.0727098,-0.027632245716947723,0.0,0.027632245716947723,0.6197097197826951,0.6890898424130865,0.6239736080169678,0.5744867920875549,0.23265612125396729,0.5635641813278198,20.925045013427734
1763323515.094332,-0.027624964492048917,0.0,0.027624964492048917,0.6339302154909818,0.6576149764400907,0.618475079536438,0.5667888522148132,0.224506676197052,0.5684771537780762,21.390199661254883
1763323515.115511,-0.027619556303955645,0.0,0.027619556303955645,0.7,0.691671885822434,0.6118768453598022,0.572287380695343,0.2383144199848175,0.4708574116230011,20.952701568603516
1763323515.136873,-0.027615591622785363,0.0,0.027615591622785363,0.7,0.7,0.6085777282714844,0.5755864977836609,0.2576632797718048,0.485630065202713,21.13962173461914
1763323515.1682243,-0.027610720796121348,0.0,0.027610720796121348,0.7,0.6761129394173622,0.6085777282714844,0.573387086391449,0.2723059058189392,0.36557701230049133,20.952224731445312
1763323515.190125,-0.027609347020323312,0.0,0.027609347020323312,0.6638094380497932,0.6965462647378444,0.6063783168792725,0.5854838490486145,0.15592017769813538,0.3860229253768921,21.659374237060547
1763323515.2117095,-0.02760845362754503,0.0,0.02760845362754503,0.6522779434919357,0.7,0.6085777282714844,0.593181848526001,0.16659049689769745,0.346824586391449,21.346569061279297
1763323515.233678,-0.027607917444680514,0.0,0.027607917444680514,0.7,0.7,0.6107771396636963,0.6008797883987427,0.16919094324111938,0.5688319206237793,21.7282772064209
1763323515.2587214,-0.02760764350387213,0.0,0.02760764350387213,0.7,0.7,0.6085777282714844,0.6085777282714844,0.1283714771270752,0.2936595678329468,24.783849716186523
1763323515.3254778,-0.027607485502567503,0.0,0.027607485502567503,0.7,0.6326090812683105,0.6129765510559082,0.6272727251052856,0.1195816621184349,0.23484466969966888,53.20906639099121
1763323515.3485029,-0.027894448083828606,0.0,0.027894448083828606,0.7,0.5860617093741893,0.619574785232544,0.6382697820663452,0.13078416883945465,0.288524329662323,12.80522346496582
1763323515.3720067,-0.028033312505917528,0.0,0.028033312505917528,0.6931726669892668,0.6083416052162647,0.6217741966247559,0.6404691934585571,0.16500185430049896,0.6975482106208801,16.312837600708008
1763323515.406776,-0.02819950805627649,0.0,0.02819950805627649,0.6610087564215064,0.6522842168807983,0.6272727251052856,0.643768310546875,0.15679717063903809,0.42999550700187683,30.996322631835938
1763323515.4423716,-0.028566484790933048,0.0,0.028566484790933048,0.6136323323473334,0.6281952902674675,0.6294721364974976,0.6404691934585571,0.12389820069074631,0.483298122882843,25.206327438354492
1763323515.467839,-0.028751491438251665,0.0,0.028751491438251665,0.6222157057374715,0.5888658881187439,0.6327712535858154,0.6415688991546631,0.09241551905870438,0.6023862361907959,25.191783905029297
1763323515.5040724,-0.029101448993726103,0.0,0.029101448993726103,0.6308220762759447,0.6147506617009639,0.6360703706741333,0.6404691934585571,0.21317952871322632,0.5118781924247742,25.933265686035156
1763323515.5296235,-0.02924960304019195,0.0,0.02924960304019195,0.6140089582651853,0.5499135188758373,0.6371700763702393,0.6371700763702393,0.3941776156425476,0.9036158323287964,25.27308464050293
1763323515.5649498,-0.02952183126145792,0.0,0.02952183126145792,0.6216698198579251,0.5005459643900394,0.6404691934585571,0.6118768453598022,0.35568779706954956,1.4387879371643066,24.991273880004883
1763323515.5899186,-0.029643775981677847,0.0,0.029643775981677847,0.5790965392254293,0.48762280289083715,0.6371700763702393,0.593181848526001,0.33910027146339417,1.4337962865829468,24.708986282348633
1763323515.6241066,-0.02981748855891692,0.0,0.02981748855891692,0.5689645868726074,0.41992611233144994,0.6371700763702393,0.5535923838615417,1.5328257083892822,2.216602325439453,23.784399032592773
1763323515.6407585,-0.029842646372348926,0.0,0.029842646372348926,0.558217682223767,0.44821199569851156,0.6371700763702393,0.52829909324646,0.9797463417053223,1.7840313911437988,16.391754150390625
1763323515.6593812,-0.02980132293494181,0.0,0.02980132293494181,0.49105129418894644,0.45500871334224935,0.6239736080169678,0.5118035078048706,1.1185961961746216,1.699550747871399,18.47553253173828
1763323515.6835573,-0.029714911996876883,0.0,0.029714911996876883,0.5033132818527519,0.49611908737570043,0.6030791997909546,0.4909090995788574,0.42812463641166687,1.0520918369293213,23.3614444732666
1763323515.7082586,-0.029559033613845615,0.0,0.029559033613845615,0.48558348538354035,0.4798469485715031,0.573387086391449,0.44472140073776245,0.3012552559375763,1.2608528137207031,24.452924728393555
1763323515.7305853,-0.029318584760901135,0.0,0.029318584760901135,0.5170095426030457,0.4120083766058087,0.573387086391449,0.44472140073776245,0.5126861333847046,1.7909257411956787,22.035598754882812
1763323515.7630544,-0.02880404992843576,0.0,0.02880404992843576,0.5380322814919054,0.3420083766058087,0.5151026248931885,0.4491202235221863,1.6094800233840942,3.3324661254882812,22.069692611694336
1763323515.7799408,-0.028398530311758242,0.0,0.028398530311758242,0.4680322814919054,0.362725772075355,0.500806450843811,0.4436216950416565,1.2010002136230469,3.726412057876587,16.64113998413086
1763323515.8029323,-0.0278939867838171,0.0,0.0278939867838171,0.45404754916205997,0.3429624122753739,0.4920088052749634,0.44472140073776245,0.8914958834648132,2.663543939590454,22.045373916625977
1763323515.824585,-0.027333960376583217,0.0,0.027333960376583217,0.41431081259623165,0.4129624122753739,0.4986070394515991,0.44692081212997437,0.7750586271286011,2.506326198577881,21.41261100769043
1763323515.8459363,-0.02670972818324488,0.0,0.02670972818324488,0.40212551189586515,0.4196445441804826,0.4920088052749634,0.4249266982078552,0.513795793056488,2.304990291595459,21.106481552124023
1763323515.867077,-0.026097779381534833,0.0,0.026097779381534833,0.47212551189586516,0.4668411149643361,0.4832111597061157,0.39633429050445557,0.43149736523628235,1.580888271331787,20.911216735839844
1763323515.8888118,-0.025470062328165347,0.0,0.025470062328165347,0.5270722548477351,0.43639901122078295,0.45241934061050415,0.385337233543396,0.2538866698741913,1.170701265335083,21.51012420654297
1763323515.9118118,-0.02480750847141775,0.0,0.02480750847141775,0.5535876157693564,0.4293922347016632,0.44692081212997437,0.3875366449356079,0.5444332957267761,1.8040432929992676,22.75562286376953
1763323515.9439545,-0.023481890660965586,0.0,0.023481890660965586,0.6235876157693565,0.42045619180425997,0.45461875200271606,0.38643693923950195,0.4532080590724945,1.3145145177841187,21.847248077392578
1763323515.9658566,-0.022912049475647674,0.0,0.022912049475647674,0.6514887939952314,0.4900333045981824,0.4513196349143982,0.38643693923950195,0.39241355657577515,1.227036952972412,21.661758422851562
1763323515.9878945,-0.02235711122088531,0.0,0.02235711122088531,0.7,0.48120153164491053,0.4634163975715637,0.3974339962005615,0.5244289636611938,1.589847207069397,21.795988082885742
1763323516.010016,-0.021827149588707753,0.0,0.021827149588707753,0.6708333387970924,0.5478899276815354,0.4634163975715637,0.3974339962005615,0.335799902677536,0.9960957169532776,21.878719329833984
1763323516.0323987,-0.02132850331217107,0.0,0.02132850331217107,0.6679042173083871,0.549742557737045,0.4766128659248352,0.40953075885772705,0.2724432349205017,0.7681077718734741,22.125244140625
1763323516.0663834,-0.020437454395677596,0.0,0.020437454395677596,0.6776686250697821,0.5404862609459087,0.5228005647659302,0.43702346086502075,0.1704568713903427,0.7114224433898926,23.65875244140625
1763323516.0904999,-0.020087171214567684,0.0,0.020087171214567684,0.691166686406359,0.5878310163272544,0.5590909123420715,0.4766128659248352,0.18378913402557373,0.8614786267280579,23.857593536376953
1763323516.114151,-0.01984003881950393,0.0,0.01984003881950393,0.7,0.5732304683653637,0.5744867920875549,0.4942082166671753,0.23984470963478088,0.6434876322746277,23.377180099487305
1763323516.1478379,-0.01970913344807373,0.0,0.01970913344807373,0.6957180153578519,0.5828191960928961,0.5865835547447205,0.5107038021087646,0.15891993045806885,0.26386117935180664,23.358821868896484
1763323516.171234,-0.019834908154866843,0.0,0.019834908154866843,0.7,0.6357614869950339,0.5964809656143188,0.5249999761581421,0.15195788443088531,0.5301120281219482,23.134231567382812
1763323516.1953409,-0.01994410896648538,0.0,0.01994410896648538,0.7,0.5938336799619719,0.6129765510559082,0.5513929724693298,0.12193210422992706,0.7333623170852661,23.853540420532227
1763323516.2197294,-0.020542386841827538,0.0,0.020542386841827538,0.7,0.5826308239949867,0.6162756681442261,0.5612903237342834,0.14157086610794067,0.21435770392417908,14.131307601928711
1763323516.2368383,-0.020979287142168818,0.0,0.020979287142168818,0.6699435885995626,0.6160671856952831,0.619574785232544,0.5700879693031311,0.14004282653331757,0.5825287103652954,11.274576187133789
1763323516.2568612,-0.021457544867143415,0.0,0.021457544867143415,0.6468851536512374,0.662960644508712,0.6217741966247559,0.5777859091758728,0.12990908324718475,0.5648181438446045,11.291742324829102
1763323516.2770517,-0.021992352118855866,0.0,0.021992352118855866,0.6761893227696418,0.6734105680836364,0.6261730194091797,0.5843841433525085,0.08356209844350815,0.39605236053466797,11.484622955322266
1763323516.2969563,-0.02255234277658211,0.0,0.02255234277658211,0.7,0.6784342994680628,0.6261730194091797,0.5876832604408264,0.12587685883045197,1.2986092567443848,11.396646499633789
1763323516.3169136,-0.023115066840870033,0.0,0.023115066840870033,0.6560939744114875,0.6495296211680397,0.6272727251052856,0.5942815542221069,0.12175147235393524,0.6388489603996277,11.352062225341797
1763323516.3369222,-0.02370528684361087,0.0,0.02370528684361087,0.622791238874197,0.624866629182361,0.6272727251052856,0.5964809656143188,0.13260427117347717,1.2813146114349365,11.360645294189453
1763323516.3568382,-0.024299049801501486,0.0,0.024299049801501486,0.5802515603601932,0.6526248791953548,0.6294721364974976,0.5997800827026367,0.09432021528482437,2.153489351272583,11.275053024291992
1763323516.3767643,-0.024814569961030326,0.0,0.024814569961030326,0.6021904524415731,0.6403933727880939,0.6283724308013916,0.6052786111831665,0.12582024931907654,2.2565371990203857,11.202096939086914
1763323516.3968225,-0.025327212831370967,0.0,0.025327212831370967,0.5949268949218094,0.6330244873417541,0.6283724308013916,0.6063783168792725,0.10088086128234863,1.9778255224227905,11.26408576965332
1763323516.4168499,-0.025824346544581135,0.0,0.025824346544581135,0.6369906415231525,0.610317673231475,0.6283724308013916,0.6096774339675903,0.13407273590564728,2.4878242015838623,11.287689208984375
1763323516.4367316,-0.02629760599464576,0.0,0.02629760599464576,0.6357661978574469,0.5621123497141525,0.6283724308013916,0.6129765510559082,0.10072791576385498,1.4959781169891357,11.16943359375
1763323516.4568071,-0.026741810146342714,0.0,0.026741810146342714,0.6973724969895556,0.5748503233073279,0.6239736080169678,0.6151759624481201,0.15278899669647217,0.3256654143333435,11.245965957641602
1763323516.4767783,-0.0271541261033272,0.0,0.0271541261033272,0.7,0.565720021422021,0.6261730194091797,0.6151759624481201,0.12295356392860413,0.9820520281791687,11.217117309570312
1763323516.496832,-0.02753342660123593,0.0,0.02753342660123593,0.6644155949354171,0.5704817186808213,0.6250733137130737,0.6129765510559082,0.1489853411912918,0.4235469698905945,11.273384094238281
1763323516.5289469,-0.027920226683915476,0.0,0.027920226683915476,0.6173424877226352,0.5928333598887547,0.6261730194091797,0.6063783168792725,0.1230863407254219,0.30733153223991394,23.385286331176758
1763323516.5520983,-0.028261613855597018,0.0,0.028261613855597018,0.6665543548762798,0.6559603113448247,0.6261730194091797,0.6063783168792725,0.0778248980641365,0.41633206605911255,22.877931594848633
1763323516.5755007,-0.028562460885618604,0.0,0.028562460885618604,0.7,0.6406471740221604,0.6250733137130737,0.5766862034797668,0.09990458935499191,0.43860697746276855,23.144960403442383
1763323516.609417,-0.02905709199644118,0.0,0.02905709199644118,0.7,0.6698691297089681,0.6250733137130737,0.5689882636070251,0.10923954844474792,0.2870246171951294,23.630142211914062
1763323516.633098,-0.02921908961534665,0.0,0.02921908961534665,0.7,0.6861735388403758,0.6250733137130737,0.5700879693031311,0.09700143337249756,1.0313290357589722,23.388385772705078
1763323516.6560862,-0.029329674100951466,0.0,0.029329674100951466,0.7,0.6471433445578441,0.6239736080169678,0.5700879693031311,0.1379104107618332,0.38748085498809814,22.735118865966797
1763323516.6899688,-0.029444868423060995,0.0,0.029444868423060995,0.7,0.6406650512246415,0.6261730194091797,0.572287380695343,0.19300778210163116,0.7929701805114746,23.57792854309082
1763323516.713578,-0.029467012227156676,0.0,0.029467012227156676,0.6894455298781395,0.6648429955122992,0.6250733137130737,0.5788856148719788,0.17418931424617767,0.33084768056869507,23.354053497314453
1763323516.7365484,-0.029473923016542905,0.0,0.029473923016542905,0.6913196640554815,0.639904689672403,0.6261730194091797,0.5832844376564026,0.16507121920585632,0.339313268661499,22.705554962158203
1763323516.7687883,-0.029499273086780284,0.0,0.029499273086780284,0.6362117650453001,0.6458988880505785,0.6261730194091797,0.5876832604408264,0.1050458773970604,0.6463044881820679,21.932125091552734
1763323516.7906847,-0.029550664007675816,0.0,0.029550664007675816,0.6105509354267269,0.616412548511289,0.6250733137130737,0.593181848526001,0.12840774655342102,0.5732057690620422,21.658897399902344
1763323516.8124914,-0.029616112538780617,0.0,0.029616112538780617,0.6260131914634257,0.6115561711369082,0.6261730194091797,0.6041789054870605,0.09693361818790436,0.6371476650238037,21.572113037109375
1763323516.8338568,-0.029672936624466156,0.0,0.029672936624466156,0.5884564053732901,0.5766916560707613,0.6272727251052856,0.6096774339675903,0.10943083465099335,0.4750635623931885,21.126270294189453
1763323516.8549974,-0.02980957012949663,0.0,0.02980957012949663,0.5184564053732901,0.5496367166517302,0.6250733137130737,0.6140762567520142,0.24405483901500702,0.7101731896400452,20.906686782836914
1763323516.8762693,-0.02980957012949663,0.0,0.02980957012949663,0.5245617808494716,0.5556047341553494,0.6250733137130737,0.6151759624481201,0.16142316162586212,1.2016853094100952,21.046161651611328
1763323516.8976626,-0.02995259687277295,0.0,0.02995259687277295,0.5529195138905196,0.5054817541269585,0.6261730194091797,0.6151759624481201,0.4472351372241974,0.9186054468154907,21.164417266845703
1763323516.930334,-0.030021097598627824,0.0,0.030021097598627824,0.5920406536851077,0.5317585791228339,0.6250733137130737,0.6140762567520142,0.29604479670524597,0.8758538961410522,22.283077239990234
1763323516.952796,-0.030086032038022934,0.0,0.030086032038022934,0.6392115274164825,0.5348851160844788,0.5964809656143188,0.6118768453598022,0.35445624589920044,0.8884258270263672,22.233247756958008
1763323516.9755871,-0.030146778064401792,0.0,0.030146778064401792,0.5893568167183547,0.5462598727783188,0.5645894408226013,0.546994149684906,0.2731061577796936,0.8134956955909729,22.534608840942383
1763323516.9963434,-0.030203013946016467,0.0,0.030203013946016467,0.6121449855808168,0.5236568378051742,0.5557917952537537,0.5239002704620361,0.33567991852760315,0.7908815741539001,20.50495147705078
1763323517.0075395,-0.030045521013302042,0.0,0.030045521013302042,0.6384145276341586,0.49091457219328727,0.5557917952537537,0.5239002704620361,0.36327385902404785,0.8233436942100525,11.056661605834961
1763323517.0207522,-0.030045521013302042,0.0,0.030045521013302042,0.6660648224595933,0.5015181146329268,0.5623900294303894,0.5184017419815063,0.6444122195243835,1.7116177082061768,12.880802154541016
1763323517.051147,-0.029934163913912418,0.0,0.029934163913912418,0.7,0.5044500526739284,0.5568915009498596,0.5184017419815063,0.4003009498119354,1.5861896276474,23.183107376098633
1763323517.0744407,-0.029714752153876475,0.0,0.029714752153876475,0.6927853541448712,0.5237748787505552,0.5623900294303894,0.4986070394515991,0.3846432864665985,1.4986573457717896,23.03934097290039
1763323517.0977936,-0.02942607031535372,0.0,0.02942607031535372,0.7,0.5554181762738153,0.5601906180381775,0.49530792236328125,0.9936642646789551,1.7237458229064941,23.095130920410156
1763323517.1289194,-0.0287482371113137,0.0,0.0287482371113137,0.6845230365172028,0.6159230449004098,0.5645894408226013,0.48980939388275146,0.4448093771934509,1.330822229385376,20.807504653930664
1763323517.1526108,-0.02839526416731462,0.0,0.02839526416731462,0.6538832446560263,0.6859230449004099,0.5766862034797668,0.48760998249053955,0.29246801137924194,0.7028512954711914,23.41914176940918
1763323517.1756723,-0.02804858831057542,0.0,0.02804858831057542,0.6811570504680275,0.6846528963465244,0.5854838490486145,0.4887096881866455,0.20658524334430695,0.5727229118347168,22.816896438598633
1763323517.1991084,-0.027715422892753916,0.0,0.027715422892753916,0.7,0.7,0.5942815542221069,0.4942082166671753,0.19917188584804535,0.4167459011077881,23.18429946899414
1763323517.2330709,-0.0271467678147705,0.0,0.0271467678147705,0.7,0.697337142471224,0.6008797883987427,0.5063049793243408,0.17273451387882233,0.4691072106361389,23.61440658569336
1763323517.2566137,-0.02694240864329909,0.0,0.02694240864329909,0.7,0.7,0.6129765510559082,0.5359970927238464,0.18360327184200287,0.7275880575180054,23.248672485351562
1763323517.2712066,-0.026664053532250025,0.0,0.026664053532250025,0.7,0.7,0.6129765510559082,0.5359970927238464,0.11995258182287216,0.23861491680145264,14.365196228027344
1763323517.2952676,-0.026664053532250025,0.0,0.026664053532250025,0.6714323114603757,0.6299999999999999,0.6206744909286499,0.573387086391449,0.13146290183067322,0.4592089354991913,23.811817169189453
1763323517.316246,-0.02661892673613263,0.0,0.02661892673613263,0.6515246320515871,0.6431355402991175,0.6261730194091797,0.5865835547447205,0.12065201997756958,0.6871534585952759,20.730018615722656
1763323517.327434,-0.0266768748486681,0.0,0.0266768748486681,0.581524632051587,0.6205241979286074,0.6261730194091797,0.5865835547447205,0.13284114003181458,0.6757053732872009,11.04736328125
1763323517.3437958,-0.0266768748486681,0.0,0.0266768748486681,0.5942695654183625,0.596458317823708,0.6261730194091797,0.5997800827026367,0.18482892215251923,2.048384666442871,14.462947845458984
1763323517.3723855,-0.02682621488008118,0.0,0.02682621488008118,0.586314394250512,0.6195556205883621,0.6294721364974976,0.6085777282714844,0.12111275643110275,0.9352467060089111,22.961854934692383
1763323517.3964252,-0.027031499513300198,0.0,0.027031499513300198,0.5527108117192983,0.6021350325271486,0.6305718421936035,0.6228739023208618,0.09774079918861389,0.8618224859237671,23.778915405273438
1763323517.4194448,-0.027270231917117825,0.0,0.027270231917117825,0.5689675203710793,0.5443764553591608,0.6283724308013916,0.6261730194091797,0.1074325442314148,0.8440843224525452,22.763967514038086
1763323517.4527419,-0.02789447652107235,0.0,0.02789447652107235,0.6191403075307607,0.4778491036221384,0.6272727251052856,0.6250733137130737,0.08886181563138962,1.408310055732727,22.989511489868164
1763323517.4762225,-0.02823622879986666,0.0,0.02823622879986666,0.5670392430573701,0.5222169758006929,0.6162756681442261,0.6250733137130737,0.11923723667860031,0.432808518409729,23.231029510498047
1763323517.4998207,-0.028532946853665905,0.0,0.028532946853665905,0.531720942929387,0.49026208382099856,0.6063783168792725,0.618475079536438,0.17348873615264893,1.7333928346633911,23.349285125732422
1763323517.53329,-0.029135585279310868,0.0,0.029135585279310868,0.5750953509658574,0.4878204500954597,0.5997800827026367,0.5249999761581421,0.2083313912153244,1.0331579446792603,23.188114166259766
1763323517.5564628,-0.029384333174506786,0.0,0.029384333174506786,0.5874512885883449,0.4725942042376845,0.5898826718330383,0.5140029191970825,0.21758513152599335,1.010608196258545,22.91584014892578
1763323517.5798602,-0.029615348189743727,0.0,0.029615348189743727,0.6329865624383091,0.4717602981789968,0.5700879693031311,0.4964076280593872,0.36292964220046997,0.9769364595413208,23.125171661376953
1763323517.613233,-0.02956693474228662,0.0,0.02956693474228662,0.6955305581167339,0.48027909924974654,0.5656891465187073,0.4788122773170471,0.3303273916244507,1.6988945007324219,23.089170455932617
1763323517.6364982,-0.02940092069656198,0.0,0.02940092069656198,0.6255305581167339,0.44778896501054977,0.5634897351264954,0.4612169861793518,0.3786371946334839,2.1351723670959473,23.011207580566406
1763323517.6596158,-0.029157598859853286,0.0,0.029157598859853286,0.6324120531231163,0.4873435646831057,0.5623900294303894,0.45791786909103394,1.3498072624206543,2.674104690551758,22.867202758789062
1763323517.6824677,-0.02844333342272918,0.0,0.02844333342272918,0.5942723075300453,0.5368503891467116,0.5634897351264954,0.46011728048324585,0.3267262279987335,1.3869181871414185,22.596359252929688
1763323517.7126172,-0.028110601665818316,0.0,0.028110601665818316,0.636268346980214,0.548947736674454,0.5689882636070251,0.4513196349143982,0.6529967784881592,1.3580079078674316,19.898176193237305
1763323517.723971,-0.027745059290701632,0.0,0.027745059290701632,0.6551469112187622,0.590563990229275,0.5689882636070251,0.4513196349143982,0.4833024740219116,1.800755262374878,11.211872100830078
1763323517.7507272,-0.027366361132908096,0.0,0.027366361132908096,0.6394929414987562,0.5883230926073155,0.573387086391449,0.4590175747871399,0.5762362480163574,1.314548134803772,18.037080764770508
1763323517.7758756,-0.026988505775706877,0.0,0.026988505775706877,0.6708491346240042,0.6067735036439261,0.5788856148719788,0.46011728048324585,0.22064608335494995,0.8235148787498474,23.097991943359375
1763323517.7999518,-0.026621194149093978,0.0,0.026621194149093978,0.6461184429377316,0.5698516485816798,0.5843841433525085,0.4744134545326233,0.4375036060810089,0.8464406728744507,23.82969856262207
1763323517.8228905,-0.026049492425761666,0.0,0.026049492425761666,0.6356099307909606,0.6099692029482684,0.5865835547447205,0.4832111597061157,0.2596050202846527,1.284814715385437,22.681474685668945
1763323517.8563912,-0.02582795084743946,0.0,0.02582795084743946,0.6972098261490463,0.6317389910644851,0.5964809656143188,0.5206011533737183,0.3116864562034607,0.7662733793258667,23.174762725830078
1763323517.8800895,-0.02564022591431405,0.0,0.02564022591431405,0.6272098261490462,0.6172428359813056,0.6008797883987427,0.5359970927238464,0.24034062027931213,0.6849466562271118,23.446083068847656
1763323517.90345,-0.025493895438417805,0.0,0.025493895438417805,0.6529819581285117,0.5743479249603114,0.6030791997909546,0.5502932667732239,0.16114111244678497,0.59630286693573,23.10490608215332
1763323517.936837,-0.025509922329722916,0.0,0.025509922329722916,0.6534284337342249,0.5500679635978303,0.6107771396636963,0.5744867920875549,0.20693819224834442,0.6681531071662903,23.079872131347656
1763323517.9680977,-0.025509922329722916,0.0,0.025509922329722916,0.6467878499918149,0.5953965583420358,0.6140762567520142,0.5843841433525085,0.2094021588563919,0.537788450717926,31.006336212158203
1763323517.9970644,-0.025939109846414263,0.0,0.025939109846414263,0.7,0.6204609354562125,0.618475079536438,0.5887829661369324,0.21977512538433075,0.3627103865146637,18.57757568359375
1763323518.009725,-0.026199320926424907,0.0,0.026199320926424907,0.6827055111527442,0.6028157105273566,0.618475079536438,0.5887829661369324,0.13039562106132507,0.288876473903656,11.387109756469727
1763323518.0299392,-0.02649813614324153,0.0,0.02649813614324153,0.6816065101185813,0.5530904946452937,0.6217741966247559,0.5909823775291443,0.17056907713413239,0.6339560747146606,11.59977912902832
1763323518.0498235,-0.02681588979451411,0.0,0.02681588979451411,0.7,0.531783711684402,0.6250733137130737,0.592082142829895,0.2551652789115906,0.4921741783618927,11.484384536743164
1763323518.069678,-0.027138423347919025,0.0,0.027138423347919025,0.7,0.5205672844848594,0.6250733137130737,0.592082142829895,0.222943976521492,0.5168023109436035,11.345386505126953
1763323518.0902202,-0.02745577659024511,0.0,0.02745577659024511,0.7,0.5361611634097061,0.6272727251052856,0.5865835547447205,0.22087621688842773,0.60395747423172,11.873006820678711
1763323518.1095316,-0.027761167878915482,0.0,0.027761167878915482,0.6299999999999999,0.478037969728466,0.6305718421936035,0.5788856148719788,0.28385037183761597,0.5487716197967529,11.193990707397461
1763323518.1300726,-0.02802631639274896,0.0,0.02802631639274896,0.62798556859605,0.4634240889525971,0.6316715478897095,0.5645894408226013,0.4509132206439972,1.1538715362548828,11.732816696166992
1763323518.1565979,-0.02828041078303807,0.0,0.02828041078303807,0.5810386183392255,0.5128399939811787,0.6338709592819214,0.5140029191970825,0.2172379493713379,1.1445022821426392,18.246173858642578
1763323518.183748,-0.02847970266414682,0.0,0.02847970266414682,0.6217050048243253,0.47408556803828095,0.6349706649780273,0.4909090995788574,0.22109387814998627,0.8381611704826355,25.30074119567871
1763323518.2098193,-0.0285952495780955,0.0,0.0285952495780955,0.580620577437803,0.4543120437837205,0.6338709592819214,0.4744134545326233,0.22594378888607025,1.8957384824752808,25.77972412109375
1763323518.24589,-0.028619540612078522,0.0,0.028619540612078522,0.510620577437803,0.4779542652494273,0.6327712535858154,0.46781522035598755,0.3952230215072632,1.3815255165100098,25.715112686157227
1763323518.2703006,-0.028572110565881825,0.0,0.028572110565881825,0.5057082229200749,0.44147184543078755,0.6327712535858154,0.456818163394928,0.39340469241142273,1.2890117168426514,24.123191833496094
1763323518.3050332,-0.028665354026532794,0.0,0.028665354026532794,0.49745449953712506,0.5005251770443282,0.5942815542221069,0.45021992921829224,0.30617421865463257,1.3821710348129272,24.356842041015625
1763323518.3303003,-0.028767507874820516,0.0,0.028767507874820516,0.538544239187613,0.5404529092437587,0.5645894408226013,0.4458211064338684,0.17785315215587616,3.2908780574798584,24.98316764831543
1763323518.364278,-0.028918683867965225,0.0,0.028918683867965225,0.5784730628971009,0.5323528075194917,0.5206011533737183,0.4359237551689148,0.21644596755504608,1.2468019723892212,23.630857467651367
1763323518.389197,-0.02893303598071748,0.0,0.02893303598071748,0.5209546477440743,0.6023528075194917,0.5162023305892944,0.4414222836494446,0.2010110467672348,1.226635217666626,24.646520614624023
1763323518.4155276,-0.028908179800372302,0.0,0.028908179800372302,0.5485517808143048,0.6126211986294947,0.5173020362854004,0.4458211064338684,0.17078234255313873,4.961175441741943,26.02362632751465
1763323518.439595,-0.028680335050643182,0.0,0.028680335050643182,0.6185517808143048,0.6120533834793604,0.5140029191970825,0.4590175747871399,0.20847949385643005,2.80008602142334,13.735294342041016
1763323518.464488,-0.028517291439759132,0.0,0.028517291439759132,0.6551245649997144,0.5420533834793604,0.5173020362854004,0.47001463174819946,0.10039805620908737,1.2954771518707275,14.103174209594727
1763323518.4796693,-0.028380176565510024,0.0,0.028380176565510024,0.6055820336285977,0.5710340837785042,0.5184017419815063,0.49530792236328125,0.15701426565647125,0.6980626583099365,13.766765594482422
1763323518.5000546,-0.02826468493211516,0.0,0.02826468493211516,0.624986411416903,0.5461578859784639,0.5173020362854004,0.5173020362854004,0.1282806396484375,1.0699388980865479,14.061689376831055
1763323518.5211532,-0.028167256148270068,0.0,0.028167256148270068,0.6397846223507075,0.5359893950470722,0.5217008590698242,0.5370967984199524,0.11164556443691254,1.3480379581451416,15.327930450439453
1763323518.539778,-0.02812536909207938,0.0,0.02812536909207938,0.6626966757420449,0.527859246993903,0.526099681854248,0.5524926781654358,0.1229889988899231,1.303654432296753,13.979196548461914
1763323518.559983,-0.028123164161602175,0.0,0.028123164161602175,0.7,0.5340972455986774,0.5293987989425659,0.5612903237342834,0.23126883804798126,1.6575268507003784,14.154195785522461
1763323518.5912597,-0.028121249784667318,0.0,0.028121249784667318,0.6893143670633435,0.5116904812701977,0.548093855381012,0.5700879693031311,0.19257602095603943,0.6238899827003479,25.45022964477539
1763323518.6306453,-0.02818734555933481,0.0,0.02818734555933481,0.6830016284249723,0.5816904812701977,0.5590909123420715,0.5689882636070251,0.17692288756370544,0.8879261016845703,38.80929946899414
1763323518.6786687,-0.02870352376331893,0.0,0.02870352376331893,0.6991512852720916,0.5749280735501088,0.592082142829895,0.5370967984199524,0.13709469139575958,0.3226085305213928,36.12017631530762
1763323518.707992,-0.029209798051942685,0.0,0.029209798051942685,0.7,0.5943464100011624,0.5986803770065308,0.5228005647659302,0.1926790177822113,0.37275633215904236,18.843889236450195
1763323518.7224853,-0.029468335637647763,0.0,0.029468335637647763,0.7,0.5624718948849476,0.6063783168792725,0.527199387550354,0.2529834508895874,0.6189744472503662,13.495206832885742
1763323518.7423396,-0.0297202618433632,0.0,0.0297202618433632,0.636589241027832,0.5765841178246773,0.6140762567520142,0.5217008590698242,0.15532949566841125,0.5227144956588745,13.348579406738281
1763323518.770419,-0.029960956425569427,0.0,0.029960956425569427,0.6605908319354057,0.577128220454324,0.6239736080169678,0.526099681854248,0.15638677775859833,0.6295056343078613,21.42500877380371
1763323518.8016768,-0.030187506261803474,0.0,0.030187506261803474,0.597088810801506,0.5520148445968516,0.6283724308013916,0.5239002704620361,0.12040793895721436,0.6779107451438904,30.90500831604004
1763323518.842548,-0.030569037532129285,0.0,0.030569037532129285,0.5299077078700065,0.48201484459685157,0.6305718421936035,0.5304985046386719,0.38250410556793213,1.2429826259613037,30.515432357788086
1763323518.8843503,-0.03100672631995337,0.0,0.03100672631995337,0.50297258682549,0.5308456927840597,0.6316715478897095,0.5381965041160583,0.16570425033569336,0.8408588171005249,31.369686126708984
1763323518.9213235,-0.03167747336178939,0.0,0.03167747336178939,0.5111059172078967,0.48686433437513177,0.6250733137130737,0.5392962098121643,0.43560951948165894,0.9600606560707092,26.564836502075195
1763323518.9466178,-0.03188252954378936,0.0,0.03188252954378936,0.5001252571120858,0.5136343971197492,0.5975806713104248,0.5392962098121643,0.17199277877807617,0.8025079965591431,25.022268295288086
1763323518.982343,-0.0322108553391493,0.0,0.0322108553391493,0.4912627439945936,0.5836343971197493,0.546994149684906,0.5249999761581421,0.17801769077777863,0.7194491028785706,25.3753662109375
1763323519.0080469,-0.03226547983905969,0.0,0.03226547983905969,0.4339800242334604,0.5713630338315852,0.5217008590698242,0.5140029191970825,0.1190899983048439,1.1893994808197021,25.43187141418457
1763323519.044064,-0.03226237456605513,0.0,0.03226237456605513,0.44894237052649255,0.5013630338315851,0.49750733375549316,0.503005862236023,0.22964739799499512,3.573087453842163,25.676250457763672
1763323519.0694509,-0.032104707023630774,0.0,0.032104707023630774,0.4767439456656575,0.43453011143254106,0.48980939388275146,0.501906156539917,0.1561184525489807,0.7866690158843994,25.11143684387207
1763323519.1017876,-0.03160605992160885,0.0,0.03160605992160885,0.49072980210185047,0.43467989784665395,0.45241934061050415,0.501906156539917,0.16015450656414032,1.0498182773590088,21.985292434692383
1763323519.1242232,-0.03127232280327529,0.0,0.03127232280327529,0.4591061778366565,0.47953054157085706,0.4535190463066101,0.49750733375549316,0.3057401776313782,1.2232292890548706,22.19533920288086
1763323519.1458461,-0.03086318319981661,0.0,0.03086318319981661,0.43563066683709617,0.40953054157085705,0.455718457698822,0.49530792236328125,0.2660871744155884,0.5921010971069336,21.38209342956543
1763323519.1670349,-0.03041245333697708,0.0,0.03041245333697708,0.49620349593460555,0.45134636265225697,0.4535190463066101,0.48541057109832764,0.1703122854232788,2.320673704147339,20.949602127075195
1763323519.1883562,-0.029944714631750663,0.0,0.029944714631750663,0.4749368734657764,0.521346362652257,0.45241934061050415,0.46781522035598755,0.1291191279888153,1.063027262687683,21.090984344482422
1763323519.209423,-0.029477489121433435,0.0,0.029477489121433435,0.524474599212408,0.5656684696394949,0.455718457698822,0.45021992921829224,0.20190507173538208,5.406559944152832,20.837068557739258
1763323519.2310014,-0.028982505844248743,0.0,0.028982505844248743,0.5944745992124081,0.5587053269799798,0.456818163394928,0.43482404947280884,0.18886370956897736,6.1345367431640625,21.346330642700195
1763323519.263491,-0.02810816169449828,0.0,0.02810816169449828,0.592202067123726,0.5661990506295114,0.45791786909103394,0.4414222836494446,0.1337893307209015,1.8124144077301025,22.086620330810547
1763323519.2850335,-0.027664991140771554,0.0,0.027664991140771554,0.598183003468439,0.5488058397267013,0.45791786909103394,0.43702346086502075,0.388231486082077,3.9799201488494873,21.29387855529785
1763323519.3066263,-0.02723448415727418,0.0,0.02723448415727418,0.6456746135186404,0.5398713353741913,0.4590175747871399,0.45461875200271606,0.13040009140968323,2.076737403869629,21.35634422302246
1763323519.3278537,-0.026824119007580288,0.0,0.026824119007580288,0.6342787400167436,0.5682803898770361,0.4722140431404114,0.46781522035598755,0.09720301628112793,2.6342568397521973,20.998001098632812
1763323519.3489892,-0.02643855911129126,0.0,0.02643855911129126,0.7,0.5581370828393846,0.48211145401000977,0.4810117483139038,0.10083069652318954,1.4452050924301147,20.908832550048828
1763323519.370314,-0.026120817749248324,0.0,0.026120817749248324,0.7,0.48813708283938456,0.4986070394515991,0.4997067451477051,0.22726646065711975,1.3280333280563354,21.1026668548584
1763323519.3926353,-0.025858555853381888,0.0,0.025858555853381888,0.7,0.45892351278103877,0.5348973274230957,0.526099681854248,0.3083449900150299,1.2588846683502197,22.096872329711914
1763323519.425315,-0.02561050501058906,0.0,0.02561050501058906,0.6793042838573455,0.48958138906396914,0.5513929724693298,0.5337976217269897,0.3989574909210205,1.8060506582260132,22.263765335083008
1763323519.4468904,-0.025613468892851744,0.0,0.025613468892851744,0.6720352636650204,0.5348030568007378,0.5656891465187073,0.5337976217269897,0.3430183231830597,1.5679190158843994,21.326065063476562
1763323519.4680617,-0.025616042211103713,0.0,0.025616042211103713,0.6097440959885716,0.5968444400373845,0.5799853205680847,0.5337976217269897,0.36435896158218384,1.1460932493209839,20.929813385009766
1763323519.4909751,-0.025710851629752205,0.0,0.025710851629752205,0.6432572769001126,0.5714898162428288,0.5909823775291443,0.5359970927238464,0.25727933645248413,0.6610325574874878,22.676467895507812
1763323519.5105655,-0.025867227746055987,0.0,0.025867227746055987,0.6312030551955103,0.6158058249298481,0.6008797883987427,0.5228005647659302,0.2529461085796356,1.0872609615325928,19.323348999023438
1763323519.5293381,-0.026102673510140575,0.0,0.026102673510140575,0.5738269647583365,0.5954664812330155,0.6085777282714844,0.526099681854248,0.2609185576438904,0.45858606696128845,18.485307693481445
1763323519.547172,-0.026386834355684872,0.0,0.026386834355684872,0.5612642930820584,0.5999843014311044,0.617375373840332,0.526099681854248,0.3245607614517212,0.8718658089637756,17.540693283081055
1763323519.5731056,-0.02669734271431753,0.0,0.02669734271431753,0.6004495600238442,0.5976954209059475,0.619574785232544,0.5206011533737183,0.20668190717697144,0.8179929256439209,25.635480880737305
1763323519.6039398,-0.027445041350117782,0.0,0.027445041350117782,0.5954394850879907,0.5763621194660662,0.6228739023208618,0.527199387550354,0.20227664709091187,0.750734806060791,20.508527755737305
1763323519.627503,-0.027839272389434785,0.0,0.027839272389434785,0.5842201922088861,0.5731802321411668,0.6239736080169678,0.5304985046386719,0.17543677985668182,0.6811879873275757,23.26178550720215
1763323519.6531506,-0.028228382400656556,0.0,0.028228382400656556,0.5867920800112187,0.5989585425145922,0.619574785232544,0.5359970927238464,0.1678241789340973,0.5384582877159119,25.34961700439453
1763323519.6899154,-0.02892952387859149,0.0,0.02892952387859149,0.6288328415714204,0.6398243326134978,0.617375373840332,0.5491935610771179,0.27458012104034424,0.3738090693950653,26.401519775390625
1763323519.7155814,-0.029242399702058865,0.0,0.029242399702058865,0.6171626544557511,0.6158030051179229,0.6096774339675903,0.5546920895576477,0.14444729685783386,0.7310398817062378,25.363683700561523
1763323519.7514968,-0.029813871114700855,0.0,0.029813871114700855,0.6289723229594528,0.6151512389210982,0.5942815542221069,0.5678885579109192,0.1138896644115448,0.22104176878929138,25.583267211914062
1763323519.7768624,-0.030068714531457544,0.0,0.030068714531457544,0.6136774218641221,0.5896598913846536,0.5898826718330383,0.5788856148719788,0.09776534885168076,0.7623550295829773,25.065898895263672
1763323519.8128066,-0.03051483569940884,0.0,0.03051483569940884,0.581645621266216,0.5215817907033486,0.5898826718330383,0.5854838490486145,0.17148125171661377,0.6646795868873596,25.589704513549805
1763323519.837999,-0.030747690795109837,0.0,0.030747690795109837,0.578850768553093,0.556858117985539,0.5909823775291443,0.5876832604408264,0.14121238887310028,0.569149374961853,24.894237518310547
1763323519.8701315,-0.031228458328571414,0.0,0.031228458328571414,0.5659666834864765,0.5650976508064194,0.5909823775291443,0.5909823775291443,0.16686858236789703,1.6345149278640747,21.802186965942383
1763323519.8923342,-0.03146152738673782,0.0,0.03146152738673782,0.6298377095256,0.5087993464572353,0.5887829661369324,0.592082142829895,0.17583169043064117,1.5149924755096436,21.95882797241211
1763323519.9148612,-0.031663883893573525,0.0,0.031663883893573525,0.6724766931030899,0.5787993464572354,0.5876832604408264,0.5788856148719788,0.21700680255889893,0.7273526787757874,22.293806076049805
1763323519.939001,-0.031859352281318976,0.0,0.031859352281318976,0.6399284890387207,0.5671623628539963,0.5788856148719788,0.5546920895576477,0.15698646008968353,0.5842876434326172,23.899316787719727
1763323519.972837,-0.03217819838206437,0.0,0.03217819838206437,0.6854569567833095,0.5950502548320218,0.5843841433525085,0.5359970927238464,0.14032846689224243,0.36595624685287476,23.514747619628906
1763323519.9955604,-0.03227172832376224,0.0,0.03227172832376224,0.6582717104349285,0.6217535212589427,0.5766862034797668,0.5392962098121643,0.12398972362279892,0.47880300879478455,22.429227828979492
1763323520.0207684,-0.03229473243288592,0.0,0.03229473243288592,0.6794748371932655,0.638178797434084,0.5843841433525085,0.5326979160308838,0.1411392092704773,0.7424685955047607,24.970054626464844
1763323520.0560725,-0.032207811383228695,0.0,0.032207811383228695,0.6617577886674553,0.6004677656991406,0.5810850262641907,0.5359970927238464,0.09839726239442825,0.4054681658744812,24.968862533569336
1763323520.0802565,-0.032030438553918815,0.0,0.032030438553918815,0.610331884631887,0.6154680829448624,0.5854838490486145,0.5370967984199524,0.13263502717018127,0.6539016962051392,23.907184600830078
1763323520.1051855,-0.03192871977841453,0.0,0.03192871977841453,0.6125622303690761,0.5761247631115838,0.5876832604408264,0.5425953269004822,0.17448949813842773,0.3344317078590393,24.641990661621094
1763323520.137198,-0.03174847070729305,0.0,0.03174847070729305,0.6720153452362865,0.5667406246019526,0.5942815542221069,0.5524926781654358,0.2274404764175415,1.0192421674728394,21.73447608947754
1763323520.158846,-0.031696873330562765,0.0,0.031696873330562765,0.7,0.6367406246019527,0.5975806713104248,0.5634897351264954,0.29389992356300354,0.60573410987854,21.382570266723633
1763323520.1804006,-0.031674652988140414,0.0,0.031674652988140414,0.7,0.5667406246019526,0.6019794940948486,0.5678885579109192,0.31717756390571594,0.6125772595405579,21.317481994628906
1763323520.2019773,-0.03167342297345583,0.0,0.03167342297345583,0.6696112480014562,0.5246692672325297,0.6041789054870605,0.5755864977836609,0.26473209261894226,0.9800976514816284,21.346330642700195
1763323520.223679,-0.031686804846437926,0.0,0.031686804846437926,0.7,0.5095802312670275,0.6074780225753784,0.5788856148719788,0.6397866010665894,1.034196376800537,21.47507667541504
1763323520.2448194,-0.03175041107341524,0.0,0.03175041107341524,0.7,0.5211668768851085,0.6096774339675903,0.5821847319602966,0.5982670187950134,1.4604589939117432,20.91526985168457
1763323520.265965,-0.031847225818180086,0.0,0.031847225818180086,0.7,0.5436289170710369,0.6151759624481201,0.5810850262641907,0.5518688559532166,1.2497926950454712,20.923614501953125
1763323520.2987747,-0.0320930409288637,0.0,0.0320930409288637,0.7,0.5331466412125154,0.6206744909286499,0.5689882636070251,0.5603598952293396,1.1462972164154053,22.409439086914062
1763323520.3200953,-0.03222588986621533,0.0,0.03222588986621533,0.6891071068122983,0.560991111206822,0.6228739023208618,0.5502932667732239,0.5776252746582031,1.2535306215286255,21.0726261138916
1763323520.3415873,-0.03234123270541845,0.0,0.03234123270541845,0.6756084866821765,0.5720294434530659,0.6272727251052856,0.5414956212043762,0.3806062340736389,1.6703561544418335,21.265506744384766
1763323520.3645704,-0.03245841164694852,0.0,0.03245841164694852,0.6497898742556572,0.5727411562064662,0.6283724308013916,0.5304985046386719,0.4992319345474243,0.9210454821586609,22.730112075805664
1763323520.3863385,-0.03253334976996769,0.0,0.03253334976996769,0.5817405924201011,0.6001863384107127,0.6305718421936035,0.5217008590698242,0.5268038511276245,0.8912016153335571,21.53944969177246
1763323520.4188588,-0.0325976965292848,0.0,0.0325976965292848,0.5117405924201011,0.5385635101655497,0.6349706649780273,0.5184017419815063,0.30465343594551086,1.0210835933685303,22.11761474609375
1763323520.4375908,-0.032601967591483996,0.0,0.032601967591483996,0.48632177256047715,0.5010004991153254,0.6316715478897095,0.5217008590698242,0.3255683481693268,1.0109885931015015,18.490076065063477
1763323520.4493504,-0.03259469871002858,0.0,0.03259469871002858,0.4240183784812688,0.5276345738628878,0.6316715478897095,0.5217008590698242,0.3416452705860138,1.2599202394485474,11.599063873291016
1763323520.4683697,-0.03257960598020391,0.0,0.03257960598020391,0.4492754555493592,0.471261644498445,0.6338709592819214,0.5249999761581421,0.2522789239883423,3.5786290168762207,11.800765991210938
1763323520.4994009,-0.03255947672574506,0.0,0.03255947672574506,0.5139717749506234,0.541261644498445,0.6272727251052856,0.526099681854248,0.10989544540643692,2.142332077026367,22.835731506347656
1763323520.5215578,-0.032536379704228104,0.0,0.032536379704228104,0.5253067949041723,0.5383170297602191,0.5656891465187073,0.52829909324646,0.20412202179431915,1.7585229873657227,21.916866302490234
1763323520.5432866,-0.03251183004935492,0.0,0.03251183004935492,0.502042660601437,0.5017709559062495,0.5206011533737183,0.5206011533737183,0.13025839626789093,0.8268181681632996,21.48127555847168
1763323520.564478,-0.03249051541221157,0.0,0.03249051541221157,0.537682635821402,0.4424286460736766,0.4964076280593872,0.5239002704620361,0.13785722851753235,1.208450198173523,20.95508575439453
1763323520.5812936,-0.03242798461448662,0.0,0.03242798461448662,0.5455285535380243,0.40733211247716095,0.4986070394515991,0.5239002704620361,0.12342767417430878,1.07124662399292,16.58940315246582
1763323520.6038847,-0.0322980459702691,0.0,0.0322980459702691,0.5849948601052164,0.3799062030622735,0.49750733375549316,0.5228005647659302,0.3714107275009155,1.2476304769515991,22.427082061767578
1763323520.6282246,-0.03208428377386101,0.0,0.03208428377386101,0.6099188384786247,0.3884590644622221,0.49750733375549316,0.5107038021087646,0.43489599227905273,1.5901626348495483,24.059057235717773
1763323520.6599364,-0.03152207503323734,0.0,0.03152207503323734,0.6733110678568481,0.43192084545735265,0.49530792236328125,0.45461875200271606,0.376003623008728,1.4767987728118896,21.454334259033203
1763323520.6813767,-0.031173091213250143,0.0,0.031173091213250143,0.6904685219004749,0.48282873670104887,0.503005862236023,0.4282258152961731,1.044005036354065,1.7563539743423462,21.205425262451172
1763323520.7032914,-0.03079640468798079,0.0,0.03079640468798079,0.7,0.5206075128400698,0.5052052736282349,0.4007331132888794,0.45794111490249634,1.291034460067749,21.666526794433594
1763323520.7262692,-0.030369976038566303,0.0,0.030369976038566303,0.7,0.5558610785985365,0.5118035078048706,0.4007331132888794,0.324473112821579,1.5022748708724976,22.737979888916016
1763323520.748385,-0.02992023596517466,0.0,0.02992023596517466,0.6299999999999999,0.5248825907940045,0.5228005647659302,0.40403223037719727,0.32476192712783813,1.2994261980056763,21.84152603149414
1763323520.7823105,-0.02907191420779215,0.0,0.02907191420779215,0.7,0.5648014456266537,0.5579912066459656,0.40183281898498535,0.32641205191612244,0.9762542247772217,23.523569107055664
1763323520.805963,-0.028678740023473644,0.0,0.028678740023473644,0.6789656400680542,0.6348014456266537,0.573387086391449,0.4249266982078552,0.187193363904953,0.48716190457344055,23.346424102783203
1763323520.8280199,-0.028337098096767967,0.0,0.028337098096767967,0.7,0.6153954939031974,0.5854838490486145,0.43702346086502075,0.28803566098213196,1.3232126235961914,21.817922592163086
1763323520.8506598,-0.028040253404136104,0.0,0.028040253404136104,0.7,0.570604484626092,0.5953812599182129,0.455718457698822,0.2918497920036316,0.7940530180931091,22.408008575439453
1763323520.8827446,-0.027666155031909254,0.0,0.027666155031909254,0.6861421314999461,0.5565358270937577,0.6074780225753784,0.5052052736282349,0.40955016016960144,0.9319157004356384,21.686553955078125
1763323520.9047608,-0.027596361262513424,0.0,0.027596361262513424,0.6551590988412499,0.5955030416185036,0.6129765510559082,0.5239002704620361,0.2354891002178192,1.1904430389404297,21.773576736450195
1763323520.9296992,-0.02762914272115458,0.0,0.02762914272115458,0.6205688210204243,0.6170862988615409,0.6140762567520142,0.5425953269004822,0.21222859621047974,0.7017854452133179,24.69635009765625
1763323520.9521875,-0.027772734874108144,0.0,0.027772734874108144,0.6099342413246631,0.6870862988615409,0.6162756681442261,0.5568915009498596,0.12925110757350922,0.5597542524337769,22.20010757446289
1763323520.984159,-0.028291830361734823,0.0,0.028291830361734823,0.6515693970024585,0.6683046350115911,0.619574785232544,0.5777859091758728,0.3304172456264496,1.2402172088623047,21.573543548583984
1763323521.0061302,-0.028554312956769363,0.0,0.028554312956769363,0.6610161827877163,0.6147008964652196,0.619574785232544,0.5876832604408264,0.19098441302776337,0.9495622515678406,21.724939346313477
1763323521.027704,-0.028873496160078675,0.0,0.028873496160078675,0.653786676749587,0.5887729784334079,0.6206744909286499,0.5942815542221069,0.12723898887634277,0.539819061756134,21.33345603942871
1763323521.0491402,-0.029264078357257924,0.0,0.029264078357257924,0.6722175542265176,0.5801926635066048,0.6206744909286499,0.6008797883987427,0.16322456300258636,0.4383384585380554,21.198272705078125
1763323521.0702937,-0.029693959145631547,0.0,0.029693959145631547,0.7,0.5679510596999899,0.6228739023208618,0.6063783168792725,0.2473868727684021,1.18690824508667,20.923852920532227
1763323521.0921347,-0.030139806503671693,0.0,0.030139806503671693,0.7,0.6079098012158648,0.6206744909286499,0.6107771396636963,0.2071278840303421,0.6810383796691895,21.61693572998047
1763323521.1134644,-0.030584993668702907,0.0,0.030584993668702907,0.6954687189310789,0.5826859406987206,0.6217741966247559,0.6074780225753784,0.1902042180299759,0.9636690020561218,21.090984344482422
1763323521.145803,-0.03143110568668727,0.0,0.03143110568668727,0.7,0.5688311446318404,0.6239736080169678,0.6063783168792725,0.1889224499464035,0.5787826776504517,22.000551223754883
1763323521.1672184,-0.03185995432695954,0.0,0.03185995432695954,0.7,0.565184774841182,0.6239736080169678,0.6030791997909546,0.13528916239738464,0.3140104413032532,21.16680145263672
1763323521.1892078,-0.032248000202249626,0.0,0.032248000202249626,0.7,0.5641387924877928,0.6250733137130737,0.5876832604408264,0.16983531415462494,0.7380709052085876,21.751880645751953
1763323521.2096908,-0.03259747836788213,0.0,0.03259747836788213,0.7,0.5561167616723106,0.6261730194091797,0.5755864977836609,0.16378344595432281,0.43751347064971924,20.242929458618164
1763323521.2350056,-0.032900904233885545,0.0,0.032900904233885545,0.7,0.5372734926966951,0.6283724308013916,0.5634897351264954,0.19745869934558868,0.44329774379730225,25.020360946655273
1763323521.2674773,-0.0334198983687316,0.0,0.0334198983687316,0.7,0.5627625305531547,0.6283724308013916,0.5458944439888,0.2508905529975891,0.8245539665222168,22.04155921936035
1763323521.2897487,-0.033599052826347606,0.0,0.033599052826347606,0.6536687955260276,0.5735922996280716,0.6294721364974976,0.5348973274230957,0.3177306354045868,0.9601638913154602,22.01986312866211
1763323521.3111773,-0.03372740435325976,0.0,0.03372740435325976,0.6596627596765756,0.5620045392168687,0.6316715478897095,0.52829909324646,0.3375184237957001,0.7981292009353638,21.18659019470215
1763323521.3323212,-0.033817086468118526,0.0,0.033817086468118526,0.6539122427813708,0.5752360532386229,0.6316715478897095,0.5249999761581421,0.2568122446537018,1.0550968647003174,20.902633666992188
1763323521.3533773,-0.033877546003710866,0.0,0.033877546003710866,0.6445066316984593,0.6110219480795787,0.6316715478897095,0.527199387550354,0.2036748081445694,1.3320046663284302,20.824432373046875
1763323521.3744147,-0.03387568680244965,0.0,0.03387568680244965,0.6068889892660081,0.583847827310674,0.6327712535858154,0.5228005647659302,0.24172243475914001,0.6192095279693604,20.816802978515625
1763323521.395709,-0.03387101912620361,0.0,0.03387101912620361,0.6727426148019731,0.5707649588910864,0.6327712535858154,0.5249999761581421,0.23595276474952698,0.5301408171653748,21.071910858154297
1763323521.427815,-0.033856930085661395,0.0,0.033856930085661395,0.6960904004983604,0.5632969094766305,0.6327712535858154,0.52829909324646,0.3060043454170227,0.9695451259613037,21.834135055541992
1763323521.4495435,-0.03385033706865585,0.0,0.03385033706865585,0.6555446463637054,0.6086796699417756,0.6338709592819214,0.5304985046386719,0.3662375807762146,1.1967992782592773,21.474123001098633
1763323521.47123,-0.03384304946619931,0.0,0.03384304946619931,0.6327202453278005,0.6259417096478865,0.6338709592819214,0.5348973274230957,0.24335990846157074,0.8567118048667908,21.435976028442383
1763323521.4839587,-0.03383547148227352,0.0,0.03383547148227352,0.5971610269509255,0.6638800027174876,0.6327712535858154,0.5392962098121643,0.2243788242340088,0.381131112575531,12.488365173339844
1763323521.5006936,-0.03382789152202467,0.0,0.03382789152202467,0.6368755086325109,0.5938800027174875,0.6338709592819214,0.5458944439888,0.19102293252944946,1.608170509338379,14.768600463867188
1763323521.5274525,-0.033820509958107564,0.0,0.033820509958107564,0.6570676698349416,0.5765239348215982,0.6338709592819214,0.5513929724693298,0.2504379451274872,0.6918947696685791,21.49200439453125
1763323521.5491693,-0.03381346073673167,0.0,0.03381346073673167,0.7,0.5740880601620302,0.6294721364974976,0.5590909123420715,0.25467807054519653,0.5223735570907593,21.47650718688965
1763323521.5704074,-0.033806828135459724,0.0,0.033806828135459724,0.6988527973182499,0.5448534999554977,0.6305718421936035,0.5689882636070251,0.34193432331085205,0.7157405614852905,20.995378494262695
1763323521.592029,-0.03384108761254928,0.0,0.03384108761254928,0.6877921459265053,0.4794485483830795,0.6316715478897095,0.573387086391449,0.45462659001350403,1.2409164905548096,21.387338638305664
1763323521.6132495,-0.03390284702192619,0.0,0.03390284702192619,0.6954789048060774,0.5494485483830795,0.6305718421936035,0.5810850262641907,0.3336978256702423,1.208585262298584,20.99156379699707
1763323521.634958,-0.03398207968328524,0.0,0.03398207968328524,0.7,0.5444874251587317,0.6338709592819214,0.5843841433525085,0.22107775509357452,0.5349361300468445,21.47984504699707
1763323521.6561983,-0.034071360755059406,0.0,0.034071360755059406,0.690508085116744,0.6008936399919913,0.6327712535858154,0.5832844376564026,0.2652130126953125,0.4800439476966858,20.987510681152344
1763323521.688978,-0.03423256972513069,0.0,0.03423256972513069,0.7,0.589203407089226,0.6338709592819214,0.5623900294303894,0.1866133064031601,0.42816078662872314,22.38178253173828
1763323521.7106225,-0.03431834712798201,0.0,0.03431834712798201,0.7,0.6098568318737672,0.6327712535858154,0.5513929724693298,0.23059624433517456,0.5014166831970215,21.394729614257812
1763323521.7320573,-0.03440331175630411,0.0,0.03440331175630411,0.6299999999999999,0.5880080806417392,0.6327712535858154,0.5557917952537537,0.20398086309432983,0.48645347356796265,21.196842193603516
1763323521.7532575,-0.03444504471290492,0.0,0.03444504471290492,0.6549079596251248,0.6329035582346842,0.6327712535858154,0.5502932667732239,0.2254112809896469,0.7031630277633667,20.961284637451172
1763323521.7744217,-0.03445564992895199,0.0,0.03445564992895199,0.6530447882786392,0.5820357287628577,0.6338709592819214,0.548093855381012,0.18175262212753296,0.7007470726966858,20.937204360961914
1763323521.7959495,-0.0344443549263947,0.0,0.0344443549263947,0.7,0.6520357287628578,0.6327712535858154,0.5513929724693298,0.19129033386707306,0.6148562431335449,21.301984786987305
1763323521.8169131,-0.03441814613928464,0.0,0.03441814613928464,0.7,0.6944424144132064,0.6327712535858154,0.5513929724693298,0.16614419221878052,0.5582177639007568,20.7369327545166
1763323521.8584287,-0.03434062264224952,0.0,0.03434062264224952,0.680279928073287,0.7,0.6327712535858154,0.5568915009498596,0.18052740395069122,0.5081468820571899,31.252384185791016
1763323521.895226,-0.03425738091876251,0.0,0.03425738091876251,0.6728624797426164,0.7,0.6327712535858154,0.572287380695343,0.20877240598201752,0.4724186658859253,26.44038200378418
1763323521.9199955,-0.034244148842646774,0.0,0.034244148842646774,0.7,0.6741925429552793,0.6349706649780273,0.5821847319602966,0.11510572582483292,0.7512978315353394,24.468421936035156
1763323521.9537456,-0.034262214082634385,0.0,0.034262214082634385,0.7,0.6878734899684786,0.6349706649780273,0.592082142829895,0.14868877828121185,0.3341204524040222,23.453712463378906
1763323521.9752026,-0.03430162654854539,0.0,0.03430162654854539,0.7,0.626845877431333,0.6338709592819214,0.6008797883987427,0.1513737291097641,0.7653924226760864,21.218061447143555
1763323521.9953837,-0.034354827668358394,0.0,0.034354827668358394,0.7,0.6123926274478435,0.6338709592819214,0.6107771396636963,0.10641124099493027,0.5004515051841736,19.9434757232666
1763323522.0178773,-0.03445663190808875,0.0,0.03445663190808875,0.7,0.6128330464009195,0.6360703706741333,0.618475079536438,0.2141856551170349,0.5455614328384399,22.255420684814453
1763323522.0396764,-0.03458951188358401,0.0,0.03458951188358401,0.6983826299430802,0.6020775698591023,0.6371700763702393,0.6283724308013916,0.2129931002855301,0.47929316759109497,21.55923843383789
1763323522.0617497,-0.03490001814551214,0.0,0.03490001814551214,0.6817928393604233,0.595296785281971,0.6371700763702393,0.6305718421936035,0.17341850697994232,0.48701608180999756,21.831274032592773
1763323522.0851395,-0.03510174534164736,0.0,0.03510174534164736,0.6851538386428728,0.6229069270659238,0.6382697820663452,0.6327712535858154,0.27883535623550415,0.6010598540306091,13.100385665893555
1763323522.104222,-0.035276890043671856,0.0,0.035276890043671856,0.7,0.6122024087700992,0.6382697820663452,0.6327712535858154,0.18521325290203094,0.35371601581573486,12.227296829223633
1763323522.1240346,-0.035479520953308634,0.0,0.035479520953308634,0.6977599447593092,0.5451189307961612,0.6393694877624512,0.6305718421936035,0.15230236947536469,0.5659647583961487,12.045860290527344
1763323522.1440432,-0.0356959029286141,0.0,0.0356959029286141,0.7,0.5256812638137489,0.6393694877624512,0.6239736080169678,0.2830895483493805,0.8351225256919861,12.056589126586914
1763323522.1641293,-0.03591613340098529,0.0,0.03591613340098529,0.693130290415138,0.5462002298329025,0.6404691934585571,0.617375373840332,0.31334659457206726,1.1105799674987793,12.137413024902344
1763323522.1876616,-0.036133232813382384,0.0,0.036133232813382384,0.6722201800905168,0.5681633214000612,0.6404691934585571,0.6107771396636963,0.36333078145980835,0.8427929878234863,15.65408706665039
1763323522.2168524,-0.036342435820863515,0.0,0.036342435820863515,0.6445429327897727,0.5818152754101902,0.6415688991546631,0.5821847319602966,0.4311275780200958,1.1754710674285889,24.78790283203125
1763323522.2424254,-0.03650021271633567,0.0,0.03650021271633567,0.5880623946897685,0.5819134600635152,0.643768310546875,0.5403959155082703,0.389143705368042,0.8140379190444946,25.293588638305664
1763323522.2742436,-0.03666477754510226,0.0,0.03666477754510226,0.5952520904131233,0.5372432880278211,0.6415688991546631,0.5392962098121643,0.4643772542476654,1.0354204177856445,21.47698402404785
1763323522.2882178,-0.03666073602404038,0.0,0.03666073602404038,0.5934044652851298,0.5303026675421278,0.642668604850769,0.5381965041160583,0.2628720998764038,1.0795650482177734,13.742446899414062
1763323522.30533,-0.03658115287483531,0.0,0.03658115287483531,0.6278216027887538,0.5469253729272168,0.643768310546875,0.5359970927238464,0.3217678666114807,1.4091193675994873,12.579917907714844
1763323522.3241034,-0.03651205675284117,0.0,0.03651205675284117,0.660893724230118,0.5514522167097311,0.642668604850769,0.5370967984199524,0.4333496689796448,1.116684913635254,11.430740356445312
1763323522.3442638,-0.03643163427836151,0.0,0.03643163427836151,0.6952818193705752,0.6099854717205744,0.6360703706741333,0.5381965041160583,0.531929075717926,0.9220694899559021,11.594057083129883
1763323522.3646631,-0.03634546426692973,0.0,0.03634546426692973,0.6869194627972319,0.63626011555898,0.6272727251052856,0.5370967984199524,0.5663312673568726,1.1953320503234863,11.986017227172852
1763323522.385059,-0.03621714522964478,0.0,0.03621714522964478,0.6552728534908965,0.6490158867265563,0.6305718421936035,0.5381965041160583,0.37332403659820557,0.6147509813308716,12.386083602905273
1763323522.4157007,-0.036062932138665384,0.0,0.036062932138665384,0.6529933073790744,0.5967341493989806,0.6272727251052856,0.5392962098121643,0.30953383445739746,0.5352048873901367,23.024797439575195
1763323522.437706,-0.03572142523651049,0.0,0.03572142523651049,0.6178402946563437,0.6667341493989807,0.6294721364974976,0.5403959155082703,0.3675437271595001,1.1530990600585938,21.703481674194336
1763323522.4577348,-0.03572142523651049,0.0,0.03572142523651049,0.6878402946563438,0.7,0.6294721364974976,0.5403959155082703,0.2185479998588562,1.5431876182556152,19.858121871948242
1763323522.4809906,-0.03554898348583779,0.0,0.03554898348583779,0.7,0.7,0.6294721364974976,0.5524926781654358,0.1605687141418457,0.9039268493652344,23.00238609313965
1763323522.5041122,-0.03522249601011307,0.0,0.03522249601011307,0.7,0.7,0.6305718421936035,0.5601906180381775,0.1284419447183609,0.4229183495044708,22.870540618896484
1763323522.5375326,-0.03494324451413223,0.0,0.03494324451413223,0.6948070766404271,0.6483491443097591,0.6283724308013916,0.5832844376564026,0.10342466086149216,1.1855977773666382,23.134469985961914
1763323522.5573163,-0.03494324451413223,0.0,0.03494324451413223,0.6798527006059885,0.578349144309759,0.6316715478897095,0.5964809656143188,0.18232175707817078,1.6262320280075073,19.454240798950195
1763323522.5715675,-0.0348166598520232,0.0,0.0348166598520232,0.6723063209094107,0.6251146058738231,0.6316715478897095,0.5964809656143188,0.1215435266494751,0.43602994084358215,14.110326766967773
1763323522.5974553,-0.03483783385676676,0.0,0.03483783385676676,0.6236689493991434,0.6265507809538393,0.6305718421936035,0.6162756681442261,0.16006208956241608,1.0934784412384033,23.038148880004883
1763323522.6229136,-0.0349046631125219,0.0,0.0349046631125219,0.6372322470881044,0.592581006111577,0.6316715478897095,0.6250733137130737,0.09878678619861603,1.6011713743209839,25.219202041625977
1763323522.6487288,-0.035001442333991446,0.0,0.035001442333991446,0.6231702522374689,0.5908720749383791,0.6327712535858154,0.6316715478897095,0.1365855485200882,1.3746811151504517,25.515079498291016
1763323522.6851256,-0.035281578667505115,0.0,0.035281578667505115,0.5977242824621498,0.5319126467173918,0.6305718421936035,0.6327712535858154,0.07782799005508423,0.6488758325576782,26.07870101928711
1763323522.710653,-0.035477112668905665,0.0,0.035477112668905665,0.5719869186170399,0.5227292808657511,0.6316715478897095,0.6316715478897095,0.10552537441253662,1.0275205373764038,25.240659713745117
1763323522.7429245,-0.03590567116227899,0.0,0.03590567116227899,0.5676948728971183,0.5304646277753635,0.6272727251052856,0.6206744909286499,0.10528932511806488,0.6336373686790466,21.915674209594727
1763323522.7668126,-0.03609411293400488,0.0,0.03609411293400488,0.5950939527712762,0.49815347510855634,0.6228739023208618,0.5887829661369324,0.15132364630699158,0.6767926812171936,23.64826202392578
1763323522.7922776,-0.03628444190551477,0.0,0.03628444190551477,0.5772690645419061,0.4603284643916412,0.6107771396636963,0.5458944439888,0.4851870536804199,1.352522850036621,25.162458419799805
1763323522.8250475,-0.03650189854772864,0.0,0.03650189854772864,0.5670288301073014,0.49614029842894514,0.5854838490486145,0.5184017419815063,0.2490600347518921,1.680307388305664,22.319555282592773
1763323522.841016,-0.03647880510261301,0.0,0.03647880510261301,0.5461265484802424,0.5085235610557719,0.5766862034797668,0.4942082166671753,0.2396564930677414,1.2441961765289307,15.71798324584961
1763323522.8535662,-0.036350355729316816,0.0,0.036350355729316816,0.6161265484802425,0.529420314352028,0.5766862034797668,0.4942082166671753,0.5985678434371948,1.7640125751495361,11.04283332824707
1763323522.884314,-0.0361116855595475,0.0,0.0361116855595475,0.6143092477973551,0.5455883759958668,0.5700879693031311,0.46231669187545776,0.6448451280593872,1.3086553812026978,21.684885025024414
1763323522.9061573,-0.035762320408399925,0.0,0.035762320408399925,0.6076408868934959,0.5435412966134026,0.5634897351264954,0.46561580896377563,0.35757020115852356,1.0926302671432495,21.584272384643555
1763323522.9293635,-0.03530484827079487,0.0,0.03530484827079487,0.5930985819827765,0.5578571988688781,0.5678885579109192,0.4667155146598816,0.42524805665016174,1.1969940662384033,22.9644775390625
1763323522.9511049,-0.034784343766177575,0.0,0.034784343766177575,0.6181715198140592,0.536461517442949,0.5623900294303894,0.46231669187545776,0.2300078123807907,0.9819403886795044,21.471738815307617
1763323522.9640868,-0.03427420395490434,0.0,0.03427420395490434,0.638565684882924,0.5977502802805974,0.5667888522148132,0.47001463174819946,0.5360167026519775,1.1614353656768799,12.755155563354492
1763323522.975834,-0.03383128754626903,0.0,0.03383128754626903,0.6934281878452748,0.6256579088466241,0.5667888522148132,0.47001463174819946,0.38808673620224,0.850980281829834,11.596441268920898
1763323522.9937296,-0.033400156603096205,0.0,0.033400156603096205,0.6651902340631932,0.6171481844456865,0.5689882636070251,0.4766128659248352,0.32976844906806946,0.44157320261001587,11.203289031982422
1763323523.0137038,-0.03298857402373568,0.0,0.03298857402373568,0.7,0.6400935586960985,0.5667888522148132,0.48541057109832764,0.18584787845611572,0.35211890935897827,11.180877685546875
1763323523.0338268,-0.032601416570370856,0.0,0.032601416570370856,0.6873404772952199,0.6300126772793009,0.5678885579109192,0.501906156539917,0.21040970087051392,0.9331890344619751,11.302709579467773
1763323523.0536573,-0.03224142782495093,0.0,0.03224142782495093,0.6611683757975697,0.6264189428137614,0.573387086391449,0.5195014476776123,0.16376732289791107,0.5879582762718201,11.131525039672852
1763323523.0742965,-0.0319502252980715,0.0,0.0319502252980715,0.6299235073849558,0.6097028388129546,0.5777859091758728,0.5359970927238464,0.14915971457958221,0.44785261154174805,11.766672134399414
1763323523.0945888,-0.03171447494375582,0.0,0.03171447494375582,0.5825053898617625,0.6251285478891804,0.5821847319602966,0.5524926781654358,0.1380331665277481,1.0933986902236938,12.052536010742188
1763323523.1143758,-0.031563881659257075,0.0,0.031563881659257075,0.5344773119315505,0.563877242845483,0.5887829661369324,0.5678885579109192,0.08453620225191116,1.9704535007476807,11.84701919555664
1763323523.1345108,-0.03151683357920532,0.0,0.03151683357920532,0.5453129539266228,0.493877242845483,0.5942815542221069,0.5799853205680847,0.3222973048686981,3.6983633041381836,11.984586715698242
1763323523.1650774,-0.0315429459184132,0.0,0.0315429459184132,0.5257036479189992,0.4959452632488682,0.5997800827026367,0.5964809656143188,0.12180496752262115,1.7247051000595093,22.526264190673828
1763323523.1908886,-0.03165961376548665,0.0,0.03165961376548665,0.5067030003294348,0.45548622642178077,0.6008797883987427,0.5942815542221069,0.09274689853191376,2.8755459785461426,25.52962303161621
1763323523.2041833,-0.0317609077689874,0.0,0.0317609077689874,0.4643979741260409,0.3999284501792862,0.6030791997909546,0.5964809656143188,0.09185085445642471,0.9477816820144653,13.04173469543457
1763323523.2161741,-0.031924050966980255,0.0,0.031924050966980255,0.4662071163067594,0.3889982705609872,0.6030791997909546,0.5964809656143188,0.14998425543308258,0.5230047702789307,11.840105056762695
1763323523.2343543,-0.03212585378311712,0.0,0.03212585378311712,0.45293663016054775,0.4369159048097207,0.5953812599182129,0.5832844376564026,0.26258304715156555,0.8804684281349182,11.826276779174805
1763323523.2535205,-0.032349190321474375,0.0,0.032349190321474375,0.39928337133023883,0.41532129288185377,0.5766862034797668,0.5458944439888,0.13111291825771332,0.48761725425720215,10.956287384033203
1763323523.2737026,-0.03254116985033128,0.0,0.03254116985033128,0.41648244804237033,0.4198260321887209,0.5546920895576477,0.48980939388275146,0.11225208640098572,0.7670557498931885,11.183500289916992
1763323523.293526,-0.032665881913426204,0.0,0.032665881913426204,0.40375353156123306,0.3667580984206869,0.5293987989425659,0.45241934061050415,0.10865231603384018,0.8125525116920471,11.001825332641602
1763323523.3135667,-0.032659728737010785,0.0,0.032659728737010785,0.3692484585801139,0.3799600252555682,0.4887096881866455,0.4381231665611267,0.6565296649932861,1.1970874071121216,11.048555374145508
1763323523.3335483,-0.032481985491851585,0.0,0.032481985491851585,0.3132724849740043,0.36623546440619964,0.456818163394928,0.4183284044265747,0.1999140828847885,2.0819878578186035,11.025667190551758
1763323523.3537805,-0.032149315647475196,0.0,0.032149315647475196,0.2875501582631841,0.3229782949807121,0.4403225779533386,0.4007331132888794,0.13771270215511322,2.574185609817505,11.258363723754883
1763323523.3856003,-0.03167737639768946,0.0,0.03167737639768946,0.33844799122307445,0.3173649362893774,0.3985337018966675,0.37873899936676025,0.28631919622421265,3.243218183517456,22.97496795654297
1763323523.4093874,-0.031080713353206495,0.0,0.031080713353206495,0.3477197852218523,0.3873649362893774,0.37104105949401855,0.36114364862442017,0.21212083101272583,1.623802900314331,23.522138595581055
1763323523.4328678,-0.030562675264455455,0.0,0.030562675264455455,0.3189056594157591,0.36415498819667835,0.35124629735946655,0.3446480631828308,0.11878178268671036,3.125490665435791,23.207664489746094
1763323523.466643,-0.029175115979618978,0.0,0.029175115979618978,0.25466093460563566,0.3310766902239992,0.33365103602409363,0.32595309615135193,0.19154998660087585,1.1425764560699463,23.450613021850586
1763323523.4818954,-0.028331489935854777,0.0,0.028331489935854777,0.2513780118199065,0.3300180253526195,0.33035191893577576,0.33804982900619507,0.13418488204479218,3.681230306625366,15.003442764282227
1763323523.4948251,-0.027443557300208515,0.0,0.027443557300208515,0.28943282079417254,0.3495862339576705,0.33035191893577576,0.33804982900619507,0.3414875566959381,4.471627712249756,11.72327995300293
1763323523.5265307,-0.026548251543420127,0.0,0.026548251543420127,0.3360398494871333,0.2878472399851306,0.32265397906303406,0.33365103602409363,0.06261898577213287,4.342141151428223,23.3461856842041
1763323523.549964,-0.025671420249116138,0.0,0.025671420249116138,0.402462297049351,0.28465902199503024,0.30505862832069397,0.33804982900619507,0.10352865606546402,4.012738227844238,23.172616958618164
1763323523.5731502,-0.0248305297504203,0.0,0.0248305297504203,0.38663379002828147,0.31271636811550696,0.29736068844795227,0.3347507417201996,0.14477208256721497,1.1418004035949707,22.906780242919922
1763323523.6075144,-0.023296651402404143,0.0,0.023296651402404143,0.39597088557202365,0.28158969385083754,0.303958922624588,0.33365103602409363,0.15122967958450317,2.3422389030456543,24.00350570678711
1763323523.6310105,-0.022572881494212032,0.0,0.022572881494212032,0.395209578378126,0.26041483086999495,0.3017595112323761,0.32595309615135193,0.2240106165409088,1.4537858963012695,23.226022720336914
1763323523.653808,-0.02194448598119637,0.0,0.02194448598119637,0.36971839102916415,0.27893629623111327,0.30505862832069397,0.31495603919029236,0.12033956497907639,0.8503881096839905,22.542238235473633
1763323523.6876009,-0.02075190729370061,0.0,0.02075190729370061,0.3977590497117489,0.20893629623111326,0.3314516246318817,0.29516127705574036,0.11088360846042633,1.3554527759552002,23.537158966064453
1763323523.7110126,-0.020204997095502778,0.0,0.020204997095502778,0.42793373907916243,0.16905083862598974,0.3501465916633606,0.28526392579078674,0.1670692414045334,1.330186128616333,23.15831184387207
1763323523.7341242,-0.019737330333394008,0.0,0.019737330333394008,0.4203214240726083,0.1871623730426653,0.3633430600166321,0.2742668688297272,0.8650463223457336,1.9430007934570312,22.855520248413086
1763323523.7679367,-0.018994070458111304,0.0,0.018994070458111304,0.36787300980649884,0.2571623730426653,0.3908357620239258,0.2511729896068573,0.16311059892177582,1.538632869720459,23.48470687866211
1763323523.7917168,-0.018699977798387727,0.0,0.018699977798387727,0.3849922460969537,0.3199002253776415,0.40183281898498535,0.23687681555747986,0.08827006071805954,1.0148420333862305,23.526668548583984
1763323523.81484,-0.018649717276724716,0.0,0.018649717276724716,0.3149922460969537,0.3899002253776415,0.410630464553833,0.21928152441978455,0.09804742783308029,0.9028193950653076,22.864341735839844
1763323523.8487368,-0.02124384143624408,0.0,0.02124384143624408,0.2944648814108222,0.427249665535055,0.41502928733825684,0.22697946429252625,0.1030518189072609,1.234605073928833,23.554325103759766
1763323523.8717725,-0.022900162601910586,0.0,0.022900162601910586,0.29202141647227103,0.457816134369932,0.40953075885772705,0.23027858138084412,0.1277870237827301,2.626638650894165,22.777318954467773
1763323523.8948388,-0.02595360935147211,0.0,0.02595360935147211,0.3591986898053437,0.4738071553176268,0.4084310531616211,0.24237534403800964,0.18543997406959534,5.6160664558410645,22.810697555541992
1763323523.917477,-0.03005871052091607,0.0,0.03005871052091607,0.4051224853564053,0.4395145915215834,0.39633429050445557,0.28306451439857483,0.0664961114525795,3.6035566329956055,22.394657135009766
1763323523.950873,-0.03982107757100563,0.0,0.03982107757100563,0.369347442286089,0.3695145915215834,0.35344570875167847,0.365542471408844,0.40139222145080566,2.479203701019287,23.087739944458008
1763323523.974261,-0.044896621072577955,0.0,0.044896621072577955,0.439347442286089,0.31610409495886405,0.35894423723220825,0.3974339962005615,0.07981041818857193,1.4901998043060303,23.131847381591797
1763323523.997749,-0.0497452783992436,0.0,0.0497452783992436,0.4280411610845476,0.34068374102469523,0.365542471408844,0.4227272868156433,0.5406943559646606,1.5266339778900146,23.23460578918457
1763323524.031879,-0.05589758439719464,0.0,0.05589758439719464,0.43394398042000826,0.3612566995387896,0.36884164810180664,0.4326246380805969,0.4021519720554352,1.4015581607818604,23.77486228942871
1763323524.055459,-0.05654339277352157,0.0,0.05654339277352157,0.4091472505126148,0.3747055004304274,0.3699413537979126,0.4161289930343628,0.6852202415466309,1.2546933889389038,23.319244384765625
1763323524.0784829,-0.05606775413043539,0.0,0.05606775413043539,0.36486103297211225,0.39669273746665557,0.37653958797454834,0.4007331132888794,0.3550220727920532,1.4169414043426514,22.77350425720215
1763323524.112057,-0.05446717192962717,0.0,0.05446717192962717,0.34573838026262815,0.38474650447722514,0.3831378221511841,0.38863635063171387,0.5392885804176331,2.129582166671753,23.3156681060791
1763323524.1351333,-0.05277278799762581,0.0,0.05277278799762581,0.35252655255608256,0.4208174473559483,0.38423752784729004,0.3776392936706543,0.28854161500930786,3.340426445007324,22.818803787231445
1763323524.1579828,-0.05077107147477989,0.0,0.05077107147477989,0.36035081143490966,0.4476124341553076,0.39193546772003174,0.3776392936706543,0.10912537574768066,4.8489885330200195,22.589921951293945
1763323524.180691,-0.04639157712616515,0.0,0.04639157712616515,0.41220161835663016,0.3776124341553076,0.3930351734161377,0.3743401765823364,0.0971776470541954,6.188633918762207,22.46403694152832
1763323524.2041543,-0.044194992247718494,0.0,0.044194992247718494,0.4429356991779059,0.3815468087000771,0.39193546772003174,0.3776392936706543,0.2169802337884903,3.6138010025024414,13.18979263305664
1763323524.2224064,-0.042070523673732776,0.0,0.042070523673732776,0.4843778438400477,0.3599773126794024,0.3908357620239258,0.3754398822784424,0.29463502764701843,0.8735459446907043,11.490821838378906
1763323524.2422795,-0.04005213581670537,0.0,0.04005213581670537,0.41437784384004767,0.4299773126794024,0.39193546772003174,0.3754398822784424,0.3103698194026947,1.386498212814331,11.369705200195312
1763323524.262302,-0.03816062394667741,0.0,0.03816062394667741,0.44897896598093207,0.4403064455790444,0.39193546772003174,0.3776392936706543,0.08787564188241959,2.04012131690979,11.394500732421875
1763323524.2821827,-0.03640708824799366,0.0,0.03640708824799366,0.49869065905921156,0.4671942014200612,0.3930351734161377,0.37324047088623047,0.30810651183128357,1.5333172082901,11.275529861450195
1763323524.3023844,-0.034884623784504014,0.0,0.034884623784504014,0.47011451411060984,0.4075177665753289,0.3974339962005615,0.3754398822784424,0.11737976968288422,0.769643247127533,11.46388053894043
1763323524.3224618,-0.03347375982651139,0.0,0.03347375982651139,0.46198880380950863,0.3827937077684327,0.40183281898498535,0.37653958797454834,0.08835134655237198,1.760974407196045,11.526823043823242
1763323524.3421273,-0.032177594564772954,0.0,0.032177594564772954,0.44265354319475586,0.39790694694500406,0.410630464553833,0.37873899936676025,0.14200565218925476,0.5977212190628052,11.219501495361328
1763323524.3632681,-0.030995257069987542,0.0,0.030995257069987542,0.4469096277561038,0.4342747917352243,0.4227272868156433,0.3930351734161377,0.16311746835708618,0.41130852699279785,12.346029281616211
1763323524.3829298,-0.029923142493006337,0.0,0.029923142493006337,0.38659644394181664,0.4778217552183195,0.4326246380805969,0.39413487911224365,0.12300218641757965,0.7125304937362671,12.022256851196289
1763323524.4029746,-0.028996269963578028,0.0,0.028996269963578028,0.40878058678470547,0.4241716405330225,0.44252198934555054,0.4007331132888794,0.10962356626987457,0.7342384457588196,12.058019638061523
1763323524.4337485,-0.028194707344302353,0.0,0.028194707344302353,0.3481582597550004,0.43350198212545354,0.45241934061050415,0.4029325246810913,0.1928127408027649,1.5853625535964966,22.830963134765625
1763323524.4592414,-0.02750130763334445,0.0,0.02750130763334445,0.36259789752773935,0.37015986535232503,0.4535190463066101,0.40733134746551514,0.31109410524368286,1.8858556747436523,25.200366973876953
1763323524.4844084,-0.026422429028160856,0.0,0.026422429028160856,0.40458262699656183,0.3075598860112949,0.456818163394928,0.41722869873046875,0.37991559505462646,1.3987007141113281,24.883508682250977
1763323524.5205593,-0.02570851389453297,0.0,0.02570851389453297,0.36309833067469294,0.3606895813671871,0.4216275215148926,0.4161289930343628,0.14516681432724,0.3151095509529114,25.805950164794922
1763323524.546523,-0.025447367453391125,0.0,0.025447367453391125,0.3724558994825929,0.38447466399054964,0.4084310531616211,0.41722869873046875,0.19730626046657562,0.5605653524398804,25.656700134277344
1763323524.5795903,-0.02504079764594844,0.0,0.02504079764594844,0.374405499077402,0.4046874688891693,0.3798387050628662,0.39193546772003174,0.11709348112344742,1.1781699657440186,22.759199142456055
1763323524.6046011,-0.024847403472023293,0.0,0.024847403472023293,0.3080532210832461,0.40287308406084765,0.37324047088623047,0.37324047088623047,0.08346188813447952,2.5353212356567383,24.742841720581055
1763323524.6313953,-0.0246646434962183,0.0,0.0246646434962183,0.2772069717710837,0.3991399489995091,0.36884164810180664,0.37324047088623047,0.16250112652778625,3.9049787521362305,26.477813720703125
1763323524.6751225,-0.024228629565185275,0.0,0.024228629565185275,0.2803392417216673,0.3291399489995091,0.35344570875167847,0.3699413537979126,0.07848139852285385,7.26379919052124,33.33258628845215
1763323524.6986687,-0.023774298677400156,0.0,0.023774298677400156,0.2103392417216673,0.29668175167404104,0.340249240398407,0.3721407651901245,0.0578434132039547,2.0104310512542725,13.19265365600586
1763323524.7183516,-0.02351667979420532,0.0,0.02351667979420532,0.22824268887285137,0.30024580838158715,0.3292522132396698,0.3743401765823364,0.21128693222999573,4.654825210571289,12.898683547973633
1763323524.7564507,-0.023293008502493134,0.0,0.023293008502493134,0.17069938878063107,0.25751608045771707,0.29296186566352844,0.3721407651901245,0.14880222082138062,5.856060981750488,31.0213565826416
1763323524.7808433,-0.022798173656286856,0.0,0.022798173656286856,0.24069938878063107,0.26993728889152396,0.2687683403491974,0.3501465916633606,0.1217113733291626,2.4610989093780518,14.045000076293945
1763323524.803684,-0.022386733908809766,0.0,0.022386733908809766,0.25810745986644174,0.2257380270771681,0.2577712833881378,0.33804982900619507,0.03321760147809982,3.2752437591552734,16.912221908569336
1763323524.8208475,-0.02151095592041315,0.0,0.02151095592041315,0.25389712978620077,0.1815655910782515,0.2577712833881378,0.33804982900619507,0.019696911796927452,2.160299301147461,14.0838623046875
1763323524.849362,-0.019971887608931056,0.0,0.019971887608931056,0.2465585938142612,0.16575873730704177,0.24237534403800964,0.29296186566352844,0.11459846794605255,1.473154067993164,22.601604461669922
1763323524.8847377,-0.017972244904105674,0.0,0.017972244904105674,0.21591727830935264,0.23575873730704178,0.24237534403800964,0.2511729896068573,0.1049816831946373,0.763063907623291,34.93762016296387
1763323524.9086835,-0.010895637789179053,0.0,0.010895637789179053,0.15419359155464912,0.21627557149156917,0.2412756383419037,0.23687681555747986,0.15327291190624237,2.779637336730957,13.576030731201172
1763323524.9285877,-0.008525364714111562,0.0,0.008525364714111562,0.1389535807492211,0.2361793561093508,0.23907622694969177,0.21928152441978455,0.14866074919700623,2.697388172149658,13.53907585144043
1763323524.948367,-0.006467433114392589,0.0,0.006467433114392589,0.16341562312562014,0.2049690174125134,0.2357771098613739,0.22258064150810242,0.21238845586776733,2.7612013816833496,13.320207595825195
1763323524.9823341,-0.004463306589779103,0.0,0.004463306589779103,0.14126231264788652,0.18705703003332008,0.23027858138084412,0.22148093581199646,0.08562242984771729,1.4085931777954102,27.248859405517578
1763323525.0096688,-0.002589798459421531,0.0,0.002589798459421531,0.1775853123934939,0.16624430252239097,0.2005864977836609,0.21708211302757263,0.26709312200546265,3.388458728790283,26.934146881103516
1763323525.047922,0.000734020394891164,0.0,-0.000734020394891164,0.1873786814929917,0.12617680488154281,0.1851906180381775,0.2104838490486145,0.06053151190280914,2.6558992862701416,27.84872055053711
1763323525.074908,0.002183195383477125,0.0,-0.002183195383477125,0.15135903586167837,0.1260116204456425,0.1774926483631134,0.20498532056808472,0.06668238341808319,0.29391294717788696,26.684284210205078
1763323525.1350567,0.004679691550976005,0.0,-0.004679691550976005,0.15308842737693334,0.08704438356915478,0.17199411988258362,0.17419353127479553,0.09852317720651627,0.40712881088256836,49.83973503112793
1763323525.1585245,0.007432777917748305,0.0,-0.007432777917748305,0.16589514002669598,0.1570443835691548,0.16649560630321503,0.16539590060710907,0.05902249738574028,0.9320800304412842,13.100862503051758
1763323525.1781993,0.008110239770067841,0.0,-0.008110239770067841,0.23589514002669598,0.14199506292352443,0.16319648921489716,0.15329910814762115,0.04467236250638962,2.301635980606079,12.827157974243164
1763323525.3204396,0.00869047020939112,0.0,-0.00869047020939112,0.23871644812170412,0.11111927205929523,0.1928885579109192,0.13350440561771393,0.08415298908948898,0.799893856048584,135.07556915283203
1763323525.3441641,0.009875214990487633,0.0,-0.009875214990487633,0.2340666231932118,0.1326090189279056,0.2203812301158905,0.13350440561771393,0.05806180089712143,0.6744517087936401,13.519763946533203
1763323525.3640532,0.009183635302628118,0.0,-0.009183635302628118,0.2984346998156979,0.18412937024841075,0.23137828707695007,0.13350440561771393,0.10327011346817017,0.6534175872802734,13.411998748779297
1763323525.384,0.007612257941918823,0.0,-0.007612257941918823,0.28038560685236,0.1411212551058269,0.23797652125358582,0.13350440561771393,0.12565451860427856,0.736670196056366,13.360261917114258
1763323525.4039059,0.006247947998181823,0.0,-0.006247947998181823,0.22192500617820765,0.12546485649654632,0.2412756383419037,0.13020528852939606,0.22613759338855743,0.9486695528030396,13.265848159790039
1763323525.4232411,0.003801540289179425,0.0,-0.003801540289179425,0.20403450254816557,0.14592302019009357,0.24457475543022156,0.13350440561771393,0.536543607711792,1.3607945442199707,12.60828971862793
1763323525.44315,0.0003445802642519243,0.0,-0.0003445802642519243,0.2235248768003657,0.1048496792674995,0.25227269530296326,0.13460411131381989,0.3912070691585541,1.1896926164627075,12.517452239990234
1763323525.463203,-0.003965749207689023,0.0,0.003965749207689023,0.2142299375729635,0.1606529968441463,0.2555718719959259,0.13240469992160797,0.27323636412620544,1.1805583238601685,12.568235397338867
1763323525.4833097,-0.008916925720263227,0.0,0.008916925720263227,0.26642743863631035,0.1985093484283424,0.2555718719959259,0.13460411131381989,0.28403958678245544,1.0114858150482178,12.66026496887207
1763323525.503241,-0.014263590113079195,0.0,0.014263590113079195,0.3023152648704126,0.17849252918967967,0.2555718719959259,0.13460411131381989,0.43469640612602234,0.9298668503761292,12.603759765625
1763323525.5231864,-0.019784469774484986,0.0,0.019784469774484986,0.2832420914666727,0.16393048582831388,0.2555718719959259,0.13460411131381989,0.4930797517299652,1.6307344436645508,12.553930282592773
1763323525.5432684,-0.025321281654950564,0.0,0.025321281654950564,0.27317560643423344,0.19149098811903958,0.2555718719959259,0.1368035227060318,0.3258635699748993,1.4614355564117432,12.634992599487305
1763323525.5631964,-0.030723237654036385,0.0,0.030723237654036385,0.24861541010905053,0.1861875917413271,0.2555718719959259,0.13570381700992584,0.44088152050971985,0.937530517578125,12.572765350341797
1763323525.5835392,-0.03588915742128508,0.0,0.03588915742128508,0.2615442321868613,0.19779025051975613,0.25667157769203186,0.13790322840213776,0.6771833300590515,2.188791513442993,12.890338897705078
1763323525.6032352,-0.04075498377569035,0.0,0.04075498377569035,0.22025268238503481,0.1665735937305725,0.25447216629981995,0.15329910814762115,0.9313995242118835,3.038536548614502,12.593507766723633
1763323525.6232603,-0.04497961844703126,0.0,0.04497961844703126,0.19354927253443743,0.20549717393005257,0.2555718719959259,0.16319648921489716,0.5816758871078491,1.8560765981674194,12.624025344848633
1763323525.642487,-0.04895206846496265,0.0,0.04895206846496265,0.19999931140337135,0.21474075816804533,0.2555718719959259,0.17639294266700745,0.7340584397315979,2.447946071624756,11.852502822875977
1763323525.6625183,-0.05264466246097835,0.0,0.05264466246097835,0.18833314666990186,0.28474075816804534,0.2555718719959259,0.1829911768436432,0.6237471103668213,1.5347415208816528,11.885881423950195
1763323525.6826286,-0.056005128119216006,0.0,0.056005128119216006,0.18652315349318083,0.21602476112777358,0.25007328391075134,0.18958944082260132,0.6763772964477539,3.4663493633270264,11.99650764465332
1763323525.7026455,-0.05904633922005661,0.0,0.05904633922005661,0.21385497883893545,0.2547992216818965,0.24017593264579773,0.19838708639144897,0.47313448786735535,1.7841334342956543,12.007951736450195
1763323525.7225888,-0.06174522365859914,0.0,0.06174522365859914,0.24422253393568094,0.2594346423097885,0.23137828707695007,0.21708211302757263,0.90128493309021,5.222654342651367,11.956930160522461
1763323525.742512,-0.06413520588592254,0.0,0.06413520588592254,0.2397091519553214,0.2687640926265157,0.22478005290031433,0.22697946429252625,0.6473252177238464,1.617614984512329,11.878252029418945
1763323525.7625904,-0.06612635925434736,0.0,0.06612635925434736,0.2435742877889424,0.2626613793359137,0.22258064150810242,0.2357771098613739,0.5072433948516846,3.959066390991211,11.957645416259766
1763323525.7826083,-0.06726245456000801,0.0,0.06726245456000801,0.24232460458297278,0.2567922571138478,0.22258064150810242,0.2357771098613739,0.3946126401424408,1.2867419719696045,11.97671890258789
1763323525.8024952,-0.06704699938954654,0.0,0.06704699938954654,0.2521040858002379,0.21319792283931738,0.22697946429252625,0.24457475543022156,0.4662969708442688,1.97432279586792,11.85464859008789
1763323525.8227656,-0.0653728993041585,0.0,0.0653728993041585,0.2534800600726157,0.23055141842225557,0.22697946429252625,0.2588709890842438,0.30359259247779846,3.754333972930908,12.130260467529297
1763323525.842597,-0.0639194028682197,0.0,0.0639194028682197,0.26186677445657547,0.2150845635146833,0.22697946429252625,0.2610704004764557,0.3940627872943878,3.044520378112793,11.965036392211914
1763323525.8628376,-0.06134652732648967,0.0,0.06134652732648967,0.3005063236225396,0.210802831260953,0.2258797585964203,0.2588709890842438,0.4690222442150116,1.5915011167526245,12.189388275146484
1763323525.882799,-0.05806396083131028,0.0,0.05806396083131028,0.28593443431891497,0.19607192235300308,0.22697946429252625,0.25997069478034973,0.5492942929267883,2.0746402740478516,12.166738510131836
1763323525.9025762,-0.054334540682628364,0.0,0.054334540682628364,0.2562496485654264,0.22316282199928528,0.2280791699886322,0.2588709890842438,0.43890002369880676,2.2981109619140625,11.942625045776367
1763323525.9225798,-0.05039303320519294,0.0,0.05039303320519294,0.24603451420553024,0.26495793791720634,0.23027858138084412,0.25447216629981995,0.14182351529598236,2.0954763889312744,11.950016021728516
1763323525.9424403,-0.04640809203163344,0.0,0.04640809203163344,0.2919066325295716,0.2274531717807985,0.24237534403800964,0.24677416682243347,0.3005557954311371,2.0151238441467285,11.812686920166016
1763323525.9623501,-0.04249800536422116,0.0,0.04249800536422116,0.3259005807805806,0.22749481207531053,0.24237534403800964,0.24677416682243347,0.1437130570411682,1.341813325881958,11.723995208740234
1763323525.9826596,-0.038742961090201866,0.0,0.038742961090201866,0.32663041154155503,0.22836446648536357,0.24897357821464539,0.23467740416526794,0.4264413118362427,2.458359718322754,12.024402618408203
1763323526.0025237,-0.03519457002057037,0.0,0.03519457002057037,0.3302275339257903,0.17036751171646747,0.2632698118686676,0.233577698469162,0.7402135133743286,2.326004981994629,11.888980865478516
1763323526.0225158,-0.03188323369111422,0.0,0.03188323369111422,0.3408073080820031,0.24036751171646747,0.2709677517414093,0.22697946429252625,0.2750741243362427,1.4283162355422974,11.883258819580078
1763323526.0426626,-0.028823820860988402,0.0,0.028823820860988402,0.27968072948278855,0.29626047840414677,0.28306451439857483,0.2258797585964203,0.27962449193000793,2.087745189666748,12.033700942993164
1763323526.0626493,-0.026167560531354318,0.0,0.026167560531354318,0.3182080282014794,0.3249010559737507,0.29516127705574036,0.22148093581199646,0.14250941574573517,2.509773015975952,12.02392578125
1763323526.0826454,-0.023713786626450677,0.0,0.023713786626450677,0.35530330670299004,0.3345071519359771,0.30505862832069397,0.21378299593925476,0.07104846835136414,1.7003517150878906,12.013912200927734
1763323526.102635,-0.02150575267974645,0.0,0.02150575267974645,0.37305324767949055,0.33625646595450226,0.31495603919029236,0.21928152441978455,0.08368684351444244,1.913970947265625,11.991739273071289
1763323526.1225653,-0.01956702529840964,0.0,0.01956702529840964,0.3603480454650707,0.306401397181471,0.31495603919029236,0.21928152441978455,0.11962141841650009,1.070397138595581,11.932611465454102
1763323526.1424804,-0.018149443244688413,0.0,0.018149443244688413,0.3711028467980213,0.31311139239536706,0.31825515627861023,0.22258064150810242,0.08212053775787354,0.5822242498397827,11.848688125610352
1763323526.1624067,-0.01749504986472907,0.0,0.01749504986472907,0.36631234419764946,0.28702326825427,0.32265397906303406,0.23467740416526794,0.06054269149899483,0.5531432628631592,11.774063110351562
1763323526.1825588,-0.01746885466750954,0.0,0.01746885466750954,0.39375493359984826,0.21702326825426999,0.3347507417201996,0.2808651030063629,0.13735510408878326,1.5436756610870361,11.925220489501953
1763323526.2024784,-0.01787968400266245,0.0,0.01787968400266245,0.4362031264347024,0.26461017495559636,0.34134894609451294,0.2984603941440582,0.33375561237335205,1.0407131910324097,11.844635009765625
1763323526.2226768,-0.018542806759061673,0.0,0.018542806759061673,0.38757518735947083,0.2735168411450285,0.3501465916633606,0.2995600998401642,0.14485840499401093,0.6253212094306946,12.047052383422852
1763323526.2425501,-0.01936369105741419,0.0,0.01936369105741419,0.3393202429753728,0.29331962196694794,0.3600439429283142,0.2940615713596344,0.15006934106349945,1.1294126510620117,11.916399002075195
1763323526.2625635,-0.020272519116150245,0.0,0.020272519116150245,0.31708836426259945,0.24561174018846932,0.37104105949401855,0.2962609827518463,0.10638165473937988,1.291195034980774,11.933565139770508
1763323526.2825613,-0.02106158684022711,0.0,0.02106158684022711,0.35976911206962536,0.2788098546730179,0.37104105949401855,0.2962609827518463,0.12266538292169571,0.7666944265365601,11.929512023925781
1763323526.3035486,-0.021903567866314325,0.0,0.021903567866314325,0.3269914375734515,0.3488098546730179,0.37873899936676025,0.2984603941440582,0.06592008471488953,0.9901696443557739,12.914419174194336
1763323526.324996,-0.02276011111571008,0.0,0.02276011111571008,0.3005922293406911,0.29250745622979585,0.38423752784729004,0.29296186566352844,0.0796259194612503,0.7573980689048767,14.323234558105469
1763323526.3618474,-0.023644622794714243,0.0,0.023644622794714243,0.2604135541361756,0.2408437035845417,0.38093841075897217,0.2918621599674225,0.08762403577566147,1.350156307220459,31.090497970581055
1763323526.3991716,-0.02537996918510348,0.0,0.02537996918510348,0.23472104278625916,0.2361376132683653,0.3776392936706543,0.28526392579078674,0.0493774488568306,2.659217119216919,26.95941925048828
1763323526.4266288,-0.026958764044783017,0.0,0.026958764044783017,0.1898615328711457,0.24818589872287694,0.3314516246318817,0.2863636314868927,0.22729329764842987,2.0422892570495605,27.153491973876953
1763323526.4621158,-0.028281681080589063,0.0,0.028281681080589063,0.19824103416176508,0.23267748820202533,0.2984603941440582,0.278665691614151,0.19944289326667786,0.7148194313049316,25.18630027770996
1763323526.4744465,-0.028811032150779053,0.0,0.028811032150779053,0.21094466616632412,0.16267748820202532,0.2984603941440582,0.278665691614151,0.11381565779447556,1.922187089920044,12.111663818359375
1763323526.4889467,-0.02927062826489262,0.0,0.02927062826489262,0.22270884608151387,0.15016230745779457,0.2764662802219391,0.27206745743751526,0.21611221134662628,1.490833044052124,12.079715728759766
1763323526.5086024,-0.029667416345517898,0.0,0.029667416345517898,0.20463018362643193,0.14403894162343922,0.25667157769203186,0.2588709890842438,0.20431415736675262,1.1683815717697144,11.731386184692383
1763323526.5287893,-0.03001012188784222,0.0,0.03001012188784222,0.21380666607292365,0.1694061270968813,0.24677416682243347,0.24237534403800964,0.12285494804382324,2.4018986225128174,11.917829513549805
1763323526.5487256,-0.030306230789571946,0.0,0.030306230789571946,0.1643871624139137,0.2264412864165205,0.23907622694969177,0.22697946429252625,0.08672916144132614,1.3577766418457031,11.85464859008789
1763323526.5688088,-0.030562170658229564,0.0,0.030562170658229564,0.14327332713874052,0.1564412864165205,0.2280791699886322,0.21378299593925476,0.4990403652191162,5.1681718826293945,11.931657791137695
1763323526.5890367,-0.030823892535469338,0.0,0.030823892535469338,0.18105917015345763,0.1239376330988306,0.22258064150810242,0.1950879693031311,0.24793758988380432,2.0959935188293457,12.152671813964844
1763323526.6085997,-0.03108273283041861,0.0,0.03108273283041861,0.1878697640378959,0.1701432207839388,0.21708211302757263,0.1950879693031311,0.1902153491973877,2.9615519046783447,11.728286743164062
1763323526.6287923,-0.031332749926242416,0.0,0.031332749926242416,0.24415090224938463,0.2401432207839388,0.2104838490486145,0.19838708639144897,0.23249268531799316,1.6514931917190552,11.909723281860352
1763323526.6850615,-0.03161047732736085,0.0,0.03161047732736085,0.21567829801933835,0.20685512563752118,0.1928885579109192,0.18079176545143127,0.1577901840209961,0.912041187286377,48.18606376647949
1763323526.7697277,-0.03244248896588397,0.0,0.03244248896588397,0.22420567191438745,0.23584380923377457,0.19728738069534302,0.19838708639144897,0.09943703562021255,2.1339449882507324,74.47075843811035
1763323526.7905123,-0.03333901834363157,0.0,0.03333901834363157,0.22351554873166601,0.20202963976727906,0.19838708639144897,0.2027859091758728,0.1774316430091858,1.5651757717132568,10.580062866210938
1763323526.8132055,-0.03343091528128333,0.0,0.03343091528128333,0.2098992541315965,0.14219456716047707,0.2005864977836609,0.20718473196029663,0.14474503695964813,4.840447425842285,13.247489929199219
1763323526.8331375,-0.03330095118657973,0.0,0.03330095118657973,0.20924280082108448,0.09444680987464371,0.2082844376564026,0.20608502626419067,0.11043159663677216,0.7941396832466125,13.207197189331055
1763323526.8531203,-0.0329394561502651,0.0,0.0329394561502651,0.20014791154535483,0.049796847538818745,0.21158358454704285,0.20938414335250854,0.17549879848957062,1.470880150794983,13.192892074584961
1763323526.8730595,-0.032426671417408515,0.0,0.032426671417408515,0.19186401424231003,0.0,0.2181818187236786,0.20718473196029663,1.0691455602645874,1.9603281021118164,13.136148452758789
1763323526.8926694,-0.03182231820998917,0.0,0.03182231820998917,0.13979152647079895,0.05996501445770264,0.21928152441978455,0.2082844376564026,0.43912073969841003,3.147576332092285,12.742996215820312
1763323526.9121807,-0.031170290997167716,0.0,0.031170290997167716,0.12732249834807585,0.01131262257695198,0.2181818187236786,0.20718473196029663,0.8317782878875732,2.100701332092285,12.255191802978516
1763323526.9323204,-0.030604184323950855,0.0,0.030604184323950855,0.057322498348075845,0.04508091136813164,0.21928152441978455,0.18189147114753723,0.5799008011817932,1.737058162689209,12.397050857543945
1763323526.9522579,-0.030010826194258364,0.0,0.030010826194258364,0.08892709010513494,0.09236926585435867,0.22368034720420837,0.16319648921489716,1.1587542295455933,1.9065402746200562,12.334823608398438
1763323526.9723198,-0.029414177626814184,0.0,0.029414177626814184,0.04794840880902479,0.10487816948443651,0.21708211302757263,0.14890028536319733,0.4635958671569824,0.983588695526123,12.397050857543945
1763323526.9925838,-0.028871396096014457,0.0,0.028871396096014457,0.07398935214849184,0.17487816948443652,0.2082844376564026,0.1291055828332901,0.132284477353096,0.5761236548423767,12.662172317504883
1763323527.0122488,-0.028420762404687674,0.0,0.028420762404687674,0.021105056565720537,0.13464193854480982,0.19398826360702515,0.11810849606990814,0.1160997822880745,1.6967747211456299,12.322187423706055
1763323527.0323386,-0.028167292903992933,0.0,0.028167292903992933,0.009223056894261339,0.06464193854480982,0.1829911768436432,0.1115102618932724,0.0752975270152092,1.4143388271331787,12.414932250976562
1763323527.0522401,-0.028259589455831808,0.0,0.028259589455831808,0.0,0.04140360001474619,0.16099707782268524,0.11041055619716644,0.04496586322784424,0.418373703956604,12.31837272644043
1763323527.0716057,-0.02875132747632495,0.0,0.02875132747632495,0.03493834286928177,0.10649822745472193,0.14560116827487946,0.12250731885433197,0.047076914459466934,2.8348286151885986,11.686563491821289
1763323527.092071,-0.029547977919270753,0.0,0.029547977919270753,0.053793180733919144,0.07678903918713331,0.13350440561771393,0.11810849606990814,0.06387049704790115,1.315649151802063,12.13526725769043
1763323527.1257887,-0.030535418924396627,0.0,0.030535418924396627,0.04891942534595728,0.025686628185212612,0.0939149409532547,0.11700879037380219,0.13465692102909088,1.781022548675537,25.80738067626953
1763323527.1525185,-0.03162935541649988,0.0,0.03162935541649988,0.0,0.07936147134751081,0.08841641247272491,0.1115102618932724,0.08881080150604248,0.4315708875656128,26.447772979736328
1763323527.1749825,-0.03363348527354333,0.0,0.03363348527354333,0.0,0.06368405651301146,0.08511729538440704,0.10601173341274261,0.34553179144859314,1.2819926738739014,12.171030044555664
1763323527.194454,-0.0346518157393581,0.0,0.0346518157393581,0.002663434250280261,0.03224619012326002,0.08291789144277573,0.10051320493221283,0.097874715924263,3.2145330905914307,11.68370246887207
1763323527.2146204,-0.035497008642708466,0.0,0.035497008642708466,0.003501052036881447,0.04199855029582977,0.07412024587392807,0.09501464664936066,0.20588380098342896,0.35132235288619995,11.846065521240234
1763323527.2343686,-0.03603795701240846,0.0,0.03603795701240846,0.0,0.054009987972676754,0.06642227619886398,0.08841641247272491,0.28458330035209656,0.9550337791442871,11.598587036132812
1763323527.254496,-0.036151186944365074,0.0,0.036151186944365074,0.0,0.03740185219794512,0.04222872480750084,0.08291789144277573,0.3444787561893463,1.0701913833618164,11.704683303833008
1763323527.274323,-0.035843064157167134,0.0,0.035843064157167134,0.007033707574009895,0.05003231856971979,0.025733139365911484,0.07741936296224594,0.206020325422287,1.4735817909240723,11.556625366210938
1763323527.2943482,-0.03525039856255746,0.0,0.03525039856255746,0.0,0.014841080643236637,0.016935493797063828,0.07412024587392807,0.4086950123310089,2.934452533721924,11.576175689697266
1763323527.3144214,-0.03447571474263327,0.0,0.03447571474263327,0.04738418385386467,0.009385420940816402,0.011436939239501953,0.0686216875910759,0.10520194470882416,1.6890934705734253,11.650562286376953
1763323527.3343172,-0.03359502133618763,0.0,0.03359502133618763,0.09573034942150116,0.011499832617118955,0.008137822151184082,0.06422286480665207,0.2613679766654968,0.6168174743652344,11.546134948730469
1763323527.3544958,-0.03266390632724484,0.0,0.03266390632724484,0.09425869432743639,0.0,0.005938410758972168,0.062023453414440155,0.11118584126234055,0.8109296560287476,11.724233627319336
1763323527.374421,-0.03185548850398563,0.0,0.03185548850398563,0.09703489800449461,0.07,0.002639293670654297,0.058724336326122284,0.09182237088680267,0.3408910036087036,11.654138565063477
1763323527.3944468,-0.031020419903307825,0.0,0.031020419903307825,0.13446651434060186,0.019190422892570502,0.010337233543395996,0.05212610214948654,0.03407555818557739,0.4135661721229553,11.673927307128906
1763323527.4143436,-0.03018884833857593,0.0,0.03018884833857593,0.09567344223614782,0.0,0.0202346108853817,0.047727279365062714,0.0738186314702034,1.1753489971160889,11.575937271118164
1763323527.4344773,-0.029381621726797758,0.0,0.029381621726797758,0.048637949279509485,0.008204990066587925,0.022434022277593613,0.036730196326971054,0.13456232845783234,0.7603356838226318,11.70802116394043
1763323527.4543557,-0.028612579014379712,0.0,0.028612579014379712,0.029685128829441965,0.025245211087167263,0.04442816227674484,0.04112901911139488,0.2590087950229645,0.7880507707595825,11.583805084228516
1763323527.4744906,-0.027890326129987,0.0,0.027890326129987,0.021472153603099287,0.03848495986312628,0.06642227619886398,0.036730196326971054,0.13486018776893616,0.765140175819397,11.719226837158203
1763323527.494405,-0.027219607442262626,0.0,0.027219607442262626,0.016741664498113096,0.014208574779331684,0.08291789144277573,0.03343107923865318,0.33203259110450745,1.4255485534667969,11.633157730102539
1763323527.514363,-0.02660236011851678,0.0,0.02660236011851678,0.07635414728429168,0.05985906068235636,0.086217001080513,0.03123166784644127,0.5291566252708435,1.1447839736938477,11.59214973449707
1763323527.5343976,-0.026038520445126303,0.0,0.026038520445126303,0.0895274564391002,0.0,0.08071848005056381,0.032331373542547226,0.3187562823295593,1.4139312505722046,11.627435684204102
1763323527.554442,-0.025526636614904778,0.0,0.025526636614904778,0.1595274564391002,0.0,0.07631965726613998,0.029032256454229355,0.6729843020439148,1.437321662902832,11.67440414428711
1763323527.574451,-0.025064330940272897,0.0,0.025064330940272897,0.15472485176753253,0.024791548028588295,0.07521995157003403,0.029032256454229355,0.4036118686199188,1.7378531694412231,11.68203353881836
1763323527.5945184,-0.024662945350333115,0.0,0.024662945350333115,0.15913339988794178,0.03248752932995558,0.07741936296224594,0.03123166784644127,1.0789016485214233,1.947211742401123,11.747598648071289
1763323527.614561,-0.024300152081911636,0.0,0.024300152081911636,0.12931449623312802,0.0839446997269988,0.08071848005056381,0.02683284506201744,0.9163476228713989,2.046518325805664,11.792659759521484
1763323527.6343367,-0.023973725662616106,0.0,0.023973725662616106,0.12991566850570962,0.12041279580444098,0.09611435234546661,0.014736082404851913,0.5077704191207886,2.4774951934814453,11.567831039428711
1763323527.654271,-0.023681161878441475,0.0,0.023681161878441475,0.08438587083248422,0.10511845350265503,0.11041055619716644,0.010337233543395996,0.5039004683494568,1.1032493114471436,11.496543884277344
1763323527.6743834,-0.02341982890520894,0.0,0.02341982890520894,0.02407630800036714,0.12232095375657082,0.12470673024654388,0.014736082404851913,0.31426185369491577,1.1195241212844849,11.615991592407227
1763323527.6944191,-0.0231870756446576,0.0,0.0231870756446576,0.054797668817918754,0.13248183950781822,0.13240469992160797,0.018035199493169785,0.04861569032073021,0.8213352560997009,11.646747589111328
1763323527.7142909,-0.022980307480539426,0.0,0.022980307480539426,0.09782265952555463,0.15002763085067272,0.13130499422550201,0.032331373542547226,0.09084644913673401,2.2046360969543457,11.519432067871094
1763323527.7343857,-0.022797037408742463,0.0,0.022797037408742463,0.09183805097592995,0.1342257261276245,0.1291055828332901,0.06422286480665207,0.08866973221302032,0.8838977217674255,11.614561080932617
1763323527.7552934,-0.022634918715167086,0.0,0.022634918715167086,0.11143189144087956,0.12440170720219612,0.12140761315822601,0.08731670677661896,0.18058834969997406,3.1324079036712646,12.521743774414062
1763323527.7885716,-0.022451336075120048,0.0,0.022451336075120048,0.16067283448530362,0.11416849959641695,0.12360702455043793,0.12250731885433197,0.13333486020565033,2.5400025844573975,25.729656219482422
1763323527.8137114,-0.022257683298985358,0.0,0.022257683298985358,0.1579843546426855,0.15171865094453096,0.12140761315822601,0.13130499422550201,0.11436674743890762,1.0553936958312988,24.860858917236328
1763323527.8367443,-0.021916161223373757,0.0,0.021916161223373757,0.14394212525105105,0.08171865094453096,0.12030790746212006,0.1291055828332901,0.2888433039188385,0.9425655007362366,12.753009796142578
1763323527.856357,-0.021743694066056207,0.0,0.021743694066056207,0.1360620941198431,0.040963569022715085,0.12250731885433197,0.1291055828332901,0.06300446391105652,0.5035689473152161,12.400388717651367
1763323527.875742,-0.02157641171660674,0.0,0.02157641171660674,0.16157632238930092,0.040771940482663915,0.12140761315822601,0.12800587713718414,0.11578650027513504,0.9480834007263184,11.785268783569336
1763323527.8957148,-0.021376711441066128,0.0,0.021376711441066128,0.09317003853386269,0.07140207452874164,0.12140761315822601,0.13130499422550201,0.10777362436056137,1.5020794868469238,11.761188507080078
1763323527.915904,-0.021159757388189704,0.0,0.021159757388189704,0.14748339272802696,0.12769464565615635,0.1269061416387558,0.1269061416387558,0.05347112938761711,0.9532857537269592,11.952877044677734
1763323527.9362564,-0.020855681198951263,0.0,0.020855681198951263,0.1623603469855152,0.13304487079556565,0.13130499422550201,0.12800587713718414,0.0906328558921814,1.0210423469543457,12.295007705688477
1763323527.955872,-0.020377821872803382,0.0,0.020377821872803382,0.16740637236973271,0.08436698675330262,0.13570381700992584,0.1269061416387558,0.13227060437202454,1.5726077556610107,11.916160583496094
1763323527.9798393,-0.019791850113340004,0.0,0.019791850113340004,0.19048388266703115,0.10977822564716916,0.13460411131381989,0.12580643594264984,0.14116261899471283,1.6885830163955688,15.841007232666016
1763323528.0067143,-0.019105800896774574,0.0,0.019105800896774574,0.20172883627703414,0.07942817755218129,0.14340175688266754,0.12580643594264984,0.24215595424175262,0.9597246050834656,22.76325225830078
1763323528.0373514,-0.0184087484924311,0.0,0.0184087484924311,0.13172883627703413,0.10768584184523206,0.14890028536319733,0.12140761315822601,0.08588571846485138,0.7366419434547424,30.29179573059082
1763323528.0963418,-0.01719697527367919,0.0,0.01719697527367919,0.11683044111123309,0.07736285798426251,0.1774926483631134,0.10711143910884857,0.09270404279232025,1.2974205017089844,48.65002632141113
1763323528.1756501,-0.015422958037225959,0.0,0.015422958037225959,0.08134522562613711,0.050822170676547096,0.17309382557868958,0.09831376373767853,0.08864259719848633,1.96993088722229,68.93038749694824
1763323528.1997404,-0.018063676469542867,0.0,0.018063676469542867,0.10259715555002913,0.04923208604275714,0.17309382557868958,0.09281523525714874,0.1575399488210678,0.48173946142196655,13.649463653564453
1763323528.2192125,-0.02017540800599284,0.0,0.02017540800599284,0.09389693842967972,0.07586369651078712,0.17199411988258362,0.08841641247272491,0.37126436829566956,1.3474130630493164,13.260364532470703
1763323528.2393584,-0.022565859084358875,0.0,0.022565859084358875,0.08038103574654087,0.12478283407806884,0.16869501769542694,0.086217001080513,0.14561042189598083,0.7665174603462219,13.40627670288086
1763323528.259227,-0.02464130974171053,0.0,0.02464130974171053,0.08540986193111166,0.08004614325880538,0.1565982550382614,0.08291789144277573,0.2240227311849594,0.7416935563087463,13.271808624267578
1763323528.2791615,-0.026888862465877825,0.0,0.026888862465877825,0.10654522379627451,0.12000199767469893,0.14890028536319733,0.07741936296224594,0.3585033416748047,1.4374266862869263,13.20648193359375
1763323528.2992892,-0.029237147804183086,0.0,0.029237147804183086,0.06742769008269534,0.10376544098078738,0.14230205118656158,0.07961877435445786,0.17647026479244232,1.122117280960083,13.336181640625
1763323528.3195987,-0.031593511233821266,0.0,0.031593511233821266,0.018103125446941704,0.07970735790848266,0.13240469992160797,0.08181818574666977,0.30429646372795105,0.5676816701889038,13.64445686340332
1763323528.339206,-0.033893383839728196,0.0,0.033893383839728196,0.019777308974880725,0.09701780217408668,0.12580643594264984,0.07961877435445786,0.15916702151298523,1.3859140872955322,13.241291046142578
1763323528.358315,-0.036093406127096474,0.0,0.036093406127096474,0.07493624073686078,0.12027994717180263,0.12030790746212006,0.08181818574666977,0.17120374739170074,1.1545964479446411,12.357711791992188
1763323528.378329,-0.03816609298413304,0.0,0.03816609298413304,0.01903557759942487,0.1554151679080678,0.11590908467769623,0.08071848005056381,0.15547502040863037,1.7649288177490234,12.375354766845703
1763323528.3983288,-0.040095709701946265,0.0,0.040095709701946265,0.03959507850231603,0.1675466316443635,0.10711143910884857,0.08071848005056381,0.2526765763759613,6.848204135894775,12.37344741821289
1763323528.4184935,-0.04187509785806655,0.0,0.04187509785806655,0.0,0.0975466316443635,0.09721405804157257,0.08291789144277573,2.2603068351745605,8.23320198059082,12.542009353637695
1763323528.438365,-0.043503244610155596,0.0,0.043503244610155596,0.07,0.10058580379642079,0.09171552956104279,0.09061582386493683,0.08643405884504318,4.965403079986572,12.41159439086914
1763323528.4584758,-0.04498343240888662,0.0,0.04498343240888662,0.056605732701718814,0.055898927559028366,0.08731670677661896,0.11590908467769623,0.13807037472724915,2.45518159866333,12.523174285888672
1763323528.4785202,-0.04626856924673402,0.0,0.04626856924673402,0.06585463758558036,0.004994247515569428,0.08291789144277573,0.13460411131381989,0.27314966917037964,1.289259672164917,12.564659118652344
1763323528.4984665,-0.04735677343507852,0.0,0.04735677343507852,0.08141116954386235,0.0,0.06312315911054611,0.1390029340982437,0.22541232407093048,1.122056484222412,12.511491775512695
1763323528.518371,-0.048077373050816566,0.0,0.048077373050816566,0.11719440452754498,0.012410097755491734,0.0609237477183342,0.13130499422550201,0.41408199071884155,1.0549801588058472,12.41922378540039
1763323528.5384603,-0.04795765979030709,0.0,0.04795765979030709,0.1305180710554123,0.017893921583890915,0.05982404202222824,0.12360702455043793,0.6227483153343201,1.5497843027114868,12.502908706665039
1763323528.5583968,-0.04640845077086128,0.0,0.04640845077086128,0.12405413219705225,0.03580508194863796,0.058724336326122284,0.12470673024654388,0.9360717535018921,2.4296371936798096,12.444496154785156
1763323528.5786002,-0.04297732950290811,0.0,0.04297732950290811,0.19296984205022455,0.056991126388311386,0.06642227619886398,0.11260996758937836,0.4555424749851227,2.0469181537628174,12.632608413696289
1763323528.5983846,-0.03748050974760991,0.0,0.03748050974760991,0.12296984205022454,0.0943237692117691,0.0686216875910759,0.10161291062831879,0.4243727922439575,2.2046658992767334,12.427806854248047
1763323528.6184747,-0.03020862955147737,0.0,0.03020862955147737,0.12970380065962672,0.12592703104019165,0.0686216875910759,0.0939149409532547,0.28002792596817017,0.8077855110168457,12.524127960205078
1763323528.6383574,-0.021814620948607664,0.0,0.021814620948607664,0.13374008378013968,0.1092790961265564,0.086217001080513,0.08841641247272491,0.6229297518730164,1.2153304815292358,12.405872344970703
1763323528.6583521,-0.01290285502573472,0.0,0.01290285502573472,0.12145738815888762,0.13348734006285667,0.10821114480495453,0.08401759713888168,0.08821652084589005,0.42156487703323364,12.400388717651367
1763323528.6777246,-0.0038663336475917905,0.0,0.0038663336475917905,0.11981136980466545,0.11671823263168335,0.12140761315822601,0.08841641247272491,0.3310229480266571,3.1611361503601074,11.77525520324707
1763323528.6977608,0.0039794049262587596,0.0,-0.0039794049262587596,0.1417379721533507,0.1461421363055706,0.12800587713718414,0.09171552956104279,0.07041661441326141,0.4705125689506531,11.806964874267578
1763323528.718449,0.011790126507175792,0.0,-0.011790126507175792,0.11777479271404445,0.0761421363055706,0.1291055828332901,0.08951611816883087,0.04245380312204361,3.3312971591949463,12.492895126342773
1763323528.7385879,0.019330247332134495,0.0,-0.019330247332134495,0.13063391274772584,0.11598894774913787,0.1291055828332901,0.09061582386493683,0.07741887122392654,1.0019440650939941,12.62807846069336
1763323528.7584743,0.02632198348299867,0.0,-0.02632198348299867,0.20063391274772585,0.10306256480515003,0.12800587713718414,0.09501464664936066,0.04210450500249863,2.8416590690612793,12.514352798461914
1763323528.7777894,0.03242513270492029,0.0,-0.03242513270492029,0.18578247672878206,0.0834003298729658,0.13130499422550201,0.10931085050106049,0.10243679583072662,0.9953889846801758,11.838674545288086
1763323528.7976985,0.03730553208318549,0.0,-0.03730553208318549,0.1750183807965368,0.0937583328410983,0.1291055828332901,0.1115102618932724,0.0695655420422554,0.7820838689804077,11.742830276489258
1763323528.8176737,0.0408845877427771,0.0,-0.0408845877427771,0.16058732423000038,0.04172534059733152,0.13460411131381989,0.11260996758937836,0.12063412368297577,0.5457556247711182,11.727094650268555
1763323528.8377686,0.043303718294796484,0.0,-0.043303718294796484,0.20181179645471276,0.04980979144573211,0.14560116827487946,0.10931085050106049,0.14812585711479187,0.9336835145950317,11.816263198852539
1763323528.8576555,0.04489385954467182,0.0,-0.04489385954467182,0.20719695690087975,0.02157613664865493,0.1543988138437271,0.10931085050106049,0.11385190486907959,0.7640686631202698,11.70802116394043
1763323528.8776422,0.04586629304906851,0.0,-0.04586629304906851,0.23296024504117668,0.01658984908834099,0.16099707782268524,0.1115102618932724,0.12394203245639801,0.5215275883674622,11.693000793457031
1763323528.897774,0.046303194662027196,0.0,-0.046303194662027196,0.23572427819482983,0.046714319679886096,0.16649560630321503,0.10931085050106049,0.0887201577425003,0.5578877925872803,11.82413101196289
1763323528.9176517,0.04668252379702582,0.0,-0.04668252379702582,0.2559530012588948,0.009381844494491809,0.1752932369709015,0.10821114480495453,0.047951169312000275,0.5854665637016296,11.702537536621094
1763323528.9376712,0.04640295974555686,0.0,-0.04640295974555686,0.23320128063671292,0.0,0.18409091234207153,0.10271261632442474,0.07259280234575272,0.20698775351047516,11.723995208740234
1763323528.9576592,0.04518797445720679,0.0,-0.04518797445720679,0.27278874109499157,0.02257547900080681,0.19618767499923706,0.09721405804157257,0.089362233877182,0.890688419342041,11.709928512573242
1763323528.9777029,0.0427488661864474,0.0,-0.0427488661864474,0.23334066982381046,0.09257547900080682,0.2082844376564026,0.09171552956104279,0.15817540884017944,1.0802656412124634,11.756420135498047
1763323528.9976852,0.038917369983327676,0.0,-0.038917369983327676,0.19075124378316105,0.10573610074818135,0.2203812301158905,0.08071848005056381,0.13127778470516205,0.44163140654563904,11.733293533325195
1763323529.0177639,0.0336133085434297,0.0,-0.0336133085434297,0.16067324246279896,0.11631478991359473,0.23247799277305603,0.07302054017782211,0.04754073917865753,0.8178820013999939,11.81483268737793
1763323529.0377278,0.026698517878871834,0.0,-0.026698517878871834,0.1969343092571944,0.07887489970773459,0.2412756383419037,0.0686216875910759,0.13448821008205414,1.0353864431381226,11.780977249145508
1763323529.0578184,0.017998198883751378,0.0,-0.017998198883751378,0.16790945309214295,0.03155154239386321,0.2434750497341156,0.07631965726613998,0.14213314652442932,2.5666885375976562,11.868476867675781
1763323529.0777895,0.007357141128877472,0.0,-0.007357141128877472,0.20907215627841652,0.09607440482825041,0.24017593264579773,0.0785190686583519,1.8252005577087402,3.1255414485931396,11.834859848022461
1763323529.0977314,-0.005079174044338658,0.0,0.005079174044338658,0.1479990318696946,0.08877276180312038,0.23687681555747986,0.07741936296224594,1.8740785121917725,4.593358039855957,11.780738830566406
1763323529.1176658,-0.018717677417827844,0.0,0.018717677417827844,0.14685896276962013,0.08254400657489896,0.23687681555747986,0.0785190686583519,0.5975890755653381,3.4510653018951416,11.71565055847168
1763323529.1377,-0.0305589742542179,0.0,0.0305589742542179,0.12225702456664295,0.13024670274928213,0.23687681555747986,0.0785190686583519,0.8464839458465576,4.338000297546387,11.75236701965332
1763323529.1577754,-0.043153100011646225,0.0,0.043153100011646225,0.08023456163238735,0.08321272226050497,0.233577698469162,0.0785190686583519,1.2299495935440063,4.663726329803467,11.825323104858398
1763323529.1777785,-0.05589778125398237,0.0,0.05589778125398237,0.12162733874749393,0.12053307907655836,0.22697946429252625,0.0785190686583519,1.4528396129608154,4.77645206451416,11.831283569335938
1763323529.197751,-0.06845157856958296,0.0,0.06845157856958296,0.11441449081059546,0.05053307907655835,0.21158358454704285,0.07961877435445786,3.9764857292175293,6.032311916351318,11.800050735473633
1763323529.2177503,-0.0805419376517256,0.0,0.0805419376517256,0.07492697616573424,0.12053307907655836,0.19178885221481323,0.0785190686583519,1.5169596672058105,6.332834720611572,11.802434921264648
1763323529.2377412,-0.09199176147962562,0.0,0.09199176147962562,0.07101990706752986,0.13571715557947756,0.17969205975532532,0.07961877435445786,1.935625672340393,5.792985916137695,11.794567108154297
1763323529.2576566,-0.102694923167899,0.0,0.102694923167899,0.0970407822681591,0.16710202971473337,0.17199411988258362,0.086217001080513,1.9847800731658936,5.2472333908081055,11.708498001098633
1763323529.2777746,-0.11255695936006678,0.0,0.11255695936006678,0.10600091568659992,0.23710202971473338,0.15879766643047333,0.08951611816883087,1.604257345199585,4.8415985107421875,11.826038360595703
1763323529.2977283,-0.12141314172885595,0.0,0.12141314172885595,0.12479848093818874,0.16710202971473337,0.14560116827487946,0.0939149409532547,2.3519959449768066,5.834575653076172,11.779546737670898
1763323529.317756,-0.12897342286990138,0.0,0.12897342286990138,0.129022341738455,0.2278890890814364,0.13790322840213776,0.1115102618932724,1.5096458196640015,6.536425590515137,11.808156967163086
1763323529.337712,-0.13482792746885036,0.0,0.13482792746885036,0.1410870799375698,0.18789710307493807,0.13350440561771393,0.13350440561771393,1.2402334213256836,5.850753307342529,11.764287948608398
1763323529.3576953,-0.13991095783425841,0.0,0.13991095783425841,0.16305993549060077,0.1933531078323722,0.12580643594264984,0.1642961949110031,1.4247405529022217,4.485860347747803,11.748313903808594
1763323529.3776834,-0.143028852752319,0.0,0.143028852752319,0.10675010881852359,0.15067637588828803,0.12470673024654388,0.17969205975532532,1.9502651691436768,7.2039971351623535,11.736392974853516
1763323529.3976343,-0.143688933749655,0.0,0.143688933749655,0.13310900941025466,0.18263770889490843,0.12360702455043793,0.19398826360702515,2.531614303588867,6.357818126678467,11.682987213134766
1763323529.4177854,-0.14137120402346626,0.0,0.14137120402346626,0.10042765229474754,0.1356920513138175,0.1291055828332901,0.19618767499923706,0.8343583941459656,8.635852813720703,11.837959289550781
1763323529.4377277,-0.13571210805734774,0.0,0.13571210805734774,0.0987111409706995,0.1893528836593032,0.13020528852939606,0.19618767499923706,0.532924234867096,4.507505893707275,11.780738830566406
1763323529.4576845,-0.12666847236054532,0.0,0.12666847236054532,0.1687111409706995,0.1311301576718688,0.1291055828332901,0.18848973512649536,0.6027071475982666,10.015193939208984,11.73543930053711
1763323529.4776642,-0.11470378766343185,0.0,0.11470378766343185,0.15294929801952095,0.11745823796838523,0.1291055828332901,0.1851906180381775,1.708939552307129,3.5697407722473145,11.716365814208984
1763323529.497626,-0.10082338800090493,0.0,0.10082338800090493,0.15627424533944578,0.10551504015922547,0.12800587713718414,0.18629032373428345,0.9591568112373352,4.193938255310059,11.675596237182617
1763323529.517741,-0.08597818668199761,0.0,0.08597818668199761,0.14886691955383868,0.13007391959428788,0.1269061416387558,0.18958944082260132,0.5653652548789978,1.4351637363433838,11.792659759521484
1763323529.5376945,-0.07085409672215863,0.0,0.07085409672215863,0.1865388804441318,0.14866628654301167,0.12800587713718414,0.18409091234207153,0.20323409140110016,0.9372205138206482,11.746883392333984
1763323529.5576875,-0.05593488995565272,0.0,0.05593488995565272,0.21688122091349216,0.1344870363175869,0.12580643594264984,0.17859235405921936,0.18280571699142456,4.684856414794922,11.73853874206543
1763323529.5777855,-0.04298165373553516,0.0,0.04298165373553516,0.15584632915910335,0.11101515375077725,0.12800587713718414,0.17089441418647766,0.0742507055401802,4.067086219787598,11.83462142944336
1763323529.5976543,-0.03030485475578741,0.0,0.03030485475578741,0.2192178906267509,0.11113470274751308,0.1291055828332901,0.16539590060710907,0.1299588978290558,4.96779727935791,11.70492172241211
1763323529.6177948,-0.018154159362229867,0.0,0.018154159362229867,0.18110853967722507,0.13039721961860778,0.14010263979434967,0.1565982550382614,0.31785058975219727,1.1336671113967896,11.852025985717773
1763323529.6377182,-0.006729543408014462,0.0,0.006729543408014462,0.2038856071745977,0.06039721961860778,0.1565982550382614,0.14780057966709137,0.037721578031778336,2.498152256011963,11.770248413085938
1763323529.6576834,0.0038896574409669777,0.0,-0.0038896574409669777,0.1338856071745977,0.0972711078429711,0.1642961949110031,0.14120234549045563,0.037091538310050964,0.7155522704124451,11.7340087890625
1763323529.677593,0.01354828111164079,0.0,-0.01354828111164079,0.16136778337415308,0.10233012517710449,0.17419353127479553,0.13790322840213776,0.1185818761587143,3.541750431060791,11.645317077636719
1763323529.6977556,0.02175959196792448,0.0,-0.02175959196792448,0.19315006030257792,0.05762037565727951,0.18409091234207153,0.13130499422550201,0.029363391920924187,0.5408381819725037,11.801958084106445
1763323529.7178385,0.027981089336172223,0.0,-0.027981089336172223,0.17982099210377783,0.050052864717144985,0.18848973512649536,0.12030790746212006,0.02936180680990219,0.8926110863685608,11.886835098266602
1763323529.737976,0.031888404191011084,0.0,-0.031888404191011084,0.19543902022298426,0.022483205662865657,0.18848973512649536,0.11590908467769623,0.08816272765398026,0.31131988763809204,12.019872665405273
1763323529.7576747,0.03347893779399002,0.0,-0.03347893779399002,0.2428983655339107,0.01023873617668869,0.18629032373428345,0.11370967328548431,0.07182306051254272,0.24463868141174316,11.72184944152832
1763323529.7778022,0.032973655238766685,0.0,-0.032973655238766685,0.30736347851809115,0.01026155656654737,0.1851906180381775,0.1038123220205307,0.04325695335865021,0.14900609850883484,11.852502822875977
1763323529.7977781,0.032534956023845533,0.0,-0.032534956023845533,0.2712867241865024,0.0,0.1851906180381775,0.0939149409532547,0.06150783970952034,0.22342389822006226,11.82699203491211
1763323529.8176963,0.030362091310027824,0.0,-0.030362091310027824,0.2711492978053866,0.03746584430336952,0.1873900294303894,0.086217001080513,0.060880206525325775,0.14095774292945862,11.749267578125
1763323529.8376765,0.026799407401555682,0.0,-0.026799407401555682,0.3081086888926802,0.0,0.19178885221481323,0.08071848005056381,0.07204675674438477,0.24359405040740967,11.72780990600586
1763323529.8576999,0.022122709037983704,0.0,-0.022122709037983704,0.3108132093696622,0.001693657017312944,0.21158358454704285,0.07302054017782211,0.09491869062185287,0.44155651330947876,11.75069808959961
1763323529.8776336,0.01643164082305655,0.0,-0.01643164082305655,0.27349060992884916,0.07169365701731295,0.2280791699886322,0.06422286480665207,0.07879689335823059,0.5912143588066101,11.684894561767578
1763323529.8977633,0.009620008054198458,0.0,-0.009620008054198458,0.23993120934057516,0.061137302829884,0.24457475543022156,0.062023453414440155,0.06134744733572006,0.8232865333557129,11.811256408691406
1763323529.917655,0.0014414428260781029,0.0,-0.0014414428260781029,0.26549910600471777,0.10924059064593167,0.2632698118686676,0.04662757366895676,0.17058798670768738,1.1623778343200684,11.70206069946289
1763323529.9377089,-0.008400863428714125,0.0,0.008400863428714125,0.19549910600471776,0.10855732083320618,0.278665691614151,0.027932550758123398,0.7136285901069641,1.4974260330200195,11.761188507080078
1763323529.9577224,-0.02010964831375715,0.0,0.02010964831375715,0.20099302909511607,0.09468225173652173,0.28526392579078674,0.040029313415288925,0.5323994755744934,2.1295125484466553,11.774539947509766
1763323529.9776936,-0.03373611065321048,0.0,0.03373611065321048,0.13099302909511606,0.16468225173652173,0.28526392579078674,0.0455278679728508,1.0405185222625732,3.631920099258423,11.747598648071289
1763323529.9976532,-0.049143988260472234,0.0,0.049143988260472234,0.06099302909511606,0.18025953356176616,0.27976539731025696,0.04882698506116867,0.5814402103424072,2.7225284576416016,11.704683303833008
1763323530.0177212,-0.06252150098089304,0.0,0.06252150098089304,0.06063984605076256,0.20362697761505844,0.27536657452583313,0.047727279365062714,0.6124956011772156,1.789818286895752,11.769771575927734
1763323530.0376806,-0.07744253405971514,0.0,0.07744253405971514,0.029823084273957634,0.27362697761505844,0.2808651030063629,0.0708211287856102,1.4602047204971313,3.434238910675049,11.733055114746094
1763323530.0576851,-0.09312327972486223,0.0,0.09312327972486223,0.0,0.20362697761505844,0.2687683403491974,0.09941349923610687,0.8831488490104675,3.835078716278076,11.735200881958008
1763323530.0777261,-0.10887801459433956,0.0,0.10887801459433956,0.021849744021892548,0.20875377148389818,0.23797652125358582,0.12800587713718414,1.5464015007019043,4.982624053955078,11.779546737670898
1763323530.09767,-0.12426892655314088,0.0,0.12426892655314088,0.09184974402189255,0.1846381401270628,0.20608502626419067,0.1543988138437271,1.4779813289642334,6.246718883514404,11.718273162841797
1763323530.1176918,-0.13888022468845318,0.0,0.13888022468845318,0.06956096149981023,0.13009468965232374,0.1829911768436432,0.19068914651870728,1.806064248085022,3.8129115104675293,11.745452880859375
1763323530.1378088,-0.15199894850324736,0.0,0.15199894850324736,0.0729096375219524,0.1270889512822032,0.15329910814762115,0.20608502626419067,1.979119062423706,5.366483211517334,11.862039566040039
1763323530.1577086,-0.16240109611702747,0.0,0.16240109611702747,0.04797538666054607,0.07271210324019195,0.13350440561771393,0.20718473196029663,3.431246519088745,6.556598663330078,11.764764785766602
1763323530.1777272,-0.16874210425096542,0.0,0.16874210425096542,0.0551578469388187,0.09033815223723651,0.1269061416387558,0.2005864977836609,4.388847827911377,6.824080467224121,11.780261993408203
1763323530.1976783,-0.17003338486821631,0.0,0.17003338486821631,0.03570828882977367,0.1171909946575761,0.12030790746212006,0.1873900294303894,2.56476092338562,4.57813835144043,11.726856231689453
1763323530.2177165,-0.1660852202084521,0.0,0.1660852202084521,0.05363993642851711,0.15578321773558856,0.11700879037380219,0.18079176545143127,2.093773365020752,4.2724504470825195,11.770486831665039
1763323530.2376568,-0.1626573228494142,0.0,0.1626573228494142,0.0,0.0866605754569173,0.10601173341274261,0.18189147114753723,2.619370460510254,12.373693466186523,11.70802116394043
1763323530.2576714,-0.15465543525964584,0.0,0.15465543525964584,0.0,0.016660575456917293,0.09831376373767853,0.17859235405921936,1.6272865533828735,5.89303731918335,11.720657348632812
1763323530.2776606,-0.14352572088613308,0.0,0.14352572088613308,0.044293105602264404,0.00682561349123717,0.09171552956104279,0.17199411988258362,1.0596829652786255,3.8203160762786865,11.713743209838867
1763323530.2977083,-0.13051680169580024,0.0,0.13051680169580024,0.042645522160455585,0.0,0.08951611816883087,0.16869501769542694,0.4943569302558899,2.6064302921295166,11.70802116394043
1763323530.317698,-0.11650504440766546,0.0,0.11650504440766546,0.06028361129574478,0.013834739103913307,0.06312315911054611,0.15989737212657928,0.6873675584793091,4.170343399047852,11.754989624023438
1763323530.337829,-0.1018425905765419,0.0,0.1018425905765419,0.0,0.012255054898560047,0.040029313415288925,0.14230205118656158,0.4123474061489105,2.1603076457977295,11.884689331054688
1763323530.3576424,-0.08671032407009849,0.0,0.08671032407009849,0.0,0.0,0.030131962150335312,0.12140761315822601,0.2682427167892456,3.242229461669922,11.697530746459961
1763323530.3776455,-0.07136754884722732,0.0,0.07136754884722732,0.0,0.0,0.03343107923865318,0.09941349923610687,0.09077076613903046,2.3557844161987305,11.696577072143555
1763323530.3977575,-0.0561616318995117,0.0,0.0561616318995117,0.040922556072473526,0.0,0.036730196326971054,0.08731670677661896,0.07811791449785233,1.2585935592651367,11.807918548583984
1763323530.4176629,-0.04149195225704772,0.0,0.04149195225704772,0.0,0.0,0.03343107923865318,0.07631965726613998,0.06468792259693146,1.140064001083374,11.715173721313477
1763323530.4380116,-0.027581350398384094,0.0,0.027581350398384094,0.027110140770673752,0.0,0.01913490518927574,0.06752198189496994,0.07438647001981735,1.174159049987793,12.04824447631836
1763323530.460499,-0.015503810710161362,0.0,0.015503810710161362,0.03408240573480725,0.07,0.009237527847290039,0.04222872480750084,0.0653817281126976,0.9535907506942749,13.021469116210938
1763323530.478578,-0.004119001132610435,0.0,0.004119001132610435,0.05850623594596982,0.03859900280833245,0.010337233543395996,0.024633433669805527,0.21469971537590027,2.1674513816833496,12.628793716430664
1763323530.49848,0.006484606223414692,0.0,-0.006484606223414692,0.029667882714420557,0.003938212692737586,0.009237527847290039,0.014736082404851913,0.1523178368806839,1.1262110471725464,12.524127960205078
1763323530.5187533,0.016266148863110518,0.0,-0.016266148863110518,0.03488499205559492,0.025457419157028205,0.01253664493560791,0.010337233543395996,0.8171055912971497,3.177253007888794,12.79139518737793
1763323530.5386286,0.025218909925731756,0.0,-0.025218909925731756,0.1032587243244052,0.028635179558768875,0.016935493797063828,0.024633433669805527,0.7473787069320679,2.2333824634552,12.665033340454102
1763323530.5586143,0.03340049436239026,0.0,-0.03340049436239026,0.14439598750323057,0.0,0.018035199493169785,0.032331373542547226,0.9443320035934448,1.786177158355713,12.655496597290039
1763323530.5782166,0.04079038192117361,0.0,-0.04079038192117361,0.14364190120249987,0.0,0.018035199493169785,0.02683284506201744,1.071854829788208,2.382340908050537,12.265682220458984
1763323530.5976841,0.04747604052527414,0.0,-0.04747604052527414,0.13651673262938857,0.0,0.018035199493169785,0.025733139365911484,1.0126949548721313,2.198573112487793,11.728048324584961
1763323530.6182299,0.05349635566054486,0.0,-0.05349635566054486,0.12797323567792773,0.0,0.022434022277593613,0.024633433669805527,1.7970472574234009,2.561340808868408,12.268781661987305
1763323530.6378312,0.05889587148070796,0.0,-0.05889587148070796,0.1218494400382042,0.02557641640305519,0.05762463063001633,0.016935493797063828,1.7381418943405151,2.934408187866211,11.884689331054688
1763323530.6577306,0.06372188858298015,0.0,-0.06372188858298015,0.1918494400382042,0.0,0.08511729538440704,0.008137822151184082,1.5994257926940918,4.367743968963623,11.785268783569336
1763323530.6777465,0.06791195984524066,0.0,-0.06791195984524066,0.17236760042607785,0.0,0.10491202771663666,0.002639293670654297,1.9307928085327148,2.9985849857330322,11.799812316894531
1763323530.6977198,0.07166030238155166,0.0,-0.07166030238155166,0.20674569688737393,0.0,0.11700879037380219,0.0004398822784423828,1.7044881582260132,2.1745684146881104,11.769533157348633
1763323530.7178082,0.07496261372166917,0.0,-0.07496261372166917,0.22544735826551915,0.0,0.12250731885433197,0.0015395879745483398,1.4031593799591064,2.0427780151367188,11.860132217407227
1763323530.7377386,0.0779085163601525,0.0,-0.0779085163601525,0.18820650659501553,0.0,0.13570381700992584,0.0004398822784423828,0.9666864275932312,1.585829257965088,11.791706085205078
1763323530.7576776,0.08052922554013459,0.0,-0.08052922554013459,0.17010899230837823,0.0,0.14999999105930328,0.0,0.8103624582290649,1.2547199726104736,11.728048324584961
1763323530.7776217,0.08285499319750565,0.0,-0.08285499319750565,0.19154179066419602,0.0,0.16539590060710907,0.0,0.8751431703567505,1.357625126838684,11.67154312133789
1763323530.7977943,0.08487417698655479,0.0,-0.08487417698655479,0.22152245573699475,0.0,0.18079176545143127,0.0,0.7471216917037964,1.390073537826538,11.844635009765625
1763323530.8177629,0.0864654866450555,0.0,-0.0864654866450555,0.15152245573699474,0.0,0.18848973512649536,0.0,0.7269299626350403,0.9245245456695557,11.813879013061523
1763323530.8379078,0.08719210180216079,0.0,-0.08719210180216079,0.16988908126950264,0.034445203840732574,0.18958944082260132,0.0,0.46786409616470337,0.7540831565856934,11.957645416259766
1763323530.85772,0.08612655809971648,0.0,-0.08612655809971648,0.12713689357042313,0.04686937853693962,0.18958944082260132,0.0,0.46761322021484375,0.9722962379455566,11.775016784667969
1763323530.87777,0.08222718219843261,0.0,-0.08222718219843261,0.17976975440979004,0.051808349788188934,0.19178885221481323,0.0,0.49036598205566406,0.7233389616012573,11.823415756225586
1763323530.8977113,0.07884164448514352,0.0,-0.07884164448514352,0.20910627394914627,0.03722244966775179,0.19178885221481323,0.0,0.27460116147994995,0.680448055267334,11.760473251342773
1763323530.9176712,0.0718248674532107,0.0,-0.0718248674532107,0.16092120856046677,0.0589406369253993,0.19068914651870728,0.0,0.1903921216726303,0.8316355347633362,11.723995208740234
1763323530.9377477,0.060934568859113275,0.0,-0.060934568859113275,0.09092120856046676,0.09944677259773016,0.18409091234207153,0.0,0.1311510056257248,0.6754633188247681,11.800050735473633
1763323530.957768,0.046630113157402495,0.0,-0.046630113157402495,0.14460700780153274,0.10731388628482819,0.1873900294303894,0.01913490518927574,0.1894140988588333,1.6796152591705322,11.82246208190918
1763323530.9777465,0.030048247866413608,0.0,-0.030048247866413608,0.13976492669433355,0.13829220831394196,0.1873900294303894,0.029032256454229355,0.09628953039646149,1.7476718425750732,11.776208877563477
1763323530.9978023,0.012361979653809564,0.0,-0.012361979653809564,0.11379370216280221,0.11137562058866024,0.18629032373428345,0.04222872480750084,0.31672531366348267,2.3823165893554688,11.852741241455078
1763323531.017802,-0.005625265489717864,0.0,0.005625265489717864,0.0770125326886773,0.13093595206737518,0.1851906180381775,0.0609237477183342,0.4995269477367401,2.4902501106262207,11.855602264404297
1763323531.0377424,-0.02338793928377495,0.0,0.02338793928377495,0.1470125326886773,0.15368489921092987,0.1851906180381775,0.08181818574666977,2.0904805660247803,3.6064412593841553,11.798381805419922
1763323531.0579088,-0.04048606893309828,0.0,0.04048606893309828,0.15504060499370098,0.1442572334781289,0.18079176545143127,0.09941349923610687,0.9041755795478821,3.6725122928619385,11.962175369262695
1763323531.0777657,-0.056671999837601,0.0,0.056671999837601,0.12660539522767067,0.19584872294217348,0.17419353127479553,0.11041055619716644,1.7433940172195435,7.943746566772461,11.816740036010742
1763323531.0977492,-0.07175732896022373,0.0,0.07175732896022373,0.18204297870397568,0.25218913797289133,0.1642961949110031,0.1192082017660141,1.7130210399627686,5.19883394241333,11.799097061157227
1763323531.1176794,-0.08485479685122707,0.0,0.08485479685122707,0.14412865042686462,0.24730591010302305,0.15989737212657928,0.13130499422550201,1.9616857767105103,4.344333648681641,11.72947883605957
1763323531.1377451,-0.09685004589689174,0.0,0.09685004589689174,0.15751658007502556,0.2775344057008624,0.15329910814762115,0.14120234549045563,0.9146738648414612,4.824830055236816,11.794090270996094
1763323531.1579082,-0.10727844698606821,0.0,0.10727844698606821,0.18572852946817875,0.26862190663814545,0.14999999105930328,0.1620967835187912,1.8026795387268066,6.000489234924316,11.948585510253906
1763323531.1780171,-0.1155351487391819,0.0,0.1155351487391819,0.2123648002743721,0.23469649255275726,0.15549854934215546,0.1873900294303894,2.7618906497955322,5.078160762786865,12.066364288330078
1763323531.1985002,-0.12109555653047627,0.0,0.12109555653047627,0.1423648002743721,0.30469649255275727,0.1521994024515152,0.2104838490486145,1.4126746654510498,7.3930253982543945,12.542009353637695
1763323531.218545,-0.12342379033861436,0.0,0.12342379033861436,0.18835013017058372,0.3267594889551401,0.15549854934215546,0.23247799277305603,2.998974084854126,5.526680946350098,12.597084045410156
1763323531.238549,-0.122232821992575,0.0,0.122232821992575,0.18850663158053066,0.32176233099773527,0.15879766643047333,0.24897357821464539,0.6297562122344971,9.305257797241211,12.598752975463867
1763323531.258412,-0.11765860294638124,0.0,0.11765860294638124,0.21845448057109024,0.3917623309977353,0.1565982550382614,0.25007328391075134,1.6677478551864624,12.603654861450195,12.458324432373047
1763323531.2783613,-0.11008686713495533,0.0,0.11008686713495533,0.28845448057109024,0.40146706426516177,0.15989737212657928,0.2588709890842438,3.1174299716949463,14.24724006652832,12.407302856445312
1763323531.298461,-0.09998582073669732,0.0,0.09998582073669732,0.35845448057109025,0.4223316198773682,0.1620967835187912,0.27976539731025696,0.2466568499803543,14.370328903198242,12.503385543823242
1763323531.318599,-0.08778775821046038,0.0,0.08778775821046038,0.3450388729473343,0.4041488243825734,0.1620967835187912,0.2984603941440582,0.27304160594940186,4.629932880401611,12.649297714233398
1763323531.338492,-0.07719708889385599,0.0,0.07719708889385599,0.4150388729473343,0.4213709923066199,0.16539590060710907,0.32045456767082214,0.6094627976417542,4.189764976501465,12.541055679321289
1763323531.3586433,-0.06473397577052525,0.0,0.06473397577052525,0.4237130130355945,0.3513709923066199,0.1928885579109192,0.3424486517906189,0.25129976868629456,5.552825927734375,12.691497802734375
1763323531.3785045,-0.050854056946840726,0.0,0.050854056946840726,0.4224240279005608,0.39739688316360117,0.23137828707695007,0.3622433543205261,0.33879736065864563,4.715441703796387,12.554645538330078
1763323531.3985803,-0.03595157739675782,0.0,0.03595157739675782,0.47447491271363107,0.39811691908864305,0.26766863465309143,0.3798387050628662,0.1180584728717804,2.5744636058807373,12.634754180908203
1763323531.4185624,-0.02052946094458756,0.0,0.02052946094458756,0.4700611887680134,0.37877024977235124,0.29736068844795227,0.3952345848083496,0.06254587322473526,1.497955322265625,12.612104415893555
1763323531.4385178,-0.005193291013439188,0.0,0.005193291013439188,0.5354908390151104,0.3815678589674644,0.3270528018474579,0.39633429050445557,0.1281493902206421,1.0804448127746582,12.563943862915039
1763323531.4604063,0.0096385711167397,0.0,-0.0096385711167397,0.514359738882049,0.4034260631236248,0.35344570875167847,0.3974339962005615,0.11341080069541931,0.7643212080001831,14.451026916503906
1763323531.5920858,0.02364840296815697,0.0,-0.02364840296815697,0.4948066922085127,0.37180793738691137,0.4865102767944336,0.39633429050445557,0.06237519159913063,0.3839794099330902,126.12795829772949
1763323531.6199527,0.08505033053594416,0.0,-0.08505033053594416,0.5639786722318968,0.38645204609958456,0.4986070394515991,0.39633429050445557,0.8051032423973083,1.4828903675079346,17.645835876464844
1763323531.636531,0.08746699783863264,0.0,-0.08746699783863264,0.555598123203381,0.3772331316652708,0.5074046850204468,0.3952345848083496,0.39749521017074585,0.864837646484375,14.225959777832031
1763323531.656558,0.0884575002330508,0.0,-0.0884575002330508,0.5581829750159523,0.3745860803104006,0.5096040964126587,0.39413487911224365,0.3659915030002594,0.5564994812011719,14.257669448852539
1763323531.6763499,0.08806746070781671,0.0,-0.08806746070781671,0.5109849364677211,0.32993212446337566,0.5151026248931885,0.385337233543396,0.3379242718219757,0.6273138523101807,14.045953750610352
