time,target_deg,actual_deg,error_deg,p1_cmd_MPa,p2_cmd_MPa,ps_cmd_MPa,pd_cmd_MPa
4.4345855712890625e-05,0.0004179498435202302,0.1080924490418885,-0.10767449919836827,0.5392782083883503,0.6988352870568633,1.2381134954452135,-0.15955707866851299
0.02018427848815918,0.19022724368762392,0.10405208423351081,0.08617515945411311,0.5392782083883503,0.6988352870568633,1.2381134954452135,-0.15955707866851299
0.04015851020812988,0.37844488149715855,0.11839791738680866,0.2600469641103499,0.5392782083883503,0.6988352870568633,1.2381134954452135,-0.15955707866851299
0.06015348434448242,0.5667982654675376,0.12987458390944692,0.4369236815580907,0.5392782083883503,0.6988352870568633,1.2381134954452135,-0.15955707866851299
0.08027982711791992,0.7562987384527787,0.13905591712755755,0.6172428213252212,0.5253211577593901,0.6937417604960501,1.2190629182554402,-0.16842060273665993
0.10027384757995605,0.9444336387004547,0.14640098370204604,0.7980326549984087,0.5253211577593901,0.6937417604960501,1.2190629182554402,-0.16842060273665993
0.12022519111633301,1.1320184179891652,0.15227703696163683,0.9797413810275284,0.5253211577593901,0.6937417604960501,1.2190629182554402,-0.16842060273665993
0.1401815414428711,1.3194723121268912,0.15697787956930948,1.1624944325575817,0.5253211577593901,0.6937417604960501,1.2190629182554402,-0.16842060273665993
0.16014456748962402,1.5067813537232362,0.15697787956930948,1.3498034741539267,0.541399501374326,0.6796349429525435,1.2210344443268695,-0.13823544157821743
0.18016648292541504,1.6944048041775235,0.1607385536554476,1.533666250522076,0.541399501374326,0.6796349429525435,1.2210344443268695,-0.13823544157821743
0.20016002655029297,1.881494815939724,0.16374709292435807,1.717747723015366,0.541399501374326,0.6796349429525435,1.2210344443268695,-0.13823544157821743
0.22013187408447266,2.068085381796947,0.16615392433948648,1.9019314574574604,0.541399501374326,0.6796349429525435,1.2210344443268695,-0.13823544157821743
0.24011635780334473,2.25446803222474,0.16807938947158918,2.0863886427531506,0.5377537970136472,0.7,1.2377537970136472,-0.16224620298635273
0.2601196765899658,2.440670379052544,0.16961976157727135,2.2710506174752725,0.5377537970136472,0.7,1.2377537970136472,-0.16224620298635273
0.2801210880279541,2.6264694891966975,0.1708520592618171,2.4556174299348803,0.5315403457436332,0.6976491665001958,1.229189512243829,-0.16610882075656264
0.30012011528015137,2.8118317187330626,0.17183789740945368,2.6399938213236087,0.5315403457436332,0.6976491665001958,1.229189512243829,-0.16610882075656264
0.32012081146240234,2.9967653828281757,0.17262656792756295,2.824138814900613,0.5315403457436332,0.6976491665001958,1.229189512243829,-0.16610882075656264
0.34012269973754883,3.1812367696152277,0.1732575043420504,3.0079792652731774,0.5315403457436332,0.6976491665001958,1.229189512243829,-0.16610882075656264
0.3601193428039551,3.3651575325610006,0.17376225347364033,3.1913952790873603,0.5315403457436332,0.6976491665001958,1.229189512243829,-0.16610882075656264
0.38025403022766113,3.5498111699543498,0.17376225347364033,3.3760489164807095,0.536671711940653,0.6996854402124881,1.2363571521531411,-0.16301372827183513
0.4001753330230713,3.731948844109967,0.17416605277891226,3.5577827913310545,0.536671711940653,0.6996854402124881,1.2363571521531411,-0.16301372827183513
0.4201536178588867,3.9140202693762776,0.17448909222312983,3.7395311771531476,0.536671711940653,0.6996854402124881,1.2363571521531411,-0.16301372827183513
0.4401242733001709,4.095405793514305,0.17474752377850386,3.9206582697358017,0.536671711940653,0.6996854402124881,1.2363571521531411,-0.16301372827183513
0.46012330055236816,4.276402803534035,0.1749542690228031,4.101448534511232,0.536671711940653,0.6996854402124881,1.2363571521531411,-0.16301372827183513
0.48012304306030273,4.456731022372345,0.1751196652182425,4.281611357154103,0.536671711940653,0.6996854402124881,1.2363571521531411,-0.16301372827183513
0.5002694129943848,4.637669731632281,0.175251982174594,4.462417749457686,0.5442518152933189,0.6843760374933481,1.228627852786667,-0.14012422220002918
0.520172119140625,4.8156904873170605,0.17535783573967523,4.640332651577385,0.5442518152933189,0.6843760374933481,1.228627852786667,-0.14012422220002918
0.5401566028594971,4.993684947896264,0.17544251859174018,4.818242429304523,0.5442518152933189,0.6843760374933481,1.228627852786667,-0.14012422220002918
0.56011962890625,5.170702232794463,0.17551026487339216,4.9951919679210715,0.5442518152933189,0.6843760374933481,1.228627852786667,-0.14012422220002918
0.5801212787628174,5.347246126899283,0.17556446189871375,5.17168166500057,0.5442518152933189,0.6843760374933481,1.228627852786667,-0.14012422220002918
0.6001307964324951,5.523014432510909,0.17556446189871375,5.347449970612195,0.5442518152933189,0.6843760374933481,1.228627852786667,-0.14012422220002918
0.62026047706604,5.698957364183747,0.175607819518971,5.523349544664776,0.5279323355000087,0.7,1.2279323355000087,-0.17206766449999122
0.6401548385620117,5.871947886654117,0.1756425056151768,5.69630538103894,0.5279323355000087,0.7,1.2279323355000087,-0.17206766449999122
0.6601297855377197,6.044716038497598,0.17567025449214146,5.869045784005457,0.5279323355000087,0.7,1.2279323355000087,-0.17206766449999122
0.680128812789917,6.216738592260508,0.1756924535937132,6.041046138666794,0.5279323355000087,0.7,1.2279323355000087,-0.17206766449999122
0.700124979019165,6.38775514912101,0.17571021287497057,6.2120449362460395,0.5279323355000087,0.7,1.2279323355000087,-0.17206766449999122
0.7201197147369385,6.557751266501593,0.17572442029997645,6.382026846201616,0.5279323355000087,0.7,1.2279323355000087,-0.17206766449999122
0.740246057510376,6.727821012656098,0.17573578623998118,6.552085226416117,0.5067311030517885,0.7,1.2067311030517884,-0.19326889694821148
0.76015305519104,6.894979024210104,0.17574487899198493,6.7192341452181195,0.5067311030517885,0.7,1.2067311030517884,-0.19326889694821148
0.7801294326782227,7.061635243481303,0.17575215319358797,6.885883090287715,0.5067311030517885,0.7,1.2067311030517884,-0.19326889694821148
0.8001217842102051,7.227310905659954,0.17575797255487038,7.051552933105084,0.5067311030517885,0.7,1.2067311030517884,-0.19326889694821148
0.8201301097869873,7.391977166448235,0.17575797255487038,7.216219193893365,0.5067311030517885,0.7,1.2067311030517884,-0.19326889694821148
0.8401246070861816,7.5553625879630495,0.1757626280438963,7.379599959919153,0.5067311030517885,0.7,1.2067311030517884,-0.19326889694821148
0.86014723777771,7.7177829491731975,0.19334447743511707,7.524438471738081,0.4856170591603585,0.7,1.1856170591603585,-0.21438294083964143
0.8801424503326416,7.878761931360576,0.20740995694809367,7.671351974412483,0.4856170591603585,0.7,1.1856170591603585,-0.21438294083964143
0.9001290798187256,8.038429064231504,0.21866234055847494,7.8197667236730295,0.4856170591603585,0.7,1.1856170591603585,-0.21438294083964143
0.9201259613037109,8.196909452887148,0.22766424744678,7.969245205440368,0.4856170591603585,0.7,1.1856170591603585,-0.21438294083964143
0.9401237964630127,8.35410332328654,0.234865772957424,8.119237550329116,0.4856170591603585,0.7,1.1856170591603585,-0.21438294083964143
0.9601213932037354,8.509976419080882,0.2406269933659392,8.269349425714942,0.4856170591603585,0.7,1.1856170591603585,-0.21438294083964143
0.9802398681640625,8.665435954493473,0.24523596969275138,8.420199984800721,0.42142483114112106,0.7,1.121424831141121,-0.2785751688588789
1.000220537185669,8.818460252891047,0.24892315075420113,8.569537102136845,0.42142483114112106,0.7,1.121424831141121,-0.2785751688588789
1.0202462673187256,8.970435087322828,0.2518728956033609,8.718562191719467,0.42142483114112106,0.7,1.121424831141121,-0.2785751688588789
1.040217399597168,9.120581221356362,0.2518728956033609,8.868708325753001,0.42142483114112106,0.7,1.121424831141121,-0.2785751688588789
1.0601615905761719,9.269091630720135,0.25423269148268873,9.014858939237447,0.42142483114112106,0.7,1.121424831141121,-0.2785751688588789
1.0802056789398193,9.416879373043134,0.308854903186151,9.108024469856982,0.37731677560914245,0.7,1.0773167756091424,-0.3226832243908575
1.100203037261963,9.562834208010267,0.5634901725489209,8.999344035461347,0.37731677560914245,0.7,1.0773167756091424,-0.3226832243908575
1.1201632022857666,9.70701211988025,0.9254015130391366,8.781610606841113,0.37731677560914245,0.7,1.0773167756091424,-0.3226832243908575
1.1401288509368896,9.849702260459926,1.2676649604313095,8.582037300028617,0.3762172997168818,0.7,1.0762172997168817,-0.3237827002831182
1.1601152420043945,9.990988174606153,1.6469444683450476,8.344043706261106,0.3762172997168818,0.7,1.0762172997168817,-0.3237827002831182
1.180117130279541,10.13080625493389,2.126149324676038,8.004656930257852,0.3762172997168818,0.7,1.0762172997168817,-0.3237827002831182
1.2001163959503174,10.269006244418462,2.6501382097408306,7.6188680346776305,0.3762172997168818,0.7,1.0762172997168817,-0.3237827002831182
1.2201180458068848,10.40560094235276,3.1572199427926644,7.248380999560094,0.3762172997168818,0.7,1.0762172997168817,-0.3237827002831182
1.2402780055999756,10.541613710017813,3.598041579234132,6.943572130783681,0.38169561663489726,0.7,1.0816956166348972,-0.3183043833651027
1.2602839469909668,10.674915376091752,3.598041579234132,7.07687379685762,0.38169561663489726,0.7,1.0816956166348972,-0.3183043833651027
1.2803447246551514,10.806888767074959,3.9682770133873055,6.838611753687653,0.38169561663489726,0.7,1.0816956166348972,-0.3183043833651027
1.300283432006836,10.936357857467527,4.264465360709845,6.671892496757683,0.38169561663489726,0.7,1.0816956166348972,-0.3183043833651027
1.3202495574951172,11.064285023327399,4.501416038567876,6.562868984759523,0.38169561663489726,0.7,1.0816956166348972,-0.3183043833651027
1.3402233123779297,11.190518806132484,4.690976580854301,6.499542225278184,0.38169561663489726,0.7,1.0816956166348972,-0.3183043833651027
1.3601579666137695,11.31474818035656,4.842625014683441,6.472123165673119,0.38169561663489726,0.7,1.0816956166348972,-0.3183043833651027
1.380119800567627,11.437368219612724,4.963943761746752,6.473424457865971,0.38169561663489726,0.7,1.0816956166348972,-0.3183043833651027
1.400212287902832,11.558973875287275,5.0609987593974015,6.497975115889874,0.369696956703774,0.689968073554337,1.059665030258111,-0.320271116850563
1.4201643466949463,11.677906711923733,5.138642757517921,6.539263954405811,0.369696956703774,0.689968073554337,1.059665030258111,-0.320271116850563
1.4401206970214844,11.795029289781304,5.200757956014337,6.594271333766967,0.369696956703774,0.689968073554337,1.059665030258111,-0.320271116850563
1.4601171016693115,11.910526894149006,5.2504501148114695,6.660076779337537,0.369696956703774,0.689968073554337,1.059665030258111,-0.320271116850563
1.4801170825958252,12.024164515205191,5.2504501148114695,6.773714400393722,0.369696956703774,0.689968073554337,1.059665030258111,-0.320271116850563
1.5002639293670654,12.136716850278072,5.290203841849175,6.8465130084288965,0.3890111675656953,0.7,1.0890111675656953,-0.31098883243430464
1.5202536582946777,12.246469392759032,5.32200682347934,6.924462569279692,0.3890111675656953,0.7,1.0890111675656953,-0.31098883243430464
1.5402400493621826,12.354272219955616,5.347449208783472,7.006823011172144,0.3890111675656953,0.7,1.0890111675656953,-0.31098883243430464
1.5601756572723389,12.459860336781302,5.367803117026778,7.092057219754524,0.3890111675656953,0.7,1.0890111675656953,-0.31098883243430464
1.580136775970459,12.563624901986286,5.3840862436214225,7.179538658364863,0.40446723775785354,0.7,1.1044672377578535,-0.2955327622421464
1.6001644134521484,12.665749110869113,5.397112744897138,7.268636365971975,0.40446723775785354,0.7,1.1044672377578535,-0.2955327622421464
1.6202600002288818,12.766203967828233,5.40753394591771,7.358670021910522,0.40446723775785354,0.7,1.1044672377578535,-0.2955327622421464
1.6402599811553955,12.864160184296493,5.415870906734169,7.448289277562324,0.40446723775785354,0.7,1.1044672377578535,-0.2955327622421464
1.6601948738098145,12.959776136468717,5.422540475387335,7.5372356610813815,0.40446723775785354,0.7,1.1044672377578535,-0.2955327622421464
1.6801342964172363,13.053379925425114,5.427876130309868,7.625503795115246,0.40446723775785354,0.7,1.1044672377578535,-0.2955327622421464
1.7001113891601562,13.145105922192064,5.427876130309868,7.717229791882196,0.40446723775785354,0.7,1.1044672377578535,-0.2955327622421464
1.7202825546264648,13.235621679405725,5.432144654247895,7.80347702515783,0.3838914238087454,0.7,1.0838914238087454,-0.31610857619125454
1.7401578426361084,13.322730352300159,5.417981348398316,7.904749003901843,0.3838914238087454,0.7,1.0838914238087454,-0.31610857619125454
1.760122299194336,13.408138148347502,5.406650703718653,8.00148744462885,0.3838914238087454,0.7,1.0838914238087454,-0.31610857619125454
1.7801179885864258,13.491564816248687,5.397586187974922,8.093978628273764,0.3838914238087454,0.7,1.0838914238087454,-0.31610857619125454
1.800114393234253,13.572864797714196,5.390334575379938,8.182530222334258,0.3838914238087454,0.7,1.0838914238087454,-0.31610857619125454
1.8202717304229736,13.652650576706732,5.38453328530395,8.268117291402781,0.36797378362934974,0.7,1.0679737836293497,-0.3320262163706502
1.8401546478271484,13.729204769268057,5.379892253243161,8.349312516024895,0.36797378362934974,0.7,1.0679737836293497,-0.3320262163706502
1.8601298332214355,13.8039565686654,5.376179427594528,8.427777141070873,0.36797378362934974,0.7,1.0679737836293497,-0.3320262163706502
1.8801209926605225,13.876591135520119,5.373209167075623,8.503381968444497,0.36797378362934974,0.7,1.0679737836293497,-0.3320262163706502
1.9001142978668213,13.947043807912877,5.370832958660499,8.576210849252378,0.36797378362934974,0.7,1.0679737836293497,-0.3320262163706502
1.9201209545135498,14.01534039502332,5.370832958660499,8.644507436362822,0.36797378362934974,0.7,1.0679737836293497,-0.3320262163706502
1.9402565956115723,14.08184115131016,5.368931991928399,8.712909159381761,0.36566541191969004,0.7,1.06566541191969,-0.3343345880803099
1.960235834121704,14.145597635854854,5.36741121854272,8.778186417312135,0.36566541191969004,0.7,1.06566541191969,-0.3343345880803099
1.9802045822143555,14.207093282386948,5.366194599834176,8.840898682552773,0.36566541191969004,0.7,1.06566541191969,-0.3343345880803099
2.0001516342163086,14.266289301681674,5.365221304867342,8.901067996814332,0.36566541191969004,0.7,1.06566541191969,-0.3343345880803099
2.0201244354248047,14.323316490733712,5.382020793893874,8.941295696839838,0.34273323823545065,0.6888702416792511,1.0316034799147018,-0.3461370034438005
2.0401573181152344,14.378249359747851,5.4130385101151,8.96521084963275,0.34273323823545065,0.6888702416792511,1.0316034799147018,-0.3461370034438005
2.0601320266723633,14.430754664257389,5.54332143309208,8.887433231165309,0.34273323823545065,0.6888702416792511,1.0316034799147018,-0.3461370034438005
2.080120801925659,14.481021517012357,5.735438396473665,8.745583120538692,0.3185671422335872,0.696724828146398,1.0152919703799852,-0.37815768591281085
2.1001152992248535,14.529017622542698,5.941866342178932,8.587151280363766,0.3185671422335872,0.696724828146398,1.0152919703799852,-0.37815768591281085
2.120114326477051,14.574730784179598,6.1597430737431464,8.414987710436453,0.24856714223358717,0.7,0.9485671422335871,-0.4514328577664128
2.1401350498199463,14.618188494263421,6.1597430737431464,8.458445420520274,0.24856714223358717,0.7,0.9485671422335871,-0.4514328577664128
2.160125732421875,14.65927303623804,6.3867788339945175,8.272494202243523,0.24856714223358717,0.7,0.9485671422335871,-0.4514328577664128
2.180128812789917,14.698068191919798,6.656298067195615,8.041770124724184,0.31052900914881315,0.6969671431463211,1.0074961522951342,-0.386438133997508
2.20013165473938,14.734541216380038,6.977382203756493,7.757159012623545,0.31052900914881315,0.6969671431463211,1.0074961522951342,-0.386438133997508
2.2201268672943115,14.768674245402577,7.392452638005194,7.376221607397383,0.34491336409781065,0.7,1.0449133640978105,-0.3550866359021893
2.240123748779297,14.800478802880479,7.935446485404156,6.865032317476323,0.34491336409781065,0.7,1.0449133640978105,-0.3550866359021893
2.2601301670074463,14.829960417493362,8.528044688323325,6.301915729170037,0.34491336409781065,0.7,1.0449133640978105,-0.3550866359021893
2.2801272869110107,14.857086638177694,9.019701375658661,5.8373852625190334,0.3601253430250653,0.6949157885275781,1.0550411315526433,-0.33479044550251275
2.3001291751861572,14.881873057325935,9.413026725526928,5.468846331799007,0.3601253430250653,0.6949157885275781,1.0550411315526433,-0.33479044550251275
2.3201327323913574,14.904310786294852,9.727687005421544,5.176623780873308,0.35741935967314925,0.6833610723726451,1.0407804320457943,-0.32594171269949584
2.3401312828063965,14.924389382629618,9.979415229337237,4.944974153292382,0.35741935967314925,0.6833610723726451,1.0407804320457943,-0.32594171269949584
2.3601255416870117,14.942108036419874,9.979415229337237,4.962692807082638,0.35741935967314925,0.6833610723726451,1.0407804320457943,-0.32594171269949584
2.3801345825195312,14.95747899573345,10.180797808469789,4.7766811872636605,0.37789605668593135,0.6952265885658562,1.0731226452517875,-0.3173305318799248
2.4001338481903076,14.970480083062922,10.324325746775832,4.64615433628709,0.37789605668593135,0.6952265885658562,1.0731226452517875,-0.3173305318799248
2.4201345443725586,14.981118007909187,10.421569972420667,4.55954803548852,0.37789605668593135,0.6952265885658562,1.0731226452517875,-0.3173305318799248
2.440131664276123,14.98938880831217,10.499365352936534,4.490023455375635,0.359570714820511,0.6933896384900435,1.0529603533105545,-0.33381892366953253
2.4601426124572754,14.99529655617783,10.544023532349227,4.451273023828604,0.359570714820511,0.6933896384900435,1.0529603533105545,-0.33381892366953253
2.480146646499634,14.998832967046063,10.562171950879382,4.436661016166681,0.3689602075036236,0.6807314922800287,1.0496916997836523,-0.3117712847764051
2.5001330375671387,14.999999947595377,10.576690685703507,4.42330926189187,0.3689602075036236,0.6807314922800287,1.0496916997836523,-0.3117712847764051
2.520127534866333,14.998800510675302,10.570727548562807,4.428072962112495,0.3689602075036236,0.6807314922800287,1.0496916997836523,-0.3117712847764051
2.54013729095459,14.995230266703736,10.583535163850247,4.411695102853489,0.3689602075036236,0.6807314922800287,1.0496916997836523,-0.3117712847764051
2.5601282119750977,14.98929649730827,10.593781256080197,4.395515241228074,0.3689602075036236,0.6807314922800287,1.0496916997836523,-0.3117712847764051
2.5801334381103516,14.98099110794765,10.593781256080197,4.387209851867453,0.3689602075036236,0.6807314922800287,1.0496916997836523,-0.3117712847764051
2.6002964973449707,14.970225203458936,10.58440000486416,4.385825198594777,0.36523390625450697,0.6950609871884808,1.0602948934429877,-0.3298270809339738
2.620244264602661,14.957209914924995,10.594473128891329,4.3627367860336665,0.36523390625450697,0.6950609871884808,1.0602948934429877,-0.3298270809339738
2.6402525901794434,14.94179480985239,10.602531628113063,4.339263181739327,0.36523390625450697,0.6950609871884808,1.0602948934429877,-0.3298270809339738
2.6602284908294678,14.924048974441469,10.60897842749045,4.315070546951018,0.36523390625450697,0.6950609871884808,1.0602948934429877,-0.3298270809339738
2.6801650524139404,14.90399402025378,10.614135866992362,4.289858153261418,0.36523390625450697,0.6950609871884808,1.0602948934429877,-0.3298270809339738
2.700134515762329,14.88156157144791,10.618261818593888,4.263299752854023,0.36523390625450697,0.6950609871884808,1.0602948934429877,-0.3298270809339738
2.7201385498046875,14.85674140243548,10.63914070487511,4.2176006975603695,0.36523390625450697,0.6950609871884808,1.0602948934429877,-0.3298270809339738
2.7401740550994873,14.829529647723566,10.655843813900088,4.173685833823479,0.36559446150284197,0.7,1.0655944615028419,-0.334405538497158
2.760179281234741,14.800014263504279,10.669206301120072,4.130807962384207,0.36559446150284197,0.7,1.0655944615028419,-0.334405538497158
2.7801475524902344,14.768221558747832,10.679896290896057,4.088325267851776,0.36559446150284197,0.7,1.0655944615028419,-0.334405538497158
2.800138473510742,14.734064157163555,10.679896290896057,4.054167866267498,0.36559446150284197,0.7,1.0655944615028419,-0.334405538497158
2.8201327323913574,14.697575902793657,10.688448282716845,4.0091276200768124,0.36559446150284197,0.7,1.0655944615028419,-0.334405538497158
2.840127468109131,14.658767109937823,10.695289876173476,3.9634772337643476,0.36559446150284197,0.7,1.0655944615028419,-0.334405538497158
2.860262632369995,14.617347766175921,10.70076315093878,3.9165846152371415,0.29559446150284197,0.7,0.9955944615028419,-0.404405538497158
2.8801839351654053,14.574065914004473,10.705141770751023,3.86892414325345,0.29559446150284197,0.7,0.9955944615028419,-0.404405538497158
2.900151252746582,14.528392838029426,10.708644666600817,3.819748171428609,0.29559446150284197,0.7,0.9955944615028419,-0.404405538497158
2.9201314449310303,14.480401392406835,10.711446983280656,3.768954409126179,0.29559446150284197,0.7,0.9955944615028419,-0.404405538497158
2.9401357173919678,14.430065886789372,10.713688836624526,3.716377050164846,0.29559446150284197,0.7,0.9955944615028419,-0.404405538497158
2.9601328372955322,14.377469951890959,10.715482319299621,3.6619876325913374,0.29559446150284197,0.7,0.9955944615028419,-0.404405538497158
2.9801852703094482,14.32244940048444,10.734495230439697,3.5879541700447426,0.30889112992059375,0.7,1.0088911299205936,-0.3911088700794062
3.0001730918884277,14.265343544377787,10.767283684351758,3.4980598600260286,0.30889112992059375,0.7,1.0088911299205936,-0.3911088700794062
3.020141839981079,14.206045477772115,10.767283684351758,3.4387617934203565,0.30889112992059375,0.7,1.0088911299205936,-0.3911088700794062
3.0401318073272705,14.144444543211673,10.793514447481407,3.3509300957302663,0.30889112992059375,0.7,1.0088911299205936,-0.3911088700794062
3.0601229667663574,14.080608404217156,10.814499057985126,3.26610934623203,0.30889112992059375,0.7,1.0088911299205936,-0.3911088700794062
3.080129384994507,14.014499473038342,10.848864871388102,3.1656346016502397,0.30889112992059375,0.7,1.0088911299205936,-0.3911088700794062
3.100240468978882,13.945812823896661,10.858779397110482,3.0870334267861796,0.2984388696573296,0.7,0.9984388696573295,-0.4015611303426704
3.1201772689819336,13.875523511613634,10.884289142688388,2.9912343689252463,0.2984388696573296,0.7,0.9984388696573295,-0.4015611303426704
3.1401493549346924,13.802926737617165,10.88711881415071,2.9158079234664545,0.2984388696573296,0.7,0.9984388696573295,-0.4015611303426704
3.1601555347442627,13.728026911099688,10.906960676320569,2.821066234779119,0.2984388696573296,0.7,0.9984388696573295,-0.4015611303426704
3.1801462173461914,13.651018465755572,10.905256041056456,2.745762424699116,0.2984388696573296,0.7,0.9984388696573295,-0.4015611303426704
3.2001307010650635,13.571881254151192,10.903892332845164,2.667988921306028,0.2984388696573296,0.7,0.9984388696573295,-0.4015611303426704
3.220128059387207,13.4905511611283,10.920379491276131,2.5701716698521686,0.2871858507938304,0.7,0.9871858507938304,-0.41281414920616955
3.240182876586914,13.406848453350143,10.920379491276131,2.486468962074012,0.2871858507938304,0.7,0.9871858507938304,-0.41281414920616955
3.2601466178894043,13.321411609356229,10.933569218020907,2.3878423913353224,0.2871858507938304,0.7,0.9871858507938304,-0.41281414920616955
3.280128240585327,13.233799442413206,10.944120999416727,2.289678442996479,0.2871858507938304,0.7,0.9871858507938304,-0.41281414920616955
3.3001298904418945,13.144010399539713,10.952562424533383,2.19144797500633,0.2871858507938304,0.7,0.9871858507938304,-0.41281414920616955
3.320138931274414,13.052111094898464,10.976893689626706,2.075217405271758,0.2871858507938304,0.7,0.9871858507938304,-0.41281414920616955
3.3401408195495605,12.958182801987018,11.049093076701368,1.90908972528565,0.2871858507938304,0.7,0.9871858507938304,-0.41281414920616955
3.360255002975464,12.861663301392086,11.177165086361093,1.6844982150309935,0.27484905371289636,0.6920584578067064,0.9669075115196027,-0.41720940409381
3.3803865909576416,12.763003358777173,11.297200819088875,1.4658025396882977,0.27484905371289636,0.6920584578067064,0.9669075115196027,-0.41720940409381
3.4002645015716553,12.663582961853637,11.410807530271102,1.2527754315825348,0.27484905371289636,0.6920584578067064,0.9669075115196027,-0.41720940409381
3.4202325344085693,12.561722996800146,11.501692899216883,1.0600300975832635,0.27484905371289636,0.6920584578067064,0.9669075115196027,-0.41720940409381
3.4402949810028076,12.457390087092847,11.574401194373507,0.8829888927193394,0.27484905371289636,0.6920584578067064,0.9669075115196027,-0.41720940409381
3.460344076156616,12.351149112544048,11.574401194373507,0.7767479181705408,0.27484905371289636,0.6920584578067064,0.9669075115196027,-0.41720940409381
3.4803404808044434,12.243235075184652,11.667724080498806,0.5755109946858461,0.27484905371289636,0.6920584578067064,0.9669075115196027,-0.41720940409381
3.500340461730957,12.133368566638277,11.795116764399046,0.3382518022392311,0.27484905371289636,0.6920584578067064,0.9669075115196027,-0.41720940409381
3.520200490951538,12.022374886752637,11.932187161519236,0.09018772523340068,0.27484905371289636,0.6920584578067064,0.9669075115196027,-0.41720940409381
3.5402801036834717,11.908250910952194,12.04184347921539,-0.13359256826319488,0.2685890297948935,0.7,0.9685890297948935,-0.43141097020510644
3.560208559036255,11.793111901963085,12.12956853337231,-0.33645663140922544,0.2685890297948935,0.7,0.9685890297948935,-0.43141097020510644
3.580151319503784,11.676039286984325,12.19974857669785,-0.5237092897135245,0.2685890297948935,0.7,0.9685890297948935,-0.43141097020510644
3.6001334190368652,11.556897075547278,12.25589261135828,-0.6989955358110027,0.2685890297948935,0.7,0.9685890297948935,-0.43141097020510644
3.6201224327087402,11.435890992750439,12.300807839086625,-0.864916846336186,0.2685890297948935,0.7,0.9685890297948935,-0.43141097020510644
3.640122175216675,11.313014636090498,12.3367400212693,-1.0237253851788015,0.2685890297948935,0.7,0.9685890297948935,-0.43141097020510644
3.660268545150757,11.187431360428294,12.365485767015441,-1.1780544065871474,0.27990438021566655,0.6804034661501646,0.9603078463658311,-0.400499085934498
3.680143356323242,11.061784272316036,12.365485767015441,-1.3037014946994052,0.27990438021566655,0.6804034661501646,0.9603078463658311,-0.400499085934498
3.7001430988311768,10.933606135754713,12.423638613612354,-1.4900324778576408,0.27990438021566655,0.6804034661501646,0.9603078463658311,-0.400499085934498
3.7201292514801025,10.80379035246944,12.505317140889883,-1.701526788420443,0.27990438021566655,0.6804034661501646,0.9603078463658311,-0.400499085934498
3.7401211261749268,10.672232990945812,12.588238087711908,-1.9160050967660958,0.27990438021566655,0.6804034661501646,0.9603078463658311,-0.400499085934498
3.760354995727539,10.537368660121876,12.654574845169527,-2.1172061850476513,0.291769882439039,0.6921080572530627,0.9838779396921017,-0.4003381748140237
3.780150890350342,10.403775183170703,12.690066126135623,-2.2862909429649196,0.291769882439039,0.6921080572530627,0.9838779396921017,-0.4003381748140237
3.8001394271850586,10.267248633535061,12.736037275908497,-2.468788642373436,0.291769882439039,0.6921080572530627,0.9838779396921017,-0.4003381748140237
3.8201279640197754,10.129102624304565,12.755236070726799,-2.6261334464222337,0.291769882439039,0.6921080572530627,0.9838779396921017,-0.4003381748140237
3.8401217460632324,9.989322067325451,12.77059510658144,-2.7812730392559892,0.291769882439039,0.6921080572530627,0.9838779396921017,-0.4003381748140237
3.8601279258728027,9.847876923995834,12.800460460265153,-2.9525835362693194,0.291769882439039,0.6921080572530627,0.9838779396921017,-0.4003381748140237
3.8802483081817627,9.70405499973394,12.806774618212122,-3.102719618478183,0.29725966626625444,0.6818822229281067,0.9791418891943612,-0.3846225566618523
3.900149345397949,9.560275270367594,12.806774618212122,-3.2464993478445283,0.29725966626625444,0.6818822229281067,0.9791418891943612,-0.3846225566618523
3.9201323986053467,9.414399000148226,12.811825944569698,-3.397426944421472,0.29725966626625444,0.6818822229281067,0.9791418891943612,-0.3846225566618523
3.9401297569274902,9.266932589661055,12.81586700565576,-3.5489344159947045,0.29725966626625444,0.6818822229281067,0.9791418891943612,-0.3846225566618523
3.9601221084594727,9.118040678607228,12.819099854524609,-3.701059175917381,0.29725966626625444,0.6818822229281067,0.9791418891943612,-0.3846225566618523
3.980135679244995,8.96754971209116,12.804108008619687,-3.836558296528528,0.29725966626625444,0.6818822229281067,0.9791418891943612,-0.3846225566618523
4.000175476074219,8.815440759858257,12.792114531895749,-3.9766737720374916,0.30753335753302957,0.6667273201048374,0.974260677637867,-0.3591939625718078
4.020183324813843,8.662180026444604,12.764941625516599,-4.102761599071995,0.30753335753302957,0.6667273201048374,0.974260677637867,-0.3591939625718078
4.040186882019043,8.507583672545845,12.743203300413281,-4.235619627867436,0.30753335753302957,0.6667273201048374,0.974260677637867,-0.3591939625718078
4.060173034667969,8.351779651097301,12.725812640330625,-4.374032989233324,0.30753335753302957,0.6667273201048374,0.974260677637867,-0.3591939625718078
4.080169916152954,8.194573918467738,12.7294782372645,-4.534904318796762,0.30753335753302957,0.6667273201048374,0.974260677637867,-0.3591939625718078
4.100171089172363,8.03604041849818,12.714832589811602,-4.678792171313422,0.30753335753302957,0.6667273201048374,0.974260677637867,-0.3591939625718078
4.120161771774292,7.876321928882969,12.714832589811602,-4.838510660928633,0.3174190896175423,0.6509058762341737,0.968324965851716,-0.33348678661663145
4.14016580581665,7.715252922516735,12.720694196849282,-5.005441274332547,0.3174190896175423,0.6509058762341737,0.968324965851716,-0.33348678661663145
4.1601831912994385,7.55285637847476,12.725383482479424,-5.172527104004664,0.3174190896175423,0.6509058762341737,0.968324965851716,-0.33348678661663145
4.180187702178955,7.38937067207344,12.729134910983541,-5.339764238910101,0.3174190896175423,0.6509058762341737,0.968324965851716,-0.33348678661663145
4.200174570083618,7.22486329445678,12.732136053786833,-5.5072727593300534,0.3174190896175423,0.6509058762341737,0.968324965851716,-0.33348678661663145
4.220220327377319,7.058726804797631,12.734536968029467,-5.675810163231835,0.30703456165116216,0.6534653897862881,0.9604999514374503,-0.34643082813512593
4.240203857421875,6.891991466504168,12.736457699423573,-5.844466232919405,0.30703456165116216,0.6534653897862881,0.9604999514374503,-0.34643082813512593
4.2602150440216064,6.723936593867518,12.737994284538859,-6.014057690671341,0.30703456165116216,0.6534653897862881,0.9604999514374503,-0.34643082813512593
4.280186653137207,6.555154253000591,12.739223552631088,-6.184069299630497,0.3170747526533523,0.6418322963174432,0.9589070489707955,-0.32475754366409093
4.300266742706299,6.384414556920151,12.740206967104871,-6.35579241018472,0.3170747526533523,0.6418322963174432,0.9589070489707955,-0.32475754366409093
4.320366144180298,6.212492931641154,12.740993698683898,-6.528500767042744,0.3170747526533523,0.6418322963174432,0.9589070489707955,-0.32475754366409093
4.340335130691528,6.040705582885292,12.740993698683898,-6.700288115798606,0.3170747526533523,0.6418322963174432,0.9589070489707955,-0.32475754366409093
4.360478162765503,5.866457641169644,12.74162308394712,-6.875165442777476,0.3170747526533523,0.6418322963174432,0.9589070489707955,-0.32475754366409093
4.380368947982788,5.693469552465291,12.742126592157696,-7.048657039692405,0.3170747526533523,0.6418322963174432,0.9589070489707955,-0.32475754366409093
4.400186538696289,5.520233625515382,12.742529398726157,-7.222295773210775,0.3170747526533523,0.6418322963174432,0.9589070489707955,-0.32475754366409093
4.420173168182373,5.344653257260195,12.742851643980927,-7.398198386720733,0.35443241825174476,0.6104719196911901,0.9649043379429348,-0.2560395014394453
4.440272092819214,5.167236469453427,12.74310944018474,-7.5758729707313135,0.35443241825174476,0.6104719196911901,0.9649043379429348,-0.2560395014394453
4.460314750671387,4.989495731067463,12.743315677147795,-7.753819946080331,0.35443241825174476,0.6104719196911901,0.9649043379429348,-0.2560395014394453
4.480302095413208,4.811457498972117,12.743480666718238,-7.932023167746121,0.35443241825174476,0.6104719196911901,0.9649043379429348,-0.2560395014394453
4.500248908996582,4.633023764027923,12.743612658374591,-8.110588894346668,0.35443241825174476,0.6104719196911901,0.9649043379429348,-0.2560395014394453
4.520285367965698,4.453055515481146,12.743718251699674,-8.290662736218529,0.35443241825174476,0.6104719196911901,0.9649043379429348,-0.2560395014394453
4.540223836898804,4.273266784679399,12.743802726359739,-8.470535941680339,0.35443241825174476,0.6104719196911901,0.9649043379429348,-0.2560395014394453
4.5601770877838135,4.092673370688003,12.743802726359739,-8.651129355671735,0.3933869854159274,0.6057894919533282,0.9991764773692556,-0.21240250653740078
4.580206632614136,3.9107425129691693,12.726292181087793,-8.815549668118624,0.3933869854159274,0.6057894919533282,0.9991764773692556,-0.21240250653740078
4.6003334522247314,3.7273042465559625,12.712283744870234,-8.98497949831427,0.3933869854159274,0.6057894919533282,0.9991764773692556,-0.21240250653740078
4.620275259017944,3.5449642417090446,12.683498870896189,-9.138534629187145,0.3933869854159274,0.6057894919533282,0.9991764773692556,-0.21240250653740078
4.640243291854858,3.3618268123927395,12.625314721716952,-9.263487909324212,0.3933869854159274,0.6057894919533282,0.9991764773692556,-0.21240250653740078
4.660185098648071,3.178401769737778,12.508454902373563,-9.330053132635785,0.3933869854159274,0.6057894919533282,0.9991764773692556,-0.21240250653740078
4.680180311203003,2.99398452962655,12.362232671898852,-9.368248142272302,0.4050650934300938,0.5994074233341962,1.0044725167642898,-0.19434232990410238
4.7002317905426025,2.808573809406185,12.192520512519083,-9.383946703112898,0.4050650934300938,0.5994074233341962,1.0044725167642898,-0.19434232990410238
4.720285415649414,2.6226973849234487,12.004016410015266,-9.381319025091818,0.4050650934300938,0.5994074233341962,1.0044725167642898,-0.19434232990410238
4.7402424812316895,2.4373025448845933,11.818056878012213,-9.38075433312762,0.4050650934300938,0.5994074233341962,1.0044725167642898,-0.19434232990410238
4.760186195373535,2.25164888582812,11.669289252409772,-9.417640366581653,0.4050650934300938,0.5994074233341962,1.0044725167642898,-0.19434232990410238
4.780234098434448,2.064669057355874,11.669289252409772,-9.604620195053897,0.42549762153845216,0.5908140587154775,1.0163116802539296,-0.16531643717702538
4.800202369689941,1.8781062384248175,11.550275151927819,-9.672168913503,0.42549762153845216,0.5908140587154775,1.0163116802539296,-0.16531643717702538
4.820181846618652,1.691142847397267,11.455063871542254,-9.763921024144988,0.42549762153845216,0.5908140587154775,1.0163116802539296,-0.16531643717702538
4.840182304382324,1.5037162096244137,11.378894847233804,-9.875178637609391,0.4556091765485325,0.5796300033573061,1.0352391799058385,-0.12402082680877358
4.860192775726318,1.3159580949056404,11.317959627787044,-10.002001532881403,0.4556091765485325,0.5796300033573061,1.0352391799058385,-0.12402082680877358
4.8801915645599365,1.1281017507694273,11.286789577229637,-10.15868782646021,0.4556091765485325,0.5796300033573061,1.0352391799058385,-0.12402082680877358
4.900197267532349,0.940002251730221,11.244275411783711,-10.30427316005349,0.4556091765485325,0.5796300033573061,1.0352391799058385,-0.12402082680877358
4.920259714126587,0.7512201063083733,11.15752970442697,-10.406309598118597,0.468985910768024,0.57180310417898,1.0407890149470038,-0.10281719341095596
4.940228462219238,0.563201058454458,11.052976888541576,-10.489775830087117,0.468985910768024,0.57180310417898,1.0407890149470038,-0.10281719341095596
4.960204124450684,0.37502820849635043,10.951756510833262,-10.57672830233691,0.468985910768024,0.57180310417898,1.0407890149470038,-0.10281719341095596
4.980168581008911,0.18690188406649347,10.818045833666611,-10.631143949600117,0.4812538775227585,0.562104905070737,1.0433587825934953,-0.08085102754797846
5.000184535980225,-0.0017392106354944276,10.818045833666611,-10.819785044302105,0.4812538775227585,0.562104905070737,1.0433587825934953,-0.08085102754797846
5.02016282081604,-0.19002502613819017,10.58803041693329,-10.77805544307148,0.4812538775227585,0.562104905070737,1.0433587825934953,-0.08085102754797846
5.040152549743652,-0.37838872332213624,10.298549333546632,-10.676938056868767,0.49327242305349495,0.5603830832289531,1.053655506282448,-0.06711066017545819
5.060145378112793,-0.5667219205883469,10.031808216837307,-10.598530137425653,0.49327242305349495,0.5603830832289531,1.053655506282448,-0.06711066017545819
5.080146312713623,-0.7550419926561815,9.748102823469845,-10.503144816126026,0.49327242305349495,0.5603830832289531,1.053655506282448,-0.06711066017545819
5.100159168243408,-0.943354953424941,9.398091633775877,-10.341446587200817,0.49919800251569535,0.5323244779603555,1.0315224804760508,-0.033126475444660186
5.120150089263916,-1.131312616979039,9.030192057020702,-10.161504673999742,0.49919800251569535,0.5323244779603555,1.0315224804760508,-0.033126475444660186
5.140145540237427,-1.3191343237034505,8.700716145616562,-10.019850469320012,0.49919800251569535,0.5323244779603555,1.0315224804760508,-0.033126475444660186
5.160141229629517,-1.5067500542503454,8.38440104149325,-9.891151095743595,0.49919800251569535,0.5323244779603555,1.0315224804760508,-0.033126475444660186
5.1801512241363525,-1.6942619138611876,8.061036458194602,-9.75529837205579,0.5153013651802757,0.5280206742929294,1.043322039473205,-0.012719309112653732
5.200310707092285,-1.8829037220986697,7.732032291555681,-9.61493601365435,0.5153013651802757,0.5280206742929294,1.043322039473205,-0.012719309112653732
5.220200538635254,-2.0687263477554767,7.732032291555681,-9.800758639311159,0.5153013651802757,0.5280206742929294,1.043322039473205,-0.012719309112653732
5.240142345428467,-2.254710177329126,7.398516458244546,-9.653226635573672,0.5153013651802757,0.5280206742929294,1.043322039473205,-0.012719309112653732
5.260164022445679,-2.441082758228617,7.114125666595637,-9.555208424824254,0.5153013651802757,0.5280206742929294,1.043322039473205,-0.012719309112653732
5.2801430225372314,-2.626673023091082,6.851456783276511,-9.478129806367594,0.5153013651802757,0.5280206742929294,1.043322039473205,-0.012719309112653732
5.30014181137085,-2.8120325744991375,6.641321676621209,-9.453354251120347,0.5153013651802757,0.5280206742929294,1.043322039473205,-0.012719309112653732
5.320141077041626,-2.996952530617176,6.473213591296968,-9.470166121914144,0.5301811581089714,0.5215691779041662,1.0517503360131375,0.008611980204805136
5.340220212936401,-3.1821348973576766,6.338727123037575,-9.520862020395253,0.5301811581089714,0.5215691779041662,1.0517503360131375,0.008611980204805136
5.360255241394043,-3.366405686446626,6.231137948430061,-9.597543634876686,0.5301811581089714,0.5215691779041662,1.0517503360131375,0.008611980204805136
5.380228281021118,-3.549575382525949,6.145066608744049,-9.694641991269998,0.5301811581089714,0.5215691779041662,1.0517503360131375,0.008611980204805136
5.400214910507202,-3.732310122971081,6.05863141199524,-9.79094153496632,0.5301811581089714,0.5215691779041662,1.0517503360131375,0.008611980204805136
5.420159578323364,-3.9140744992655603,5.989483254596192,-9.903557753861753,0.5497800631060817,0.4995669707888737,1.0493470338949553,0.05021309231720805
5.440218925476074,-4.096263968804284,5.989483254596192,-10.085747223400476,0.5497800631060817,0.4995669707888737,1.0493470338949553,0.05021309231720805
5.460168361663818,-4.276809867989566,5.934164728676954,-10.21097459666652,0.5497800631060817,0.4995669707888737,1.0493470338949553,0.05021309231720805
5.480146169662476,-4.456939142122968,5.872331782941564,-10.329270925064531,0.5497800631060817,0.4995669707888737,1.0493470338949553,0.05021309231720805
5.500144958496094,-4.636554231367881,5.7525529263532516,-10.389107157721131,0.5437093449368694,0.4875113679328933,1.0312207128697626,0.05619797700397611
5.5201311111450195,-4.815324453924489,5.621573591082602,-10.43689804500709,0.5437093449368694,0.4875113679328933,1.0312207128697626,0.05619797700397611
5.540152549743652,-4.99364892715972,5.481633872866082,-10.475282800025802,0.5437093449368694,0.4875113679328933,1.0312207128697626,0.05619797700397611
5.560132741928101,-5.170818245018128,5.264213348292866,-10.435031593310995,0.5624968332782009,0.47505682001356037,1.0375536532917613,0.08744001326464051
5.580132722854614,-5.3473468987050525,4.967230053634293,-10.314576952339346,0.5624968332782009,0.47505682001356037,1.0375536532917613,0.08744001326464051
5.600128650665283,-5.522995629895021,4.659330917907434,-10.182326547802456,0.5664086223192134,0.4773993365699425,1.0438079588891558,0.08900928574927092
5.620137691497803,-5.697886895108096,4.395433484325947,-10.093320379434044,0.5664086223192134,0.4773993365699425,1.0438079588891558,0.08900928574927092
5.640125751495361,-5.87169562454121,4.1140030374607575,-9.985698662001967,0.5664086223192134,0.4773993365699425,1.0438079588891558,0.08900928574927092
5.660125732421875,-6.04468107777951,4.1140030374607575,-10.158684115240266,0.5786400290749588,0.4629464861238375,1.0415865151987962,0.11569354295112133
5.680132865905762,-6.216773356749518,3.8009680549686062,-10.017741411718124,0.5786400290749588,0.4629464861238375,1.0415865151987962,0.11569354295112133
5.700126886367798,-6.3877714139916755,3.532961943974885,-9.920733357966562,0.5786400290749588,0.4629464861238375,1.0415865151987962,0.11569354295112133
5.7201244831085205,-6.557791685024973,3.3185570551799084,-9.87634874020488,0.5774574452157685,0.4613159480970353,1.0387733933128038,0.11614149711873317
5.74013352394104,-6.72687305766862,3.147033144143927,-9.873906201812547,0.5774574452157685,0.4613159480970353,1.0387733933128038,0.11614149711873317
5.760125398635864,-6.894747535804171,2.9922358903151416,-9.886983426119313,0.5774574452157685,0.4613159480970353,1.0387733933128038,0.11614149711873317
5.780122756958008,-7.061579734551262,2.7980855872521135,-9.859665321803375,0.5774574452157685,0.4613159480970353,1.0387733933128038,0.11614149711873317
5.800122261047363,-7.227314843690074,2.554874719801691,-9.782189563491766,0.5774574452157685,0.4613159480970353,1.0387733933128038,0.11614149711873317
5.820368528366089,-7.393932332572995,2.325149775841353,-9.719082108414348,0.5928767970840999,0.4637841112446039,1.0566609083287037,0.129092685839496
5.840244770050049,-7.556340923034372,2.123791695673082,-9.680132618707454,0.5928767970840999,0.4637841112446039,1.0566609083287037,0.129092685839496
5.860226392745972,-7.718422634441993,1.9627052315384657,-9.681127865980459,0.5928767970840999,0.4637841112446039,1.0566609083287037,0.129092685839496
5.880312442779541,-7.880125224309022,1.9627052315384657,-9.842830455847487,0.5928767970840999,0.4637841112446039,1.0566609083287037,0.129092685839496
5.900254726409912,-8.039428833434847,1.8338360602307724,-9.87326489366562,0.5928767970840999,0.4637841112446039,1.0566609083287037,0.129092685839496
5.920236349105835,-8.197780736039292,1.7307407231846181,-9.92852145922391,0.5928767970840999,0.4637841112446039,1.0566609083287037,0.129092685839496
5.940156698226929,-8.354360869062335,1.6482644535476947,-10.00262532261003,0.5928767970840999,0.4637841112446039,1.0566609083287037,0.129092685839496
5.960122108459473,-8.509981970325757,1.582283437838156,-10.092265408163913,0.5928767970840999,0.4637841112446039,1.0566609083287037,0.129092685839496
5.980259895324707,-8.665590022667786,1.529498625270525,-10.195088647938311,0.5855952547940978,0.45544459908269347,1.0410398538767913,0.13015065571140433
6.000247955322266,-8.81866928849327,1.4872707752164203,-10.30594006370969,0.5855952547940978,0.45544459908269347,1.0410398538767913,0.13015065571140433
6.020256996154785,-8.97051612972982,1.4534884951731362,-10.424004624902956,0.5855952547940978,0.45544459908269347,1.0410398538767913,0.13015065571140433
6.040195941925049,-9.120420665630892,1.426462671138509,-10.546883336769401,0.5855952547940978,0.45544459908269347,1.0410398538767913,0.13015065571140433
6.06014609336853,-9.268976795931536,1.4048420119108074,-10.673818807842343,0.5855952547940978,0.45544459908269347,1.0410398538767913,0.13015065571140433
6.080194473266602,-9.416797167209237,1.3875454845286461,-10.804342651737883,0.5864992495704063,0.45501803355291487,1.0415172831233213,0.13148121601749146
6.100186586380005,-9.562714755181664,1.3875454845286461,-10.95026023971031,0.5864992495704063,0.45501803355291487,1.0415172831233213,0.13148121601749146
6.120132923126221,-9.706794555519348,1.3737082626229171,-11.080502818142266,0.5864992495704063,0.45501803355291487,1.0415172831233213,0.13148121601749146
6.140212535858154,-9.850297091881718,1.362638485098334,-11.212935576980051,0.5920912474471697,0.43840670706704254,1.0304979545142121,0.15368454038012713
6.160233974456787,-9.99182282111854,1.3537826630786673,-11.345605484197208,0.5920912474471697,0.43840670706704254,1.0304979545142121,0.15368454038012713
6.180201292037964,-10.131391201089812,1.346698005462934,-11.478089206552745,0.5920912474471697,0.43840670706704254,1.0304979545142121,0.15368454038012713
6.2002012729644775,-10.269589326041281,1.3410302793703475,-11.610619605411628,0.5920912474471697,0.43840670706704254,1.0304979545142121,0.15368454038012713
6.220144271850586,-10.40577897034571,1.283761723496278,-11.689540693841987,0.5920912474471697,0.43840670706704254,1.0304979545142121,0.15368454038012713
6.240114450454712,-10.540517032006857,1.0973218787970225,-11.637838910803879,0.5920912474471697,0.43840670706704254,1.0304979545142121,0.15368454038012713
6.260118007659912,-10.673816613280481,0.877857503037618,-11.551674116318098,0.5920912474471697,0.43840670706704254,1.0304979545142121,0.15368454038012713
6.2802534103393555,-10.806291913640864,0.7022860024300943,-11.508577916070958,0.5872079846527049,0.4062572170980274,0.9934652017507323,0.18095076755467743
6.300148248672485,-10.935485820507408,0.5618288019440756,-11.497314622451484,0.5872079846527049,0.4062572170980274,0.9934652017507323,0.18095076755467743
6.320122718811035,-11.06347781575403,0.5618288019440756,-11.625306617698106,0.5872079846527049,0.4062572170980274,0.9934652017507323,0.18095076755467743
6.340115785598755,-11.189843939573233,0.44946304155526046,-11.639306981128493,0.5872079846527049,0.4062572170980274,0.9934652017507323,0.18095076755467743
6.360126495361328,-11.314553450733893,0.35957043324420834,-11.674123883978101,0.5872079846527049,0.4062572170980274,0.9934652017507323,0.18095076755467743
6.380271673202515,-11.43829425920179,0.2700782215953667,-11.708372480797156,0.595280285466797,0.40404864777810867,0.9993289332449057,0.19123163768868834
6.400310516357422,-11.559563873376725,0.1281719522762934,-11.687735825653018,0.595280285466797,0.40404864777810867,0.9993289332449057,0.19123163768868834
6.420205354690552,-11.678149274198484,-0.07324368817896526,-11.604905586019518,0.595280285466797,0.40404864777810867,0.9993289332449057,0.19123163768868834
6.440163850784302,-11.795280553738364,-0.28711057554317226,-11.508169978195191,0.595280285466797,0.40404864777810867,0.9993289332449057,0.19123163768868834
6.46012544631958,-11.910574700966205,-0.4582040854345379,-11.452370615531667,0.595280285466797,0.40404864777810867,0.9993289332449057,0.19123163768868834
6.480119705200195,-12.024179292426119,-0.5950788933476303,-11.42910039907849,0.595280285466797,0.40404864777810867,0.9993289332449057,0.19123163768868834
6.500118017196655,-12.135908667493382,-0.7045787396781045,-11.431329927815277,0.595280285466797,0.40404864777810867,0.9993289332449057,0.19123163768868834
6.520257949829102,-12.246492748395793,-0.7921786167424837,-11.454314131653309,0.5990140151775994,0.37932034772820766,0.9783343629058071,0.21969366744939178
6.540160894393921,-12.353849104498105,-0.7921786167424837,-11.56167048775562,0.5990140151775994,0.37932034772820766,0.9783343629058071,0.21969366744939178
6.560132265090942,-12.459632628857241,-0.862258518393987,-11.597374110463253,0.5990140151775994,0.37932034772820766,0.9783343629058071,0.21969366744939178
6.5801262855529785,-12.563570886899754,-0.9359005647151897,-11.627670322184564,0.5990140151775994,0.37932034772820766,0.9783343629058071,0.21969366744939178
6.600121974945068,-12.665534824732266,-0.9948142017721516,-11.670720622960115,0.5990140151775994,0.37932034772820766,0.9783343629058071,0.21969366744939178
6.620189189910889,-12.765853561383008,-1.1122576114177214,-11.653595949965286,0.6068461465261498,0.37042400524951513,0.9772701517756649,0.23642214127663463
6.640138387680054,-12.86357076395332,-1.329259214134177,-11.534311549819142,0.6068461465261498,0.37042400524951513,0.9772701517756649,0.23642214127663463
6.660125255584717,-12.95944574800864,-1.5907511213073415,-11.368694626701298,0.6068461465261498,0.37042400524951513,0.9772701517756649,0.23642214127663463
6.68011999130249,-13.053313504050799,-1.8526790220458733,-11.200634482004926,0.6068461465261498,0.37042400524951513,0.9772701517756649,0.23642214127663463
6.700127363204956,-13.145178441191332,-2.1149557176366987,-11.030222723554633,0.6068461465261498,0.37042400524951513,0.9772701517756649,0.23642214127663463
6.720319986343384,-13.235787678062067,-2.359933324109359,-10.875854353952707,0.6068461465261498,0.37042400524951513,0.9772701517756649,0.23642214127663463
6.740353584289551,-13.323577931902815,-2.6086497842874876,-10.714928147615327,0.6175080791659274,0.3500519628170877,0.9675600419830152,0.2674561163488397
6.760236978530884,-13.408622664115004,-2.6086497842874876,-10.799972879827516,0.6175080791659274,0.3500519628170877,0.9675600419830152,0.2674561163488397
6.780247926712036,-13.492099998198142,-2.8252010774299903,-10.666898920768151,0.6175080791659274,0.3500519628170877,0.9675600419830152,0.2674561163488397
6.800226449966431,-13.573314365078017,-2.9984421119439926,-10.574872253134025,0.6175080791659274,0.3500519628170877,0.9675600419830152,0.2674561163488397
6.820173501968384,-13.652267073367865,-3.1370349395551944,-10.51523213381267,0.6137565923932561,0.3181226673070341,0.9318792597002902,0.295633925086222
6.840227127075195,-13.729479919996958,-3.2654873266441555,-10.463992593352803,0.6137565923932561,0.3181226673070341,0.9318792597002902,0.295633925086222
6.860287189483643,-13.804536815730575,-3.4385617363153247,-10.36597507941525,0.6137565923932561,0.3181226673070341,0.9318792597002902,0.295633925086222
6.880293846130371,-13.87720963934885,-3.68249001405226,-10.19471962529659,0.6137565923932561,0.3181226673070341,0.9318792597002902,0.295633925086222
6.900324821472168,-13.9477739634088,-3.983101386241808,-9.964672577166992,0.6137565923932561,0.3181226673070341,0.9318792597002902,0.295633925086222
6.920232534408569,-14.015715094246362,-4.311481108993447,-9.704233985252916,0.6137565923932561,0.3181226673070341,0.9318792597002902,0.295633925086222
6.940299987792969,-14.081982029926868,-4.6972317621947575,-9.38475026773211,0.6137565923932561,0.3181226673070341,0.9318792597002902,0.295633925086222
6.960194826126099,-14.145469053322802,-5.111301034755807,-9.034168018566994,0.6137565923932561,0.3181226673070341,0.9318792597002902,0.295633925086222
6.980119228363037,-14.206835179663926,-5.111301034755807,-9.095534144908118,0.6137565923932561,0.3181226673070341,0.9318792597002902,0.295633925086222
7.0003039836883545,-14.266732811336935,-5.512868952804646,-8.753863858532288,0.5982344579029449,0.3243053206708282,0.9225397785737731,0.27392913723211676
7.020259141921997,-14.323693462348702,-5.851701412243717,-8.471992050104985,0.5982344579029449,0.3243053206708282,0.9225397785737731,0.27392913723211676
7.040206432342529,-14.378381241806167,-6.122767379794975,-8.255613862011192,0.5982344579029449,0.3243053206708282,0.9225397785737731,0.27392913723211676
7.060147762298584,-14.430795131794115,-6.3396201538359795,-8.091174977958136,0.5982344579029449,0.3243053206708282,0.9225397785737731,0.27392913723211676
7.0801191329956055,-14.481017415303914,-6.513102373068785,-7.967915042235129,0.5982344579029449,0.3243053206708282,0.9225397785737731,0.27392913723211676
7.100119352340698,-14.529027119698418,-6.651888148455028,-7.877138971243389,0.5982344579029449,0.3243053206708282,0.9225397785737731,0.27392913723211676
7.120252847671509,-14.57503939474546,-6.762916768764023,-7.812122625981437,0.5926888040344783,0.34315463765524323,0.9358434416897216,0.2495341663792351
7.14020848274231,-14.618343636796244,-6.851739665011219,-7.766603971785025,0.5926888040344783,0.34315463765524323,0.9358434416897216,0.2495341663792351
7.160214900970459,-14.659451117802863,-6.922797982008976,-7.736653135793888,0.5926888040344783,0.34315463765524323,0.9358434416897216,0.2495341663792351
7.180232286453247,-14.698262843944628,-6.979644635607181,-7.718618208337447,0.5926888040344783,0.34315463765524323,0.9358434416897216,0.2495341663792351
7.200181484222412,-14.734629171224256,-6.979644635607181,-7.7549845356170755,0.5926888040344783,0.34315463765524323,0.9358434416897216,0.2495341663792351
7.220158338546753,-14.768726132749991,-7.0251219584857445,-7.743604174264247,0.5906465058292815,0.3491906906012445,0.939837196430526,0.24145581522803694
7.240302562713623,-14.800752669600131,-7.061503816788596,-7.739248852811535,0.5906465058292815,0.3491906906012445,0.939837196430526,0.24145581522803694
7.260239124298096,-14.83011456610518,-7.0906093034308775,-7.739505262674303,0.5906465058292815,0.3491906906012445,0.939837196430526,0.24145581522803694
7.280181884765625,-14.857157491790062,-7.1138936927447025,-7.743263799045359,0.5906465058292815,0.3491906906012445,0.939837196430526,0.24145581522803694
7.3001508712768555,-14.881898667722194,-7.132521204195763,-7.7493774635264305,0.588014582412652,0.35160720632411535,0.9396217887367674,0.23640737608853668
7.320150852203369,-14.90433004424974,-7.147423213356611,-7.756906830893128,0.588014582412652,0.35160720632411535,0.9396217887367674,0.23640737608853668
7.340188264846802,-14.924443227552723,-7.159344820685289,-7.765098406867434,0.588014582412652,0.35160720632411535,0.9396217887367674,0.23640737608853668
7.360156059265137,-14.942133278956941,-7.1688821065482315,-7.77325117240871,0.5982114563308277,0.33964719255454834,0.9378586488853761,0.2585642637762794
7.380252122879028,-14.95756230794949,-7.176511935238585,-7.781050372710904,0.5982114563308277,0.33964719255454834,0.9378586488853761,0.2585642637762794
7.400288105010986,-14.970571177856671,-7.176511935238585,-7.794059242618086,0.5982114563308277,0.33964719255454834,0.9378586488853761,0.2585642637762794
7.420245409011841,-14.98117038235627,-7.182615798190869,-7.798554584165401,0.5982114563308277,0.33964719255454834,0.9378586488853761,0.2585642637762794
7.440269470214844,-14.989437596400796,-7.187498888552695,-7.801938707848101,0.5982114563308277,0.33964719255454834,0.9378586488853761,0.2585642637762794
7.460284233093262,-14.995329919468567,-7.191405360842157,-7.80392455862641,0.5982114563308277,0.33964719255454834,0.9378586488853761,0.2585642637762794
7.480226993560791,-14.998842393838803,-7.194530538673726,-7.804311855165077,0.5982114563308277,0.33964719255454834,0.9378586488853761,0.2585642637762794
7.5003392696380615,-14.999999659191053,-7.197030680938981,-7.802968978252072,0.5982114563308277,0.33964719255454834,0.9378586488853761,0.2585642637762794
7.520317554473877,-14.998777755848739,-7.1990307947511845,-7.799746961097554,0.5982114563308277,0.33964719255454834,0.9378586488853761,0.2585642637762794
7.540188550949097,-14.995218076562239,-7.200630885800948,-7.794587190761291,0.5982114563308277,0.33964719255454834,0.9378586488853761,0.2585642637762794
7.560272455215454,-14.989245087995428,-7.201910958640759,-7.78733412935467,0.6114055805451789,0.3491026284638792,0.9605082090090581,0.2623029520812997
7.580262899398804,-14.980929650917886,-7.202935016912607,-7.777994634005279,0.6114055805451789,0.3491026284638792,0.9605082090090581,0.2623029520812997
7.600281238555908,-14.970234259457575,-7.203754263530086,-7.766479995927489,0.6114055805451789,0.3491026284638792,0.9605082090090581,0.2623029520812997
7.620275497436523,-14.957187693607349,-7.204409660824068,-7.75277803278328,0.6114055805451789,0.3491026284638792,0.9605082090090581,0.2623029520812997
7.640285968780518,-14.941767120084691,-7.204409660824068,-7.737357459260623,0.6114055805451789,0.3491026284638792,0.9605082090090581,0.2623029520812997
7.660235404968262,-14.924042424999481,-7.204933978659255,-7.719108446340226,0.6114055805451789,0.3491026284638792,0.9605082090090581,0.2623029520812997
7.6801557540893555,-14.904003919158686,-7.205353432927404,-7.698650486231283,0.6114055805451789,0.3491026284638792,0.9605082090090581,0.2623029520812997
7.700132608413696,-14.881563825977063,-7.205688996341924,-7.675874829635139,0.6114055805451789,0.3491026284638792,0.9605082090090581,0.2623029520812997
7.7202582359313965,-14.856585833628387,-7.205957447073539,-7.650628386554848,0.6228879841588059,0.3269246323499828,0.9498126165087887,0.29596335180882305
7.740159034729004,-14.829550928852747,-7.206172207658832,-7.623378721193915,0.6228879841588059,0.3269246323499828,0.9498126165087887,0.29596335180882305
7.7601377964019775,-14.80007789067952,-7.2063440161270655,-7.593733874552454,0.6228879841588059,0.3269246323499828,0.9498126165087887,0.29596335180882305
7.7801268100738525,-14.768255791062712,-7.206481462901653,-7.561774328161059,0.6228879841588059,0.3269246323499828,0.9498126165087887,0.29596335180882305
7.800122976303101,-14.734091537439214,-7.206591420321323,-7.527500117117891,0.6228879841588059,0.3269246323499828,0.9498126165087887,0.29596335180882305
7.820154428482056,-14.697535047854291,-7.2066793862570595,-7.490855661597232,0.6235259632890665,0.3152567698154598,0.9387827331045263,0.3082691934736067
7.8402204513549805,-14.65858122465249,-7.206749759005648,-7.451831465646842,0.6235259632890665,0.3152567698154598,0.9387827331045263,0.3082691934736067
7.86022162437439,-14.617434502162952,-7.206749759005648,-7.410684743157304,0.6235259632890665,0.3152567698154598,0.9387827331045263,0.3082691934736067
7.8802714347839355,-14.573870767056308,-7.206806057204519,-7.367064709851789,0.6235259632890665,0.3152567698154598,0.9387827331045263,0.3082691934736067
7.900190353393555,-14.528301153791052,-7.206851095763616,-7.321450058027436,0.6235259632890665,0.3152567698154598,0.9387827331045263,0.3082691934736067
7.920153379440308,-14.480347451337858,-7.2068871266108925,-7.273460324726965,0.6427462688957893,0.3034441778901964,0.9461904467859857,0.33930209100559294
7.9402289390563965,-14.429825976167933,-7.206915951288714,-7.222910024879219,0.6427462688957893,0.3034441778901964,0.9461904467859857,0.33930209100559294
7.960299491882324,-14.377022072652352,-7.206939011030972,-7.17008306162138,0.6427462688957893,0.3034441778901964,0.9461904467859857,0.33930209100559294
7.980308532714844,-14.322104149017735,-7.206957458824778,-7.115146690192956,0.6427462688957893,0.3034441778901964,0.9461904467859857,0.33930209100559294
8.000197649002075,-14.265271998196399,-7.224550342059823,-7.040721656136576,0.6427462688957893,0.3034441778901964,0.9461904467859857,0.33930209100559294
8.020135641098022,-14.206064233115008,-7.32651527364786,-6.879548959467148,0.6427462688957893,0.3034441778901964,0.9461904467859857,0.33930209100559294
8.04025149345398,-14.144068989630645,-7.531134093918289,-6.612934895712356,0.6487815632795536,0.28902422455139454,0.9378057878309481,0.35975733872815907
8.060181617736816,-14.080417845478184,-7.765141650134633,-6.315276195343551,0.6487815632795536,0.28902422455139454,0.9378057878309481,0.35975733872815907
8.08016562461853,-14.014377710839549,-7.765141650134633,-6.2492360607049156,0.6487815632795536,0.28902422455139454,0.9378057878309481,0.35975733872815907
8.100143432617188,-13.946149593345687,-7.969925820107707,-5.97622377323798,0.6487815632795536,0.28902422455139454,0.9378057878309481,0.35975733872815907
8.120136260986328,-13.875670328128018,-8.133753156086165,-5.741917172041854,0.6487815632795536,0.28902422455139454,0.9378057878309481,0.35975733872815907
8.140143394470215,-13.802948728199794,-8.282393149868932,-5.520555578330862,0.6487815632795536,0.28902422455139454,0.9378057878309481,0.35975733872815907
8.160163164138794,-13.72799793338267,-8.454039519895147,-5.273958413487522,0.6396492748831951,0.28699322631582613,0.9266425011990213,0.352656048567369
8.180261135101318,-13.650569540061209,-8.66166911591612,-4.98890042414509,0.6396492748831951,0.28699322631582613,0.9266425011990213,0.352656048567369
8.200353622436523,-13.570986409250324,-8.862929042732896,-4.708057366517428,0.6396492748831951,0.28699322631582613,0.9266425011990213,0.352656048567369
8.22027850151062,-13.489931218971375,-9.059093234186317,-4.430837984785057,0.6396492748831951,0.28699322631582613,0.9266425011990213,0.352656048567369
8.240224838256836,-13.40667108173816,-9.233602712349052,-4.173068369389108,0.6396492748831951,0.28699322631582613,0.9266425011990213,0.352656048567369
8.260173797607422,-13.32129385918828,-9.390788419879241,-3.930505439309039,0.6631551283722364,0.3156444824300706,0.978799610802307,0.34751064594216585
8.280261516571045,-13.233208057122049,-9.516536985903395,-3.716671071218654,0.6631551283722364,0.3156444824300706,0.978799610802307,0.34751064594216585
8.300278663635254,-13.143334748845993,-9.516536985903395,-3.626797762942598,0.6631551283722364,0.3156444824300706,0.978799610802307,0.34751064594216585
8.32031536102295,-13.051291575853304,-9.634713963722717,-3.4165776121305864,0.6631551283722364,0.3156444824300706,0.978799610802307,0.34751064594216585
8.340179443359375,-12.957999441009761,-9.711677420978175,-3.2463220200315863,0.6631551283722364,0.3156444824300706,0.978799610802307,0.34751064594216585
8.360122919082642,-12.86230383402815,-9.79082631178254,-3.07147752224561,0.6631551283722364,0.3156444824300706,0.978799610802307,0.34751064594216585
8.380146026611328,-12.764194391950555,-9.836567299426033,-2.9276270925245225,0.6566793919851625,0.35062185516580935,1.0073012471509717,0.3060575368193531
8.400209188461304,-12.663862361246247,-9.873160089540827,-2.7907022717054204,0.6566793919851625,0.35062185516580935,1.0073012471509717,0.3060575368193531
8.42017650604248,-12.562011579847495,-9.902434321632661,-2.659577258214833,0.6566793919851625,0.35062185516580935,1.0073012471509717,0.3060575368193531
8.440152645111084,-12.458137283602126,-9.925853707306128,-2.532283576295997,0.6566793919851625,0.35062185516580935,1.0073012471509717,0.3060575368193531
8.460169315338135,-12.352083669729291,-9.962167340844903,-2.3899163288843877,0.6566793919851625,0.35062185516580935,1.0073012471509717,0.3060575368193531
8.480159997940063,-12.244217750978978,-9.991218247675924,-2.2529995033030534,0.6481209016715729,0.3645976533181965,1.0127185549897693,0.2835232483533764
8.500184297561646,-12.13423387267899,-9.99688084814074,-2.1373530245382497,0.6481209016715729,0.3645976533181965,1.0127185549897693,0.2835232483533764
8.520201206207275,-12.022370855517638,-9.99688084814074,-2.025490007376897,0.6481209016715729,0.3645976533181965,1.0127185549897693,0.2835232483533764
8.540187358856201,-11.908782404380434,-10.018989053512591,-1.8897933508678424,0.6481209016715729,0.3645976533181965,1.0127185549897693,0.2835232483533764
8.560174465179443,-11.793310467358461,-10.036675617810072,-1.756634849548389,0.6481209016715729,0.3645976533181965,1.0127185549897693,0.2835232483533764
8.580170631408691,-11.675925026288388,-10.050824869248059,-1.625100157040329,0.6481209016715729,0.3645976533181965,1.0127185549897693,0.2835232483533764
8.600186347961426,-11.556579062210536,-10.062144270398448,-1.494434791812088,0.6481209016715729,0.3645976533181965,1.0127185549897693,0.2835232483533764
8.620233535766602,-11.435213357165622,-10.07119979131876,-1.3640135658468626,0.6672254699593031,0.377775717806071,1.045001187765374,0.2894497521532321
8.640172243118286,-11.31270477423666,-10.078444208055009,-1.2342605661816517,0.6672254699593031,0.377775717806071,1.045001187765374,0.2894497521532321
8.660160541534424,-11.188109402985479,-10.084239741444009,-1.10386966154147,0.6672254699593031,0.377775717806071,1.045001187765374,0.2894497521532321
8.680179834365845,-11.06155206887427,-10.088876168155208,-0.9726759007190626,0.6672254699593031,0.377775717806071,1.045001187765374,0.2894497521532321
8.700194597244263,-10.933273845678185,-10.092585309524168,-0.8406885361540173,0.6672254699593031,0.377775717806071,1.045001187765374,0.2894497521532321
8.72019076347351,-10.803388174085672,-10.095552622619335,-0.7078355514663368,0.6672254699593031,0.377775717806071,1.045001187765374,0.2894497521532321
8.740168571472168,-10.671918764051545,-10.095552622619335,-0.5763661414322101,0.6602744829220318,0.37499533877708013,1.0352698216991119,0.2852791441449517
8.760145902633667,-10.53877107003887,-10.097926473095468,-0.4408445969434016,0.6602744829220318,0.37499533877708013,1.0352698216991119,0.2852791441449517
8.780136346817017,-10.403873924200049,-10.099825553476375,-0.30404837072367386,0.6602744829220318,0.37499533877708013,1.0352698216991119,0.2852791441449517
8.800128936767578,-10.267320712263766,-10.1013448177811,-0.16597589448266525,0.6602744829220318,0.37499533877708013,1.0352698216991119,0.2852791441449517
8.820147275924683,-10.128968378607366,-10.102560229224881,-0.026408149382485036,0.625470854000523,0.3946052240673452,1.0200760780678682,0.23086562993317783
8.840172529220581,-9.98896501551953,-10.103532558379905,0.11456754286037452,0.625470854000523,0.3946052240673452,1.0200760780678682,0.23086562993317783
8.860175609588623,-9.84753792892765,-10.104310421703923,0.2567724927762729,0.625470854000523,0.3946052240673452,1.0200760780678682,0.23086562993317783
8.880192995071411,-9.704452518285894,-10.10493271236314,0.40048019407724667,0.625470854000523,0.3946052240673452,1.0200760780678682,0.23086562993317783
8.900199174880981,-9.559913380061673,-10.105430544890513,0.5455171648288406,0.625470854000523,0.3946052240673452,1.0200760780678682,0.23086562993317783
8.92021131515503,-9.413819952087916,-10.105828810912412,0.6920088588244955,0.6656861786109948,0.38961324286647137,1.055299421477466,0.2760729357445234
8.940226793289185,-9.266213429302477,-10.10614742372993,0.8399339944274526,0.6656861786109948,0.38961324286647137,1.055299421477466,0.2760729357445234
8.960202932357788,-9.117435811283414,-10.10614742372993,0.9887116124465152,0.6656861786109948,0.38961324286647137,1.055299421477466,0.2760729357445234
8.980201005935669,-8.967056156736652,-10.106402313983946,1.139346157247294,0.6656861786109948,0.38961324286647137,1.055299421477466,0.2760729357445234
9.000215291976929,-8.815137144267128,-10.106606226187155,1.2914690819200274,0.6656861786109948,0.38961324286647137,1.055299421477466,0.2760729357445234
9.020182371139526,-8.662187364435853,-10.106769355949725,1.4445819915138713,0.6656861786109948,0.38961324286647137,1.055299421477466,0.2760729357445234
9.040162086486816,-8.507776140375572,-10.106899859759782,1.5991237193842096,0.659119899508878,0.4083750918973237,1.0674949914062015,0.25074480761155427
9.060149669647217,-8.351962569161751,-10.107004262807827,1.755041693646076,0.659119899508878,0.4083750918973237,1.0674949914062015,0.25074480761155427
9.080149412155151,-8.19473577769043,-10.10708778524626,1.91235200755583,0.659119899508878,0.4083750918973237,1.0674949914062015,0.25074480761155427
9.10015869140625,-8.036139081487798,-10.107154603197008,2.07101552170921,0.643630543847903,0.413313354877755,1.0569438987256579,0.23031718897014797
9.12015151977539,-7.876404159357888,-10.107208057557608,2.2308038981997207,0.643630543847903,0.413313354877755,1.0569438987256579,0.23031718897014797
9.140156030654907,-7.715331930149191,-10.107250821046087,2.3919188908968954,0.643630543847903,0.413313354877755,1.0569438987256579,0.23031718897014797
9.160163402557373,-7.553017514306253,-10.107285031836868,2.554267517530615,0.6574160085370385,0.41322867363778637,1.0706446821748248,0.24418733489925215
9.18027925491333,-7.388619759308194,-10.107285031836868,2.718665272528674,0.6574160085370385,0.41322867363778637,1.0706446821748248,0.24418733489925215
9.20029902458191,-7.223835341204842,-10.107312400469498,2.8834770592646555,0.6574160085370385,0.41322867363778637,1.0706446821748248,0.24418733489925215
9.220250129699707,-7.058478967060719,-10.107334295375598,3.048855328314879,0.6574160085370385,0.41322867363778637,1.0706446821748248,0.24418733489925215
9.240182161331177,-6.89217308478416,-10.107351811300479,3.215178726516319,0.6574160085370385,0.41322867363778637,1.0706446821748248,0.24418733489925215
9.260148763656616,-6.724494988702617,-10.107365824040382,3.3828708353377657,0.6401401126136624,0.41159739125141637,1.0517375038650787,0.22854272136224607
9.280143737792969,-6.555518051624589,-10.107377034232305,3.5518589826077163,0.6401401126136624,0.41159739125141637,1.0517375038650787,0.22854272136224607
9.300150394439697,-6.38540681215342,-10.107386002385844,3.7219791902324246,0.6401401126136624,0.41159739125141637,1.0517375038650787,0.22854272136224607
9.320151805877686,-6.2143315646225705,-10.107393176908676,3.8930616122861057,0.6302834573512518,0.398188705217035,1.0284721625682867,0.23209475213421682
9.340169191360474,-6.042137066216827,-10.107398916526943,4.065261850310116,0.6302834573512518,0.398188705217035,1.0284721625682867,0.23209475213421682
9.360187530517578,-5.868978513224371,-10.107403508221553,4.238424994997183,0.6302834573512518,0.398188705217035,1.0284721625682867,0.23209475213421682
9.380164623260498,-5.695251110214353,-10.107407181577242,4.412156071362889,0.6302834573512518,0.398188705217035,1.0284721625682867,0.23209475213421682
9.400161504745483,-5.520453005942982,-10.107407181577242,4.5869541756342604,0.6302834573512518,0.398188705217035,1.0284721625682867,0.23209475213421682
9.420149803161621,-5.344859013922966,-10.107410120261797,4.76255110633883,0.6302834573512518,0.398188705217035,1.0284721625682867,0.23209475213421682
9.440149545669556,-5.168320740696798,-10.107412471209436,4.939091730512638,0.6302834573512518,0.398188705217035,1.0284721625682867,0.23209475213421682
9.460145473480225,-4.991000254866992,-10.107414351967549,5.116414097100557,0.6302834573512518,0.398188705217035,1.0284721625682867,0.23209475213421682
9.480154752731323,-4.81277277187932,-10.107415856574042,5.294643084694721,0.660995750812217,0.37766084320464866,1.0386565940168655,0.2833349076075683
9.500149488449097,-4.633914955990298,-10.107417060259234,5.473502104268936,0.660995750812217,0.37766084320464866,1.0386565940168655,0.2833349076075683
9.52015471458435,-4.454231366291941,-10.089839898207389,5.635608531915448,0.660995750812217,0.37766084320464866,1.0386565940168655,0.2833349076075683
9.54014277458191,-4.27399911497343,-10.075778168565911,5.801779053592481,0.660995750812217,0.37766084320464866,1.0386565940168655,0.2833349076075683
9.560133457183838,-4.09306897580095,-10.06452878485273,5.97145980905178,0.660995750812217,0.37766084320464866,1.0386565940168655,0.2833349076075683
9.580132484436035,-3.9114171701467058,-10.055529277882185,6.144112107735479,0.660995750812217,0.37766084320464866,1.0386565940168655,0.2833349076075683
9.600130558013916,-3.7291564724318484,-10.048329672305748,6.3191731998739,0.660995750812217,0.37766084320464866,1.0386565940168655,0.2833349076075683
9.62014651298523,-3.5461432603604863,-10.048329672305748,6.502186411945262,0.6595104514931881,0.3826015481128706,1.0421119996060586,0.2769089033803175
9.640141725540161,-3.362759694421797,-10.042569987844598,6.6798102934228005,0.6595104514931881,0.3826015481128706,1.0421119996060586,0.2769089033803175
9.660134553909302,-3.178867323966633,-10.037962240275679,6.859094916309045,0.6595104514931881,0.3826015481128706,1.0421119996060586,0.2769089033803175
9.680182695388794,-2.9939625113586885,-10.034276042220544,7.040313530861855,0.6595104514931881,0.3826015481128706,1.0421119996060586,0.2769089033803175
9.700177907943726,-2.8090726580876817,-10.048905208776434,7.239832550688752,0.6595104514931881,0.3826015481128706,1.0421119996060586,0.2769089033803175
9.720218420028687,-2.6233190748876685,-10.043030417021148,7.41971134213348,0.6595104514931881,0.3826015481128706,1.0421119996060586,0.2769089033803175
9.740164518356323,-2.438027560009022,-10.038330583616919,7.600303023607896,0.6595104514931881,0.3826015481128706,1.0421119996060586,0.2769089033803175
9.760236978530884,-2.2511756877930984,-10.034570716893535,7.783395029100436,0.6618833715406799,0.44056911779189245,1.1024524893325722,0.22131425374878744
9.78025770187378,-2.0644487173720854,-10.031562823514829,7.967114106142743,0.6618833715406799,0.44056911779189245,1.1024524893325722,0.22131425374878744
9.80024528503418,-1.87770495305677,-10.029156508811864,8.151451555755095,0.6618833715406799,0.44056911779189245,1.1024524893325722,0.22131425374878744
9.82016897201538,-1.6912634139776153,-10.027231457049492,8.335968043071876,0.6618833715406799,0.44056911779189245,1.1024524893325722,0.22131425374878744
9.840147733688354,-1.5040403890624936,-10.027231457049492,8.523191067986998,0.6027317257908725,0.38860983786726133,0.9913415636581339,0.2141218879236112
9.860171794891357,-1.3161550720659176,-10.043269540639596,8.727114468573678,0.6027317257908725,0.38860983786726133,0.9913415636581339,0.2141218879236112
9.880136489868164,-1.1286193468171482,-10.056100007511677,8.92748066069453,0.6027317257908725,0.38860983786726133,0.9913415636581339,0.2141218879236112
9.900127410888672,-0.9406593401300607,-10.066364381009345,9.125705040879284,0.6282694438783073,0.4375227877273573,1.0657922316056645,0.19074665615095
9.920145988464355,-0.7522905984990604,-10.056997754807476,9.304707156308416,0.6282694438783073,0.4375227877273573,1.0657922316056645,0.19074665615095
9.940124988555908,-0.5641755859134788,-10.049504453845982,9.485328867932504,0.6282694438783073,0.4375227877273573,1.0657922316056645,0.19074665615095
9.960120677947998,-0.3758144268942857,-10.043509813076785,9.6676953861825,0.6282694438783073,0.4375227877273573,1.0657922316056645,0.19074665615095
9.980121612548828,-0.18734451692805648,-10.03871410046143,9.851369583533373,0.6282694438783073,0.4375227877273573,1.0657922316056645,0.19074665615095
10.00032663345337,0.0030784477509502605,-10.034877530369144,10.037955978120094,0.6349169217360758,0.413318961985351,1.0482358837214267,0.22159795975072483
10.020414113998413,0.1923932161520361,-10.031808274295317,10.224201490447353,0.6349169217360758,0.413318961985351,1.0482358837214267,0.22159795975072483
10.040279150009155,0.3795815218175462,-10.031808274295317,10.411389796112863,0.6349169217360758,0.413318961985351,1.0482358837214267,0.22159795975072483
10.06027340888977,0.5679277188731073,-10.029352869436254,10.597280588309362,0.6349169217360758,0.413318961985351,1.0482358837214267,0.22159795975072483
10.080188751220703,0.7554414588608529,-10.027388545549003,10.782830004409856,0.6349169217360758,0.413318961985351,1.0482358837214267,0.22159795975072483
10.100144147872925,0.9432136699594387,-10.025817086439202,10.969030756398642,0.6038227394533896,0.44026771014177934,1.0440904495951688,0.16355502931161026
10.120168685913086,1.1314873869876925,-10.024559919151361,11.156047306139055,0.6038227394533896,0.44026771014177934,1.0440904495951688,0.16355502931161026
10.140164375305176,1.3193111521681276,-10.023554185321089,11.342865337489217,0.6038227394533896,0.44026771014177934,1.0440904495951688,0.16355502931161026
10.160134553909302,1.5066874552846965,-10.02274959825687,11.529437053541567,0.6038227394533896,0.44026771014177934,1.0440904495951688,0.16355502931161026
10.180251836776733,1.6952040940118795,-10.022105928605498,11.717310022617378,0.6271762397450947,0.44705485146114365,1.0742310912062383,0.18012138828395108
10.200131893157959,1.881231758807151,-10.021590992884398,11.902822751691549,0.6271762397450947,0.44705485146114365,1.0742310912062383,0.18012138828395108
10.220140218734741,2.0681632771710112,-10.02117904430752,12.089342321478531,0.6271762397450947,0.44705485146114365,1.0742310912062383,0.18012138828395108
10.240159749984741,2.254872347567507,-10.020849485446016,12.275721833013524,0.6271762397450947,0.44705485146114365,1.0742310912062383,0.18012138828395108
10.260149240493774,2.440945298713809,-10.020585838356814,12.461531137070622,0.6271762397450947,0.44705485146114365,1.0742310912062383,0.18012138828395108
10.280362844467163,2.628712759124412,-10.020585838356814,12.649298597481225,0.6646549549264454,0.5170548514611437,1.1817098063875893,0.14760010346530172
10.300199747085571,2.812568923049795,-10.020374920685452,12.832943843735247,0.6646549549264454,0.5170548514611437,1.1817098063875893,0.14760010346530172
10.32018780708313,2.9973840695491374,-10.020206186548362,13.017590256097499,0.6646549549264454,0.5170548514611437,1.1817098063875893,0.14760010346530172
10.340155363082886,3.181537610800574,-10.02007119923869,13.201608810039264,0.6646549549264454,0.5170548514611437,1.1817098063875893,0.14760010346530172
10.360126495361328,3.3652232254825316,-10.002385084390953,13.367608309873486,0.6646549549264454,0.5170548514611437,1.1817098063875893,0.14760010346530172
10.380121231079102,3.5485951081645806,-9.917923692512764,13.466518800677344,0.6646549549264454,0.5170548514611437,1.1817098063875893,0.14760010346530172
10.40012240409851,3.7314656844358574,-9.815198329010212,13.546664013446069,0.6646549549264454,0.5170548514611437,1.1817098063875893,0.14760010346530172
10.420128345489502,3.9137903340358915,-9.680283663208172,13.594073997244063,0.6883468531382823,0.5466954832113697,1.235042336349652,0.14165136992691252
10.440142631530762,4.095572241743207,-9.502039430566537,13.597611672309744,0.6883468531382823,0.5466954832113697,1.235042336349652,0.14165136992691252
10.460133790969849,4.276497570168453,-9.28913154445323,13.565629114621682,0.6883468531382823,0.5466954832113697,1.235042336349652,0.14165136992691252
10.480118751525879,4.45669240210891,-9.083648985562585,13.540341387671495,0.6883468531382823,0.5466954832113697,1.235042336349652,0.14165136992691252
10.500121831893921,4.63634694179639,-9.083648985562585,13.719995927358974,0.6883468531382823,0.5466954832113697,1.235042336349652,0.14165136992691252
10.520124912261963,4.815269123017224,-8.884106688450068,13.699375811467291,0.6883468531382823,0.5466954832113697,1.235042336349652,0.14165136992691252
10.540184497833252,4.993932854439869,-8.671738475760053,13.665671330199922,0.6449385710371279,0.49373161542782334,1.1386701864649513,0.15120695560930458
10.560155153274536,5.171016519642311,-8.466687655608045,13.637704175250356,0.6449385710371279,0.49373161542782334,1.1386701864649513,0.15120695560930458
10.580134153366089,5.347359495161329,-8.302646999486436,13.650006494647766,0.6449385710371279,0.49373161542782334,1.1386701864649513,0.15120695560930458
10.600126028060913,5.522972648906414,-8.171414474589149,13.694387123495563,0.6449385710371279,0.49373161542782334,1.1386701864649513,0.15120695560930458
10.620121479034424,5.697745549083802,-8.06642845467132,13.764174003755121,0.6449385710371279,0.49373161542782334,1.1386701864649513,0.15120695560930458
10.640119791030884,5.871643931243158,-7.9824396387370555,13.854083569980213,0.6449385710371279,0.49373161542782334,1.1386701864649513,0.15120695560930458
10.660269021987915,6.04591701818261,-7.915248585989645,13.961165604172255,0.6348277084840083,0.5399077993966057,1.174735507880614,0.09491990908740255
10.680241107940674,6.217701758186481,-7.861495743791716,14.079197501978197,0.6348277084840083,0.5399077993966057,1.174735507880614,0.09491990908740255
10.700225830078125,6.388615141575162,-7.800915345033373,14.189530486608536,0.6348277084840083,0.5399077993966057,1.174735507880614,0.09491990908740255
10.720234394073486,6.558723315672256,-7.800915345033373,14.35963866070563,0.6348277084840083,0.5399077993966057,1.174735507880614,0.09491990908740255
10.740158796310425,6.727085948793396,-7.7524510260267,14.479536974820096,0.6348277084840083,0.5399077993966057,1.174735507880614,0.09491990908740255
10.760113716125488,6.894649751283084,-7.731257695821361,14.625907447104446,0.6348277084840083,0.5399077993966057,1.174735507880614,0.09491990908740255
10.780113697052002,7.061504400804632,-7.71430303165709,14.775807432461722,0.6348277084840083,0.5399077993966057,1.174735507880614,0.09491990908740255
10.800203561782837,7.227986268340982,-7.700739300325673,14.928725568666655,0.6749784961653494,0.5329703323691501,1.2079488285344997,0.1420081637961993
10.820208549499512,7.392620434415447,-7.6898883152605375,15.082508749675984,0.6749784961653494,0.5329703323691501,1.2079488285344997,0.1420081637961993
10.840188264846802,7.555880877978722,-7.68120752720843,15.237088405187151,0.6749784961653494,0.5329703323691501,1.2079488285344997,0.1420081637961993
10.860161781311035,7.717900483139108,-7.674262896766745,15.392163379905853,0.6749784961653494,0.5329703323691501,1.2079488285344997,0.1420081637961993
10.880127906799316,7.878645292025394,-7.668707192413395,15.54735248443879,0.6749784961653494,0.5329703323691501,1.2079488285344997,0.1420081637961993
10.900112390518188,8.038296263793749,-7.664262628930715,15.702558892724465,0.6749784961653494,0.5329703323691501,1.2079488285344997,0.1420081637961993
10.920111417770386,8.196794658862384,-7.660706978144573,15.857501637006957,0.6749784961653494,0.5329703323691501,1.2079488285344997,0.1420081637961993
10.940256118774414,8.355139083515857,-7.660706978144573,16.01584606166043,0.6817518604298675,0.5595074229090824,1.24125928333895,0.12224443752078507
10.960152864456177,8.510220672229517,-7.657862457515658,16.168083129745174,0.6817518604298675,0.5595074229090824,1.24125928333895,0.12224443752078507
10.980128526687622,8.664579383791823,-7.655586841012526,16.32016622480435,0.6817518604298675,0.5595074229090824,1.24125928333895,0.12224443752078507
11.000117778778076,8.81767680052363,-7.653766347810021,16.471443148333652,0.6817518604298675,0.5595074229090824,1.24125928333895,0.12224443752078507
11.020113945007324,8.969435530787173,-7.652309953248015,16.621745484035188,0.6817518604298675,0.5595074229090824,1.24125928333895,0.12224443752078507
11.040111064910889,9.119785562290947,-7.651144837598412,16.77093039988936,0.6817518604298675,0.5595074229090824,1.24125928333895,0.12224443752078507
11.060155630111694,9.269047463597754,-7.650212745078731,16.919260208676484,0.6552054045101249,0.5566740667595877,1.2118794712697127,0.09853133775053713
11.080137014389038,9.416375636344373,-7.649467071062984,17.065842707407356,0.6552054045101249,0.5566740667595877,1.2118794712697127,0.09853133775053713
11.10013461112976,9.56233734677815,-7.648870531850387,17.21120787862854,0.6552054045101249,0.5566740667595877,1.2118794712697127,0.09853133775053713
11.120121955871582,9.706715751813222,-7.64839330048031,17.355109052293532,0.6552054045101249,0.5566740667595877,1.2118794712697127,0.09853133775053713
11.140124559402466,9.849671755550379,-7.6480115153842485,17.497683270934626,0.6552054045101249,0.5566740667595877,1.2118794712697127,0.09853133775053713
11.160128831863403,9.991083709253907,-7.6480115153842485,17.639095224638154,0.6552054045101249,0.5566740667595877,1.2118794712697127,0.09853133775053713
11.180261850357056,10.131812079664012,-7.647706087307398,17.77951816697141,0.6443874390175187,0.53706140240276,1.1814488414202788,0.1073260366147587
11.20017123222351,10.269382957794932,-7.647461744845919,17.91684470264085,0.6443874390175187,0.53706140240276,1.1814488414202788,0.1073260366147587
11.220186471939087,10.406065427639549,-7.6472662708767345,18.05333169851628,0.6443874390175187,0.53706140240276,1.1814488414202788,0.1073260366147587
11.24026870727539,10.541551365418586,-7.664688016701388,18.206239382119975,0.6443874390175187,0.53706140240276,1.1814488414202788,0.1073260366147587
11.260247230529785,10.67467226903008,-7.661047288361109,18.335719557391187,0.6443874390175187,0.53706140240276,1.1814488414202788,0.1073260366147587
11.280210494995117,10.806011395822743,-7.658134705688888,18.46414610151163,0.6443874390175187,0.53706140240276,1.1814488414202788,0.1073260366147587
11.300184488296509,10.935719601824255,-7.6558046395511115,18.591524241375367,0.6321680258338892,0.5664415953829303,1.1986096212168196,0.06572643045095894
11.320286750793457,11.06452170996839,-7.653940586640889,18.71846229660928,0.6321680258338892,0.5664415953829303,1.1986096212168196,0.06572643045095894
11.340286016464233,11.190912330015673,-7.652449344312712,18.843361674328385,0.6321680258338892,0.5664415953829303,1.1986096212168196,0.06572643045095894
11.36026120185852,11.31538692146819,-7.652449344312712,18.967836265780903,0.6321680258338892,0.5664415953829303,1.1986096212168196,0.06572643045095894
11.380204677581787,11.437885767920042,-7.651256350450171,19.089142118370212,0.6321680258338892,0.5664415953829303,1.1986096212168196,0.06572643045095894
11.400178909301758,11.558773380476516,-7.650301955360137,19.20907533583665,0.5750311213856184,0.5254352314546122,1.1004663528402308,0.049595889931006165
11.420278549194336,11.678582200384957,-7.64953843928811,19.328120639673067,0.5750311213856184,0.5254352314546122,1.1004663528402308,0.049595889931006165
11.440264463424683,11.795866339893502,-7.648927626430487,19.44479396632399,0.5750311213856184,0.5254352314546122,1.1004663528402308,0.049595889931006165
11.460171937942505,11.910841047239586,-7.648438976144389,19.559280023383977,0.5750311213856184,0.5254352314546122,1.1004663528402308,0.049595889931006165
11.480137825012207,12.0242813886968,-7.6480480559155115,19.67232944461231,0.5750311213856184,0.5254352314546122,1.1004663528402308,0.049595889931006165
11.500147581100464,12.136072425186642,-7.647735319732409,19.783807744919052,0.5750311213856184,0.5254352314546122,1.1004663528402308,0.049595889931006165
11.520149946212769,12.245904937793558,-7.594750755785928,19.840655693579485,0.5750311213856184,0.5254352314546122,1.1004663528402308,0.049595889931006165
11.540207624435425,12.354098899246338,-7.429316229628744,19.78341512887508,0.563646530856713,0.5162108529507532,1.0798573838074663,0.04743567790595982
11.56026840209961,12.460347000136835,-7.244234233702994,19.70458123383983,0.563646530856713,0.5162108529507532,1.0798573838074663,0.04743567790595982
11.580336809158325,12.56465476703909,-7.244234233702994,19.808889000742084,0.563646530856713,0.5162108529507532,1.0798573838074663,0.04743567790595982
11.600326538085938,12.666567649148996,-7.078590511962396,19.74515816111139,0.563646530856713,0.5162108529507532,1.0798573838074663,0.04743567790595982
11.62024474143982,12.766128461504664,-6.946075534569917,19.71220399607458,0.563646530856713,0.5162108529507532,1.0798573838074663,0.04743567790595982
11.640347242355347,12.864583133794167,-6.840063552655934,19.7046466864501,0.5612091299922758,0.575469570994319,1.1366787009865948,-0.014260441002043156
11.660278797149658,12.960174380004776,-6.755253967124748,19.715428347129524,0.5612091299922758,0.575469570994319,1.1366787009865948,-0.014260441002043156
11.680198669433594,13.053678808559434,-6.687406298699799,19.741085107259234,0.5612091299922758,0.575469570994319,1.1366787009865948,-0.014260441002043156
11.700179815292358,13.145416553965621,-6.63312816395984,19.77854471792546,0.5612091299922758,0.575469570994319,1.1366787009865948,-0.014260441002043156
11.720183849334717,13.23518391535828,-6.5897056561678715,19.824889571526153,0.5495331323550635,0.6282989520728006,1.1778320844278642,-0.0787658197177371
11.740173578262329,13.32279849647737,-6.554967649934297,19.877766146411666,0.5495331323550635,0.6282989520728006,1.1778320844278642,-0.0787658197177371
11.760156154632568,13.408281193508634,-6.527177244947438,19.935458438456074,0.5495331323550635,0.6282989520728006,1.1778320844278642,-0.0787658197177371
11.780177593231201,13.49181032372036,-6.504944920957951,19.99675524467831,0.6024271509455138,0.6174175029768958,1.2198446539224097,-0.014990352031381993
11.800198316574097,13.573201501299696,-6.487159061766361,20.060360563066055,0.6024271509455138,0.6174175029768958,1.2198446539224097,-0.014990352031381993
11.820188999176025,13.652327580990516,-6.487159061766361,20.13948664275688,0.6024271509455138,0.6174175029768958,1.2198446539224097,-0.014990352031381993
11.84017014503479,13.72926360323153,-6.420195999413089,20.14945960264462,0.6144482445748144,0.6469528356715455,1.26140108024636,-0.032504591096731095
11.860179424285889,13.804139448969226,-6.243578674530472,20.0477181234997,0.6144482445748144,0.6469528356715455,1.26140108024636,-0.032504591096731095
11.880203485488892,13.876886331558653,-6.049550439624378,19.92643677118303,0.6144482445748144,0.6469528356715455,1.26140108024636,-0.032504591096731095
11.900197744369507,13.947333253215401,-5.894327851699503,19.841661104914905,0.5787080292434984,0.6477150495079695,1.226423078751468,-0.06900702026447114
11.920182704925537,14.015547769131645,-5.717415406359603,19.73296317549125,0.5787080292434984,0.6477150495079695,1.226423078751468,-0.06900702026447114
11.940212726593018,14.08169871393613,-5.523151075087682,19.60484978902381,0.5787080292434984,0.6477150495079695,1.226423078751468,-0.06900702026447114
11.960166215896606,14.145379339018014,-5.332583360070147,19.47796269908816,0.6250160251589113,0.6528960375030874,1.2779120626619989,-0.02788001234417614
11.98016619682312,14.206977213313275,-5.144972938056117,19.351950151369394,0.6250160251589113,0.6528960375030874,1.2779120626619989,-0.02788001234417614
12.000157356262207,14.266305961684022,-4.959728350444895,19.226034312128917,0.6250160251589113,0.6528960375030874,1.2779120626619989,-0.02788001234417614
12.020152807235718,14.323395896824922,-4.811532680355915,19.134928577180837,0.5848017659814649,0.642414991921687,1.227216757903152,-0.05761322594022211
12.040146350860596,14.378219908486043,-4.811532680355915,19.18975258884196,0.5848017659814649,0.642414991921687,1.227216757903152,-0.05761322594022211
12.060136795043945,14.430766927296268,-4.692976144284732,19.123743071581,0.5848017659814649,0.642414991921687,1.227216757903152,-0.05761322594022211
12.080136060714722,14.481059017608374,-4.598130915427786,19.07918993303616,0.5442158941955858,0.5981417346661329,1.1423576288617188,-0.05392584047054705
12.100139856338501,14.52907516268919,-4.522254732342229,19.05132989503142,0.5442158941955858,0.5981417346661329,1.1423576288617188,-0.05392584047054705
12.120157957077026,14.574828000451285,-4.461553785873783,19.03638178632507,0.5442158941955858,0.5981417346661329,1.1423576288617188,-0.05392584047054705
12.140140295028687,14.618199576904942,-4.412993028699027,19.03119260560397,0.5375004563325637,0.6055453509939253,1.143045807326489,-0.06804489466136154
12.160135984420776,14.659293513197559,-4.374144422959223,19.03343793615678,0.5375004563325637,0.6055453509939253,1.143045807326489,-0.06804489466136154
12.180134773254395,14.69807940628034,-4.343065538367378,19.04114494464772,0.5375004563325637,0.6055453509939253,1.143045807326489,-0.06804489466136154
12.20013427734375,14.734545845942451,-4.318202430693902,19.052748276636354,0.5743296746009582,0.6253560201180517,1.19968569471901,-0.05102634551709351
12.220135927200317,14.768689183261177,-4.298311944555122,19.067001127816297,0.5743296746009582,0.6253560201180517,1.19968569471901,-0.05102634551709351
12.240134239196777,14.800494874886798,-4.282399555644098,19.082894430530896,0.5743296746009582,0.6253560201180517,1.19968569471901,-0.05102634551709351
12.260130882263184,14.829961429636487,-4.282399555644098,19.112360985280585,0.5310674201542133,0.6432847023857176,1.174352122539931,-0.11221728223150429
12.280132532119751,14.85709344583412,-4.252091519515278,19.1091849653494,0.5310674201542133,0.6432847023857176,1.174352122539931,-0.11221728223150429
12.300158739089966,14.881907954325461,-4.227845090612223,19.109753044937683,0.5310674201542133,0.6432847023857176,1.174352122539931,-0.11221728223150429
12.320172309875488,14.90435284722417,-4.208447947489779,19.112800794713948,0.5056508336061233,0.6472313336012303,1.1528821672073537,-0.14158049999510702
12.340160608291626,14.924417096004449,-4.192930232991823,19.11734732899627,0.5056508336061233,0.6472313336012303,1.1528821672073537,-0.14158049999510702
12.360141038894653,14.942120855582283,-4.180516061393458,19.122636916975743,0.5056508336061233,0.6472313336012303,1.1528821672073537,-0.14158049999510702
12.380131959915161,14.957477135909741,-4.153006599114767,19.11048373502451,0.559782959877848,0.6116553551433026,1.1714383150211507,-0.05187239526545462
12.400152683258057,14.970491213457683,-4.1309990292918135,19.101490242749495,0.559782959877848,0.6116553551433026,1.1714383150211507,-0.05187239526545462
12.420158386230469,14.981129277366607,-4.078236723433451,19.059366000800058,0.559782959877848,0.6116553551433026,1.1714383150211507,-0.05187239526545462
12.440136671066284,14.989390582857075,-3.930558128746761,18.919948711603837,0.5854895975285762,0.5565991482613026,1.142088745789879,0.028890449267273577
12.460137367248535,14.995295318220217,-3.930558128746761,18.92585344696698,0.5854895975285762,0.5565991482613026,1.142088745789879,0.028890449267273577
12.480173349380493,14.998836104227081,-3.7245246279974094,18.723360732224492,0.5854895975285762,0.5565991482613026,1.142088745789879,0.028890449267273577
12.500173807144165,14.999999910554964,-3.559697827397928,18.55969773795289,0.565558521434068,0.6023130423304974,1.1678715637645656,-0.03675452089642939
12.520168542861938,14.99879561806396,-3.427836386918343,18.426632004982302,0.565558521434068,0.6023130423304974,1.1678715637645656,-0.03675452089642939
12.54015564918518,14.995225902719985,-3.3223472345346745,18.31757313725466,0.565558521434068,0.6023130423304974,1.1678715637645656,-0.03675452089642939
12.560161113739014,14.98928478172543,-3.23795591262774,18.22724069435317,0.5415176808679097,0.6308399277654826,1.1723576086333924,-0.08932224689757284
12.580142736434937,14.980986697210879,-3.170442855102192,18.151429552313072,0.5415176808679097,0.6308399277654826,1.1723576086333924,-0.08932224689757284
12.600160837173462,14.970305668680671,-3.116432409081754,18.086738077762426,0.5415176808679097,0.6308399277654826,1.1723576086333924,-0.08932224689757284
12.620141744613647,14.957282814643131,-3.0732240522654033,18.030506866908535,0.5358051949957007,0.6908770973709761,1.226682292366677,-0.15507190237527546
12.640132665634155,14.941894241007951,-3.038657366812323,17.980551607820274,0.5358051949957007,0.6908770973709761,1.226682292366677,-0.15507190237527546
12.660153865814209,14.92411964532104,-3.0110040184498588,17.9351236637709,0.5358051949957007,0.6908770973709761,1.226682292366677,-0.15507190237527546
12.6801438331604,14.904016609318237,-3.0110040184498588,17.915020627768097,0.5551121992835396,0.7,1.2551121992835395,-0.14488780071646035
12.70014476776123,14.881549452987542,-2.988881339759887,17.870430792747428,0.5551121992835396,0.7,1.2551121992835395,-0.14488780071646035
12.720163106918335,14.856709489790013,-2.98876132180791,17.845470811597924,0.5551121992835396,0.7,1.2551121992835395,-0.14488780071646035
12.740138292312622,14.829580314907314,-2.9886653074463285,17.818245622353643,0.5551121992835396,0.7,1.2551121992835395,-0.14488780071646035
12.760136842727661,14.800079353254967,-2.988588495957063,17.78866784921203,0.5551121992835396,0.7,1.2551121992835395,-0.14488780071646035
12.780266523361206,14.768025166326318,-2.988527046765651,17.756552213091968,0.5007735242912167,0.7,1.2007735242912165,-0.19922647570878327
12.800241947174072,14.733881305365994,-2.988477887412521,17.722359192778516,0.5007735242912167,0.7,1.2007735242912165,-0.19922647570878327
12.820287704467773,14.6972840218774,-2.9884385599300174,17.68572258180742,0.5007735242912167,0.7,1.2007735242912165,-0.19922647570878327
12.840214967727661,14.65859218850638,-2.9884070979440143,17.646999286450395,0.5007735242912167,0.7,1.2007735242912165,-0.19922647570878327
12.860145330429077,14.617595845618734,-2.9883819283552118,17.605977773973947,0.5007735242912167,0.7,1.2007735242912165,-0.19922647570878327
12.880173444747925,14.574089307411617,-2.9883617926841697,17.562451100095785,0.4454272141525143,0.7,1.1454272141525141,-0.25457278584748566
12.900180101394653,14.52832519379928,-2.9883617926841697,17.51668698648345,0.4454272141525143,0.7,1.1454272141525141,-0.25457278584748566
12.92015290260315,14.48034862399904,-2.970767559147336,17.451116183146375,0.4454272141525143,0.7,1.1454272141525141,-0.25457278584748566
12.940134763717651,14.430068340862164,-2.886379672317869,17.316448013180032,0.4454272141525143,0.7,1.1454272141525141,-0.25457278584748566
12.960184097290039,14.377332208969271,-2.6606662378542953,17.037998446823565,0.42385392206102546,0.7,1.1238539220610253,-0.2761460779389745
12.980141639709473,14.322571586897194,-2.3570486152834365,16.67962020218063,0.42385392206102546,0.7,1.1238539220610253,-0.2761460779389745
13.000139474868774,14.26544148073092,-1.9735295172267493,16.23897099795767,0.42385392206102546,0.7,1.1238539220610253,-0.2761460779389745
13.020127296447754,14.20608948035167,-1.5436673637813996,15.749756844133069,0.42385392206102546,0.7,1.1238539220610253,-0.2761460779389745
13.040130376815796,14.144449031416155,-1.0767307660251197,15.221179797441275,0.42385392206102546,0.7,1.1238539220610253,-0.2761460779389745
13.060157060623169,14.080497634594296,-0.5977127378200958,14.678210372414393,0.48166249635010894,0.7,1.1816624963501088,-0.21833750364989102
13.080187559127808,14.014304009136708,-0.14418581525607665,14.158489824392785,0.48166249635010894,0.7,1.1816624963501088,-0.21833750364989102
13.100196123123169,13.945966734794572,0.30652634779513865,13.639440386999434,0.48166249635010894,0.7,1.1816624963501088,-0.21833750364989102
13.120176792144775,13.875525218835346,0.7022523282361111,13.173272890599234,0.48166249635010894,0.7,1.1816624963501088,-0.21833750364989102
13.140183448791504,13.802800947763817,0.7022523282361111,13.100548619527705,0.48166249635010894,0.7,1.1816624963501088,-0.21833750364989102
13.160199165344238,13.727861190524065,1.018833112588889,12.709028077935177,0.48166249635010894,0.7,1.1816624963501088,-0.21833750364989102
13.180192947387695,13.650835923644276,1.2720977400711113,12.378738183573166,0.47948537011012365,0.7,1.1794853701101236,-0.2205146298898763
13.200263977050781,13.571346293323629,1.474709442056889,12.096636851266739,0.47948537011012365,0.7,1.1794853701101236,-0.2205146298898763
13.220234394073486,13.490112989462219,1.6192206786455114,11.870892310816707,0.47948537011012365,0.7,1.1794853701101236,-0.2205146298898763
13.240232706069946,13.406637823523402,1.7348296679164092,11.671808155606993,0.47948537011012365,0.7,1.1794853701101236,-0.2205146298898763
13.260354280471802,13.320511858205768,1.8273168593331275,11.49319499887264,0.47948537011012365,0.7,1.1794853701101236,-0.2205146298898763
13.280336618423462,13.232874766928752,1.8837284874665021,11.34914627946225,0.47948537011012365,0.7,1.1794853701101236,-0.2205146298898763
13.300328254699707,13.143109506426532,1.9288577899732016,11.21425171645333,0.47948537011012365,0.7,1.1794853701101236,-0.2205146298898763
13.320257186889648,13.051561813369972,1.9649612319785614,11.08660058139141,0.47948537011012365,0.7,1.1794853701101236,-0.2205146298898763
13.340158224105835,12.958100177306106,1.993843985582849,10.964256191723257,0.47948537011012365,0.7,1.1794853701101236,-0.2205146298898763
13.360126972198486,12.862284180012045,1.993843985582849,10.868440194429196,0.47948537011012365,0.7,1.1794853701101236,-0.2205146298898763
13.380255699157715,12.763651439753193,1.999372063466279,10.764279376286915,0.45799676690563496,0.668235969543457,1.1262327364490918,-0.21023920263782203
13.400295734405518,12.663425190784558,2.0037945257730234,10.659630665011534,0.45799676690563496,0.668235969543457,1.1262327364490918,-0.21023920263782203
13.420327186584473,12.561235440287826,2.0073324956184186,10.553902944669407,0.45799676690563496,0.668235969543457,1.1262327364490918,-0.21023920263782203
13.440305709838867,12.457333761709679,2.0101628714947353,10.447170890214943,0.45799676690563496,0.668235969543457,1.1262327364490918,-0.21023920263782203
13.460190773010254,12.35196892993696,2.0124271721957885,10.339541757741172,0.45799676690563496,0.668235969543457,1.1262327364490918,-0.21023920263782203
13.480151653289795,12.244263181322404,2.0142386127566305,10.230024568565774,0.4680979222835594,0.6396852366626262,1.1077831589461855,-0.17158731437906682
13.500192165374756,12.134190279902043,2.0156877652053047,10.118502514696738,0.4680979222835594,0.6396852366626262,1.1077831589461855,-0.17158731437906682
13.520291566848755,12.021861556632942,2.0344252121642437,9.987436344468698,0.4680979222835594,0.6396852366626262,1.1077831589461855,-0.17158731437906682
13.540245532989502,11.908449030196573,2.0494151697313954,9.859033860465178,0.4680979222835594,0.6396852366626262,1.1077831589461855,-0.17158731437906682
13.560157775878906,11.793407665229381,2.0614071357851165,9.732000529444264,0.4680979222835594,0.6396852366626262,1.1077831589461855,-0.17158731437906682
13.580116748809814,11.676243823443114,2.0614071357851165,9.614836687657998,0.4680979222835594,0.6396852366626262,1.1077831589461855,-0.17158731437906682
13.600123882293701,11.556954373888617,2.0710007086280933,9.485953665260524,0.4680979222835594,0.6396852366626262,1.1077831589461855,-0.17158731437906682
13.620277881622314,11.434942869032772,2.078675566902475,9.356267302130298,0.4929993347109848,0.631364013813436,1.1243633485244207,-0.1383646791024512
13.640146732330322,11.312862657627802,2.10239357852198,9.210469079105822,0.4929993347109848,0.631364013813436,1.1243633485244207,-0.1383646791024512
13.6601402759552,11.188236623773234,2.121367987817584,9.06686863595565,0.4929993347109848,0.631364013813436,1.1243633485244207,-0.1383646791024512
13.680121421813965,11.0619238951174,2.136547515254067,8.925376379863334,0.4929993347109848,0.631364013813436,1.1243633485244207,-0.1383646791024512
13.700118780136108,10.933763046533851,2.148691137203254,8.785071909330597,0.4929993347109848,0.631364013813436,1.1243633485244207,-0.1383646791024512
13.720117330551147,10.803868292149858,2.1584060347626037,8.645462257387255,0.4929993347109848,0.631364013813436,1.1243633485244207,-0.1383646791024512
13.740255355834961,10.671343972730973,2.1661779528100826,8.50516601992089,0.45027767576590116,0.6478611191734671,1.0981387949393682,-0.19758344340756595
13.760124444961548,10.53891497866766,2.1723954872480666,8.366519491419595,0.45027767576590116,0.6478611191734671,1.0981387949393682,-0.19758344340756595
13.78012228012085,10.4039694269921,2.1773695147984533,8.226599912193647,0.45027767576590116,0.6478611191734671,1.0981387949393682,-0.19758344340756595
13.800121784210205,10.267369856595774,2.1773695147984533,8.090000341797321,0.45027767576590116,0.6478611191734671,1.0981387949393682,-0.19758344340756595
13.820122480392456,10.12914074318129,2.1813487368387623,7.947792006342528,0.45027767576590116,0.6478611191734671,1.0981387949393682,-0.19758344340756595
13.840126037597656,9.98929189432682,2.1845321144710104,7.80475977985581,0.45027767576590116,0.6478611191734671,1.0981387949393682,-0.19758344340756595
13.860244750976562,9.847046370377702,2.1870788165768085,7.659967553800894,0.4414386273206764,0.6690226903185248,1.110461317639201,-0.2275840629978484
13.880127668380737,9.704921986306548,2.1891161782614468,7.515805808045101,0.4414386273206764,0.6690226903185248,1.110461317639201,-0.2275840629978484
13.900124788284302,9.560453614774486,2.1907460676091572,7.369707547165329,0.4414386273206764,0.6690226903185248,1.110461317639201,-0.2275840629978484
13.92012882232666,9.414425240448665,2.192049979087326,7.222375261361339,0.4414386273206764,0.6690226903185248,1.110461317639201,-0.2275840629978484
13.940146684646606,9.266807136648975,2.193093108269861,7.073714028379114,0.4414386273206764,0.6690226903185248,1.110461317639201,-0.2275840629978484
13.960130453109741,9.117978230267058,2.193927611615889,6.924050618651169,0.44809655368640955,0.6977542692795395,1.145850822965949,-0.24965771559313
13.980271577835083,8.966522955874412,2.194595214292711,6.771927741581701,0.44809655368640955,0.6977542692795395,1.145850822965949,-0.24965771559313
14.000212907791138,8.815155324996748,2.1951292964341693,6.620026028562579,0.44809655368640955,0.6977542692795395,1.145850822965949,-0.24965771559313
14.020145654678345,8.662469874734056,2.1951292964341693,6.467340578299886,0.44809655368640955,0.6977542692795395,1.145850822965949,-0.24965771559313
14.040124893188477,8.508064838248265,2.1955565621473356,6.312508276100929,0.44809655368640955,0.6977542692795395,1.145850822965949,-0.24965771559313
14.060118198394775,8.35220894575037,2.1958983747178684,6.156310571032501,0.44809655368640955,0.6977542692795395,1.145850822965949,-0.24965771559313
14.080383539199829,8.19288749032105,2.196171824774295,5.9967156655467555,0.4923313212426001,0.6907206580974161,1.1830519793400163,-0.19838933685481602
14.100198984146118,8.035818424988676,2.196390584819436,5.83942784016924,0.4923313212426001,0.6907206580974161,1.1830519793400163,-0.19838933685481602
14.120241641998291,7.875681284922484,2.1965655928555488,5.679115692066935,0.4923313212426001,0.6907206580974161,1.1830519793400163,-0.19838933685481602
14.14020323753357,7.714950378403861,2.196705599284439,5.5182447791194225,0.4923313212426001,0.6907206580974161,1.1830519793400163,-0.19838933685481602
14.160148859024048,7.5531359386910015,2.1968176044275514,5.356318334263451,0.4923313212426001,0.6907206580974161,1.1830519793400163,-0.19838933685481602
14.180129051208496,7.389851712714139,2.1969072085420414,5.1929445041720985,0.4923313212426001,0.6907206580974161,1.1830519793400163,-0.19838933685481602
14.200117111206055,7.225337870994388,2.1969788918336333,5.028358979160755,0.4923313212426001,0.6907206580974161,1.1830519793400163,-0.19838933685481602
14.220149278640747,7.059317639978541,2.1969788918336333,4.862338748144908,0.4877531327152245,0.7,1.1877531327152244,-0.21224686728477543
14.24017596244812,6.892224975486057,2.197036238466907,4.69518873701915,0.4877531327152245,0.7,1.1877531327152244,-0.21224686728477543
14.260145902633667,6.7245190918142335,2.179503990773526,4.545015101040708,0.4877531327152245,0.7,1.1877531327152244,-0.21224686728477543
14.280131578445435,6.555621127034857,2.165478192618821,4.390142934416035,0.4877531327152245,0.7,1.1877531327152244,-0.21224686728477543
14.300121784210205,6.385650804114764,2.1542575540950573,4.231393250019707,0.4877531327152245,0.7,1.1877531327152244,-0.21224686728477543
14.320125818252563,6.2145544835416295,2.1277029182760456,4.086851565265584,0.4877531327152245,0.7,1.1877531327152244,-0.21224686728477543
14.340203046798706,6.041845016042365,2.1064592096208368,3.9353858064215284,0.49659007078349526,0.6956523468717932,1.1922424176552884,-0.19906227608829796
14.360233306884766,5.868581473348787,2.0894642426966694,3.7791172306521172,0.49659007078349526,0.6956523468717932,1.1922424176552884,-0.19906227608829796
14.380223035812378,5.694741806319204,2.075868269157336,3.618873537161868,0.49659007078349526,0.6956523468717932,1.1922424176552884,-0.19906227608829796
14.400169849395752,5.520379879285547,2.064991490325869,3.455388388959678,0.49659007078349526,0.6956523468717932,1.1922424176552884,-0.19906227608829796
14.42012882232666,5.345043774026303,2.056290067260695,3.288753706765608,0.5170364271694415,0.7,1.2170364271694414,-0.18296357283055842
14.440165758132935,5.168177298010767,2.056290067260695,3.1118872307500722,0.5170364271694415,0.7,1.2170364271694414,-0.18296357283055842
14.460149049758911,4.99096846973668,2.049328928808556,2.9416395409281244,0.5170364271694415,0.7,1.2170364271694414,-0.18296357283055842
14.480121612548828,4.813068596187978,2.0437600180468447,2.7693085781411337,0.5147115705845499,0.7,1.2147115705845497,-0.1852884294154501
14.500119924545288,4.634179959225063,2.0393048894374757,2.5948750697875878,0.5147115705845499,0.7,1.2147115705845497,-0.1852884294154501
14.520120620727539,4.4545381983353955,2.0357407865499804,2.418797411785415,0.5147115705845499,0.7,1.2147115705845497,-0.1852884294154501
14.540120601654053,4.274199426916903,2.032889504239985,2.241309922676918,0.4990797663418197,0.6892313228920102,1.1883110892338298,-0.19015155655019045
14.560123205184937,4.093161931747321,2.0306084783919878,2.0625534533553336,0.4990797663418197,0.6892313228920102,1.1883110892338298,-0.19015155655019045
14.580125570297241,3.9114800798688036,2.0287836577135905,1.8826964221552132,0.4879836092082405,0.7,1.1879836092082405,-0.21201639079175943
14.600118398666382,3.729267473468125,2.0273238011708723,1.7019436722972525,0.4879836092082405,0.7,1.1879836092082405,-0.21201639079175943
14.620123147964478,3.5463572279244997,2.0261559159366977,1.520201311987802,0.4879836092082405,0.7,1.1879836092082405,-0.21201639079175943
14.640118837356567,3.3629699194672606,2.025221607749358,1.3377483117179025,0.4879836092082405,0.7,1.1879836092082405,-0.21201639079175943
14.660151958465576,3.1787070155610704,2.025221607749358,1.1534854078117123,0.49213540566466685,0.6890774190425872,1.181212824707254,-0.1969420133779204
14.680195331573486,2.993845814426884,2.0244741611994868,0.9693716532273973,0.49213540566466685,0.6890774190425872,1.181212824707254,-0.1969420133779204
14.700153827667236,2.8092955938468775,2.0238762039595892,0.7854193898872883,0.49213540566466685,0.6890774190425872,1.181212824707254,-0.1969420133779204
14.720130443572998,2.6241354507343226,2.0233978381676714,0.6007376125666513,0.49213540566466685,0.6890774190425872,1.181212824707254,-0.1969420133779204
14.740142345428467,2.4382337559025715,2.023015145534137,0.4152186103684343,0.49213540566466685,0.6890774190425872,1.181212824707254,-0.1969420133779204
14.760258913040161,2.2509713010785495,2.0227089914273098,0.22826230965123973,0.49213540566466685,0.6890774190425872,1.181212824707254,-0.1969420133779204
14.780165433883667,2.065310043817435,2.022464068141848,0.04284597567558723,0.49213540566466685,0.6890774190425872,1.181212824707254,-0.1969420133779204
14.8001549243927,1.8785498801034615,2.0222681295134786,-0.1437182494100171,0.49706937617935176,0.6697919636964798,1.1668613398758314,-0.172722587517128
14.820163488388062,1.6913147663763761,2.022111378610783,-0.3307966122344068,0.49706937617935176,0.6697919636964798,1.1668613398758314,-0.172722587517128
14.84017539024353,1.5037810455688099,2.0219859778886264,-0.5182049323198166,0.49706937617935176,0.6697919636964798,1.1668613398758314,-0.172722587517128
14.860132694244385,1.3165221652542458,2.021885657310901,-0.7053634920566552,0.49706937617935176,0.6697919636964798,1.1668613398758314,-0.172722587517128
14.880115985870361,1.1288120445676295,2.0218054008487205,-0.892993356281091,0.49706937617935176,0.6697919636964798,1.1668613398758314,-0.172722587517128
14.90012001991272,0.940728861322344,2.0218054008487205,-1.0810765395263764,0.49706937617935176,0.6697919636964798,1.1668613398758314,-0.172722587517128
14.920136451721191,0.7523803670617522,2.0217411956789766,-1.2693608286172244,0.4914471983288968,0.6689197018742561,1.160366900203153,-0.17747250354535932
14.94025444984436,0.5629563034880393,2.0216898315431813,-1.458733528055142,0.4914471983288968,0.6689197018742561,1.160366900203153,-0.17747250354535932
14.960254192352295,0.37455647696259975,2.0216487402345447,-1.647092263271945,0.4914471983288968,0.6689197018742561,1.160366900203153,-0.17747250354535932
14.980273008346558,0.18591775559870613,2.021615867187636,-1.83569811158893,0.4914471983288968,0.6689197018742561,1.160366900203153,-0.17747250354535932
15.000174760818481,-0.0016470819071187795,2.021589568750109,-2.0232366506572275,0.4914471983288968,0.6689197018742561,1.160366900203153,-0.17747250354535932
15.020159006118774,-0.18998907634799575,2.021568530000087,-2.211557606348083,0.512065676165148,0.6704269032226875,1.1824925793878354,-0.15836122705753952
15.040254592895508,-0.3793501505455114,2.02155169900007,-2.400901849545581,0.512065676165148,0.6704269032226875,1.1824925793878354,-0.15836122705753952
15.060240268707275,-0.5676156038406234,2.0215382342000563,-2.5891538380406796,0.512065676165148,0.6704269032226875,1.1824925793878354,-0.15836122705753952
15.080243825912476,-0.7559598664492049,2.021527462360045,-2.77748732880925,0.512065676165148,0.6704269032226875,1.1824925793878354,-0.15836122705753952
15.100247383117676,-0.9441847117641902,2.021518844888036,-2.965703556652226,0.512065676165148,0.6704269032226875,1.1824925793878354,-0.15836122705753952
15.120202541351318,-1.1318055576324597,2.021518844888036,-3.1533244025204956,0.512065676165148,0.6704269032226875,1.1824925793878354,-0.15836122705753952
15.140150785446167,-1.3191835670919283,2.021511950910429,-3.340695518002357,0.512065676165148,0.6704269032226875,1.1824925793878354,-0.15836122705753952
15.160283327102661,-1.508082511658522,2.021506435728343,-3.5295889473868653,0.5225187755500519,0.6725112976739183,1.19503007322397,-0.14999252212386638
15.180189609527588,-1.6946213720162855,2.021502023582675,-3.7161233955989603,0.5225187755500519,0.6725112976739183,1.19503007322397,-0.14999252212386638
15.200146436691284,-1.8813677460423068,2.02149849386614,-3.9028662399084464,0.5225187755500519,0.6725112976739183,1.19503007322397,-0.14999252212386638
15.220134496688843,-2.0681098632063595,2.0214956700929116,-4.089605533299271,0.5225187755500519,0.6725112976739183,1.19503007322397,-0.14999252212386638
15.240121603012085,-2.254516905596978,2.0214934110743297,-4.276010316671307,0.5225187755500519,0.6725112976739183,1.19503007322397,-0.14999252212386638
15.260141849517822,-2.440876568877452,2.003913478859464,-4.444790047736916,0.5225187755500519,0.6725112976739183,1.19503007322397,-0.14999252212386638
15.280138969421387,-2.626635413604701,1.9898495330875714,-4.616484946692273,0.5225187755500519,0.6725112976739183,1.19503007322397,-0.14999252212386638
15.30030107498169,-2.813506972254719,1.9785983764700572,-4.7921053487247764,0.5383965681617701,0.6809178045252338,1.2193143726870037,-0.1425212363634637
15.320267677307129,-2.9981216428632806,1.9695974511760461,-4.967719094039326,0.5383965681617701,0.6809178045252338,1.2193143726870037,-0.1425212363634637
15.340192556381226,-3.1818801728543686,1.9695974511760461,-5.151477624030415,0.5383965681617701,0.6809178045252338,1.2193143726870037,-0.1425212363634637
15.360161781311035,-3.365547309567369,1.962396710940837,-5.327944020508205,0.5383965681617701,0.6809178045252338,1.2193143726870037,-0.1425212363634637
15.380132913589478,-3.548702087661552,1.95663611875267,-5.505338206414222,0.5383965681617701,0.6809178045252338,1.2193143726870037,-0.1425212363634637
15.400126695632935,-3.7315048596983216,1.9344495200021359,-5.665954379700457,0.5383965681617701,0.6809178045252338,1.2193143726870037,-0.1425212363634637
15.420122623443604,-3.913738273067082,1.9167002410017087,-5.830438514068791,0.5383965681617701,0.6809178045252338,1.2193143726870037,-0.1425212363634637
15.440314769744873,-4.097132937584412,1.902500817801367,-5.999633755385779,0.5523405439531052,0.6870451927417889,1.239385736694894,-0.1347046487886837
15.460227251052856,-4.27734184652805,1.8911412792410935,-6.168483125769144,0.5523405439531052,0.6870451927417889,1.239385736694894,-0.1347046487886837
15.480260372161865,-4.457966853690993,1.8820536483928751,-6.340020502083869,0.5523405439531052,0.6870451927417889,1.239385736694894,-0.1347046487886837
15.50022554397583,-4.637276531709859,1.8747835437143003,-6.512060075424159,0.5523405439531052,0.6870451927417889,1.239385736694894,-0.1347046487886837
15.520158052444458,-4.81556492971124,1.8689674599714403,-6.68453238968268,0.5523405439531052,0.6870451927417889,1.239385736694894,-0.1347046487886837
15.540143251419067,-4.993566291229992,1.8689674599714403,-6.862533751201432,0.5727157696460926,0.695574801811017,1.2682905714571096,-0.12285903216492444
15.56019377708435,-5.171358224567093,1.8643145929771525,-7.035672817544246,0.5727157696460926,0.695574801811017,1.2682905714571096,-0.12285903216492444
15.580187320709229,-5.3478276603890444,1.8605922993817223,-7.208419959770767,0.5727157696460926,0.695574801811017,1.2682905714571096,-0.12285903216492444
15.600144863128662,-5.523137693855298,1.857614464505378,-7.380752158360676,0.5733020896519155,0.6906191128538921,1.2639212025058075,-0.11731702320197657
15.620155811309814,-5.698044869376743,1.8552321966043024,-7.553277065981046,0.5733020896519155,0.6906191128538921,1.2639212025058075,-0.11731702320197657
15.640152931213379,-5.871931344936314,1.8533263822834418,-7.725257727219756,0.5733020896519155,0.6906191128538921,1.2639212025058075,-0.11731702320197657
15.660141468048096,-6.04481680740685,1.8518017308267536,-7.896618538233604,0.5753704534805001,0.6713030561106279,1.2466735095911279,-0.09593260263012782
15.680141687393188,-6.216849020497999,1.8505820096614032,-8.067431030159401,0.5753704534805001,0.6713030561106279,1.2466735095911279,-0.09593260263012782
15.700157403945923,-6.388031650674683,1.8496062327291227,-8.237637883403806,0.5753704534805001,0.6713030561106279,1.2466735095911279,-0.09593260263012782
15.7202730178833,-6.559050692550702,1.8488256111832984,-8.407876303734,0.5842074586039961,0.6569502213271334,1.2411576799311295,-0.07274276272313729
15.740245819091797,-6.727819004312431,1.8306229889466388,-8.55844199325907,0.5842074586039961,0.6569502213271334,1.2411576799311295,-0.07274276272313729
15.760160684585571,-6.895042882714315,1.8306229889466388,-8.725665871660954,0.5842074586039961,0.6569502213271334,1.2411576799311295,-0.07274276272313729
15.780148267745972,-7.0617918572927,1.816060891157311,-8.877852748450012,0.5922410722783388,0.6214302190812304,1.213671291359569,-0.02918914680289164
15.80013918876648,-7.227454643339167,1.804411212925849,-9.031865856265016,0.5922410722783388,0.6214302190812304,1.213671291359569,-0.02918914680289164
15.820149660110474,-7.392137496314534,1.7950914703406793,-9.187228966655214,0.5922410722783388,0.6214302190812304,1.213671291359569,-0.02918914680289164
15.840158462524414,-7.555638234345096,1.7876356762725436,-9.34327391061764,0.6028989573902072,0.5828176372917369,1.185716594681944,0.0200813200984703
15.860147714614868,-7.717786802756058,1.781671041018035,-9.499457843774094,0.6028989573902072,0.5828176372917369,1.185716594681944,0.0200813200984703
15.880184173583984,-7.879096548753026,1.776899332814428,-9.655995881567454,0.6028989573902072,0.5828176372917369,1.185716594681944,0.0200813200984703
15.900155544281006,-8.03863964597068,1.7730819662515425,-9.811721612222222,0.6177849985620559,0.5533307650359347,1.1711157635979905,0.06445423352612123
15.920148611068726,-8.197088229103644,1.770028073001234,-9.967116302104877,0.6177849985620559,0.5533307650359347,1.1711157635979905,0.06445423352612123
15.940145254135132,-8.35427128832787,1.7500068334009875,-10.104278121728859,0.6177849985620559,0.5533307650359347,1.1711157635979905,0.06445423352612123
15.960158109664917,-8.510261380764112,1.71641171672079,-10.226673097484902,0.6293980192354501,0.5089421057375147,1.1383401249729648,0.12045591349793539
15.980154037475586,-8.664775646776887,1.636801248376632,-10.301576895153518,0.6293980192354501,0.5089421057375147,1.1383401249729648,0.12045591349793539
16.000134468078613,-8.817804045867772,1.636801248376632,-10.454605294244404,0.6293980192354501,0.5089421057375147,1.1383401249729648,0.12045591349793539
16.020139694213867,-8.969630043944752,1.5203784987013058,-10.490008542646057,0.6448193948677362,0.498057262902148,1.1428766577698841,0.14676213196558818
16.040138006210327,-9.119987156891337,1.4096621739610447,-10.529649330852383,0.6448193948677362,0.498057262902148,1.1428766577698841,0.14676213196558818
16.060131311416626,-9.268867260391195,1.268354739168836,-10.537221999560032,0.6592086220121564,0.48312421229202296,1.1423328343041792,0.1760844097201334
16.080164670944214,-9.416578532400587,1.0322619163350688,-10.448840448735655,0.6592086220121564,0.48312421229202296,1.1423328343041792,0.1760844097201334
16.100165367126465,-9.562560676835938,0.755497033068055,-10.318057709903993,0.6592086220121564,0.48312421229202296,1.1423328343041792,0.1760844097201334
16.120173454284668,-9.707085782607836,0.49892887645444406,-10.20601465906228,0.6592086220121564,0.48312421229202296,1.1423328343041792,0.1760844097201334
16.14019465446472,-9.850169993438373,0.2585181011635553,-10.108688094601927,0.6737025149128021,0.4571089995326474,1.1308115144454494,0.2165935153801547
16.16018295288086,-9.991464164571271,-0.02170114406915581,-9.969763020502116,0.6737025149128021,0.4571089995326474,1.1308115144454494,0.2165935153801547
16.180165767669678,-10.13114430092687,-0.2986109152553246,-9.832533385671546,0.6737025149128021,0.4571089995326474,1.1308115144454494,0.2165935153801547
16.20017719268799,-10.269423904166507,-0.5201387322042597,-9.749285171962248,0.6737025149128021,0.4571089995326474,1.1308115144454494,0.2165935153801547
16.22016716003418,-10.40593433792147,-0.5201387322042597,-9.885795605717211,0.6737025149128021,0.4571089995326474,1.1308115144454494,0.2165935153801547
16.24015760421753,-10.540806399552407,-0.6973609857634078,-9.843445413788999,0.6737025149128021,0.4571089995326474,1.1308115144454494,0.2165935153801547
16.260193347930908,-10.674315491237799,-0.9270294136107263,-9.747286077627072,0.6719240335010545,0.4627309985691681,1.1346550320702224,0.20919303493188635
16.28024649620056,-10.806246719634446,-1.2162329058885812,-9.590013813745864,0.6719240335010545,0.4627309985691681,1.1346550320702224,0.20919303493188635
16.300279140472412,-10.93633017496709,-1.482751949710865,-9.453578225256225,0.6719240335010545,0.4627309985691681,1.1346550320702224,0.20919303493188635
16.320213794708252,-11.064057434320437,-1.695967184768692,-9.368090249551745,0.6719240335010545,0.4627309985691681,1.1346550320702224,0.20919303493188635
16.34015727043152,-11.190104315428249,-1.8665393728149537,-9.323564942613295,0.6719240335010545,0.4627309985691681,1.1346550320702224,0.20919303493188635
16.360148668289185,-11.314690647064875,-2.002997123251963,-9.311693523812913,0.6598119813211815,0.4235896118218079,1.0834015931429892,0.23622236949937359
16.380272388458252,-11.43829862020932,-2.1121633236015707,-9.326135296607749,0.6598119813211815,0.4235896118218079,1.0834015931429892,0.23622236949937359
16.40022897720337,-11.55907412078611,-2.1994962838812566,-9.359577836904855,0.6598119813211815,0.4235896118218079,1.0834015931429892,0.23622236949937359
16.420172452926636,-11.677954660895171,-2.269362652105005,-9.408592008790166,0.6598119813211815,0.4235896118218079,1.0834015931429892,0.23622236949937359
16.440149307250977,-11.795195874589014,-2.269362652105005,-9.525833222484009,0.6598119813211815,0.4235896118218079,1.0834015931429892,0.23622236949937359
16.460137605667114,-11.910644361742257,-2.3428338716840047,-9.567810490058253,0.6598119813211815,0.4235896118218079,1.0834015931429892,0.23622236949937359
16.4801344871521,-12.024262581606152,-2.3840327223472038,-9.640229859258948,0.6598119813211815,0.4235896118218079,1.0834015931429892,0.23622236949937359
16.50028705596924,-12.136844935243044,-2.5048824278777633,-9.63196250736528,0.6656542609640018,0.41964376803953196,1.0852980290035337,0.24601049292446986
16.520164966583252,-12.245986689664003,-2.724609067302211,-9.521377622361792,0.6656542609640018,0.41964376803953196,1.0852980290035337,0.24601049292446986
16.540143728256226,-12.35375734048728,-2.970702878841769,-9.38305446164551,0.6656542609640018,0.41964376803953196,1.0852980290035337,0.24601049292446986
16.560126066207886,-12.45960009839774,-3.2027341780734155,-9.256865920324325,0.6656542609640018,0.41964376803953196,1.0852980290035337,0.24601049292446986
16.58012843132019,-12.56358193548458,-3.4059373424587327,-9.157644593025847,0.6656542609640018,0.41964376803953196,1.0852980290035337,0.24601049292446986
16.60012674331665,-12.665558902275363,-3.5684998739669864,-9.097059028308376,0.6656542609640018,0.41964376803953196,1.0852980290035337,0.24601049292446986
16.620107412338257,-12.765448851788793,-3.6985498991735892,-9.066898952615205,0.6483185275652067,0.43358495172578837,1.081903479290995,0.21473357583941832
16.640190601348877,-12.86382387718156,-3.802589919338872,-9.061233957842688,0.6483185275652067,0.43358495172578837,1.081903479290995,0.21473357583941832
16.660146951675415,-12.95954871419532,-3.802589919338872,-9.156958794856447,0.6483185275652067,0.43358495172578837,1.081903479290995,0.21473357583941832
16.680134057998657,-13.053378818410845,-3.8858219354710983,-9.167556882939747,0.6483185275652067,0.43358495172578837,1.081903479290995,0.21473357583941832
16.70012855529785,-13.145183853003852,-3.952407548376878,-9.192776304626975,0.6483185275652067,0.43358495172578837,1.081903479290995,0.21473357583941832
16.72013568878174,-13.234970301861132,-4.005676038701504,-9.229294263159629,0.6483185275652067,0.43358495172578837,1.081903479290995,0.21473357583941832
16.740129709243774,-13.32260851552555,-4.048290830961203,-9.274317684564348,0.6483185275652067,0.43358495172578837,1.081903479290995,0.21473357583941832
16.76016402244568,-13.408314435529368,-4.0823826647689625,-9.325931770760405,0.6418292865351395,0.43341846346738744,1.0752477500025268,0.20841082306775205
16.780340909957886,-13.492482917234023,-4.1096561318151705,-9.382826785418853,0.6418292865351395,0.43341846346738744,1.0752477500025268,0.20841082306775205
16.80032730102539,-13.573718918176404,-4.131474905452136,-9.442244012724267,0.6418292865351395,0.43341846346738744,1.0752477500025268,0.20841082306775205
16.820253610610962,-13.65257983728416,-4.148929924361709,-9.503649912922452,0.6418292865351395,0.43341846346738744,1.0752477500025268,0.20841082306775205
16.84027123451233,-13.729647349760942,-4.162893939489368,-9.566753410271573,0.644425191516857,0.420340564585058,1.0647657561019148,0.22408462693179898
16.8602774143219,-13.804500774010531,-4.162893939489368,-9.641606834521163,0.644425191516857,0.420340564585058,1.0647657561019148,0.22408462693179898
16.8802969455719,-13.877220728268485,-4.174065151591495,-9.703155576676991,0.644425191516857,0.420340564585058,1.0647657561019148,0.22408462693179898
16.900308847427368,-13.947718569452665,-4.183002121273196,-9.764716448179469,0.644425191516857,0.420340564585058,1.0647657561019148,0.22408462693179898
16.920265436172485,-14.015825569327335,-4.190151697018557,-9.825673872308778,0.644425191516857,0.420340564585058,1.0647657561019148,0.22408462693179898
16.940183401107788,-14.081603491681705,-4.195871357614846,-9.88573213406686,0.644425191516857,0.420340564585058,1.0647657561019148,0.22408462693179898
16.960257291793823,-14.145664913669714,-4.200447086091876,-9.945217827577839,0.6645924342524813,0.3871478517714422,1.0517402860239233,0.2774445824810391
16.98019003868103,-14.207049306878012,-4.204107668873501,-10.002941638004511,0.6645924342524813,0.3871478517714422,1.0517402860239233,0.2774445824810391
17.000166177749634,-14.266331645493027,-4.207036135098801,-10.059295510394225,0.6645924342524813,0.3871478517714422,1.0517402860239233,0.2774445824810391
17.02017068862915,-14.323445940342323,-4.2093789080790405,-10.114067032263282,0.6645924342524813,0.3871478517714422,1.0517402860239233,0.2774445824810391
17.040186166763306,-14.378326826111293,-4.193675001463233,-10.18465182464806,0.6645924342524813,0.3871478517714422,1.0517402860239233,0.2774445824810391
17.060206413269043,-14.430945952912376,-4.181111876170586,-10.24983407674179,0.6645924342524813,0.3871478517714422,1.0517402860239233,0.2774445824810391
17.080316305160522,-14.481501892670881,-4.181111876170586,-10.300390016500295,0.6743068271976517,0.3828090680937748,1.0571158952914264,0.2914977591038769
17.100250005722046,-14.529333212831117,-4.171061375936469,-10.358271836894648,0.6743068271976517,0.3828090680937748,1.0571158952914264,0.2914977591038769
17.120260000228882,-14.575055326888913,-4.198177225749176,-10.376878101139738,0.6743068271976517,0.3828090680937748,1.0571158952914264,0.2914977591038769
17.140305757522583,-14.618549102365147,-4.3077605305993405,-10.310788571765807,0.6743068271976517,0.3828090680937748,1.0571158952914264,0.2914977591038769
17.16030788421631,-14.659636768820244,-4.448161549479473,-10.21147521934077,0.6743068271976517,0.3828090680937748,1.0571158952914264,0.2914977591038769
17.18024754524231,-14.698291543134344,-4.560482364583579,-10.137809178550764,0.6743068271976517,0.3828090680937748,1.0571158952914264,0.2914977591038769
17.20033288002014,-14.734896313842704,-4.650339016666862,-10.084557297175841,0.6743068271976517,0.3828090680937748,1.0571158952914264,0.2914977591038769
17.220231771469116,-14.76884718077001,-4.722224338333491,-10.04662284243652,0.6743068271976517,0.3828090680937748,1.0571158952914264,0.2914977591038769
17.24018406867981,-14.800571208135624,-4.779732595666792,-10.020838612468832,0.6747347608693962,0.3797994251537602,1.0545341860231563,0.294935335715636
17.26017928123474,-14.83002991102946,-4.825739201533435,-10.004290709496026,0.6747347608693962,0.3797994251537602,1.0545341860231563,0.294935335715636
17.280165195465088,-14.857135835336015,-4.8625444862267475,-9.994591349109267,0.6747347608693962,0.3797994251537602,1.0545341860231563,0.294935335715636
17.300155639648438,-14.881904296010013,-4.8625444862267475,-10.019359809783266,0.6747347608693962,0.3797994251537602,1.0545341860231563,0.294935335715636
17.32015037536621,-14.904329537486202,-4.909566838981398,-9.994762698504804,0.6747347608693962,0.3797994251537602,1.0545341860231563,0.294935335715636
17.3401780128479,-14.924433541383758,-4.947184721185119,-9.97724882019864,0.6747347608693962,0.3797994251537602,1.0545341860231563,0.294935335715636
17.36015748977661,-14.942134462066068,-4.9772790269480955,-9.964855435117972,0.6595457464941864,0.37242539647850204,1.0319711429726883,0.28712035001568437
17.380308151245117,-14.957601991956697,-5.001354471558477,-9.95624752039822,0.6595457464941864,0.37242539647850204,1.0319711429726883,0.28712035001568437
17.400334358215332,-14.970598464809248,-5.020614827246782,-9.949983637562465,0.6595457464941864,0.37242539647850204,1.0319711429726883,0.28712035001568437
17.420247554779053,-14.981171395338151,-5.036023111797426,-9.945148283540725,0.6595457464941864,0.37242539647850204,1.0319711429726883,0.28712035001568437
17.440195083618164,-14.989411274920196,-5.048349739437941,-9.941061535482255,0.6595457464941864,0.37242539647850204,1.0319711429726883,0.28712035001568437
17.460163831710815,-14.9953015626169,-5.128523541550353,-9.866778021066548,0.6595457464941864,0.37242539647850204,1.0319711429726883,0.28712035001568437
17.480183362960815,-14.99883727958144,-5.262975083240283,-9.735862196341158,0.6595457464941864,0.37242539647850204,1.0319711429726883,0.28712035001568437
17.50017499923706,-14.999999909323801,-5.4056925665922275,-9.594307342731573,0.6595457464941864,0.37242539647850204,1.0319711429726883,0.28712035001568437
17.520212411880493,-14.998790373083766,-5.4056925665922275,-9.593097806491539,0.6599210421923635,0.373430294933496,1.0333513371258594,0.2864907472588675
17.540311336517334,-14.995188813666307,-5.519866553273783,-9.475322260392524,0.6599210421923635,0.373430294933496,1.0333513371258594,0.2864907472588675
17.560287475585938,-14.989239727551023,-5.611205742619027,-9.378033984931996,0.6599210421923635,0.373430294933496,1.0333513371258594,0.2864907472588675
17.580310583114624,-14.980906989832569,-5.684277094095222,-9.296629895737347,0.6599210421923635,0.373430294933496,1.0333513371258594,0.2864907472588675
17.600337505340576,-14.970200858644256,-5.742734175276178,-9.227466683368078,0.6599210421923635,0.373430294933496,1.0333513371258594,0.2864907472588675
17.620346069335938,-14.957137462395286,-5.789499840220943,-9.167637622174343,0.6599210421923635,0.373430294933496,1.0333513371258594,0.2864907472588675
17.64025044441223,-14.941796589684062,-5.826912372176755,-9.114884217507306,0.6599210421923635,0.373430294933496,1.0333513371258594,0.2864907472588675
17.660173177719116,-14.924101359837675,-5.856842397741405,-9.06725896209627,0.6599210421923635,0.373430294933496,1.0333513371258594,0.2864907472588675
17.68028497695923,-14.90386630417136,-5.880786418193124,-9.023079885978238,0.6640269765999255,0.389192942547379,1.0532199191473044,0.27483403405254647
17.70033311843872,-14.881326701623937,-5.8999416345545,-8.981385067069438,0.6640269765999255,0.389192942547379,1.0532199191473044,0.27483403405254647
17.72022318840027,-14.85663139733678,-5.915265807643601,-8.94136558969318,0.6640269765999255,0.389192942547379,1.0532199191473044,0.27483403405254647
17.740164279937744,-14.829543497497406,-5.927525146114881,-8.902018351382525,0.6640269765999255,0.389192942547379,1.0532199191473044,0.27483403405254647
17.760179042816162,-14.800014629206428,-5.927525146114881,-8.872489483091547,0.6669677163377491,0.3799459515314083,1.0469136678691573,0.2870217648063408
17.780163049697876,-14.768195981243219,-5.954910741891906,-8.813285239351313,0.6669677163377491,0.3799459515314083,1.0469136678691573,0.2870217648063408
17.800167322158813,-14.734013184006576,-5.959241093513525,-8.774772090493052,0.6669677163377491,0.3799459515314083,1.0469136678691573,0.2870217648063408
17.82017230987549,-14.697501374147807,-5.98028349981082,-8.717217874336987,0.6426509882226673,0.3508711019705515,0.9935220901932188,0.2917798862521158
17.840158939361572,-14.658704200519601,-5.997117424848657,-8.661586775670944,0.6426509882226673,0.3508711019705515,0.9935220901932188,0.2917798862521158
17.86018705368042,-14.617507615078235,-6.0105845648789265,-8.60692305019931,0.6426509882226673,0.3508711019705515,0.9935220901932188,0.2917798862521158
17.880155324935913,-14.574129712714388,-6.021358276903141,-8.552771435811248,0.6426509882226673,0.3508711019705515,0.9935220901932188,0.2917798862521158
17.900152444839478,-14.528390042907855,-6.029977246522513,-8.498412796385342,0.6426509882226673,0.3508711019705515,0.9935220901932188,0.2917798862521158
17.920150756835938,-14.48035390095826,-6.0192942972180115,-8.46105960374025,0.6426509882226673,0.3508711019705515,0.9935220901932188,0.2917798862521158
17.940144062042236,-14.430044413431458,-6.028326062774409,-8.401718350657049,0.6426509882226673,0.3508711019705515,0.9935220901932188,0.2917798862521158
17.96028757095337,-14.377054115028661,-6.035551475219528,-8.341502639809134,0.6680984592899767,0.3582513621251564,1.026349821415133,0.3098470971648203
17.98026704788208,-14.322220355427337,-6.035551475219528,-8.28666888020781,0.6680984592899767,0.3582513621251564,1.026349821415133,0.3098470971648203
18.000349521636963,-14.26482944781911,-6.023753680175623,-8.241075767643487,0.6680984592899767,0.3582513621251564,1.026349821415133,0.3098470971648203
18.02032732963562,-14.20548416049981,-6.0143154441404985,-8.19116871635931,0.6680984592899767,0.3582513621251564,1.026349821415133,0.3098470971648203
18.040262699127197,-14.144033824144556,-6.006764855312399,-8.137268968832156,0.6680984592899767,0.3582513621251564,1.026349821415133,0.3098470971648203
18.060171604156494,-14.080450381250689,-6.000724384249921,-8.079725997000768,0.6680984592899767,0.3582513621251564,1.026349821415133,0.3098470971648203
18.080171823501587,-14.014356882367283,-6.013470132399937,-8.000886749967346,0.6680984592899767,0.3582513621251564,1.026349821415133,0.3098470971648203
18.100172519683838,-13.946048650696135,-6.093979230919951,-7.852069419776184,0.6680984592899767,0.3582513621251564,1.026349821415133,0.3098470971648203
18.120174169540405,-13.875534608532465,-6.193542759735961,-7.681991848796504,0.6680984592899767,0.3582513621251564,1.026349821415133,0.3098470971648203
18.14021944999695,-13.802668113840415,-6.273193582788769,-7.529474531051646,0.6643677971229044,0.347032333741663,1.0114001308645673,0.3173354633812414
18.160290956497192,-13.727512509727715,-6.336914241231017,-7.390598268496698,0.6643677971229044,0.347032333741663,1.0114001308645673,0.3173354633812414
18.180320739746094,-13.650336666754633,-6.336914241231017,-7.313422425523616,0.6643677971229044,0.347032333741663,1.0114001308645673,0.3173354633812414
18.20030903816223,-13.571165399530326,-6.387890767984813,-7.183274631545513,0.6643677971229044,0.347032333741663,1.0114001308645673,0.3173354633812414
18.220213890075684,-13.490197484649174,-6.428671989387851,-7.061525495261323,0.6643677971229044,0.347032333741663,1.0114001308645673,0.3173354633812414
18.240294694900513,-13.406375777644524,-6.4612969665102815,-6.945078811134242,0.6643677971229044,0.347032333741663,1.0114001308645673,0.3173354633812414
18.26034712791443,-13.320542852257514,-6.487396948208225,-6.833145904049289,0.6643677971229044,0.347032333741663,1.0114001308645673,0.3173354633812414
18.280285358428955,-13.233102253903814,-6.508276933566582,-6.724825320337232,0.6643677971229044,0.347032333741663,1.0114001308645673,0.3173354633812414
18.30025291442871,-13.143451696607729,-6.524980921853266,-6.618470774754463,0.6643677971229044,0.347032333741663,1.0114001308645673,0.3173354633812414
18.32018280029297,-13.051907337577424,-6.591078487482613,-6.460828850094811,0.6707601023741153,0.34862473422545004,1.0193848365995652,0.3221353681486653
18.34027123451233,-12.957563645105154,-6.661534664986091,-6.296028980119063,0.6707601023741153,0.34862473422545004,1.0193848365995652,0.3221353681486653
18.360185146331787,-12.862002077883993,-6.717899606988873,-6.14410247089512,0.6707601023741153,0.34862473422545004,1.0193848365995652,0.3221353681486653
18.38013792037964,-12.76423452079444,-6.762991560591098,-6.001242960203342,0.6707601023741153,0.34862473422545004,1.0193848365995652,0.3221353681486653
18.40012836456299,-12.664270594060502,-6.762991560591098,-5.901279033469404,0.6707601023741153,0.34862473422545004,1.0193848365995652,0.3221353681486653
18.420127391815186,-12.562264537713943,-6.799065123472879,-5.763199414241065,0.6707601023741153,0.34862473422545004,1.0193848365995652,0.3221353681486653
18.44012141227722,-12.458301227964233,-6.8279239737783035,-5.630377254185929,0.6707601023741153,0.34862473422545004,1.0193848365995652,0.3221353681486653
18.460168600082397,-12.352087494350364,-6.851011054022643,-5.501076440327721,0.6473034320302394,0.3352436758752446,0.982547107905484,0.3120597561549948
18.480130672454834,-12.244377404698808,-6.869480718218115,-5.374896686480693,0.6473034320302394,0.3352436758752446,0.982547107905484,0.3120597561549948
18.500123739242554,-12.134569395036873,-6.884256449574491,-5.250312945462382,0.6473034320302394,0.3352436758752446,0.982547107905484,0.3120597561549948
18.520116329193115,-12.022849211785223,-6.896077034659593,-5.12677217712563,0.6473034320302394,0.3352436758752446,0.982547107905484,0.3120597561549948
18.540115118026733,-11.909196367388315,-6.905533502727675,-5.00366286466064,0.6473034320302394,0.3352436758752446,0.982547107905484,0.3120597561549948
18.56028389930725,-11.792673094903718,-6.91309867718214,-4.879574417721577,0.6844746282227424,0.3452004231687169,1.0296750513914592,0.3392742050540255
18.580146551132202,-11.67606749923721,-6.919150816745712,-4.7569166824914975,0.6844746282227424,0.3452004231687169,1.0296750513914592,0.3392742050540255
18.600125074386597,-11.556947211618649,-6.94157065339657,-4.615376558222079,0.6844746282227424,0.3452004231687169,1.0296750513914592,0.3392742050540255
18.62011480331421,-11.435937523621343,-6.94157065339657,-4.4943668702247725,0.6844746282227424,0.3452004231687169,1.0296750513914592,0.3392742050540255
18.640118837356567,-11.313035293149355,-7.029819022717256,-4.283216270432098,0.6844746282227424,0.3452004231687169,1.0296750513914592,0.3392742050540255
18.66012406349182,-11.188338399097336,-7.135573968173805,-4.052764430923531,0.6844746282227424,0.3452004231687169,1.0296750513914592,0.3392742050540255
18.680298805236816,-11.060794711386738,-7.220177924539044,-3.8406167868476935,0.7,0.33765503626200366,1.0376550362620036,0.3623449637379963
18.70014476776123,-10.93359536727431,-7.287861089631236,-3.645734277643073,0.7,0.33765503626200366,1.0376550362620036,0.3623449637379963
18.720126628875732,-10.803807499251143,-7.342007621704989,-3.461799877546153,0.7,0.33765503626200366,1.0376550362620036,0.3623449637379963
18.740126132965088,-10.672199831771422,-7.385324847363992,-3.2868749844074303,0.7,0.33765503626200366,1.0376550362620036,0.3623449637379963
18.76020646095276,-10.538364917576642,-7.419978627891194,-3.118386289685448,0.7,0.33765503626200366,1.0376550362620036,0.3623449637379963
18.780195713043213,-10.403470861091137,-7.447701652312956,-2.9557692087781806,0.7,0.3530946397397201,1.05309463973972,0.34690536026027985
18.800178050994873,-10.26698324891668,-7.4698800718503655,-2.7971031770663153,0.7,0.3530946397397201,1.05309463973972,0.34690536026027985
18.820225954055786,-10.128421436278545,-7.487622807480293,-2.640798628798252,0.7,0.3530946397397201,1.05309463973972,0.34690536026027985
18.840234756469727,-9.988527487468911,-7.487622807480293,-2.5009046799886177,0.7,0.3530946397397201,1.05309463973972,0.34690536026027985
18.860365390777588,-9.846188640958061,-7.501816995984235,-2.344371644973826,0.7,0.3530946397397201,1.05309463973972,0.34690536026027985
18.880194902420044,-9.704438810944751,-7.513172346787389,-2.191266464157362,0.7,0.3530946397397201,1.05309463973972,0.34690536026027985
18.900153398513794,-9.560245834664137,-7.522256627429911,-2.037989207234226,0.7,0.3935790681454818,1.0935790681454818,0.30642093185451813
18.920149326324463,-9.41427479541454,-7.52952405194393,-1.88475074347061,0.7,0.3935790681454818,1.0935790681454818,0.30642093185451813
18.940151691436768,-9.266770030627612,-7.535337991555145,-1.731432039072467,0.7,0.3935790681454818,1.0935790681454818,0.30642093185451813
18.96014404296875,-9.117876528147988,-7.539989143244116,-1.577887384903872,0.7,0.3962633966177236,1.0962633966177235,0.30373660338227637
18.980143070220947,-8.967493872644782,-7.561288189595293,-1.4062056830494898,0.7,0.3962633966177236,1.0962633966177235,0.30373660338227637
19.00013279914856,-8.815766186012473,-7.5783274266762355,-1.2374387593362375,0.7,0.3962633966177236,1.0962633966177235,0.30373660338227637
19.020138263702393,-8.662526743132787,-7.591958816340988,-1.0705679267917994,0.7,0.3962633966177236,1.0962633966177235,0.30373660338227637
19.04013419151306,-8.507992664215681,-7.60286392807279,-0.905128736142891,0.7,0.3962633966177236,1.0962633966177235,0.30373660338227637
19.06023144721985,-8.351322348061297,-7.60286392807279,-0.7484584199885065,0.6954311461187899,0.40831036052550185,1.1037415066442917,0.287120785593288
19.08030128479004,-8.193536857921172,-7.611588017458232,-0.5819488404629398,0.6954311461187899,0.40831036052550185,1.1037415066442917,0.287120785593288
19.100332021713257,-8.034759652752884,-7.618567288966587,-0.41619236378629676,0.6954311461187899,0.40831036052550185,1.1037415066442917,0.287120785593288
19.1201810836792,-7.87616702872862,-7.62415070617327,-0.2520163225553498,0.6954311461187899,0.40831036052550185,1.1037415066442917,0.287120785593288
19.140131950378418,-7.715526557465609,-7.6286174399386155,-0.08690911752699382,0.7,0.4088171396462712,1.1088171396462712,0.29118286035372876
19.160141706466675,-7.553194179960342,-7.632190826950892,0.07899664699055009,0.7,0.4088171396462712,1.1088171396462712,0.29118286035372876
19.180135250091553,-7.3898008714946855,-7.635049536560715,0.24524866506602994,0.7,0.4088171396462712,1.1088171396462712,0.29118286035372876
19.2001211643219,-7.225304394949831,-7.637336504248573,0.41203210929874245,0.7,0.4130890473781619,1.1130890473781618,0.2869109526218381
19.220120429992676,-7.059557538838276,-7.639166078398859,0.5796085395605832,0.7,0.4130890473781619,1.1130890473781618,0.2869109526218381
19.240124940872192,-6.892652071906648,-7.640629737719088,0.7479776658124404,0.7,0.4130890473781619,1.1130890473781618,0.2869109526218381
19.26015830039978,-6.724414644840311,-7.64180066517527,0.9173860203349591,0.7,0.4130890473781619,1.1130890473781618,0.2869109526218381
19.28012442588806,-6.5556817594503665,-7.642737407140216,1.0870556476898496,0.7,0.4130890473781619,1.1130890473781618,0.2869109526218381
19.300151109695435,-6.385400712327939,-7.642737407140216,1.2573366948122775,0.7,0.37281167433247897,1.072811674332479,0.327188325667521
19.320199966430664,-6.213918444447232,-7.643486800712173,1.4295683562649408,0.7,0.37281167433247897,1.072811674332479,0.327188325667521
19.340232849121094,-6.041587927358601,-7.644086315569738,1.6024983882111368,0.7,0.37281167433247897,1.072811674332479,0.327188325667521
19.360300302505493,-5.868000380195584,-7.64456592745579,1.7765655472602067,0.7,0.37281167433247897,1.072811674332479,0.327188325667521
19.380220890045166,-5.6947605155776095,-7.644949616964634,1.950189101387024,0.7,0.37281167433247897,1.072811674332479,0.327188325667521
19.40018367767334,-5.520258697633385,-7.645256568571708,2.124997870938323,0.7,0.37281167433247897,1.072811674332479,0.327188325667521
19.420241832733154,-5.344048577952081,-7.645502129857366,2.3014535519052854,0.7,0.37281167433247897,1.072811674332479,0.327188325667521
19.440226316452026,-5.1676414926466725,-7.645698578885893,2.478057086239221,0.7,0.3693608610949013,1.0693608610949012,0.33063913890509866
19.46025538444519,-4.99002338034838,-7.645855738108715,2.6558323577603344,0.7,0.3693608610949013,1.0693608610949012,0.33063913890509866
19.48017382621765,-4.81260251233829,-7.645981465486973,2.8333789531486833,0.7,0.3693608610949013,1.0693608610949012,0.33063913890509866
19.500128507614136,-4.634103022966803,-7.645981465486973,3.01187844252017,0.6889876469969749,0.3685165435483213,1.0575041905452962,0.3204711034486536
19.52014422416687,-4.454325776369174,-7.64608204738958,3.191756271020406,0.6889876469969749,0.3685165435483213,1.0575041905452962,0.3204711034486536
19.5401394367218,-4.2740292695125985,-7.646162512911665,3.372133243399066,0.6889876469969749,0.3685165435483213,1.0575041905452962,0.3204711034486536
19.560137271881104,-4.093034387498487,-7.64622688532933,3.5531924978308433,0.6585693459957838,0.3544387087633367,1.0130080547591205,0.30413063723244704
19.580132484436035,-3.911417170146697,-7.646278383263465,3.734861213116768,0.6585693459957838,0.3544387087633367,1.0130080547591205,0.30413063723244704
19.60013437271118,-3.729121648532488,-7.646319581610771,3.9171979330782833,0.6585693459957838,0.3544387087633367,1.0130080547591205,0.30413063723244704
19.62013864517212,-3.5462153107480017,-7.646352540288617,4.100137229540615,0.6585693459957838,0.3544387087633367,1.0130080547591205,0.30413063723244704
19.640140295028687,-3.362772833507519,-7.646378907230894,4.283606073723375,0.6585693459957838,0.3544387087633367,1.0130080547591205,0.30413063723244704
19.66021966934204,-3.1780833463672,-7.646400000784716,4.468316654417516,0.6629203830845654,0.4195179805567022,1.0824383636412676,0.24340240252786316
19.68019127845764,-2.993883245538777,-7.646416875627773,4.652533630088996,0.6629203830845654,0.4195179805567022,1.0824383636412676,0.24340240252786316
19.70014190673828,-2.809405957846128,-7.646430375502218,4.837024417656091,0.6629203830845654,0.4195179805567022,1.0824383636412676,0.24340240252786316
19.720134496688843,-2.624097840099112,-7.646430375502218,5.022332535403106,0.6629203830845654,0.4195179805567022,1.0824383636412676,0.24340240252786316
19.740134477615356,-2.4383069220736417,-7.628863050401775,5.190556128328133,0.6629203830845654,0.4195179805567022,1.0824383636412676,0.24340240252786316
19.760135650634766,-2.2521198599998042,-7.61480919032142,5.362689330321616,0.6629203830845654,0.4195179805567022,1.0824383636412676,0.24340240252786316
19.780126571655273,-2.0656728226459906,-7.603566102257138,5.537893279611147,0.6444951829500496,0.40881758336327034,1.05331276631332,0.23567759958677925
19.800184726715088,-1.8782712109022712,-7.61214975680571,5.733878545903439,0.6444951829500496,0.40881758336327034,1.05331276631332,0.23567759958677925
19.82014298439026,-1.6915067795155774,-7.619016680444569,5.927509900928992,0.6444951829500496,0.40881758336327034,1.05331276631332,0.23567759958677925
19.840131282806396,-1.504194653511417,-7.624510219355654,6.120315565844237,0.6444951829500496,0.40881758336327034,1.05331276631332,0.23567759958677925
19.860132217407227,-1.3165266419955348,-7.628905050484523,6.312378408488988,0.6444951829500496,0.40881758336327034,1.05331276631332,0.23567759958677925
19.88015341758728,-1.128460258998247,-7.63242091538762,6.503960656389372,0.6444951829500496,0.40881758336327034,1.05331276631332,0.23567759958677925
19.900296449661255,-0.9390693176492616,-7.635233607310096,6.696164289660834,0.6085208741016686,0.4110216266883071,1.0195425007899757,0.19749924741336145
19.920323371887207,-0.7506208983130579,-7.637483760848077,6.886862862535018,0.6085208741016686,0.4110216266883071,1.0195425007899757,0.19749924741336145
19.940246105194092,-0.5630348945486737,-7.637483760848077,7.074448866299403,0.6085208741016686,0.4110216266883071,1.0195425007899757,0.19749924741336145
19.960203409194946,-0.3750349475155801,-7.639283883678463,7.264248936162883,0.6085208741016686,0.4110216266883071,1.0195425007899757,0.19749924741336145
19.980164766311646,-0.18693783394965302,-7.64072398194277,7.453786147993117,0.6085208741016686,0.4110216266883071,1.0195425007899757,0.19749924741336145
20.000138759613037,0.0013077785411275944,-7.6418760605542175,7.643183839095345,0.6085208741016686,0.4110216266883071,1.0195425007899757,0.19749924741336145
20.020153999328613,0.18994189224674177,-7.642797723443374,7.832739615690116,0.6085208741016686,0.4110216266883071,1.0195425007899757,0.19749924741336145
20.04035711288452,0.380316068849073,-7.625956928754699,8.006272997603773,0.6164006081409752,0.43093908870941955,1.0473396968503947,0.18546151943155564
20.060174465179443,0.5669958639100906,-7.61248429300376,8.17948015691385,0.6164006081409752,0.43093908870941955,1.0473396968503947,0.18546151943155564
20.080150842666626,0.7550846323328383,-7.601706184403008,8.356790816735845,0.6164006081409752,0.43093908870941955,1.0473396968503947,0.18546151943155564
20.100139617919922,0.9431710606438383,-7.593083697522407,8.536254758166246,0.6164006081409752,0.43093908870941955,1.0473396968503947,0.18546151943155564
20.120136976242065,1.1311893816236627,-7.586185708017926,8.717375089641589,0.6164006081409752,0.43093908870941955,1.0473396968503947,0.18546151943155564
20.14013361930847,1.319022406858192,-7.580667316414342,8.899689723272534,0.6164006081409752,0.43093908870941955,1.0473396968503947,0.18546151943155564
20.1603262424469,1.50848492931805,-7.580667316414342,9.089152245732391,0.5972869333811104,0.461964138917392,1.0592510722985025,0.13532279446371837
20.180171251296997,1.6944494573694306,-7.576252603131473,9.270702060500904,0.5972869333811104,0.461964138917392,1.0592510722985025,0.13532279446371837
20.200185775756836,1.881735579579663,-7.57272083250518,9.454456412084843,0.5972869333811104,0.461964138917392,1.0592510722985025,0.13532279446371837
20.220149278640747,2.068247849227063,-7.569895416004145,9.638143265231207,0.5972869333811104,0.461964138917392,1.0592510722985025,0.13532279446371837
20.240158557891846,2.2548612400255252,-7.567635082803317,9.822496322828842,0.5972869333811104,0.461964138917392,1.0592510722985025,0.13532279446371837
20.260123252868652,2.4407036355079508,-7.565826816242654,10.006530451750605,0.5972869333811104,0.461964138917392,1.0592510722985025,0.13532279446371837
20.280120372772217,2.62646285221348,-7.581958327994123,10.208421180207603,0.5972869333811104,0.461964138917392,1.0592510722985025,0.13532279446371837
20.30024743080139,2.813010359390115,-7.594863537395298,10.407873896785413,0.6110554778017103,0.4460684965772088,1.0571239743789191,0.1649869812245015
20.320140838623047,2.9969503288812986,-7.587609579916238,10.584559908797537,0.6110554778017103,0.4460684965772088,1.0571239743789191,0.1649869812245015
20.34017014503479,3.1816737574659126,-7.581806413932991,10.763480171398903,0.6110554778017103,0.4460684965772088,1.0571239743789191,0.1649869812245015
20.3601713180542,3.3656348995765906,-7.577163881146393,10.942798780722983,0.6110554778017103,0.4460684965772088,1.0571239743789191,0.1649869812245015
20.380147457122803,3.5488352659518463,-7.577163881146393,11.12599914709824,0.6110554778017103,0.4460684965772088,1.0571239743789191,0.1649869812245015
20.400166273117065,3.73186614139544,-7.573449854917115,11.305315996312554,0.6110554778017103,0.4460684965772088,1.0571239743789191,0.1649869812245015
20.420213222503662,3.914562565798643,-7.570478633933693,11.485041199732336,0.5916215212084353,0.4169041450542863,1.0085256662627216,0.17471737615414895
20.440293550491333,4.0969405552295095,-7.568101657146955,11.665042212376465,0.5916215212084353,0.4169041450542863,1.0085256662627216,0.17471737615414895
20.460253715515137,4.277580911899365,-7.566200075717565,11.843780987616931,0.5916215212084353,0.4169041450542863,1.0085256662627216,0.17471737615414895
20.480245351791382,4.45783168625696,-7.564678810574052,12.022510496831012,0.5916215212084353,0.4169041450542863,1.0085256662627216,0.17471737615414895
20.50019884109497,4.6370371909016574,-7.545883673459243,12.1829208643609,0.5916215212084353,0.4169041450542863,1.0085256662627216,0.17471737615414895
20.520225286483765,4.816165049107094,-7.530847563767395,12.34701261287449,0.6369867243804037,0.47902814777917224,1.116014872159576,0.15795857660123147
20.5402193069458,4.9942422057529186,-7.518818676013916,12.513060881766835,0.6369867243804037,0.47902814777917224,1.116014872159576,0.15795857660123147
20.560224533081055,5.171630320754923,-7.509195565811132,12.680825886566055,0.6369867243804037,0.47902814777917224,1.116014872159576,0.15795857660123147
20.58020853996277,5.348014504934805,-7.501497077648907,12.849511582583713,0.6369867243804037,0.47902814777917224,1.116014872159576,0.15795857660123147
20.600189685821533,5.5235304559393335,-7.495338287119126,13.018868743058459,0.6369867243804037,0.47902814777917224,1.116014872159576,0.15795857660123147
20.620333194732666,5.699591315314026,-7.495338287119126,13.194929602433152,0.6369867243804037,0.47902814777917224,1.116014872159576,0.15795857660123147
20.640273809432983,5.8729796596327954,-7.490411254695301,13.363390914328097,0.6369867243804037,0.47902814777917224,1.116014872159576,0.15795857660123147
20.66021227836609,6.045427583417323,-7.486469628756242,13.531897212173565,0.6369867243804037,0.47902814777917224,1.116014872159576,0.15795857660123147
20.680209398269653,6.217429784532373,-7.483316328004994,13.700746112537367,0.6369867243804037,0.47902814777917224,1.116014872159576,0.15795857660123147
20.700218439102173,6.388552116994492,-7.498371812403995,13.886923929398488,0.6004198634065687,0.44350475179380733,1.043924615200376,0.1569151116127614
20.720194578170776,6.558385830525793,-7.510416199923197,14.06880203044899,0.6004198634065687,0.44350475179380733,1.043924615200376,0.1569151116127614
20.740179538726807,6.727260678920859,-7.520051709938558,14.247312388859417,0.6004198634065687,0.44350475179380733,1.043924615200376,0.1569151116127614
20.76018214225769,6.895222483907897,-7.527760117950846,14.422982601858743,0.6004198634065687,0.44350475179380733,1.043924615200376,0.1569151116127614
20.780179500579834,7.062051556496376,-7.533926844360678,14.595978400857055,0.6004198634065687,0.44350475179380733,1.043924615200376,0.1569151116127614
20.8001606464386,7.227631852986893,-7.538860225488544,14.766492078475437,0.6004198634065687,0.44350475179380733,1.043924615200376,0.1569151116127614
20.820178031921387,7.392370168160996,-7.542806930390835,14.935177098551831,0.6004198634065687,0.44350475179380733,1.043924615200376,0.1569151116127614
20.840173959732056,7.555764409365231,-7.542806930390835,15.098571339756067,0.6004198634065687,0.44350475179380733,1.043924615200376,0.1569151116127614
20.86017608642578,7.718016089689978,-7.545964294312668,15.263980384002647,0.6004198634065687,0.44350475179380733,1.043924615200376,0.1569151116127614
20.880158185958862,7.8788881305560015,-7.548490185450135,15.427378316006138,0.6004198634065687,0.44350475179380733,1.043924615200376,0.1569151116127614
20.900184392929077,8.038869196505697,-7.550510898360108,15.589380094865806,0.6222182151861488,0.46490062320954156,1.0871188383956905,0.15731759197660727
20.920279264450073,8.198119453184779,-7.534549343688088,15.732668796872867,0.6222182151861488,0.46490062320954156,1.0871188383956905,0.15731759197660727
20.94031262397766,8.355581363530774,-7.521780099950472,15.877361463481247,0.6222182151861488,0.46490062320954156,1.0871188383956905,0.15731759197660727
20.96029233932495,8.511303117721164,-7.511564704960378,16.02286782268154,0.6222182151861488,0.46490062320954156,1.0871188383956905,0.15731759197660727
20.98028326034546,8.66576976713691,-7.520970513968303,16.186740281105212,0.6222182151861488,0.46490062320954156,1.0871188383956905,0.15731759197660727
21.00030517578125,8.819105528276033,-7.528495161174643,16.347600689450676,0.6222182151861488,0.46490062320954156,1.0871188383956905,0.15731759197660727
21.020371437072754,8.971380556705755,-7.534514878939715,16.50589543564547,0.6222182151861488,0.46490062320954156,1.0871188383956905,0.15731759197660727
21.040355920791626,9.121617657864439,-7.534514878939715,16.656132536804154,0.6222182151861488,0.46490062320954156,1.0871188383956905,0.15731759197660727
21.06029963493347,9.270114504901576,-7.539330653151773,16.80944515805335,0.6222182151861488,0.46490062320954156,1.0871188383956905,0.15731759197660727
21.080222845077515,9.417005304479105,-7.543183272521419,16.960188577000523,0.6222182151861488,0.46490062320954156,1.0871188383956905,0.15731759197660727
21.100220918655396,9.56296404688253,-7.546265368017135,17.109229414899666,0.6104466219432652,0.467256563383853,1.0777031853271182,0.14319005855941214
21.120287895202637,9.707908036874732,-7.548731044413708,17.25663908128844,0.6104466219432652,0.467256563383853,1.0777031853271182,0.14319005855941214
21.140353441238403,9.851298584110827,-7.550703585530967,17.402002169641793,0.6104466219432652,0.467256563383853,1.0777031853271182,0.14319005855941214
21.160282373428345,9.992163032558437,-7.552281618424775,17.544444650983213,0.6104466219432652,0.467256563383853,1.0777031853271182,0.14319005855941214
21.180222034454346,10.131535361938152,-7.55354404473982,17.68507940667797,0.6104466219432652,0.467256563383853,1.0777031853271182,0.14319005855941214
21.200233221054077,10.269808793018818,-7.554553985791857,17.824362778810674,0.6104466219432652,0.467256563383853,1.0777031853271182,0.14319005855941214
21.220348596572876,10.407165873491577,-7.555361938633487,17.962527812125064,0.6051135396584868,0.4812130067904945,1.0863265464489813,0.1239005328679923
21.24031639099121,10.541871077503359,-7.5560083009067895,18.09787937841015,0.6051135396584868,0.4812130067904945,1.0863265464489813,0.1239005328679923
21.260247707366943,10.674675426301059,-7.5560083009067895,18.230683727207847,0.6051135396584868,0.4812130067904945,1.0863265464489813,0.1239005328679923
21.28017282485962,10.805765157040575,-7.556525390725432,18.36229054776601,0.6051135396584868,0.4812130067904945,1.0863265464489813,0.1239005328679923
21.30022954940796,10.936010282527205,-7.556939062580347,18.49294934510755,0.6100429397076368,0.4850441379414405,1.0950870776490773,0.12499880176619627
21.320186853408813,11.063885980245763,-7.557270000064278,18.621155980310043,0.6100429397076368,0.4850441379414405,1.0950870776490773,0.12499880176619627
21.34026050567627,11.190752229238976,-7.557534750051423,18.7482869792904,0.6100429397076368,0.4850441379414405,1.0950870776490773,0.12499880176619627
21.36018466949463,11.31491340202148,-7.557746550041138,18.87265995206262,0.6100429397076368,0.4850441379414405,1.0950870776490773,0.12499880176619627
21.38016128540039,11.437621182680976,-7.557915990032911,18.995537172713888,0.6100429397076368,0.4850441379414405,1.0950870776490773,0.12499880176619627
21.400177717208862,11.558766219853533,-7.558051542026329,19.11681776187986,0.6100429397076368,0.4850441379414405,1.0950870776490773,0.12499880176619627
21.420151948928833,11.677833377616732,-7.558159983621064,19.235993361237796,0.6100429397076368,0.4850441379414405,1.0950870776490773,0.12499880176619627
21.44015908241272,11.795252790191363,-7.558246736896852,19.353499527088214,0.5400429397076367,0.5536334974633064,1.093676437170943,-0.013590557755669641
21.460155248641968,11.910745436926208,-7.5583161395174825,19.46906157644369,0.5400429397076367,0.5536334974633064,1.093676437170943,-0.013590557755669641
21.48015570640564,12.024382140067557,-7.5583161395174825,19.58269827958504,0.5400429397076367,0.5536334974633064,1.093676437170943,-0.013590557755669641
21.50014042854309,12.136032806773889,-7.558371661613987,19.694404468387877,0.5400429397076367,0.5536334974633064,1.093676437170943,-0.013590557755669641
21.52014422416687,12.245873793936967,-7.55841607929119,19.804289873228157,0.5400429397076367,0.5536334974633064,1.093676437170943,-0.013590557755669641
21.54015588760376,12.353822340143397,-7.488139113432953,19.84196145357635,0.5400429397076367,0.5536334974633064,1.093676437170943,-0.013590557755669641
21.560402870178223,12.461052524301708,-7.256136290746362,19.71718881504807,0.4700429397076367,0.6179075105057563,1.087950450213393,-0.1478645707981196
21.580294132232666,12.564435062782872,-6.912330907597089,19.47676597037996,0.4700429397076367,0.6179075105057563,1.087950450213393,-0.1478645707981196
21.60029172897339,12.666391915245681,-6.549395976077672,19.21578789132335,0.4700429397076367,0.6179075105057563,1.087950450213393,-0.1478645707981196
21.620351314544678,12.766655801459837,-6.206313655862138,18.972969457321973,0.4700429397076367,0.6179075105057563,1.087950450213393,-0.1478645707981196
21.640351057052612,12.864601622507449,-5.861535299689711,18.72613692219716,0.4700429397076367,0.6179075105057563,1.087950450213393,-0.1478645707981196
21.660348892211914,12.960506976248793,-5.409931364751769,18.37043834100056,0.4700429397076367,0.6179075105057563,1.087950450213393,-0.1478645707981196
21.68037724494934,13.05450782072308,-4.855288841801415,17.909796662524496,0.4700429397076367,0.6179075105057563,1.087950450213393,-0.1478645707981196
21.700336456298828,13.146127560308734,-4.855288841801415,18.00141640211015,0.4700429397076367,0.6179075105057563,1.087950450213393,-0.1478645707981196
21.720327854156494,13.235822568568214,-4.288527948441132,17.524350517009346,0.4700429397076367,0.6179075105057563,1.087950450213393,-0.1478645707981196
21.740410327911377,13.323823599395054,-3.7472286087529056,17.07105220814796,0.4700429397076367,0.6179075105057563,1.087950450213393,-0.1478645707981196
21.760244369506836,13.408653888315005,-3.2087203870023244,16.617374275317328,0.4700429397076367,0.6179075105057563,1.087950450213393,-0.1478645707981196
21.780192852020264,13.491873170590905,-2.7427575596018596,16.234630730192766,0.4810058823227881,0.6273961545841302,1.1084020369069183,-0.1463902722613421
21.80026078224182,13.57345209140055,-2.3699872976814875,15.943439389082037,0.4810058823227881,0.6273961545841302,1.1084020369069183,-0.1463902722613421
21.82023310661316,13.652499787908619,-2.0717710881451903,15.72427087605381,0.4810058823227881,0.6273961545841302,1.1084020369069183,-0.1463902722613421
21.840263843536377,13.729619294698098,-1.8156199955161523,15.545239290214251,0.4810058823227881,0.6273961545841302,1.1084020369069183,-0.1463902722613421
21.860244035720825,13.804377700797586,-1.5931209964129218,15.397498697210509,0.4810058823227881,0.6273961545841302,1.1084020369069183,-0.1463902722613421
21.880252838134766,13.877062919457499,-1.4151217971303376,15.292184716587837,0.4810058823227881,0.6273961545841302,1.1084020369069183,-0.1463902722613421
21.900202989578247,13.947351445639383,-1.2727224377042703,15.220073883343654,0.4810058823227881,0.6273961545841302,1.1084020369069183,-0.1463902722613421
21.920137405395508,14.015395643469061,-1.2727224377042703,15.288118081173332,0.4810058823227881,0.6273961545841302,1.1084020369069183,-0.1463902722613421
21.940170288085938,14.081560911078006,-1.158802950163416,15.240363861241422,0.47993522236589325,0.5803908178524579,1.0603260402183512,-0.10045559548656469
21.960259914398193,14.145673136337411,-1.067667360130733,15.213340496468144,0.47993522236589325,0.5803908178524579,1.0603260402183512,-0.10045559548656469
21.98037838935852,14.207618733957407,-0.9947588881045863,15.202377622061993,0.47993522236589325,0.5803908178524579,1.0603260402183512,-0.10045559548656469
22.000284671783447,14.266676599038336,-0.936432110483669,15.203108709522004,0.47993522236589325,0.5803908178524579,1.0603260402183512,-0.10045559548656469
22.020267486572266,14.32371681119759,-0.8897706883869353,15.213487499584526,0.47993522236589325,0.5803908178524579,1.0603260402183512,-0.10045559548656469
22.04022455215454,14.378429893865171,-0.8524415507095483,15.230871444574719,0.47993522236589325,0.5803908178524579,1.0603260402183512,-0.10045559548656469
22.06014370918274,14.430784708472563,-0.8050001155676387,15.235784824040202,0.47993522236589325,0.5803908178524579,1.0603260402183512,-0.10045559548656469
22.080265522003174,14.481377133172511,-0.767046967454111,15.248424100626622,0.5391577268624677,0.6414213882701005,1.1805791151325682,-0.10226366140763288
22.100136756896973,14.52906790053134,-0.7191063239632889,15.248174224494628,0.5391577268624677,0.6414213882701005,1.1805791151325682,-0.10226366140763288
22.120116233825684,14.574735034300202,-0.6983319341706312,15.273066968470834,0.5391577268624677,0.6414213882701005,1.1805791151325682,-0.10226366140763288
22.140133380889893,14.618184967935093,-0.664134297336505,15.282319265271598,0.5391577268624677,0.6414213882701005,1.1805791151325682,-0.10226366140763288
22.160125732421875,14.65927303623804,-0.664134297336505,15.323407333574545,0.5391577268624677,0.6414213882701005,1.1805791151325682,-0.10226366140763288
22.180208921432495,14.69821889569209,-0.654354312869204,15.352573208561294,0.6091577268624677,0.6552762458042707,1.2644339726667384,-0.046118518941802966
22.200193643569946,14.734650631697331,-0.6465303252953633,15.381180956992694,0.6091577268624677,0.6552762458042707,1.2644339726667384,-0.046118518941802966
22.220211029052734,14.768812991820637,-0.6402711352362905,15.409084127056927,0.6091577268624677,0.6552762458042707,1.2644339726667384,-0.046118518941802966
22.240203142166138,14.800600422764562,-0.6528419081890324,15.453442330953594,0.6091577268624677,0.6552762458042707,1.2644339726667384,-0.046118518941802966
22.260138034820557,14.829971550903,-0.6628985265512259,15.492870077454226,0.5986521856347098,0.6300199137942399,1.2286720994289497,-0.03136772815953015
22.280248880386353,14.85724441054197,-0.6885219462409808,15.54576635678295,0.5986521856347098,0.6300199137942399,1.2286720994289497,-0.03136772815953015
22.300214767456055,14.8819740756807,-0.7090206819927847,15.590994757673485,0.5986521856347098,0.6300199137942399,1.2286720994289497,-0.03136772815953015
22.320162773132324,14.904342712903333,-0.7429977955942277,15.64734050849756,0.5986521856347098,0.6300199137942399,1.2286720994289497,-0.03136772815953015
22.340131759643555,14.924389833294121,-0.7701794864753823,15.694569319769503,0.5986521856347098,0.6300199137942399,1.2286720994289497,-0.03136772815953015
22.36011815071106,14.942101922166547,-0.7701794864753823,15.712281408641928,0.5986521856347098,0.6300199137942399,1.2286720994289497,-0.03136772815953015
22.38013195991516,14.957477135909741,-0.7919248391803059,15.749401975090047,0.5986521856347098,0.6300199137942399,1.2286720994289497,-0.03136772815953015
22.400326013565063,14.970593542840222,-0.8268992463442447,15.797492789184467,0.5896019756281747,0.6088396472798194,1.1984416229079942,-0.019237671651644694
22.42036533355713,14.98122695501939,-0.8548787720753958,15.836105727094784,0.5896019756281747,0.6088396472798194,1.1984416229079942,-0.019237671651644694
22.44022560119629,14.989422077437503,-0.8772623926603167,15.86668447009782,0.5896019756281747,0.6088396472798194,1.1984416229079942,-0.019237671651644694
22.46018409729004,14.995306341558997,-0.8951692891282533,15.89047563068725,0.5896019756281747,0.6088396472798194,1.1984416229079942,-0.019237671651644694
22.480139017105103,14.998832069933133,-0.9270729313026027,15.925905001235735,0.5555111064994707,0.6027307113574352,1.1582418178569058,-0.0472196048579645
22.500190258026123,14.999999892821673,-0.9525958450420822,15.952595737863756,0.5555111064994707,0.6027307113574352,1.1582418178569058,-0.0472196048579645
22.520210027694702,14.998790658429868,-0.9554360510336658,15.954226709463533,0.5555111064994707,0.6027307113574352,1.1582418178569058,-0.0472196048579645
22.540210962295532,14.995212742031905,-0.9577082158269327,15.952920957858838,0.5555111064994707,0.6027307113574352,1.1582418178569058,-0.0472196048579645
22.560267448425293,14.98924687451355,-0.9595259476615462,15.948772822175096,0.5386043030256404,0.6034789961006026,1.142083299126243,-0.06487469307496219
22.58015727996826,14.98097979734081,-0.9595259476615462,15.940505745002357,0.5386043030256404,0.6034789961006026,1.142083299126243,-0.06487469307496219
22.60019302368164,14.970286587476634,-0.960980133129237,15.931266720605871,0.5386043030256404,0.6034789961006026,1.142083299126243,-0.06487469307496219
22.620162963867188,14.957267731190202,-0.9445653565033897,15.901833087693591,0.5800662066275253,0.6510191057051997,1.231085312332725,-0.07095289907767444
22.640170574188232,14.941862819653641,-0.9314335352027117,15.873296354856354,0.5800662066275253,0.6510191057051997,1.231085312332725,-0.07095289907767444
22.660266876220703,14.92401261018755,-0.9033499531621695,15.82736256334972,0.5742976686405017,0.6415397636767011,1.2158374323172028,-0.06724209503619938
22.680166721343994,14.903992243473411,-0.8808830875297357,15.784875331003146,0.5742976686405017,0.6415397636767011,1.2158374323172028,-0.06724209503619938
22.70016574859619,14.881524650492565,-0.8629095950237885,15.744434245516354,0.5742976686405017,0.6415397636767011,1.2158374323172028,-0.06724209503619938
22.720179319381714,14.856688419309002,-0.8485308010190309,15.705219220328033,0.567147416290827,0.6336118858482223,1.2007593021390492,-0.06646446955739527
22.740180492401123,14.829520526835298,-0.8370277658152248,15.666548292650523,0.567147416290827,0.6336118858482223,1.2007593021390492,-0.06646446955739527
22.7601957321167,14.799989029253858,-0.8278253376521798,15.627814366906037,0.5924313303502275,0.6401346763770561,1.2325660067272837,-0.047703346026828575
22.780172109603882,14.768181027591949,-0.8204633951217439,15.588644422713692,0.5924313303502275,0.6401346763770561,1.2325660067272837,-0.047703346026828575
22.80015516281128,14.734034669150542,-0.8204633951217439,15.554498064272286,0.5924313303502275,0.6401346763770561,1.2325660067272837,-0.047703346026828575
22.82015872001648,14.697526966333937,-0.8145738410973951,15.512100807431333,0.5924313303502275,0.6401346763770561,1.2325660067272837,-0.047703346026828575
22.840149879455566,14.658722311394175,-0.8098621978779161,15.468584509272091,0.5924313303502275,0.6401346763770561,1.2325660067272837,-0.047703346026828575
22.86016321182251,14.617558033760064,-0.806092883302333,15.423650917062396,0.5924313303502275,0.6401346763770561,1.2325660067272837,-0.047703346026828575
22.880319595336914,14.57376333767918,-0.8206555566418664,15.394418894321047,0.565654176515527,0.6048157504003029,1.1704699269158299,-0.039161573884775924
22.90023899078369,14.528187095305544,-0.8323056953134932,15.360492790619038,0.565654176515527,0.6048157504003029,1.1704699269158299,-0.039161573884775924
22.920263051986694,14.480077704737297,-0.8416258062507945,15.321703510988092,0.565654176515527,0.6048157504003029,1.1704699269158299,-0.039161573884775924
22.940221071243286,14.429846226291755,-0.8490818950006357,15.27892812129239,0.565654176515527,0.6048157504003029,1.1704699269158299,-0.039161573884775924
22.960153102874756,14.377415497169634,-0.8550467660005086,15.232462263170143,0.565654176515527,0.6048157504003029,1.1704699269158299,-0.039161573884775924
22.980138540267944,14.32258026639682,-0.8598186628004069,15.182398929197227,0.565654176515527,0.6048157504003029,1.1704699269158299,-0.039161573884775924
23.00014066696167,14.265438007919444,-0.8636361802403256,15.12907418815977,0.565654176515527,0.6048157504003029,1.1704699269158299,-0.039161573884775924
23.020270824432373,14.205655173473579,-0.8636361802403256,15.069291353713904,0.5404878735961391,0.6285954592924099,1.169083332888549,-0.08810758569627075
23.04020380973816,14.144218622157053,-0.8666901941922605,15.010908816349314,0.5404878735961391,0.6285954592924099,1.169083332888549,-0.08810758569627075
23.060248136520386,14.080201700840194,-0.8691334053538085,14.949335106194003,0.5404878735961391,0.6285954592924099,1.169083332888549,-0.08810758569627075
23.08028292655945,14.013983536004444,-0.8710879742830467,14.88507151028749,0.5404878735961391,0.6285954592924099,1.169083332888549,-0.08810758569627075
23.100218296051025,13.945889780699012,-0.8726516294264375,14.81854141012545,0.5404878735961391,0.6285954592924099,1.169083332888549,-0.08810758569627075
23.12017297744751,13.875538876564155,-0.87390255354115,14.749441430105305,0.5404878735961391,0.6285954592924099,1.169083332888549,-0.08810758569627075
23.14021325111389,13.802690986410033,-0.87490329283292,14.677594279242953,0.5639201227994635,0.6719047120015602,1.2358248348010237,-0.10798458920209675
23.160279989242554,13.727554172692345,-0.8757038842663362,14.603258056958682,0.5639201227994635,0.6719047120015602,1.2358248348010237,-0.10798458920209675
23.180306673049927,13.650391626580994,-0.8763443574130689,14.526735983994064,0.5639201227994635,0.6719047120015602,1.2358248348010237,-0.10798458920209675
23.20026159286499,13.571355864120783,-0.8768567359304552,14.448212600051237,0.5639201227994635,0.6719047120015602,1.2358248348010237,-0.10798458920209675
23.22029447555542,13.489865386021775,-0.8772666387443642,14.36713202476614,0.5639201227994635,0.6719047120015602,1.2358248348010237,-0.10798458920209675
23.240333080291748,13.406213500577364,-0.8772666387443642,14.283480139321728,0.5639201227994635,0.6719047120015602,1.2358248348010237,-0.10798458920209675
23.26036024093628,13.320486029623812,-0.8775945609954914,14.198080590619304,0.5639201227994635,0.6719047120015602,1.2358248348010237,-0.10798458920209675
23.280230283737183,13.233346654844707,-0.8778568987963931,14.1112035536411,0.5639201227994635,0.6719047120015602,1.2358248348010237,-0.10798458920209675
23.3002667427063,13.143388891755965,-0.8780667690371146,14.02145566079308,0.5726913644419982,0.6958485869865398,1.268539951428538,-0.12315722254454164
23.320252656936646,13.051582855723506,-0.8782346652296917,13.929817520953197,0.5726913644419982,0.6958485869865398,1.268539951428538,-0.12315722254454164
23.34020757675171,12.957865876975571,-0.8783689821837535,13.836234859159324,0.5726913644419982,0.6958485869865398,1.268539951428538,-0.12315722254454164
23.360173225402832,12.862059887097011,-0.8784764357470028,13.740536322844013,0.5726913644419982,0.6958485869865398,1.268539951428538,-0.12315722254454164
23.38018822669983,12.763985480561548,-0.8785623985976022,13.64254787915915,0.5539781937794759,0.7,1.2539781937794758,-0.14602180622052408
23.400311708450317,12.6633444968261,-0.8786311688780819,13.541975665704182,0.5539781937794759,0.7,1.2539781937794758,-0.14602180622052408
23.42034125328064,12.561162978475153,-0.8786861851024655,13.439849163577618,0.5539781937794759,0.7,1.2539781937794758,-0.14602180622052408
23.44019341468811,12.457923272674007,-0.8787301980819725,13.33665347075598,0.5539781937794759,0.7,1.2539781937794758,-0.14602180622052408
23.46015238761902,12.352174185092295,-0.878765408465578,13.230939593557872,0.5539781937794759,0.7,1.2539781937794758,-0.14602180622052408
23.480152368545532,12.244259287306157,-0.878765408465578,13.123024695771734,0.5539781937794759,0.7,1.2539781937794758,-0.14602180622052408
23.500314235687256,12.133513893371926,-0.8787935767724625,13.012307470144389,0.5142221862869336,0.6972444800660014,1.211466666352935,-0.18302229377906776
23.520211935043335,12.02231038670128,-0.8788161114179701,12.90112649811925,0.5142221862869336,0.6972444800660014,1.211466666352935,-0.18302229377906776
23.54015564918518,11.908964113936484,-0.8788341391343761,12.78779825307086,0.5142221862869336,0.6972444800660014,1.211466666352935,-0.18302229377906776
23.560160636901855,11.793391002829322,-0.8788485613075009,12.672239564136824,0.5142221862869336,0.6972444800660014,1.211466666352935,-0.18302229377906776
23.580162286758423,11.675974398404973,-0.8788600990460008,12.554834497450974,0.5142221862869336,0.6972444800660014,1.211466666352935,-0.18302229377906776
23.600168704986572,11.556685068076293,-0.8788693292368007,12.435554397313094,0.5142221862869336,0.6972444800660014,1.211466666352935,-0.18302229377906776
23.62028169631958,11.434919600821706,-0.8788767133894406,12.313796314211146,0.5266462250100448,0.7,1.2266462250100447,-0.1733537749899552
23.640195846557617,11.31255869262253,-0.8788826207115524,12.191441313334082,0.5266462250100448,0.7,1.2266462250100447,-0.1733537749899552
23.660167455673218,11.188065997831112,-0.8788873465692421,12.066953344400353,0.5266462250100448,0.7,1.2266462250100447,-0.1733537749899552
23.680152654647827,11.061725083755258,-0.8613130022553936,11.923038086010651,0.5266462250100448,0.7,1.2266462250100447,-0.1733537749899552
23.700223922729492,10.93308461982491,-0.8613130022553936,11.794397622080304,0.5266462250100448,0.7,1.2266462250100447,-0.1733537749899552
23.720253944396973,10.802975067084972,-0.864831651804315,11.667806718889286,0.5266462250100448,0.7,1.2266462250100447,-0.1733537749899552
23.74018430709839,10.67181454600233,-0.8676465714434519,11.539461117445782,0.5266462250100448,0.7,1.2266462250100447,-0.1733537749899552
23.760228157043457,10.538219402549107,-0.8698985071547616,11.408117909703869,0.5013736600475385,0.6724845122545957,1.1738581723021342,-0.17111085220705724
23.780197381973267,10.40345952979053,-0.8717000557238093,11.275159585514338,0.5013736600475385,0.6724845122545957,1.1738581723021342,-0.17111085220705724
23.80020499229431,10.266798131374612,-0.8731412945790474,11.13993942595366,0.5013736600475385,0.6724845122545957,1.1738581723021342,-0.17111085220705724
23.820164680480957,10.12884739046681,-0.874294285663238,11.003141676130047,0.5013736600475385,0.6724845122545957,1.1738581723021342,-0.17111085220705724
23.840125799179077,9.989293570606419,-0.8752166785305904,10.864510249137009,0.5013736600475385,0.6724845122545957,1.1738581723021342,-0.17111085220705724
23.860145330429077,9.84775319182035,-0.8759545928244723,10.723707784644823,0.5013736600475385,0.6724845122545957,1.1738581723021342,-0.17111085220705724
23.880130529403687,9.704901426005662,-0.8765449242595779,10.58144635026524,0.5013736600475385,0.6724845122545957,1.1738581723021342,-0.17111085220705724
23.90028667449951,9.559277884935554,-0.8765449242595779,10.435822809195132,0.5398841465311124,0.664796935673803,1.2046810822049154,-0.12491278914269066
23.92015767097473,9.414213567337045,-0.8770171894076623,10.291230756744707,0.5398841465311124,0.664796935673803,1.2046810822049154,-0.12491278914269066
23.940127849578857,9.266946725146008,-0.8598168765261299,10.126763601672138,0.5398841465311124,0.664796935673803,1.2046810822049154,-0.12491278914269066
23.960124015808105,9.118026404722995,-0.8460566262209039,9.964083030943899,0.5398841465311124,0.664796935673803,1.2046810822049154,-0.12491278914269066
23.981290578842163,8.958822003171829,-0.8350484259767232,9.793870429148551,0.5398841465311124,0.664796935673803,1.2046810822049154,-0.12491278914269066
24.000134229660034,8.815755277975901,-0.8438199907813786,9.65957526875728,0.5398841465311124,0.664796935673803,1.2046810822049154,-0.12491278914269066
24.020280599594116,8.661431534999709,-0.8508372426251029,9.512268777624811,0.47928929351735844,0.6760044352151453,1.1552937287325038,-0.19671514169778687
24.040164709091187,8.507755783298927,-0.8388729191000823,9.34662870239901,0.47928929351735844,0.6760044352151453,1.1552937287325038,-0.19671514169778687
24.060144186019897,8.352005498650774,-0.8468795852800659,9.19888508393084,0.47928929351735844,0.6760044352151453,1.1552937287325038,-0.19671514169778687
24.080209255218506,8.194263370802304,-0.8357067932240527,9.029970164026356,0.47928929351735844,0.6760044352151453,1.1552937287325038,-0.19671514169778687
24.100221872329712,8.03563627462434,-0.8267685595792422,8.862404834203582,0.47928929351735844,0.6760044352151453,1.1552937287325038,-0.19671514169778687
24.12015652656555,7.87636400032957,-0.8267685595792422,8.703132559908813,0.47928929351735844,0.6760044352151453,1.1552937287325038,-0.19671514169778687
24.140254020690918,7.71453991364511,-0.8196179726633939,8.534157886308504,0.47929188399291883,0.7,1.1792918839929187,-0.22070811600708112
24.160170078277588,7.552963155361089,-0.8138975031307152,8.366860658491804,0.47929188399291883,0.7,1.1792918839929187,-0.22070811600708112
24.180140733718872,7.389755896476338,-0.8093211275045722,8.19907702398091,0.47929188399291883,0.7,1.1792918839929187,-0.22070811600708112
24.200122117996216,7.225296518226646,-0.8056600270036578,8.030956545230303,0.47929188399291883,0.7,1.1792918839929187,-0.22070811600708112
24.220205783843994,7.058847748714628,-0.8027311466029262,7.861578895317554,0.47929188399291883,0.7,1.1792918839929187,-0.22070811600708112
24.240217208862305,6.891879700772197,-0.7300755422823411,7.621955243054538,0.47929188399291883,0.7,1.1792918839929187,-0.22070811600708112
24.26028800010681,6.723321944343641,-0.5840604338258729,7.307382378169514,0.5062665508565987,0.7,1.2062665508565986,-0.1937334491434013
24.280210733413696,6.554950119462989,-0.46724834706069834,7.022198466523687,0.5062665508565987,0.7,1.2062665508565986,-0.1937334491434013
24.300172805786133,6.385215683675783,-0.3562205526485587,6.741436236324342,0.5062665508565987,0.7,1.2062665508565986,-0.1937334491434013
24.320149183273315,6.214354061102413,-0.284976442118847,6.49933050322126,0.5062665508565987,0.7,1.2062665508565986,-0.1937334491434013
24.340306520462036,6.040952395041594,-0.284976442118847,6.325928837160441,0.5062665508565987,0.7,1.2062665508565986,-0.1937334491434013
24.360227823257446,5.868629035673177,-0.22798115369507757,6.0966101893682545,0.5062665508565987,0.7,1.2062665508565986,-0.1937334491434013
24.380146980285645,5.695404939270131,-0.18238492295606207,5.877789862226193,0.5062665508565987,0.7,1.2062665508565986,-0.1937334491434013
24.400194883346558,5.520160498402679,-0.14590793836484967,5.666068436767529,0.5091804673401201,0.6979311239439994,1.2071115912841195,-0.18875065660387924
24.420194149017334,5.344468495193697,-0.11672635069187973,5.461194845885577,0.5091804673401201,0.6979311239439994,1.2071115912841195,-0.18875065660387924
24.440197467803955,5.167896739442267,-0.09338108055350378,5.261277819995771,0.5091804673401201,0.6979311239439994,1.2071115912841195,-0.18875065660387924
24.460176706314087,4.99072266387788,-0.07470486444280303,5.065427528320683,0.5091804673401201,0.6979311239439994,1.2071115912841195,-0.18875065660387924
24.480140447616577,4.812900466081494,-0.05976389155424243,4.8726643576357365,0.5248886605230654,0.6876870561856776,1.212575716708743,-0.16279839566261223
24.500205039978027,4.6334170020387715,-0.047811113243393946,4.681228115282165,0.5248886605230654,0.6876870561856776,1.212575716708743,-0.16279839566261223
24.520148992538452,4.454282862721697,-0.03824889059471516,4.492531753316412,0.5248886605230654,0.6876870561856776,1.212575716708743,-0.16279839566261223
24.540153980255127,4.273897881740216,-0.03059911247577213,4.304496994215988,0.5362692053867066,0.6804267005529254,1.216695905939632,-0.14415749516621879
24.560138940811157,4.093019255108755,-0.03059911247577213,4.123618367584528,0.5362692053867066,0.6804267005529254,1.216695905939632,-0.14415749516621879
24.580133199691772,3.9114106622401974,-0.024479289980617703,3.935889952220815,0.5362692053867066,0.6804267005529254,1.216695905939632,-0.14415749516621879
24.600125789642334,3.7292000022759453,-0.037161556984494165,3.7663615592604396,0.5377769462037394,0.6910686265211552,1.2288455727248946,-0.1532916803174158
24.620135068893433,3.5462480608955023,-0.047307370587595335,3.5935554314830975,0.5377769462037394,0.6910686265211552,1.2288455727248946,-0.1532916803174158
24.640126943588257,3.362895464843212,-0.055424021470076267,3.418319486313288,0.5500636725890944,0.666954582137987,1.2170182547270814,-0.11689090954889259
24.660125732421875,3.1789485760270337,-0.06191734217606102,3.2408659182030948,0.5500636725890944,0.666954582137987,1.2170182547270814,-0.11689090954889259
24.68012547492981,2.9944909479327757,-0.06711199874084882,3.0616029466736245,0.5500636725890944,0.666954582137987,1.2170182547270814,-0.11689090954889259
24.700125694274902,2.809556052632146,-0.08884584899267907,2.898401901624825,0.5540458887088606,0.6613717149477452,1.2154176036566058,-0.10732582623888454
24.72012710571289,2.624166424185818,-0.10623292919414326,2.730399353379961,0.5540458887088606,0.6613717149477452,1.2154176036566058,-0.10732582623888454
24.740127086639404,2.4383756538770167,-0.12014259335531462,2.5585182472323313,0.5540458887088606,0.6613717149477452,1.2154176036566058,-0.10732582623888454
24.76012086868286,2.2522575973000105,-0.1312703246842517,2.383527921984262,0.5540458887088606,0.6613717149477452,1.2154176036566058,-0.10732582623888454
24.780118942260742,2.0657440428848943,-0.1312703246842517,2.197014367569146,0.5540458887088606,0.6613717149477452,1.2154176036566058,-0.10732582623888454
24.800255298614502,1.877611319607773,-0.1401725097474014,2.0177838293551744,0.552125817161941,0.6666514287237078,1.2187772458856487,-0.11452561156176677
24.820250272750854,1.6905020564930369,-0.1472942577979211,1.837796314290958,0.552125817161941,0.6666514287237078,1.2187772458856487,-0.11452561156176677
24.840275049209595,1.5028465109378724,-0.15299165623833688,1.6558381671762092,0.552125817161941,0.6666514287237078,1.2187772458856487,-0.11452561156176677
24.860190868377686,1.3159760019296822,-0.15754957499066952,1.4735255769203517,0.552125817161941,0.6666514287237078,1.2187772458856487,-0.11452561156176677
24.88013529777527,1.128630550179862,-0.16119590999253564,1.2898264601723977,0.552125817161941,0.6666514287237078,1.2187772458856487,-0.11452561156176677
24.900198459625244,0.9399910386018712,-0.16411297799402852,1.1041040165958997,0.5498072619055892,0.6997164013329893,1.2495236632385784,-0.14990913942740014
24.920236110687256,0.7514422842484836,-0.1664466323952228,0.9178889166437064,0.5498072619055892,0.6997164013329893,1.2495236632385784,-0.14990913942740014
24.940256595611572,0.5629360943556623,-0.16831355591617825,0.7312496502718405,0.5498072619055892,0.6997164013329893,1.2495236632385784,-0.14990913942740014
24.96029806137085,0.3741431499807161,-0.16980709473294262,0.5439502447136587,0.5498072619055892,0.6997164013329893,1.2495236632385784,-0.14990913942740014
24.980191230773926,0.1866884316131428,-0.1710019257863541,0.3576903573994969,0.5498072619055892,0.6997164013329893,1.2495236632385784,-0.14990913942740014
25.000159740447998,-0.0015055182512069094,-0.1710019257863541,0.1694964075351472,0.5441910258931602,0.6765587451402097,1.22074977103337,-0.1323677192470496
25.020214557647705,-0.19051259505966042,-0.17195779062908328,-0.018554804430577138,0.5441910258931602,0.6765587451402097,1.22074977103337,-0.1323677192470496
25.040174961090088,-0.3785998780326697,-0.17272248250326663,-0.20587739552940307,0.5441910258931602,0.6765587451402097,1.22074977103337,-0.1323677192470496
25.060168981552124,-0.5669442188721121,-0.1733342360026133,-0.3936099828694988,0.5441910258931602,0.6765587451402097,1.22074977103337,-0.1323677192470496
25.080180883407593,-0.7553674005600828,-0.17382363880209065,-0.5815437617579922,0.5441910258931602,0.6765587451402097,1.22074977103337,-0.1323677192470496
25.100159168243408,-0.9433549534249271,-0.17421516104167253,-0.7691397923832546,0.5441910258931602,0.6765587451402097,1.22074977103337,-0.1323677192470496
25.120205640792847,-1.13183468590532,-0.17452837883333802,-0.957306307071982,0.5441910258931602,0.6765587451402097,1.22074977103337,-0.1323677192470496
25.140209913253784,-1.3197386733888905,-0.17477895306667043,-1.1449597203222202,0.5588368007419193,0.6671053981874138,1.225942198929333,-0.10826859744549444
25.160277366638184,-1.5080266202301986,-0.17497941245333634,-1.3330472077768623,0.5588368007419193,0.6671053981874138,1.225942198929333,-0.10826859744549444
25.18030834197998,-1.695733230130739,-0.1751397799626691,-1.52059345016807,0.5588368007419193,0.6671053981874138,1.225942198929333,-0.10826859744549444
25.20025897026062,-1.8824199698289543,-0.17526807397013527,-1.707151895858819,0.5588368007419193,0.6671053981874138,1.225942198929333,-0.10826859744549444
25.22022271156311,-2.0689333255238243,-0.17537070917610822,-1.893562616347716,0.5588368007419193,0.6671053981874138,1.225942198929333,-0.10826859744549444
25.240175485610962,-2.2550189670029814,-0.17537070917610822,-2.0796482578268733,0.5588368007419193,0.6671053981874138,1.225942198929333,-0.10826859744549444
25.260149717330933,-2.440949732895005,-0.17545281734088658,-2.2654969155541185,0.5588368007419193,0.6671053981874138,1.225942198929333,-0.10826859744549444
25.28039526939392,-2.629013627007716,-0.17551850387270929,-2.453495123135007,0.5680200101313675,0.6571818832773715,1.225201893408739,-0.08916187314600399
25.300305128097534,-2.8135444939857264,-0.17557105309816745,-2.637973440887559,0.5680200101313675,0.6571818832773715,1.225201893408739,-0.08916187314600399
25.320286750793457,-2.9982977786573235,-0.17561309247853396,-2.8226846861787895,0.5680200101313675,0.6571818832773715,1.225201893408739,-0.08916187314600399
25.340240240097046,-3.182319352432624,-0.17564672398282719,-3.006672628449797,0.5680200101313675,0.6571818832773715,1.225201893408739,-0.08916187314600399
25.360190868377686,-3.3658144587176952,-0.17567362918626175,-3.1901408295314333,0.5680200101313675,0.6571818832773715,1.225201893408739,-0.08916187314600399
25.38016653060913,-3.549009925555515,-0.17569515334900943,-3.3733147722065056,0.5667827168916846,0.6399955526459962,1.2067782695376807,-0.07321283575431159
25.400218963623047,-3.732347121278382,-0.17571237267920756,-3.5566347485991745,0.5667827168916846,0.6399955526459962,1.2067782695376807,-0.07321283575431159
25.42029309272766,-3.9152892343966457,-0.17572614814336604,-3.7395630862532796,0.5667827168916846,0.6399955526459962,1.2067782695376807,-0.07321283575431159
25.440247297286987,-4.09652120240411,-0.17572614814336604,-3.9207950542607444,0.5667827168916846,0.6399955526459962,1.2067782695376807,-0.07321283575431159
25.460195064544678,-4.277051089752871,-0.17573716851469284,-4.101313921238178,0.5667827168916846,0.6399955526459962,1.2067782695376807,-0.07321283575431159
25.48016047477722,-4.457067875518249,-0.17574598481175427,-4.281321890706495,0.5667827168916846,0.6399955526459962,1.2067782695376807,-0.07321283575431159
25.50018310546875,-4.636896150171265,-0.1757530378494034,-4.461143112321862,0.5667827168916846,0.6399955526459962,1.2067782695376807,-0.07321283575431159
25.520171880722046,-4.815688359225157,-0.17575868027952274,-4.639929678945634,0.58017762959651,0.6301184064242988,1.2102960360208088,-0.04994077682778886
25.540317058563232,-4.995110919268243,-0.1757631942236182,-4.819347725044625,0.58017762959651,0.6301184064242988,1.2102960360208088,-0.04994077682778886
25.560234308242798,-5.171716800534183,-0.17576680537889458,-4.995949995155288,0.58017762959651,0.6301184064242988,1.2102960360208088,-0.04994077682778886
25.580164670944214,-5.347628218532877,-0.17576969430311568,-5.171858524229762,0.58017762959651,0.6301184064242988,1.2102960360208088,-0.04994077682778886
25.60020613670349,-5.523674606881823,-0.17577200544249255,-5.34790260143933,0.58017762959651,0.6301184064242988,1.2102960360208088,-0.04994077682778886
25.62017035484314,-5.6981716639790925,-0.17577385435399404,-5.522397809625098,0.58017762959651,0.6301184064242988,1.2102960360208088,-0.04994077682778886
25.64020276069641,-5.872363494546206,-0.17577533348319524,-5.69658816106301,0.58017762959651,0.6301184064242988,1.2102960360208088,-0.04994077682778886
25.66017723083496,-6.0451252816350385,-0.17577533348319524,-5.869349948151843,0.58017762959651,0.6301184064242988,1.2102960360208088,-0.04994077682778886
25.680283069610596,-6.218061659378245,-0.1757765167865562,-6.042285142591688,0.6118607243960286,0.6250822968315333,1.2369430212275618,-0.013221572435504703
25.700212478637695,-6.388501290619407,-0.17577746342924497,-6.212723827190162,0.6118607243960286,0.6250822968315333,1.2369430212275618,-0.013221572435504703
25.720224618911743,-6.558640460417668,-0.175778220743396,-6.382862239674272,0.6118607243960286,0.6250822968315333,1.2369430212275618,-0.013221572435504703
25.740166187286377,-6.727148209084782,-0.1757788265947168,-6.551369382490066,0.6118607243960286,0.6250822968315333,1.2369430212275618,-0.013221572435504703
25.760202884674072,-6.895396097203667,-0.17577931127577345,-6.719616785927894,0.6118607243960286,0.6250822968315333,1.2369430212275618,-0.013221572435504703
25.780207872390747,-7.062287464102627,-0.17577969902061877,-6.886507765082008,0.6118607243960286,0.6250822968315333,1.2369430212275618,-0.013221572435504703
25.800204277038574,-7.227992175219034,-0.17578000921649503,-7.05221216600254,0.6118607243960286,0.6250822968315333,1.2369430212275618,-0.013221572435504703
25.820189237594604,-7.392462063117063,-0.17578025737319602,-7.216681805743867,0.6118607243960286,0.6250822968315333,1.2369430212275618,-0.013221572435504703
25.84020161628723,-7.555989581467252,-0.17578045589855681,-7.380209125568696,0.6081979437702829,0.5846661977004259,1.1928641414707088,0.023531746069856974
25.86023259162903,-7.718472729470183,-0.17578061471884548,-7.542692114751338,0.6081979437702829,0.5846661977004259,1.1928641414707088,0.023531746069856974
25.8802227973938,-7.879406304026961,-0.17578061471884548,-7.703625689308116,0.6081979437702829,0.5846661977004259,1.1928641414707088,0.023531746069856974
25.900184154510498,-8.038867299404652,-0.17578074177507638,-7.863086557629575,0.6081979437702829,0.5846661977004259,1.1928641414707088,0.023531746069856974
25.920204639434814,-8.197530457874848,-0.19335896842006112,-8.004171489454787,0.6081979437702829,0.5846661977004259,1.1928641414707088,0.023531746069856974
25.940194129943848,-8.354653869697561,-0.1898434247360489,-8.164810444961512,0.626554062121504,0.5367027200292795,1.1632567821507835,0.08985134209222445
25.960253715515137,-8.511003370128929,-0.18703098978883914,-8.32397238034009,0.626554062121504,0.5367027200292795,1.1632567821507835,0.08985134209222445
25.980242013931274,-8.665452461863476,-0.18478104183107133,-8.480671420032404,0.626554062121504,0.5367027200292795,1.1632567821507835,0.08985134209222445
26.000221729278564,-8.818469341449916,-0.18298108346485709,-8.63548825798506,0.626554062121504,0.5367027200292795,1.1632567821507835,0.08985134209222445
26.020249366760254,-8.970458499615582,-0.18154111677188567,-8.788917382843696,0.626554062121504,0.5367027200292795,1.1632567821507835,0.08985134209222445
26.040217638015747,-9.120583005299533,-0.19796726841750853,-8.922615736882024,0.626554062121504,0.5367027200292795,1.1632567821507835,0.08985134209222445
26.060190439224243,-9.269305397755122,-0.21110818973400683,-9.058197208021115,0.626554062121504,0.5367027200292795,1.1632567821507835,0.08985134209222445
26.08019781112671,-9.416821654102174,-0.27435530178720546,-9.142466352314969,0.6246571815544302,0.5049295216333121,1.1295867031877422,0.11972765992111811
26.10022807121277,-9.563015982093427,-0.27435530178720546,-9.288660680306222,0.6246571815544302,0.5049295216333121,1.1295867031877422,0.11972765992111811
26.12020468711853,-9.707310194481305,-0.32495299142976436,-9.38235720305154,0.6246571815544302,0.5049295216333121,1.1295867031877422,0.11972765992111811
26.140201330184937,-9.850217443669328,-0.36543114314381153,-9.484786300525517,0.6246571815544302,0.5049295216333121,1.1295867031877422,0.11972765992111811
26.16020393371582,-9.99161165074968,-0.39781366451504924,-9.593797986234632,0.6246571815544302,0.5049295216333121,1.1295867031877422,0.11972765992111811
26.180198192596436,-10.13136965966584,-0.4237196816120394,-9.7076499780538,0.6246571815544302,0.5049295216333121,1.1295867031877422,0.11972765992111811
26.200181245803833,-10.2694517476169,-0.4620226202896315,-9.807429127327268,0.6190296327666873,0.4745208709966391,1.0935505037633264,0.14450876177004823
26.22035050392151,-10.407178819270682,-0.5629774712317053,-9.844201348038975,0.6190296327666873,0.4745208709966391,1.0935505037633264,0.14450876177004823
26.24038004875183,-10.542297878387695,-0.6964757269853642,-9.84582215140233,0.6190296327666873,0.4745208709966391,1.0935505037633264,0.14450876177004823
26.26020050048828,-10.674362851825975,-0.8032743315882914,-9.871088520237684,0.6190296327666873,0.4745208709966391,1.0935505037633264,0.14450876177004823
26.280200719833374,-10.805947498998869,-0.9238694652706333,-9.882078033728236,0.6190296327666873,0.4745208709966391,1.0935505037633264,0.14450876177004823
26.300203323364258,-10.93584110434841,-1.1082361972165067,-9.827604907131905,0.6190296327666873,0.4745208709966391,1.0935505037633264,0.14450876177004823
26.320202112197876,-11.063983087367651,-1.1082361972165067,-9.955746890151145,0.6190296327666873,0.4745208709966391,1.0935505037633264,0.14450876177004823
26.34019374847412,-11.190333260329306,-1.2908858327732053,-9.899447427556101,0.6190296327666873,0.4745208709966391,1.0935505037633264,0.14450876177004823
26.360190629959106,-11.314950281422544,-1.4370055412185643,-9.87794474020398,0.6190296327666873,0.4745208709966391,1.0935505037633264,0.14450876177004823
26.38019561767578,-11.437830525550421,-1.5539013079748514,-9.88392921757557,0.6190296327666873,0.4745208709966391,1.0935505037633264,0.14450876177004823
26.40031909942627,-11.559615424516029,-1.647417921379881,-9.912197503136147,0.6153752964427257,0.43774073715321715,1.0531160335959429,0.17763455928950855
26.42028021812439,-11.678592071378073,-1.7222312121039047,-9.956360859274168,0.6153752964427257,0.43774073715321715,1.0531160335959429,0.17763455928950855
26.440316200256348,-11.796167543331602,-1.782081844683124,-10.01408569864848,0.6153752964427257,0.43774073715321715,1.0531160335959429,0.17763455928950855
26.460344314575195,-11.91182848856481,-1.8299623507464993,-10.081866137818311,0.6153752964427257,0.43774073715321715,1.0531160335959429,0.17763455928950855
26.480305910110474,-12.025228391656466,-1.8682667555971995,-10.156961636059266,0.6153752964427257,0.43774073715321715,1.0531160335959429,0.17763455928950855
26.500452756881714,-12.137762582453743,-1.8989102794777595,-10.238852302975983,0.6153752964427257,0.43774073715321715,1.0531160335959429,0.17763455928950855
26.52030372619629,-12.246741869647442,-1.923425098582208,-10.323316771065235,0.6153752964427257,0.43774073715321715,1.0531160335959429,0.17763455928950855
26.540265560150146,-12.354408578968204,-1.923425098582208,-10.430983480385997,0.6153752964427257,0.43774073715321715,1.0531160335959429,0.17763455928950855
26.560217142105103,-12.460078026905755,-1.9957713288657664,-10.464306698039989,0.6153752964427257,0.43774073715321715,1.0531160335959429,0.17763455928950855
26.58017349243164,-12.563813950490665,-2.141538938092613,-10.422275012398053,0.6210282400687719,0.4222152890171855,1.0432435290859574,0.19881295105158636
26.600301027297974,-12.666438858456777,-2.2757311504740905,-10.390707707982687,0.6210282400687719,0.4222152890171855,1.0432435290859574,0.19881295105158636
26.620330333709717,-12.766551989618229,-2.3830849203792726,-10.383467069238957,0.6210282400687719,0.4222152890171855,1.0432435290859574,0.19881295105158636
26.640257835388184,-12.864149783411833,-2.468967936303418,-10.395181847108415,0.6210282400687719,0.4222152890171855,1.0432435290859574,0.19881295105158636
26.66018509864807,-12.959729747804664,-2.5376743490427347,-10.422055398761929,0.6210282400687719,0.4222152890171855,1.0432435290859574,0.19881295105158636
26.68013095855713,-13.053364427198751,-2.592639479234188,-10.460724947964563,0.6210282400687719,0.4222152890171855,1.0432435290859574,0.19881295105158636
26.70012140274048,-13.14515138201811,-2.6366115833873502,-10.50853979863076,0.6210282400687719,0.4222152890171855,1.0432435290859574,0.19881295105158636
26.720133304595947,-13.234959726620698,-2.6717892667098804,-10.563170459910818,0.6210282400687719,0.4222152890171855,1.0432435290859574,0.19881295105158636
26.740166664123535,-13.322768554499302,-2.7350876633679047,-10.587680891131397,0.6210282400687719,0.4222152890171855,1.0432435290859574,0.19881295105158636
26.760281324386597,-13.408810004977488,-2.7350876633679047,-10.673722341609583,0.6158024903824115,0.39148800498805936,1.0072904953704709,0.22431448539435217
26.78026294708252,-13.492161857468847,-2.820882630694324,-10.671279226774523,0.6158024903824115,0.39148800498805936,1.0072904953704709,0.22431448539435217
26.800201177597046,-13.57321297916579,-2.8895186045554593,-10.683694374610331,0.6158024903824115,0.39148800498805936,1.0072904953704709,0.22431448539435217
26.820194482803345,-13.652348991070033,-2.9444273836443675,-10.707921607425666,0.6158024903824115,0.39148800498805936,1.0072904953704709,0.22431448539435217
26.840187788009644,-13.729330581851555,-2.988354406915494,-10.74097617493606,0.6158024903824115,0.39148800498805936,1.0072904953704709,0.22431448539435217
26.86020851135254,-13.80424670906548,-3.0410741505323955,-10.763172558533084,0.6158024903824115,0.39148800498805936,1.0072904953704709,0.22431448539435217
26.880190134048462,-13.876838556693757,-3.153562445425917,-10.72327611126784,0.6158024903824115,0.39148800498805936,1.0072904953704709,0.22431448539435217
26.900202751159668,-13.947350618714312,-3.3490218313407336,-10.598328787373578,0.6158024903824115,0.39148800498805936,1.0072904953704709,0.22431448539435217
26.920217752456665,-14.015665458564282,-3.540545590072587,-10.475119868491696,0.6158024903824115,0.39148800498805936,1.0072904953704709,0.22431448539435217
26.940192937850952,-14.081634458793065,-3.69376459705807,-10.387869861734995,0.6336957041611457,0.389655820839107,1.0233515250002527,0.24403988332203874
26.96031928062439,-14.145859257357904,-3.8163398026464566,-10.329519454711447,0.6336957041611457,0.389655820839107,1.0233515250002527,0.24403988332203874
26.980279445648193,-14.207319629350852,-3.8163398026464566,-10.390979826704395,0.6336957041611457,0.389655820839107,1.0233515250002527,0.24403988332203874
27.000245809555054,-14.26656347409551,-3.9143999671171654,-10.352163506978343,0.6336957041611457,0.389655820839107,1.0233515250002527,0.24403988332203874
27.020267963409424,-14.32371814540563,-3.9928480986937323,-10.330870046711897,0.6336957041611457,0.389655820839107,1.0233515250002527,0.24403988332203874
27.04024648666382,-14.378488785969349,-4.055606603954986,-10.322882182014364,0.6336957041611457,0.389655820839107,1.0233515250002527,0.24403988332203874
27.060187578201294,-14.430897520624443,-4.105813408163988,-10.325084112460456,0.6336957041611457,0.389655820839107,1.0233515250002527,0.24403988332203874
27.080349445343018,-14.481583300543516,-4.145978851531191,-10.335604449012326,0.6370004562167013,0.35827633719891305,0.9952767934156144,0.27872411901778826
27.100339889526367,-14.529543734649927,-4.178111206224952,-10.351432528424976,0.6370004562167013,0.35827633719891305,0.9952767934156144,0.27872411901778826
27.12026596069336,-14.575068603450259,-4.203817089979962,-10.371251513470297,0.6370004562167013,0.35827633719891305,0.9952767934156144,0.27872411901778826
27.140249013900757,-14.618429254086415,-4.22438179698397,-10.394047457102445,0.6370004562167013,0.35827633719891305,0.9952767934156144,0.27872411901778826
27.160311460494995,-14.659643908244732,-4.240833562587176,-10.418810345657555,0.6370004562167013,0.35827633719891305,0.9952767934156144,0.27872411901778826
27.180280685424805,-14.69835386953342,-4.341885600069741,-10.35646826946368,0.6370004562167013,0.35827633719891305,0.9952767934156144,0.27872411901778826
27.200201272964478,-14.734664096653084,-4.341885600069741,-10.392778496583343,0.6370004562167013,0.35827633719891305,0.9952767934156144,0.27872411901778826
27.2202091217041,-14.768809847883263,-4.528195980055792,-10.24061386782747,0.6650619839755381,0.35940814733039583,1.024470131305934,0.30565383664514223
27.240216732025146,-14.80062123689085,-4.782713034044634,-10.017908202846215,0.6650619839755381,0.35940814733039583,1.024470131305934,0.30565383664514223
27.26032280921936,-14.830232913141934,-5.0566391772357075,-9.773593735906227,0.6650619839755381,0.35940814733039583,1.024470131305934,0.30565383664514223
27.28030037879944,-14.857311205636668,-5.310936341788566,-9.5463748638481,0.6650619839755381,0.35940814733039583,1.024470131305934,0.30565383664514223
27.30020546913147,-14.881963103625814,-5.5143740734308535,-9.36758903019496,0.6650619839755381,0.35940814733039583,1.024470131305934,0.30565383664514223
27.320172548294067,-14.904353100575333,-5.677124258744683,-9.227228841830652,0.6650619839755381,0.35940814733039583,1.024470131305934,0.30565383664514223
27.340171098709106,-14.924427008501544,-5.807324406995747,-9.117102601505797,0.6717153692123974,0.34921671792399134,1.0209320871363887,0.32249865128840605
27.36021399497986,-14.942181185221079,-5.911484525596597,-9.030696659624482,0.6717153692123974,0.34921671792399134,1.0209320871363887,0.32249865128840605
27.38030767440796,-14.957601654298674,-6.012390745477279,-8.945210908821394,0.6717153692123974,0.34921671792399134,1.0209320871363887,0.32249865128840605
27.400205612182617,-14.970522480051404,-6.093115721381824,-8.87740675866958,0.6717153692123974,0.34921671792399134,1.0209320871363887,0.32249865128840605
27.420207023620605,-14.98115225663517,-6.093115721381824,-8.888036535253345,0.6717153692123974,0.34921671792399134,1.0209320871363887,0.32249865128840605
27.440197944641113,-14.98941228789031,-6.175273827105459,-8.814138460784852,0.6717153692123974,0.34921671792399134,1.0209320871363887,0.32249865128840605
27.46018385887146,-14.995306285350283,-6.276156561684368,-8.719149723665915,0.6579188189906562,0.35289183112327005,1.0108106501139262,0.30502698786738613
27.480230808258057,-14.998842840451141,-6.392018999347494,-8.606823841103648,0.6579188189906562,0.35289183112327005,1.0108106501139262,0.30502698786738613
27.500203371047974,-14.99999987753859,-6.502287074477995,-8.497712803060594,0.6579188189906562,0.35289183112327005,1.0108106501139262,0.30502698786738613
27.520273685455322,-14.998783028140865,-6.625657784582397,-8.37312524355847,0.6579188189906562,0.35289183112327005,1.0108106501139262,0.30502698786738613
27.540209531784058,-14.995213082622678,-6.741932477665918,-8.25328060495676,0.6639705833484912,0.34581501029897477,1.009785593647466,0.31815557304951647
27.560213565826416,-14.989266091462953,-6.834952232132735,-8.15431385933022,0.6639705833484912,0.34581501029897477,1.009785593647466,0.31815557304951647
27.58020567893982,-14.98095682646968,-6.909368035706188,-8.071588790763492,0.6639705833484912,0.34581501029897477,1.009785593647466,0.31815557304951647
27.600192308425903,-14.970287011569907,-6.968900678564951,-8.001386333004955,0.6639705833484912,0.34581501029897477,1.009785593647466,0.31815557304951647
27.620180368423462,-14.957255357384533,-7.016526792851962,-7.940728564532571,0.6639705833484912,0.34581501029897477,1.009785593647466,0.31815557304951647
27.64017677307129,-14.94185768076413,-7.016526792851962,-7.925330887912168,0.652514717771628,0.3536098654614761,1.006124583233104,0.29890485231015185
27.660197257995605,-14.92407855634199,-7.05462768428157,-7.869450872060421,0.652514717771628,0.3536098654614761,1.006124583233104,0.29890485231015185
27.68020725250244,-14.903949088061092,-7.085108397425257,-7.8188406906358345,0.652514717771628,0.3536098654614761,1.006124583233104,0.29890485231015185
27.700157165527344,-14.881534797280366,-7.109492967940206,-7.772041829340161,0.652514717771628,0.3536098654614761,1.006124583233104,0.29890485231015185
27.72015881538391,-14.856715067012228,-7.129000624352165,-7.727714442660063,0.6537897334172884,0.3590438882121816,1.01283362162947,0.2947458452051068
27.740155935287476,-14.829555320032473,-7.144606749481733,-7.684948570550739,0.6537897334172884,0.3590438882121816,1.01283362162947,0.2947458452051068
27.760154008865356,-14.800053026083878,-7.157091649585387,-7.642961376498492,0.6537897334172884,0.3590438882121816,1.01283362162947,0.2947458452051068
27.780161142349243,-14.768199129319353,-7.167079569668309,-7.6011195596510435,0.6319323916658321,0.37007717455271627,1.0020095662185484,0.2618552171131159
27.800272703170776,-14.733826943400958,-7.175069905734648,-7.55875703766631,0.6319323916658321,0.37007717455271627,1.0020095662185484,0.2618552171131159
27.820176362991333,-14.697493741183075,-7.181462174587719,-7.516031566595356,0.6319323916658321,0.37007717455271627,1.0020095662185484,0.2618552171131159
27.84013533592224,-14.65875138312062,-7.186575989670175,-7.472175393450446,0.6319323916658321,0.37007717455271627,1.0020095662185484,0.2618552171131159
27.86013674736023,-14.617613994655494,-7.186575989670175,-7.43103800498532,0.6319323916658321,0.37007717455271627,1.0020095662185484,0.2618552171131159
27.88012957572937,-14.574187127526598,-7.19066704173614,-7.383520085790457,0.6319323916658321,0.37007717455271627,1.0020095662185484,0.2618552171131159
27.900134563446045,-14.528431968875626,-7.1939398833889125,-7.334492085486714,0.6319323916658321,0.37007717455271627,1.0020095662185484,0.2618552171131159
27.92014169692993,-14.480376181162583,-7.19655815671113,-7.283818024451453,0.6319323916658321,0.37007717455271627,1.0020095662185484,0.2618552171131159
27.940134525299072,-14.43006895437955,-7.198652775368903,-7.231416179010647,0.6319323916658321,0.37007717455271627,1.0020095662185484,0.2618552171131159
27.960266828536987,-14.377109866840716,-7.200328470295123,-7.176781396545593,0.620232636921064,0.3642170279519632,0.9844496648730272,0.2560156089691008
27.9802029132843,-14.322399988714805,-7.2016690262360985,-7.1207309624787065,0.620232636921064,0.3642170279519632,0.9844496648730272,0.2560156089691008
28.000210762023926,-14.265233792533836,-7.202741470988879,-7.0624923215449575,0.620232636921064,0.3642170279519632,0.9844496648730272,0.2560156089691008
28.02031445503235,-14.2055231270563,-7.2035994267911025,-7.001923700265197,0.620232636921064,0.3642170279519632,0.9844496648730272,0.2560156089691008
28.040169715881348,-14.14432560162916,-7.204285791432882,-6.940039810196277,0.620232636921064,0.3642170279519632,0.9844496648730272,0.2560156089691008
28.060171127319336,-14.080451930559283,-7.204834883146306,-6.875617047412977,0.6245228311717073,0.3855328521924093,1.0100556833641166,0.23898997897929797
28.08031415939331,-14.013878570115585,-7.204834883146306,-6.809043686969279,0.6245228311717073,0.3855328521924093,1.0100556833641166,0.23898997897929797
28.100295543670654,-13.945621661418134,-7.205274156517045,-6.740347504901089,0.6245228311717073,0.3855328521924093,1.0100556833641166,0.23898997897929797
28.12027144432068,-13.875186310912358,-7.205625575213635,-6.669560735698723,0.6245228311717073,0.3855328521924093,1.0100556833641166,0.23898997897929797
28.140121459960938,-13.803029651876802,-7.2059067101709084,-6.597122941705893,0.6388595820143381,0.3786055742995813,1.0174651563139194,0.2602540077147568
28.16026473045349,-13.727612137471802,-7.206131618136727,-6.521480519335075,0.6388595820143381,0.3786055742995813,1.0174651563139194,0.2602540077147568
28.180211067199707,-13.650765138842964,-7.206311544509382,-6.444453594333582,0.6388595820143381,0.3786055742995813,1.0174651563139194,0.2602540077147568
28.200148105621338,-13.571811398837497,-7.206455485607505,-6.365355913229991,0.6388595820143381,0.3786055742995813,1.0174651563139194,0.2602540077147568
28.220149993896484,-13.490460780871318,-7.206570638486004,-6.283890142385315,0.6388595820143381,0.3786055742995813,1.0174651563139194,0.2602540077147568
28.240137815475464,-13.407038915896917,-7.206662760788803,-6.200376155108114,0.6388595820143381,0.3786055742995813,1.0174651563139194,0.2602540077147568
28.26014494895935,-13.321418839503094,-7.206736458631044,-6.1146823808720505,0.6388595820143381,0.3786055742995813,1.0174651563139194,0.2602540077147568
28.280266761779785,-13.233184780668834,-7.206795416904836,-6.0263893637639985,0.6508789992630044,0.3956255856202915,1.046504584883296,0.2552534136427129
28.300237894058228,-13.143519914546662,-7.206795416904836,-5.936724497641826,0.6508789992630044,0.3956255856202915,1.046504584883296,0.2552534136427129
28.320271015167236,-13.051497578163065,-7.206842583523868,-5.844654994639197,0.6508789992630044,0.3956255856202915,1.046504584883296,0.2552534136427129
28.34019422531128,-12.957929263801695,-7.206880316819095,-5.7510489469826,0.6508789992630044,0.3956255856202915,1.046504584883296,0.2552534136427129
28.360135078430176,-12.862244871729553,-7.206910503455275,-5.655334368274278,0.6508789992630044,0.3956255856202915,1.046504584883296,0.2552534136427129
28.38011646270752,-12.764340742606377,-7.20693465276422,-5.557406089842157,0.6508789992630044,0.3956255856202915,1.046504584883296,0.2552534136427129
28.40012764930725,-12.664274206594486,-7.206953972211377,-5.4573202343831095,0.6508789992630044,0.3956255856202915,1.046504584883296,0.2552534136427129
28.42025399208069,-12.561612471510323,-7.206969427769103,-5.35464304374122,0.638705794580237,0.39463685329537834,1.0333426478756154,0.24406894128485868
28.440160512924194,-12.458095983884174,-7.206981792215282,-5.251114191668893,0.638705794580237,0.39463685329537834,1.0333426478756154,0.24406894128485868
28.460158586502075,-12.352141038783483,-7.206991683772227,-5.145149355011256,0.638705794580237,0.39463685329537834,1.0333426478756154,0.24406894128485868
28.480138778686523,-12.244333273191977,-7.206999597017782,-5.037333676174195,0.638705794580237,0.39463685329537834,1.0333426478756154,0.24406894128485868
28.500128030776978,-12.1345456184403,-7.207005927614227,-4.927539690826074,0.638705794580237,0.39463685329537834,1.0333426478756154,0.24406894128485868
28.520127773284912,-12.022784716305306,-7.207005927614227,-4.8157787886910794,0.638705794580237,0.39463685329537834,1.0333426478756154,0.24406894128485868
28.540289640426636,-11.908196256378798,-7.207010992091381,-4.701185264287417,0.6588982519432465,0.38326960585545744,1.042167857798704,0.27562864608778903
28.56023931503296,-11.792932771893502,-7.207015043673104,-4.585917728220398,0.6588982519432465,0.38326960585545744,1.042167857798704,0.27562864608778903
28.580257654190063,-11.675410126517002,-7.207018284938484,-4.468391841578518,0.6588982519432465,0.38326960585545744,1.042167857798704,0.27562864608778903
28.60024619102478,-11.55621949119631,-7.207020877950788,-4.349198613245523,0.6588982519432465,0.38326960585545744,1.042167857798704,0.27562864608778903
28.620176315307617,-11.435562360992982,-7.2070229523606315,-4.228539408632351,0.6588982519432465,0.38326960585545744,1.042167857798704,0.27562864608778903
28.640138864517212,-11.312911350049859,-7.207024611888506,-4.105886738161353,0.6500550982281128,0.3676040951861068,1.0176591934142196,0.282451003042006
28.66020703315735,-11.187817536677048,-7.207025939510805,-3.9807915971662435,0.6500550982281128,0.3676040951861068,1.0176591934142196,0.282451003042006
28.68017339706421,-11.061593046374494,-7.207027001608644,-3.85456604476585,0.6500550982281128,0.3676040951861068,1.0176591934142196,0.282451003042006
28.700136423110962,-10.933649209556132,-7.207027851286916,-3.726621358269216,0.671969442509071,0.3666122546885162,1.0385816971975872,0.30535718782055477
28.720128774642944,-10.803793470068317,-7.207028531029533,-3.596764939038785,0.671969442509071,0.3666122546885162,1.0385816971975872,0.30535718782055477
28.74012064933777,-10.672236148956923,-7.207028531029533,-3.4652076179273905,0.671969442509071,0.3666122546885162,1.0385816971975872,0.30535718782055477
28.76012921333313,-10.538882999137911,-7.207029074823626,-3.3318539243142853,0.6776413348242203,0.3766288897488266,1.0542702245730469,0.3010124450753937
28.780126810073853,-10.40393867194441,-7.207029509858901,-3.1969091620855083,0.6776413348242203,0.3766288897488266,1.0542702245730469,0.3010124450753937
28.80012345314026,-10.267358389603537,-7.207029857887122,-3.060328531716415,0.6774900297867861,0.36539502167142923,1.0428850514582153,0.31209500811535684
28.82013201713562,-10.129074449405355,-7.207030136309697,-2.9220443130956575,0.6774900297867861,0.36539502167142923,1.0428850514582153,0.31209500811535684
28.840131282806396,-9.98925501611875,-7.207030359047758,-2.7822246570709925,0.6774900297867861,0.36539502167142923,1.0428850514582153,0.31209500811535684
28.860122442245483,-9.847915907861925,-7.207030537238207,-2.6408853706237174,0.6758256024448928,0.35039617405273016,1.026221776497623,0.3254294283921626
28.88012981414795,-9.704906566083828,-7.2070306797905666,-2.4978758862932615,0.6758256024448928,0.35039617405273016,1.026221776497623,0.3254294283921626
28.900126934051514,-9.560438031373375,-7.207030793832454,-2.353407237540921,0.6925433306722697,0.3583935061935335,1.0509368368658032,0.3341498244787362
28.920122861862183,-9.41446897417705,-7.207030885065963,-2.2074380891110863,0.6925433306722697,0.3583935061935335,1.0509368368658032,0.3341498244787362
28.9401273727417,-9.26695025901516,-7.207030958052771,-2.059919300962388,0.6925433306722697,0.3583935061935335,1.0509368368658032,0.3341498244787362
28.96012592315674,-9.11801213082568,-7.207030958052771,-1.9109811727729085,0.7,0.3678701902274042,1.0678701902274041,0.33212980977259576
28.980135679244995,-8.967549712091147,-7.207031016442218,-1.760518695648929,0.7,0.3678701902274042,1.0678701902274041,0.33212980977259576
29.000131607055664,-8.81577527603753,-7.207031063153774,-1.6087442128837548,0.7,0.3678701902274042,1.0678701902274041,0.33212980977259576
29.020121335983276,-8.662656989406551,-7.207031100523019,-1.4556258888835325,0.7,0.35126234502531584,1.0512623450253158,0.3487376549746841
29.04012370109558,-8.508074091308337,-7.207031130418415,-1.301042960889922,0.7,0.35126234502531584,1.0512623450253158,0.3487376549746841
29.060129165649414,-8.352123087612975,-7.207031154334733,-1.145091933278242,0.7,0.37957873106934126,1.0795787310693412,0.3204212689306587
29.08012890815735,-8.194897635553042,-7.2070311734677865,-0.9878664620852557,0.7,0.37957873106934126,1.0795787310693412,0.3204212689306587
29.100135326385498,-8.036325021950457,-7.20703118877423,-0.8292938331762274,0.7,0.37957873106934126,1.0795787310693412,0.3204212689306587
29.120145082473755,-7.876455792279774,-7.207031201019384,-0.6694245912603902,0.7,0.36905281902290876,1.0690528190229087,0.3309471809770912
29.140137195587158,-7.715484163547137,-7.207031210815507,-0.5084529527316297,0.7,0.36905281902290876,1.0690528190229087,0.3309471809770912
29.160144805908203,-7.553168942095687,-7.207031218652406,-0.346137723443281,0.7,0.36905281902290876,1.0690528190229087,0.3309471809770912
29.180137395858765,-7.38978327258491,-7.207031218652406,-0.1827520539325036,0.7,0.3911381112877279,1.0911381112877279,0.30886188871227205
29.200148105621338,-7.225081876521526,-7.207031224921925,-0.01805065159960062,0.7,0.3911381112877279,1.0911381112877279,0.30886188871227205
29.220137119293213,-7.059418754656743,-7.207031229937541,0.14761247528079746,0.7,0.3911381112877279,1.0911381112877279,0.30886188871227205
29.240150451660156,-6.892438524581778,-7.207031233950033,0.314592709368255,0.7,0.40399304036982353,1.1039930403698235,0.2960069596301764
29.26015877723694,-6.724410627640845,-7.207031237160027,0.4826206095191825,0.7,0.40399304036982353,1.1039930403698235,0.2960069596301764
29.280139923095703,-6.555550389049408,-7.207031239728021,0.6514808506786132,0.7,0.40399304036982353,1.1039930403698235,0.2960069596301764
29.30013632774353,-6.38552677512559,-7.207031241782418,0.8215044666568279,0.7,0.41719894395209844,1.1171989439520984,0.2828010560479015
29.32014799118042,-6.214364286769486,-7.207031243425934,0.9926669566564481,0.7,0.41719894395209844,1.1171989439520984,0.2828010560479015
29.340148448944092,-6.042315997015318,-7.224609369740748,1.1822933727254306,0.7,0.4434583904687315,1.1434583904687314,0.2565416095312685
29.360142469406128,-5.869369344609957,-7.238671870792598,1.3693025261826408,0.7,0.4434583904687315,1.1434583904687314,0.2565416095312685
29.38014507293701,-5.695421569396423,-7.24992187163408,1.5545003022376571,0.7,0.4434583904687315,1.1434583904687314,0.2565416095312685
29.40015959739685,-5.520469720586222,-7.24992187163408,1.729452151047858,0.6921504808589816,0.4629770638886838,1.1551275447476654,0.22917341697029775
29.420146942138672,-5.3448842085371915,-7.2589218723072655,1.914037663770074,0.6921504808589816,0.4629770638886838,1.1551275447476654,0.22917341697029775
29.440152168273926,-5.168297536769225,-7.266121872845813,2.097824336076587,0.6921504808589816,0.4629770638886838,1.1551275447476654,0.22917341697029775
29.460150003433228,-4.990959993697667,-7.27188187327665,2.2809218795789823,0.7,0.45193832558579733,1.1519383255857973,0.24806167441420263
29.480132579803467,-4.812970697726961,-7.294067998621319,2.4810973008943584,0.7,0.45193832558579733,1.1519383255857973,0.24806167441420263
29.500130891799927,-4.634081651760048,-7.311816898897056,2.677735247137008,0.7,0.45193832558579733,1.1519383255857973,0.24806167441420263
29.520134687423706,-4.4544116035442105,-7.326016019117644,2.871604415573434,0.6939220622181892,0.45795107870362695,1.1518731409218161,0.23597098351456225
29.54012942314148,-4.274119733017264,-7.337375315294116,3.0632555822768524,0.6939220622181892,0.45795107870362695,1.1518731409218161,0.23597098351456225
29.5601224899292,-4.093168417039547,-7.346462752235293,3.253294335195746,0.6939220622181892,0.45795107870362695,1.1518731409218161,0.23597098351456225
29.580119609832764,-3.911534312328608,-7.3537327017882355,3.4421983894596275,0.6939220622181892,0.45795107870362695,1.1518731409218161,0.23597098351456225
29.6001193523407,-3.7292587675123565,-7.359548661430589,3.630289893918232,0.6939220622181892,0.45795107870362695,1.1518731409218161,0.23597098351456225
29.620173692703247,-3.545894358355033,-7.359548661430589,3.813654303075556,0.7,0.4239989207591861,1.123998920759186,0.27600107924081385
29.640222787857056,-3.3620151417927806,-7.364201429144471,4.00218628735169,0.7,0.4239989207591861,1.123998920759186,0.27600107924081385
29.660228967666626,-3.177997701204746,-7.367923643315577,4.189925942110831,0.7,0.4239989207591861,1.123998920759186,0.27600107924081385
29.680228233337402,-2.9935419611529746,-7.370901414652462,4.377359453499487,0.7,0.4239989207591861,1.123998920759186,0.27600107924081385
29.700223922729492,-2.8086466503436207,-7.35570550672197,4.547058856378349,0.7,0.4239989207591861,1.123998920759186,0.27600107924081385
29.720166444778442,-2.623801379202485,-7.343548780377577,4.719747401175092,0.7,0.4239989207591861,1.123998920759186,0.27600107924081385
29.74013066291809,-2.4383423965593636,-7.333823399302061,4.895481002742698,0.7,0.4239989207591861,1.123998920759186,0.27600107924081385
29.76013422012329,-2.2521331894244487,-7.326043094441649,5.073909905017199,0.7,0.4239989207591861,1.123998920759186,0.27600107924081385
29.780301570892334,-2.0640391953879744,-7.319818850553321,5.255779655165346,0.7,0.45323827355168755,1.1532382735516875,0.2467617264483124
29.800145149230957,-1.8786412834579806,-7.314839455442657,5.436198171984676,0.7,0.45323827355168755,1.1532382735516875,0.2467617264483124
29.820144653320312,-1.6914911505496182,-7.310855939354125,5.619364788804507,0.7,0.45323827355168755,1.1532382735516875,0.2467617264483124
29.840132236480713,-1.5041857106491936,-7.310855939354125,5.806670228704932,0.7,0.45323827355168755,1.1532382735516875,0.2467617264483124
29.86012363433838,-1.3166072233186317,-7.3076691264833,5.991061903164669,0.7,0.45323827355168755,1.1532382735516875,0.2467617264483124
29.880131006240845,-1.1286708822804028,-7.305119676186641,6.176448793906238,0.7,0.45323827355168755,1.1532382735516875,0.2467617264483124
29.900142192840576,-0.9405202976846215,-7.303080115949313,6.362559818264692,0.7,0.4511381686199456,1.1511381686199456,0.24886183138005435
29.920143365859985,-0.7523152848564794,-7.301448467759452,6.549133182902973,0.7,0.4511381686199456,1.1511381686199456,0.24886183138005435
29.940125465393066,-0.5641710950090244,-7.300143149207561,6.735972054198537,0.7,0.4511381686199456,1.1511381686199456,0.24886183138005435
29.96011710166931,-0.3758481219454374,-7.29909889436605,6.923250772420613,0.7,0.4511381686199456,1.1511381686199456,0.24886183138005435
29.98013186454773,-0.18724790164733107,-7.29826349049284,7.111015588845508,0.7,0.4511381686199456,1.1511381686199456,0.24886183138005435
30.000124216079712,0.0011707089692597845,-7.315173292394273,7.316344001363532,0.7,0.4511381686199456,1.1511381686199456,0.24886183138005435
30.020169019699097,0.19008344454490667,-7.328701133915419,7.518784578460325,0.6626996852457523,0.4524371973704547,1.115136882616207,0.2102624878752976
30.04025173187256,0.379323194663299,-7.339523407132336,7.718846601795635,0.6626996852457523,0.4524371973704547,1.115136882616207,0.2102624878752976
30.060215711593628,0.5673843241973429,-7.339523407132336,7.906907731329678,0.6626996852457523,0.4524371973704547,1.115136882616207,0.2102624878752976
30.080151081085205,0.7550868765261562,-7.3306031007058685,8.085689977232025,0.6626996852457523,0.4524371973704547,1.115136882616207,0.2102624878752976
30.100130796432495,0.9430880845862546,-7.341044980564696,8.28413306515095,0.6626996852457523,0.4524371973704547,1.115136882616207,0.2102624878752976
30.120120763778687,1.1310370178054185,-7.349398484451757,8.480435502257176,0.6626996852457523,0.4524371973704547,1.115136882616207,0.2102624878752976
30.140318870544434,1.3207615862694762,-7.3560812875614054,8.676842873830882,0.6701971891336143,0.474870567722246,1.1450677568558603,0.19532662141136825
30.160146951675415,1.506803710485495,-7.3614275300491245,8.86823124053462,0.6701971891336143,0.474870567722246,1.1450677568558603,0.19532662141136825
30.18013644218445,1.6941234887187369,-7.3481263990393,9.042249887758036,0.6701971891336143,0.474870567722246,1.1450677568558603,0.19532662141136825
30.200125694274902,1.8811737969870093,-7.337485494231441,9.21865929121845,0.6701971891336143,0.474870567722246,1.1450677568558603,0.19532662141136825
30.220124006271362,2.0680119375350015,-7.328972770385153,9.396984707920154,0.6701971891336143,0.474870567722246,1.1450677568558603,0.19532662141136825
30.240126609802246,2.2545635574294307,-7.322162591308123,9.576726148737553,0.6701971891336143,0.474870567722246,1.1450677568558603,0.19532662141136825
30.26029133796692,2.442266675008522,-7.3167144480465,9.758981123055023,0.6637364223599433,0.49114381293766196,1.1548802352976053,0.17259260942228138
30.280142068862915,2.626664173801714,-7.3167144480465,9.943378621848213,0.6637364223599433,0.49114381293766196,1.1548802352976053,0.17259260942228138
30.30012798309326,2.811904556598739,-7.312355933437199,10.124260490035937,0.6637364223599433,0.49114381293766196,1.1548802352976053,0.17259260942228138
30.320122241973877,2.99677859327629,-7.30886912174976,10.30564771502605,0.6637364223599433,0.49114381293766196,1.1548802352976053,0.17259260942228138
30.340121746063232,3.181227985910855,-7.306079672399807,10.487307658310662,0.6637364223599433,0.49114381293766196,1.1548802352976053,0.17259260942228138
30.36012601852417,3.3652188459565187,-7.303848112919846,10.669066958876364,0.6637364223599433,0.49114381293766196,1.1548802352976053,0.17259260942228138
30.380244970321655,3.5497282078169743,-7.319640990335879,10.869369198152853,0.6281673058867454,0.4899798294529319,1.1181471353396772,0.13818747643381352
30.400140523910522,3.731631090914992,-7.332275292268703,11.063906383183696,0.6281673058867454,0.4899798294529319,1.1181471353396772,0.13818747643381352
30.420125722885132,3.9137664727648023,-7.342382733814962,11.256149206579764,0.6281673058867454,0.4899798294529319,1.1181471353396772,0.13818747643381352
30.440133094787598,4.095485775198772,-7.350468687051971,11.445954462250743,0.6281673058867454,0.4899798294529319,1.1181471353396772,0.13818747643381352
30.460132837295532,4.276488955027517,-7.356937449641578,11.633426404669095,0.6281673058867454,0.4899798294529319,1.1181471353396772,0.13818747643381352
30.480124473571777,4.456743895786264,-7.362112459713262,11.818856355499527,0.6281673058867454,0.4899798294529319,1.1181471353396772,0.13818747643381352
30.500312328338623,4.638054380320824,-7.362112459713262,12.000166840034087,0.6487703647464513,0.5346618814393878,1.183432246185839,0.11410848330706358
30.52022624015808,4.816173561377138,-7.34867434277061,12.164847904147749,0.6487703647464513,0.5346618814393878,1.183432246185839,0.11410848330706358
30.540311336517334,4.995060068264578,-7.337923849216488,12.332983917481066,0.6487703647464513,0.5346618814393878,1.183432246185839,0.11410848330706358
30.560221195220947,5.171600791029511,-7.329323454373191,12.500924245402702,0.6487703647464513,0.5346618814393878,1.183432246185839,0.11410848330706358
30.580180406570435,5.347766778253031,-7.322443138498555,12.670209916751585,0.6487703647464513,0.5346618814393878,1.183432246185839,0.11410848330706358
30.600128173828125,5.522991451534553,-7.316938885798843,12.839930337333396,0.6030260946601629,0.5124260874465107,1.1154521821066736,0.09060000721365213
30.620222091674805,5.698622716330489,-7.312535483639074,13.011158199969563,0.6030260946601629,0.5124260874465107,1.1154521821066736,0.09060000721365213
30.64015483856201,5.871947886654088,-7.3090127619112595,13.180960648565348,0.6030260946601629,0.5124260874465107,1.1154521821066736,0.09060000721365213
30.6601243019104,6.044668738693157,-7.306194584529007,13.350863323222164,0.5957021660171449,0.5061976903118193,1.1018998563289641,0.0895044757053256
30.680137395858765,6.216812211130714,-7.303940042623206,13.520752253753919,0.5957021660171449,0.5061976903118193,1.1018998563289641,0.0895044757053256
30.700120210647583,6.387714486904194,-7.302136409098565,13.68985089600276,0.5957021660171449,0.5061976903118193,1.1018998563289641,0.0895044757053256
30.7201247215271,6.557793705949573,-7.302136409098565,13.859930115048137,0.5959605107957031,0.5016961831599474,1.0976566939556505,0.09426432763575576
30.74013066291809,6.726848956679692,-7.283115377278852,14.009964333958544,0.5959605107957031,0.5016961831599474,1.0976566939556505,0.09426432763575576
30.760124921798706,6.8947435446065,-7.197586051823082,14.092329596429582,0.5895129031443502,0.46332879625260825,1.0528416993969585,0.12618410689174198
30.780128002166748,7.061623348721013,-7.094006341458467,14.155629690179481,0.5895129031443502,0.46332879625260825,1.0528416993969585,0.12618410689174198
30.800127744674683,7.227360130989852,-7.011142573166774,14.238502704156627,0.5895129031443502,0.46332879625260825,1.0528416993969585,0.12618410689174198
30.82012104988098,7.391902866863674,-6.94485155853342,14.336754425397094,0.5895129031443502,0.46332879625260825,1.0528416993969585,0.12618410689174198
30.840264558792114,7.556502033607871,-6.891818746826737,14.448320780434608,0.634459625830641,0.5029477801173925,1.1374074059480335,0.13151184571324848
30.86026883125305,7.718765590368858,-6.84939249746139,14.568158087830248,0.634459625830641,0.5029477801173925,1.1374074059480335,0.13151184571324848
30.880201816558838,7.879238042478585,-6.815451497969113,14.694689540447698,0.634459625830641,0.5029477801173925,1.1374074059480335,0.13151184571324848
30.900136709213257,8.038489772708656,-6.770720573375291,14.809210346083947,0.634459625830641,0.5029477801173925,1.1374074059480335,0.13151184571324848
30.92013120651245,8.196950853842855,-6.734935833700233,14.931886687543088,0.634459625830641,0.5029477801173925,1.1374074059480335,0.13151184571324848
30.940128803253174,8.354142515265334,-6.734935833700233,15.089078348965568,0.634459625830641,0.5029477801173925,1.1374074059480335,0.13151184571324848
30.96012806892395,8.51002823063287,-6.706308041960188,15.216336272593058,0.634459625830641,0.5029477801173925,1.1374074059480335,0.13151184571324848
30.98017644882202,8.664948062889476,-6.683405808568151,15.348353871457626,0.6144797502958681,0.4784373760223388,1.092917126318207,0.13604237427352928
31.000142812728882,8.817867668176245,-6.665084021854522,15.482951690030767,0.6144797502958681,0.4784373760223388,1.092917126318207,0.13604237427352928
31.02013325691223,8.969581415875467,-6.668004717483618,15.637586133359086,0.6144797502958681,0.4784373760223388,1.092917126318207,0.13604237427352928
31.040122032165527,9.119867627664899,-6.652763148986895,15.772630776651795,0.6144797502958681,0.4784373760223388,1.092917126318207,0.13604237427352928
31.060140371322632,9.26893439517204,-6.658148019189517,15.927082414361557,0.6144797502958681,0.4784373760223388,1.092917126318207,0.13604237427352928
31.080130100250244,9.41632491188605,-6.662455915351614,16.078780827237665,0.6144797502958681,0.4784373760223388,1.092917126318207,0.13604237427352928
31.10014533996582,9.562415253017825,-6.665902232281292,16.228317485299115,0.6199395287723746,0.489691592566669,1.1096311213390435,0.13024793620570557
31.120139122009277,9.706839096540676,-6.668659285825035,16.375498382365713,0.6199395287723746,0.489691592566669,1.1096311213390435,0.13024793620570557
31.140142679214478,9.849800553570208,-6.670864928660029,16.520665482230235,0.6199395287723746,0.489691592566669,1.1096311213390435,0.13024793620570557
31.160131692886353,9.991103821718486,-6.670864928660029,16.661968750378513,0.6199395287723746,0.489691592566669,1.1096311213390435,0.13024793620570557
31.18013072013855,10.130900709913808,-6.672629442928024,16.80353015284183,0.6199395287723746,0.489691592566669,1.1096311213390435,0.13024793620570557
31.200124979019165,10.269065209056023,-6.674041054342419,16.94310626339844,0.6199395287723746,0.489691592566669,1.1096311213390435,0.13024793620570557
31.220186710357666,10.406067046021558,-6.675170343473937,17.081237389495495,0.6171475633920636,0.4687064437195658,1.0858540071116294,0.14844111967249773
31.240150451660156,10.540758438616527,-6.67607377477915,17.216832213395676,0.6171475633920636,0.4687064437195658,1.0858540071116294,0.14844111967249773
31.260141849517822,10.673974488638754,-6.676796519823321,17.350771008462075,0.6171475633920636,0.4687064437195658,1.0858540071116294,0.14844111967249773
31.2801456451416,10.805587487324248,-6.677374715858658,17.482962203182908,0.6171475633920636,0.4687064437195658,1.0858540071116294,0.14844111967249773
31.300132989883423,10.935387384572504,-6.677837272686927,17.61322465725943,0.6171475633920636,0.4687064437195658,1.0858540071116294,0.14844111967249773
31.32014036178589,11.063590100714066,-6.678207318149542,17.74179741886361,0.5939502868743147,0.5331987587735056,1.1271490456478204,0.06075152810080908
31.340243577957153,11.19064599255725,-6.678503354519634,17.869149347076885,0.5939502868743147,0.5331987587735056,1.1271490456478204,0.06075152810080908
31.36033058166504,11.315816164149847,-6.678740183615708,17.994556347765556,0.5939502868743147,0.5331987587735056,1.1271490456478204,0.06075152810080908
31.380257606506348,11.438208492250665,-6.678740183615708,18.11694867586637,0.5939502868743147,0.5331987587735056,1.1271490456478204,0.06075152810080908
31.400188207626343,11.558829233113245,-6.678929646892567,18.237758880005813,0.5939502868743147,0.5331987587735056,1.1271490456478204,0.06075152810080908
31.42014455795288,11.677789658750402,-6.679081217514055,18.35687087626446,0.5268215615244116,0.5508715769276022,1.0776931384520139,-0.024050015403190628
31.44022560119629,11.795640082108271,-6.679202474011245,18.474842556119516,0.5268215615244116,0.5508715769276022,1.0776931384520139,-0.024050015403190628
31.46020793914795,11.911047287884266,-6.679299479208996,18.590346767093262,0.5268215615244116,0.5508715769276022,1.0776931384520139,-0.024050015403190628
31.480146408081055,12.024329749544176,-6.679377083367197,18.703706832911372,0.5268215615244116,0.5508715769276022,1.0776931384520139,-0.024050015403190628
31.50012731552124,12.135960172380567,-6.679439166693759,18.815399339074325,0.4968455884547438,0.4808715769276022,0.977717165382346,0.01597401152714162
31.520121335983276,12.245749216927702,-6.679488833355008,18.92523805028271,0.4968455884547438,0.4808715769276022,0.977717165382346,0.01597401152714162
31.540112733840942,12.353591651827717,-6.538903566684007,18.892495218511723,0.4968455884547438,0.4808715769276022,0.977717165382346,0.01597401152714162
31.560166835784912,12.459814045261083,-6.197919728347205,18.65773377360829,0.48823250028653997,0.4702110412716865,0.9584435415582264,0.01802145901485347
31.580158472061157,12.563736613274324,-5.802085782677764,18.365822395952087,0.48823250028653997,0.4702110412716865,0.9584435415582264,0.01802145901485347
31.60025429725647,12.666202934355839,-5.802085782677764,18.4682887170336,0.4751344466523733,0.4505460719764232,0.9256805186287965,0.024588374675950098
31.620159149169922,12.765704896468836,-5.450262376142212,18.21596727261105,0.4751344466523733,0.4505460719764232,0.9256805186287965,0.024588374675950098
31.640166521072388,12.863707146317045,-5.1512255259137705,18.014932672230817,0.4751344466523733,0.4505460719764232,0.9256805186287965,0.024588374675950098
31.660166025161743,12.959639231930632,-4.8592616707310174,17.81890090266165,0.5034496331529226,0.43480421334505076,0.9382538464979733,0.06864541980787181
31.68017053604126,13.05354818818702,-4.608112461584814,17.661660649771836,0.5034496331529226,0.43480421334505076,0.9382538464979733,0.06864541980787181
31.700162172317505,13.14533646308053,-4.407193094267852,17.552529557348382,0.5034496331529226,0.43480421334505076,0.9382538464979733,0.06864541980787181
31.72014808654785,13.23502529263257,-4.246457600414281,17.481482893046852,0.5034496331529226,0.43480421334505076,0.9382538464979733,0.06864541980787181
31.74017310142517,13.322796431521432,-4.100291080331425,17.423087511852856,0.4516970882134046,0.39250904425978655,0.8442061324731911,0.05918804395361804
31.760234117507935,13.408610577250261,-3.983357864265141,17.391968441515402,0.4516970882134046,0.39250904425978655,0.8442061324731911,0.05918804395361804
31.78024935722351,13.492105889609025,-3.8898112914121126,17.381917181021137,0.4516970882134046,0.39250904425978655,0.8442061324731911,0.05918804395361804
31.800209283828735,13.573245499548195,-3.81497403312969,17.388219532677883,0.4516970882134046,0.39250904425978655,0.8442061324731911,0.05918804395361804
31.820147275924683,13.652164672903808,-3.81497403312969,17.4671387060335,0.4516970882134046,0.39250904425978655,0.8442061324731911,0.05918804395361804
31.840139389038086,13.72914683917065,-3.7551042265037524,17.484251065674403,0.4261846313194837,0.46250904425978656,0.8886936755792703,-0.036324412940302864
31.860251665115356,13.804405832353002,-3.707208381203002,17.511614213556005,0.4261846313194837,0.46250904425978656,0.8886936755792703,-0.036324412940302864
31.880303859710693,13.877245464899545,-3.6688917049624017,17.546137169861947,0.4261846313194837,0.46250904425978656,0.8886936755792703,-0.036324412940302864
31.900277376174927,13.947609430980396,-3.6382383639699216,17.58584779495032,0.4261846313194837,0.46250904425978656,0.8886936755792703,-0.036324412940302864
31.920163869857788,14.015484518261479,-3.596137566175938,17.611622084437418,0.4261846313194837,0.46250904425978656,0.8886936755792703,-0.036324412940302864
31.94013810157776,14.081456390998012,-3.56245692794075,17.64391331893876,0.4261846313194837,0.46250904425978656,0.8886936755792703,-0.036324412940302864
31.96013569831848,14.14528363872125,-3.5355124173526,17.68079605607385,0.4261846313194837,0.46250904425978656,0.8886936755792703,-0.036324412940302864
31.980199575424194,14.207078143411215,-3.5139568088820803,17.721034952293294,0.4152351817057933,0.4353513985872268,0.8505865802930201,-0.020116216881433502
32.000160694122314,14.266315679933566,-3.4967123221056644,17.76302800203923,0.4152351817057933,0.4353513985872268,0.8505865802930201,-0.020116216881433502
32.02013397216797,14.323343182364656,-3.4829167326845316,17.80625991504919,0.4152351817057933,0.4353513985872268,0.8505865802930201,-0.020116216881433502
32.04012656211853,14.37816676643847,-3.4829167326845316,17.861083499123,0.4152351817057933,0.4353513985872268,0.8505865802930201,-0.020116216881433502
32.06012272834778,14.430730750958986,-3.471880261147625,17.90261101210661,0.4152351817057933,0.4353513985872268,0.8505865802930201,-0.020116216881433502
32.08012413978577,14.481029720381473,-3.3927385839181,17.873768304299574,0.4152351817057933,0.4353513985872268,0.8505865802930201,-0.020116216881433502
32.10017681121826,14.529161745710745,-3.2415346171344805,17.770696362845225,0.4394275056140031,0.401452687382698,0.8408801929967011,0.03797481823130511
32.12020182609558,14.574925736916171,-3.120571443707585,17.695497180623757,0.4394275056140031,0.401452687382698,0.8408801929967011,0.03797481823130511
32.1402063369751,14.618339103851927,-3.0238009049660683,17.642140008817996,0.4394275056140031,0.401452687382698,0.8408801929967011,0.03797481823130511
32.16015148162842,14.65932446558634,-2.946384473972855,17.605708939559197,0.4394275056140031,0.401452687382698,0.8408801929967011,0.03797481823130511
32.18013119697571,14.698072677688755,-2.8844513291782845,17.58252400686704,0.4394275056140031,0.401452687382698,0.8408801929967011,0.03797481823130511
32.20013380050659,14.73454500420681,-2.817326688342628,17.551871692549437,0.4394275056140031,0.401452687382698,0.8408801929967011,0.03797481823130511
32.220118045806885,14.768659700185673,-2.7636269756741023,17.532286675859776,0.4394275056140031,0.401452687382698,0.8408801929967011,0.03797481823130511
32.240254640579224,14.800679291644885,-2.720667205539282,17.52134649718417,0.4130758451239671,0.38380982801318164,0.7968856731371488,0.02926601711078547
32.26021361351013,14.830078480648744,-2.720667205539282,17.550745686188026,0.4130758451239671,0.38380982801318164,0.7968856731371488,0.02926601711078547
32.280197620391846,14.85717790923611,-2.686299389431426,17.543477298667536,0.4130758451239671,0.38380982801318164,0.7968856731371488,0.02926601711078547
32.30013942718506,14.881885159286396,-2.658805136545141,17.54069029583154,0.4130758451239671,0.38380982801318164,0.7968856731371488,0.02926601711078547
32.320125579833984,14.904303183938751,-2.636809734236113,17.541112918174864,0.4130758451239671,0.38380982801318164,0.7968856731371488,0.02926601711078547
32.34013772010803,14.924395466487411,-2.619213412388891,17.543608878876302,0.4130758451239671,0.38380982801318164,0.7968856731371488,0.02926601711078547
32.3602294921875,14.942193996297368,-2.605136354911113,17.54733035120848,0.3808618443028535,0.3933659873902797,0.7742278316931333,-0.0125041430874262
32.3802056312561,14.957529364594325,-2.5938747089288903,17.551404073523216,0.3808618443028535,0.3933659873902797,0.7742278316931333,-0.0125041430874262
32.400251388549805,14.970549508077694,-2.5848653921431124,17.555414900220807,0.3808618443028535,0.3933659873902797,0.7742278316931333,-0.0125041430874262
32.42037343978882,14.981230775947408,-2.5776579387144904,17.558888714661897,0.3808618443028535,0.3933659873902797,0.7742278316931333,-0.0125041430874262
32.440218448638916,14.98941954609198,-2.5718919759715924,17.561311522063573,0.3808618443028535,0.3933659873902797,0.7742278316931333,-0.0125041430874262
32.46017384529114,14.99530392428039,-2.567279205777274,17.562583130057664,0.4338968092517461,0.4414629347622394,0.8753597440139855,-0.007566125510493293
32.480228662490845,14.998842589242303,-2.567279205777274,17.566121795019576,0.4338968092517461,0.4414629347622394,0.8753597440139855,-0.007566125510493293
32.50024485588074,14.99999982248213,-2.5635889896218194,17.563588812103948,0.4338968092517461,0.4414629347622394,0.8753597440139855,-0.007566125510493293
32.52019000053406,14.998793054008278,-2.5606368166974556,17.559429870705735,0.4338968092517461,0.4414629347622394,0.8753597440139855,-0.007566125510493293
32.54012989997864,14.995232023068946,-2.5582750783579646,17.55350710142691,0.4338968092517461,0.4414629347622394,0.8753597440139855,-0.007566125510493293
32.56023812294006,14.989257335426498,-2.556385687686372,17.54564302311287,0.431251183518907,0.42183436714112754,0.8530855506600346,0.009416816377779469
32.58021783828735,14.980951053285171,-2.5548741751490978,17.53582522843427,0.431251183518907,0.42183436714112754,0.8530855506600346,0.009416816377779469
32.60014820098877,14.970313158146347,-2.5536649651192787,17.523978123265625,0.431251183518907,0.42183436714112754,0.8530855506600346,0.009416816377779469
32.62014651298523,14.957279425334747,-2.552697597095423,17.50997702243017,0.4351971190364565,0.42114570596022527,0.8563428249966818,0.014051413076231256
32.64014506340027,14.941883965774593,-2.551923702676339,17.493807668450934,0.4351971190364565,0.42114570596022527,0.8563428249966818,0.014051413076231256
32.66013765335083,14.924134994400541,-2.5513045871410713,17.47543958154161,0.41310875713243145,0.4245518492418341,0.8376606063742655,-0.011443092109402642
32.68014097213745,14.904019654832114,-2.5508092947128573,17.45482894954497,0.41310875713243145,0.4245518492418341,0.8376606063742655,-0.011443092109402642
32.700135231018066,14.88156072599397,-2.5508092947128573,17.432370020706827,0.41310875713243145,0.4245518492418341,0.8376606063742655,-0.011443092109402642
32.72018551826477,14.856680362541201,-2.567991185770286,17.424671548311487,0.41310875713243145,0.4245518492418341,0.8376606063742655,-0.011443092109402642
32.740190505981445,14.829506338304666,-2.581736698616229,17.411243036920894,0.41310875713243145,0.4245518492418341,0.8376606063742655,-0.011443092109402642
32.76017880439758,14.800014994908244,-2.5927331088929835,17.392748103801228,0.41120187683845866,0.4290871797013096,0.8402890565397683,-0.01788530286285095
32.78021574020386,14.768109007253953,-2.601530237114387,17.36963924436834,0.41120187683845866,0.4290871797013096,0.8402890565397683,-0.01788530286285095
32.800196409225464,14.7339617846827,-2.60856793969151,17.34252972437421,0.41120187683845866,0.4290871797013096,0.8402890565397683,-0.01788530286285095
32.82018256187439,14.697482067052656,-2.614198101753208,17.311680168805864,0.41120187683845866,0.4290871797013096,0.8402890565397683,-0.01788530286285095
32.84019613265991,14.658629845635708,-2.6187022314025667,17.277332077038274,0.41120187683845866,0.4290871797013096,0.8402890565397683,-0.01788530286285095
32.86018466949463,14.617512657094037,-2.6223055351220537,17.23981819221609,0.41120187683845866,0.4290871797013096,0.8402890565397683,-0.01788530286285095
32.88018012046814,14.574074420771247,-2.607610053097643,17.18168447386889,0.41120187683845866,0.4290871797013096,0.8402890565397683,-0.01788530286285095
32.90029573440552,14.528054009924181,-2.6134317924781145,17.141485802402297,0.41120187683845866,0.4290871797013096,0.8402890565397683,-0.01788530286285095
32.92029047012329,14.480010257343583,-2.6134317924781145,17.093442049821697,0.41120187683845866,0.4290871797013096,0.8402890565397683,-0.01788530286285095
32.94021391868591,14.429864635189224,-2.600511058982492,17.030375694171717,0.41120187683845866,0.4290871797013096,0.8402890565397683,-0.01788530286285095
32.960219383239746,14.377237381919201,-2.5901744721859936,16.967411854105194,0.41120187683845866,0.4290871797013096,0.8402890565397683,-0.01788530286285095
32.98022389411926,14.322341226481564,-2.581905202748795,16.90424642923036,0.41120187683845866,0.4290871797013096,0.8402890565397683,-0.01788530286285095
33.0002555847168,14.265103191320462,-2.5752897871990363,16.840392978519496,0.41120187683845866,0.4290871797013096,0.8402890565397683,-0.01788530286285095
33.02025365829468,14.205707123235893,-2.5699974547592292,16.77570457799512,0.41120187683845866,0.4290871797013096,0.8402890565397683,-0.01788530286285095
33.040210485458374,14.14419767436767,-2.5657635888073833,16.709961263175053,0.41120187683845866,0.4290871797013096,0.8402890565397683,-0.01788530286285095
33.06025505065918,14.080179232782095,-2.562376496045907,16.642555728828,0.41120187683845866,0.4290871797013096,0.8402890565397683,-0.01788530286285095
33.0802116394043,14.014223094419462,-2.559666821836726,16.57388991625619,0.41120187683845866,0.4290871797013096,0.8402890565397683,-0.01788530286285095
33.10020160675049,13.945947703388473,-2.5574990824693806,16.503446785857854,0.41120187683845866,0.4290871797013096,0.8402890565397683,-0.01788530286285095
33.120229959487915,13.875334855942269,-2.555764890975505,16.431099746917774,0.41120187683845866,0.4290871797013096,0.8402890565397683,-0.01788530286285095
33.14018726348877,13.80278687298064,-2.555764890975505,16.358551763956143,0.41120187683845866,0.4290871797013096,0.8402890565397683,-0.01788530286285095
33.16031551361084,13.72741921855173,-2.5543775377804043,16.281796756332135,0.41120187683845866,0.4290871797013096,0.8402890565397683,-0.01788530286285095
33.180235385894775,13.650670135407687,-2.553267655224323,16.20393779063201,0.41120187683845866,0.4290871797013096,0.8402890565397683,-0.01788530286285095
33.200217962265015,13.571531004330284,-2.552379749179459,16.123910753509744,0.41120187683845866,0.4290871797013096,0.8402890565397683,-0.01788530286285095
33.22023391723633,13.49011495449201,-2.5516694243435674,16.041784378835576,0.41120187683845866,0.4290871797013096,0.8402890565397683,-0.01788530286285095
33.240241289138794,13.406601541460908,-2.5511011644748542,15.957702705935763,0.41120187683845866,0.4290871797013096,0.8402890565397683,-0.01788530286285095
33.26026463508606,13.320900297542984,-2.5506465565798835,15.871546854122867,0.41120187683845866,0.4290871797013096,0.8402890565397683,-0.01788530286285095
33.2802529335022,13.233246145553649,-2.550282870263907,15.783529015817555,0.41120187683845866,0.4290871797013096,0.8402890565397683,-0.01788530286285095
33.30038499832153,13.142851761465854,-2.549991921211126,15.69284368267698,0.41120187683845866,0.4290871797013096,0.8402890565397683,-0.01788530286285095
33.320244789123535,13.051619402717844,-2.549759161968901,15.601378564686744,0.41120187683845866,0.4290871797013096,0.8402890565397683,-0.01788530286285095
33.34023427963257,12.957739100587633,-2.549572954575121,15.507312055162753,0.41120187683845866,0.4290871797013096,0.8402890565397683,-0.01788530286285095
33.3602454662323,12.86170955220298,-2.549572954575121,15.4112825067781,0.41120187683845866,0.4290871797013096,0.8402890565397683,-0.01788530286285095
33.38021731376648,12.763841479916573,-2.549423988660097,15.31326546857667,0.3937508177652489,0.48068356792209666,0.8744343856873456,-0.08693275015684776
33.40013313293457,12.664246510435271,-2.549304815928078,15.21355132636335,0.3937508177652489,0.48068356792209666,0.8744343856873456,-0.08693275015684776
33.42012095451355,12.562297691499028,-2.5492094777424623,15.11150716924149,0.3937508177652489,0.48068356792209666,0.8744343856873456,-0.08693275015684776
33.44013214111328,12.458244911739607,-2.54913320719397,15.007378118933577,0.3937508177652489,0.48068356792209666,0.8744343856873456,-0.08693275015684776
33.4601263999939,12.352313142578188,-2.5490721907551763,14.901385333333364,0.3937508177652489,0.48068356792209666,0.8744343856873456,-0.08693275015684776
33.480257511138916,12.243686840017517,-2.5490233776041413,14.792710217621659,0.437190925021423,0.5168126365053467,0.9540035615267697,-0.07962171148392372
33.50019431114197,12.134178390911428,-2.548984327083313,14.68316271799474,0.437190925021423,0.5168126365053467,0.9540035615267697,-0.07962171148392372
33.52015399932861,12.02263691181924,-2.5489530866666508,14.57158999848589,0.437190925021423,0.5168126365053467,0.9540035615267697,-0.07962171148392372
33.540122985839844,11.909151283498842,-2.548928094333321,14.458079377832163,0.437190925021423,0.5168126365053467,0.9540035615267697,-0.07962171148392372
33.56011986732483,11.793628438432261,-2.4785956004666567,14.272224038898917,0.437190925021423,0.5168126365053467,0.9540035615267697,-0.07962171148392372
33.580119609832764,11.676226896496985,-2.4785956004666567,14.154822496963641,0.437190925021423,0.5168126365053467,0.9540035615267697,-0.07962171148392372
33.600120306015015,11.55697586065965,-2.3344389803733256,13.891414841032976,0.437190925021423,0.5168126365053467,0.9540035615267697,-0.07962171148392372
33.62017369270325,11.435578356647468,-2.13122305929866,13.566801415946129,0.4181535404815804,0.4991383114713244,0.9172918519529047,-0.08098477098974405
33.640151262283325,11.312834622471527,-1.9159159474389285,13.228750569910456,0.4181535404815804,0.4991383114713244,0.9172918519529047,-0.08098477098974405
33.66012978553772,11.188302478527294,-1.7085140079511427,12.896816486478437,0.4181535404815804,0.4991383114713244,0.9172918519529047,-0.08098477098974405
33.6801221370697,11.061919342233091,-1.5074362063609144,12.569355548594006,0.4181535404815804,0.4991383114713244,0.9172918519529047,-0.08098477098974405
33.700122594833374,10.933738433247123,-1.3289958400887316,12.262734273335855,0.4181535404815804,0.4991383114713244,0.9172918519529047,-0.08098477098974405
33.720120429992676,10.803848027891252,-1.2038216720709853,12.007669699962237,0.4159050961199682,0.4996356448275036,0.9155407409474718,-0.08373054870753543
33.74026966094971,10.67124922386273,-1.1036823376567884,11.77493156151952,0.4159050961199682,0.4996356448275036,0.9155407409474718,-0.08373054870753543
33.760241746902466,10.538128254776097,-1.0235708701254307,11.561699124901528,0.4159050961199682,0.4996356448275036,0.9155407409474718,-0.08373054870753543
33.78021478652954,10.40334135983114,-0.9419035711003446,11.345244930931484,0.4159050961199682,0.4996356448275036,0.9155407409474718,-0.08373054870753543
33.8001811504364,10.266961952358075,-0.9419035711003446,11.20886552345842,0.4159050961199682,0.4996356448275036,0.9155407409474718,-0.08373054870753543
33.82014799118042,10.128963406515892,-0.8765697318802756,11.005533138396167,0.4546216246846597,0.46038784143747763,0.9150094661221373,-0.00576621675281791
33.840200424194336,9.98876888414376,-0.8243026605042206,10.81307154464798,0.4546216246846597,0.46038784143747763,0.9150094661221373,-0.00576621675281791
33.86017370223999,9.847551488900109,-0.7824890034033766,10.630040492303486,0.4546216246846597,0.46038784143747763,0.9150094661221373,-0.00576621675281791
33.8802011013031,9.704394261989762,-0.7490380777227013,10.453432339712464,0.4546216246846597,0.46038784143747763,0.9150094661221373,-0.00576621675281791
33.900208950042725,9.559842386127059,-0.722277337178161,10.28211972330522,0.4546216246846597,0.46038784143747763,0.9150094661221373,-0.00576621675281791
33.920340061187744,9.412875231856285,-0.7008687447425288,10.113743976598814,0.4362171967688482,0.4706906495732255,0.9069078463420737,-0.0344734528043773
33.940197706222534,9.26642900432737,-0.6837418707940232,9.950170875121392,0.4362171967688482,0.4706906495732255,0.9069078463420737,-0.0344734528043773
33.96019244194031,9.117514320464553,-0.6700403716352186,9.787554692099771,0.4362171967688482,0.4706906495732255,0.9069078463420737,-0.0344734528043773
33.98017597198486,8.967245294698111,-0.6590791723081748,9.626324467006286,0.4362171967688482,0.4706906495732255,0.9069078463420737,-0.0344734528043773
34.00015640258789,8.815586202498315,-0.6503102128465399,9.465896415344854,0.4166625891986768,0.46115352829219775,0.8778161174908745,-0.04449093909352092
34.020161867141724,8.662345130495469,-0.6503102128465399,9.312655343342009,0.4166625891986768,0.46115352829219775,0.8778161174908745,-0.04449093909352092
34.040186643600464,8.507585523207888,-0.6432950452772319,9.150880568485121,0.4166625891986768,0.46115352829219775,0.8778161174908745,-0.04449093909352092
34.06019592285156,8.35160046430931,-0.6376829112217856,8.989283375531096,0.4167943829699652,0.4426736446213908,0.859468027591356,-0.025879261651425622
34.080206871032715,8.194282192015441,-0.6331932039774285,8.82747539599287,0.4167943829699652,0.4426736446213908,0.859468027591356,-0.025879261651425622
34.10016393661499,8.036097339513233,-0.6296014381819428,8.665698777695177,0.4167943829699652,0.4426736446213908,0.859468027591356,-0.025879261651425622
34.12029576301575,7.875247165651734,-0.6267280255455543,8.501975191197289,0.3946860330208437,0.41384680067421864,0.8085328336950623,-0.019160767653374933
34.14020109176636,7.71496772181227,-0.6244292954364435,8.339397017248714,0.3946860330208437,0.41384680067421864,0.8085328336950623,-0.019160767653374933
34.160162687301636,7.5530233384710765,-0.6225903113491548,8.175613649820232,0.3946860330208437,0.41384680067421864,0.8085328336950623,-0.019160767653374933
34.180174589157104,7.389478222681204,-0.6211191240793238,8.010597346760527,0.39445551163516934,0.4217963708681054,0.8162518825032747,-0.027340859232936054
34.20017743110657,7.22483966384364,-0.6199421742634591,7.844781838107099,0.39445551163516934,0.4217963708681054,0.8162518825032747,-0.027340859232936054
34.220155000686646,7.059270056457985,-0.6014224894107673,7.660692545868752,0.39445551163516934,0.4217963708681054,0.8162518825032747,-0.027340859232936054
34.240193128585815,6.892081277901612,-0.6014224894107673,7.493503767312379,0.39445551163516934,0.4217963708681054,0.8162518825032747,-0.027340859232936054
34.260185956954956,6.724181646274259,-0.5866067415286139,7.310788387802873,0.37806952423416074,0.4257814312470145,0.8038509554811752,-0.04771190701285377
34.28018140792847,6.555198717532542,-0.5571760182228911,7.1123747357554326,0.37806952423416074,0.4257814312470145,0.8038509554811752,-0.04771190701285377
34.30020594596863,6.384933055202323,-0.5336314395783129,6.918564494780636,0.37806952423416074,0.4257814312470145,0.8038509554811752,-0.04771190701285377
34.32020545005798,6.213871405650609,-0.5147957766626503,6.728667182313259,0.37806952423416074,0.4257814312470145,0.8038509554811752,-0.04771190701285377
34.34020948410034,6.0417894850660465,-0.49972724633012033,6.541516731396166,0.37806952423416074,0.4257814312470145,0.8038509554811752,-0.04771190701285377
34.36019492149353,5.86891440815648,-0.48767242206409633,6.356586830220577,0.4054718227591365,0.44098476005019616,0.8464565828093327,-0.03551293729105964
34.380202531814575,5.694920583254106,-0.4780285626512771,6.172949145905383,0.4054718227591365,0.44098476005019616,0.8464565828093327,-0.03551293729105964
34.40018081665039,5.520283769733549,-0.4703134751210217,5.990597244854571,0.4054718227591365,0.44098476005019616,0.8464565828093327,-0.03551293729105964
34.42025971412659,5.3438911077497115,-0.4641414050968174,5.808032512846529,0.4054718227591365,0.44098476005019616,0.8464565828093327,-0.03551293729105964
34.44017314910889,5.168111904843586,-0.459203749077454,5.62731565392104,0.4054718227591365,0.44098476005019616,0.8464565828093327,-0.03551293729105964
34.46018314361572,4.990665450229011,-0.459203749077454,5.449869199306465,0.4054718227591365,0.44098476005019616,0.8464565828093327,-0.03551293729105964
34.480172872543335,4.812611025331772,-0.4552536242619632,5.267864649593735,0.4054718227591365,0.44098476005019616,0.8464565828093327,-0.03551293729105964
34.500211238861084,4.6333614360116755,-0.45209352440957057,5.085454960421246,0.4054718227591365,0.44098476005019616,0.8464565828093327,-0.03551293729105964
34.520317792892456,4.45276369384335,-0.4495654445276565,4.902329138371006,0.4054718227591365,0.44098476005019616,0.8464565828093327,-0.03551293729105964
34.540263175964355,4.2729113851001435,-0.4475429806221252,4.720454365722269,0.418020869186148,0.46586286519886927,0.8838837343850172,-0.047841996012721266
34.56024956703186,4.092016183811254,-0.4459250094977002,4.537941193308955,0.418020869186148,0.46586286519886927,0.8838837343850172,-0.047841996012721266
34.58022689819336,3.9105581196590027,-0.46220875759816016,4.372766877257163,0.418020869186148,0.46586286519886927,0.8838837343850172,-0.047841996012721266
34.60023236274719,3.7282271022746394,-0.47523575607852814,4.203462858353167,0.418020869186148,0.46586286519886927,0.8838837343850172,-0.047841996012721266
34.62021255493164,3.54553847035785,-0.4856573548628226,4.0311958252206725,0.4230702883098274,0.44423049745382737,0.8673007857636548,-0.021160209143999964
34.640228271484375,3.361964774682317,-0.4939946338902581,3.8559594085725752,0.4230702883098274,0.44423049745382737,0.8673007857636548,-0.021160209143999964
34.66034412384033,3.1769370098184484,-0.5006644571122065,3.677601466930655,0.4230702883098274,0.44423049745382737,0.8673007857636548,-0.021160209143999964
34.680335998535156,2.992546722632456,-0.5006644571122065,3.4932111797446623,0.4230702883098274,0.44423049745382737,0.8673007857636548,-0.021160209143999964
34.70023012161255,2.8085892605198635,-0.5060003156897652,3.3145895762096287,0.4230702883098274,0.44423049745382737,0.8673007857636548,-0.021160209143999964
34.72025227546692,2.623004911856761,-0.5278471275518122,3.1508520394085733,0.4230702883098274,0.44423049745382737,0.8673007857636548,-0.021160209143999964
34.74028253555298,2.4369300577757174,-0.5453245770414498,2.982254634817167,0.4230702883098274,0.44423049745382737,0.8673007857636548,-0.021160209143999964
34.76026201248169,2.2509424203126907,-0.5593065366331598,2.81024895694585,0.4230702883098274,0.44423049745382737,0.8673007857636548,-0.021160209143999964
34.78024244308472,2.064591159433716,-0.5704921043065279,2.6350832637402437,0.4230702883098274,0.44423049745382737,0.8673007857636548,-0.021160209143999964
34.800240993499756,1.8777450816550183,-0.5794405584452224,2.4571856401002408,0.4230702883098274,0.44423049745382737,0.8673007857636548,-0.021160209143999964
34.8202702999115,1.690314507344549,-0.5865993217561779,2.2769138291007267,0.4230702883098274,0.44423049745382737,0.8673007857636548,-0.021160209143999964
34.84028244018555,1.5027772031109083,-0.5923263324049424,2.0951035355158507,0.4230702883098274,0.44423049745382737,0.8673007857636548,-0.021160209143999964
34.86039996147156,1.3140129331738397,-0.5793298159239538,1.8933427490977937,0.4230702883098274,0.44423049745382737,0.8673007857636548,-0.021160209143999964
34.88025784492493,1.1274788411806946,-0.5689326027391631,1.6964114439198577,0.4230702883098274,0.44423049745382737,0.8673007857636548,-0.021160209143999964
34.90024185180664,0.9395828803712568,-0.5689326027391631,1.50851548311042,0.4230702883098274,0.44423049745382737,0.8673007857636548,-0.021160209143999964
34.920228719711304,0.7515118550846078,-0.5606148321913306,1.3121266872759385,0.4230702883098274,0.44423049745382737,0.8673007857636548,-0.021160209143999964
34.940229415893555,0.5631920766234821,-0.5539606157530644,1.1171526923765467,0.4230702883098274,0.44423049745382737,0.8673007857636548,-0.021160209143999964
34.96021318435669,0.3749428475796691,-0.5486372426024515,0.9235800901821206,0.4230702883098274,0.44423049745382737,0.8673007857636548,-0.021160209143999964
34.98022127151489,0.18640532619563066,-0.5443785440819613,0.730783870277592,0.4230702883098274,0.44423049745382737,0.8673007857636548,-0.021160209143999964
35.000221252441406,-0.0020852551267966047,-0.540971585265569,0.5388863301387724,0.4230702883098274,0.44423049745382737,0.8673007857636548,-0.021160209143999964
35.02021408081055,-0.19050810133777818,-0.5382460182124552,0.34773791687467703,0.4230702883098274,0.44423049745382737,0.8673007857636548,-0.021160209143999964
35.04036593437195,-0.38039918267589734,-0.5360655645699641,0.15566638189406679,0.4230702883098274,0.44423049745382737,0.8673007857636548,-0.021160209143999964
35.060341596603394,-0.5685699116184477,-0.5343212016559713,-0.03424870996247642,0.39134355173446234,0.4021560629946179,0.7934996147290803,-0.010812511260155588
35.08030080795288,-0.7564962265942449,-0.5329257113247771,-0.2235705152694678,0.39134355173446234,0.4021560629946179,0.7934996147290803,-0.010812511260155588
35.100260734558105,-0.9443102965574365,-0.5318093190598217,-0.41250097749761483,0.39134355173446234,0.4021560629946179,0.7934996147290803,-0.010812511260155588
35.12026929855347,-1.1324329348679132,-0.5318093190598217,-0.6006236158080915,0.39134355173446234,0.4021560629946179,0.7934996147290803,-0.010812511260155588
35.14023518562317,-1.3199759360085572,-0.5309162052478573,-0.7890597307606999,0.39134355173446234,0.4021560629946179,0.7934996147290803,-0.010812511260155588
35.16021704673767,-1.507460997785524,-0.5302017141982859,-0.9772592835872381,0.39134355173446234,0.4021560629946179,0.7934996147290803,-0.010812511260155588
35.18023109436035,-1.6950098536345681,-0.5296301213586286,-1.1653797322759396,0.39134355173446234,0.4021560629946179,0.7934996147290803,-0.010812511260155588
35.20029902458191,-1.882794487889056,-0.5115947220869029,-1.371199765802153,0.422281681606546,0.40074871083488683,0.8230303924414328,0.021532970771659166
35.220255613327026,-2.0692404530852446,-0.49716640266952233,-1.5720740504157222,0.422281681606546,0.40074871083488683,0.8230303924414328,0.021532970771659166
35.24026608467102,-2.255863135221544,-0.48562374713561796,-1.770239388085926,0.422281681606546,0.40074871083488683,0.8230303924414328,0.021532970771659166
35.2603223323822,-2.4425548920841904,-0.4763896227084944,-1.9661652693756961,0.422281681606546,0.40074871083488683,0.8230303924414328,0.021532970771659166
35.28033781051636,-2.628480470673984,-0.4690023231667955,-2.1594781475071883,0.422281681606546,0.40074871083488683,0.8230303924414328,0.021532970771659166
35.30033540725708,-2.8138248028106507,-0.4630924835334364,-2.3507323192772143,0.422281681606546,0.40074871083488683,0.8230303924414328,0.021532970771659166
35.32032060623169,-2.9986104186311904,-0.4583646118267492,-2.540245806804441,0.422281681606546,0.40074871083488683,0.8230303924414328,0.021532970771659166
35.34033131599426,-3.183158177488203,-0.4583646118267492,-2.7247935656614537,0.422281681606546,0.40074871083488683,0.8230303924414328,0.021532970771659166
35.360329389572144,-3.3670866863758233,-0.45458231446139935,-2.912504371914424,0.422281681606546,0.40074871083488683,0.8230303924414328,0.021532970771659166
35.38044834136963,-3.55159046178541,-0.4515564765691195,-3.1000339852162906,0.422281681606546,0.40074871083488683,0.8230303924414328,0.021532970771659166
35.40039110183716,-3.733918438805588,-0.4491358062552956,-3.2847826325502925,0.45375725165940817,0.4002831783902365,0.8540404300496447,0.05347407326917164
35.42039370536804,-3.9162046058798587,-0.4471992700042365,-3.469005335875622,0.45375725165940817,0.4002831783902365,0.8540404300496447,0.05347407326917164
35.440372705459595,-4.097658202552282,-0.4456500410033892,-3.6520081615488924,0.45375725165940817,0.4002831783902365,0.8540404300496447,0.05347407326917164
35.460280895233154,-4.277826437265825,-0.44441065780271133,-3.833415779463113,0.45375725165940817,0.4002831783902365,0.8540404300496447,0.05347407326917164
35.48025703430176,-4.457936816517741,-0.46099727624216913,-3.9969395402755716,0.45375725165940817,0.4002831783902365,0.8540404300496447,0.05347407326917164
35.50024151802063,-4.637419708176461,-0.4742665709937353,-4.163153137182726,0.45375725165940817,0.4002831783902365,0.8540404300496447,0.05347407326917164
35.520251989364624,-4.816403392014463,-0.48488200679498833,-4.3315213852194745,0.45375725165940817,0.4002831783902365,0.8540404300496447,0.05347407326917164
35.54020547866821,-4.994119313051562,-0.49337435543599073,-4.500744957615571,0.45375725165940817,0.4002831783902365,0.8540404300496447,0.05347407326917164
35.56024146080017,-5.171780078297867,-0.49337435543599073,-4.678405722861876,0.45375725165940817,0.4002831783902365,0.8540404300496447,0.05347407326917164
35.58030438423157,-5.348858442611308,-0.5177463593487927,-4.831112083262516,0.45375725165940817,0.4002831783902365,0.8540404300496447,0.05347407326917164
35.600269079208374,-5.524226135473804,-0.5372439624790342,-4.98698217299477,0.46429253467358644,0.4015558991406578,0.8658484338142443,0.06273663553292863
35.62027096748352,-5.699048820163125,-0.5528420449832273,-5.146206775179898,0.46429253467358644,0.4015558991406578,0.8658484338142443,0.06273663553292863
35.640241622924805,-5.8727005258925296,-0.5653205109865819,-5.307380014905948,0.46429253467358644,0.4015558991406578,0.8658484338142443,0.06273663553292863
35.66028833389282,-6.046083588765861,-0.5753032837892655,-5.4707803049765955,0.46429253467358644,0.4015558991406578,0.8658484338142443,0.06273663553292863
35.68028545379639,-6.21808210817981,-0.5832895020314124,-5.634792606148397,0.46429253467358644,0.4015558991406578,0.8658484338142443,0.06273663553292863
35.70031523704529,-6.389377524782044,-0.58967847662513,-5.799699048156914,0.46429253467358644,0.4015558991406578,0.8658484338142443,0.06273663553292863
35.72030782699585,-6.559345732600849,-0.594789656300104,-5.964556076300745,0.46429253467358644,0.4015558991406578,0.8658484338142443,0.06273663553292863
35.740294456481934,-6.728228703292262,-0.5988786000400833,-6.129350103252179,0.46429253467358644,0.4015558991406578,0.8658484338142443,0.06273663553292863
35.76031255722046,-6.8963140330922,-0.6021497550320666,-6.2941642780601335,0.46429253467358644,0.4015558991406578,0.8658484338142443,0.06273663553292863
35.78024888038635,-7.062628435836194,-0.6021497550320666,-6.460478680804127,0.46429253467358644,0.4015558991406578,0.8658484338142443,0.06273663553292863
35.80029034614563,-7.228702958886298,-0.6047666790256534,-6.6239362798606445,0.48324039117433126,0.38318205585819665,0.8664224470325279,0.10005833531613462
35.82025861740112,-7.393031021601428,-0.6068602182205227,-6.786170803380905,0.48324039117433126,0.38318205585819665,0.8664224470325279,0.10005833531613462
35.84026384353638,-7.556496210354498,-0.6085350495764182,-6.94796116077808,0.48324039117433126,0.38318205585819665,0.8664224470325279,0.10005833531613462
35.8603036403656,-7.719046887200763,-0.6098749146611345,-7.109171972539628,0.48324039117433126,0.38318205585819665,0.8664224470325279,0.10005833531613462
35.880292654037476,-7.879966528630987,-0.6109468067289077,-7.269019721902079,0.48324039117433126,0.38318205585819665,0.8664224470325279,0.10005833531613462
35.90027689933777,-8.039605258093166,-0.6118043203831262,-7.42780093771004,0.48324039117433126,0.38318205585819665,0.8664224470325279,0.10005833531613462
35.920320987701416,-8.19844875580597,-0.6124903313065009,-7.585958424499469,0.48324039117433126,0.38318205585819665,0.8664224470325279,0.10005833531613462
35.94031858444214,-8.355628016926698,-0.6130391400452008,-7.742588876881497,0.48324039117433126,0.38318205585819665,0.8664224470325279,0.10005833531613462
35.96026372909546,-8.511081082948978,-0.6134781870361606,-7.897602895912818,0.48324039117433126,0.38318205585819665,0.8664224470325279,0.10005833531613462
35.98026514053345,-8.665630373629526,-0.6138294246289285,-8.051800949000597,0.48324039117433126,0.38318205585819665,0.8664224470325279,0.10005833531613462
36.00037240982056,-8.819618095454281,-0.6138294246289285,-8.205788670825353,0.4976641163695603,0.37569641143199983,0.8733605278015601,0.12196770493756048
36.02023386955261,-8.970341437811502,-0.6141104147031428,-8.356231023108359,0.4976641163695603,0.37569641143199983,0.8733605278015601,0.12196770493756048
36.040274143218994,-9.121005794063676,-0.6143352067625143,-8.506670587301162,0.4976641163695603,0.37569641143199983,0.8733605278015601,0.12196770493756048
36.06033182144165,-9.270352988855995,-0.6320931654100114,-8.638259823445983,0.4976641163695603,0.37569641143199983,0.8733605278015601,0.12196770493756048
36.080294132232666,-9.4175282580267,-0.6814557823280092,-8.736072475698691,0.4976641163695603,0.37569641143199983,0.8733605278015601,0.12196770493756048
36.10029172897339,-9.563478196961507,-0.7736802508624075,-8.7897979460991,0.4976641163695603,0.37569641143199983,0.8733605278015601,0.12196770493756048
36.120322465896606,-9.708156416313185,-0.9001942006899261,-8.80796221562326,0.4976641163695603,0.37569641143199983,0.8733605278015601,0.12196770493756048
36.14022874832153,-9.85041232672893,-1.0365616105519408,-8.81385071617699,0.48904793714173134,0.3478454463940579,0.8368933835357892,0.14120249074767344
36.1602737903595,-9.992102700169225,-1.1632336634415525,-8.828869036727673,0.48904793714173134,0.3478454463940579,0.8368933835357892,0.14120249074767344
36.18024039268494,-10.131662951138479,-1.2821494307532422,-8.849513520385237,0.48904793714173134,0.3478454463940579,0.8368933835357892,0.14120249074767344
36.20025038719177,-10.269926713864823,-1.4124382946025937,-8.857488419262229,0.48904793714173134,0.3478454463940579,0.8368933835357892,0.14120249074767344
36.220253705978394,-10.406521802112989,-1.4124382946025937,-8.994083507510396,0.48904793714173134,0.3478454463940579,0.8368933835357892,0.14120249074767344
36.24025845527649,-10.541482626084411,-1.551825635682075,-8.989656990402336,0.50333804176189,0.32175420232233587,0.8250922440842259,0.18158383943955414
36.2602481842041,-10.67467858357109,-1.7160698835456603,-8.95860870002543,0.50333804176189,0.32175420232233587,0.8250922440842259,0.18158383943955414
36.28037357330322,-10.80707732173121,-1.9001996568365283,-8.906877664894681,0.50333804176189,0.32175420232233587,0.8250922440842259,0.18158383943955414
36.300384759902954,-10.937011448957081,-2.1002378504692225,-8.83677359848786,0.50333804176189,0.32175420232233587,0.8250922440842259,0.18158383943955414
36.3203022480011,-11.064620327618751,-2.313002780375378,-8.751617547243374,0.50333804176189,0.32175420232233587,0.8250922440842259,0.18158383943955414
36.34024977684021,-11.190684896277762,-2.5359490993003027,-8.654735796977459,0.50333804176189,0.32175420232233587,0.8250922440842259,0.18158383943955414
36.360212564468384,-11.315085996251957,-2.784618654440242,-8.530467341811715,0.5165487472433596,0.2890411653381306,0.8055899125814903,0.22750758190522902
36.380370140075684,-11.43889460284052,-3.0362886735521935,-8.402605929288328,0.5165487472433596,0.2890411653381306,0.8055899125814903,0.22750758190522902
36.40025877952576,-11.55925312744406,-3.2727809388417546,-8.286472188602307,0.5165487472433596,0.2890411653381306,0.8055899125814903,0.22750758190522902
36.42026376724243,-11.678494771028312,-3.461974751073404,-8.216520019954908,0.5165487472433596,0.2890411653381306,0.8055899125814903,0.22750758190522902
36.44022226333618,-11.795620648596312,-3.461974751073404,-8.333645897522908,0.5165487472433596,0.2890411653381306,0.8055899125814903,0.22750758190522902
36.46021890640259,-11.911110114949022,-3.6133298008587227,-8.2977803140903,0.5165487472433596,0.2890411653381306,0.8055899125814903,0.22750758190522902
36.48033952713013,-12.025417776153686,-3.7871482156869782,-8.238269560466708,0.5165487472433596,0.2890411653381306,0.8055899125814903,0.22750758190522902
36.500327348709106,-12.13706808746216,-4.014093572549583,-8.122974514912578,0.5165487472433596,0.2890411653381306,0.8055899125814903,0.22750758190522902
36.52027702331543,-12.246596550148533,-4.283540483039666,-7.963056067108867,0.5165487472433596,0.2890411653381306,0.8055899125814903,0.22750758190522902
36.54023814201355,-12.35426202476172,-4.551832386431734,-7.802429638329986,0.5165487472433596,0.2890411653381306,0.8055899125814903,0.22750758190522902
36.56022047996521,-12.460095541835164,-4.784044034145388,-7.676051507689777,0.5254936395678669,0.28125915916752997,0.8067527987353968,0.2442344804003369
36.58022093772888,-12.564058230538325,-4.969813352316311,-7.594244878222015,0.5254936395678669,0.28125915916752997,0.8067527987353968,0.2442344804003369
36.60022473335266,-12.666053670611845,-5.118428806853049,-7.547624863758796,0.5254936395678669,0.28125915916752997,0.8067527987353968,0.2442344804003369
36.62020254135132,-12.765919633218305,-5.237321170482439,-7.528598462735865,0.5254936395678669,0.28125915916752997,0.8067527987353968,0.2442344804003369
36.640212535858154,-12.863930203722985,-5.332435061385952,-7.531495142337033,0.5254936395678669,0.28125915916752997,0.8067527987353968,0.2442344804003369
36.66021275520325,-12.959860992515882,-5.332435061385952,-7.62742593112993,0.5254936395678669,0.28125915916752997,0.8067527987353968,0.2442344804003369
36.680214405059814,-13.053751865633108,-5.408526174108762,-7.645225691524346,0.5254936395678669,0.28125915916752997,0.8067527987353968,0.2442344804003369
36.70021843910217,-13.145591882426235,-5.52213343928701,-7.623458443139225,0.5254936395678669,0.28125915916752997,0.8067527987353968,0.2442344804003369
36.72020626068115,-13.235283315526944,-5.683331751429608,-7.551951564097336,0.5254936395678669,0.28125915916752997,0.8067527987353968,0.2442344804003369
36.74021339416504,-13.322970916078734,-5.865024776143687,-7.457946139935047,0.5254936395678669,0.28125915916752997,0.8067527987353968,0.2442344804003369
36.760231018066406,-13.408597483097926,-6.01037919591495,-7.398218287182976,0.5111740679014474,0.28845101276529017,0.7996250806667375,0.2227230551361572
36.78027081489563,-13.492194259464378,-6.144240856731961,-7.347953402732418,0.5111740679014474,0.28845101276529017,0.7996250806667375,0.2227230551361572
36.800294399261475,-13.57358694230452,-6.268908310385569,-7.30467863191895,0.5111740679014474,0.28845101276529017,0.7996250806667375,0.2227230551361572
36.82025599479675,-13.652589145204026,-6.403798523308456,-7.248790621895569,0.5111740679014474,0.28845101276529017,0.7996250806667375,0.2227230551361572
36.840214014053345,-13.729430141547155,-6.511710693646765,-7.21771944790039,0.5111740679014474,0.28845101276529017,0.7996250806667375,0.2227230551361572
36.86020016670227,-13.804215938198025,-6.598040429917412,-7.206175508280613,0.5275822934228926,0.2883160529774613,0.815898346400354,0.23926624044543132
36.88021159172058,-13.876915337250159,-6.598040429917412,-7.278874907332747,0.5275822934228926,0.2883160529774613,0.815898346400354,0.23926624044543132
36.90019869804382,-13.947336560940125,-6.66710421893393,-7.280232342006195,0.5275822934228926,0.2883160529774613,0.815898346400354,0.23926624044543132
36.92021465301514,-14.015655050929217,-6.722355250147145,-7.293299800782072,0.5275822934228926,0.2883160529774613,0.815898346400354,0.23926624044543132
36.940208196640015,-14.0816840051196,-6.766556075117716,-7.315127930001884,0.5275822934228926,0.2883160529774613,0.815898346400354,0.23926624044543132
36.960185527801514,-14.145439896675143,-6.8019167350941725,-7.34352316158097,0.5275822934228926,0.2883160529774613,0.815898346400354,0.23926624044543132
36.980191469192505,-14.207053632390513,-6.830205263075339,-7.376848369315175,0.5275822934228926,0.2883160529774613,0.815898346400354,0.23926624044543132
37.00018358230591,-14.266382317668649,-6.852836085460271,-7.413546232208378,0.5275822934228926,0.2883160529774613,0.815898346400354,0.23926624044543132
37.02022743225098,-14.323604733131853,-6.870940743368217,-7.452663989763637,0.5275822934228926,0.2883160529774613,0.815898346400354,0.23926624044543132
37.040231704711914,-14.37844909811226,-6.885424469694574,-7.493024628417685,0.5275822934228926,0.2883160529774613,0.815898346400354,0.23926624044543132
37.060227155685425,-14.430999287397327,-6.8970114507556595,-7.533987836641668,0.5275822934228926,0.2883160529774613,0.815898346400354,0.23926624044543132
37.080223083496094,-14.481272862752391,-6.906281035604528,-7.574991827147863,0.5384742282796651,0.26565414910437535,0.8041283773840404,0.2728200791752897
37.10026931762695,-14.52937844821815,-6.906281035604528,-7.623097412613622,0.5384742282796651,0.26565414910437535,0.8041283773840404,0.2728200791752897
37.12024974822998,-14.575032490725208,-6.913696703483622,-7.661335787241586,0.5384742282796651,0.26565414910437535,0.8041283773840404,0.2728200791752897
37.14022994041443,-14.6183889647779,-6.919629237786898,-7.6987597269910015,0.5384742282796651,0.26565414910437535,0.8041283773840404,0.2728200791752897
37.16021966934204,-14.659460639585058,-6.924375265229519,-7.735085374355539,0.5384742282796651,0.26565414910437535,0.8041283773840404,0.2728200791752897
37.180217266082764,-14.698234591860217,-6.928172087183615,-7.770062504676602,0.5330577102024108,0.2594305203412659,0.7924882305436767,0.27362718986114487
37.20019602775574,-14.734654839532373,-6.931209544746893,-7.80344529478548,0.5330577102024108,0.2594305203412659,0.7924882305436767,0.27362718986114487
37.220266342163086,-14.768904156777712,-6.933639510797514,-7.835264645980198,0.5330577102024108,0.2594305203412659,0.7924882305436767,0.27362718986114487
37.240234375,-14.800648257129131,-6.935583483638012,-7.865064773491119,0.5330577102024108,0.2594305203412659,0.7924882305436767,0.27362718986114487
37.26021885871887,-14.830085900399553,-6.93713866191041,-7.892947238489143,0.5330577102024108,0.2594305203412659,0.7924882305436767,0.27362718986114487
37.280211448669434,-14.857195850641283,-6.938382804528328,-7.9188130461129544,0.5090341307688504,0.24905220429645844,0.7580863350653089,0.25998192647239193
37.3003191947937,-14.88209726541006,-6.939378118622662,-7.942719146787398,0.5090341307688504,0.24905220429645844,0.7580863350653089,0.25998192647239193
37.320404291152954,-14.904599199744174,-6.939378118622662,-7.965221081121512,0.5090341307688504,0.24905220429645844,0.7580863350653089,0.25998192647239193
37.3402795791626,-14.924529474712154,-6.957752494898131,-7.966776979814023,0.5090341307688504,0.24905220429645844,0.7580863350653089,0.25998192647239193
37.36018443107605,-14.942156741700165,-7.042764495918505,-7.89939224578166,0.5090341307688504,0.24905220429645844,0.7580863350653089,0.25998192647239193
37.38015604019165,-14.957494210947297,-7.216242846734805,-7.741251364212492,0.5090341307688504,0.24905220429645844,0.7580863350653089,0.25998192647239193
37.40021252632141,-14.970526563203563,-7.442916152387845,-7.5276104108157185,0.5090341307688504,0.24905220429645844,0.7580863350653089,0.25998192647239193
37.42022490501404,-14.98116070137828,-7.676989171910275,-7.304171529468006,0.5090341307688504,0.24905220429645844,0.7580863350653089,0.25998192647239193
37.44025993347168,-14.989434223681886,-7.86424758752822,-7.125186636153667,0.5090341307688504,0.24905220429645844,0.7580863350653089,0.25998192647239193
37.46025800704956,-14.995323750039239,-8.014054320022577,-6.981269430016662,0.5058626018464565,0.2510168143664486,0.7568794162129051,0.25484578748000786
37.480242013931274,-14.998844151876566,-8.133899706018061,-6.864944445858505,0.5058626018464565,0.2510168143664486,0.7568794162129051,0.25484578748000786
37.5002281665802,-14.999999845856554,-8.229776014814448,-6.770223831042106,0.5058626018464565,0.2510168143664486,0.7568794162129051,0.25484578748000786
37.520238399505615,-14.998787260628335,-8.30647706185156,-6.6923101987767755,0.5058626018464565,0.2510168143664486,0.7568794162129051,0.25484578748000786
37.54025888442993,-14.995201325240487,-8.30647706185156,-6.688724263388927,0.5058626018464565,0.2510168143664486,0.7568794162129051,0.25484578748000786
37.56024479866028,-14.989254954527835,-8.367837899481248,-6.621417055046587,0.5204053603112697,0.24123564838664602,0.7616410086979157,0.2791697119246237
37.58033728599548,-14.980894293750973,-8.416926569584998,-6.563967724165975,0.5204053603112697,0.24123564838664602,0.7616410086979157,0.2791697119246237
37.60020613670349,-14.970278811897446,-8.456197505668,-6.514081306229446,0.5204053603112697,0.24123564838664602,0.7616410086979157,0.2791697119246237
37.6202118396759,-14.957232978290422,-8.4876142545344,-6.469618723756023,0.5204053603112697,0.24123564838664602,0.7616410086979157,0.2791697119246237
37.640206813812256,-14.94183277370404,-8.512747653627521,-6.429085120076518,0.5204053603112697,0.24123564838664602,0.7616410086979157,0.2791697119246237
37.66017150878906,-14.924102940151377,-8.532854372902015,-6.391248567249361,0.5204053603112697,0.24123564838664602,0.7616410086979157,0.2791697119246237
37.68014907836914,-14.904011025751052,-8.548939748321612,-6.35507127742944,0.5204053603112697,0.24123564838664602,0.7616410086979157,0.2791697119246237
37.70013618469238,-14.881559598717374,-8.56180804865729,-6.319751550060083,0.5204053603112697,0.24123564838664602,0.7616410086979157,0.2791697119246237
37.720139503479004,-14.856740163175454,-8.572102688925833,-6.284637474249621,0.5204053603112697,0.24123564838664602,0.7616410086979157,0.2791697119246237
37.740318298339844,-14.829325214078155,-8.580338401140667,-6.248986812937488,0.5422739505767822,0.26982085510389875,0.8120948056806809,0.27245309547288343
37.76021885871887,-14.799953552343831,-8.580338401140667,-6.219615151203165,0.5422739505767822,0.26982085510389875,0.8120948056806809,0.27245309547288343
37.780226707458496,-14.768090902035478,-8.586926970912534,-6.181163931122944,0.5422739505767822,0.26982085510389875,0.8120948056806809,0.27245309547288343
37.8001914024353,-14.733970632457948,-8.592197826730027,-6.141772805727921,0.5422739505767822,0.26982085510389875,0.8120948056806809,0.27245309547288343
37.82013773918152,-14.697566474973149,-8.596414511384022,-6.1011519635891265,0.5422739505767822,0.26982085510389875,0.8120948056806809,0.27245309547288343
37.84014630317688,-14.658729460292863,-8.599787859107218,-6.058941601185644,0.5376940619200468,0.2599897907231934,0.7976838526432402,0.27770427119685337
37.86013650894165,-14.617614498789337,-8.602486537285774,-6.015127961503563,0.5376940619200468,0.2599897907231934,0.7976838526432402,0.27770427119685337
37.880120038986206,-14.57420839130377,-8.604645479828621,-5.969562911475149,0.5376940619200468,0.2599897907231934,0.7976838526432402,0.27770427119685337
37.90017771720886,-14.528330784412468,-8.606372633862897,-5.921958150549571,0.53285928145051,0.26457144656451415,0.7974307280150241,0.26828783488599584
37.92014789581299,-14.480360936862958,-8.607754357090316,-5.872606579772642,0.53285928145051,0.26457144656451415,0.7974307280150241,0.26828783488599584
37.940165758132935,-14.429988580844416,-8.608859735672253,-5.821128845172163,0.53285928145051,0.26457144656451415,0.7974307280150241,0.26828783488599584
37.960172176361084,-14.377364243537773,-8.609744038537803,-5.76762020499997,0.5384694750420749,0.2749487269786186,0.8134182020206935,0.26352074806345627
37.98017954826355,-14.32246542554526,-8.609744038537803,-5.712721387007457,0.5384694750420749,0.2749487269786186,0.8134182020206935,0.26352074806345627
38.00016665458679,-14.265362298640213,-8.61045148083024,-5.654910817809972,0.5384694750420749,0.2749487269786186,0.8134182020206935,0.26352074806345627
38.020164012908936,-14.205978389589239,-8.611017434664193,-5.594960954925046,0.5507283166982233,0.2622832978260703,0.8130116145242936,0.288445018872153
38.04016661643982,-14.144335326713865,-8.611470197731355,-5.532865128982509,0.5507283166982233,0.2622832978260703,0.8130116145242936,0.288445018872153
38.06018686294556,-14.080400802708247,-8.611832408185084,-5.468568394523164,0.5507283166982233,0.2622832978260703,0.8130116145242936,0.288445018872153
38.080146074295044,-14.014443399244136,-8.612122176548068,-5.402321222696068,0.5583262003958225,0.2631618157494813,0.8214880161453038,0.2951643846463412
38.100133657455444,-13.946183515649354,-8.612353991238455,-5.333829524410898,0.5583262003958225,0.2631618157494813,0.8214880161453038,0.2951643846463412
38.12019228935242,-13.875469733492334,-8.612539442990764,-5.26293029050157,0.565612655878067,0.27006011740304525,0.8356727732811122,0.2955525384750217
38.14013481140137,-13.802980394298691,-8.61268780439261,-5.190292589906081,0.565612655878067,0.27006011740304525,0.8356727732811122,0.2955525384750217
38.1601345539093,-13.728106598194897,-8.61280649351409,-5.1153001046808075,0.565612655878067,0.27006011740304525,0.8356727732811122,0.2955525384750217
38.180136919021606,-13.651054786506585,-8.612901444811271,-5.038153341695313,0.594877852872014,0.28556468714959915,0.8804425400216132,0.30931316572241485
38.20014238357544,-13.571834365147117,-8.612901444811271,-4.958932920335846,0.594877852872014,0.28556468714959915,0.8804425400216132,0.30931316572241485
38.220131397247314,-13.490537407776237,-8.612977405849017,-4.87756000192722,0.594877852872014,0.28556468714959915,0.8804425400216132,0.30931316572241485
38.24019002914429,-13.40681822021154,-8.613038174679215,-4.7937800455323245,0.594877852872014,0.28556468714959915,0.8804425400216132,0.30931316572241485
38.260212898254395,-13.321124457395175,-8.613086789743372,-4.708037667651803,0.5856548629701137,0.2861836204421706,0.8718384834122843,0.2994712425279431
38.28025984764099,-13.233215463236116,-8.613125681794697,-4.620089781441418,0.5856548629701137,0.2861836204421706,0.8718384834122843,0.2994712425279431
38.300264835357666,-13.14339755455313,-8.613156795435758,-4.530240759117373,0.5856548629701137,0.2861836204421706,0.8718384834122843,0.2994712425279431
38.32026529312134,-13.051524158368167,-8.613181686348607,-4.43834247201956,0.5856548629701137,0.2861836204421706,0.8718384834122843,0.2994712425279431
38.34019637107849,-12.957919076694727,-8.613201599078886,-4.344717477615841,0.5856548629701137,0.2861836204421706,0.8718384834122843,0.2994712425279431
38.36020874977112,-12.861887613513417,-8.613217529263109,-4.248670084250309,0.5856548629701137,0.2861836204421706,0.8718384834122843,0.2994712425279431
38.38021922111511,-12.763832037102402,-8.613230273410487,-4.150601763691915,0.5856548629701137,0.2861836204421706,0.8718384834122843,0.2994712425279431
38.400187492370605,-12.663971949072842,-8.613240468728389,-4.050731480344453,0.5856548629701137,0.2861836204421706,0.8718384834122843,0.2994712425279431
38.42017364501953,-12.562026315585335,-8.613240468728389,-3.9487858468569463,0.5856548629701137,0.2861836204421706,0.8718384834122843,0.2994712425279431
38.44019269943237,-12.457927027322148,-8.613248624982711,-3.8446784023394365,0.5856548629701137,0.2861836204421706,0.8718384834122843,0.2994712425279431
38.46026945114136,-12.351548198156019,-8.61325514998617,-3.738293048169849,0.6012766927480697,0.29619266894878815,0.8974693616968579,0.30508402379928157
38.48027229309082,-12.243606355615439,-8.613260369988936,-3.6303459856265032,0.6012766927480697,0.29619266894878815,0.8974693616968579,0.30508402379928157
38.500362157821655,-12.133248339304828,-8.630842670991148,-3.5024056683136795,0.6012766927480697,0.29619266894878815,0.8974693616968579,0.30508402379928157
38.52027416229248,-12.021959656792843,-8.64490851179292,-3.377051144999923,0.6012766927480697,0.29619266894878815,0.8974693616968579,0.30508402379928157
38.54029822349548,-11.908147066897147,-8.656161184434335,-3.2519858824628116,0.6012766927480697,0.29619266894878815,0.8974693616968579,0.30508402379928157
38.56019186973572,-11.793209102483173,-8.66516332254747,-3.1280457799357038,0.6012766927480697,0.29619266894878815,0.8974693616968579,0.30508402379928157
38.58017039299011,-11.67592643692474,-8.689943158037977,-2.9859832788867635,0.5952244971878826,0.3165575588238425,0.9117820560117251,0.2786669383640401
38.600168228149414,-11.55668793307998,-8.70976702643038,-2.846920906649599,0.5952244971878826,0.3165575588238425,0.9117820560117251,0.2786669383640401
38.62025189399719,-11.435101381972453,-8.725626121144305,-2.709475260828148,0.5952244971878826,0.3165575588238425,0.9117820560117251,0.2786669383640401
38.64027166366577,-11.312089443939303,-8.725626121144305,-2.586463322794998,0.5952244971878826,0.3165575588238425,0.9117820560117251,0.2786669383640401
38.66023540496826,-11.187639418700709,-8.738313396915444,-2.4493260217852644,0.5952244971878826,0.3165575588238425,0.9117820560117251,0.2786669383640401
38.68028426170349,-11.060887297481742,-8.748463217532356,-2.312424079949386,0.5761863172985613,0.32130097142653535,0.8974872887250966,0.25488534587202594
38.700244188308716,-10.932953851822463,-8.756583074025885,-2.1763707777965777,0.5761863172985613,0.32130097142653535,0.8974872887250966,0.25488534587202594
38.72023057937622,-10.80312784071436,-8.763078959220707,-2.0400488814936537,0.5761863172985613,0.32130097142653535,0.8974872887250966,0.25488534587202594
38.740206480026245,-10.671667691525991,-8.768275667376566,-1.9033920241494258,0.5761863172985613,0.32130097142653535,0.8974872887250966,0.25488534587202594
38.76026916503906,-10.53794435780754,-8.772433033901253,-1.7655113239062867,0.5761863172985613,0.32130097142653535,0.8974872887250966,0.25488534587202594
38.78022813796997,-10.403250708060094,-8.775758927121002,-1.627491780939092,0.586355631519109,0.30219486831920217,0.8885504998383111,0.2841607631999068
38.80023789405823,-10.266572054633908,-8.778419641696802,-1.4881524129371062,0.586355631519109,0.30219486831920217,0.8885504998383111,0.2841607631999068
38.82022142410278,-10.128452927569018,-8.780548213357443,-1.347904714211575,0.586355631519109,0.30219486831920217,0.8885504998383111,0.2841607631999068
38.840206146240234,-9.988728651687396,-8.782251070685955,-1.2064775810014403,0.586355631519109,0.30219486831920217,0.8885504998383111,0.2841607631999068
38.86022210121155,-9.847207400225392,-8.782251070685955,-1.0649563295394362,0.586355631519109,0.30219486831920217,0.8885504998383111,0.2841607631999068
38.88019394874573,-9.704445664617081,-8.783613356548765,-0.9208323080683165,0.5904046965762972,0.33583281292812894,0.9262375095044262,0.2545718836481683
38.900240421295166,-9.559613817839251,-8.78470318523901,-0.7749106326002408,0.5904046965762972,0.33583281292812894,0.9262375095044262,0.2545718836481683
38.92018413543701,-9.414019385150779,-8.785575048191209,-0.6284443369595696,0.5904046965762972,0.33583281292812894,0.9262375095044262,0.2545718836481683
38.9401912689209,-9.266476713135894,-8.786272538552968,-0.4802041745829264,0.5904046965762972,0.33583281292812894,0.9262375095044262,0.2545718836481683
38.960169553756714,-9.117685611848495,-8.786830530842376,-0.3308550810061188,0.5904046965762972,0.33583281292812894,0.9262375095044262,0.2545718836481683
38.980207681655884,-8.967005719572258,-8.7872769246739,-0.1797287948983577,0.5904046965762972,0.33583281292812894,0.9262375095044262,0.2545718836481683
39.00016665458679,-8.815508027236646,-8.787634039739121,-0.02787398749752512,0.617031074874103,0.329352493037004,0.946383567911107,0.28767858183709905
39.020179986953735,-8.66220570940038,-8.787919731791296,0.1257140223909161,0.617031074874103,0.329352493037004,0.946383567911107,0.28767858183709905
39.04014873504639,-8.507879776043971,-8.788148285433039,0.28026850938906733,0.617031074874103,0.329352493037004,0.946383567911107,0.28767858183709905
39.06017255783081,-8.35178338413702,-8.788331128346432,0.43654774420941145,0.617031074874103,0.329352493037004,0.946383567911107,0.28767858183709905
39.08016800880432,-8.194588975197,-8.788331128346432,0.5937421531494316,0.617031074874103,0.329352493037004,0.946383567911107,0.28767858183709905
39.10017776489258,-8.03598729207102,-8.788477402677145,0.752490110606125,0.617031074874103,0.329352493037004,0.946383567911107,0.28767858183709905
39.1202118396759,-7.875920333496151,-8.771016297141717,0.8950959636455655,0.617031074874103,0.329352493037004,0.946383567911107,0.28767858183709905
39.14017724990845,-7.71516042540647,-8.774625537713375,1.0594651123069045,0.617031074874103,0.329352493037004,0.946383567911107,0.28767858183709905
39.16019344329834,-7.552772898006505,-8.7775129301707,1.2247400321641946,0.617031074874103,0.329352493037004,0.946383567911107,0.28767858183709905
39.18018388748169,-7.38940195957473,-8.77982284413656,1.3904208845618289,0.617031074874103,0.329352493037004,0.946383567911107,0.28767858183709905
39.200231313705444,-7.2243946162692225,-8.781670775309248,1.5572761590400255,0.576470728777349,0.3331105009303428,0.9095812297076917,0.24336022784700617
39.22019839286804,-7.058909211790841,-8.783149120247398,1.724239908456557,0.576470728777349,0.3331105009303428,0.9095812297076917,0.24336022784700617
39.240187883377075,-6.8921251855819206,-8.78433179619792,1.8922066106159994,0.576470728777349,0.3331105009303428,0.9095812297076917,0.24336022784700617
39.26021647453308,-6.723924542051865,-8.785277936958336,2.0613533949064706,0.576470728777349,0.3331105009303428,0.9095812297076917,0.24336022784700617
39.28019881248474,-6.555051175857298,-8.78603484956667,2.230983673709372,0.576470728777349,0.3331105009303428,0.9095812297076917,0.24336022784700617
39.30019021034241,-6.385067253239956,-8.78603484956667,2.400967596326714,0.5898704713210463,0.35276014624396335,0.9426306175650097,0.23711032507708296
39.32028937339783,-6.213151498342655,-8.786640379653337,2.5734888813106815,0.5898704713210463,0.35276014624396335,0.9426306175650097,0.23711032507708296
39.34026908874512,-6.041275304664952,-8.78712480372267,2.7458494990577176,0.5898704713210463,0.35276014624396335,0.9426306175650097,0.23711032507708296
39.36019325256348,-5.868928883505423,-8.787512342978136,2.918583459472713,0.5898704713210463,0.35276014624396335,0.9426306175650097,0.23711032507708296
39.38021183013916,-5.694839510110059,-8.78782237438251,3.09298286427245,0.5898704713210463,0.35276014624396335,0.9426306175650097,0.23711032507708296
39.400190353393555,-5.520200195996997,-8.788070399506008,3.267870203509011,0.5996278727427125,0.3873119753436185,0.986939848086331,0.21231589739909396
39.420220136642456,-5.344239640891824,-8.788268819604808,3.4440291787129835,0.5996278727427125,0.3873119753436185,0.986939848086331,0.21231589739909396
39.44019651412964,-5.167905177323888,-8.788427555683846,3.620522378359958,0.5996278727427125,0.3873119753436185,0.986939848086331,0.21231589739909396
39.46020483970642,-4.990472618440822,-8.788554544547079,3.7980819261062573,0.5996278727427125,0.3873119753436185,0.986939848086331,0.21231589739909396
39.48019504547119,-4.812413097786701,-8.788656135637662,3.9762430378509617,0.5996278727427125,0.3873119753436185,0.986939848086331,0.21231589739909396
39.500200510025024,-4.633457607937196,-8.78873740851013,4.155279800572934,0.5996278727427125,0.3873119753436185,0.986939848086331,0.21231589739909396
39.52020788192749,-4.453752875879376,-8.78873740851013,4.334984532630754,0.5996278727427125,0.3873119753436185,0.986939848086331,0.21231589739909396
39.54024147987366,-4.273107393675851,-8.788802426808104,4.515695033132253,0.5996278727427125,0.3873119753436185,0.986939848086331,0.21231589739909396
39.560222864151,-4.0922583062795574,-8.788854441446484,4.696596135166926,0.5996278727427125,0.3873119753436185,0.986939848086331,0.21231589739909396
39.580217599868774,-3.91064272372713,-8.788896053157186,4.8782533294300565,0.557702569104731,0.4378952894941903,0.9955978585989214,0.11980727961054072
39.600274324417114,-3.7278440319152018,-8.78892934252575,5.061085310610547,0.557702569104731,0.4378952894941903,0.9955978585989214,0.11980727961054072
39.62024521827698,-3.5452393481362154,-8.7889559740206,5.243716625884385,0.557702569104731,0.4378952894941903,0.9955978585989214,0.11980727961054072
39.64021563529968,-3.3620808379638576,-8.78897727921648,5.426896441252623,0.557702569104731,0.4378952894941903,0.9955978585989214,0.11980727961054072
39.66020488739014,-3.178219499991921,-8.788994323373185,5.610774823381264,0.557702569104731,0.4378952894941903,0.9955978585989214,0.11980727961054072
39.68023872375488,-2.9934450801300168,-8.78900795869855,5.795562878568533,0.5876916198059916,0.4436160743818618,1.0313076941878534,0.14407554542412981
39.700212717056274,-2.808750393378355,-8.771440741958841,5.962690348580486,0.5876916198059916,0.4436160743818618,1.0313076941878534,0.14407554542412981
39.720175981521606,-2.6237128832075394,-8.722230718567074,6.098517835359535,0.5876916198059916,0.4436160743818618,1.0313076941878534,0.14407554542412981
39.74020266532898,-2.437672813278403,-8.722230718567074,6.284557905288671,0.5876916198059916,0.4436160743818618,1.0313076941878534,0.14407554542412981
39.760197162628174,-2.2515466930193426,-8.61255019985366,6.361003506834317,0.5876916198059916,0.4436160743818618,1.0313076941878534,0.14407554542412981
39.78017711639404,-2.0652009873644124,-8.507227659882927,6.442026672518515,0.5876916198059916,0.4436160743818618,1.0313076941878534,0.14407554542412981
39.80018663406372,-1.8782533760510105,-8.422969627906342,6.5447162518553315,0.5876916198059916,0.4436160743818618,1.0313076941878534,0.14407554542412981
39.8202805519104,-1.6902184999387349,-8.337985077325074,6.6477665773863395,0.5876916198059916,0.4436160743818618,1.0313076941878534,0.14407554542412981
39.84022045135498,-1.5033584935590794,-8.26999743686006,6.76663894330098,0.5876916198059916,0.4436160743818618,1.0313076941878534,0.14407554542412981
39.860273122787476,-1.3152037598023874,-8.215607324488047,6.90040356468566,0.6191425843164324,0.4847144492552615,1.103857033571694,0.1344281350611709
39.88031077384949,-1.1269814083782348,-8.172095234590438,7.045113826212203,0.6191425843164324,0.4847144492552615,1.103857033571694,0.1344281350611709
39.900256395339966,-0.939446079928847,-8.13728556267235,7.197839482743503,0.6191425843164324,0.4847144492552615,1.103857033571694,0.1344281350611709
39.920225620269775,-0.7515410299465741,-8.091859700137881,7.340318670191307,0.6191425843164324,0.4847144492552615,1.103857033571694,0.1344281350611709
39.940226316452026,-0.5632212675734323,-8.073097135110304,7.509875867536872,0.6860946116968989,0.5007795978919602,1.1868742095888591,0.18531501380493864
39.96024250984192,-0.37466654768699137,-8.073097135110304,7.698430587423313,0.6860946116968989,0.5007795978919602,1.1868742095888591,0.18531501380493864
39.98021650314331,-0.18645026356790179,-8.058087083088243,7.871636819520341,0.6860946116968989,0.5007795978919602,1.1868742095888591,0.18531501380493864
40.00016522407532,0.0015572002208357285,-8.046079041470595,8.04763624169143,0.6860946116968989,0.5007795978919602,1.1868742095888591,0.18531501380493864
40.020198822021484,0.19036430222922168,-8.036472608176476,8.226836910405698,0.6525785548612475,0.4851492409245111,1.1377277957857586,0.16742931393673638
40.04025173187256,0.37932319466329534,-8.02878746154118,8.408110656204475,0.6525785548612475,0.4851492409245111,1.1377277957857586,0.16742931393673638
40.06023693084717,0.567584167780537,-8.022639344232944,8.59022351201348,0.6525785548612475,0.4851492409245111,1.1377277957857586,0.16742931393673638
40.08022737503052,0.7558050175240906,-8.035298975386356,8.791103992910447,0.6525785548612475,0.4851492409245111,1.1377277957857586,0.16742931393673638
40.10023331642151,0.9440523991422362,-8.027848555309085,8.971900954451321,0.6525785548612475,0.4851492409245111,1.1377277957857586,0.16742931393673638
40.12020659446716,1.1318436484499352,-8.021888219247268,9.153731867697203,0.6446038035675883,0.48147935221204535,1.1260831557796336,0.16312445135554293
40.14020562171936,1.319698383477008,-8.017119950397815,9.336818333874822,0.6446038035675883,0.48147935221204535,1.1260831557796336,0.16312445135554293
40.16022801399231,1.5075638383910854,-8.013305335318252,9.520869173709338,0.6446038035675883,0.48147935221204535,1.1260831557796336,0.16312445135554293
40.18019700050354,1.6946905843429323,-8.013305335318252,9.707995919661185,0.6446038035675883,0.48147935221204535,1.1260831557796336,0.16312445135554293
40.2002112865448,1.8819741134409282,-8.010253643254602,9.89222775669553,0.6446038035675883,0.48147935221204535,1.1260831557796336,0.16312445135554293
40.22030258178711,2.069678887274671,-8.007812289603683,10.077491176878354,0.6397654114291071,0.4658955585793592,1.1056609700084663,0.17386985284974793
40.24024963378906,2.2557098525880996,-8.005859206682947,10.261569059271046,0.6397654114291071,0.4658955585793592,1.1056609700084663,0.17386985284974793
40.26034331321716,2.4427499923480545,-8.004296740346357,10.44704673269441,0.6397654114291071,0.4658955585793592,1.1056609700084663,0.17386985284974793
40.280253887176514,2.627701746553388,-8.003046767277086,10.630748513830474,0.6397654114291071,0.4658955585793592,1.1056609700084663,0.17386985284974793
40.30021786689758,2.8127366691565134,-8.00204678882167,10.814783457978184,0.6397654114291071,0.4658955585793592,1.1056609700084663,0.17386985284974793
40.32021975517273,2.9976790997807425,-8.001246806057335,10.998925905838078,0.6397654114291071,0.4658955585793592,1.1056609700084663,0.17386985284974793
40.34020495414734,3.181994359819485,-8.000606819845867,11.182601179665351,0.6397654114291071,0.4658955585793592,1.1056609700084663,0.17386985284974793
40.36018776893616,3.3657859920584996,-8.000094830876694,11.365880822935194,0.6397654114291071,0.4658955585793592,1.1056609700084663,0.17386985284974793
40.38018798828125,3.549206417000382,-7.999685239701355,11.548891656701738,0.6397654114291071,0.4658955585793592,1.1056609700084663,0.17386985284974793
40.400195598602295,3.7321338365861703,-7.999685239701355,11.731819076287525,0.65362991373986,0.4673231978551485,1.1209531115950084,0.18630671588471154
40.42025136947632,3.914909632627653,-7.999357566761084,11.914267199388737,0.65362991373986,0.4673231978551485,1.1209531115950084,0.18630671588471154
40.44023776054382,4.096434737473756,-7.999095428408868,12.095530165882625,0.65362991373986,0.4673231978551485,1.1209531115950084,0.18630671588471154
40.460211515426636,4.277199698989845,-7.998885717727094,12.276085416716938,0.65362991373986,0.4673231978551485,1.1209531115950084,0.18630671588471154
40.480183839797974,4.4572781392895156,-7.998717949181676,12.455996088471192,0.65362991373986,0.4673231978551485,1.1209531115950084,0.18630671588471154
40.50017476081848,4.636821355660626,-7.998583734345341,12.635405090005968,0.6097401639446616,0.44940213939407836,1.05914230333874,0.1603380245505832
40.52019548416138,4.815899039797034,-7.998476362476273,12.814375402273306,0.6097401639446616,0.44940213939407836,1.05914230333874,0.1603380245505832
40.54021239280701,4.9941807594493755,-7.998390464981019,12.992571224430394,0.6097401639446616,0.44940213939407836,1.05914230333874,0.1603380245505832
40.560192823410034,5.171349787445132,-7.998321746984816,13.169671534429948,0.6097401639446616,0.44940213939407836,1.05914230333874,0.1603380245505832
40.58018684387207,5.347823461624285,-7.998266772587853,13.346090234212138,0.6176546456292271,0.5010138013050891,1.1186684469343162,0.11664084432413802
40.600247621536255,5.524038115333495,-7.998222793070283,13.522260908403778,0.6176546456292271,0.5010138013050891,1.1186684469343162,0.11664084432413802
40.62023210525513,5.6987100160900175,-7.998222793070283,13.696932809160302,0.6176546456292271,0.5010138013050891,1.1186684469343162,0.11664084432413802
40.64022731781006,5.87257646568148,-7.980609484456227,13.853185950137707,0.6176546456292271,0.5010138013050891,1.1186684469343162,0.11664084432413802
40.66020894050598,6.045398792897689,-7.9665188375649825,14.011917630462673,0.6176546456292271,0.5010138013050891,1.1186684469343162,0.11664084432413802
40.68108296394348,6.224921449034586,-7.9728244450519865,14.197745894086573,0.6176546456292271,0.5010138013050891,1.1186684469343162,0.11664084432413802
40.70024657249451,6.3887920162753336,-7.97786893104159,14.366660947316923,0.6176546456292271,0.5010138013050891,1.1186684469343162,0.11664084432413802
40.720229625701904,6.558682898505784,-7.964326394833273,14.523009293339058,0.6176546456292271,0.5010138013050891,1.1186684469343162,0.11664084432413802
40.740211725234985,6.727531809615025,-7.9534923658666195,14.681024175481644,0.6176546456292271,0.5010138013050891,1.1186684469343162,0.11664084432413802
40.76023578643799,6.8956714814084075,-7.962403267693295,14.858074749101704,0.6176546456292271,0.5010138013050891,1.1186684469343162,0.11664084432413802
40.78022623062134,7.062440109004896,-7.969531989154637,15.031972098159534,0.6174786007642978,0.5388279490754939,1.1563065498397918,0.07865065168880392
40.80025100708008,7.2283780880879265,-7.97523496632371,15.203613054411637,0.6174786007642978,0.5388279490754939,1.1563065498397918,0.07865065168880392
40.820236682891846,7.392851146210941,-7.979797348058969,15.37264849426991,0.6174786007642978,0.5388279490754939,1.1563065498397918,0.07865065168880392
40.84024214744568,7.556319570942989,-7.979797348058969,15.536116919001959,0.6174786007642978,0.5388279490754939,1.1563065498397918,0.07865065168880392
40.86021184921265,7.718305103339239,-7.983447253447176,15.701752356786415,0.6174786007642978,0.5388279490754939,1.1563065498397918,0.07865065168880392
40.88020157814026,7.879236130407657,-7.968789052757742,15.848025183165399,0.6174786007642978,0.5388279490754939,1.1563065498397918,0.07865065168880392
40.90024948120117,8.039387098341221,-7.886749992206195,15.926137090547417,0.6174786007642978,0.5388279490754939,1.1563065498397918,0.07865065168880392
40.92230534553528,8.21410387805415,-7.7859624937649565,16.000066371819106,0.6174786007642978,0.5388279490754939,1.1563065498397918,0.07865065168880392
40.940232276916504,8.354952464316455,-7.722910620011964,16.07786308432842,0.6174786007642978,0.5388279490754939,1.1563065498397918,0.07865065168880392
40.96032953262329,8.511591758813124,-7.672469121009572,16.184060879822695,0.6174786007642978,0.5388279490754939,1.1563065498397918,0.07865065168880392
40.98039627075195,8.666639117083331,-7.579381546807657,16.246020663890988,0.6174786007642978,0.5388279490754939,1.1563065498397918,0.07865065168880392
41.0003023147583,8.819083716557621,-7.469755237446125,16.288838954003747,0.6174786007642978,0.5388279490754939,1.1563065498397918,0.07865065168880392
41.02025270462036,8.97048371281593,-7.3820541899569,16.35253790277283,0.6174786007642978,0.5388279490754939,1.1563065498397918,0.07865065168880392
41.04029059410095,9.12112888230254,-7.311893351965521,16.43302223426806,0.6174786007642978,0.5388279490754939,1.1563065498397918,0.07865065168880392
41.06024479866028,9.269708190173132,-7.311893351965521,16.581601542138653,0.6202612252120161,0.5545055315480567,1.1747667567600728,0.06575569366395939
41.08023428916931,9.417089258161147,-7.255764681572417,16.672853939733564,0.6202612252120161,0.5545055315480567,1.1747667567600728,0.06575569366395939
41.10023641586304,9.563076572928706,-7.210861745257934,16.77393831818664,0.6202612252120161,0.5545055315480567,1.1747667567600728,0.06575569366395939
41.12020683288574,9.70732561195367,-7.174939396206348,16.88226500816002,0.6202612252120161,0.5545055315480567,1.1747667567600728,0.06575569366395939
41.14020895957947,9.85027167229253,-7.146201516965078,16.996473189257607,0.6202612252120161,0.5545055315480567,1.1747667567600728,0.06575569366395939
41.16030144691467,9.992297103493977,-7.123211213572063,17.115508317066038,0.6202612252120161,0.5545055315480567,1.1747667567600728,0.06575569366395939
41.180206298828125,10.131425998693516,-7.104818970857651,17.236244969551166,0.5832513266388559,0.49287336400011544,1.0761246906389714,0.09037796263874048
41.20024347305298,10.269879218112214,-7.090105176686121,17.359984394798335,0.5832513266388559,0.49287336400011544,1.0761246906389714,0.09037796263874048
41.22025418281555,10.406525038745071,-7.078334141348897,17.48485918009397,0.5832513266388559,0.49287336400011544,1.0761246906389714,0.09037796263874048
41.24021649360657,10.541201269832202,-7.068917313079118,17.61011858291132,0.5832513266388559,0.49287336400011544,1.0761246906389714,0.09037796263874048
41.26017618179321,10.674201824946541,-7.061383850463295,17.735585675409837,0.5832513266388559,0.49287336400011544,1.0761246906389714,0.09037796263874048
41.28020095825195,10.80594905746284,-7.061383850463295,17.867332907926134,0.5832513266388559,0.49287336400011544,1.0761246906389714,0.09037796263874048
41.30019569396973,10.935791888320619,-7.055357080370636,17.991148968691256,0.5832513266388559,0.49287336400011544,1.0761246906389714,0.09037796263874048
41.32018852233887,11.063896601386734,-7.050535664296509,18.11443226568324,0.5832513266388559,0.49287336400011544,1.0761246906389714,0.09037796263874048
41.3402144908905,11.190463442063123,-7.046678531437208,18.237141973500332,0.5794517591741168,0.5141536173061467,1.0936053764802636,0.06529814186797012
41.36026453971863,11.315407572811234,-7.026014700149767,18.341422272961,0.5794517591741168,0.5141536173061467,1.0936053764802636,0.06529814186797012
41.38056778907776,11.440099518814407,-7.009483635119813,18.44958315393422,0.5794517591741168,0.5141536173061467,1.0936053764802636,0.06529814186797012
41.40023756027222,11.559125675119162,-6.996258783095851,18.555384458215013,0.5794517591741168,0.5141536173061467,1.0936053764802636,0.06529814186797012
41.420214891433716,11.678205682918648,-6.985678901476681,18.66388458439533,0.5794517591741168,0.5141536173061467,1.0936053764802636,0.06529814186797012
41.440242767333984,11.795740025064646,-6.9772149961813446,18.77295502124599,0.5794517591741168,0.5141536173061467,1.0936053764802636,0.06529814186797012
41.46021747589111,11.91110192014656,-6.9704438719450765,18.881545792091636,0.5412995748367393,0.5358905278728343,1.0771901027095736,0.005409046963904984
41.48024868965149,12.024906022727677,-6.9704438719450765,18.995349894672753,0.5412995748367393,0.5358905278728343,1.0771901027095736,0.005409046963904984
41.50020456314087,12.136388043120206,-6.965026972556061,19.101415015676267,0.5412995748367393,0.5358905278728343,1.0771901027095736,0.005409046963904984
41.52021336555481,12.246250104937971,-6.960693453044849,19.206943557982818,0.5412995748367393,0.5358905278728343,1.0771901027095736,0.005409046963904984
41.54022717475891,12.354203402052502,-6.9572266374358795,19.311430039488382,0.5412995748367393,0.5358905278728343,1.0771901027095736,0.005409046963904984
41.56019163131714,12.459944160992393,-6.9544531849487035,19.414397345941097,0.5412995748367393,0.5358905278728343,1.0771901027095736,0.005409046963904984
41.580209255218506,12.563998082215996,-6.934656297958963,19.49865438017496,0.5412995748367393,0.5358905278728343,1.0771901027095736,0.005409046963904984
41.60020041465759,12.665930885868885,-6.8485062883671715,19.514437174236058,0.5412995748367393,0.5358905278728343,1.0771901027095736,0.005409046963904984
41.62032508850098,12.76652603631117,-6.656539405693737,19.423065442004905,0.5181110806908691,0.5452470610500313,1.0633581417409004,-0.027135980359162204
41.64038372039795,12.864759929089352,-6.43265339955499,19.297413328644343,0.5181110806908691,0.5452470610500313,1.0633581417409004,-0.027135980359162204
41.66034150123596,12.96047190776241,-6.2535445946439925,19.214016502406402,0.5181110806908691,0.5452470610500313,1.0633581417409004,-0.027135980359162204
41.68023896217346,13.053865876395454,-6.092679425715194,19.14654530211065,0.5181110806908691,0.5452470610500313,1.0633581417409004,-0.027135980359162204
41.700218200683594,13.145590800175555,-5.876096665572155,19.02168746574771,0.5181110806908691,0.5452470610500313,1.0633581417409004,-0.027135980359162204
41.720210790634155,13.235303406731566,-5.876096665572155,19.11140007230372,0.5181110806908691,0.5452470610500313,1.0633581417409004,-0.027135980359162204
41.74026656150818,13.32320114003031,-5.597361707457725,18.920562847488036,0.5181110806908691,0.5452470610500313,1.0633581417409004,-0.027135980359162204
41.76021361351013,13.408523953451706,-5.33921749096618,18.747741444417887,0.5181110806908691,0.5452470610500313,1.0633581417409004,-0.027135980359162204
41.78025436401367,13.492126509461295,-5.132702117772944,18.62482862723424,0.5181110806908691,0.5452470610500313,1.0633581417409004,-0.027135980359162204
41.80026316642761,13.573461655493967,-4.967489819218356,18.540951474712323,0.5181110806908691,0.5452470610500313,1.0633581417409004,-0.027135980359162204
41.82035303115845,13.652967951543292,-4.835319980374686,18.488287931917977,0.5181110806908691,0.5452470610500313,1.0633581417409004,-0.027135980359162204
41.84032726287842,13.729860015607473,-4.729584109299749,18.459444124907222,0.5181110806908691,0.5452470610500313,1.0633581417409004,-0.027135980359162204
41.86029577255249,13.804568461689533,-4.6449954124397985,18.449563874129332,0.5181110806908691,0.5452470610500313,1.0633581417409004,-0.027135980359162204
41.88023114204407,13.876985290672161,-4.57732445495184,18.454309745624002,0.5181110806908691,0.5452470610500313,1.0633581417409004,-0.027135980359162204
41.900230884552,13.947448193712733,-4.523187688961472,18.470635882674205,0.5109326847043121,0.5451626476962701,1.0560953324005822,-0.03422996299195802
41.920241832733154,14.015746316072086,-4.4798782761691776,18.495624592241263,0.5109326847043121,0.5451626476962701,1.0560953324005822,-0.03422996299195802
41.94029951095581,14.081980481867081,-4.4798782761691776,18.56185875803626,0.5109326847043121,0.5451626476962701,1.0560953324005822,-0.03422996299195802
41.96036338806152,14.145997527299977,-4.445230745935342,18.59122827323532,0.5109326847043121,0.5451626476962701,1.0560953324005822,-0.03422996299195802
41.9802610874176,14.20726412679427,-4.417512721748274,18.624776848542545,0.5109326847043121,0.5451626476962701,1.0560953324005822,-0.03422996299195802
42.000309228897095,14.26674807851208,-4.377760177398619,18.6445082559107,0.5109326847043121,0.5451626476962701,1.0560953324005822,-0.03422996299195802
42.02027893066406,14.323748831835752,-4.363536266918895,18.687285098754646,0.5109326847043121,0.5451626476962701,1.0560953324005822,-0.03422996299195802
42.040215730667114,14.378406208227142,-4.334579013535116,18.71298522176226,0.5109326847043121,0.5451626476962701,1.0560953324005822,-0.03422996299195802
42.0602331161499,14.431014612945376,-4.311413210828094,18.74242782377347,0.5109326847043121,0.5451626476962701,1.0560953324005822,-0.03422996299195802
42.080199003219604,14.481213693497093,-4.292880568662475,18.77409426215957,0.5155210293043637,0.5225992106963531,1.0381202400007168,-0.007078181391989347
42.10022807121277,14.529281831772115,-4.27805445492998,18.807336286702096,0.5155210293043637,0.5225992106963531,1.0381202400007168,-0.007078181391989347
42.12021279335022,14.574950169302172,-4.266193563943984,18.841143733246156,0.5155210293043637,0.5225992106963531,1.0381202400007168,-0.007078181391989347
42.140241622924805,14.618413642228525,-4.256704851155187,18.875118493383713,0.5155210293043637,0.5225992106963531,1.0381202400007168,-0.007078181391989347
42.160221099853516,14.659463496094046,-4.256704851155187,18.916168347249233,0.5155210293043637,0.5225992106963531,1.0381202400007168,-0.007078181391989347
42.18023157119751,14.698261498636963,-4.24911388092415,18.947375379561112,0.5155210293043637,0.5225992106963531,1.0381202400007168,-0.007078181391989347
42.20023226737976,14.734718794554007,-4.24304110473932,18.97775989929333,0.5155210293043637,0.5225992106963531,1.0381202400007168,-0.007078181391989347
42.22024941444397,14.768876259051492,-4.238182883791456,19.007059142842948,0.5155210293043637,0.5225992106963531,1.0381202400007168,-0.007078181391989347
42.24024748802185,14.800668338560396,-4.234296307033166,19.03496464559356,0.5338217786658788,0.5360578715000883,1.069879650165967,-0.0022360928342095576
42.26024651527405,14.83012502005827,-4.231187045626532,19.061312065684803,0.5338217786658788,0.5360578715000883,1.069879650165967,-0.0022360928342095576
42.28021740913391,14.857203583659672,-4.228699636501227,19.085903220160898,0.5338217786658788,0.5360578715000883,1.069879650165967,-0.0022360928342095576
42.300217151641846,14.881976888946285,-4.226709709200981,19.108686598147266,0.5338217786658788,0.5360578715000883,1.069879650165967,-0.0022360928342095576
42.32021236419678,14.904395405527868,-4.225117767360785,19.129513172888654,0.5338217786658788,0.5360578715000883,1.069879650165967,-0.0022360928342095576
42.34020662307739,14.924460571005646,-4.223844213888628,19.148304784894275,0.5338217786658788,0.5360578715000883,1.069879650165967,-0.0022360928342095576
42.36019253730774,14.942163444468932,-4.222825371110902,19.164988815579832,0.5338217786658788,0.5360578715000883,1.069879650165967,-0.0022360928342095576
42.38024377822876,14.95755639597944,-4.222825371110902,19.180381767090342,0.5338217786658788,0.5360578715000883,1.069879650165967,-0.0022360928342095576
42.40020203590393,14.970520367965285,-4.222010296888722,19.192530664854008,0.5338217786658788,0.5360578715000883,1.069879650165967,-0.0022360928342095576
42.42020273208618,14.981150229615432,-4.221358237510978,19.20250846712641,0.5338217786658788,0.5360578715000883,1.069879650165967,-0.0022360928342095576
42.44024586677551,14.989429247939107,-4.2208365900087825,19.21026583794789,0.5730041473318124,0.5340073166546062,1.1070114639864186,0.03899683067720616
42.4602575302124,14.99532363783011,-4.220419272007026,19.215742909837136,0.5730041473318124,0.5340073166546062,1.1070114639864186,0.03899683067720616
42.48025727272034,14.9988459364518,-4.220085417605621,19.21893135405742,0.5730041473318124,0.5340073166546062,1.1070114639864186,0.03899683067720616
42.50025248527527,14.999999811247326,-4.219818334084498,19.219818145331825,0.5730041473318124,0.5340073166546062,1.1070114639864186,0.03899683067720616
42.520243883132935,14.998786603360745,-4.237182792267598,19.235969395628345,0.5363142288435483,0.6040073166546063,1.1403215454981546,-0.06769308781105798
42.54022145271301,14.995210243996073,-4.251074358814079,19.246284602810153,0.5363142288435483,0.6040073166546063,1.1403215454981546,-0.06769308781105798
42.56021189689636,14.989266686403889,-4.262187612051263,19.25145429845515,0.5363142288435483,0.6040073166546063,1.1403215454981546,-0.06769308781105798
42.580188512802124,14.98096497535918,-4.271078214641011,19.25204319000019,0.5363142288435483,0.6040073166546063,1.1403215454981546,-0.06769308781105798
42.600337982177734,14.97020057550656,-4.271078214641011,19.24127879014757,0.5363142288435483,0.6040073166546063,1.1403215454981546,-0.06769308781105798
42.62024164199829,14.957211780575022,-4.295768821712809,19.25298060228783,0.5363142288435483,0.6040073166546063,1.1403215454981546,-0.06769308781105798
42.64016675949097,14.941865981934523,-4.315521307370248,19.25738728930477,0.5363142288435483,0.6040073166546063,1.1403215454981546,-0.06769308781105798
42.66015648841858,14.924117162236191,-4.3313232958961985,19.25544045813239,0.5066453612555051,0.6740073166546063,1.1806526779101114,-0.16736195539910126
42.680243492126465,14.90391049386052,-4.343964886716959,19.24787538057748,0.5066453612555051,0.6740073166546063,1.1806526779101114,-0.16736195539910126
42.70020341873169,14.88148011225016,-4.371656284373567,19.253136396623727,0.5066453612555051,0.6740073166546063,1.1806526779101114,-0.16736195539910126
42.72021770477295,14.856638525700593,-4.393809402498855,19.25044792819945,0.5066453612555051,0.6740073166546063,1.1806526779101114,-0.16736195539910126
42.74020981788635,14.829478973052098,-4.393953771999084,19.22343274505118,0.5528561531711602,0.6758308027163731,1.2286869558875333,-0.12297464954521287
42.760218381881714,14.799954283858058,-4.306178642599267,19.106132926457327,0.5528561531711602,0.6758308027163731,1.2286869558875333,-0.12297464954521287
42.78027415275574,14.768012569207086,-4.077755414079414,18.8457679832865,0.5528561531711602,0.6758308027163731,1.2286869558875333,-0.12297464954521287
42.800238847732544,14.733886783398374,-3.7895480812635314,18.523434864661905,0.5528561531711602,0.6758308027163731,1.2286869558875333,-0.12297464954521287
42.82023882865906,14.697376091671966,-3.7895480812635314,18.4869241729355,0.5528561531711602,0.6758308027163731,1.2286869558875333,-0.12297464954521287
42.84023857116699,14.658544995028212,-3.5589822150108255,18.217527210039037,0.5528561531711602,0.6758308027163731,1.2286869558875333,-0.12297464954521287
42.860206842422485,14.617465765081098,-3.3745295220086606,17.991995287089757,0.5528561531711602,0.6758308027163731,1.2286869558875333,-0.12297464954521287
42.88029861450195,14.573810140236432,-3.226967367606929,17.80077750784336,0.5528561531711602,0.6758308027163731,1.2286869558875333,-0.12297464954521287
42.90023326873779,14.528200514655124,-3.1089176440855435,17.637118158740666,0.5528561531711602,0.6758308027163731,1.2286869558875333,-0.12297464954521287
42.92018103599548,14.480279434765457,-3.014477865268435,17.494757300033893,0.5528561531711602,0.6758308027163731,1.2286869558875333,-0.12297464954521287
42.94016981124878,14.429978150283633,-2.9389260422147485,17.36890419249838,0.5528561531711602,0.6758308027163731,1.2286869558875333,-0.12297464954521287
42.960163593292236,14.377387307927648,-2.8433283337717987,17.220715641699446,0.5528561531711602,0.6758308027163731,1.2286869558875333,-0.12297464954521287
42.980175495147705,14.322476776517998,-2.7668501670174392,17.089326943535436,0.5528561531711602,0.6758308027163731,1.2286869558875333,-0.12297464954521287
43.000136852264404,14.265449120888016,-2.7056676336139516,16.971116754501967,0.5528561531711602,0.6758308027163731,1.2286869558875333,-0.12297464954521287
43.02013158798218,14.20607649610731,-2.6567216068911614,16.86279810299847,0.5528561531711602,0.6758308027163731,1.2286869558875333,-0.12297464954521287
43.040263652801514,14.144030831304853,-2.6567216068911614,16.800752438196014,0.5341202228475594,0.6300951156989323,1.1642153385464917,-0.09597489285137284
43.06027793884277,14.080104853866366,-2.635142910512929,16.715247764379296,0.5341202228475594,0.6300951156989323,1.1642153385464917,-0.09597489285137284
43.08024835586548,14.014099713329006,-2.6178799534103434,16.63197966673935,0.5341202228475594,0.6300951156989323,1.1642153385464917,-0.09597489285137284
43.10020136833191,13.94594853084436,-2.604069587728275,16.550018118572634,0.5341202228475594,0.6300951156989323,1.1642153385464917,-0.09597489285137284
43.120197772979736,13.875450099902002,-2.59302129518262,16.46847139508462,0.5341202228475594,0.6300951156989323,1.1642153385464917,-0.09597489285137284
43.14016938209534,13.802852847841505,-2.584182661146096,16.3870355089876,0.5228026121068978,0.5974454310015427,1.1202480431084405,-0.07464281889464486
43.16021251678467,13.727810476155193,-2.5771117539168773,16.30492223007207,0.5228026121068978,0.5974454310015427,1.1202480431084405,-0.07464281889464486
43.1802237033844,13.65071577471066,-2.571455028133502,16.22217080284416,0.5228026121068978,0.5974454310015427,1.1202480431084405,-0.07464281889464486
43.20022511482239,13.571502293519483,-2.549351522506802,16.120853816026283,0.5228026121068978,0.5974454310015427,1.1202480431084405,-0.07464281889464486
43.220253467559814,13.490034387278186,-2.5316687180054416,16.021703105283628,0.5228026121068978,0.5974454310015427,1.1202480431084405,-0.07464281889464486
43.24018573760986,13.406836360127203,-2.517522474404353,15.924358834531557,0.5228026121068978,0.5974454310015427,1.1202480431084405,-0.07464281889464486
43.2601842880249,13.321248410715922,-2.517522474404353,15.838770885120276,0.5228026121068978,0.5974454310015427,1.1202480431084405,-0.07464281889464486
43.28027606010437,13.233143517512174,-2.4886273545234827,15.721770872035655,0.4833368494320893,0.6445124250129448,1.1278492744450341,-0.1611755755808555
43.300331115722656,13.143096511282238,-2.465511258618786,15.608607769901024,0.4833368494320893,0.6445124250129448,1.1278492744450341,-0.1611755755808555
43.32039928436279,13.05090169428749,-2.4470183818950293,15.497920076182519,0.4833368494320893,0.6445124250129448,1.1278492744450341,-0.1611755755808555
43.34030771255493,12.957390446713038,-2.4322240805160233,15.389614527229062,0.4833368494320893,0.6445124250129448,1.1278492744450341,-0.1611755755808555
43.36025309562683,12.86167255159122,-2.4203886394128187,15.282061191004038,0.4833368494320893,0.6445124250129448,1.1278492744450341,-0.1611755755808555
43.38019776344299,12.763938267705084,-2.393342161530255,15.157280429235339,0.4833368494320893,0.6445124250129448,1.1278492744450341,-0.1611755755808555
43.40017628669739,12.664028548457255,-2.3717049792242046,15.03573352768146,0.4833368494320893,0.6445124250129448,1.1278492744450341,-0.1611755755808555
43.42018222808838,12.56198210825005,-2.3368171083793636,14.898799216629413,0.4833368494320893,0.6445124250129448,1.1278492744450341,-0.1611755755808555
43.4401752948761,12.4580183896513,-2.291328686703491,14.749347076354791,0.4833368494320893,0.6445124250129448,1.1278492744450341,-0.1611755755808555
43.46021056175232,12.351863112360611,-2.237359824362793,14.589222936723404,0.5026145952899241,0.660775213338493,1.1633898086284171,-0.15816061804856885
43.48028612136841,12.243531062799295,-2.237359824362793,14.480890887162088,0.5026145952899241,0.660775213338493,1.1633898086284171,-0.15816061804856885
43.50030779838562,12.133549563975677,-2.194184734490234,14.327734298465911,0.5026145952899241,0.660775213338493,1.1633898086284171,-0.15816061804856885
43.52028846740723,12.021879026629643,-2.1596446625921875,14.18152368922183,0.5026145952899241,0.660775213338493,1.1633898086284171,-0.15816061804856885
43.540239334106445,11.908484554432542,-2.13201260507375,14.040497159506291,0.5026145952899241,0.660775213338493,1.1633898086284171,-0.15816061804856885
43.560190200805664,11.793218822463833,-2.074750709059,13.867969531522833,0.5026145952899241,0.660775213338493,1.1633898086284171,-0.15816061804856885
43.58017373085022,11.675906687991924,-1.9937849422471998,13.669691630239123,0.5026145952899241,0.660775213338493,1.1633898086284171,-0.15816061804856885
43.60016894340515,11.556683635574041,-1.92901232879776,13.485695964371802,0.5026145952899241,0.660775213338493,1.1633898086284171,-0.15816061804856885
43.62021327018738,11.435336964378303,-1.8771942380382083,13.312531202416512,0.49199127528409003,0.5907752133384929,1.082766488622583,-0.09878393805440289
43.640177726745605,11.31267083630576,-1.8181616404305667,13.130832476736327,0.49199127528409003,0.5907752133384929,1.082766488622583,-0.09878393805440289
43.66017699241638,11.188006128306203,-1.7357793123444534,12.923785440650656,0.49199127528409003,0.5907752133384929,1.082766488622583,-0.09878393805440289
43.680161237716675,11.061670447825586,-1.634717199875563,12.69638764770115,0.49199127528409003,0.5907752133384929,1.082766488622583,-0.09878393805440289
43.70014452934265,10.933596905629402,-1.634717199875563,12.568314105504966,0.49199127528409003,0.5907752133384929,1.082766488622583,-0.09878393805440289
43.72014665603638,10.803676559447586,-1.5538675099004504,12.357544069348037,0.49199127528409003,0.5907752133384929,1.082766488622583,-0.09878393805440289
43.74014711380005,10.672060877892,-1.4891877579203605,12.16124863581236,0.49199127528409003,0.5907752133384929,1.082766488622583,-0.09878393805440289
43.76014018058777,10.538809445860515,-1.4374439563362884,11.976253402196804,0.4800389346812153,0.6145684189573513,1.0946073536385665,-0.13452948427613598
43.78021717071533,10.403325172068557,-1.396048915069031,11.799374087137588,0.4800389346812153,0.6145684189573513,1.0946073536385665,-0.13452948427613598
43.800272703170776,10.266332867218711,-1.345354757055225,11.611687624273936,0.4800389346812153,0.6145684189573513,1.0946073536385665,-0.13452948427613598
43.82020950317383,10.12853579899397,-1.3047994306441801,11.433335229638152,0.4800389346812153,0.6145684189573513,1.0946073536385665,-0.13452948427613598
43.84016466140747,9.989020334070734,-1.272355169515344,11.261375503586077,0.4800389346812153,0.6145684189573513,1.0946073536385665,-0.13452948427613598
43.86034345626831,9.846344595969688,-1.2463997606122754,11.092744356581964,0.5500389346812153,0.6042264906168566,1.154265425298072,-0.054187555935641285
43.88044476509094,9.702643028756432,-1.2256354334898205,10.928278462246253,0.5500389346812153,0.6042264906168566,1.154265425298072,-0.054187555935641285
43.900232553482056,9.559670960261627,-1.2090239717918565,10.768694932053483,0.5500389346812153,0.6042264906168566,1.154265425298072,-0.054187555935641285
43.92019534111023,9.413937163080291,-1.2090239717918565,10.622961134872147,0.5500389346812153,0.6042264906168566,1.154265425298072,-0.054187555935641285
43.94018363952637,9.266533256712698,-1.1957348024334855,10.462268059146183,0.5500389346812153,0.6042264906168566,1.154265425298072,-0.054187555935641285
43.96017122268677,9.117673121915479,-1.1851034669467886,10.302776588862267,0.5744357174221659,0.5906503900364624,1.1650861074586283,-0.016214672614296433
43.980260372161865,8.966607620702277,-1.1765983985574309,10.143206019259708,0.5744357174221659,0.5906503900364624,1.1650861074586283,-0.016214672614296433
44.00022268295288,8.81508078387964,-1.1873724688459448,10.002453252725585,0.5744357174221659,0.5906503900364624,1.1650861074586283,-0.016214672614296433
44.020164012908936,8.662328620161219,-1.1959917250767558,9.858320345237974,0.5744357174221659,0.5906503900364624,1.1650861074586283,-0.016214672614296433
44.04022526741028,8.507285713467475,-1.2028871300614048,9.71017284352888,0.6019208943430567,0.5806083885431872,1.182529282886244,0.02131250579986954
44.060160398483276,8.351878576396473,-1.2084034540491237,9.560282030445597,0.6019208943430567,0.5806083885431872,1.182529282886244,0.02131250579986954
44.08016347885132,8.194624734881824,-1.212816513239299,9.407441248121122,0.6019208943430567,0.5806083885431872,1.182529282886244,0.02131250579986954
44.100160121917725,8.036127697321605,-1.2339250855914392,9.270052782913044,0.6223065303597832,0.6044777335078106,1.2267842638675939,0.017828796851972584
44.120155572891235,7.876371649674297,-1.2508119434731515,9.127183593147448,0.6223065303597832,0.6044777335078106,1.2267842638675939,0.017828796851972584
44.140178203582764,7.7151527172959575,-1.2508119434731515,8.965964660769108,0.6223065303597832,0.6044777335078106,1.2267842638675939,0.017828796851972584
44.16020131111145,7.552708831388115,-1.2643214297785212,8.817030261166636,0.6223065303597832,0.6044777335078106,1.2267842638675939,0.017828796851972584
44.18020009994507,7.389268987401139,-1.2751290188228173,8.664398006223957,0.6424447270069504,0.6350673419833766,1.277512068990327,0.007377385023573879
44.20020866394043,7.224581694798295,-1.3013532150582539,8.525934909856549,0.6424447270069504,0.6350673419833766,1.277512068990327,0.007377385023573879
44.22021436691284,7.058776372048008,-1.3223325720466033,8.381108944094612,0.6424447270069504,0.6350673419833766,1.277512068990327,0.007377385023573879
44.24021315574646,6.891913629706416,-1.3391160576372827,8.231029687343698,0.6424447270069504,0.6350673419833766,1.277512068990327,0.007377385023573879
44.26020407676697,6.724028990940377,-1.3525428461098261,8.076571837050203,0.6424447270069504,0.6350673419833766,1.277512068990327,0.007377385023573879
44.28018260002136,6.555188611963363,-1.3632842768878608,7.918472888851223,0.6424447270069504,0.6350673419833766,1.277512068990327,0.007377385023573879
44.300183057785034,6.385128252141593,-1.389455546510289,7.774583798651882,0.6424447270069504,0.6350673419833766,1.277512068990327,0.007377385023573879
44.32019591331482,6.213953212206031,-1.4103925622082312,7.6243457744142615,0.6424447270069504,0.6350673419833766,1.277512068990327,0.007377385023573879
44.34019637107849,6.041902603617135,-1.4103925622082312,7.452295165825366,0.6068614469800377,0.6291560643762932,1.236017511356331,-0.02229461739625549
44.36025810241699,5.86836640805579,-1.4271421747665851,7.295508582822375,0.6068614469800377,0.6291560643762932,1.236017511356331,-0.02229461739625549
44.38024568557739,5.694544319071453,-1.4405418648132684,7.135086183884722,0.6068614469800377,0.6291560643762932,1.236017511356331,-0.02229461739625549
44.400208711624146,5.520039315996103,-1.451261616850615,6.9713009328467175,0.6068614469800377,0.6291560643762932,1.236017511356331,-0.02229461739625549
44.42019867897034,5.3444286032619575,-1.4774155434804919,6.82184414674245,0.6068614469800377,0.6291560643762932,1.236017511356331,-0.02229461739625549
44.44022250175476,5.167675244386501,-1.4983386847843936,6.666013929170894,0.6068614469800377,0.6291560643762932,1.236017511356331,-0.02229461739625549
44.460222482681274,4.990315809489798,-1.515077197827515,6.505393007317313,0.6068614469800377,0.6291560643762932,1.236017511356331,-0.02229461739625549
44.480347871780396,4.811048862099556,-1.5284680082620121,6.339516870361567,0.6182545525912428,0.6718280093223439,1.2900825619135867,-0.05357345673110103
44.50030851364136,4.632489467612071,-1.5391806566096098,6.171670124221681,0.6182545525912428,0.6718280093223439,1.2900825619135867,-0.05357345673110103
44.52033281326294,4.452628511134754,-1.5477507752876878,6.000379286422442,0.6182545525912428,0.6718280093223439,1.2900825619135867,-0.05357345673110103
44.540379762649536,4.271858094651549,-1.5546068702301503,5.8264649648816995,0.6182545525912428,0.6718280093223439,1.2900825619135867,-0.05357345673110103
44.560319662094116,4.091380606851558,-1.5600917461841204,5.651472353035679,0.6182545525912428,0.6718280093223439,1.2900825619135867,-0.05357345673110103
44.580284118652344,3.91003747630206,-1.5600917461841204,5.470129222486181,0.6182545525912428,0.6718280093223439,1.2900825619135867,-0.05357345673110103
44.600215911865234,3.728377282560659,-1.5644796469472964,5.2928569295079555,0.6182545525912428,0.6718280093223439,1.2900825619135867,-0.05357345673110103
44.62016725540161,3.5459533089234605,-1.567989967557837,5.113943276481297,0.6182545525912428,0.6718280093223439,1.2900825619135867,-0.05357345673110103
44.64018940925598,3.3623217233434675,-1.57079822404627,4.933119947389738,0.6182545525912428,0.6718280093223439,1.2900825619135867,-0.05357345673110103
44.66018891334534,3.1783666334394898,-1.573044829237016,4.751411462676506,0.6182545525912428,0.6718280093223439,1.2900825619135867,-0.05357345673110103
44.68022108078003,2.9936080163213643,-1.5748421133896129,4.568450129710977,0.5799194527749205,0.6883997210711823,1.2683191738461028,-0.10848026829626178
44.700308322906494,2.8078652621616613,-1.5762799407116903,4.384145202873352,0.5799194527749205,0.6883997210711823,1.2683191738461028,-0.10848026829626178
44.720356464385986,2.6220380787450983,-1.5774302025693523,4.19946828131445,0.5799194527749205,0.6883997210711823,1.2683191738461028,-0.10848026829626178
44.7402560710907,2.437176165502797,-1.5783504120554819,4.015526577558279,0.5799194527749205,0.6883997210711823,1.2683191738461028,-0.10848026829626178
44.76020383834839,2.251484488648604,-1.5790865796443856,3.8305710682929894,0.5799194527749205,0.6883997210711823,1.2683191738461028,-0.10848026829626178
44.78016996383667,2.065267756634576,-1.5796755137155085,3.644943270350084,0.5780268448829884,0.6773721139357076,1.255398958818696,-0.09934526905271923
44.800389766693115,1.8763539489506695,-1.5796755137155085,3.4560294626661783,0.5780268448829884,0.6773721139357076,1.255398958818696,-0.09934526905271923
44.820348262786865,1.6895844027533722,-1.5625685359724069,3.252152938725779,0.5780268448829884,0.6773721139357076,1.255398958818696,-0.09934526905271923
44.840251445770264,1.50306784861999,-1.5488829537779256,3.051950802397916,0.5780268448829884,0.6773721139357076,1.255398958818696,-0.09934526905271923
44.86021661758423,1.315734256945942,-1.5379344880223407,2.8536687449682825,0.5780268448829884,0.6773721139357076,1.255398958818696,-0.09934526905271923
44.88017392158508,1.1282675609058326,-1.5291757154178727,2.657443276323705,0.5780268448829884,0.6773721139357076,1.255398958818696,-0.09934526905271923
44.90017533302307,0.9402085731976176,-1.5221686973342985,2.462377270531916,0.5780268448829884,0.6773721139357076,1.255398958818696,-0.09934526905271923
44.920175552368164,0.7520123157831364,-1.516563082867439,2.2685753986505754,0.5780268448829884,0.6773721139357076,1.255398958818696,-0.09934526905271923
44.94015407562256,0.5639016406473358,-1.5120785912939514,2.075980231941287,0.5780268448829884,0.6773721139357076,1.255398958818696,-0.09934526905271923
44.9601936340332,0.37512704743735825,-1.5084909980351613,1.8836180454725195,0.5705152342520887,0.7,1.2705152342520887,-0.12948476574791123
44.9803192615509,0.18548186282498674,-1.5056209234281293,1.691102786253116,0.5705152342520887,0.7,1.2705152342520887,-0.12948476574791123
45.000274419784546,-0.002586345524531397,-1.5033248637425034,1.500738518217972,0.5705152342520887,0.7,1.2705152342520887,-0.12948476574791123
45.020286083221436,-0.19118665314476946,-1.5033248637425034,1.312138210597734,0.5705152342520887,0.7,1.2705152342520887,-0.12948476574791123
45.04026699066162,-0.3794669593543012,-1.501488015994003,1.1220210566397018,0.5705152342520887,0.7,1.2705152342520887,-0.12948476574791123
45.06021595001221,-0.5673865696314256,-1.5000185377952024,0.9326319681637768,0.5705152342520887,0.7,1.2705152342520887,-0.12948476574791123
45.08018636703491,-0.7554190169534939,-1.4988429552361622,0.7434239382826683,0.5705152342520887,0.7,1.2705152342520887,-0.12948476574791123
45.10018801689148,-0.9436263071467901,-1.4979024891889299,0.5542761820421398,0.5705152342520887,0.7,1.2705152342520887,-0.12948476574791123
45.120198488235474,-1.1317674668075703,-1.497150116351144,0.3653826495435737,0.5705152342520887,0.7,1.2705152342520887,-0.12948476574791123
45.14021039009094,-1.3197431500451309,-1.4965482180809153,0.17680506803578444,0.5705152342520887,0.7,1.2705152342520887,-0.12948476574791123
45.160364627838135,-1.508844868628701,-1.4960666994647325,-0.012778169163968567,0.5765265270561213,0.6847314367070794,1.2612579637632007,-0.10820490965095808
45.180209159851074,-1.6948044497039942,-1.4956814845717863,-0.19912296513220795,0.5765265270561213,0.6847314367070794,1.2612579637632007,-0.10820490965095808
45.20021104812622,-1.8819718841547326,-1.4953733126574291,-0.3865985714973035,0.5765265270561213,0.6847314367070794,1.2612579637632007,-0.10820490965095808
45.220203161239624,-2.0687508290178274,-1.4951267751259434,-0.573624053891884,0.5765265270561213,0.6847314367070794,1.2612579637632007,-0.10820490965095808
45.24020051956177,-2.255252224741469,-1.4951267751259434,-0.7601254496155256,0.5765265270561213,0.6847314367070794,1.2612579637632007,-0.10820490965095808
45.26022434234619,-2.4416436795495673,-1.4949295451007547,-0.9467141344488126,0.5765265270561213,0.6847314367070794,1.2612579637632007,-0.10820490965095808
45.28020143508911,-2.6272150402676075,-1.4947717610806042,-1.1324432791870034,0.5765265270561213,0.6847314367070794,1.2612579637632007,-0.10820490965095808
45.300201654434204,-2.812586580551865,-1.4946455338644835,-1.3179410466873813,0.5765265270561213,0.6847314367070794,1.2612579637632007,-0.10820490965095808
45.32019090652466,-2.9974126919379445,-1.494544552091587,-1.5028681398463575,0.6081522933632368,0.6651353387162089,1.2732876320794457,-0.05698304535297205
45.340211629867554,-3.1820558450284135,-1.4944637666732696,-1.687592078355144,0.6081522933632368,0.6651353387162089,1.2732876320794457,-0.05698304535297205
45.360302686691284,-3.3668414396548436,-1.494399138338616,-1.8724423013162277,0.6081522933632368,0.6651353387162089,1.2732876320794457,-0.05698304535297205
45.38034772872925,-3.5506691663648913,-1.4943474356708928,-2.0563217306939983,0.6081522933632368,0.6651353387162089,1.2732876320794457,-0.05698304535297205
45.40028166770935,-3.7329195037720075,-1.4943060735367144,-2.238613430235293,0.6081522933632368,0.6651353387162089,1.2732876320794457,-0.05698304535297205
45.42020344734192,-3.914473629561692,-1.4942729838293718,-2.4202006457323204,0.6081522933632368,0.6651353387162089,1.2732876320794457,-0.05698304535297205
45.4401957988739,-4.0960542900330195,-1.4942465120634976,-2.6018077779695217,0.6081522933632368,0.6651353387162089,1.2732876320794457,-0.05698304535297205
45.46022152900696,-4.277290156562543,-1.4942465120634976,-2.7830436444990454,0.6081522933632368,0.6651353387162089,1.2732876320794457,-0.05698304535297205
45.480220079422,-4.457604260789376,-1.494225334650798,-2.963378926138578,0.6081522933632368,0.6651353387162089,1.2732876320794457,-0.05698304535297205
45.500197649002075,-4.637026506013708,-1.4942083927206387,-3.1428181132930693,0.6146752817981178,0.646597478352487,1.2612727601506049,-0.03192219655436923
45.520206451416016,-4.815996931419501,-1.4941948391765112,-3.3218020922429896,0.6146752817981178,0.646597478352487,1.2612727601506049,-0.03192219655436923
45.54018974304199,-4.993979469174133,-1.4941839963412091,-3.4997954728329237,0.6146752817981178,0.646597478352487,1.2612727601506049,-0.03192219655436923
45.56019854545593,-5.1714004101490305,-1.4941753220729674,-3.677225088076063,0.6146752817981178,0.646597478352487,1.2612727601506049,-0.03192219655436923
45.580201387405396,-5.347951523733435,-1.4941683826583743,-3.853783141075061,0.6146752817981178,0.646597478352487,1.2612727601506049,-0.03192219655436923
45.600183963775635,-5.523480316342759,-1.4941628311266997,-4.02931748521606,0.6146752817981178,0.646597478352487,1.2612727601506049,-0.03192219655436923
45.620216846466064,-5.698576987794927,-1.5117365149013597,-4.186840472893567,0.6146752817981178,0.646597478352487,1.2612727601506049,-0.03192219655436923
45.64030051231384,-5.87321123543131,-1.5257954619210878,-4.347415773510223,0.6233656278304989,0.6203943246975541,1.243759952528053,0.0029713031329448025
45.66026282310486,-6.045863550893098,-1.5257954619210878,-4.52006808897201,0.6233656278304989,0.6203943246975541,1.243759952528053,0.0029713031329448025
45.68032240867615,-6.218399062819921,-1.5370426195368703,-4.68135644328305,0.6233656278304989,0.6203943246975541,1.243759952528053,0.0029713031329448025
45.70030117034912,-6.38925757782737,-1.5460403456294962,-4.8432172321978735,0.6233656278304989,0.6203943246975541,1.243759952528053,0.0029713031329448025
45.72018647193909,-6.5583171204720845,-1.535660401503597,-5.022656718968488,0.6233656278304989,0.6203943246975541,1.243759952528053,0.0029713031329448025
45.74017071723938,-6.727186368546518,-1.527356446202878,-5.199829922343641,0.6354639197193319,0.6008127162232995,1.2362766359426314,0.03465120349603246
45.76018238067627,-6.895224479469674,-1.5207132819623026,-5.374511197507372,0.6354639197193319,0.6008127162232995,1.2362766359426314,0.03465120349603246
45.780166149139404,-7.061940540375705,-1.515398750569842,-5.546541789805863,0.6354639197193319,0.6008127162232995,1.2362766359426314,0.03465120349603246
45.800240993499756,-7.228295392997727,-1.511147125455874,-5.7171482675418535,0.6354639197193319,0.6008127162232995,1.2362766359426314,0.03465120349603246
45.82020020484924,-7.392552002506463,-1.5077458253646991,-5.884806177141764,0.6354639197193319,0.6008127162232995,1.2362766359426314,0.03465120349603246
45.84016799926758,-7.555715880596115,-1.5050247852917595,-6.050691095304356,0.6354639197193319,0.6008127162232995,1.2362766359426314,0.03465120349603246
45.860198974609375,-7.718201058874464,-1.5028479532334078,-6.215353105641056,0.6354639197193319,0.6008127162232995,1.2362766359426314,0.03465120349603246
45.88018202781677,-7.879079339990624,-1.5011064875867264,-6.377972852403897,0.6354639197193319,0.6008127162232995,1.2362766359426314,0.03465120349603246
45.90032958984375,-8.040024497526602,-1.5011064875867264,-6.538918009939875,0.6638129821472103,0.594333638716489,1.2581466208636993,0.06947934343072126
45.92038822174072,-8.198979391603253,-1.4997133150693813,-6.699266076533871,0.6638129821472103,0.594333638716489,1.2581466208636993,0.06947934343072126
45.94033718109131,-8.35577357476878,-1.5161769020555051,-6.839596672713274,0.6638129821472103,0.594333638716489,1.2581466208636993,0.06947934343072126
45.9604766368866,-8.512733325785899,-1.5293477716444042,-6.983385554141495,0.6638129821472103,0.594333638716489,1.2581466208636993,0.06947934343072126
45.9803729057312,-8.666459381647956,-1.5398844673155236,-7.126574914332432,0.6638129821472103,0.594333638716489,1.2581466208636993,0.06947934343072126
46.00030994415283,-8.819141881076723,-1.5483138238524188,-7.270828057224304,0.6638129821472103,0.594333638716489,1.2581466208636993,0.06947934343072126
46.02035641670227,-8.971267103309597,-1.555057309081935,-7.416209794227662,0.6638129821472103,0.594333638716489,1.2581466208636993,0.06947934343072126
46.04020929336548,-9.120520567166004,-1.560452097265548,-7.560068469900456,0.6638129821472103,0.594333638716489,1.2581466208636993,0.06947934343072126
46.06015348434448,-9.269031563401871,-1.5647679278124387,-7.704263635589433,0.6638129821472103,0.594333638716489,1.2581466208636993,0.06947934343072126
46.080273389816284,-9.417376096234326,-1.568220592249951,-7.849155503984376,0.6917641295545036,0.5812608015723526,1.2730249311268562,0.11050332798215101
46.10018801689148,-9.562725142424691,-1.570982723799961,-7.99174241862473,0.6917641295545036,0.5812608015723526,1.2730249311268562,0.11050332798215101
46.120166063308716,-9.707032676961017,-1.570982723799961,-8.136049953161056,0.6917641295545036,0.5812608015723526,1.2730249311268562,0.11050332798215101
46.14013695716858,-9.84975988064923,-1.5731924290399686,-8.276567451609262,0.6917641295545036,0.5812608015723526,1.2730249311268562,0.11050332798215101
46.1601665019989,-9.991348520785088,-1.574960193231975,-8.416388327553113,0.6917641295545036,0.5812608015723526,1.2730249311268562,0.11050332798215101
46.180158376693726,-10.131092931802277,-1.57637440458558,-8.554718527216696,0.6917641295545036,0.5812608015723526,1.2730249311268562,0.11050332798215101
46.20016002655029,-10.269305978226418,-1.5775057736684641,-8.691800204557953,0.6917641295545036,0.5812608015723526,1.2730249311268562,0.11050332798215101
46.22027802467346,-10.406686869157593,-1.5784108689347713,-8.828276000222822,0.6763720319099957,0.5337776404805481,1.2101496723905438,0.14259439142944763
46.24037837982178,-10.542286689066671,-1.5791349451478172,-8.963151743918853,0.6763720319099957,0.5337776404805481,1.2101496723905438,0.14259439142944763
46.26035952568054,-10.675415779886908,-1.5797142061182539,-9.095701573768654,0.6763720319099957,0.5337776404805481,1.2101496723905438,0.14259439142944763
46.280298709869385,-10.806588007258235,-1.580177614894603,-9.226410392363631,0.6763720319099957,0.5337776404805481,1.2101496723905438,0.14259439142944763
46.30021548271179,-10.935919541873242,-1.5805483419156825,-9.35537119995756,0.6763720319099957,0.5337776404805481,1.2101496723905438,0.14259439142944763
46.320332050323486,-11.064809973997777,-1.5808449235325461,-9.483965050465232,0.6761534883658169,0.5283553407527506,1.2045088291185675,0.1477981476130663
46.340280055999756,-11.190874923549561,-1.5808449235325461,-9.610030000017016,0.6761534883658169,0.5283553407527506,1.2045088291185675,0.1477981476130663
46.360177755355835,-11.314870621717393,-1.5986603138260371,-9.716210307891355,0.6761534883658169,0.5283553407527506,1.2045088291185675,0.1477981476130663
46.380151987075806,-11.437564484737893,-1.6656470010608297,-9.771917483677063,0.6805023815500317,0.5144582952372729,1.1949606767873047,0.1660440863127588
46.400158166885376,-11.55864878471135,-1.7368144758486639,-9.821834308862686,0.6805023815500317,0.5144582952372729,1.1949606767873047,0.1660440863127588
46.42017126083374,-11.677947609594838,-1.793748455678931,-9.884199153915908,0.6805023815500317,0.5144582952372729,1.1949606767873047,0.1660440863127588
46.440165758132935,-11.795291659127521,-1.8392956395431446,-9.955996019584376,0.658856971563655,0.4901364411227405,1.1489934126863954,0.16872053044091445
46.46016836166382,-11.910820559425554,-1.8757333866345156,-10.03508717279104,0.658856971563655,0.4901364411227405,1.1489934126863954,0.16872053044091445
46.48016858100891,-12.024454680114648,-1.9048835843076126,-10.119571095807036,0.658856971563655,0.4901364411227405,1.1489934126863954,0.16872053044091445
46.50017023086548,-12.136197881876647,-1.9282037424460903,-10.207994139430557,0.6718719782325207,0.48305025259032847,1.154922230822849,0.18882172564219218
46.52017378807068,-12.246034702158866,-1.9820161189568724,-10.264018583201993,0.6718719782325207,0.48305025259032847,1.154922230822849,0.18882172564219218
46.540170431137085,-12.353900083883111,-2.1129566451654984,-10.240943438717613,0.6775981564092217,0.45055090570822354,1.1281490621174453,0.22704725070099818
46.560160875320435,-12.459782766990164,-2.1129566451654984,-10.346826121824666,0.6775981564092217,0.45055090570822354,1.1281490621174453,0.22704725070099818
46.580166816711426,-12.563779578532666,-2.252865316132399,-10.310914262400267,0.6775981564092217,0.45055090570822354,1.1281490621174453,0.22704725070099818
46.60020208358765,-12.6659393123673,-2.3647922529059193,-10.30114705946138,0.6787310572358547,0.4505576232720159,1.1292886805078706,0.22817343396383882
46.62016487121582,-12.765733213945989,-2.4543338023247356,-10.311399411621252,0.6787310572358547,0.4505576232720159,1.1292886805078706,0.22817343396383882
46.640172719955444,-12.863737196127964,-2.596279541859788,-10.267457654268176,0.6787310572358547,0.4505576232720159,1.1292886805078706,0.22817343396383882
46.660170555114746,-12.959660729619253,-2.7977267584878307,-10.161933971131422,0.6824522976781009,0.4501062989681485,1.1325585966462495,0.23234599870995237
46.68017244338989,-13.053557043934362,-2.9940407817902646,-10.059516262144097,0.6824522976781009,0.4501062989681485,1.1325585966462495,0.23234599870995237
46.70018649101257,-13.14544685820359,-3.151092000432212,-9.994354857771377,0.6824522976781009,0.4501062989681485,1.1325585966462495,0.23234599870995237
46.720290184020996,-13.235655514120792,-3.2767329753457695,-9.958922538775022,0.6975053389574168,0.4432858316674355,1.1407911706248524,0.25421950728998133
46.74019908905029,-13.322908969876273,-3.3772457552766157,-9.945663214599659,0.6975053389574168,0.4432858316674355,1.1407911706248524,0.25421950728998133
46.760146617889404,-13.408240899710862,-3.4576559792212924,-9.950584920489568,0.6975053389574168,0.4432858316674355,1.1407911706248524,0.25421950728998133
46.78013300895691,-13.491626685914985,-3.4576559792212924,-10.033970706693694,0.6975053389574168,0.4432858316674355,1.1407911706248524,0.25421950728998133
46.800128698349,-13.572922193039027,-3.521984158377034,-10.050938034661993,0.6975053389574168,0.4432858316674355,1.1407911706248524,0.25421950728998133
46.820146799087524,-13.652162811042865,-3.5910248267016276,-10.061137984341238,0.6975053389574168,0.4432858316674355,1.1407911706248524,0.25421950728998133
46.84012699127197,-13.729099770037301,-3.6286792363613025,-10.100420533676,0.6975053389574168,0.4432858316674355,1.1407911706248524,0.25421950728998133
46.86026477813721,-13.804454182722688,-3.6763808890890424,-10.128073293633646,0.7,0.40737021849299704,1.107370218492997,0.2926297815070029
46.88023376464844,-13.876994674508506,-3.696964086271234,-10.180030588237273,0.7,0.40737021849299704,1.107370218492997,0.2926297815070029
46.90023231506348,-13.947453155036898,-3.7310087690169875,-10.21644438601991,0.7,0.40737021849299704,1.107370218492997,0.2926297815070029
46.92018008232117,-14.015538962166085,-3.7406663902135904,-10.274872571952494,0.7,0.40737021849299704,1.107370218492997,0.2926297815070029
46.94014120101929,-14.081466456145193,-3.7483924871708725,-10.333073968974322,0.7,0.40425355704310273,1.1042535570431027,0.2957464429568972
46.96021795272827,-14.145541569044974,-3.860042114736698,-10.285499454308276,0.7,0.40425355704310273,1.1042535570431027,0.2957464429568972
46.98023462295532,-14.207184113288722,-3.860042114736698,-10.347141998552024,0.7,0.40425355704310273,1.1042535570431027,0.2957464429568972
47.00031089782715,-14.266752936217134,-4.0548305667893585,-10.211922369427775,0.7,0.40425355704310273,1.1042535570431027,0.2957464429568972
47.020264625549316,-14.323708805922319,-4.263395703431487,-10.06031310249083,0.7,0.40425355704310273,1.1042535570431027,0.2957464429568972
47.040154695510864,-14.378242317116916,-4.44782593774519,-9.930416379371726,0.7,0.40425355704310273,1.1042535570431027,0.2957464429568972
47.060121059417725,-14.430726458776363,-4.595370125196152,-9.835356333580211,0.7,0.40425355704310273,1.1042535570431027,0.2957464429568972
47.08011722564697,-14.481012727617621,-4.713405475156922,-9.7676072524607,0.7,0.40425355704310273,1.1042535570431027,0.2957464429568972
47.1002984046936,-14.529446576491981,-4.807833755125539,-9.721612821366442,0.6950592122040689,0.3998915298822794,1.0949507420863482,0.29516768232178947
47.12014961242676,-14.574809408022391,-4.88337637910043,-9.69143302892196,0.6950592122040689,0.3998915298822794,1.0949507420863482,0.29516768232178947
47.14012837409973,-14.618174388853667,-4.943810478280345,-9.674363910573323,0.6950592122040689,0.3998915298822794,1.0949507420863482,0.29516768232178947
47.160117626190186,-14.659256844723153,-4.992157757624277,-9.667099087098876,0.6950592122040689,0.3998915298822794,1.0949507420863482,0.29516768232178947
47.180123805999756,-14.698058771697626,-5.030835581099422,-9.667223190598204,0.6950592122040689,0.3998915298822794,1.0949507420863482,0.29516768232178947
47.200119972229004,-14.734520593297775,-5.030835581099422,-9.703685012198353,0.6950592122040689,0.3998915298822794,1.0949507420863482,0.29516768232178947
47.22014546394348,-14.768704906805842,-5.061777839879538,-9.706927066926305,0.6980001694057136,0.39130882704439496,1.0893089964501086,0.3066913423613187
47.240233182907104,-14.80064643149465,-5.08653164690363,-9.71411478459102,0.6980001694057136,0.39130882704439496,1.0893089964501086,0.3066913423613187
47.260220766067505,-14.830088598450823,-5.106334692522905,-9.723753905927918,0.6980001694057136,0.39130882704439496,1.0893089964501086,0.3066913423613187
47.280186891555786,-14.857163988407702,-5.122177129018325,-9.734986859389377,0.6980001694057136,0.39130882704439496,1.0893089964501086,0.3066913423613187
47.300132513046265,-14.8818769975669,-5.13485107821466,-9.74702591935224,0.7,0.3926573091400314,1.0926573091400313,0.30734269085996857
47.320268630981445,-14.904455173866884,-5.180146487571728,-9.724308686295156,0.7,0.3926573091400314,1.0926573091400313,0.30734269085996857
47.34028887748718,-14.92453825430393,-5.304273440057382,-9.62026481424655,0.7,0.3926573091400314,1.0926573091400313,0.30734269085996857
47.36027264595032,-14.942229662752348,-5.438731252045907,-9.503498410706442,0.7,0.3926573091400314,1.0926573091400313,0.30734269085996857
47.38033962249756,-14.957624274417585,-5.546297501636726,-9.411326772780859,0.7,0.3926573091400314,1.0926573091400313,0.30734269085996857
47.4001727104187,-14.970503046007886,-5.632350501309381,-9.338152544698506,0.7,0.3926573091400314,1.0926573091400313,0.30734269085996857
47.42011737823486,-14.981109891818157,-5.701192901047506,-9.279916990770651,0.7,0.3926573091400314,1.0926573091400313,0.30734269085996857
47.44011116027832,-14.989381539580604,-5.701192901047506,-9.288188638533098,0.7,0.3926573091400314,1.0926573091400313,0.30734269085996857
47.460158824920654,-14.995300381562553,-5.756266820838005,-9.239033560724547,0.7,0.3967217778069425,1.0967217778069425,0.30327822219305745
47.480141162872314,-14.99883232228098,-5.800325956670404,-9.198506365610577,0.7,0.3967217778069425,1.0967217778069425,0.30327822219305745
47.5001163482666,-14.999999959918789,-5.835573265336325,-9.164426694582463,0.7,0.3967217778069425,1.0967217778069425,0.30327822219305745
47.52011442184448,-14.998802073071976,-5.88134923726906,-9.117452835802917,0.7,0.3967217778069425,1.0967217778069425,0.30327822219305745
47.54011249542236,-14.995236157748355,-5.917970014815248,-9.077266142933107,0.7,0.3967217778069425,1.0967217778069425,0.30327822219305745
47.56013083457947,-14.989295563692423,-5.929688511852199,-9.059607051840224,0.7,0.3778950994116712,1.0778950994116712,0.32210490058832875
47.580180406570435,-14.980968822840083,-5.93906330948176,-9.041905513358323,0.7,0.3778950994116712,1.0778950994116712,0.32210490058832875
47.60020589828491,-14.970278953280685,-5.964141272585409,-9.006137680695275,0.7,0.3778950994116712,1.0778950994116712,0.32210490058832875
47.620185136795044,-14.957251966988629,-5.9842036430683265,-8.973048323920302,0.7,0.3778950994116712,1.0778950994116712,0.32210490058832875
47.64013695716858,-14.94189068429901,-6.000253539454662,-8.941637144844346,0.7,0.3778950994116712,1.0778950994116712,0.32210490058832875
47.66018104553223,-14.92409390956634,-6.000253539454662,-8.923840370111677,0.6982428696239367,0.3766460434514556,1.0748889130753922,0.3215968261724811
47.680269718170166,-14.903882559027423,-6.01309345656373,-8.890789102463692,0.6982428696239367,0.3766460434514556,1.0748889130753922,0.3215968261724811
47.700310945510864,-14.881352935076372,-6.0057872652509845,-8.875565669825388,0.6982428696239367,0.3766460434514556,1.0748889130753922,0.3215968261724811
47.720288038253784,-14.856547083310678,-6.017520437200789,-8.83902664610989,0.6982428696239367,0.3766460434514556,1.0748889130753922,0.3215968261724811
47.74016094207764,-14.829548226560352,-6.026906974760632,-8.80264125179972,0.6982428696239367,0.3766460434514556,1.0748889130753922,0.3215968261724811
47.76010870933533,-14.800122496839993,-6.0695724548085055,-8.730550042031489,0.6982428696239367,0.3766460434514556,1.0748889130753922,0.3215968261724811
47.78011107444763,-14.76828175873173,-6.174017338846805,-8.594264419884926,0.693553513311781,0.39320750692668294,1.0867610202384639,0.300346006385098
47.80021905899048,-14.733921757210915,-6.3103076210774445,-8.42361413613347,0.693553513311781,0.39320750692668294,1.0867610202384639,0.300346006385098
47.820157051086426,-14.697530109160107,-6.419339846861956,-8.278190262298152,0.693553513311781,0.39320750692668294,1.0867610202384639,0.300346006385098
47.84011673927307,-14.658788555020337,-6.5065656274895645,-8.152222927530772,0.693553513311781,0.39320750692668294,1.0867610202384639,0.300346006385098
47.860114336013794,-14.617661381802748,-6.576346251991652,-8.041315129811096,0.693553513311781,0.39320750692668294,1.0867610202384639,0.300346006385098
47.88011431694031,-14.574221149318896,-6.576346251991652,-7.997874897327245,0.693553513311781,0.39320750692668294,1.0867610202384639,0.300346006385098
47.900187253952026,-14.528308421764093,-6.632170751593321,-7.896137670170772,0.6713520664954558,0.390446395564777,1.0617984620602328,0.28090567093067875
47.92011904716492,-14.480431879620511,-6.676830351274657,-7.803601528345854,0.6713520664954558,0.390446395564777,1.0617984620602328,0.28090567093067875
47.94011855125427,-14.430110059306864,-6.712558031019726,-7.717552028287138,0.6713520664954558,0.390446395564777,1.0617984620602328,0.28090567093067875
47.96011281013489,-14.377523763678399,-6.74114017481578,-7.636383588862619,0.6713520664954558,0.390446395564777,1.0617984620602328,0.28090567093067875
47.98011541366577,-14.32264502710238,-6.7640058898526245,-7.558639137249756,0.6713520664954558,0.390446395564777,1.0617984620602328,0.28090567093067875
48.000184535980225,-14.265310202890582,-6.7822984618821,-7.483011741008482,0.6821727058151736,0.3920493507273022,1.0742220565424758,0.29012335508787146
48.020127296447754,-14.206089480351675,-6.796932519505679,-7.409156960845996,0.6821727058151736,0.3920493507273022,1.0742220565424758,0.29012335508787146
48.040119647979736,-14.144482692585559,-6.808639765604544,-7.335842926981015,0.6821727058151736,0.3920493507273022,1.0742220565424758,0.29012335508787146
48.06011486053467,-14.080634740099782,-6.818005562483635,-7.262629177616147,0.6821727058151736,0.3920493507273022,1.0742220565424758,0.29012335508787146
48.080113887786865,-14.014551540181687,-6.825498199986908,-7.1890533401947785,0.6821727058151736,0.3920493507273022,1.0742220565424758,0.29012335508787146
48.10021209716797,-13.945911295019817,-6.825498199986908,-7.120413095032909,0.6985651975730434,0.39975340333576237,1.0983186009088057,0.298811794237281
48.12013483047485,-13.875675449468053,-6.831492309989526,-7.044183139478527,0.6985651975730434,0.39975340333576237,1.0983186009088057,0.298811794237281
48.140125036239624,-13.803016457977902,-6.836287597991621,-6.966728859986281,0.6985651975730434,0.39975340333576237,1.0983186009088057,0.298811794237281
48.16012382507324,-13.728147346355764,-6.840123828393297,-6.888023517962466,0.6985651975730434,0.39975340333576237,1.0983186009088057,0.298811794237281
48.18012022972107,-13.651119976429406,-6.843192812714638,-6.807927163714768,0.6985651975730434,0.39975340333576237,1.0983186009088057,0.298811794237281
48.20011639595032,-13.57193866826232,-6.845648000171711,-6.726290668090608,0.6985651975730434,0.39975340333576237,1.0983186009088057,0.298811794237281
48.220245361328125,-13.490067793443135,-6.847612150137369,-6.642455643305766,0.7,0.3984694677153129,1.0984694677153128,0.30153053228468707
48.24012351036072,-13.407099377950006,-6.849183470109895,-6.557915907840111,0.7,0.3984694677153129,1.0984694677153128,0.30153053228468707
48.26011800765991,-13.321535552704276,-6.850440526087916,-6.47109502661636,0.7,0.3984694677153129,1.0984694677153128,0.30153053228468707
48.280117988586426,-13.233844929745723,-6.851446170870333,-6.38239875887539,0.7,0.3984694677153129,1.0984694677153128,0.30153053228468707
48.30011534690857,-13.144076442563698,-6.852250686696267,-6.291825755867431,0.7,0.3984694677153129,1.0984694677153128,0.30153053228468707
48.32011651992798,-13.052215184485444,-6.852250686696267,-6.1999644977891775,0.7,0.3984694677153129,1.0984694677153128,0.30153053228468707
48.340147495269775,-12.95815111051179,-6.852894299357014,-6.105256811154777,0.7,0.40738267830847685,1.1073826783084768,0.2926173216915231
48.360124826431274,-12.8622945850898,-6.85340918948561,-6.008885395604189,0.7,0.40738267830847685,1.1073826783084768,0.2926173216915231
48.38013005256653,-12.764273469061559,-6.853821101588489,-5.91045236747307,0.7,0.40738267830847685,1.1073826783084768,0.2926173216915231
48.400118827819824,-12.664318760969955,-6.854150631270791,-5.810168129699164,0.7,0.40738267830847685,1.1073826783084768,0.2926173216915231
48.42011857032776,-12.56230997062653,-6.854414255016633,-5.707895715609896,0.7,0.40738267830847685,1.1073826783084768,0.2926173216915231
48.44012093544006,-12.458303730894427,-6.8546251540133065,-5.60367857688112,0.7,0.41124337476021533,1.1112433747602153,0.2887566252397846
48.46015214920044,-12.352175459946595,-6.854793873210645,-5.49738158673595,0.7,0.41124337476021533,1.1112433747602153,0.2887566252397846
48.48013186454773,-12.24437091479125,-6.854928848568516,-5.389442066222735,0.7,0.41124337476021533,1.1112433747602153,0.2887566252397846
48.500118255615234,-12.134599776115218,-6.855036828854813,-5.279562947260405,0.7,0.41124337476021533,1.1112433747602153,0.2887566252397846
48.5201210975647,-12.022822338744142,-6.855036828854813,-5.167785509889328,0.7,0.41124337476021533,1.1112433747602153,0.2887566252397846
48.54012608528137,-11.909133523098866,-6.855123213083851,-5.054010310015015,0.7,0.41124337476021533,1.1112433747602153,0.2887566252397846
48.56013298034668,-11.79355207110015,-6.855192320467081,-4.938359750633069,0.6929922511801123,0.3745232925964046,1.067515543776517,0.3184689585837077
48.58016490936279,-11.675958881488626,-6.855247606373665,-4.82071127511496,0.6929922511801123,0.3745232925964046,1.067515543776517,0.3184689585837077
48.60013246536255,-11.556902805400098,-6.8552918350989325,-4.701610970301165,0.6929922511801123,0.3745232925964046,1.067515543776517,0.3184689585837077
48.62013077735901,-11.43584009930951,-6.855327218079146,-4.580512881230365,0.6929922511801123,0.3745232925964046,1.067515543776517,0.3184689585837077
48.640130043029785,-11.312965944254923,-6.855355524463317,-4.457610419791607,0.6929922511801123,0.3745232925964046,1.067515543776517,0.3184689585837077
48.66013169288635,-11.188290504971793,-6.8553781695706535,-4.332912335401139,0.6929922511801123,0.3745232925964046,1.067515543776517,0.3184689585837077
48.68025994300842,-11.061042111511647,-6.855396285656523,-4.2056458258551235,0.7,0.3600984758911181,1.060098475891118,0.33990152410888186
48.700149059295654,-10.933567676840912,-6.8554107785252185,-4.078156898315694,0.7,0.3600984758911181,1.060098475891118,0.33990152410888186
48.72013545036316,-10.80374982359608,-6.8554223728201755,-3.9483274507759045,0.7,0.3600984758911181,1.060098475891118,0.33990152410888186
48.740124225616455,-10.672212463850297,-6.855431648256141,-3.8167808155941563,0.7,0.3600984758911181,1.060098475891118,0.33990152410888186
48.76013422012329,-10.538849420529894,-6.855431648256141,-3.6834177722737538,0.7,0.3600984758911181,1.060098475891118,0.33990152410888186
48.780144929885864,-10.403815650910756,-6.8554390686049125,-3.5483765823058437,0.7,0.3600984758911181,1.060098475891118,0.33990152410888186
48.800262212753296,-10.266404951614238,-6.83786687988393,-3.4285380717303076,0.7,0.36326070066816096,1.063260700668161,0.336739299331839
48.82015347480774,-10.128925287079772,-6.841387253907144,-3.287538033172628,0.7,0.36326070066816096,1.063260700668161,0.336739299331839
48.840131998062134,-9.989249987263774,-6.932094178125716,-3.0571558091380577,0.7,0.36326070066816096,1.063260700668161,0.336739299331839
48.86013054847717,-9.8478582794968,-7.057394092500574,-2.7904641869962257,0.7,0.36326070066816096,1.063260700668161,0.336739299331839
48.88013219833374,-9.70488943248235,-7.157634024000459,-2.547255408481891,0.7,0.36326070066816096,1.063260700668161,0.336739299331839
48.9001350402832,-9.560379160590127,-7.237825969200368,-2.3225531913897592,0.7,0.36326070066816096,1.063260700668161,0.336739299331839
48.92019844055176,-9.413914420723078,-7.301979525360295,-2.111934895362783,0.7,0.335445420185988,1.035445420185988,0.36455457981401196
48.940266847610474,-9.265916566825698,-7.353302370288236,-1.9126141965374623,0.7,0.335445420185988,1.035445420185988,0.36455457981401196
48.96030306816101,-9.116686385527345,-7.394360646230589,-1.722325739296756,0.7,0.335445420185988,1.035445420185988,0.36455457981401196
48.98023247718811,-8.966818380151809,-7.394360646230589,-1.5724577339212198,0.7,0.335445420185988,1.035445420185988,0.36455457981401196
49.000239610672,-8.81495169969518,-7.427207266984471,-1.3877444327107096,0.673748879507184,0.3439524577212978,1.0177013372284818,0.3297964217858862
49.020209312438965,-8.661980064985903,-7.453484563587577,-1.2084955013983256,0.673748879507184,0.3439524577212978,1.0177013372284818,0.3297964217858862
49.040199518203735,-8.50748558718449,-7.474506400870063,-1.032979186314427,0.673748879507184,0.3439524577212978,1.0177013372284818,0.3297964217858862
49.06014442443848,-8.352003632153334,-7.491323870696051,-0.8606797614572832,0.6753827060339972,0.33912056342041974,1.014503269454417,0.33626214261357745
49.080148220062256,-8.194745188068547,-7.50477784655684,-0.6899673415117062,0.6753827060339972,0.33912056342041974,1.014503269454417,0.33626214261357745
49.100170850753784,-8.036042315867963,-7.550697277245473,-0.4853450386224898,0.6753827060339972,0.33912056342041974,1.014503269454417,0.33626214261357745
49.120203495025635,-7.875987266601911,-7.657745321796379,-0.2182419448055315,0.6782772503094747,0.3482240441469002,1.026501294456375,0.3300532061625745
49.1401572227478,-7.715322295087664,-7.743383757437103,0.028061462349438848,0.6782772503094747,0.3482240441469002,1.026501294456375,0.3300532061625745
49.1601402759552,-7.553205828195913,-7.811894505949682,0.2586886777537689,0.6782772503094747,0.3482240441469002,1.026501294456375,0.3300532061625745
49.180134296417236,-7.389808693228071,-7.884281229759746,0.4944725365316751,0.6458274125354364,0.3411766563755918,0.9870040689110282,0.3046507561598446
49.200130462646484,-7.225227596788187,-7.884281229759746,0.6590536329715588,0.6458274125354364,0.3411766563755918,0.9870040689110282,0.3046507561598446
49.22013521194458,-7.059434615745374,-7.942190608807798,0.8827559930624238,0.6458274125354364,0.3411766563755918,0.9870040689110282,0.3046507561598446
49.24012804031372,-6.8926261269990885,-7.988518112046238,1.0958919850471496,0.6745967044727876,0.34693144152215605,1.0215281459949437,0.3276652629506316
49.26013231277466,-6.72463358129764,-8.025580114636991,1.300946533339351,0.6745967044727876,0.34693144152215605,1.0215281459949437,0.3276652629506316
49.280131340026855,-6.555623148117528,-8.055229716709594,1.4996065685920659,0.6745967044727876,0.34693144152215605,1.0215281459949437,0.3276652629506316
49.300135135650635,-6.385536941456287,-8.061371273367676,1.675834331911389,0.6856987056555226,0.41693144152215605,1.1026301471776787,0.26876726413336655
49.32014846801758,-6.214360196503065,-8.083862643694141,1.8695024471910768,0.6856987056555226,0.41693144152215605,1.1026301471776787,0.26876726413336655
49.3401312828064,-6.042464076899956,-8.101855739955312,2.059391663055356,0.7,0.43828494148603564,1.1382849414860357,0.2617150585139643
49.360148906707764,-5.869313511842903,-8.09867209196425,2.229358580121347,0.7,0.43828494148603564,1.1382849414860357,0.2617150585139643
49.38014459609985,-5.695425726926688,-8.113703298571401,2.4182775716447136,0.7,0.43828494148603564,1.1382849414860357,0.2617150585139643
49.40013670921326,-5.520670295686835,-8.125728263857122,2.6050579681702866,0.6822172299027442,0.41726867156377917,1.0994859014665235,0.2649485583389651
49.42014265060425,-5.344922000426178,-8.125728263857122,2.780806263430944,0.6822172299027442,0.41726867156377917,1.0994859014665235,0.2649485583389651
49.4401273727417,-5.1685169187961675,-8.135348236085697,2.9668313172895298,0.6822172299027442,0.41726867156377917,1.0994859014665235,0.2649485583389651
49.46012592315674,-4.991174013134017,-8.143044213868558,3.1518702007345407,0.7,0.405351186639582,1.105351186639582,0.294648813360418
49.48015522956848,-4.8127685153992275,-8.149200996094848,3.3364324806956205,0.7,0.405351186639582,1.105351186639582,0.294648813360418
49.50018262863159,-4.63361789401184,-8.17170454687588,3.53808665286404,0.7,0.405351186639582,1.105351186639582,0.294648813360418
49.520264863967896,-4.453240048798187,-8.189707387500704,3.736467338702517,0.7,0.3893660907661069,1.089366090766107,0.31063390923389306
49.540173292160034,-4.2737234154581065,-8.204109660000563,3.930386244542457,0.7,0.3893660907661069,1.089366090766107,0.31063390923389306
49.56018614768982,-4.092591222792597,-8.215631478000452,4.123040255207854,0.7,0.3893660907661069,1.089366090766107,0.31063390923389306
49.58015537261963,-3.911208916746872,-8.224848932400361,4.313640015653489,0.681846434995532,0.4062004652833093,1.0880469002788413,0.2756459697122227
49.600136041641235,-3.7291064130698,-8.21464477092029,4.485538357850489,0.681846434995532,0.4062004652833093,1.0880469002788413,0.2756459697122227
49.62014031410217,-3.546200027339736,-8.206481441736232,4.660281414396495,0.681846434995532,0.4062004652833093,1.0880469002788413,0.2756459697122227
49.640130281448364,-3.3628648070314915,-8.206481441736232,4.84361663470474,0.681846434995532,0.4062004652833093,1.0880469002788413,0.2756459697122227
49.660152435302734,-3.178702623544603,-8.199950778388986,5.0212481548443835,0.681846434995532,0.4062004652833093,1.0880469002788413,0.2756459697122227
49.680272817611694,-2.993130215907195,-8.19472624771119,5.201596031803994,0.6183782916516065,0.44925385015360003,1.0676321418052066,0.16912444149800648
49.70020914077759,-2.808783502828264,-8.190546623168952,5.381763120340688,0.6183782916516065,0.44925385015360003,1.0676321418052066,0.16912444149800648
49.72016143798828,-2.6238478395621105,-8.187202923535162,5.563355083973052,0.6183782916516065,0.44925385015360003,1.0676321418052066,0.16912444149800648
49.74012994766235,-2.4383490480239125,-8.184527963828131,5.746178915804219,0.6183782916516065,0.44925385015360003,1.0676321418052066,0.16912444149800648
49.76012372970581,-2.2522309384828567,-8.182387996062506,5.930157057579649,0.6183782916516065,0.44925385015360003,1.0676321418052066,0.16912444149800648
49.78012824058533,-2.0656572432124296,-8.180676021850005,6.115018778637575,0.6183782916516065,0.44925385015360003,1.0676321418052066,0.16912444149800648
49.800124645233154,-1.8788330073372645,-8.179306442480003,6.300473435142739,0.6183782916516065,0.44925385015360003,1.0676321418052066,0.16912444149800648
49.82026529312134,-1.6903613946567573,-8.178210778984004,6.487849384327247,0.6233218757435679,0.4667295780991662,1.0900514538427342,0.1565922976444017
49.84014701843262,-1.5040470962157915,-8.178210778984004,6.674163682768213,0.6233218757435679,0.4667295780991662,1.0900514538427342,0.1565922976444017
49.86013054847717,-1.3165423105891336,-8.177334248187202,6.860791937598069,0.6233218757435679,0.4667295780991662,1.0900514538427342,0.1565922976444017
49.880127906799316,-1.1287000110145935,-8.176633023549762,7.047933012535168,0.6233218757435679,0.4667295780991662,1.0900514538427342,0.1565922976444017
49.90012311935425,-0.9406997072764344,-8.176072043839811,7.235372336563377,0.6233218757435679,0.4667295780991662,1.0900514538427342,0.1565922976444017
49.920132875442505,-0.7524140302658108,-8.17562326007185,7.423209229806039,0.6233218757435679,0.4667295780991662,1.0900514538427342,0.1565922976444017
49.94029927253723,-0.5625341569547615,-8.17526423305748,7.612730076102718,0.6445347832515835,0.40806897403947,1.0526037572910536,0.23646580921211352
49.96014904975891,-0.37554711275481545,-8.174977011445984,7.7994298986911685,0.6445347832515835,0.40806897403947,1.0526037572910536,0.23646580921211352
49.980138540267944,-0.1871849893673329,-8.157169109156788,7.969984119789455,0.6445347832515835,0.40806897403947,1.0526037572910536,0.23646580921211352
50.00012516975403,0.0011796971378875334,-8.14292278732543,8.144102484463318,0.6445347832515835,0.40806897403947,1.0526037572910536,0.23646580921211352
50.020151138305664,0.18991492990229888,-8.131525729860346,8.321440659762645,0.6445347832515835,0.40806897403947,1.0526037572910536,0.23646580921211352
50.04016089439392,0.37846734476568533,-8.122408083888278,8.500875428653963,0.6445347832515835,0.40806897403947,1.0526037572910536,0.23646580921211352
50.060171365737915,0.5669666732372804,-8.122408083888278,8.689374757125558,0.6288040129467845,0.38022691058269625,1.0090309235294808,0.2485771023640882
50.08028817176819,0.7563772848884411,-8.115113967110622,8.871491251999062,0.6288040129467845,0.38022691058269625,1.0090309235294808,0.2485771023640882
50.100308895111084,0.9447632982951757,-8.109278673688497,9.054041971983672,0.6288040129467845,0.38022691058269625,1.0090309235294808,0.2485771023640882
50.120208978652954,1.1318660548097852,-8.104610438950798,9.236476493760584,0.6288040129467845,0.38022691058269625,1.0090309235294808,0.2485771023640882
50.140143156051636,1.3191119403402827,-8.083297726160637,9.40240966650092,0.6288040129467845,0.38022691058269625,1.0090309235294808,0.2485771023640882
50.160125732421875,1.5066047351822698,-8.066247555928511,9.572852291110781,0.6349429910071194,0.45022691058269626,1.0851699015898157,0.1847160804244231
50.1801278591156,1.6940431127624855,-8.05260741974281,9.746650532505296,0.6349429910071194,0.45022691058269626,1.0851699015898157,0.1847160804244231
50.20012354850769,1.8811537332734156,-8.041695310794248,9.922849044067664,0.601655797380954,0.4409905683090437,1.0426463656899978,0.16066522907191028
50.22012734413147,2.0680430957129095,-8.032965623635398,10.101008719348307,0.601655797380954,0.4409905683090437,1.0426463656899978,0.16066522907191028
50.24012899398804,2.2545857725799427,-8.025981873908318,10.280567646488262,0.601655797380954,0.4409905683090437,1.0426463656899978,0.16066522907191028
50.26012659072876,2.440734674855205,-8.020394874126655,10.46112954898186,0.613893346209079,0.4794956233193624,1.0933889695284413,0.13439772288971658
50.28013324737549,2.626582317830192,-8.015925274301324,10.642507592131516,0.613893346209079,0.4794956233193624,1.0933889695284413,0.13439772288971658
50.300129413604736,2.8119177998396547,-8.015925274301324,10.82784307414098,0.613893346209079,0.4794956233193624,1.0933889695284413,0.13439772288971658
50.32012939453125,2.996844645480443,-8.029927719441059,11.026772364921502,0.5538534645922482,0.435695042072748,0.9895485066649962,0.11815842251950015
50.34012579917908,3.181265316646556,-8.041129675552847,11.222394992199403,0.5538534645922482,0.435695042072748,0.9895485066649962,0.11815842251950015
50.36012244224548,3.3651859995019935,-8.05009124044228,11.415277239944274,0.5538534645922482,0.435695042072748,0.9895485066649962,0.11815842251950015
50.380125522613525,3.5486344067775333,-8.057260492353823,11.605894899131357,0.5529794757487252,0.43359069217271096,0.9865701679214361,0.11938878357601423
50.400134325027466,3.7315745045423605,-8.062995893883059,11.794570398425419,0.5529794757487252,0.43359069217271096,0.9865701679214361,0.11938878357601423
50.42013168334961,3.9138207029110026,-8.067584215106448,11.98140491801745,0.5593725758837536,0.4143609410924364,0.9737335169761899,0.14501163479131718
50.440136194229126,4.0955138768418395,-8.07125487208516,12.166768748926998,0.5593725758837536,0.4143609410924364,0.9737335169761899,0.14501163479131718
50.460113525390625,4.276314498093797,-7.986300772668128,12.262615270761923,0.5593725758837536,0.4143609410924364,0.9737335169761899,0.14501163479131718
50.48013162612915,4.456808262801964,-7.865603118134502,12.322411380936465,0.5570776862325146,0.40792083431309945,0.9649985205456141,0.1491568519194152
50.50013041496277,4.636423874122731,-7.7690449945076026,12.405468868630333,0.5570776862325146,0.40792083431309945,0.9649985205456141,0.1491568519194152
50.52013564109802,4.81536488800283,-7.7690449945076026,12.584409882510432,0.5570776862325146,0.40792083431309945,0.9649985205456141,0.1491568519194152
50.54012942314148,4.993443396455154,-7.691798495606083,12.685241892061237,0.5745706026675179,0.4218494581831146,0.9964200608506325,0.15272114448440333
50.56012415885925,5.170742309784146,-7.612423171484868,12.783165481269013,0.5745706026675179,0.4218494581831146,0.9964200608506325,0.15272114448440333
50.58012914657593,5.347315407545447,-7.548922912187895,12.896238319733342,0.5745706026675179,0.4218494581831146,0.9964200608506325,0.15272114448440333
50.60012459754944,5.5229601138153965,-7.498122704750317,13.021082818565713,0.5473245614441111,0.4648654150617767,1.012189976505888,0.08245914638233443
50.62013268470764,5.69784324419311,-7.457482538800254,13.155325782993364,0.5473245614441111,0.4648654150617767,1.012189976505888,0.08245914638233443
50.64013671875,5.871790739994448,-7.424970406040203,13.296761146034651,0.5473245614441111,0.4648654150617767,1.012189976505888,0.08245914638233443
50.660123348236084,6.044660512632898,-7.398960699832164,13.443621212465063,0.5516471112379804,0.4670111119588363,1.0186582231968166,0.08463599927914406
50.680129051208496,6.216740637231564,-7.378152934865731,13.594893572097295,0.5516471112379804,0.4670111119588363,1.0186582231968166,0.08463599927914406
50.700130224227905,6.387799877493277,-7.361506722892585,13.749306600385863,0.5516471112379804,0.4670111119588363,1.0186582231968166,0.08463599927914406
50.72013521194458,6.557882626487361,-7.348189753314068,13.90607237980143,0.5516471112379804,0.4670111119588363,1.0186582231968166,0.08463599927914406
50.74015545845032,6.727057831194879,-7.348189753314068,14.075247584508947,0.5516471112379804,0.4670111119588363,1.0186582231968166,0.08463599927914406
50.760257959365845,6.8958570647537725,-7.355114302651255,14.250971367405027,0.5660903914133086,0.42457305191359407,0.9906634433269027,0.14151733949971457
50.78036189079285,7.063568066231269,-7.360653942121004,14.424222008352274,0.5660903914133086,0.42457305191359407,0.9906634433269027,0.14151733949971457
50.80030655860901,7.2288368437484145,-7.365085653696804,14.593922497445218,0.5660903914133086,0.42457305191359407,0.9906634433269027,0.14151733949971457
50.82021427154541,7.392667359035546,-7.368631022957444,14.76129838199299,0.5660903914133086,0.42457305191359407,0.9906634433269027,0.14151733949971457
50.84020376205444,7.5560070516211875,-7.371467318365956,14.927474369987143,0.5587607034714892,0.46644379494986427,1.0252044984213535,0.09231690852162494
50.860204219818115,7.7182434474210835,-7.373736354692765,15.091979802113848,0.5587607034714892,0.46644379494986427,1.0252044984213535,0.09231690852162494
50.88016867637634,7.878972262925069,-7.375551583754213,15.254523846679282,0.5587607034714892,0.46644379494986427,1.0252044984213535,0.09231690852162494
50.90012574195862,8.038402504214668,-7.37700376700337,15.415406271218039,0.5523918279679492,0.4553379250531543,1.0077297530211036,0.09705390291479488
50.9201238155365,8.196892516106857,-7.3781655136026965,15.575058029709552,0.5523918279679492,0.4553379250531543,1.0077297530211036,0.09705390291479488
50.94012808799744,8.354136916416252,-7.3790949108821575,15.73323182729841,0.5523918279679492,0.4553379250531543,1.0077297530211036,0.09705390291479488
50.96012306213379,8.509989371982908,-7.3790949108821575,15.889084282865065,0.5718690519453957,0.4711832405840505,1.0430522925294463,0.10068581136134525
50.98012638092041,8.66456287558875,-7.379838428705726,16.044401304294475,0.5718690519453957,0.4711832405840505,1.0430522925294463,0.10068581136134525
51.000123739242554,8.817722245400695,-7.380433242964581,16.198155488365277,0.5718690519453957,0.4711832405840505,1.0430522925294463,0.10068581136134525
51.02012395858765,8.969511175071885,-7.380909094371665,16.35042026944355,0.5726334302918985,0.45985214894912135,1.03248557924102,0.11278128134277715
51.04011917114258,9.119846219348217,-7.381289775497332,16.501135994845548,0.5726334302918985,0.45985214894912135,1.03248557924102,0.11278128134277715
51.060120820999146,9.2687895250065,-7.381594320397866,16.650383845404367,0.5824411799432709,0.5113513443460215,1.0937925242892925,0.07108983559724946
51.08013892173767,9.416389629267107,-7.381837956318294,16.7982275855854,0.5824411799432709,0.5113513443460215,1.0937925242892925,0.07108983559724946
51.10013198852539,9.562318302964531,-7.382032865054636,16.944351168019168,0.5824411799432709,0.5113513443460215,1.0937925242892925,0.07108983559724946
51.1201331615448,9.706796268638271,-7.382188792043708,17.088985060681978,0.5840690308716148,0.5574597280313719,1.1415287589029868,0.026609302840242877
51.14012289047241,9.849659892510676,-7.382313533634968,17.231973426145643,0.5840690308716148,0.5574597280313719,1.1415287589029868,0.026609302840242877
51.16014313697815,9.991184271254035,-7.382313533634968,17.373497804889002,0.5840690308716148,0.5574597280313719,1.1415287589029868,0.026609302840242877
51.18014979362488,10.131033277060814,-7.382413326907974,17.513446603968788,0.5553713222499936,0.5423411840414155,1.0977125062914093,0.013030138208578124
51.20013666152954,10.269145465999486,-7.382493161526379,17.651638627525866,0.5553713222499936,0.5423411840414155,1.0977125062914093,0.013030138208578124
51.220125675201416,10.405652732605748,-7.382557029221104,17.788209761826852,0.5553713222499936,0.5423411840414155,1.0977125062914093,0.013030138208578124
51.240129470825195,10.5406177519765,-7.347451873376883,17.88806962535338,0.5553713222499936,0.5423411840414155,1.0977125062914093,0.013030138208578124
51.26013445854187,10.673925547533848,-7.213898998701508,17.887824546235358,0.5553713222499936,0.5423411840414155,1.0977125062914093,0.013030138208578124
51.280133962631226,10.805511119547988,-7.036744198961206,17.842255318509196,0.5553713222499936,0.5423411840414155,1.0977125062914093,0.013030138208578124
51.30012321472168,10.935324323523515,-6.8774422341689645,17.81276655769248,0.5553713222499936,0.5423411840414155,1.0977125062914093,0.013030138208578124
51.32024669647217,11.064266816412411,-6.6796881623351725,17.743954978747585,0.5618471084628254,0.5425475749319412,1.1043946833947667,0.019299533530884205
51.34026050567627,11.190752229238935,-6.468750529868138,17.659502759107074,0.5618471084628254,0.5425475749319412,1.1043946833947667,0.019299533530884205
51.360219955444336,11.315131725764772,-6.30000042389451,17.61513214965928,0.5618471084628254,0.5425475749319412,1.1043946833947667,0.019299533530884205
51.38016176223755,11.437624090257264,-6.30000042389451,17.737624514151776,0.5618471084628254,0.5425475749319412,1.1043946833947667,0.019299533530884205
51.40013909339905,11.55853421216007,-6.1650003391156085,17.72353455127568,0.5573698087129741,0.5356117591394104,1.0929815678523847,0.021758049573563754
51.42017364501953,11.677961712188969,-6.0570002712924875,17.734961983481455,0.5573698087129741,0.5356117591394104,1.0929815678523847,0.021758049573563754
51.44017720222473,11.795358291106663,-5.97060021703399,17.765958508140653,0.5573698087129741,0.5356117591394104,1.0929815678523847,0.021758049573563754
51.46012592315674,11.910577432774451,-5.901480173627193,17.812057606401645,0.5573698087129741,0.5356117591394104,1.0929815678523847,0.021758049573563754
51.480127573013306,12.024223623892984,-5.828606013901754,17.852829637794738,0.5645164596382528,0.5573153991384424,1.1218318587766953,0.007201060499810397
51.50012993812561,12.135974699325162,-5.770306686121404,17.906281385446565,0.5645164596382528,0.5573153991384424,1.1218318587766953,0.007201060499810397
51.520129680633545,12.245794635922318,-5.723667223897123,17.96946185981944,0.5620764324441552,0.5595959291925646,1.12167236163672,0.002480503251590549
51.540132999420166,12.353699987250721,-5.6863556541176985,18.04005564136842,0.5620764324441552,0.5595959291925646,1.12167236163672,0.002480503251590549
51.56012296676636,12.459583833097128,-5.65650639829416,18.116090231391286,0.5620764324441552,0.5595959291925646,1.12167236163672,0.002480503251590549
51.58013081550598,12.563594211663178,-5.632626993635328,18.196221205298507,0.5213730724528431,0.5100809090903021,1.0314539815431454,0.011292163362541019
51.60012888908386,12.66556973713268,-5.632626993635328,18.29819673076801,0.5213730724528431,0.5100809090903021,1.0314539815431454,0.011292163362541019
51.62013077735901,12.76556448654054,-5.613523469908262,18.379087956448803,0.49718700516968956,0.5146539567170657,1.0118409618867552,-0.017466951547376153
51.640127420425415,12.863517596858241,-5.598240650926609,18.46175824778485,0.49718700516968956,0.5146539567170657,1.0118409618867552,-0.017466951547376153
51.66012525558472,12.959445748008639,-5.586014395741288,18.545460143749928,0.49718700516968956,0.5146539567170657,1.0118409618867552,-0.017466951547376153
51.68012571334839,13.053340072727059,-5.57623339159303,18.62957346432009,0.47823516633361574,0.499794557890109,0.9780297242237248,-0.02155939155649328
51.70012903213501,13.145186017726772,-5.5684085882744245,18.713594606001195,0.47823516633361574,0.499794557890109,0.9780297242237248,-0.02155939155649328
51.72014498710632,13.235011545014988,-5.52699249561954,18.76200404063453,0.47823516633361574,0.499794557890109,0.9780297242237248,-0.02155939155649328
51.740132570266724,13.322620905896148,-5.423547121495632,18.746168027391782,0.49757370147854085,0.5569272974638261,1.054500998942367,-0.059353595985285224
51.760148763656616,13.408249965857348,-5.288056447196506,18.696306413053854,0.49757370147854085,0.5569272974638261,1.054500998942367,-0.059353595985285224
51.780133962631226,13.491630614107212,-5.162085782757205,18.653716396864418,0.49757370147854085,0.5569272974638261,1.054500998942367,-0.059353595985285224
51.8001344203949,13.572945150861935,-5.061309251205765,18.6342544020677,0.517664242349565,0.626927297463826,1.144591539813391,-0.10926305511426104
51.820128440856934,13.652091128465173,-4.9806880259646125,18.632779154429784,0.517664242349565,0.626927297463826,1.144591539813391,-0.10926305511426104
51.840131759643555,13.729117873648727,-4.9806880259646125,18.70980589961334,0.517664242349565,0.626927297463826,1.144591539813391,-0.10926305511426104
51.8601348400116,13.803975033150474,-4.91619104577169,18.720166078922162,0.5177053121580684,0.5988157483695067,1.116521060527575,-0.08111043621143832
51.88012719154358,13.876613319176839,-4.8645934616173525,18.74120678079419,0.5177053121580684,0.5988157483695067,1.116521060527575,-0.08111043621143832
51.9001259803772,13.947084332563332,-4.823315394293882,18.770399726857214,0.5211853014036023,0.5361413824317969,1.0573266838353992,-0.014956081028194568
51.92012977600098,14.015370021187648,-4.755136690435107,18.770506711622755,0.5211853014036023,0.5361413824317969,1.0573266838353992,-0.014956081028194568
51.94012928009033,14.08142774374836,-4.577546852348085,18.658974596096446,0.5211853014036023,0.5361413824317969,1.0573266838353992,-0.014956081028194568
51.96013522148132,14.145282143362856,-4.3300062318784684,18.475288375241323,0.46593157217939735,0.5268871457261957,0.992818717905593,-0.060955573546798314
51.9801344871521,14.206881323932272,-4.114395610502775,18.321276934435048,0.46593157217939735,0.5268871457261957,0.992818717905593,-0.060955573546798314
52.0001323223114,14.266233072812284,-3.9419071134022197,18.208140186214504,0.46593157217939735,0.5268871457261957,0.992818717905593,-0.060955573546798314
52.020129680633545,14.323331171194365,-3.803916315721776,18.12724748691614,0.5347873719139897,0.5154440858347333,1.050231457748723,0.019343286079256394
52.04013538360596,14.378190456541494,-3.693523677577421,18.071714134118917,0.5347873719139897,0.5154440858347333,1.050231457748723,0.019343286079256394
52.0601372718811,14.430768153593023,-3.693523677577421,18.124291831170446,0.5347873719139897,0.5154440858347333,1.050231457748723,0.019343286079256394
52.08013606071472,14.48105901760838,-3.6052095670619373,18.086268584670318,0.4977691100641095,0.557294116256944,1.0550632263210535,-0.05952500619283452
52.100136041641235,14.529066224640932,-3.53455827864955,18.063624503290484,0.4977691100641095,0.557294116256944,1.0550632263210535,-0.05952500619283452
52.12012577056885,14.574756284589265,-3.4780372479196404,18.052793532508904,0.4977691100641095,0.557294116256944,1.0550632263210535,-0.05952500619283452
52.140119552612305,14.618155749167734,-3.4152422983357122,18.033398047503447,0.4977691100641095,0.557294116256944,1.0550632263210535,-0.05952500619283452
52.16011929512024,14.659260178301412,-3.36500633866857,18.02426651696998,0.4977691100641095,0.557294116256944,1.0550632263210535,-0.05952500619283452
52.1803081035614,14.698405429722477,-3.324817570934856,18.02322300065733,0.481949603344401,0.525559865771047,1.007509469115448,-0.04361026242664595
52.20023155212402,14.734717532357749,-3.292666556747885,18.027384089105635,0.481949603344401,0.525559865771047,1.007509469115448,-0.04361026242664595
52.22031617164612,14.768986268555905,-3.266945745398308,18.035932013954213,0.481949603344401,0.525559865771047,1.007509469115448,-0.04361026242664595
52.24023985862732,14.800656654940797,-3.246369096318647,18.047025751259444,0.481949603344401,0.525559865771047,1.007509469115448,-0.04361026242664595
52.26016163825989,14.830004948957413,-3.2299077770549176,18.05991272601233,0.481949603344401,0.525559865771047,1.007509469115448,-0.04361026242664595
52.28012657165527,14.857085709848398,-3.2299077770549176,18.086993486903317,0.481949603344401,0.525559865771047,1.007509469115448,-0.04361026242664595
52.300132751464844,14.881877279010189,-3.2167387216439343,18.098616000654122,0.481949603344401,0.525559865771047,1.007509469115448,-0.04361026242664595
52.32012987136841,14.90430774538853,-3.2062034773151478,18.11051122270368,0.481949603344401,0.525559865771047,1.007509469115448,-0.04361026242664595
52.34015107154846,14.924408084080786,-3.197775281852118,18.122183365932905,0.4175039140238368,0.595559865771047,1.0130637797948838,-0.17805595174721023
52.36013221740723,14.942113558694295,-3.1910327254816946,18.13314628417599,0.4175039140238368,0.595559865771047,1.0130637797948838,-0.17805595174721023
52.380131244659424,14.957476628678046,-3.185638680385356,18.143115309063404,0.4175039140238368,0.595559865771047,1.0130637797948838,-0.17805595174721023
52.400142669677734,14.970485296293655,-3.1813234443082847,18.15180874060194,0.4175039140238368,0.595559865771047,1.0130637797948838,-0.17805595174721023
52.420125246047974,14.98111361190955,-3.142715005446628,18.12382861735618,0.4175039140238368,0.595559865771047,1.0130637797948838,-0.17805595174721023
52.440125942230225,14.989386780079206,-2.953625129357303,17.94301190943651,0.4175039140238368,0.595559865771047,1.0130637797948838,-0.17805595174721023
52.460262060165405,14.995324703762508,-2.608993853485842,17.604318557248348,0.44982915573855276,0.6093910723684348,1.0592202281069876,-0.15956191662988206
52.48022770881653,14.99884247758518,-2.608993853485842,17.60783633107102,0.44982915573855276,0.6093910723684348,1.0592202281069876,-0.15956191662988206
52.500248670578,14.999999816907815,-2.2102419577886736,17.210241774696488,0.44982915573855276,0.6093910723684348,1.0592202281069876,-0.15956191662988206
52.52018404006958,14.998793766519444,-1.8033498162309392,16.802143582750382,0.44982915573855276,0.6093910723684348,1.0592202281069876,-0.15956191662988206
52.54013395309448,14.995231059940972,-1.4602579779847513,16.455489037925723,0.42953917772611017,0.5472103111205615,0.9767494888466717,-0.11767113339445134
52.56015348434448,14.98928749895281,-1.185784507387801,16.175072006340613,0.42953917772611017,0.5472103111205615,0.9767494888466717,-0.11767113339445134
52.58013868331909,14.980988619902595,-0.931049480910241,15.912038100812836,0.42953917772611017,0.5472103111205615,0.9767494888466717,-0.11767113339445134
52.60012149810791,14.970328981837584,-0.6745270847281928,15.644856066565776,0.4099373073979222,0.5592510016394772,0.9691883090373994,-0.14931369424155494
52.62013483047485,14.957287728901804,-0.4517310427825543,15.409018771684359,0.4099373073979222,0.5592510016394772,0.9691883090373994,-0.14931369424155494
52.64012122154236,14.941903725034004,-0.27349420922604345,15.215397934260048,0.4099373073979222,0.5592510016394772,0.9691883090373994,-0.14931369424155494
52.66012907028198,14.924143119756856,-0.13090474238083477,15.055047862137691,0.4321199228717887,0.5622963053865351,0.9944162282583238,-0.1301763825147464
52.6801278591156,14.90403361282113,-0.016833168904667826,14.920866781725799,0.4321199228717887,0.5622963053865351,0.9944162282583238,-0.1301763825147464
52.70012855529785,14.881568616780545,-0.016833168904667826,14.898401785685213,0.44833814927478666,0.5756028374416746,1.0239409867164613,-0.12726468816688796
52.720125913619995,14.856757822127209,0.09200221487626574,14.764755607250944,0.44833814927478666,0.5756028374416746,1.0239409867164613,-0.12726468816688796
52.74012351036072,14.82960125515618,0.1790705219010126,14.650530733255168,0.44833814927478666,0.5756028374416746,1.0239409867164613,-0.12726468816688796
52.760122537612915,14.800101291248982,0.24872516752081006,14.551376123728172,0.4650187698855006,0.5637034304199733,1.028722200305474,-0.09868466053447267
52.780123233795166,14.768261692932446,0.30444888401664805,14.4638128089158,0.4650187698855006,0.5637034304199733,1.028722200305474,-0.09868466053447267
52.800119161605835,14.734098276985117,0.3490278572133184,14.385070419771798,0.4650187698855006,0.5637034304199733,1.028722200305474,-0.09868466053447267
52.82011961936951,14.697600594015178,0.3846910357706547,14.312909558244524,0.4178204593910777,0.5576587636714794,0.9754792230625571,-0.13983830428040167
52.84011960029602,14.658782836396812,0.4132215786165238,14.245561257780288,0.4178204593910777,0.5576587636714794,0.9754792230625571,-0.13983830428040167
52.86012125015259,14.617646762672862,0.41846788789321904,14.199178874779644,0.4341264629467332,0.5883865711038925,1.0225130340506257,-0.1542601081571593
52.88012075424194,14.574206796538641,0.4226649353145753,14.151541861224066,0.4341264629467332,0.5883865711038925,1.0225130340506257,-0.1542601081571593
52.90012574195862,14.528452651677531,0.42602257325166026,14.10243007842587,0.4341264629467332,0.5883865711038925,1.0225130340506257,-0.1542601081571593
52.920132637023926,14.480398460897673,0.42602257325166026,14.054375887646012,0.4341264629467332,0.5883865711038925,1.0225130340506257,-0.1542601081571593
52.940126180648804,14.430090427284112,0.42870868360132824,14.001381743682783,0.4341264629467332,0.5883865711038925,1.0225130340506257,-0.1542601081571593
52.96012210845947,14.377498779917358,0.4308575718810626,13.946641208036295,0.4341264629467332,0.5883865711038925,1.0225130340506257,-0.1542601081571593
52.98026967048645,14.322213009333247,0.43257668250485015,13.889636326828397,0.4346345774676592,0.6172836982404806,1.0519182757081398,-0.18264912077282136
53.000176668167114,14.265333125242265,0.4339519710038801,13.831381154238384,0.4346345774676592,0.6172836982404806,1.0519182757081398,-0.18264912077282136
53.020140171051025,14.206050527308712,0.4350522018031041,13.770998325505607,0.4346345774676592,0.6172836982404806,1.0519182757081398,-0.18264912077282136
53.04013657569885,14.144429582447538,0.43593238644248333,13.708497196005055,0.4346345774676592,0.6172836982404806,1.0519182757081398,-0.18264912077282136
53.060145139694214,14.080536365966333,0.4366365341539867,13.643899831812346,0.4346345774676592,0.6172836982404806,1.0519182757081398,-0.18264912077282136
53.08012890815735,14.014501075124098,0.43719985232318936,13.577301222800909,0.4346345774676592,0.6172836982404806,1.0519182757081398,-0.18264912077282136
53.10015106201172,13.946123117035802,0.43765050685855156,13.50847261017725,0.43795267491004775,0.6381448619758703,1.076097536885918,-0.20019218706582254
53.12016558647156,13.875565338186902,0.43801103048684126,13.437554307700061,0.43795267491004775,0.6381448619758703,1.076097536885918,-0.20019218706582254
53.14013171195984,13.802991829180172,0.438299449389473,13.364692379790698,0.43795267491004775,0.6381448619758703,1.076097536885918,-0.20019218706582254
53.1601288318634,13.728128330625001,0.438299449389473,13.289828881235527,0.43795267491004775,0.6381448619758703,1.076097536885918,-0.20019218706582254
53.18014335632324,13.651029641420893,0.43853018451157844,13.212499456909315,0.43795267491004775,0.6381448619758703,1.076097536885918,-0.20019218706582254
53.20012664794922,13.571897521594018,0.4387147726092628,13.133182748984755,0.43795267491004775,0.6381448619758703,1.076097536885918,-0.20019218706582254
53.22025418281555,13.490031439658585,0.43886244308741024,13.051168996571175,0.4482723399843962,0.6470702002516009,1.095342540235997,-0.1987978602672047
53.24018335342407,13.406846437815979,0.43898057946992824,12.96786585834605,0.4482723399843962,0.6470702002516009,1.095342540235997,-0.1987978602672047
53.26016092300415,13.321349636067923,0.4390750885759426,12.882274547491981,0.4482723399843962,0.6470702002516009,1.095342540235997,-0.1987978602672047
53.280137062072754,13.233760301710838,0.4391506958607541,12.794609605850084,0.4482723399843962,0.6470702002516009,1.095342540235997,-0.1987978602672047
53.30013847351074,13.143971422813841,0.49194555668860335,12.652025866125237,0.4482723399843962,0.6470702002516009,1.095342540235997,-0.1987978602672047
53.32011914253235,13.05220300392281,0.5693376953508827,12.482865308571926,0.4482723399843962,0.6470702002516009,1.095342540235997,-0.1987978602672047
53.34011721611023,12.95829485216068,0.6312514062807062,12.327043445879974,0.4482723399843962,0.6470702002516009,1.095342540235997,-0.1987978602672047
53.36018991470337,12.861978953996777,0.6312514062807062,12.230727547716072,0.4019047356989176,0.5991112562587477,1.0010159919576653,-0.19720652055983012
53.380138635635376,12.764230980027424,0.680782375024565,12.083448605002859,0.4019047356989176,0.5991112562587477,1.0010159919576653,-0.19720652055983012
53.40014910697937,12.66416582946243,0.702829025019652,11.961336804442778,0.4019047356989176,0.5991112562587477,1.0010159919576653,-0.19720652055983012
53.420127391815186,12.562264537713965,0.7380444700157216,11.824220067698244,0.4019047356989176,0.5991112562587477,1.0010159919576653,-0.19720652055983012
53.44012522697449,12.45828120448257,0.7662168260125773,11.692064378469993,0.4019047356989176,0.5991112562587477,1.0010159919576653,-0.19720652055983012
53.4601149559021,12.352374333821063,0.7887547108100619,11.563619623011,0.4019047356989176,0.5991112562587477,1.0010159919576653,-0.19720652055983012
53.48024535179138,12.243753044137168,0.8067850186480495,11.436968025489119,0.4672995991852076,0.6110346774330355,1.078334276618243,-0.14373507824782794
53.500144243240356,12.134455794945865,0.8212092649184397,11.313246530027424,0.4672995991852076,0.6110346774330355,1.078334276618243,-0.14373507824782794
53.52012491226196,12.022800840233575,0.8503267869347518,11.172474053298824,0.4672995991852076,0.6110346774330355,1.078334276618243,-0.14373507824782794
53.54011654853821,11.909188170339172,0.8736208045478014,11.03556736579137,0.4672995991852076,0.6110346774330355,1.078334276618243,-0.14373507824782794
53.56014132499695,11.793503473290105,0.8922560186382412,10.901247454651864,0.4672995991852076,0.6110346774330355,1.078334276618243,-0.14373507824782794
53.580132246017456,11.676152135367007,0.9071641899105932,10.768987945456413,0.4672995991852076,0.6110346774330355,1.078334276618243,-0.14373507824782794
53.60030221939087,11.555882826234395,0.9071641899105932,10.648718636323801,0.45465179438106135,0.6438631872406222,1.0985149816216835,-0.18921139285956085
53.62015771865845,11.435675784054268,0.9190907269284747,10.516585057125793,0.45465179438106135,0.6438631872406222,1.0985149816216835,-0.18921139285956085
53.64015173912048,11.31283167139714,0.9286319565427797,10.38419971485436,0.45465179438106135,0.6438631872406222,1.0985149816216835,-0.18921139285956085
53.6601300239563,11.188300981833734,0.9362649402342239,10.25203604159951,0.45465179438106135,0.6438631872406222,1.0985149816216835,-0.18921139285956085
53.680118799209595,11.061940589007378,0.9423713271873791,10.119569261819999,0.45465179438106135,0.6438631872406222,1.0985149816216835,-0.18921139285956085
53.700124979019165,10.933723049911027,0.9472564367499036,9.986466613161124,0.45465179438106135,0.6438631872406222,1.0985149816216835,-0.18921139285956085
53.72026205062866,10.802922063445088,0.9335863993999228,9.869335664045165,0.46898855826220814,0.6632074816843487,1.132196039946557,-0.1942189234221406
53.740153074264526,10.672021402019784,0.9226503695199384,9.749371032499845,0.46898855826220814,0.6632074816843487,1.132196039946557,-0.1942189234221406
53.76012444496155,10.538914978667632,0.9139015456159507,9.62501343305168,0.46898855826220814,0.6632074816843487,1.132196039946557,-0.1942189234221406
53.78013896942139,10.403856118504889,0.9069024864927606,9.496953632012127,0.46898855826220814,0.6632074816843487,1.132196039946557,-0.1942189234221406
53.8001434803009,10.267220784815919,0.9069024864927606,9.360318298323158,0.46898855826220814,0.6632074816843487,1.132196039946557,-0.1942189234221406
53.82012748718262,10.129105938994293,0.8837251141942085,9.245380824800085,0.46898855826220814,0.6632074816843487,1.132196039946557,-0.1942189234221406
53.840253591537476,9.988395052596482,0.8651832163553669,9.123211836241115,0.5150760430689842,0.7,1.2150760430689842,-0.1849239569310157
53.86015224456787,9.847704037615578,0.8503496980842935,8.997354339531284,0.5150760430689842,0.7,1.2150760430689842,-0.1849239569310157
53.88012647628784,9.704930553089314,0.8384828834674348,8.866447669621879,0.5150760430689842,0.7,1.2150760430689842,-0.1849239569310157
53.90011787414551,9.560503827837666,0.8289894317739479,8.731514396063718,0.5150760430689842,0.7,1.2150760430689842,-0.1849239569310157
53.92012619972229,9.41444448330544,0.8213946704191584,8.593049812886282,0.5150760430689842,0.7,1.2150760430689842,-0.1849239569310157
53.940130949020386,9.266923754976196,0.7977407363353267,8.46918301864087,0.5150760430689842,0.7,1.2150760430689842,-0.1849239569310157
53.960251808166504,9.117070024649312,0.7788175890682615,8.338252435581051,0.4984922613795788,0.6973271624185144,1.1958194237980933,-0.19883490103893564
53.98015785217285,8.967382193171856,0.7636790712546091,8.203703121917247,0.4984922613795788,0.6973271624185144,1.1958194237980933,-0.19883490103893564
54.000131368637085,8.815777094041916,0.7515682570036873,8.06420883703823,0.4984922613795788,0.6973271624185144,1.1958194237980933,-0.19883490103893564
54.02013421058655,8.662557928949552,0.7515682570036873,7.910989671945864,0.4984922613795788,0.6973271624185144,1.1958194237980933,-0.19883490103893564
54.04014611244202,8.507900132979904,0.74187960560295,7.766020527376954,0.4984922613795788,0.6973271624185144,1.1958194237980933,-0.19883490103893564
54.06012511253357,8.352154817840404,0.7341286844823599,7.618026133358044,0.4984922613795788,0.6973271624185144,1.1958194237980933,-0.19883490103893564
54.08026647567749,8.19381165617027,0.7103498225858881,7.483461833584382,0.5120755042727978,0.6986807451350614,1.2107562494078592,-0.1866052408622636
54.10014986991882,8.036209283702721,0.6913267330687105,7.3448825506340105,0.5120755042727978,0.6986807451350614,1.2107562494078592,-0.1866052408622636
54.12013578414917,7.876530372939434,0.6761082614549684,7.200422111484466,0.5120755042727978,0.6986807451350614,1.2107562494078592,-0.1866052408622636
54.14012432098389,7.715588221197382,0.6639334841639748,7.051654737033407,0.5120755042727978,0.6986807451350614,1.2107562494078592,-0.1866052408622636
54.16012620925903,7.5533203688539095,0.6541936623311798,6.89912670652273,0.5120755042727978,0.6986807451350614,1.2107562494078592,-0.1866052408622636
54.180121660232544,7.389912330944651,0.6464018048649439,6.7435105260797075,0.5120755042727978,0.6986807451350614,1.2107562494078592,-0.1866052408622636
54.20015478134155,7.225026738891764,0.6401683188919551,6.58485841999981,0.5171937215920479,0.7,1.2171937215920479,-0.18280627840795205
54.2201292514801,7.059484181581889,0.635181530113564,6.4243026514683255,0.5171937215920479,0.7,1.2171937215920479,-0.18280627840795205
54.240124225616455,6.892658059189266,0.635181530113564,6.257476529075702,0.5171937215920479,0.7,1.2171937215920479,-0.18280627840795205
54.260127544403076,6.724673752929981,0.6311920990908513,6.093481653839129,0.5171937215920479,0.7,1.2171937215920479,-0.18280627840795205
54.280123472213745,6.555689843762453,0.6280005542726811,5.927689289489772,0.5171937215920479,0.7,1.2171937215920479,-0.18280627840795205
54.3001275062561,6.385602005887629,0.6254473184181448,5.760154687469484,0.5171937215920479,0.7,1.2171937215920479,-0.18280627840795205
54.32017803192139,6.214106598896036,0.6234047297345159,5.59070186916152,0.5383992548879177,0.7,1.2383992548879177,-0.16160074511208222
54.34013819694519,6.042404433697625,0.6217706587876127,5.420633774910012,0.5383992548879177,0.7,1.2383992548879177,-0.16160074511208222
54.3601336479187,5.869445856023669,0.6204634020300902,5.2489824539935785,0.5383992548879177,0.7,1.2383992548879177,-0.16160074511208222
54.38014078140259,5.695458987150641,0.6194175966240721,5.076041390526568,0.5383992548879177,0.7,1.2383992548879177,-0.16160074511208222
54.40013861656189,5.520653581138712,0.6185809522992577,4.902072628839454,0.5383992548879177,0.7,1.2383992548879177,-0.16160074511208222
54.420140504837036,5.344940896356071,0.6179116368394062,4.727029259516665,0.5383992548879177,0.7,1.2383992548879177,-0.16160074511208222
54.440195083618164,5.1679178341427745,0.617376184471525,4.550541649671249,0.5184456761773617,0.7,1.2184456761773617,-0.18155432382263825
54.46013903617859,4.991057468038078,0.617376184471525,4.373681283566553,0.5184456761773617,0.7,1.2184456761773617,-0.18155432382263825
54.480125188827515,4.813036672801938,0.61694782257722,4.196088850224718,0.5184456761773617,0.7,1.2184456761773617,-0.18155432382263825
54.500126361846924,4.634122257043998,0.599027008061776,4.0350952489822225,0.5184456761773617,0.7,1.2184456761773617,-0.18155432382263825
54.520121812820435,4.4545274699768,0.5846903564494208,3.8698371135273795,0.5184456761773617,0.7,1.2184456761773617,-0.18155432382263825
54.540125370025635,4.27415634914963,0.5732210351595367,3.700935313990093,0.5184456761773617,0.7,1.2184456761773617,-0.18155432382263825
54.560208320617676,4.0923901760679655,0.5640455781276295,3.528344597940336,0.5124555029753537,0.7,1.2124555029753536,-0.18754449702464626
54.580249309539795,3.9103542016129964,0.5567052125021035,3.353648989110893,0.5124555029753537,0.7,1.2124555029753536,-0.18754449702464626
54.60026144981384,3.727961565141985,0.5508329200016828,3.177128645140302,0.5124555029753537,0.7,1.2124555029753536,-0.18754449702464626
54.620179176330566,3.545844141158396,0.5461350860013463,2.9997090551570498,0.5124555029753537,0.7,1.2124555029753536,-0.18754449702464626
54.64013695716858,3.3628034913636604,0.5423768188010771,2.8204266725625833,0.5194570198502333,0.6992164761642925,1.2186734960145258,-0.1797594563140592
54.660284996032715,3.177481631904196,0.5393702050408617,2.6381114268633343,0.5194570198502333,0.6992164761642925,1.2186734960145258,-0.1797594563140592
54.68026924133301,2.9931632436873947,0.5393702050408617,2.453793038646533,0.5194570198502333,0.6992164761642925,1.2186734960145258,-0.1797594563140592
54.70021653175354,2.8087150766162603,0.5545430390326894,2.254172037583571,0.5194570198502333,0.6992164761642925,1.2186734960145258,-0.1797594563140592
54.72013211250305,2.624119964004198,0.5666813062261515,2.0574386577780466,0.5194570198502333,0.6992164761642925,1.2186734960145258,-0.1797594563140592
54.74012351036072,2.4384089111823704,0.5763919199809213,1.862016991201449,0.5194570198502333,0.6992164761642925,1.2186734960145258,-0.1797594563140592
54.76012325286865,2.2522353816195704,0.584160410984737,1.6680749706348332,0.5194570198502333,0.6992164761642925,1.2186734960145258,-0.1797594563140592
54.78018403053284,2.065136443696955,0.5903752037877896,1.4747612399091654,0.5121889598514826,0.6877837651292793,1.199972724980762,-0.1755948052777967
54.800142765045166,1.8786635769483315,0.5953470380302317,1.2833165389180998,0.5121889598514826,0.6877837651292793,1.199972724980762,-0.1755948052777967
54.820130348205566,1.6916251130545397,0.5993245054241855,1.0923006076303543,0.5121889598514826,0.6877837651292793,1.199972724980762,-0.1755948052777967
54.84012198448181,1.5042818463897007,0.6025064793393483,0.9017753670503524,0.5121889598514826,0.6877837651292793,1.199972724980762,-0.1755948052777967
54.860116720199585,1.3166721360232985,0.6050520584714787,0.7116200775518198,0.5121889598514826,0.6877837651292793,1.199972724980762,-0.1755948052777967
54.88011622428894,1.1288098038972474,0.607088521777183,0.5217212821200644,0.5121889598514826,0.6877837651292793,1.199972724980762,-0.1755948052777967
54.90016269683838,0.9403274322228359,0.607088521777183,0.3332389104456529,0.5126111252895498,0.6862543625640682,1.198865487853618,-0.17364323727451847
54.92017984390259,0.7519719198833892,0.6087176924217463,0.14325422746164285,0.5126111252895498,0.6862543625640682,1.198865487853618,-0.17364323727451847
54.9402391910553,0.5631000128443147,0.6100210289373971,-0.04692101609308241,0.5126111252895498,0.6862543625640682,1.198865487853618,-0.17364323727451847
54.960182666778564,0.375230379040138,0.6110636981499178,-0.23583331910977978,0.5126111252895498,0.6862543625640682,1.198865487853618,-0.17364323727451847
54.98013758659363,0.1871939768360401,0.6118978335199342,-0.4247038566838941,0.5409119079551601,0.6965871620806865,1.2374990700358466,-0.1556752541255264
55.00019121170044,-0.0018021278157896712,0.6125651418159473,-0.614367269631737,0.5409119079551601,0.6965871620806865,1.2374990700358466,-0.1556752541255264
55.020185232162476,-0.1902362311334382,0.6130989884527579,-0.8033352195861961,0.5409119079551601,0.6965871620806865,1.2374990700358466,-0.1556752541255264
55.04012894630432,-0.37816633689693696,0.6135260657622063,-0.9916924026591432,0.5409119079551601,0.6965871620806865,1.2374990700358466,-0.1556752541255264
55.060112953186035,-0.5664165409246182,0.613867727609765,-1.1802842685343833,0.5415729717780777,0.6841093934956006,1.2256823652736784,-0.1425364217175229
55.08011269569397,-0.7547255611804152,0.614141057087812,-1.3688666182682272,0.5415729717780777,0.6841093934956006,1.2256823652736784,-0.1425364217175229
55.1001079082489,-0.9428727952206719,0.6143597206702496,-1.5572325158909215,0.5651468770076462,0.694489811535459,1.2596366885431052,-0.12934293452781276
55.120229959487915,-1.132063230666636,0.6143597206702496,-1.7464229513368856,0.5651468770076462,0.694489811535459,1.2596366885431052,-0.12934293452781276
55.14018535614014,-1.3195081254302132,0.6145346515361997,-1.9340427769664128,0.5651468770076462,0.694489811535459,1.2596366885431052,-0.12934293452781276
55.160135984420776,-1.506700869351009,0.6146745962289598,-2.121375465579969,0.5651468770076462,0.694489811535459,1.2596366885431052,-0.12934293452781276
55.18011784553528,-1.6939493407513155,0.6147865519831679,-2.308735892734483,0.5685175518003234,0.6897421213681809,1.2582596731685043,-0.12122456956785754
55.200114011764526,-1.8810645611715082,0.6148761165865343,-2.4959406777580426,0.5685175518003234,0.6897421213681809,1.2582596731685043,-0.12122456956785754
55.22011852264404,-2.067960749080189,0.5973696432692274,-2.665330392349416,0.5743951546457537,0.6964182443800382,1.270813399025792,-0.12202308973428444
55.240116596221924,-2.2544702537421935,0.5833644646153819,-2.837834718357575,0.5743951546457537,0.6964182443800382,1.270813399025792,-0.12202308973428444
55.26011610031128,-2.4406371225847474,0.5721603216923056,-3.012797444277053,0.5708845833280065,0.7,1.2708845833280065,-0.12911541667199344
55.28011608123779,-2.6264230303030502,0.5631970073538445,-3.1896200376568946,0.5708845833280065,0.7,1.2708845833280065,-0.12911541667199344
55.30012559890747,-2.811882484525495,0.5560263558830756,-3.3679088404085706,0.5708845833280065,0.7,1.2708845833280065,-0.12911541667199344
55.32012987136841,-2.99684904895864,0.5327117097064604,-3.5295607586651006,0.5806972298734763,0.7,1.2806972298734762,-0.11930277012652368
55.34013557434082,-3.181355349512508,0.5327117097064604,-3.7140670592189684,0.5806972298734763,0.7,1.2806972298734762,-0.11930277012652368
55.360124588012695,-3.3652057073767314,0.5140599927651684,-3.8792657001418998,0.5806972298734763,0.7,1.2806972298734762,-0.11930277012652368
55.3801326751709,-3.548699904408451,0.49913861921213476,-4.047838523620586,0.5958610296213009,0.6941728166304528,1.2900338462517538,-0.09831178700915189
55.40014600753784,-3.7316811480436005,0.4872015203697078,-4.2188826684133085,0.5958610296213009,0.6941728166304528,1.2900338462517538,-0.09831178700915189
55.42012882232666,-3.9137946724476764,0.4600737162957662,-4.373868388743443,0.6175261706077435,0.6817761988379061,1.2993023694456496,-0.06425002823016257
55.440131425857544,-4.095470643538413,0.438371473036613,-4.533842116575026,0.6175261706077435,0.6817761988379061,1.2993023694456496,-0.06425002823016257
55.46012854576111,-4.276450186874423,0.42100967842929043,-4.697459865303713,0.6175261706077435,0.6817761988379061,1.2993023694456496,-0.06425002823016257
55.480125427246094,-4.4567524780602,0.38954211774343234,-4.8462945958036325,0.6244150016420462,0.6710769490338861,1.2954919506759324,-0.04666194739183993
55.50011992454529,-4.636329845705523,0.36436806919474585,-5.000697914900269,0.6244150016420462,0.6710769490338861,1.2954919506759324,-0.04666194739183993
55.52012085914612,-4.8152329450767875,0.3442288303557967,-5.159461775432584,0.6244150016420462,0.6710769490338861,1.2954919506759324,-0.04666194739183993
55.540130853652954,-4.993456109725203,0.3281174392846374,-5.321573549009841,0.6418749641590693,0.6731742872390896,1.3150492513981589,-0.03129932308002026
55.56012439727783,-5.170744419098188,0.3281174392846374,-5.498861858382826,0.6418749641590693,0.6731742872390896,1.3150492513981589,-0.03129932308002026
55.58012390136719,-5.34726922046253,0.3152283264277099,-5.66249754689024,0.6418749641590693,0.6731742872390896,1.3150492513981589,-0.03129932308002026
55.60012340545654,-5.522949667902765,0.3049170361421679,-5.827866704044933,0.6418749641590693,0.6731742872390896,1.3150492513981589,-0.03129932308002026
55.62013649940491,-5.697876502038153,0.2966680039137343,-5.994544505951888,0.6418749641590693,0.6731742872390896,1.3150492513981589,-0.03129932308002026
55.64012789726257,-5.871714234108332,0.27249065313098747,-6.14420488723932,0.6321590485014894,0.6649920577649027,1.297151106266392,-0.03283300926341326
55.66019058227539,-6.0452404445644055,0.25314877250479,-6.298389217069196,0.6321590485014894,0.6649920577649027,1.297151106266392,-0.03283300926341326
55.680163860321045,-6.217039201508907,0.23767526800383204,-6.454714469512739,0.6321590485014894,0.6649920577649027,1.297151106266392,-0.03283300926341326
55.70013761520386,-6.387862903718223,0.22529646440306567,-6.613159368121289,0.6321590485014894,0.6649920577649027,1.297151106266392,-0.03283300926341326
55.72012662887573,-6.557809873341325,0.21539342152245256,-6.7732032948637775,0.6321590485014894,0.6649920577649027,1.297151106266392,-0.03283300926341326
55.74013710021973,-6.726903183874188,0.20747098721796203,-6.93437417109215,0.6321590485014894,0.6649920577649027,1.297151106266392,-0.03283300926341326
55.76014018058777,-6.894871262624973,0.20113303977436964,-7.096004302399343,0.6321590485014894,0.6649920577649027,1.297151106266392,-0.03283300926341326
55.78026986122131,-7.062802884677458,0.20113303977436964,-7.263935924451828,0.6416093537547567,0.6542510018218308,1.2958603555765875,-0.01264164806707413
55.80016803741455,-7.227692891561342,0.19606268181949574,-7.423755573380838,0.6416093537547567,0.6542510018218308,1.2958603555765875,-0.01264164806707413
55.82014083862305,-7.3920651524885335,0.19200639545559658,-7.58407154794413,0.6416093537547567,0.6542510018218308,1.2958603555765875,-0.01264164806707413
55.840134620666504,-7.555444117530689,0.1887613663644773,-7.744205483895166,0.6416093537547567,0.6542510018218308,1.2958603555765875,-0.01264164806707413
55.86012887954712,-7.717634585705836,0.18616534309158184,-7.903799928797418,0.6416093537547567,0.6542510018218308,1.2958603555765875,-0.01264164806707413
55.88013195991516,-7.878677798135721,0.18408852447326549,-8.062766322608987,0.6416093537547567,0.6542510018218308,1.2958603555765875,-0.01264164806707413
55.90026831626892,-8.039536964862132,0.1824270695786124,-8.221964034440743,0.6741699369587877,0.655839120899327,1.3300090578581147,0.01833081605946063
55.920170068740845,-8.19725759451417,0.18109790566288994,-8.37835550017706,0.6741699369587877,0.655839120899327,1.3300090578581147,0.01833081605946063
55.94014525413513,-8.354271288327903,0.18003457453031194,-8.534305862858215,0.6741699369587877,0.655839120899327,1.3300090578581147,0.01833081605946063
55.96013140678406,-8.51005413635274,0.17918390962424957,-8.68923804597699,0.6741699369587877,0.655839120899327,1.3300090578581147,0.01833081605946063
55.98015999794006,-8.664821502293691,0.17850337769939967,-8.84332487999309,0.6741699369587877,0.655839120899327,1.3300090578581147,0.01833081605946063
56.000163316726685,-8.818023996247474,0.17850337769939967,-8.996527373946874,0.6741699369587877,0.655839120899327,1.3300090578581147,0.01833081605946063
56.02014374732971,-8.969660661542758,0.17795895215951976,-9.147619613702277,0.6741699369587877,0.655839120899327,1.3300090578581147,0.01833081605946063
56.04016160964966,-9.12016377302185,0.17752341172761582,-9.297687184749467,0.6587985696234682,0.6310523486929014,1.2898509183163696,0.02774622093056678
56.06023621559143,-9.26964459208922,0.17717497938209265,-9.446819571471313,0.6587985696234682,0.6310523486929014,1.2898509183163696,0.02774622093056678
56.08030581474304,-9.417613957642377,0.17689623350567413,-9.594510191148052,0.6587985696234682,0.6310523486929014,1.2898509183163696,0.02774622093056678
56.10024857521057,-9.563164861960907,0.1766732368045393,-9.739838098765446,0.6587985696234682,0.6310523486929014,1.2898509183163696,0.02774622093056678
56.12018537521362,-9.707171436435772,0.17649483944363145,-9.883666275879403,0.6587985696234682,0.6310523486929014,1.2898509183163696,0.02774622093056678
56.140135049819946,-9.849746322980598,0.17635212155490518,-10.026098444535503,0.6665842466019967,0.616858262498863,1.2834425091008597,0.04972598410313367
56.16018319129944,-9.99146584056032,0.19381607224392414,-10.185281912804244,0.6665842466019967,0.616858262498863,1.2834425091008597,0.04972598410313367
56.18019914627075,-10.131376287800364,0.20778723279513933,-10.339163520595504,0.6665842466019967,0.616858262498863,1.2834425091008597,0.04972598410313367
56.20016360282898,-10.269330546229138,0.21896416123611148,-10.48829470746525,0.6665842466019967,0.616858262498863,1.2834425091008597,0.04972598410313367
56.2201464176178,-10.40579353614738,0.21896416123611148,-10.624757697383492,0.6680342447209113,0.5709738097386434,1.2390080544595548,0.0970604349822679
56.240150451660156,-10.540758438616521,0.22790570398888915,-10.76866414260541,0.6680342447209113,0.5709738097386434,1.2390080544595548,0.0970604349822679
56.26017880439758,-10.674219190710323,0.23505893819111134,-10.909278128901434,0.6808163359957689,0.5347164980368688,1.2155328340326377,0.14609983795890003
56.280152320861816,-10.805631125792134,0.24078152555288906,-11.046412651345022,0.6808163359957689,0.5347164980368688,1.2155328340326377,0.14609983795890003
56.30016469955444,-10.935591945623685,0.22778147044231126,-11.163373416065996,0.6808163359957689,0.5347164980368688,1.2155328340326377,0.14609983795890003
56.320343017578125,-11.064879762888719,0.21738142635384902,-11.282261189242568,0.6910618948015326,0.5159068200038746,1.2069687148054071,0.17515507479765802
56.3401734828949,-11.190206069443331,0.13874889108307922,-11.32895496052641,0.6910618948015326,0.5159068200038746,1.2069687148054071,0.17515507479765802
56.36018252372742,-11.31490012539821,0.02310848786646338,-11.338008613264675,0.6910618948015326,0.5159068200038746,1.2069687148054071,0.17515507479765802
56.38019609451294,-11.43783343305277,-0.12213820970682929,-11.31569522334594,0.6910618948015326,0.5159068200038746,1.2069687148054071,0.17515507479765802
56.40017819404602,-11.558769084103528,-0.27349181776546344,-11.285277266338063,0.6910618948015326,0.5159068200038746,1.2069687148054071,0.17515507479765802
56.42017865180969,-11.677991327551283,-0.4297309542123708,-11.248260373338912,0.6910618948015326,0.5159068200038746,1.2069687148054071,0.17515507479765802
56.44019651412964,-11.795470731188589,-0.6250347633698967,-11.170435967818692,0.6772350821840518,0.49306303628254683,1.1702981184665986,0.184172045901505
56.46016335487366,-11.910791876384843,-0.6250347633698967,-11.285757113014947,0.6772350821840518,0.49306303628254683,1.1702981184665986,0.184172045901505
56.480194091796875,-12.024598414550397,-0.7812778106959174,-11.24332060385448,0.6772350821840518,0.49306303628254683,1.1702981184665986,0.184172045901505
56.50018835067749,-12.136298245458915,-0.906272248556734,-11.230025996902182,0.6772350821840518,0.49306303628254683,1.1702981184665986,0.184172045901505
56.52017307281494,-12.246030809267875,-1.0062677988453872,-11.239763010422488,0.6963115561949962,0.46860621117521073,1.164917767370207,0.22770534501978545
56.5403094291687,-12.354643058072128,-1.1038423640763098,-11.250800693995817,0.6963115561949962,0.46860621117521073,1.164917767370207,0.22770534501978545
56.56020164489746,-12.459996706872795,-1.2697926412610478,-11.190204065611747,0.6963115561949962,0.46860621117521073,1.164917767370207,0.22770534501978545
56.58018112182617,-12.563853232457696,-1.4552872380088384,-11.108565994448858,0.6963115561949962,0.46860621117521073,1.164917767370207,0.22770534501978545
56.60019397735596,-12.66589838353014,-1.5861047904070709,-11.07979359312307,0.6963115561949962,0.46860621117521073,1.164917767370207,0.22770534501978545
56.62023949623108,-12.76610250593494,-1.7083369573256568,-11.057765548609284,0.6963115561949962,0.46860621117521073,1.164917767370207,0.22770534501978545
56.640182971954346,-12.863786893463965,-1.8764351908605257,-10.987351702603439,0.6963115561949962,0.46860621117521073,1.164917767370207,0.22770534501978545
56.66016602516174,-12.959639231930627,-1.8764351908605257,-11.0832040410701,0.6963115561949962,0.46860621117521073,1.164917767370207,0.22770534501978545
56.68015146255493,-13.053459629682266,-2.0812262776884207,-10.972233351993845,0.6963115561949962,0.46860621117521073,1.164917767370207,0.22770534501978545
56.70026397705078,-13.145798586901035,-2.2626372721507364,-10.8831613147503,0.7,0.4451305753784254,1.1451305753784253,0.2548694246215746
56.72022461891174,-13.235364737113997,-2.4077660677205897,-10.827598669393407,0.7,0.4451305753784254,1.1451305753784253,0.2548694246215746
56.740238428115845,-13.323079319343083,-2.523869104176472,-10.799210215166612,0.7,0.4451305753784254,1.1451305753784253,0.2548694246215746
56.76019334793091,-13.408438334719865,-2.616751533341178,-10.791686801378686,0.7,0.4451305753784254,1.1451305753784253,0.2548694246215746
56.780144691467285,-13.491674805935778,-2.6910574766729427,-10.800617329262835,0.7,0.4451305753784254,1.1451305753784253,0.2548694246215746
56.80013108253479,-13.572931758819863,-2.7505022313383547,-10.822429527481507,0.6938640580512583,0.42126031212974335,1.1151243701810016,0.27260374592151493
56.820175647735596,-13.652275451423579,-2.798058035070684,-10.854217416352895,0.6938640580512583,0.42126031212974335,1.1151243701810016,0.27260374592151493
56.840163469314575,-13.72923825952991,-2.8712589280565473,-10.857979331473363,0.6938640580512583,0.42126031212974335,1.1151243701810016,0.27260374592151493
56.86014175415039,-13.804000531500488,-3.017710267445238,-10.78629026405525,0.6900553440675139,0.40540944591630246,1.0954647899838164,0.28464589815121144
56.880136013031006,-13.87664488786386,-3.017710267445238,-10.858934620418621,0.6900553440675139,0.40540944591630246,1.0954647899838164,0.28464589815121144
56.90013909339905,-13.947129818520756,-3.2227619639561906,-10.724367854564566,0.6900553440675139,0.40540944591630246,1.0954647899838164,0.28464589815121144
56.92013740539551,-14.015395643469056,-3.457115821164953,-10.558279822304103,0.6934074054472148,0.39359726842958476,1.0870046738767996,0.29981013701763004
56.94014000892639,-14.081462584941061,-3.679755156931963,-10.401707428009098,0.6934074054472148,0.39359726842958476,1.0870046738767996,0.29981013701763004
56.96012878417969,-14.145261955900125,-3.8754447505455705,-10.269817205354554,0.6934074054472148,0.39359726842958476,1.0870046738767996,0.29981013701763004
56.9801344871521,-14.206881323932256,-4.067152675436456,-10.139728648495801,0.7,0.40005267590750004,1.1000526759075,0.2999473240924999
57.00013017654419,-14.26622682503048,-4.273253390349165,-9.992973434681314,0.7,0.40005267590750004,1.1000526759075,0.2999473240924999
57.02013397216797,-14.323343182364653,-4.473290212279333,-9.850052970085319,0.7,0.40005267590750004,1.1000526759075,0.2999473240924999
57.04013681411743,-14.378194298138201,-4.668475919823466,-9.709718378314735,0.6955932600423693,0.38070753209758545,1.0763007921399548,0.31488572794478387
57.060134410858154,-14.430760795793022,-4.842202610858773,-9.58855818493425,0.6955932600423693,0.38070753209758545,1.0763007921399548,0.31488572794478387
57.08013296127319,-14.481051400407537,-4.981183963687019,-9.499867436720518,0.6955932600423693,0.38070753209758545,1.0763007921399548,0.31488572794478387
57.100162982940674,-14.529129347819842,-4.981183963687019,-9.547945384132824,0.681871317140758,0.36922758158762004,1.051098898728378,0.31264373555313796
57.12014293670654,-14.574794533790802,-5.092369045949615,-9.482425487841187,0.681871317140758,0.36922758158762004,1.051098898728378,0.31264373555313796
57.14014005661011,-14.618199073151942,-5.181317111759692,-9.436881961392249,0.681871317140758,0.36922758158762004,1.051098898728378,0.31264373555313796
57.1601357460022,-14.659293036996099,-5.252475564407754,-9.406817472588344,0.681871317140758,0.36922758158762004,1.051098898728378,0.31264373555313796
57.180137395858765,-14.69808434053368,-5.309402326526203,-9.388682014007475,0.6848924207035452,0.3745714970165863,1.0594639177201315,0.31032092368695885
57.200138330459595,-14.734553000642032,-5.390099986220962,-9.34445301442107,0.6848924207035452,0.3745714970165863,1.0594639177201315,0.31032092368695885
57.220131635665894,-14.768682107493063,-5.56012686397677,-9.208555243516294,0.6846620413009077,0.36976893658284093,1.0544309778837486,0.31489310471806675
57.24013590812683,-14.8004974317376,-5.784038991181417,-9.016458440556184,0.6846620413009077,0.36976893658284093,1.0544309778837486,0.31489310471806675
57.26014041900635,-14.829974924591948,-5.980746817945134,-8.849228106646814,0.6846620413009077,0.36976893658284093,1.0544309778837486,0.31489310471806675
57.28014540672302,-14.857110154852107,-6.120534954356107,-8.736575200495999,0.6846620413009077,0.36976893658284093,1.0544309778837486,0.31489310471806675
57.30014491081238,-14.881891632174561,-6.2499435884848875,-8.631948043689674,0.6846620413009077,0.36976893658284093,1.0544309778837486,0.31489310471806675
57.32013392448425,-14.904312053324938,-6.2499435884848875,-8.65436846484005,0.6846620413009077,0.36976893658284093,1.0544309778837486,0.31489310471806675
57.34025859832764,-14.924509662479686,-6.35347049578791,-8.571039166691776,0.6752185281831771,0.36081912594381715,1.0360376541269942,0.3143994022393599
57.36026215553284,-14.942220993464547,-6.4362920216303285,-8.50592897183422,0.6752185281831771,0.36081912594381715,1.0360376541269942,0.3143994022393599
57.38028144836426,-14.957583081039768,-6.502549242304263,-8.455033838735506,0.6752185281831771,0.36081912594381715,1.0360376541269942,0.3143994022393599
57.400290727615356,-14.970572725393149,-6.555555018843412,-8.415017706549737,0.6752185281831771,0.36081912594381715,1.0360376541269942,0.3143994022393599
57.420246601104736,-14.981170945127342,-6.59795964007473,-8.383211305052612,0.6752185281831771,0.36081912594381715,1.0360376541269942,0.3143994022393599
57.440218687057495,-14.989419630475041,-6.631883337059784,-8.357536293415258,0.6752185281831771,0.36081912594381715,1.0360376541269942,0.3143994022393599
57.46014761924744,-14.995297737712706,-6.659022294647827,-8.336275443064878,0.6752185281831771,0.36081912594381715,1.0360376541269942,0.3143994022393599
57.48013663291931,-14.998831789514659,-6.680733460718263,-8.318098328796395,0.6752185281831771,0.36081912594381715,1.0360376541269942,0.3143994022393599
57.50013828277588,-14.999999943381653,-6.73325864357461,-8.266741299807043,0.6655453751329332,0.36488996811676766,1.0304353432497009,0.30065540701616555
57.52025008201599,-14.998785860148198,-6.810435039859689,-8.188350820288509,0.6655453751329332,0.36488996811676766,1.0304353432497009,0.30065540701616555
57.54026794433594,-14.995199165314034,-6.810435039859689,-8.184764125454345,0.6655453751329332,0.36488996811676766,1.0304353432497009,0.30065540701616555
57.56024479866028,-14.989254954527835,-6.872176156887751,-8.117078797640083,0.6655453751329332,0.36488996811676766,1.0304353432497009,0.30065540701616555
57.58016490936279,-14.980976177236595,-6.921569050510201,-8.059407126726395,0.6655453751329332,0.36488996811676766,1.0304353432497009,0.30065540701616555
57.600149393081665,-14.970312451633298,-6.961083365408161,-8.009229086225137,0.6655453751329332,0.36488996811676766,1.0304353432497009,0.30065540701616555
57.62012577056885,-14.957294167847946,-6.992694817326529,-7.964599350521417,0.6655453751329332,0.36488996811676766,1.0304353432497009,0.30065540701616555
57.640247106552124,-14.941799358257121,-7.017983978861223,-7.923815379395898,0.7,0.36240294871386136,1.0624029487138613,0.3375970512861386
57.660284757614136,-14.923995667353777,-7.038215308088979,-7.885780359264798,0.7,0.36240294871386136,1.0624029487138613,0.3375970512861386
57.68025779724121,-14.903895257180512,-7.054400371471184,-7.849494885709328,0.7,0.36240294871386136,1.0624029487138613,0.3375970512861386
57.70020151138306,-14.88148236755141,-7.067348422176948,-7.814133945374462,0.7,0.36240294871386136,1.0624029487138613,0.3375970512861386
57.720155239105225,-14.8567197146149,-7.077706862741558,-7.779012851873342,0.7,0.36240294871386136,1.0624029487138613,0.3375970512861386
57.74022936820984,-14.82945126773289,-7.085993615193248,-7.743457652539643,0.6974963064305484,0.3747057934990152,1.0722020999295636,0.32279051293153316
57.760284185409546,-14.79985332233568,-7.085993615193248,-7.713859707142433,0.6974963064305484,0.3747057934990152,1.0722020999295636,0.32279051293153316
57.780261516571045,-14.768033433001381,-7.092623017154598,-7.675410415846783,0.6974963064305484,0.3747057934990152,1.0722020999295636,0.32279051293153316
57.8002347946167,-14.733893946894867,-7.097926538723679,-7.6359674081711875,0.6974963064305484,0.3747057934990152,1.0722020999295636,0.32279051293153316
57.820135831832886,-14.697570066540965,-7.102169355978943,-7.595400710562022,0.6974963064305484,0.3747057934990152,1.0722020999295636,0.32279051293153316
57.84012317657471,-14.65877568805077,-7.105563609783156,-7.553212078267615,0.6772943048737943,0.3593164590885862,1.0366107639623805,0.31797784578520805
57.8601279258728,-14.617632647389147,-7.108279012826525,-7.509353634562622,0.6772943048737943,0.3593164590885862,1.0366107639623805,0.31797784578520805
57.88012075424194,-14.574206796538629,-7.110451335261221,-7.463755461277408,0.6861773927696049,0.36523867787327613,1.051416070642881,0.32093871489632875
57.900134563446045,-14.528431968875628,-7.112189193208978,-7.4162427756666505,0.6861773927696049,0.36523867787327613,1.051416070642881,0.32093871489632875
57.920125246047974,-14.48041663612352,-7.113579479567182,-7.366837156556338,0.6861773927696049,0.36523867787327613,1.051416070642881,0.32093871489632875
57.940131187438965,-14.430077543588984,-7.114691708653746,-7.315385834935238,0.6861773927696049,0.36523867787327613,1.051416070642881,0.32093871489632875
57.96026539802551,-14.37711371170326,-7.115581491922997,-7.261532219780262,0.6845668304478749,0.36576452774461354,1.0503313581924885,0.3188023027032614
57.98022127151489,-14.322348571896836,-7.115581491922997,-7.206767079973838,0.6845668304478749,0.36576452774461354,1.0503313581924885,0.3188023027032614
58.000176191329956,-14.265334514464518,-7.116293318538398,-7.14904119592612,0.6845668304478749,0.36576452774461354,1.0503313581924885,0.3188023027032614
58.02013063430786,-14.20607938150387,-7.116862779830719,-7.08921660167315,0.6845668304478749,0.36576452774461354,1.0503313581924885,0.3188023027032614
58.040128231048584,-14.144455763701473,-7.117318348864576,-7.027137414836896,0.6845668304478749,0.36576452774461354,1.0503313581924885,0.3188023027032614
58.06012797355652,-14.080592137754246,-7.117682804091661,-6.962909333662585,0.6845668304478749,0.36576452774461354,1.0503313581924885,0.3188023027032614
58.08013367652893,-14.014485054209896,-7.1179743682733285,-6.896510685936567,0.6845668304478749,0.36576452774461354,1.0503313581924885,0.3188023027032614
58.10015082359314,-13.94612394442534,-7.118207619618664,-6.827916324806676,0.6858361327787861,0.35873590193223204,1.0445720347110181,0.32710023084655404
58.12016320228577,-13.875573874130378,-7.118394220694931,-6.757179653435447,0.6858361327787861,0.35873590193223204,1.0445720347110181,0.32710023084655404
58.140148639678955,-13.802929376497298,-7.118543501555946,-6.684385874941352,0.6858361327787861,0.35873590193223204,1.0445720347110181,0.32710023084655404
58.16020107269287,-13.727853945673385,-7.118662926244758,-6.609191019428627,0.6858361327787861,0.35873590193223204,1.0445720347110181,0.32710023084655404
58.18019247055054,-13.650837786378291,-7.118758465995806,-6.532079320382485,0.6858361327787861,0.35873590193223204,1.0445720347110181,0.32710023084655404
58.200165033340454,-13.571743455811097,-7.118758465995806,-6.452984989815291,0.6858361327787861,0.35873590193223204,1.0445720347110181,0.32710023084655404
58.22028946876526,-13.489886020376058,-7.118834897796645,-6.371051122579414,0.688825672189705,0.36318315488751973,1.0520088270772248,0.3256425173021853
58.24017000198364,-13.406902872317298,-7.118896043237316,-6.288006829079982,0.688825672189705,0.36318315488751973,1.0520088270772248,0.3256425173021853
58.26015257835388,-13.321385787283564,-7.118944959589854,-6.20244082769371,0.688825672189705,0.36318315488751973,1.0520088270772248,0.3256425173021853
58.28012442588806,-13.233816367996422,-7.118984092671884,-6.114832275324538,0.688825672189705,0.36318315488751973,1.0520088270772248,0.3256425173021853
58.300113916397095,-13.14408293853956,-7.119015399137507,-6.025067539402053,0.688825672189705,0.36318315488751973,1.0520088270772248,0.3256425173021853
58.32011795043945,-13.052208540546609,-7.119040444310007,-5.933168096236602,0.688825672189705,0.36318315488751973,1.0520088270772248,0.3256425173021853
58.34013509750366,-12.958209965927178,-7.119060480448006,-5.839149485479172,0.7,0.37142771312501277,1.0714277131250127,0.3285722868749872
58.36013984680176,-12.862221749054598,-7.119076509358405,-5.743145239696193,0.7,0.37142771312501277,1.0714277131250127,0.3285722868749872
58.38015079498291,-12.764170786593583,-7.119089332486724,-5.645081454106859,0.7,0.37142771312501277,1.0714277131250127,0.3285722868749872
58.4001727104187,-12.664046611958417,-7.11909959098938,-5.544947020969037,0.7,0.37142771312501277,1.0714277131250127,0.3285722868749872
58.42018103599548,-12.561988248179574,-7.11909959098938,-5.442888657190194,0.7,0.37142771312501277,1.0714277131250127,0.3285722868749872
58.44021415710449,-12.457814386783506,-7.1191077977915045,-5.338706588992001,0.6925645180046558,0.3619619833072647,1.0545265013119205,0.3306025346973911
58.460206508636475,-12.351884785995608,-7.119114363233204,-5.232770422762404,0.6925645180046558,0.3619619833072647,1.0545265013119205,0.3306025346973911
58.480144739151,-12.244300823351992,-7.1191196155865635,-5.125181207765428,0.6925645180046558,0.3619619833072647,1.0545265013119205,0.3306025346973911
58.500128507614136,-12.134542976590753,-7.119123817469251,-5.015419159121502,0.7,0.34227196143474425,1.0422719614347442,0.3577280385652557
58.52011585235596,-12.0228518990834,-7.1191271789754005,-4.903724720108,0.7,0.34227196143474425,1.0422719614347442,0.3577280385652557
58.54012060165405,-11.909164945314261,-7.119129868180321,-4.790035077133941,0.7,0.34227196143474425,1.0422719614347442,0.3577280385652557
58.56012296676636,-11.793610388044222,-7.119132019544257,-4.6744783684999645,0.7,0.3262254150351509,1.0262254150351509,0.37377458496484905
58.580135345458984,-11.676133797618931,-7.119133740635406,-4.557000056983525,0.7,0.3262254150351509,1.0262254150351509,0.37377458496484905
58.600138902664185,-11.556864128813098,-7.119135117508326,-4.437729011304772,0.7,0.3262254150351509,1.0262254150351509,0.37377458496484905
58.62012720108032,-11.435861910822684,-7.119136219006661,-4.316725691816023,0.7,0.3262254150351509,1.0262254150351509,0.37377458496484905
58.640191316604614,-11.312586728680841,-7.119136219006661,-4.1934505096741805,0.6927830132655799,0.343636624678038,1.036419637943618,0.3491463885875419
58.66017246246338,-11.18803456638064,-7.11913710020533,-4.068897466175311,0.6927830132655799,0.343636624678038,1.036419637943618,0.3491463885875419
58.680126905441284,-11.061888989614015,-7.119137805164264,-3.942751184449751,0.6927830132655799,0.343636624678038,1.036419637943618,0.3491463885875419
58.70012450218201,-10.933726126580188,-7.154294619131412,-3.779431507448776,0.6928280292042472,0.34416770456591617,1.0369957337701634,0.3486603246383311
58.72014856338501,-10.803664088900874,-7.305466945305129,-3.4981971435957444,0.6928280292042472,0.34416770456591617,1.0369957337701634,0.3486603246383311
58.74014949798584,-10.672045087561093,-7.496717306244104,-3.175327781316989,0.6928280292042472,0.34416770456591617,1.0369957337701634,0.3486603246383311
58.76012706756592,-10.53889738993799,-7.649717594995284,-2.889179794942706,0.7,0.3272942461655475,1.0272942461655474,0.3727057538344525
58.78012251853943,-10.403967808307504,-7.7721178259962285,-2.6318499823112758,0.7,0.3272942461655475,1.0272942461655474,0.3727057538344525
58.800127029418945,-10.267333817439289,-7.870038010796984,-2.3972958066423047,0.7,0.3272942461655475,1.0272942461655474,0.3727057538344525
58.82012963294983,-10.129091022883472,-7.948374158637587,-2.180716864245885,0.7,0.3272942461655475,1.0272942461655474,0.3727057538344525
58.840187549591064,-9.988859406698511,-8.011043076910068,-1.9778163297884426,0.6872496454045176,0.34160277141490947,1.028852416819427,0.34564687398960814
58.86020565032959,-9.847324357496042,-8.011043076910068,-1.8362812805859736,0.6872496454045176,0.34160277141490947,1.028852416819427,0.34564687398960814
58.88025426864624,-9.704012162983487,-8.061178211528055,-1.6428339514554313,0.6872496454045176,0.34160277141490947,1.028852416819427,0.34564687398960814
58.90027332305908,-9.5593748560872,-8.101286319222444,-1.4580885368647554,0.6872496454045176,0.34160277141490947,1.028852416819427,0.34564687398960814
58.92019295692444,-9.413954657176959,-8.150950930377956,-1.2630037267990026,0.6872496454045176,0.34160277141490947,1.028852416819427,0.34564687398960814
58.940144777297974,-9.266821272252066,-8.225838869302365,-1.0409824029497017,0.6872496454045176,0.34160277141490947,1.028852416819427,0.34564687398960814
58.96014666557312,-9.117856901346725,-8.285749220441891,-0.8321076809048336,0.6872496454045176,0.34160277141490947,1.028852416819427,0.34564687398960814
58.980135679244995,-8.967549712091198,-8.333677501353513,-0.6338722107376853,0.6872496454045176,0.34160277141490947,1.028852416819427,0.34564687398960814
59.00013208389282,-8.815771640028146,-8.37202012608281,-0.44375151394533496,0.6359206175431609,0.3404798037256114,0.9764004212687722,0.2954408138175495
59.020201683044434,-8.66203876950682,-8.402694225866249,-0.25934454364057125,0.6359206175431609,0.3404798037256114,0.9764004212687722,0.2954408138175495
59.040249824523926,-8.507095091088836,-8.427233505692998,-0.07986158539583776,0.6359206175431609,0.3404798037256114,0.9764004212687722,0.2954408138175495
59.060211181640625,-8.351481005491074,-8.446864929554398,0.09538392406332363,0.6359206175431609,0.3404798037256114,0.9764004212687722,0.2954408138175495
59.08016347885132,-8.194624734881783,-8.446864929554398,0.2522401946726145,0.6359206175431609,0.3404798037256114,0.9764004212687722,0.2954408138175495
59.10013008117676,-8.036366763448918,-8.462570068643519,0.42620330519460126,0.6677464915439486,0.3856823942507617,1.0534288857947103,0.28206409729318693
59.120185136795044,-7.8761345186724645,-8.475134179914814,0.5989996612423498,0.6677464915439486,0.3856823942507617,1.0534288857947103,0.28206409729318693
59.140161752700806,-7.7152856818143025,-8.485185468931851,0.7698997871175486,0.6677464915439486,0.3856823942507617,1.0534288857947103,0.28206409729318693
59.16012239456177,-7.553351430625551,-8.493226500145482,0.9398750695199309,0.665744357323274,0.4002703823964111,1.066014739719685,0.26547397492686287
59.18012452125549,-7.389888865842106,-8.499659325116385,1.1097704592742792,0.665744357323274,0.4002703823964111,1.066014739719685,0.26547397492686287
59.200122356414795,-7.22529454904545,-8.504805585093107,1.2795110360476576,0.665744357323274,0.4002703823964111,1.066014739719685,0.26547397492686287
59.22012162208557,-7.059547625708215,-8.508922593074486,1.4493749673662704,0.6475249068345874,0.4067557603004388,1.0542806671350262,0.2407691465341486
59.240119218826294,-6.892699970128932,-8.512216199459589,1.6195162293306566,0.6475249068345874,0.4067557603004388,1.0542806671350262,0.2407691465341486
59.260130405426025,-6.724649649957851,-8.532429209567672,1.8077795596098207,0.6475249068345874,0.4067557603004388,1.0542806671350262,0.2407691465341486
59.28012657165527,-6.555663569739622,-8.548599617654139,1.992936047914517,0.6432314711157232,0.3894324675085954,1.0326639386243186,0.2537990036071278
59.30012106895447,-6.385656903887352,-8.561535944123312,2.1758790402359605,0.6432314711157232,0.3894324675085954,1.0326639386243186,0.2537990036071278
59.3201470375061,-6.214372467300683,-8.561535944123312,2.3471634768226295,0.6432314711157232,0.3894324675085954,1.0326639386243186,0.2537990036071278
59.340171337127686,-6.042118556075653,-8.571885005298649,2.529766449222995,0.6386068598832935,0.40333669631509106,1.0419435561983845,0.2352701635682024
59.36015605926514,-5.869251475322472,-8.58016425423892,2.7109127789164473,0.6386068598832935,0.40333669631509106,1.0419435561983845,0.2352701635682024
59.38014578819275,-5.695415333100064,-8.569209528391134,2.8737941952910706,0.6386068598832935,0.40333669631509106,1.0419435561983845,0.2352701635682024
59.40014290809631,-5.5206159733764775,-8.578023872712908,3.0574078993364306,0.6625678432639688,0.40200948248384516,1.064577325747814,0.2605583607801236
59.4201340675354,-5.344997584087554,-8.567497223170326,3.2224996390827725,0.6625678432639688,0.40200948248384516,1.064577325747814,0.2605583607801236
59.44013452529907,-5.168453635647953,-8.559075903536261,3.3906222678883076,0.6658634644001722,0.3909993609297089,1.056862825329881,0.2748641034704633
59.46012735366821,-4.99116129914002,-8.55233884782901,3.561177548688989,0.6658634644001722,0.3909993609297089,1.056862825329881,0.2748641034704633
59.48013257980347,-4.812970697726921,-8.546949203263209,3.733978505536288,0.6658634644001722,0.3909993609297089,1.056862825329881,0.2748641034704633
59.5001266002655,-4.634120119924717,-8.542637487610566,3.9085173676858496,0.6963922314345836,0.3914505418390035,1.0878427732735871,0.3049416895955801
59.52012491226196,-4.454499576232627,-8.542637487610566,4.088137911377939,0.6963922314345836,0.3914505418390035,1.0878427732735871,0.3049416895955801
59.54013442993164,-4.274074501286105,-8.539188115088452,4.265113613802347,0.6963922314345836,0.3914505418390035,1.0878427732735871,0.3049416895955801
59.560129165649414,-4.093107887613179,-8.536428617070763,4.443320729457584,0.7,0.3832205485552549,1.0832205485552548,0.31677945144474506
59.5801362991333,-3.911382461302952,-8.534221018656611,4.622838557353659,0.7,0.3832205485552549,1.0832205485552548,0.31677945144474506
59.600130796432495,-3.7291542959387995,-8.53245493992529,4.803300643986489,0.7,0.3832205485552549,1.0832205485552548,0.31677945144474506
59.62012839317322,-3.5463091944563057,-8.531042076940231,4.984732882483925,0.7,0.38208566051907833,1.0820856605190783,0.3179143394809216
59.64013314247131,-3.3628385288953755,-8.529911786552185,5.16707325765681,0.7,0.38208566051907833,1.0820856605190783,0.3179143394809216
59.6601288318634,-3.1789200280169663,-8.52900755424175,5.350087526224783,0.7,0.38208566051907833,1.0820856605190783,0.3179143394809216
59.680137634277344,-2.9943786554846197,-8.5282841683934,5.53390551290878,0.7,0.4043814205098897,1.1043814205098896,0.2956185794901103
59.70012879371643,-2.8095273580632387,-8.52770545971472,5.718178101651482,0.7,0.4043814205098897,1.1043814205098896,0.2956185794901103
59.72010827064514,-2.624341202731464,-8.527242492771776,5.902901290040313,0.7,0.4043814205098897,1.1043814205098896,0.2956185794901103
59.740134477615356,-2.438306922073604,-8.527242492771776,6.0889355706981725,0.7,0.4084328166674822,1.1084328166674822,0.29156718333251774
59.76014685630798,-2.2520154461105837,-8.52687211921742,6.274856673106838,0.7,0.4084328166674822,1.1084328166674822,0.29156718333251774
59.78014087677002,-2.0655392845701863,-8.526575820373937,6.461036535803751,0.7,0.4084328166674822,1.1084328166674822,0.29156718333251774
59.800129652023315,-1.8787861910700112,-8.52633878129915,6.6475525902291395,0.7,0.38735891277901824,1.0873589127790182,0.3126410872209817
59.820136070251465,-1.6915715280690071,-8.52614915003932,6.834577621970313,0.7,0.38735891277901824,1.0873589127790182,0.3126410872209817
59.84016561508179,-1.5038727101313696,-8.525997445031457,7.022124734900087,0.7,0.38735891277901824,1.0873589127790182,0.3126410872209817
59.860153913497925,-1.316322950146966,-8.525876081025165,7.2095531308781995,0.7,0.4293878167401999,1.1293878167401998,0.2706121832598001
59.88015079498291,-1.1284849064151743,-8.525778989820132,7.397294083404958,0.7,0.4293878167401999,1.1293878167401998,0.2706121832598001
59.900142192840576,-0.9405202976846858,-8.543279441856107,7.602759144171421,0.682122553512454,0.4580764077138156,1.1401989612262695,0.2240461457986384
59.920167684555054,-0.7520863749183602,-8.557279803484885,7.805193428566525,0.682122553512454,0.4580764077138156,1.1401989612262695,0.2240461457986384
59.94015455245972,-0.5638971497397512,-8.56848009278791,8.004582943048158,0.682122553512454,0.4580764077138156,1.1401989612262695,0.2240461457986384
59.96013569831848,-0.3756729076589007,-8.56848009278791,8.19280718512901,0.6761983081698417,0.4823152772616594,1.1585135854315012,0.19388303090818232
59.98015356063843,-0.1870434367252183,-8.577440324230327,8.390396887505108,0.6761983081698417,0.4823152772616594,1.1585135854315012,0.19388303090818232
