time,target_deg,actual_deg,error_deg,p1_cmd_MPa,p2_cmd_MPa,ps_cmd_MPa,pd_cmd_MPa
5.5789947509765625e-05,0.0,0.5341330346584795,-0.5341330346584795,0.5263488542106642,0.6539268162916414,1.1802756705023056,-0.12757796208097716
0.020204782485961914,0.0,0.5327751777267836,-0.5327751777267836,0.5263488542106642,0.6539268162916414,1.1802756705023056,-0.12757796208097716
0.04016304016113281,0.0,0.5141107671814269,-0.5141107671814269,0.5229477652166679,0.646112850389909,1.1690606156065768,-0.1231650851732411
0.06016254425048828,0.0,0.49917923874514153,-0.49917923874514153,0.5229477652166679,0.646112850389909,1.1690606156065768,-0.1231650851732411
0.08015561103820801,0.0,0.48723401599611327,-0.48723401599611327,0.5229477652166679,0.646112850389909,1.1690606156065768,-0.1231650851732411
0.10016512870788574,0.0,0.4776778377968906,-0.4776778377968906,0.5362406915803148,0.6677267313818447,1.2039674229621595,-0.13148603980152984
0.12014508247375488,0.0,0.4700328952375125,-0.4700328952375125,0.5362406915803148,0.6677267313818447,1.2039674229621595,-0.13148603980152984
0.14014005661010742,0.0,0.46391694119001003,-0.46391694119001003,0.5362406915803148,0.6677267313818447,1.2039674229621595,-0.13148603980152984
0.1601409912109375,0.0,0.4590241779520081,-0.4590241779520081,0.5356759125417738,0.6695066620479337,1.2051825745897076,-0.13383074950615992
0.18013978004455566,0.0,0.43753184236160647,-0.43753184236160647,0.5356759125417738,0.6695066620479337,1.2051825745897076,-0.13383074950615992
0.20014333724975586,0.0,0.43753184236160647,-0.43753184236160647,0.5356759125417738,0.6695066620479337,1.2051825745897076,-0.13383074950615992
0.22016096115112305,0.0,0.4203379738892852,-0.4203379738892852,0.5470691708898812,0.6449306853930465,1.1919998562829277,-0.09786151450316538
0.24014782905578613,0.0,0.40658287911142815,-0.40658287911142815,0.5470691708898812,0.6449306853930465,1.1919998562829277,-0.09786151450316538
0.26013946533203125,0.0,0.3955788032891426,-0.3955788032891426,0.5470691708898812,0.6449306853930465,1.1919998562829277,-0.09786151450316538
0.2801351547241211,0.0,0.40435366763131403,-0.40435366763131403,0.5613751936754852,0.6448451172575005,1.2062203109329857,-0.08346992358201533
0.30014848709106445,0.0,0.41137355910505125,-0.41137355910505125,0.5613751936754852,0.6448451172575005,1.2062203109329857,-0.08346992358201533
0.3201446533203125,0.0,0.41698947228404104,-0.41698947228404104,0.5544744179635017,0.6452740890046698,1.1997485069681715,-0.09079967104116804
0.3401515483856201,0.0,0.4214822028272328,-0.4214822028272328,0.5544744179635017,0.6452740890046698,1.1997485069681715,-0.09079967104116804
0.36014628410339355,0.0,0.42507638726178626,-0.42507638726178626,0.5544744179635017,0.6452740890046698,1.1997485069681715,-0.09079967104116804
0.3801426887512207,0.0,0.427951734809429,-0.427951734809429,0.567728817374882,0.6419261929651838,1.2096550103400658,-0.07419737559030182
0.4001448154449463,0.0,0.4302520128475432,-0.4302520128475432,0.567728817374882,0.6419261929651838,1.2096550103400658,-0.07419737559030182
0.4201481342315674,0.0,0.4302520128475432,-0.4302520128475432,0.567728817374882,0.6419261929651838,1.2096550103400658,-0.07419737559030182
0.44014525413513184,0.0,0.4320922352780346,-0.4320922352780346,0.5693589068534493,0.6379356857461971,1.2072945925996463,-0.06857677889274783
0.46015381813049316,0.0,0.4335644132224277,-0.4335644132224277,0.5693589068534493,0.6379356857461971,1.2072945925996463,-0.06857677889274783
0.480144739151001,0.0,0.43474215557794216,-0.43474215557794216,0.5693589068534493,0.6379356857461971,1.2072945925996463,-0.06857677889274783
0.5001420974731445,0.0,0.43568434946235374,-0.43568434946235374,0.5711135630546778,0.6520366443393868,1.2231502073940645,-0.08092308128470904
0.5201385021209717,0.0,0.436438104569883,-0.436438104569883,0.5711135630546778,0.6520366443393868,1.2231502073940645,-0.08092308128470904
0.5401434898376465,0.0,0.43704110865590645,-0.43704110865590645,0.5711135630546778,0.6520366443393868,1.2231502073940645,-0.08092308128470904
0.5601580142974854,0.0,0.43752351192472516,-0.43752351192472516,0.5749452089941769,0.6579980126654845,1.2329432216596614,-0.08305280367130763
0.5801451206207275,0.0,0.43790943453978015,-0.43790943453978015,0.5749452089941769,0.6579980126654845,1.2329432216596614,-0.08305280367130763
0.6001467704772949,0.0,0.43821817263182417,-0.43821817263182417,0.5749452089941769,0.6579980126654845,1.2329432216596614,-0.08305280367130763
0.6201465129852295,0.0,0.42088703810545935,-0.42088703810545935,0.5579301280951767,0.6745511612927657,1.2324812893879424,-0.11662103319758899
0.6401388645172119,0.0,0.42088703810545935,-0.42088703810545935,0.5579301280951767,0.6745511612927657,1.2324812893879424,-0.11662103319758899
0.6601371765136719,0.0,0.4070221304843675,-0.4070221304843675,0.5579301280951767,0.6745511612927657,1.2324812893879424,-0.11662103319758899
0.6801350116729736,0.0,0.395930204387494,-0.395930204387494,0.5722123239240318,0.6850879120713216,1.2573002359953533,-0.11287558814728982
0.7001540660858154,0.0,0.3870566635099952,-0.3870566635099952,0.5722123239240318,0.6850879120713216,1.2573002359953533,-0.11287558814728982
0.7201507091522217,0.0,0.36237970580799617,-0.36237970580799617,0.5846607055565982,0.7,1.2846607055565982,-0.11533929444340174
0.7401406764984131,0.0,0.34263813964639694,-0.34263813964639694,0.5846607055565982,0.7,1.2846607055565982,-0.11533929444340174
0.760159969329834,0.0,0.3268448867171176,-0.3268448867171176,0.5846607055565982,0.7,1.2846607055565982,-0.11533929444340174
0.7801399230957031,0.0,0.3142102843736941,-0.3142102843736941,0.5840007060025527,0.6985301907872781,1.2825308967898308,-0.11452948478472535
0.8001534938812256,0.0,0.30410260249895527,-0.30410260249895527,0.5840007060025527,0.6985301907872781,1.2825308967898308,-0.11452948478472535
0.8201498985290527,0.0,0.2960164569991642,-0.2960164569991642,0.5840007060025527,0.6985301907872781,1.2825308967898308,-0.11452948478472535
0.8401517868041992,0.0,0.28954754059933135,-0.28954754059933135,0.5817181277372583,0.7,1.2817181277372582,-0.11828187226274167
0.8601441383361816,0.0,0.28954754059933135,-0.28954754059933135,0.5817181277372583,0.7,1.2817181277372582,-0.11828187226274167
0.880141019821167,0.0,0.28437240747946513,-0.28437240747946513,0.5817181277372583,0.7,1.2817181277372582,-0.11828187226274167
0.9001491069793701,0.0,0.2802323009835721,-0.2802323009835721,0.5745942597561224,0.7,1.2745942597561224,-0.12540574024387752
0.9201531410217285,0.0,0.2769202157868577,-0.2769202157868577,0.5745942597561224,0.7,1.2745942597561224,-0.12540574024387752
0.9401545524597168,0.0,0.2742705476294862,-0.2742705476294862,0.5745942597561224,0.7,1.2745942597561224,-0.12540574024387752
0.9601409435272217,0.0,0.27215081310358896,-0.27215081310358896,0.5632260046251758,0.7,1.2632260046251758,-0.13677399537482415
0.980137825012207,0.0,0.2704550254828712,-0.2704550254828712,0.5632260046251758,0.7,1.2632260046251758,-0.13677399537482415
1.0001389980316162,0.0,0.269098395386297,-0.269098395386297,0.5632260046251758,0.7,1.2632260046251758,-0.13677399537482415
1.0201396942138672,0.0,0.26801309130903755,-0.26801309130903755,0.5632260046251758,0.7,1.2632260046251758,-0.13677399537482415
1.0401465892791748,0.0,0.26714484804723004,-0.26714484804723004,0.5632260046251758,0.7,1.2632260046251758,-0.13677399537482415
1.0601661205291748,0.0,0.2664502534377841,-0.2664502534377841,0.5757004604958638,0.695762397069484,1.2714628575653477,-0.12006193657362019
1.0802311897277832,0.0,0.2664502534377841,-0.2664502534377841,0.5757004604958638,0.695762397069484,1.2714628575653477,-0.12006193657362019
1.1002299785614014,0.0,0.2658945777502273,-0.2658945777502273,0.5757004604958638,0.695762397069484,1.2714628575653477,-0.12006193657362019
1.1201822757720947,0.0,0.26545003720018184,-0.26545003720018184,0.5757004604958638,0.695762397069484,1.2714628575653477,-0.12006193657362019
1.1401481628417969,0.0,0.26509440476014545,-0.26509440476014545,0.5757004604958638,0.695762397069484,1.2714628575653477,-0.12006193657362019
1.1601946353912354,0.0,0.2648098988081164,-0.2648098988081164,0.5841083792322024,0.7,1.2841083792322023,-0.11589162076779758
1.1801941394805908,0.0,0.2645822940464931,-0.2645822940464931,0.5841083792322024,0.7,1.2841083792322023,-0.11589162076779758
1.200136661529541,0.0,0.2644002102371945,-0.2644002102371945,0.5841083792322024,0.7,1.2841083792322023,-0.11589162076779758
1.2201292514801025,0.0,0.26425454318975555,-0.26425454318975555,0.5961221740864857,0.7,1.2961221740864857,-0.10387782591351424
1.240126609802246,0.0,0.2641380095518045,-0.2641380095518045,0.5961221740864857,0.7,1.2961221740864857,-0.10387782591351424
1.260136604309082,0.0,0.26404478264144354,-0.26404478264144354,0.5961221740864857,0.7,1.2961221740864857,-0.10387782591351424
1.2801432609558105,0.0,0.26397020111315483,-0.26397020111315483,0.5885881553687795,0.690857858210802,1.2794460135795815,-0.10226970284202253
1.3001368045806885,0.0,0.26397020111315483,-0.26397020111315483,0.5885881553687795,0.690857858210802,1.2794460135795815,-0.10226970284202253
1.3201308250427246,0.0,0.26391053589052393,-0.26391053589052393,0.587521498818387,0.7,1.287521498818387,-0.11247850118161296
1.340132474899292,0.0,0.2638628037124191,-0.2638628037124191,0.587521498818387,0.7,1.287521498818387,-0.11247850118161296
1.3601536750793457,0.0,0.2638246179699353,-0.2638246179699353,0.587521498818387,0.7,1.287521498818387,-0.11247850118161296
1.380141258239746,0.0,0.26379406937594824,-0.26379406937594824,0.5772660894137516,0.6811522830277681,1.2584183724415197,-0.10388619361401652
1.4001615047454834,0.0,0.2637696305007586,-0.2637696305007586,0.5772660894137516,0.6811522830277681,1.2584183724415197,-0.10388619361401652
1.420151948928833,0.0,0.2637500794006069,-0.2637500794006069,0.5772660894137516,0.6811522830277681,1.2584183724415197,-0.10388619361401652
1.4401416778564453,0.0,0.2637344385204855,-0.2637344385204855,0.5780553100914403,0.683606890309602,1.2616622004010423,-0.10555158021816169
1.4602737426757812,0.0,0.2637219258163884,-0.2637219258163884,0.5780553100914403,0.683606890309602,1.2616622004010423,-0.10555158021816169
1.4802403450012207,0.0,0.2637119156531108,-0.2637119156531108,0.5780553100914403,0.683606890309602,1.2616622004010423,-0.10555158021816169
1.500164270401001,0.0,0.2637039075224887,-0.2637039075224887,0.5780553100914403,0.683606890309602,1.2616622004010423,-0.10555158021816169
1.5201385021209717,0.0,0.2637039075224887,-0.2637039075224887,0.5780553100914403,0.683606890309602,1.2616622004010423,-0.10555158021816169
1.5401363372802734,0.0,0.26369750101799094,-0.26369750101799094,0.5780553100914403,0.683606890309602,1.2616622004010423,-0.10555158021816169
1.5601449012756348,0.0,0.26369237581439275,-0.26369237581439275,0.5780553100914403,0.683606890309602,1.2616622004010423,-0.10555158021816169
1.5802679061889648,0.0,0.2636882756515142,-0.2636882756515142,0.5687954901070043,0.7,1.2687954901070042,-0.1312045098929957
1.600189208984375,0.0,0.2636849955212114,-0.2636849955212114,0.5687954901070043,0.7,1.2687954901070042,-0.1312045098929957
1.620147943496704,0.0,0.26368237141696915,-0.26368237141696915,0.5687954901070043,0.7,1.2687954901070042,-0.1312045098929957
1.6401336193084717,0.0,0.26368027213357537,-0.26368027213357537,0.5687954901070043,0.7,1.2687954901070042,-0.1312045098929957
1.6601331233978271,0.0,0.2636785927068603,-0.2636785927068603,0.5687954901070043,0.7,1.2687954901070042,-0.1312045098929957
1.6801304817199707,0.0,0.26367724916548824,-0.26367724916548824,0.5687954901070043,0.7,1.2687954901070042,-0.1312045098929957
1.7002143859863281,0.0,0.26367617433239054,-0.26367617433239054,0.5502446377933665,0.6818331729620695,1.232077810755436,-0.13158853516870295
1.7202517986297607,0.0,0.26367531446591247,-0.26367531446591247,0.5502446377933665,0.6818331729620695,1.232077810755436,-0.13158853516870295
1.740269422531128,0.0,0.26367531446591247,-0.26367531446591247,0.5502446377933665,0.6818331729620695,1.232077810755436,-0.13158853516870295
1.7601714134216309,0.0,0.26367462657272994,-0.26367462657272994,0.5502446377933665,0.6818331729620695,1.232077810755436,-0.13158853516870295
1.7801387310028076,0.0,0.26367407625818395,-0.26367407625818395,0.5502446377933665,0.6818331729620695,1.232077810755436,-0.13158853516870295
1.800138235092163,0.0,0.2636736360065472,-0.2636736360065472,0.5502446377933665,0.6818331729620695,1.232077810755436,-0.13158853516870295
1.8201391696929932,0.0,0.28125140880523775,-0.28125140880523775,0.5502446377933665,0.6818331729620695,1.232077810755436,-0.13158853516870295
1.8402948379516602,0.0,0.2953136270441902,-0.2953136270441902,0.5611784449130937,0.7,1.2611784449130936,-0.1388215550869063
1.8601763248443604,0.0,0.2889852766353522,-0.2889852766353522,0.5611784449130937,0.7,1.2611784449130936,-0.1388215550869063
1.8801524639129639,0.0,0.30150072130828176,-0.30150072130828176,0.5611784449130937,0.7,1.2611784449130936,-0.1388215550869063
1.900130271911621,0.0,0.3115130770466254,-0.3115130770466254,0.5611784449130937,0.7,1.2611784449130936,-0.1388215550869063
1.9201257228851318,0.0,0.3195229616373003,-0.3195229616373003,0.5611784449130937,0.7,1.2611784449130936,-0.1388215550869063
1.9401278495788574,0.0,0.3259308693098403,-0.3259308693098403,0.5611784449130937,0.7,1.2611784449130936,-0.1388215550869063
1.9601595401763916,0.0,0.3259308693098403,-0.3259308693098403,0.5717431698278232,0.6930191035382449,1.2647622733660682,-0.12127593371042167
1.9801414012908936,0.0,0.3134790704478722,-0.3134790704478722,0.5717431698278232,0.6930191035382449,1.2647622733660682,-0.12127593371042167
2.000143527984619,0.0,0.3210957563582978,-0.3210957563582978,0.5717431698278232,0.6930191035382449,1.2647622733660682,-0.12127593371042167
2.0201356410980225,0.0,0.32718910508663823,-0.32718910508663823,0.5717431698278232,0.6930191035382449,1.2647622733660682,-0.12127593371042167
2.0401368141174316,0.0,0.3144856590693106,-0.3144856590693106,0.5717431698278232,0.6930191035382449,1.2647622733660682,-0.12127593371042167
2.060133218765259,0.0,0.3043229022554485,-0.3043229022554485,0.5717431698278232,0.6930191035382449,1.2647622733660682,-0.12127593371042167
2.0801358222961426,0.0,0.3137708218043588,-0.3137708218043588,0.5362278987005993,0.6976441096514463,1.2338720083520456,-0.16141621095084702
2.1001384258270264,0.0,0.32132915744348706,-0.32132915744348706,0.5362278987005993,0.6976441096514463,1.2338720083520456,-0.16141621095084702
2.12013840675354,0.0,0.30979770095478965,-0.30979770095478965,0.5362278987005993,0.6976441096514463,1.2338720083520456,-0.16141621095084702
2.140132427215576,0.0,0.30057253576383175,-0.30057253576383175,0.5362278987005993,0.6976441096514463,1.2338720083520456,-0.16141621095084702
2.1601340770721436,0.0,0.2931924036110654,-0.2931924036110654,0.5362278987005993,0.6976441096514463,1.2338720083520456,-0.16141621095084702
2.180130958557129,0.0,0.2931924036110654,-0.2931924036110654,0.536579530423478,0.6996409649029374,1.2362204953264153,-0.16306143447945942
2.200227737426758,0.0,0.28728829788885235,-0.28728829788885235,0.536579530423478,0.6996409649029374,1.2362204953264153,-0.16306143447945942
2.220214605331421,0.0,0.28256501331108186,-0.28256501331108186,0.536579530423478,0.6996409649029374,1.2362204953264153,-0.16306143447945942
2.2401652336120605,0.0,0.27878638564886554,-0.27878638564886554,0.536579530423478,0.6996409649029374,1.2362204953264153,-0.16306143447945942
2.2601349353790283,0.0,0.2757634835190924,-0.2757634835190924,0.5398566680662042,0.7,1.2398566680662042,-0.1601433319337957
2.280128002166748,0.0,0.27334516181527396,-0.27334516181527396,0.5398566680662042,0.7,1.2398566680662042,-0.1601433319337957
2.3001298904418945,0.0,0.2889886294522192,-0.2889886294522192,0.5398566680662042,0.7,1.2398566680662042,-0.1601433319337957
2.32012939453125,0.0,0.30150340356177535,-0.30150340356177535,0.5581804713867313,0.7,1.2581804713867313,-0.14181952861326863
2.340134620666504,0.0,0.3115152228494203,-0.3115152228494203,0.5581804713867313,0.7,1.2581804713867313,-0.14181952861326863
2.3601293563842773,0.0,0.31952467827953623,-0.31952467827953623,0.5581804713867313,0.7,1.2581804713867313,-0.14181952861326863
2.380134105682373,0.0,0.325932242623629,-0.325932242623629,0.5567029121732048,0.7,1.2567029121732047,-0.14329708782679518
2.400200605392456,0.0,0.325932242623629,-0.325932242623629,0.5567029121732048,0.7,1.2567029121732047,-0.14329708782679518
2.420220136642456,0.0,0.33105829409890325,-0.33105829409890325,0.5567029121732048,0.7,1.2567029121732047,-0.14329708782679518
2.440162420272827,0.0,0.33515913527912256,-0.33515913527912256,0.5567029121732048,0.7,1.2567029121732047,-0.14329708782679518
2.460132360458374,0.0,0.33843980822329806,-0.33843980822329806,0.5567029121732048,0.7,1.2567029121732047,-0.14329708782679518
2.480214834213257,0.0,0.3410643465786385,-0.3410643465786385,0.5567029121732048,0.7,1.2567029121732047,-0.14329708782679518
2.5001883506774902,0.0,0.3431639772629108,-0.3431639772629108,0.5567029121732048,0.7,1.2567029121732047,-0.14329708782679518
2.5201401710510254,0.0,0.34484368181032865,-0.34484368181032865,0.5567029121732048,0.7,1.2567029121732047,-0.14329708782679518
2.540181875228882,0.0,0.34618744544826296,-0.34618744544826296,0.5555546290408528,0.7,1.2555546290408528,-0.1444453709591471
2.5601484775543213,0.0,0.34726245635861036,-0.34726245635861036,0.5555546290408528,0.7,1.2555546290408528,-0.1444453709591471
2.580132484436035,0.0,0.3481224650868883,-0.3481224650868883,0.5555546290408528,0.7,1.2555546290408528,-0.1444453709591471
2.6001291275024414,0.0,0.34881047206951066,-0.34881047206951066,0.5555546290408528,0.7,1.2555546290408528,-0.1444453709591471
2.6201488971710205,0.0,0.34881047206951066,-0.34881047206951066,0.5555546290408528,0.7,1.2555546290408528,-0.1444453709591471
2.640146017074585,0.0,0.3493608776556085,-0.3493608776556085,0.5555546290408528,0.7,1.2555546290408528,-0.1444453709591471
2.660263776779175,0.0,0.34980120212448684,-0.34980120212448684,0.5558454972044273,0.7,1.2558454972044273,-0.14415450279557263
2.6801416873931885,0.0,0.3325753366995895,-0.3325753366995895,0.5558454972044273,0.7,1.2558454972044273,-0.14415450279557263
2.700134515762329,0.0,0.3187946443596716,-0.3187946443596716,0.5558454972044273,0.7,1.2558454972044273,-0.14415450279557263
2.7201335430145264,0.0,0.3077700904877373,-0.3077700904877373,0.5558454972044273,0.7,1.2558454972044273,-0.14415450279557263
2.740135908126831,0.0,0.29895044739018983,-0.29895044739018983,0.5558454972044273,0.7,1.2558454972044273,-0.14415450279557263
2.7601287364959717,0.0,0.29189473291215184,-0.29189473291215184,0.5558454972044273,0.7,1.2558454972044273,-0.14415450279557263
2.7801828384399414,0.0,0.2862501613297215,-0.2862501613297215,0.5734990425691648,0.693601290974766,1.2671003335439308,-0.12010224840560113
2.800158739089966,0.0,0.2817345040637772,-0.2817345040637772,0.5734990425691648,0.693601290974766,1.2671003335439308,-0.12010224840560113
2.8201358318328857,0.0,0.27812197825102175,-0.27812197825102175,0.5734990425691648,0.693601290974766,1.2671003335439308,-0.12010224840560113
2.840131998062134,0.0,0.27812197825102175,-0.27812197825102175,0.5734990425691648,0.693601290974766,1.2671003335439308,-0.12010224840560113
2.860139846801758,0.0,0.2752319576008174,-0.2752319576008174,0.5734990425691648,0.693601290974766,1.2671003335439308,-0.12010224840560113
2.8801820278167725,0.0,0.272919941080654,-0.272919941080654,0.5597845837757631,0.6946906674886122,1.2544752512643753,-0.13490608371284907
2.9002604484558105,0.0,0.2710703278645232,-0.2710703278645232,0.5597845837757631,0.6946906674886122,1.2544752512643753,-0.13490608371284907
2.92033314704895,0.0,0.2695906372916186,-0.2695906372916186,0.5597845837757631,0.6946906674886122,1.2544752512643753,-0.13490608371284907
2.940237045288086,0.0,0.26840688483329483,-0.26840688483329483,0.5597845837757631,0.6946906674886122,1.2544752512643753,-0.13490608371284907
2.9601681232452393,0.0,0.2674598828666359,-0.2674598828666359,0.5597845837757631,0.6946906674886122,1.2544752512643753,-0.13490608371284907
2.980144500732422,0.0,0.2667022812933087,-0.2667022812933087,0.5624409998119517,0.6891414154553785,1.2515824152673303,-0.12670041564342682
3.000192165374756,0.0,0.26609620003464696,-0.26609620003464696,0.5624409998119517,0.6891414154553785,1.2515824152673303,-0.12670041564342682
3.0201737880706787,0.0,0.26561133502771755,-0.26561133502771755,0.5624409998119517,0.6891414154553785,1.2515824152673303,-0.12670041564342682
3.040134906768799,0.0,0.26522344302217404,-0.26522344302217404,0.5598448822558566,0.683709194813855,1.2435540770697115,-0.12386431255799835
3.060145616531372,0.0,0.26522344302217404,-0.26522344302217404,0.5598448822558566,0.683709194813855,1.2435540770697115,-0.12386431255799835
3.0801331996917725,0.0,0.26491312941773926,-0.26491312941773926,0.5598448822558566,0.683709194813855,1.2435540770697115,-0.12386431255799835
3.1001269817352295,0.0,0.26466487853419146,-0.26466487853419146,0.5638213195190473,0.6871626257663592,1.2509839452854066,-0.12334130624731188
3.1201374530792236,0.0,0.26446627782735316,-0.26446627782735316,0.5638213195190473,0.6871626257663592,1.2509839452854066,-0.12334130624731188
3.140138626098633,0.0,0.2643073972618825,-0.2643073972618825,0.5638213195190473,0.6871626257663592,1.2509839452854066,-0.12334130624731188
3.160137891769409,0.0,0.26418029280950606,-0.26418029280950606,0.5638213195190473,0.6871626257663592,1.2509839452854066,-0.12334130624731188
3.1801321506500244,0.0,0.26407860924760485,-0.26407860924760485,0.5638213195190473,0.6871626257663592,1.2509839452854066,-0.12334130624731188
3.2002482414245605,0.0,0.26399726239808385,-0.26399726239808385,0.554927025950019,0.6708874080097302,1.2258144339597492,-0.11596038205971126
3.220268726348877,0.0,0.2639321849184671,-0.2639321849184671,0.554927025950019,0.6708874080097302,1.2258144339597492,-0.11596038205971126
3.240257740020752,0.0,0.26388012293477364,-0.26388012293477364,0.554927025950019,0.6708874080097302,1.2258144339597492,-0.11596038205971126
3.260188102722168,0.0,0.26383847334781896,-0.26383847334781896,0.554927025950019,0.6708874080097302,1.2258144339597492,-0.11596038205971126
3.2801456451416016,0.0,0.26383847334781896,-0.26383847334781896,0.554927025950019,0.6708874080097302,1.2258144339597492,-0.11596038205971126
3.3001708984375,0.0,0.2638051536782552,-0.2638051536782552,0.5398081699670001,0.6850391907384619,1.224847360705462,-0.14523102077146177
3.320220470428467,0.0,0.26377849794260416,-0.26377849794260416,0.5398081699670001,0.6850391907384619,1.224847360705462,-0.14523102077146177
3.340280294418335,0.0,0.26375717335408333,-0.26375717335408333,0.5398081699670001,0.6850391907384619,1.224847360705462,-0.14523102077146177
3.360318183898926,0.0,0.2637401136832667,-0.2637401136832667,0.5398081699670001,0.6850391907384619,1.224847360705462,-0.14523102077146177
3.3801910877227783,0.0,0.28130459094661336,-0.28130459094661336,0.5398081699670001,0.6850391907384619,1.224847360705462,-0.14523102077146177
3.400129556655884,0.0,0.2953561727572907,-0.2953561727572907,0.5398081699670001,0.6850391907384619,1.224847360705462,-0.14523102077146177
3.42024302482605,0.0,0.3065974382058326,-0.3065974382058326,0.5408726888992532,0.7,1.2408726888992532,-0.15912731110074674
3.440180540084839,0.0,0.31559045056466606,-0.31559045056466606,0.5408726888992532,0.7,1.2408726888992532,-0.15912731110074674
3.4601519107818604,0.0,0.3227848604517328,-0.3227848604517328,0.5408726888992532,0.7,1.2408726888992532,-0.15912731110074674
3.4801342487335205,0.0,0.32854038836138627,-0.32854038836138627,0.5408726888992532,0.7,1.2408726888992532,-0.15912731110074674
3.5001275539398193,0.0,0.32854038836138627,-0.32854038836138627,0.5408726888992532,0.7,1.2408726888992532,-0.15912731110074674
3.520136833190918,0.0,0.333144810689109,-0.333144810689109,0.5408726888992532,0.7,1.2408726888992532,-0.15912731110074674
3.5401833057403564,0.0,0.33682834855128724,-0.33682834855128724,0.5358034367956861,0.6880150509998202,1.2238184877955063,-0.1522116142041341
3.5604376792907715,0.0,0.3397751788410298,-0.3397751788410298,0.5358034367956861,0.6880150509998202,1.2238184877955063,-0.1522116142041341
3.580350399017334,0.0,0.34213264307282387,-0.34213264307282387,0.5358034367956861,0.6880150509998202,1.2238184877955063,-0.1522116142041341
3.6002378463745117,0.0,0.3440186144582591,-0.3440186144582591,0.5358034367956861,0.6880150509998202,1.2238184877955063,-0.1522116142041341
3.6201696395874023,0.0,0.3455273915666073,-0.3455273915666073,0.5358034367956861,0.6880150509998202,1.2238184877955063,-0.1522116142041341
3.640176773071289,0.0,0.34673441325328586,-0.34673441325328586,0.5559257394917949,0.6738554349169135,1.2297811744087084,-0.11792969542511855
3.660284996032715,0.0,0.3477000306026287,-0.3477000306026287,0.5559257394917949,0.6738554349169135,1.2297811744087084,-0.11792969542511855
3.6802265644073486,0.0,0.34847252448210303,-0.34847252448210303,0.5559257394917949,0.6738554349169135,1.2297811744087084,-0.11792969542511855
3.700162172317505,0.0,0.34909051958568244,-0.34909051958568244,0.5559257394917949,0.6738554349169135,1.2297811744087084,-0.11792969542511855
3.7201290130615234,0.0,0.34909051958568244,-0.34909051958568244,0.5559257394917949,0.6738554349169135,1.2297811744087084,-0.11792969542511855
3.7401249408721924,0.0,0.34958491566854594,-0.34958491566854594,0.5645234794639691,0.6725896457675844,1.2371131252315535,-0.10806616630361532
3.760202169418335,0.0,0.34998043253483674,-0.34998043253483674,0.5645234794639691,0.6725896457675844,1.2371131252315535,-0.10806616630361532
3.7801527976989746,0.0,0.3502968460278694,-0.3502968460278694,0.5645234794639691,0.6725896457675844,1.2371131252315535,-0.10806616630361532
3.8001418113708496,0.0,0.35054997682229555,-0.35054997682229555,0.5645234794639691,0.6725896457675844,1.2371131252315535,-0.10806616630361532
3.820129632949829,0.0,0.35075248145783644,-0.35075248145783644,0.5645234794639691,0.6725896457675844,1.2371131252315535,-0.10806616630361532
3.8401286602020264,0.0,0.3509144851662692,-0.3509144851662692,0.5645234794639691,0.6725896457675844,1.2371131252315535,-0.10806616630361532
3.8602957725524902,0.0,0.3510440881330154,-0.3510440881330154,0.5720855151586874,0.671682745439466,1.2437682605981535,-0.0995972302807786
3.880195379257202,0.0,0.3511477705064123,-0.3511477705064123,0.5720855151586874,0.671682745439466,1.2437682605981535,-0.0995972302807786
3.900169610977173,0.0,0.3512307164051299,-0.3512307164051299,0.5720855151586874,0.671682745439466,1.2437682605981535,-0.0995972302807786
3.920144557952881,0.0,0.3337189481241039,-0.3337189481241039,0.5720855151586874,0.671682745439466,1.2437682605981535,-0.0995972302807786
3.9401307106018066,0.0,0.3337189481241039,-0.3337189481241039,0.5720855151586874,0.671682745439466,1.2437682605981535,-0.0995972302807786
3.960127592086792,0.0,0.31970953349928316,-0.31970953349928316,0.5720855151586874,0.671682745439466,1.2437682605981535,-0.0995972302807786
3.9802587032318115,0.0,0.30850200179942655,-0.30850200179942655,0.572695847920113,0.6846172476536594,1.2573130955737724,-0.11192139973354642
4.000154733657837,0.0,0.2995359764395413,-0.2995359764395413,0.572695847920113,0.6846172476536594,1.2573130955737724,-0.11192139973354642
4.0201332569122314,0.0,0.292363156151633,-0.292363156151633,0.572695847920113,0.6846172476536594,1.2573130955737724,-0.11192139973354642
4.040127515792847,0.0,0.2866248999213064,-0.2866248999213064,0.572695847920113,0.6846172476536594,1.2573130955737724,-0.11192139973354642
4.06013822555542,0.0,0.2820342949370452,-0.2820342949370452,0.572695847920113,0.6846172476536594,1.2573130955737724,-0.11192139973354642
4.08014702796936,0.0,0.27836181094963613,-0.27836181094963613,0.572695847920113,0.6846172476536594,1.2573130955737724,-0.11192139973354642
4.1002795696258545,0.0,0.2754238237597089,-0.2754238237597089,0.570595530646824,0.6914917176938615,1.2620872483406855,-0.12089618704703753
4.120259046554565,0.0,0.2730734340077671,-0.2730734340077671,0.570595530646824,0.6914917176938615,1.2620872483406855,-0.12089618704703753
4.140233278274536,0.0,0.2711931222062138,-0.2711931222062138,0.570595530646824,0.6914917176938615,1.2620872483406855,-0.12089618704703753
4.160197734832764,0.0,0.2711931222062138,-0.2711931222062138,0.570595530646824,0.6914917176938615,1.2620872483406855,-0.12089618704703753
4.180152893066406,0.0,0.26968887276497105,-0.26968887276497105,0.570595530646824,0.6914917176938615,1.2620872483406855,-0.12089618704703753
4.200137376785278,0.0,0.26848547321197686,-0.26848547321197686,0.570595530646824,0.6914917176938615,1.2620872483406855,-0.12089618704703753
4.220135450363159,0.0,0.2675227535695815,-0.2675227535695815,0.570595530646824,0.6914917176938615,1.2620872483406855,-0.12089618704703753
4.240150213241577,0.0,0.26675257785566525,-0.26675257785566525,0.5831753814993135,0.6898820380331017,1.2730574195324151,-0.10670665653378819
4.2601470947265625,0.0,0.2661364372845322,-0.2661364372845322,0.5831753814993135,0.6898820380331017,1.2730574195324151,-0.10670665653378819
4.280130386352539,0.0,0.2656435248276258,-0.2656435248276258,0.5831753814993135,0.6898820380331017,1.2730574195324151,-0.10670665653378819
4.3001389503479,0.0,0.26524919486210063,-0.26524919486210063,0.5831753814993135,0.6898820380331017,1.2730574195324151,-0.10670665653378819
4.320136785507202,0.0,0.2649337308896805,-0.2649337308896805,0.5831753814993135,0.6898820380331017,1.2730574195324151,-0.10670665653378819
4.340202331542969,0.0,0.2646813597117444,-0.2646813597117444,0.601624281930708,0.6751489572809077,1.2767732392116158,-0.07352467535019969
4.360169887542725,0.0,0.26447946276939555,-0.26447946276939555,0.601624281930708,0.6751489572809077,1.2767732392116158,-0.07352467535019969
4.380146741867065,0.0,0.26447946276939555,-0.26447946276939555,0.601624281930708,0.6751489572809077,1.2767732392116158,-0.07352467535019969
4.400141477584839,0.0,0.26431794521551644,-0.26431794521551644,0.601624281930708,0.6751489572809077,1.2767732392116158,-0.07352467535019969
4.4201390743255615,0.0,0.26418873117241315,-0.26418873117241315,0.601624281930708,0.6751489572809077,1.2767732392116158,-0.07352467535019969
4.440137624740601,0.0,0.2640853599379306,-0.2640853599379306,0.601624281930708,0.6751489572809077,1.2767732392116158,-0.07352467535019969
4.460193157196045,0.0,0.26400266295034447,-0.26400266295034447,0.5952300758501223,0.6787133329664357,1.273943408816558,-0.08348325711631333
4.48015570640564,0.0,0.2639365053602756,-0.2639365053602756,0.5952300758501223,0.6787133329664357,1.273943408816558,-0.08348325711631333
4.500140190124512,0.0,0.2638835792882205,-0.2638835792882205,0.5952300758501223,0.6787133329664357,1.273943408816558,-0.08348325711631333
4.520129919052124,0.0,0.2638412384305764,-0.2638412384305764,0.5952300758501223,0.6787133329664357,1.273943408816558,-0.08348325711631333
4.540136337280273,0.0,0.2638073657444611,-0.2638073657444611,0.5952300758501223,0.6787133329664357,1.273943408816558,-0.08348325711631333
4.560137748718262,0.0,0.2637802675955689,-0.2637802675955689,0.5952300758501223,0.6787133329664357,1.273943408816558,-0.08348325711631333
4.580162525177002,0.0,0.26375858907645516,-0.26375858907645516,0.5775393073847226,0.6660088609089143,1.243548168293637,-0.08846955352419172
4.600139141082764,0.0,0.26375858907645516,-0.26375858907645516,0.5775393073847226,0.6660088609089143,1.243548168293637,-0.08846955352419172
4.620133876800537,0.0,0.26374124626116413,-0.26374124626116413,0.5775393073847226,0.6660088609089143,1.243548168293637,-0.08846955352419172
4.640149831771851,0.0,0.2637273720089313,-0.2637273720089313,0.5775393073847226,0.6660088609089143,1.243548168293637,-0.08846955352419172
4.660147190093994,0.0,0.2637162726071451,-0.2637162726071451,0.5775393073847226,0.6660088609089143,1.243548168293637,-0.08846955352419172
4.680258750915527,0.0,0.263707393085716,-0.263707393085716,0.5794967041285417,0.6938387706060893,1.273335474734631,-0.11434206647754763
4.700265645980835,0.0,0.2637002894685728,-0.2637002894685728,0.5794967041285417,0.6938387706060893,1.273335474734631,-0.11434206647754763
4.720244407653809,0.0,0.26369460657485827,-0.26369460657485827,0.5794967041285417,0.6938387706060893,1.273335474734631,-0.11434206647754763
4.740206480026245,0.0,0.2636900602598866,-0.2636900602598866,0.5794967041285417,0.6938387706060893,1.273335474734631,-0.11434206647754763
4.760169744491577,0.0,0.2636864232079093,-0.2636864232079093,0.5794967041285417,0.6938387706060893,1.273335474734631,-0.11434206647754763
4.7801430225372314,0.0,0.26368351356632747,-0.26368351356632747,0.5664875713111541,0.7,1.266487571311154,-0.13351242868884583
4.800198078155518,0.0,0.263681185853062,-0.263681185853062,0.5664875713111541,0.7,1.266487571311154,-0.13351242868884583
4.820163011550903,0.0,0.263681185853062,-0.263681185853062,0.5664875713111541,0.7,1.266487571311154,-0.13351242868884583
4.840131044387817,0.0,0.26367932368244956,-0.26367932368244956,0.5664875713111541,0.7,1.266487571311154,-0.13351242868884583
4.860131025314331,0.0,0.26367783394595967,-0.26367783394595967,0.5555759138362191,0.7,1.255575913836219,-0.14442408616378088
4.880130767822266,0.0,0.2636766421567677,-0.2636766421567677,0.5555759138362191,0.7,1.255575913836219,-0.14442408616378088
4.900127172470093,0.0,0.2636756887254142,-0.2636756887254142,0.5473768358053348,0.7,1.2473768358053348,-0.15262316419466515
4.920274496078491,0.0,0.2636749259803314,-0.2636749259803314,0.5473768358053348,0.7,1.2473768358053348,-0.15262316419466515
4.9402830600738525,0.0,0.2636743157842651,-0.2636743157842651,0.5473768358053348,0.7,1.2473768358053348,-0.15262316419466515
4.960195064544678,0.0,0.26367382762741215,-0.26367382762741215,0.5473768358053348,0.7,1.2473768358053348,-0.15262316419466515
4.980145692825317,0.0,0.28125156210192975,-0.28125156210192975,0.5382852666945837,0.6958007801324129,1.2340860468269965,-0.1575155134378292
5.000135183334351,20.0,0.29531374968154384,19.704686250318456,0.5382852666945837,0.6958007801324129,1.2340860468269965,-0.1575155134378292
5.020124435424805,20.0,0.30656349974523506,19.693436500254766,0.5382852666945837,0.6958007801324129,1.2340860468269965,-0.1575155134378292
5.040127754211426,20.0,0.30656349974523506,19.693436500254766,0.5382852666945837,0.6958007801324129,1.2340860468269965,-0.1575155134378292
5.060134410858154,20.0,0.3155632997961881,19.68443670020381,0.5382852666945837,0.6958007801324129,1.2340860468269965,-0.1575155134378292
5.080142021179199,20.0,0.3051850148369505,19.69481498516305,0.5286411448316357,0.6987915041856467,1.2274326490172824,-0.17015035935401102
5.100247621536255,20.0,0.31446051186956037,19.68553948813044,0.5286411448316357,0.6987915041856467,1.2274326490172824,-0.17015035935401102
5.1202521324157715,20.0,0.3218809094956483,19.678119090504353,0.5286411448316357,0.6987915041856467,1.2274326490172824,-0.17015035935401102
5.140219211578369,20.0,0.32781722759651866,19.67218277240348,0.5286411448316357,0.6987915041856467,1.2274326490172824,-0.17015035935401102
5.160227060317993,20.0,0.33256628207721495,19.667433717922783,0.5286411448316357,0.6987915041856467,1.2274326490172824,-0.17015035935401102
5.180261850357056,20.0,0.33636552566177197,19.663634474338227,0.5286411448316357,0.6987915041856467,1.2274326490172824,-0.17015035935401102
5.200324296951294,20.0,0.33940492052941756,19.660595079470582,0.5286411448316357,0.6987915041856467,1.2274326490172824,-0.17015035935401102
5.22025465965271,20.0,0.3418364364235341,19.658163563576466,0.5286411448316357,0.6987915041856467,1.2274326490172824,-0.17015035935401102
5.240169286727905,20.0,0.3613597741388273,19.638640225861174,0.5286411448316357,0.6987915041856467,1.2274326490172824,-0.17015035935401102
5.260135173797607,20.0,0.3613597741388273,19.638640225861174,0.5286411448316357,0.6987915041856467,1.2274326490172824,-0.17015035935401102
5.2801759243011475,20.0,0.35940031931106187,19.64059968068894,0.45864114483163576,0.7,1.1586411448316358,-0.2413588551683642
5.300165891647339,20.0,0.3578327554488495,19.64216724455115,0.45864114483163576,0.7,1.1586411448316358,-0.2413588551683642
5.320233583450317,20.0,0.3565787043590796,19.64342129564092,0.45864114483163576,0.7,1.1586411448316358,-0.2413588551683642
5.340232610702515,20.0,0.3731535884872637,19.626846411512737,0.45864114483163576,0.7,1.1586411448316358,-0.2413588551683642
5.360171318054199,20.0,0.386413495789811,19.61358650421019,0.45864114483163576,0.7,1.1586411448316358,-0.2413588551683642
5.3801398277282715,20.0,0.3970214216318488,19.602978578368152,0.45864114483163576,0.7,1.1586411448316358,-0.2413588551683642
5.400139331817627,20.0,0.4055077623054791,19.59449223769452,0.41775711943671917,0.6969520217273384,1.1147091411640575,-0.2791949022906192
5.420217275619507,20.0,0.4298749598443833,19.570125040155617,0.41775711943671917,0.6969520217273384,1.1147091411640575,-0.2791949022906192
5.440164089202881,20.0,0.5724155928755067,19.427584407124492,0.41775711943671917,0.6969520217273384,1.1147091411640575,-0.2791949022906192
5.460129737854004,20.0,0.8446512243004055,19.155348775699593,0.41775711943671917,0.6969520217273384,1.1147091411640575,-0.2791949022906192
5.480123281478882,20.0,0.8446512243004055,19.155348775699593,0.41775711943671917,0.6969520217273384,1.1147091411640575,-0.2791949022906192
5.50012469291687,20.0,1.0800178544403243,18.919982145559676,0.41775711943671917,0.6969520217273384,1.1147091411640575,-0.2791949022906192
5.520147323608398,20.0,1.2858892835522595,18.714110716447742,0.374703704764106,0.7,1.074703704764106,-0.32529629523589393
5.54013991355896,20.0,1.5033208018418076,18.49667919815819,0.374703704764106,0.7,1.074703704764106,-0.32529629523589393
5.560126543045044,20.0,1.800312891473446,18.199687108526554,0.374703704764106,0.7,1.074703704764106,-0.32529629523589393
5.58013391494751,20.0,2.1433753131787565,17.85662468682124,0.374703704764106,0.7,1.074703704764106,-0.32529629523589393
5.600125551223755,20.0,2.4705596255430056,17.529440374456996,0.374703704764106,0.7,1.074703704764106,-0.32529629523589393
5.620183944702148,20.0,2.8201977004344045,17.179802299565594,0.34147122447655415,0.7,1.041471224476554,-0.3585287755234458
5.640145540237427,20.0,3.240533160347524,16.759466839652475,0.34147122447655415,0.7,1.041471224476554,-0.3585287755234458
5.660128355026245,20.0,3.6998484032780197,16.30015159672198,0.34147122447655415,0.7,1.041471224476554,-0.3585287755234458
5.680121660232544,20.0,4.120034972622417,15.879965027377583,0.34147122447655415,0.7,1.041471224476554,-0.3585287755234458
5.700123071670532,20.0,4.120034972622417,15.879965027377583,0.34147122447655415,0.7,1.041471224476554,-0.3585287755234458
5.72025728225708,20.0,4.526496728097933,15.473503271902068,0.31652499680683827,0.7,1.0165249968068382,-0.3834750031931617
5.740143060684204,20.0,4.957134882478347,15.042865117521654,0.31652499680683827,0.7,1.0165249968068382,-0.3834750031931617
5.7601330280303955,20.0,5.389536030982677,14.610463969017323,0.31652499680683827,0.7,1.0165249968068382,-0.3834750031931617
5.780126571655273,20.0,5.788191324786143,14.211808675213856,0.31652499680683827,0.7,1.0165249968068382,-0.3834750031931617
5.800128221511841,20.0,6.195006184828915,13.804993815171084,0.31652499680683827,0.7,1.0165249968068382,-0.3834750031931617
5.8201680183410645,20.0,6.625926822863132,13.374073177136868,0.3661655815439007,0.7,1.0661655815439006,-0.33383441845609924
5.840158462524414,20.0,7.0409758332905055,12.959024166709494,0.3661655815439007,0.7,1.0661655815439006,-0.33383441845609924
5.860135793685913,20.0,7.443327541632406,12.556672458367593,0.3661655815439007,0.7,1.0661655815439006,-0.33383441845609924
5.880125045776367,20.0,7.800365158305924,12.199634841694076,0.3661655815439007,0.7,1.0661655815439006,-0.33383441845609924
5.900128602981567,20.0,8.10357337664474,11.89642662335526,0.3661655815439007,0.7,1.0661655815439006,-0.33383441845609924
5.9201340675354,20.0,8.10357337664474,11.89642662335526,0.3661655815439007,0.7,1.0661655815439006,-0.33383441845609924
5.940290927886963,20.0,8.328561826315791,11.671438173684209,0.3889394918577454,0.6999216623909887,1.088861154248734,-0.31098217053324334
5.960155248641968,20.0,8.526130711052632,11.473869288947368,0.3889394918577454,0.6999216623909887,1.088861154248734,-0.31098217053324334
5.980143070220947,20.0,8.666607693842106,11.333392306157894,0.3889394918577454,0.6999216623909887,1.088861154248734,-0.31098217053324334
6.000134706497192,20.0,8.778989280073686,11.221010719926314,0.3889394918577454,0.6999216623909887,1.088861154248734,-0.31098217053324334
6.020128965377808,20.0,8.85131642405895,11.14868357594105,0.3889394918577454,0.6999216623909887,1.088861154248734,-0.31098217053324334
6.040272951126099,20.0,8.90917813924716,11.09082186075284,0.36745028329358315,0.7,1.067450283293583,-0.3325497167064168
6.060180425643921,20.0,8.937889386397728,11.062110613602272,0.36745028329358315,0.7,1.067450283293583,-0.3325497167064168
6.080144882202148,20.0,8.960858384118183,11.039141615881817,0.36745028329358315,0.7,1.067450283293583,-0.3325497167064168
6.100219011306763,20.0,8.961655457294547,11.038344542705453,0.36745028329358315,0.7,1.067450283293583,-0.3325497167064168
6.12026309967041,20.0,8.962293115835639,11.037706884164361,0.36745028329358315,0.7,1.067450283293583,-0.3325497167064168
6.1402177810668945,20.0,8.962293115835639,11.037706884164361,0.36745028329358315,0.7,1.067450283293583,-0.3325497167064168
6.160184144973755,20.0,8.945225117668512,11.054774882331488,0.3403475316362164,0.7,1.0403475316362163,-0.35965246836378356
6.180259466171265,20.0,8.93157071913481,11.06842928086519,0.3403475316362164,0.7,1.0403475316362163,-0.35965246836378356
6.200239181518555,20.0,8.920647200307847,11.079352799692153,0.3403475316362164,0.7,1.0403475316362163,-0.35965246836378356
6.220215559005737,20.0,8.92948651024628,11.07051348975372,0.3403475316362164,0.7,1.0403475316362163,-0.35965246836378356
6.240144968032837,20.0,8.936557958197024,11.063442041802976,0.3403475316362164,0.7,1.0403475316362163,-0.35965246836378356
6.260127544403076,20.0,8.95979324155762,11.04020675844238,0.3403475316362164,0.7,1.0403475316362163,-0.35965246836378356
6.280285120010376,20.0,8.978381468246095,11.021618531753905,0.3552333064498088,0.7,1.0552333064498087,-0.34476669355019113
6.300248146057129,20.0,8.993252049596876,11.006747950403124,0.3552333064498088,0.7,1.0552333064498087,-0.34476669355019113
6.320256233215332,20.0,9.022726639677503,10.977273360322497,0.3552333064498088,0.7,1.0552333064498087,-0.34476669355019113
6.340291500091553,20.0,9.046306311742002,10.953693688257998,0.3552333064498088,0.7,1.0552333064498087,-0.34476669355019113
6.360189914703369,20.0,9.046306311742002,10.953693688257998,0.3552333064498088,0.7,1.0552333064498087,-0.34476669355019113
6.380136251449585,20.0,9.082748174393602,10.917251825606398,0.35845433679685806,0.7,1.058454336796858,-0.3415456632031419
6.400177240371704,20.0,9.094323539514882,10.905676460485118,0.35845433679685806,0.7,1.058454336796858,-0.3415456632031419
6.420166730880737,20.0,9.103583831611907,10.896416168388093,0.35845433679685806,0.7,1.058454336796858,-0.3415456632031419
6.440126657485962,20.0,9.110992065289526,10.889007934710474,0.3498366823540709,0.7,1.0498366823540708,-0.35016331764592906
6.460127592086792,20.0,9.116918652231623,10.883081347768377,0.3498366823540709,0.7,1.0498366823540708,-0.35016331764592906
6.480127573013306,20.0,9.1216599217853,10.8783400782147,0.3498366823540709,0.7,1.0498366823540708,-0.35016331764592906
6.500131130218506,20.0,9.125452937428241,10.874547062571759,0.30981731918916916,0.6666705876588821,0.9764879068480512,-0.35685326846971294
6.520132780075073,20.0,9.128487349942594,10.871512650057406,0.30981731918916916,0.6666705876588821,0.9764879068480512,-0.35685326846971294
6.540125846862793,20.0,9.130914879954076,10.869085120045924,0.3584357923017523,0.6862309079617261,1.0446667002634784,-0.3277951156599738
6.560125350952148,20.0,9.132856903963262,10.867143096036738,0.3584357923017523,0.6862309079617261,1.0446667002634784,-0.3277951156599738
6.580133438110352,20.0,9.132856903963262,10.867143096036738,0.369677015964844,0.7,1.0696770159648439,-0.330322984035156
6.600133657455444,20.0,9.134410523170612,10.865589476829388,0.369677015964844,0.7,1.0696770159648439,-0.330322984035156
6.620136499404907,20.0,9.13565341853649,10.86434658146351,0.369677015964844,0.7,1.0696770159648439,-0.330322984035156
6.640137672424316,20.0,9.136647734829195,10.863352265170805,0.33829580006466126,0.6984288134146481,1.0367246134793093,-0.3601330133499869
6.660131454467773,20.0,9.137443187863356,10.862556812136644,0.33829580006466126,0.6984288134146481,1.0367246134793093,-0.3601330133499869
6.68013072013855,20.0,9.138079550290687,10.861920449709313,0.3040185956405184,0.6620986350346356,0.966117230675154,-0.3580800393941172
6.700130224227905,20.0,9.13858864023255,10.86141135976745,0.3040185956405184,0.6620986350346356,0.966117230675154,-0.3580800393941172
6.720138072967529,20.0,9.138995912186042,10.861004087813958,0.3040185956405184,0.6620986350346356,0.966117230675154,-0.3580800393941172
6.740142107009888,20.0,9.139321729748834,10.860678270251166,0.3230116063849709,0.6807891503442078,1.0038007567291787,-0.35777754395923694
6.760180234909058,20.0,9.139582383799068,10.860417616200932,0.3230116063849709,0.6807891503442078,1.0038007567291787,-0.35777754395923694
6.780177593231201,20.0,9.139790907039256,10.860209092960744,0.31888189484641766,0.676386449066922,0.9952683439133396,-0.35750455422050437
6.800190448760986,20.0,9.139790907039256,10.860209092960744,0.31888189484641766,0.676386449066922,0.9952683439133396,-0.35750455422050437
6.820178747177124,20.0,9.139957725631406,10.860042274368594,0.31888189484641766,0.676386449066922,0.9952683439133396,-0.35750455422050437
6.840156078338623,20.0,9.140091180505125,10.859908819494875,0.31888189484641766,0.676386449066922,0.9952683439133396,-0.35750455422050437
6.860145568847656,20.0,9.1401979444041,10.8598020555959,0.31888189484641766,0.676386449066922,0.9952683439133396,-0.35750455422050437
6.880145072937012,20.0,9.140283355523282,10.859716644476718,0.30761622675971007,0.6921059485059231,0.9997221752656331,-0.38448972174621304
6.9001429080963135,20.0,9.157929809418626,10.842070190581374,0.30761622675971007,0.6921059485059231,0.9997221752656331,-0.38448972174621304
6.920140981674194,20.0,9.1720469725349,10.8279530274651,0.30761622675971007,0.6921059485059231,0.9997221752656331,-0.38448972174621304
6.940141916275024,20.0,9.183340703027921,10.816659296972079,0.3111179602918855,0.7,1.0111179602918854,-0.38888203970811447
6.960139751434326,20.0,9.209953812422338,10.790046187577662,0.3111179602918855,0.7,1.0111179602918854,-0.38888203970811447
6.980139970779419,20.0,9.24882242493787,10.75117757506213,0.3111179602918855,0.7,1.0111179602918854,-0.38888203970811447
7.000138759613037,20.0,9.332651689950296,10.667348310049704,0.3111179602918855,0.7,1.0111179602918854,-0.38888203970811447
7.020140171051025,20.0,9.332651689950296,10.667348310049704,0.3111179602918855,0.7,1.0111179602918854,-0.38888203970811447
7.040201425552368,20.0,9.452449476960238,10.547550523039762,0.2998998660249344,0.6870052700862288,0.9869051361111632,-0.3871054040612944
7.06023907661438,20.0,9.548287706568193,10.451712293431807,0.2998998660249344,0.6870052700862288,0.9869051361111632,-0.3871054040612944
7.080274343490601,20.0,9.624958290254552,10.375041709745448,0.2998998660249344,0.6870052700862288,0.9869051361111632,-0.3871054040612944
7.100273609161377,20.0,9.686294757203642,10.313705242796358,0.2998998660249344,0.6870052700862288,0.9869051361111632,-0.3871054040612944
7.120300531387329,20.0,9.717785805762913,10.282214194237087,0.2998998660249344,0.6870052700862288,0.9869051361111632,-0.3871054040612944
7.140263319015503,20.0,9.76055676961033,10.23944323038967,0.2998998660249344,0.6870052700862288,0.9869051361111632,-0.3871054040612944
7.160165786743164,20.0,9.794773540688267,10.205226459311733,0.2998998660249344,0.6870052700862288,0.9869051361111632,-0.3871054040612944
7.180132865905762,20.0,9.874881332550613,10.125118667449387,0.2998998660249344,0.6870052700862288,0.9869051361111632,-0.3871054040612944
7.200145721435547,20.0,9.99170194104049,10.00829805895951,0.26113953549691354,0.7,0.9611395354969134,-0.4388604645030864
7.220288276672363,20.0,10.102736552832393,9.897263447167607,0.26113953549691354,0.7,0.9611395354969134,-0.4388604645030864
7.240353345870972,20.0,10.102736552832393,9.897263447167607,0.26113953549691354,0.7,0.9611395354969134,-0.4388604645030864
7.26038384437561,20.0,10.191564242265917,9.808435757734083,0.26113953549691354,0.7,0.9611395354969134,-0.4388604645030864
7.280320644378662,20.0,10.262626393812734,9.737373606187266,0.26113953549691354,0.7,0.9611395354969134,-0.4388604645030864
7.3002119064331055,20.0,10.354632365050186,9.645367634949814,0.23945945237108385,0.7,0.9394594523710837,-0.4605405476289161
7.320305109024048,20.0,10.53370589204015,9.46629410795985,0.23945945237108385,0.7,0.9394594523710837,-0.4605405476289161
7.3402910232543945,20.0,10.81758971363212,9.18241028636788,0.23945945237108385,0.7,0.9394594523710837,-0.4605405476289161
7.360197305679321,20.0,11.132587395905698,8.867412604094302,0.23945945237108385,0.7,0.9394594523710837,-0.4605405476289161
7.3802549839019775,20.0,11.43731991672456,8.56268008327544,0.23416547166460072,0.7,0.9341654716646006,-0.46583452833539923
7.400155067443848,20.0,11.73384030837965,8.26615969162035,0.23416547166460072,0.7,0.9341654716646006,-0.46583452833539923
7.420204162597656,20.0,12.05894724670372,7.94105275329628,0.25600184748225724,0.6866166049614548,0.942618452443712,-0.4306147574791976
7.440140008926392,20.0,12.406923422362977,7.593076577637023,0.25600184748225724,0.6866166049614548,0.942618452443712,-0.4306147574791976
7.460154056549072,20.0,12.406923422362977,7.593076577637023,0.25600184748225724,0.6866166049614548,0.942618452443712,-0.4306147574791976
7.480147838592529,20.0,12.773194987890383,7.226805012109617,0.25600184748225724,0.6866166049614548,0.942618452443712,-0.4306147574791976
7.500144004821777,20.0,13.118946615312307,6.881053384687693,0.25600184748225724,0.6866166049614548,0.942618452443712,-0.4306147574791976
7.520139694213867,20.0,13.413126042249846,6.586873957750154,0.25600184748225724,0.6866166049614548,0.942618452443712,-0.4306147574791976
7.540268182754517,20.0,13.648469583799878,6.351530416200122,0.21168132001810586,0.6997023688629269,0.9113836888810327,-0.48802104884482106
7.56016731262207,20.0,13.836744417039904,6.163255582960096,0.21168132001810586,0.6997023688629269,0.9113836888810327,-0.48802104884482106
7.580153226852417,20.0,13.987364283631925,6.0126357163680755,0.21168132001810586,0.6997023688629269,0.9113836888810327,-0.48802104884482106
7.600143671035767,20.0,14.10786017690554,5.89213982309446,0.21168132001810586,0.6997023688629269,0.9113836888810327,-0.48802104884482106
7.620142936706543,20.0,14.204256891524434,5.795743108475566,0.21168132001810586,0.6997023688629269,0.9113836888810327,-0.48802104884482106
7.640131235122681,20.0,14.281374263219549,5.718625736780451,0.21168132001810586,0.6997023688629269,0.9113836888810327,-0.48802104884482106
7.6602678298950195,20.0,14.343068160575639,5.656931839424361,0.20146015813850676,0.7,0.9014601581385067,-0.4985398418614932
7.680152416229248,20.0,14.343068160575639,5.656931839424361,0.20146015813850676,0.7,0.9014601581385067,-0.4985398418614932
7.700135946273804,20.0,14.39242327846051,5.607576721539489,0.20146015813850676,0.7,0.9014601581385067,-0.4985398418614932
7.72013258934021,20.0,14.431907372768409,5.568092627231591,0.20146015813850676,0.7,0.9014601581385067,-0.4985398418614932
7.740134239196777,20.0,14.498650898214727,5.501349101785273,0.20146015813850676,0.7,0.9014601581385067,-0.4985398418614932
7.760129928588867,20.0,14.65751446857178,5.3424855314282205,0.20146015813850676,0.7,0.9014601581385067,-0.4985398418614932
7.780208349227905,20.0,14.942808449857424,5.057191550142576,0.20592245660998737,0.6833149835467338,0.8892374401567211,-0.47739252693674644
7.800273418426514,20.0,15.29409050988594,4.70590949011406,0.20592245660998737,0.6833149835467338,0.8892374401567211,-0.47739252693674644
7.820327997207642,20.0,15.627850532908754,4.372149467091246,0.20592245660998737,0.6833149835467338,0.8892374401567211,-0.47739252693674644
7.840241432189941,20.0,15.930014801327005,4.069985198672995,0.20592245660998737,0.6833149835467338,0.8892374401567211,-0.47739252693674644
7.8601672649383545,20.0,16.224480591061607,3.7755194089383934,0.22160975091435825,0.7,0.9216097509143582,-0.4783902490856417
7.8802409172058105,20.0,16.477631347849286,3.522368652150714,0.22160975091435825,0.7,0.9216097509143582,-0.4783902490856417
7.900269508361816,20.0,16.477631347849286,3.522368652150714,0.22160975091435825,0.7,0.9216097509143582,-0.4783902490856417
7.920321464538574,20.0,16.697730078279427,3.3022699217205727,0.22160975091435825,0.7,0.9216097509143582,-0.4783902490856417
7.94023585319519,20.0,16.873809062623543,3.1261909373764567,0.22160975091435825,0.7,0.9216097509143582,-0.4783902490856417
7.960147142410278,20.0,17.014672250098837,2.9853277499011632,0.22160975091435825,0.7,0.9216097509143582,-0.4783902490856417
7.980123996734619,20.0,17.12736280007907,2.8726371999209306,0.22160975091435825,0.7,0.9216097509143582,-0.4783902490856417
8.00012469291687,20.0,17.217515240063253,2.7824847599367466,0.22160975091435825,0.7,0.9216097509143582,-0.4783902490856417
8.020193815231323,20.0,17.289637192050606,2.7103628079493944,0.2034723573950759,0.7,0.9034723573950758,-0.49652764260492405
8.040167331695557,20.0,17.347334753640485,2.652665246359515,0.2034723573950759,0.7,0.9034723573950758,-0.49652764260492405
8.060143947601318,20.0,17.375914677912387,2.6240853220876126,0.2034723573950759,0.7,0.9034723573950758,-0.49652764260492405
8.080132246017456,20.0,17.41635674232991,2.58364325767009,0.2034723573950759,0.7,0.9034723573950758,-0.49652764260492405
8.10013198852539,20.0,17.44871039386393,2.55128960613607,0.22257440552391922,0.6710452258586883,0.8936196313826075,-0.4484708203347691
8.120205640792847,20.0,17.44871039386393,2.55128960613607,0.22257440552391922,0.6710452258586883,0.8936196313826075,-0.4484708203347691
8.140247821807861,20.0,17.474593315091145,2.5254066849088552,0.22257440552391922,0.6710452258586883,0.8936196313826075,-0.4484708203347691
8.160169839859009,20.0,17.495299652072916,2.504700347927084,0.22257440552391922,0.6710452258586883,0.8936196313826075,-0.4484708203347691
8.180131435394287,20.0,17.511864721658334,2.488135278341666,0.20129050329604065,0.6779166835360229,0.8792071868320634,-0.4766261802399822
8.200131177902222,20.0,17.50753865232667,2.4924613476733306,0.20129050329604065,0.6779166835360229,0.8792071868320634,-0.4766261802399822
8.220139980316162,20.0,17.521655921861335,2.478344078138665,0.20129050329604065,0.6779166835360229,0.8792071868320634,-0.4766261802399822
8.240134477615356,20.0,17.51537161248907,2.4846283875109307,0.20129050329604065,0.6779166835360229,0.8792071868320634,-0.4766261802399822
8.260130405426025,20.0,17.51034416499126,2.4896558350087403,0.20129050329604065,0.6779166835360229,0.8792071868320634,-0.4766261802399822
8.280339002609253,20.0,17.50632220699301,2.4936777930069915,0.202064568328642,0.6692913978360593,0.8713559661647012,-0.4672268295074173
8.300180196762085,20.0,17.503104640594408,2.496895359405592,0.202064568328642,0.6692913978360593,0.8713559661647012,-0.4672268295074173
8.320216417312622,20.0,17.500530587475527,2.4994694125244727,0.202064568328642,0.6692913978360593,0.8713559661647012,-0.4672268295074173
8.340198993682861,20.0,17.500530587475527,2.4994694125244727,0.202064568328642,0.6692913978360593,0.8713559661647012,-0.4672268295074173
8.36015796661377,20.0,17.498471344980423,2.5015286550195768,0.202064568328642,0.6692913978360593,0.8713559661647012,-0.4672268295074173
8.380130529403687,20.0,17.496823950984343,2.503176049015657,0.202064568328642,0.6692913978360593,0.8713559661647012,-0.4672268295074173
8.400131464004517,20.0,17.49550603578748,2.5044939642125215,0.202064568328642,0.6692913978360593,0.8713559661647012,-0.4672268295074173
8.420146942138672,20.0,17.49445170362998,2.5055482963700193,0.22750395737864887,0.6775281348265707,0.9050320922052195,-0.45002417744792184
8.440160751342773,20.0,17.493608237903988,2.506391762096012,0.22750395737864887,0.6775281348265707,0.9050320922052195,-0.45002417744792184
8.460134744644165,20.0,17.49293346532319,2.5070665346768095,0.22750395737864887,0.6775281348265707,0.9050320922052195,-0.45002417744792184
8.48012924194336,20.0,17.492393647258556,2.507606352741444,0.22750395737864887,0.6775281348265707,0.9050320922052195,-0.45002417744792184
8.500133275985718,20.0,17.491961792806848,2.5080382071931524,0.22750395737864887,0.6775281348265707,0.9050320922052195,-0.45002417744792184
8.520129680633545,20.0,17.49161630924548,2.5083836907545205,0.22750395737864887,0.6775281348265707,0.9050320922052195,-0.45002417744792184
8.540256261825562,20.0,17.49133992239638,2.5086600776036185,0.1987381746647588,0.6851309978403151,0.8838691725050738,-0.48639282317555627
8.560142517089844,20.0,17.49133992239638,2.5086600776036185,0.1987381746647588,0.6851309978403151,0.8838691725050738,-0.48639282317555627
8.58013653755188,20.0,17.491118812917108,2.508881187082892,0.1987381746647588,0.6851309978403151,0.8838691725050738,-0.48639282317555627
8.600131034851074,20.0,17.49094192533369,2.50905807466631,0.1987381746647588,0.6851309978403151,0.8838691725050738,-0.48639282317555627
8.620134115219116,20.0,17.490800415266953,2.5091995847330466,0.1987381746647588,0.6851309978403151,0.8838691725050738,-0.48639282317555627
8.640270709991455,20.0,17.490687207213565,2.509312792786435,0.18836947080024397,0.6885095809586346,0.8768790517588785,-0.5001401101583907
8.660184860229492,20.0,17.490596640770853,2.5094033592291467,0.18836947080024397,0.6885095809586346,0.8768790517588785,-0.5001401101583907
8.680145740509033,20.0,17.490524187616682,2.509475812383318,0.18836947080024397,0.6885095809586346,0.8768790517588785,-0.5001401101583907
8.700131893157959,20.0,17.49046622509335,2.50953377490665,0.18836947080024397,0.6885095809586346,0.8768790517588785,-0.5001401101583907
8.720136880874634,20.0,17.49041985507468,2.5095801449253194,0.18836947080024397,0.6885095809586346,0.8768790517588785,-0.5001401101583907
8.740135669708252,20.0,17.490382759059745,2.509617240940255,0.18836947080024397,0.6885095809586346,0.8768790517588785,-0.5001401101583907
8.760312795639038,20.0,17.490353082247797,2.509646917752203,0.19395988961958205,0.7,0.893959889619582,-0.506040110380418
8.78015923500061,20.0,17.490353082247797,2.509646917752203,0.19395988961958205,0.7,0.893959889619582,-0.506040110380418
8.80013370513916,20.0,17.50790746579824,2.4920925342017597,0.19395988961958205,0.7,0.893959889619582,-0.506040110380418
8.820148944854736,20.0,17.521950972638592,2.4780490273614078,0.19395988961958205,0.7,0.893959889619582,-0.506040110380418
8.840177059173584,20.0,17.533185778110877,2.4668142218891234,0.19395988961958205,0.7,0.893959889619582,-0.506040110380418
8.860194683074951,20.0,17.577329872488704,2.422670127511296,0.19395988961958205,0.7,0.893959889619582,-0.506040110380418
8.880186796188354,20.0,17.700535772990964,2.299464227009036,0.17676698757612025,0.7,0.8767669875761201,-0.5232330124238798
8.900247812271118,20.0,17.85183486839277,2.1481651316072288,0.17676698757612025,0.7,0.8767669875761201,-0.5232330124238798
8.920274019241333,20.0,17.97287414471422,2.0271258552857816,0.17676698757612025,0.7,0.8767669875761201,-0.5232330124238798
8.940258502960205,20.0,18.069705565771375,1.9302944342286246,0.17676698757612025,0.7,0.8767669875761201,-0.5232330124238798
8.960248708724976,20.0,18.1823269526171,1.8176730473829004,0.17676698757612025,0.7,0.8767669875761201,-0.5232330124238798
8.980174779891968,20.0,18.30758031209368,1.6924196879063196,0.17676698757612025,0.7,0.8767669875761201,-0.5232330124238798
9.000133752822876,20.0,18.30758031209368,1.6924196879063196,0.17676698757612025,0.7,0.8767669875761201,-0.5232330124238798
9.020132780075073,20.0,18.478095499674946,1.5219045003250535,0.17676698757612025,0.7,0.8767669875761201,-0.5232330124238798
9.04016375541687,20.0,18.66724202473996,1.3327579752600407,0.17640398187257228,0.7,0.8764039818725722,-0.5235960181274277
9.06018853187561,20.0,18.871293619791967,1.1287063802080333,0.17640398187257228,0.7,0.8764039818725722,-0.5235960181274277
9.080217361450195,20.0,19.069691145833573,0.9303088541664266,0.17640398187257228,0.7,0.8764039818725722,-0.5235960181274277
9.100208044052124,20.0,19.245987291666864,0.7540127083331356,0.17640398187257228,0.7,0.8764039818725722,-0.5235960181274277
9.12017035484314,20.0,19.387024208333493,0.6129757916665071,0.17640398187257228,0.7,0.8764039818725722,-0.5235960181274277
9.140151023864746,20.0,19.499853741666794,0.5001462583332064,0.17640398187257228,0.7,0.8764039818725722,-0.5235960181274277
9.1601402759552,20.0,19.607695493333434,0.3923045066665658,0.17640398187257228,0.7,0.8764039818725722,-0.5235960181274277
9.180195569992065,20.0,19.69396889466675,0.3060311053332505,0.15390228410877166,0.6839311596006155,0.8378334437093871,-0.5300288754918439
9.200147867202759,20.0,19.745409490733405,0.25459050926659543,0.15390228410877166,0.6839311596006155,0.8378334437093871,-0.5300288754918439
9.220189809799194,20.0,19.745409490733405,0.25459050926659543,0.15390228410877166,0.6839311596006155,0.8378334437093871,-0.5300288754918439
9.240234136581421,20.0,19.786561967586724,0.21343803241327564,0.15390228410877166,0.6839311596006155,0.8378334437093871,-0.5300288754918439
9.260185241699219,20.0,19.837062074069383,0.16293792593061696,0.14111548592962203,0.6455007556825876,0.7866162416122096,-0.5043852697529656
9.28024673461914,20.0,19.859884034255508,0.14011596574449214,0.14111548592962203,0.6455007556825876,0.7866162416122096,-0.5043852697529656
9.300256967544556,20.0,19.89571972740441,0.10428027259559158,0.14111548592962203,0.6455007556825876,0.7866162416122096,-0.5043852697529656
9.320235013961792,20.0,19.977122656923527,0.022877343076473267,0.14111548592962203,0.6455007556825876,0.7866162416122096,-0.5043852697529656
9.340190649032593,20.0,20.094979375538824,-0.09497937553882352,0.14111548592962203,0.6455007556825876,0.7866162416122096,-0.5043852697529656
9.36027717590332,20.0,20.259577250431057,-0.2595772504310574,0.15970375692166267,0.6446946071111597,0.8043983640328223,-0.484990850189497
9.38027024269104,20.0,20.426411800344848,-0.42641180034484805,0.15970375692166267,0.6446946071111597,0.8043983640328223,-0.484990850189497
9.400172710418701,20.0,20.595035690275882,-0.595035690275882,0.15970375692166267,0.6446946071111597,0.8043983640328223,-0.484990850189497
9.420138120651245,20.0,20.747512927220704,-0.7475129272207042,0.15970375692166267,0.6446946071111597,0.8043983640328223,-0.484990850189497
9.44014048576355,20.0,20.747512927220704,-0.7475129272207042,0.16376189212940512,0.6354231642209924,0.7991850563503975,-0.4716612720915873
9.460139751434326,20.0,20.869494716776565,-0.8694947167765648,0.16376189212940512,0.6354231642209924,0.7991850563503975,-0.4716612720915873
9.480130672454834,20.0,20.967080148421253,-0.9670801484212532,0.13745848532460508,0.6318808641401119,0.7693393494647169,-0.4944223788155068
9.500139951705933,20.0,21.045148493737003,-1.0451484937370026,0.13745848532460508,0.6318808641401119,0.7693393494647169,-0.4944223788155068
9.520140886306763,20.0,21.107603169989602,-1.107603169989602,0.13745848532460508,0.6318808641401119,0.7693393494647169,-0.4944223788155068
9.540138006210327,20.0,21.157566910991683,-1.157566910991683,0.1535156767412263,0.6335776731022633,0.7870933498434896,-0.480061996361037
9.560138940811157,20.0,21.197537903793346,-1.1975379037933465,0.1535156767412263,0.6335776731022633,0.7870933498434896,-0.480061996361037
9.580132246017456,20.0,21.229514698034677,-1.2295146980346772,0.14243340562723456,0.6246612485148944,0.7670946541421289,-0.4822278428876598
9.600139617919922,20.0,21.25509613342774,-1.2550961334277417,0.14243340562723456,0.6246612485148944,0.7670946541421289,-0.4822278428876598
9.620147705078125,20.0,21.275561281742192,-1.275561281742192,0.14243340562723456,0.6246612485148944,0.7670946541421289,-0.4822278428876598
9.640140771865845,20.0,21.291933400393752,-1.2919334003937522,0.14989396068893251,0.5958965628989972,0.7457905235879296,-0.44600260221006466
9.660143852233887,20.0,21.291933400393752,-1.2919334003937522,0.14989396068893251,0.5958965628989972,0.7457905235879296,-0.44600260221006466
9.68013620376587,20.0,21.305031095315,-1.3050310953150017,0.14989396068893251,0.5958965628989972,0.7457905235879296,-0.44600260221006466
9.700138807296753,20.0,21.315509251252,-1.3155092512519992,0.13491558540306864,0.5963996989186853,0.7313152843217539,-0.46148411351561663
9.720146656036377,20.0,21.323891776001602,-1.3238917760016022,0.13491558540306864,0.5963996989186853,0.7313152843217539,-0.46148411351561663
9.740144968032837,20.0,21.330597795801282,-1.3305977958012818,0.1165290314301091,0.593325082026422,0.709854113456531,-0.47679605059631286
9.760143995285034,20.0,21.335962611641026,-1.3359626116410261,0.1165290314301091,0.593325082026422,0.709854113456531,-0.47679605059631286
9.780142545700073,20.0,21.34025446431282,-1.340254464312821,0.1165290314301091,0.593325082026422,0.709854113456531,-0.47679605059631286
9.800145626068115,20.0,21.34368794645026,-1.3436879464502596,0.1066335847198206,0.580921259522438,0.6875548442422585,-0.4742876748026174
9.820146799087524,20.0,21.364012857160205,-1.3640128571602048,0.1066335847198206,0.580921259522438,0.6875548442422585,-0.4742876748026174
9.840148687362671,20.0,21.380272785728167,-1.3802727857281667,0.1066335847198206,0.580921259522438,0.6875548442422585,-0.4742876748026174
9.860146045684814,20.0,21.393280728582532,-1.393280728582532,0.06593481801144657,0.578328257240355,0.6442630752518015,-0.5123934392289085
9.880146503448486,20.0,21.393280728582532,-1.393280728582532,0.06593481801144657,0.578328257240355,0.6442630752518015,-0.5123934392289085
9.900144815444946,20.0,21.42126520786603,-1.4212652078660284,0.06593481801144657,0.578328257240355,0.6442630752518015,-0.5123934392289085
9.920145034790039,20.0,21.443652791292827,-1.443652791292827,0.06593481801144657,0.578328257240355,0.6442630752518015,-0.5123934392289085
9.940148115158081,20.0,21.531875358034263,-1.531875358034263,0.06593481801144657,0.578328257240355,0.6442630752518015,-0.5123934392289085
9.960148334503174,20.0,21.672765911427412,-1.6727659114274118,0.06593481801144657,0.578328257240355,0.6442630752518015,-0.5123934392289085
9.980139970779419,20.0,21.87336897914193,-1.8733689791419295,0.06593481801144657,0.578328257240355,0.6442630752518015,-0.5123934392289085
10.000154733657837,-20.0,22.121742058313547,-42.121742058313544,0.04860474146596966,0.6007378155365586,0.6493425570025282,-0.552133074070589
10.020251274108887,-20.0,22.390753021650838,-42.39075302165084,0.04860474146596966,0.6007378155365586,0.6493425570025282,-0.552133074070589
10.040323257446289,-20.0,22.693852417320674,-42.69385241732067,0.04860474146596966,0.6007378155365586,0.6493425570025282,-0.552133074070589
10.060293436050415,-20.0,23.006644433856536,-43.006644433856536,0.04860474146596966,0.6007378155365586,0.6493425570025282,-0.552133074070589
10.080222606658936,-20.0,23.30961242208523,-43.30961242208523,0.04860474146596966,0.6007378155365586,0.6493425570025282,-0.552133074070589
10.100167512893677,-20.0,23.30961242208523,-43.30961242208523,0.09452567971937237,0.5705003475770354,0.6650260272964077,-0.475974667857663
10.12021803855896,-20.0,23.622299312668186,-43.62229931266819,0.09452567971937237,0.5705003475770354,0.6650260272964077,-0.475974667857663
10.14025616645813,-20.0,23.942761325134555,-43.942761325134555,0.09452567971937237,0.5705003475770354,0.6650260272964077,-0.475974667857663
10.160272121429443,-20.0,24.287021560107643,-44.28702156010765,0.09452567971937237,0.5705003475770354,0.6650260272964077,-0.475974667857663
10.180193185806274,-20.0,24.650320373086114,-44.65032037308612,0.09452567971937237,0.5705003475770354,0.6650260272964077,-0.475974667857663
10.200125932693481,-20.0,25.011271923468893,-45.0112719234689,0.09452567971937237,0.5705003475770354,0.6650260272964077,-0.475974667857663
10.22015380859375,-20.0,25.300033163775115,-45.30003316377511,0.09452567971937237,0.5705003475770354,0.6650260272964077,-0.475974667857663
10.240139961242676,-20.0,25.531042156020092,-45.53104215602009,0.14977084077589092,0.525379210524261,0.6751500513001518,-0.37560836974837003
10.260200023651123,-20.0,25.715849349816075,-45.715849349816075,0.14977084077589092,0.525379210524261,0.6751500513001518,-0.37560836974837003
10.280163288116455,-20.0,25.863695104852862,-45.863695104852866,0.14977084077589092,0.525379210524261,0.6751500513001518,-0.37560836974837003
10.300129413604736,-20.0,25.98197170888229,-45.98197170888229,0.14977084077589092,0.525379210524261,0.6751500513001518,-0.37560836974837003
10.320127248764038,-20.0,25.98197170888229,-45.98197170888229,0.14977084077589092,0.525379210524261,0.6751500513001518,-0.37560836974837003
10.34012746810913,-20.0,26.076592992105837,-46.07659299210584,0.14977084077589092,0.525379210524261,0.6751500513001518,-0.37560836974837003
10.360126972198486,-20.0,26.15229001868467,-46.15229001868467,0.14977084077589092,0.525379210524261,0.6751500513001518,-0.37560836974837003
10.380187511444092,-20.0,26.19526951494774,-46.19526951494774,0.21977084077589093,0.5129479261115193,0.7327187668874102,-0.29317708533562836
10.400142669677734,-20.0,26.19449686195819,-46.194496861958186,0.21977084077589093,0.5129479261115193,0.7327187668874102,-0.29317708533562836
10.420128583908081,-20.0,26.123566239566554,-46.12356623956656,0.21977084077589093,0.5129479261115193,0.7327187668874102,-0.29317708533562836
10.44012713432312,-20.0,25.926196741653246,-45.92619674165324,0.21977084077589093,0.5129479261115193,0.7327187668874102,-0.29317708533562836
10.460137367248535,-20.0,25.6804105183226,-45.6804105183226,0.21977084077589093,0.5129479261115193,0.7327187668874102,-0.29317708533562836
10.480272054672241,-20.0,25.413469039658082,-45.41346903965808,0.2364554120569664,0.49082227405160656,0.727277686108573,-0.25436686199464015
10.500174522399902,-20.0,25.076868981726467,-45.07686898172646,0.2364554120569664,0.49082227405160656,0.727277686108573,-0.25436686199464015
10.520144701004028,-20.0,24.649385810381176,-44.649385810381176,0.2364554120569664,0.49082227405160656,0.727277686108573,-0.25436686199464015
10.540127992630005,-20.0,24.649385810381176,-44.649385810381176,0.2364554120569664,0.49082227405160656,0.727277686108573,-0.25436686199464015
10.560136079788208,-20.0,24.18435239830494,-44.18435239830494,0.2364554120569664,0.49082227405160656,0.727277686108573,-0.25436686199464015
10.580129861831665,-20.0,23.689278793643954,-43.68927879364395,0.2364554120569664,0.49082227405160656,0.727277686108573,-0.25436686199464015
10.600302457809448,-20.0,23.135016784915162,-43.135016784915166,0.263954640772863,0.47317033428698774,0.7371249750598508,-0.20921569351412472
10.620166778564453,-20.0,22.55098217793213,-42.55098217793213,0.263954640772863,0.47317033428698774,0.7371249750598508,-0.20921569351412472
10.640138864517212,-20.0,21.978285742345705,-41.978285742345705,0.263954640772863,0.47317033428698774,0.7371249750598508,-0.20921569351412472
10.660138607025146,-20.0,21.520128593876564,-41.520128593876564,0.263954640772863,0.47317033428698774,0.7371249750598508,-0.20921569351412472
10.680132150650024,-20.0,21.153602875101253,-41.15360287510126,0.263954640772863,0.47317033428698774,0.7371249750598508,-0.20921569351412472
10.700126886367798,-20.0,20.860382300081007,-40.86038230008101,0.263954640772863,0.47317033428698774,0.7371249750598508,-0.20921569351412472
10.720306396484375,-20.0,20.608227715064807,-40.60822771506481,0.3165677463977772,0.4061521233990788,0.722719869796856,-0.08958437700130162
10.740172624588013,-20.0,20.318613422051847,-40.31861342205185,0.3165677463977772,0.4061521233990788,0.722719869796856,-0.08958437700130162
10.760145425796509,-20.0,20.318613422051847,-40.31861342205185,0.3165677463977772,0.4061521233990788,0.722719869796856,-0.08958437700130162
10.780131101608276,-20.0,19.999031362641478,-39.999031362641475,0.3165677463977772,0.4061521233990788,0.722719869796856,-0.08958437700130162
10.800127029418945,-20.0,19.690631340113185,-39.690631340113185,0.3165677463977772,0.4061521233990788,0.722719869796856,-0.08958437700130162
10.820127248764038,-20.0,19.320864447090546,-39.32086444709054,0.3165677463977772,0.4061521233990788,0.722719869796856,-0.08958437700130162
10.840264797210693,-20.0,18.761379057672436,-38.761379057672436,0.3784302300184208,0.37782451491802926,0.7562547449364501,0.0006057151003915351
10.86025595664978,-20.0,17.94465012113795,-37.944650121137954,0.3784302300184208,0.37782451491802926,0.7562547449364501,0.0006057151003915351
10.88020920753479,-20.0,17.01001697191036,-37.01001697191036,0.3784302300184208,0.37782451491802926,0.7562547449364501,0.0006057151003915351
10.900147438049316,-20.0,16.121685452528286,-36.12168545252828,0.3784302300184208,0.37782451491802926,0.7562547449364501,0.0006057151003915351
10.920128583908081,-20.0,15.323129612022631,-35.32312961202263,0.3784302300184208,0.37782451491802926,0.7562547449364501,0.0006057151003915351
10.94013524055481,-20.0,14.526081814618104,-34.5260818146181,0.3784302300184208,0.37782451491802926,0.7562547449364501,0.0006057151003915351
10.960134267807007,-20.0,13.642349826694485,-33.642349826694485,0.3784302300184208,0.37782451491802926,0.7562547449364501,0.0006057151003915351
10.980261087417603,-20.0,13.642349826694485,-33.642349826694485,0.3307390114634472,0.30782451491802926,0.6385635263814764,0.02291449654541794
11.000160217285156,-20.0,12.68927048635559,-32.68927048635559,0.3307390114634472,0.30782451491802926,0.6385635263814764,0.02291449654541794
11.020150661468506,-20.0,11.768603889084472,-31.768603889084474,0.3307390114634472,0.30782451491802926,0.6385635263814764,0.02291449654541794
11.0401451587677,-20.0,10.979336236267578,-30.979336236267578,0.3307390114634472,0.30782451491802926,0.6385635263814764,0.02291449654541794
11.06014347076416,-20.0,10.260031489014063,-30.26003148901406,0.3307390114634472,0.30782451491802926,0.6385635263814764,0.02291449654541794
11.08014988899231,-20.0,9.59669706621125,-29.59669706621125,0.3307390114634472,0.30782451491802926,0.6385635263814764,0.02291449654541794
11.100269079208374,-20.0,8.907826402969,-28.907826402969,0.32516157621212183,0.33288651715964074,0.6580480933717625,-0.00772494094751891
11.120182514190674,-20.0,8.180948622375201,-28.1809486223752,0.32516157621212183,0.33288651715964074,0.6580480933717625,-0.00772494094751891
11.140148162841797,-20.0,7.49397764790016,-27.49397764790016,0.32516157621212183,0.33288651715964074,0.6580480933717625,-0.00772494094751891
11.160130500793457,-20.0,6.9268227433201295,-26.92682274332013,0.32516157621212183,0.33288651715964074,0.6580480933717625,-0.00772494094751891
11.180134057998657,-20.0,6.473098819656104,-26.473098819656105,0.32516157621212183,0.33288651715964074,0.6580480933717625,-0.00772494094751891
11.200125932693481,-20.0,6.473098819656104,-26.473098819656105,0.32516157621212183,0.33288651715964074,0.6580480933717625,-0.00772494094751891
11.220264673233032,-20.0,6.127697805724884,-26.127697805724885,0.34925200039215265,0.29743428539484734,0.6466862857869999,0.05181771499730531
11.24022364616394,-20.0,5.851376994579907,-25.85137699457991,0.34925200039215265,0.29743428539484734,0.6466862857869999,0.05181771499730531
11.260210514068604,-20.0,5.630320345663925,-25.630320345663925,0.34925200039215265,0.29743428539484734,0.6466862857869999,0.05181771499730531
11.280144214630127,-20.0,5.453475026531141,-25.45347502653114,0.34925200039215265,0.29743428539484734,0.6466862857869999,0.05181771499730531
11.300122737884521,-20.0,5.311998771224912,-25.311998771224914,0.34925200039215265,0.29743428539484734,0.6466862857869999,0.05181771499730531
11.320133447647095,-20.0,5.198817766979929,-25.19881776697993,0.34925200039215265,0.29743428539484734,0.6466862857869999,0.05181771499730531
11.340135097503662,-20.0,5.108272963583944,-25.108272963583943,0.34925200039215265,0.29743428539484734,0.6466862857869999,0.05181771499730531
11.360260486602783,-20.0,5.035837120867154,-25.035837120867154,0.3494709761864214,0.2274342853948473,0.5769052615812688,0.12203669079157412
11.380173921585083,-20.0,4.977888446693724,-24.977888446693726,0.3494709761864214,0.2274342853948473,0.5769052615812688,0.12203669079157412
11.400178909301758,-20.0,4.931529507354979,-24.93152950735498,0.3494709761864214,0.2274342853948473,0.5769052615812688,0.12203669079157412
11.420180320739746,-20.0,4.931529507354979,-24.93152950735498,0.3494709761864214,0.2274342853948473,0.5769052615812688,0.12203669079157412
11.440144062042236,-20.0,4.894442355883983,-24.89444235588398,0.3494709761864214,0.2274342853948473,0.5769052615812688,0.12203669079157412
11.460134506225586,-20.0,4.864772634707187,-24.864772634707187,0.3494709761864214,0.2274342853948473,0.5769052615812688,0.12203669079157412
11.480145692825317,-20.0,4.80588060776575,-24.80588060776575,0.41947097618642143,0.15743428539484733,0.5769052615812688,0.2620366907915741
11.500268936157227,-20.0,4.6005638612126,-24.6005638612126,0.41947097618642143,0.15743428539484733,0.5769052615812688,0.2620366907915741
11.520250797271729,-20.0,4.155060463970081,-24.15506046397008,0.41947097618642143,0.15743428539484733,0.5769052615812688,0.2620366907915741
11.540249109268188,-20.0,3.4998296211760653,-23.499829621176065,0.41947097618642143,0.15743428539484733,0.5769052615812688,0.2620366907915741
11.560278177261353,-20.0,2.747129321940853,-22.747129321940854,0.41947097618642143,0.15743428539484733,0.5769052615812688,0.2620366907915741
11.580226182937622,-20.0,1.9867659575526821,-21.98676595755268,0.41947097618642143,0.15743428539484733,0.5769052615812688,0.2620366907915741
11.600123643875122,-20.0,1.1323815160421458,-21.132381516042145,0.41947097618642143,0.15743428539484733,0.5769052615812688,0.2620366907915741
11.620127201080322,-20.0,0.06215521283371674,-20.062155212833716,0.41947097618642143,0.15743428539484733,0.5769052615812688,0.2620366907915741
11.64026665687561,-20.0,0.06215521283371674,-20.062155212833716,0.4364528014189272,0.1263073037937283,0.5627601052126555,0.31014549762519894
11.66016173362732,-20.0,-1.2686352047330267,-18.731364795266973,0.4364528014189272,0.1263073037937283,0.5627601052126555,0.31014549762519894
11.68013334274292,-20.0,-2.7375644137864215,-17.262435586213577,0.4364528014189272,0.1263073037937283,0.5627601052126555,0.31014549762519894
11.700119733810425,-20.0,-4.1588015310291375,-15.841198468970862,0.4364528014189272,0.1263073037937283,0.5627601052126555,0.31014549762519894
11.720121622085571,-20.0,-5.4364162248233106,-14.563583775176689,0.4364528014189272,0.1263073037937283,0.5627601052126555,0.31014549762519894
11.740124940872192,-20.0,-6.616711104858648,-13.383288895141352,0.45560287226500795,0.06506728637963527,0.5206701586446432,0.3905355858853727
11.76020860671997,-20.0,-7.75430638388692,-12.24569361611308,0.45560287226500795,0.06506728637963527,0.5206701586446432,0.3905355858853727
11.780154466629028,-20.0,-8.875320107109538,-11.124679892890462,0.45560287226500795,0.06506728637963527,0.5206701586446432,0.3905355858853727
11.800126552581787,-20.0,-9.912756085687631,-10.087243914312369,0.45560287226500795,0.06506728637963527,0.5206701586446432,0.3905355858853727
11.82012939453125,-20.0,-10.830595493550105,-9.169404506449895,0.45560287226500795,0.06506728637963527,0.5206701586446432,0.3905355858853727
11.840130805969238,-20.0,-11.687913894840083,-8.312086105159917,0.45560287226500795,0.06506728637963527,0.5206701586446432,0.3905355858853727
11.86025619506836,-20.0,-11.687913894840083,-8.312086105159917,0.4185543014532595,0.00606518123298877,0.4246194826862483,0.41248912022027073
11.880151987075806,-20.0,-12.567127990872068,-7.432872009127932,0.4185543014532595,0.00606518123298877,0.4246194826862483,0.41248912022027073
11.900133609771729,-20.0,-13.499014892697655,-6.500985107302345,0.4185543014532595,0.00606518123298877,0.4246194826862483,0.41248912022027073
11.92013168334961,-20.0,-14.437883789158127,-5.562116210841873,0.4185543014532595,0.00606518123298877,0.4246194826862483,0.41248912022027073
11.94014835357666,-20.0,-15.3120257813265,-4.687974218673499,0.4185543014532595,0.00606518123298877,0.4246194826862483,0.41248912022027073
11.960137367248535,-20.0,-16.0992300000612,-3.900769999938799,0.41098305590960077,0.0,0.41098305590960077,0.41098305590960077
11.980216264724731,-20.0,-16.85204025004896,-3.1479597499510383,0.41098305590960077,0.0,0.41098305590960077,0.41098305590960077
12.000153303146362,-20.0,-17.57733532503917,-2.4226646749608314,0.41098305590960077,0.0,0.41098305590960077,0.41098305590960077
12.020132541656494,-20.0,-18.298196385031336,-1.7018036149686644,0.41098305590960077,0.0,0.41098305590960077,0.41098305590960077
12.040216207504272,-20.0,-18.99793210802507,-1.0020678919749315,0.41098305590960077,0.0,0.41098305590960077,0.41098305590960077
12.06023097038269,-20.0,-19.680767561420055,-0.3192324385799452,0.41098305590960077,0.0,0.41098305590960077,0.41098305590960077
12.08015489578247,-20.0,-19.680767561420055,-0.3192324385799452,0.41098305590960077,0.0,0.41098305590960077,0.41098305590960077
12.100157499313354,-20.0,-20.385239049136043,0.3852390491360431,0.4358856995454698,0.0,0.4358856995454698,0.4358856995454698
12.12020206451416,-20.0,-21.107019364308837,1.1070193643088366,0.4358856995454698,0.0,0.4358856995454698,0.4358856995454698
12.140159606933594,-20.0,-21.789912366447073,1.7899123664470729,0.4358856995454698,0.0,0.4358856995454698,0.4358856995454698
12.160139083862305,-20.0,-22.37138301815766,2.3713830181576583,0.4358856995454698,0.0,0.4358856995454698,0.4358856995454698
12.180129051208496,-20.0,-22.83655953952613,2.8365595395261316,0.4358856995454698,0.0,0.4358856995454698,0.4358856995454698
12.200124263763428,-20.0,-23.191122631620903,3.191122631620903,0.4358856995454698,0.0,0.4358856995454698,0.4358856995454698
12.220258235931396,-20.0,-23.492351230296727,3.492351230296727,0.4424351650154858,0.007399837952107192,0.449835002967593,0.4350353270633786
12.240145921707153,-20.0,-23.750912234237383,3.750912234237383,0.4424351650154858,0.007399837952107192,0.449835002967593,0.4350353270633786
12.260137557983398,-20.0,-23.975339162389908,3.9753391623899077,0.4424351650154858,0.007399837952107192,0.449835002967593,0.4350353270633786
12.280131101608276,-20.0,-24.15488070491193,4.154880704911928,0.4424351650154858,0.007399837952107192,0.449835002967593,0.4350353270633786
12.30014419555664,-20.0,-24.15488070491193,4.154880704911928,0.4424351650154858,0.007399837952107192,0.449835002967593,0.4350353270633786
12.320255041122437,-20.0,-24.316092063929542,4.316092063929542,0.43845475892114333,0.012704816646873951,0.4511595755680173,0.4257499422742694
12.340250492095947,-20.0,-24.462639276143634,4.4626392761436335,0.43845475892114333,0.012704816646873951,0.4511595755680173,0.4257499422742694
12.36025619506836,-20.0,-24.597455170914913,4.5974551709149125,0.43845475892114333,0.012704816646873951,0.4511595755680173,0.4257499422742694
12.380221605300903,-20.0,-24.75804226173193,4.75804226173193,0.43845475892114333,0.012704816646873951,0.4511595755680173,0.4257499422742694
12.400154113769531,-20.0,-24.921668184385545,4.921668184385545,0.43845475892114333,0.012704816646873951,0.4511595755680173,0.4257499422742694
12.420148372650146,-20.0,-25.105303297508442,5.105303297508442,0.43845475892114333,0.012704816646873951,0.4511595755680173,0.4257499422742694
12.440140724182129,-20.0,-25.287367638006753,5.287367638006753,0.43845475892114333,0.012704816646873951,0.4511595755680173,0.4257499422742694
12.460265874862671,-20.0,-25.468175360405404,5.468175360405404,0.4193164711682766,0.014888870296999814,0.4342053414652764,0.40442760087127677
12.480163335800171,-20.0,-25.630399663324326,5.630399663324326,0.4193164711682766,0.014888870296999814,0.4342053414652764,0.40442760087127677
12.500139951705933,-20.0,-25.76017910565946,5.760179105659461,0.4193164711682766,0.014888870296999814,0.4342053414652764,0.40442760087127677
12.520131587982178,-20.0,-25.76017910565946,5.760179105659461,0.4193164711682766,0.014888870296999814,0.4342053414652764,0.40442760087127677
12.54013180732727,-20.0,-25.86400265952757,5.864002659527571,0.4193164711682766,0.014888870296999814,0.4342053414652764,0.40442760087127677
12.560133695602417,-20.0,-25.94706150262206,5.947061502622059,0.4193164711682766,0.014888870296999814,0.4342053414652764,0.40442760087127677
12.580151796340942,-20.0,-26.013508577097646,6.013508577097646,0.418200256498967,0.03822312760166824,0.45642338410063527,0.3799771288972988
12.600134134292603,-20.0,-26.066666236678117,6.066666236678117,0.418200256498967,0.03822312760166824,0.45642338410063527,0.3799771288972988
12.620126485824585,-20.0,-26.109192364342498,6.109192364342498,0.418200256498967,0.03822312760166824,0.45642338410063527,0.3799771288972988
12.640135049819946,-20.0,-26.143213266474,6.143213266474,0.418200256498967,0.03822312760166824,0.45642338410063527,0.3799771288972988
12.660127639770508,-20.0,-26.170429988179205,6.170429988179205,0.418200256498967,0.03822312760166824,0.45642338410063527,0.3799771288972988
12.680284976959229,-20.0,-26.192203365543364,6.192203365543364,0.42392098830125174,0.02712786174379289,0.45104885004504464,0.39679312655745885
12.70017671585083,-20.0,-26.20962206743469,6.20962206743469,0.42392098830125174,0.02712786174379289,0.45104885004504464,0.39679312655745885
12.720146894454956,-20.0,-26.223557028947752,6.223557028947752,0.42392098830125174,0.02712786174379289,0.45104885004504464,0.39679312655745885
12.740123748779297,-20.0,-26.223557028947752,6.223557028947752,0.42392098830125174,0.02712786174379289,0.45104885004504464,0.39679312655745885
12.76012659072876,-20.0,-26.234704998158204,6.234704998158204,0.42392098830125174,0.02712786174379289,0.45104885004504464,0.39679312655745885
12.78013563156128,-20.0,-26.243623373526564,6.243623373526564,0.42392098830125174,0.02712786174379289,0.45104885004504464,0.39679312655745885
12.800288200378418,-20.0,-26.250758073821256,6.250758073821256,0.40043396242937884,0.007679516216740012,0.40811347864611885,0.39275444621263883
12.820163488388062,-20.0,-26.256465834057007,6.256465834057007,0.40043396242937884,0.007679516216740012,0.40811347864611885,0.39275444621263883
12.840144395828247,-20.0,-26.261032042245606,6.261032042245606,0.40043396242937884,0.007679516216740012,0.40811347864611885,0.39275444621263883
12.860148429870605,-20.0,-26.247106883796487,6.247106883796487,0.40043396242937884,0.007679516216740012,0.40811347864611885,0.39275444621263883
12.880138397216797,-20.0,-26.23596675703719,6.23596675703719,0.40043396242937884,0.007679516216740012,0.40811347864611885,0.39275444621263883
12.900138854980469,-20.0,-26.244632780629754,6.244632780629754,0.40043396242937884,0.007679516216740012,0.40811347864611885,0.39275444621263883
12.920201539993286,-20.0,-26.233987474503802,6.233987474503802,0.39020814393690667,0.004200691822916269,0.39440883575982294,0.3860074521139904
12.940223455429077,-20.0,-26.22547122960304,6.225471229603041,0.39020814393690667,0.004200691822916269,0.39440883575982294,0.3860074521139904
12.960224390029907,-20.0,-26.22547122960304,6.225471229603041,0.39020814393690667,0.004200691822916269,0.39440883575982294,0.3860074521139904
12.980201721191406,-20.0,-26.236236358682433,6.236236358682433,0.39020814393690667,0.004200691822916269,0.39440883575982294,0.3860074521139904
13.000165700912476,-20.0,-26.24484846194595,6.244848461945949,0.39020814393690667,0.004200691822916269,0.39440883575982294,0.3860074521139904
13.020284652709961,-20.0,-26.25173814455676,6.251738144556761,0.38885317296764693,0.0,0.38885317296764693,0.38885317296764693
13.040257453918457,-20.0,-26.25724989064541,6.2572498906454115,0.38885317296764693,0.0,0.38885317296764693,0.38885317296764693
13.06032657623291,-20.0,-26.26165928751633,6.261659287516331,0.38885317296764693,0.0,0.38885317296764693,0.38885317296764693
13.080320835113525,-20.0,-26.26518680501307,6.2651868050130695,0.38885317296764693,0.0,0.38885317296764693,0.38885317296764693
13.100181579589844,-20.0,-26.268008819010458,6.268008819010458,0.38885317296764693,0.0,0.38885317296764693,0.38885317296764693
13.120122909545898,-20.0,-26.27026643020837,6.27026643020837,0.38885317296764693,0.0,0.38885317296764693,0.38885317296764693
13.140127182006836,-20.0,-26.2720725191667,6.272072519166699,0.38885317296764693,0.0,0.38885317296764693,0.38885317296764693
13.16030478477478,-20.0,-26.27351739033336,6.27351739033336,0.4073103696205362,0.0007968071149662137,0.4081071767355024,0.40651356250556997
13.180221319198608,-20.0,-26.27351739033336,6.27351739033336,0.4073103696205362,0.0007968071149662137,0.4081071767355024,0.40651356250556997
13.200243711471558,-20.0,-26.274673287266687,6.274673287266687,0.4073103696205362,0.0007968071149662137,0.4081071767355024,0.40651356250556997
13.220208406448364,-20.0,-26.29317612981335,6.29317612981335,0.4073103696205362,0.0007968071149662137,0.4081071767355024,0.40651356250556997
13.24016547203064,-20.0,-26.307978403850683,6.307978403850683,0.4073103696205362,0.0007968071149662137,0.4081071767355024,0.40651356250556997
13.260170936584473,-20.0,-26.302242098080548,6.302242098080548,0.40208051047331533,0.001921680406667292,0.4040021908799826,0.40015883006664804
13.280281782150269,-20.0,-26.297653053464444,6.297653053464444,0.40208051047331533,0.001921680406667292,0.4040021908799826,0.40015883006664804
13.300306797027588,-20.0,-26.311559942771556,6.311559942771556,0.40208051047331533,0.001921680406667292,0.4040021908799826,0.40015883006664804
13.32035517692566,-20.0,-26.322685454217247,6.322685454217247,0.40208051047331533,0.001921680406667292,0.4040021908799826,0.40015883006664804
13.340190887451172,-20.0,-26.3140077383738,6.3140077383738,0.40208051047331533,0.001921680406667292,0.4040021908799826,0.40015883006664804
13.360127687454224,-20.0,-26.307065565699045,6.307065565699045,0.40208051047331533,0.001921680406667292,0.4040021908799826,0.40015883006664804
13.38012981414795,-20.0,-26.307065565699045,6.307065565699045,0.40208051047331533,0.001921680406667292,0.4040021908799826,0.40015883006664804
13.400175333023071,-20.0,-26.301511827559235,6.301511827559235,0.39343871149278126,0.015853621647693217,0.4092923331404745,0.37758508984508804
13.42015790939331,-20.0,-26.29706883704739,6.297068837047391,0.39343871149278126,0.015853621647693217,0.4092923331404745,0.37758508984508804
13.440142154693604,-20.0,-26.293514444637914,6.293514444637914,0.39343871149278126,0.015853621647693217,0.4092923331404745,0.37758508984508804
13.460127830505371,-20.0,-26.29067093071033,6.290670930710331,0.39343871149278126,0.015853621647693217,0.4092923331404745,0.37758508984508804
13.480132579803467,-20.0,-26.288396119568265,6.288396119568265,0.39343871149278126,0.015853621647693217,0.4092923331404745,0.37758508984508804
13.50029182434082,-20.0,-26.286576270654617,6.286576270654617,0.3834721676171466,0.03963998204562813,0.4231121496627747,0.34383218557151846
13.520251035690308,-20.0,-26.285120391523694,6.285120391523694,0.3834721676171466,0.03963998204562813,0.4231121496627747,0.34383218557151846
13.540260553359985,-20.0,-26.28395568821896,6.28395568821896,0.3834721676171466,0.03963998204562813,0.4231121496627747,0.34383218557151846
13.56019377708435,-20.0,-26.283023925575172,6.283023925575172,0.3834721676171466,0.03963998204562813,0.4231121496627747,0.34383218557151846
13.58014464378357,-20.0,-26.28227851546014,6.282278515460138,0.3822403748850047,0.03694280225317925,0.4191831771381839,0.3452975726318254
13.600282907485962,-20.0,-26.281682187368116,6.281682187368116,0.3822403748850047,0.03694280225317925,0.4191831771381839,0.3452975726318254
13.620232582092285,-20.0,-26.281682187368116,6.281682187368116,0.3822403748850047,0.03694280225317925,0.4191831771381839,0.3452975726318254
13.640167474746704,-20.0,-26.28120512489449,6.281205124894491,0.3822403748850047,0.03694280225317925,0.4191831771381839,0.3452975726318254
13.660126447677612,-20.0,-26.280823474915593,6.280823474915593,0.3822403748850047,0.03694280225317925,0.4191831771381839,0.3452975726318254
13.680119037628174,-20.0,-26.280518154932476,6.2805181549324764,0.3822403748850047,0.03694280225317925,0.4191831771381839,0.3452975726318254
13.70012640953064,-20.0,-26.280273898945982,6.280273898945982,0.3822403748850047,0.03694280225317925,0.4191831771381839,0.3452975726318254
13.720180034637451,-20.0,-26.280078494156786,6.280078494156786,0.41952325528065554,0.0,0.41952325528065554,0.41952325528065554
13.740144968032837,-20.0,-26.262344045325428,6.2623440453254275,0.41952325528065554,0.0,0.41952325528065554,0.41952325528065554
13.76012921333313,-20.0,-26.248156486260342,6.248156486260342,0.41952325528065554,0.0,0.41952325528065554,0.41952325528065554
13.7801194190979,-20.0,-26.236806439008276,6.2368064390082765,0.41952325528065554,0.0,0.41952325528065554,0.41952325528065554
13.800127744674683,-20.0,-26.22772640120662,6.2277264012066205,0.41952325528065554,0.0,0.41952325528065554,0.41952325528065554
13.820139408111572,-20.0,-26.22772640120662,6.2277264012066205,0.4469348148773133,0.01854749582707882,0.4654823107043921,0.42838731905023447
13.840130805969238,-20.0,-26.220462370965297,6.220462370965297,0.4469348148773133,0.01854749582707882,0.4654823107043921,0.42838731905023447
13.860125064849854,-20.0,-26.214651146772237,6.214651146772237,0.4469348148773133,0.01854749582707882,0.4654823107043921,0.42838731905023447
13.880137205123901,-20.0,-26.21000216741779,6.210002167417791,0.4469348148773133,0.01854749582707882,0.4654823107043921,0.42838731905023447
13.90012788772583,-20.0,-26.223861108934237,6.223861108934237,0.4469348148773133,0.01854749582707882,0.4654823107043921,0.42838731905023447
13.9201340675354,-20.0,-26.21737013714739,6.217370137147391,0.44902386547575585,0.06632735393941402,0.5153512194151699,0.3826965115363418
13.940135955810547,-20.0,-26.212177359717913,6.212177359717913,0.44902386547575585,0.06632735393941402,0.5153512194151699,0.3826965115363418
13.960147142410278,-20.0,-26.208023137774333,6.208023137774333,0.44902386547575585,0.06632735393941402,0.5153512194151699,0.3826965115363418
13.980133056640625,-20.0,-26.222277885219466,6.222277885219466,0.44902386547575585,0.06632735393941402,0.5153512194151699,0.3826965115363418
14.000134468078613,-20.0,-26.268837933175575,6.2688379331755755,0.44902386547575585,0.06632735393941402,0.5153512194151699,0.3826965115363418
14.020323276519775,-20.0,-26.341242221540465,6.341242221540465,0.477006763532263,0.018812501803040504,0.4958192653353035,0.4581942617292225
14.040152788162231,-20.0,-26.341242221540465,6.341242221540465,0.477006763532263,0.018812501803040504,0.4958192653353035,0.4581942617292225
14.060137033462524,-20.0,-26.399165652232373,6.399165652232373,0.477006763532263,0.018812501803040504,0.4958192653353035,0.4581942617292225
14.080131530761719,-20.0,-26.4455043967859,6.4455043967859,0.477006763532263,0.018812501803040504,0.4958192653353035,0.4581942617292225
14.100138902664185,-20.0,-26.46499726742872,6.464997267428721,0.47336916936139456,0.00581618957221508,0.47918535893360964,0.4675529797891795
14.120221853256226,-20.0,-26.480591563942976,6.480591563942976,0.47336916936139456,0.00581618957221508,0.47918535893360964,0.4675529797891795
14.14019775390625,-20.0,-26.493067001154383,6.493067001154383,0.47336916936139456,0.00581618957221508,0.47918535893360964,0.4675529797891795
14.160165309906006,-20.0,-26.503047350923506,6.503047350923506,0.47336916936139456,0.00581618957221508,0.47918535893360964,0.4675529797891795
14.180128335952759,-20.0,-26.511031630738806,6.511031630738806,0.4688087774770974,0.006264301715418696,0.4750730791925161,0.46254447576167873
14.200126647949219,-20.0,-26.517419054591045,6.517419054591045,0.4688087774770974,0.006264301715418696,0.4750730791925161,0.46254447576167873
14.220125913619995,-20.0,-26.52252899367284,6.5225289936728394,0.4688087774770974,0.006264301715418696,0.4750730791925161,0.46254447576167873
14.240126371383667,-20.0,-26.526616944938272,6.526616944938272,0.4539017023849009,0.05383575591258705,0.507737458297488,0.40006594647231386
14.26013970375061,-20.0,-26.529887305950616,6.529887305950616,0.4539017023849009,0.05383575591258705,0.507737458297488,0.40006594647231386
14.280131101608276,-20.0,-26.529887305950616,6.529887305950616,0.4539017023849009,0.05383575591258705,0.507737458297488,0.40006594647231386
14.300127029418945,-20.0,-26.53250359476049,6.532503594760492,0.4539017023849009,0.05383575591258705,0.507737458297488,0.40006594647231386
14.32027792930603,-20.0,-26.534596625808398,6.534596625808398,0.48989929429764734,0.03284952859394252,0.5227488228915899,0.4570497657037048
14.340218544006348,-20.0,-26.536271050646718,6.536271050646718,0.48989929429764734,0.03284952859394252,0.5227488228915899,0.4570497657037048
14.360166788101196,-20.0,-26.555188715517378,6.555188715517378,0.48989929429764734,0.03284952859394252,0.5227488228915899,0.4570497657037048
14.380131959915161,-20.0,-26.570322847413905,6.570322847413905,0.48989929429764734,0.03284952859394252,0.5227488228915899,0.4570497657037048
14.40012812614441,-20.0,-26.582430152931128,6.582430152931128,0.48989929429764734,0.03284952859394252,0.5227488228915899,0.4570497657037048
14.420124769210815,-20.0,-26.592115997344905,6.592115997344905,0.48989929429764734,0.03284952859394252,0.5227488228915899,0.4570497657037048
14.440373182296753,-20.0,-26.599864672875924,6.599864672875924,0.5304140838193416,0.03355152462609112,0.5639656084454328,0.4968625591932505
14.46023416519165,-20.0,-26.60606361330074,6.606063613300741,0.5304140838193416,0.03355152462609112,0.5639656084454328,0.4968625591932505
14.480262756347656,-20.0,-26.61102276564059,6.611022765640591,0.5304140838193416,0.03355152462609112,0.5639656084454328,0.4968625591932505
14.500223875045776,-20.0,-26.61102276564059,6.611022765640591,0.5304140838193416,0.03355152462609112,0.5639656084454328,0.4968625591932505
14.52016544342041,-20.0,-26.614990087512474,6.614990087512474,0.5304140838193416,0.03355152462609112,0.5639656084454328,0.4968625591932505
14.540142297744751,-20.0,-26.618163945009982,6.618163945009982,0.46620798281903264,0.03226275241468102,0.49847073523371366,0.4339452304043516
14.56017780303955,-20.0,-26.638281156007988,6.638281156007988,0.46620798281903264,0.03226275241468102,0.49847073523371366,0.4339452304043516
14.580154180526733,-20.0,-26.689531174806394,6.689531174806394,0.46620798281903264,0.03226275241468102,0.49847073523371366,0.4339452304043516
14.600130319595337,-20.0,-26.765687439845117,6.765687439845117,0.4668380796424753,0.10226275241468102,0.5691008320571563,0.3645753272277943
14.620127201080322,-20.0,-26.861768701876095,6.861768701876095,0.4668380796424753,0.10226275241468102,0.5691008320571563,0.3645753272277943
14.640135049819946,-20.0,-26.956211836500877,6.956211836500877,0.4668380796424753,0.10226275241468102,0.5691008320571563,0.3645753272277943
14.660131692886353,-20.0,-27.0493444692007,7.049344469200701,0.4669550801550213,0.12005596077535301,0.5870110409303743,0.3468991193796683
14.680136680603027,-20.0,-27.12385057536056,7.12385057536056,0.4669550801550213,0.12005596077535301,0.5870110409303743,0.3468991193796683
14.700131177902222,-20.0,-27.183455460288446,7.183455460288446,0.4669550801550213,0.12005596077535301,0.5870110409303743,0.3468991193796683
14.72012972831726,-20.0,-27.183455460288446,7.183455460288446,0.4669550801550213,0.12005596077535301,0.5870110409303743,0.3468991193796683
14.740192413330078,-20.0,-27.21356124323076,7.21356124323076,0.5347614209090534,0.1775315090129152,0.7122929299219687,0.35722991189613823
14.760177612304688,-20.0,-27.237645869584608,7.2376458695846075,0.5347614209090534,0.1775315090129152,0.7122929299219687,0.35722991189613823
14.780146837234497,-20.0,-27.239335445667688,7.239335445667688,0.5347614209090534,0.1775315090129152,0.7122929299219687,0.35722991189613823
14.800137042999268,-20.0,-27.152796481534153,7.152796481534153,0.5347614209090534,0.1775315090129152,0.7122929299219687,0.35722991189613823
14.820142269134521,-20.0,-26.942940310227325,6.942940310227325,0.5347614209090534,0.1775315090129152,0.7122929299219687,0.35722991189613823
14.840142011642456,-20.0,-26.65200849818186,6.652008498181861,0.5347614209090534,0.1775315090129152,0.7122929299219687,0.35722991189613823
14.860190868377686,-20.0,-26.33137242354549,6.3313724235454885,0.5459392773841683,0.22993556252215058,0.7758748399063189,0.31600371486201767
14.880150079727173,-20.0,-25.93423856383639,5.9342385638363915,0.5459392773841683,0.22993556252215058,0.7758748399063189,0.31600371486201767
14.90014123916626,-20.0,-25.440750226069117,5.440750226069117,0.5459392773841683,0.22993556252215058,0.7758748399063189,0.31600371486201767
14.920133590698242,-20.0,-24.922912680855294,4.922912680855294,0.5459392773841683,0.22993556252215058,0.7758748399063189,0.31600371486201767
14.940136194229126,-20.0,-24.922912680855294,4.922912680855294,0.5459392773841683,0.22993556252215058,0.7758748399063189,0.31600371486201767
14.960137844085693,-20.0,-24.438330144684237,4.438330144684237,0.5459392773841683,0.22993556252215058,0.7758748399063189,0.31600371486201767
14.98019003868103,-20.0,-23.997929740747395,3.997929740747395,0.4759392773841682,0.2106634139129892,0.6866026912971575,0.265275863471179
15.000142812728882,30.0,-23.540140667597917,53.54014066759792,0.4759392773841682,0.2106634139129892,0.6866026912971575,0.265275863471179
15.020135879516602,30.0,-23.033284409078338,53.033284409078334,0.4759392773841682,0.2106634139129892,0.6866026912971575,0.265275863471179
15.040135145187378,30.0,-22.57506502726267,52.57506502726267,0.4759392773841682,0.2106634139129892,0.6866026912971575,0.265275863471179
15.060136556625366,30.0,-22.20848952181014,52.20848952181014,0.4759392773841682,0.2106634139129892,0.6866026912971575,0.265275863471179
15.080148458480835,30.0,-21.915229117448114,51.91522911744811,0.4759392773841682,0.2106634139129892,0.6866026912971575,0.265275863471179
15.100250720977783,30.0,-21.680620793958493,51.6806207939585,0.46907349751490984,0.19823785620275886,0.6673113537176687,0.270835641312151
15.120243549346924,30.0,-21.4929341351668,51.4929341351668,0.46907349751490984,0.19823785620275886,0.6673113537176687,0.270835641312151
15.140231609344482,30.0,-21.34278480813344,51.342784808133445,0.46907349751490984,0.19823785620275886,0.6673113537176687,0.270835641312151
15.160249948501587,30.0,-21.34278480813344,51.342784808133445,0.46907349751490984,0.19823785620275886,0.6673113537176687,0.270835641312151
15.180314064025879,30.0,-21.240243471506755,51.24024347150676,0.46907349751490984,0.19823785620275886,0.6673113537176687,0.270835641312151
15.200298070907593,30.0,-21.158210402205402,51.1582104022054,0.46907349751490984,0.19823785620275886,0.6673113537176687,0.270835641312151
15.220207452774048,30.0,-21.092583946764325,51.09258394676432,0.46907349751490984,0.19823785620275886,0.6673113537176687,0.270835641312151
15.240139961242676,30.0,-21.05766090741146,51.05766090741146,0.46907349751490984,0.19823785620275886,0.6673113537176687,0.270835641312151
15.260247707366943,30.0,-21.029722475929166,51.02972247592916,0.4347708530833188,0.2667385463649407,0.7015093994482595,0.1680323067183781
15.280185461044312,30.0,-21.024949855743337,51.02494985574334,0.4347708530833188,0.2667385463649407,0.7015093994482595,0.1680323067183781
15.300142526626587,30.0,-21.02113175959467,51.02113175959467,0.4347708530833188,0.2667385463649407,0.7015093994482595,0.1680323067183781
15.320131063461304,30.0,-21.018077282675737,51.01807728267573,0.4347708530833188,0.2667385463649407,0.7015093994482595,0.1680323067183781
15.34013032913208,30.0,-21.01563370114059,51.01563370114059,0.4347708530833188,0.2667385463649407,0.7015093994482595,0.1680323067183781
15.360130071640015,30.0,-21.01367883591247,51.01367883591247,0.4347708530833188,0.2667385463649407,0.7015093994482595,0.1680323067183781
15.380275011062622,30.0,-21.01367883591247,51.01367883591247,0.3792780198265973,0.3114746448630467,0.690752664689644,0.0678033749635506
15.400144100189209,30.0,-20.924224318729976,50.924224318729976,0.3792780198265973,0.3114746448630467,0.690752664689644,0.0678033749635506
15.420135259628296,30.0,-20.641723204983982,50.64172320498398,0.3792780198265973,0.3114746448630467,0.690752664689644,0.0678033749635506
15.440134286880493,30.0,-20.13447231398719,50.13447231398719,0.3792780198265973,0.3114746448630467,0.690752664689644,0.0678033749635506
15.460129499435425,30.0,-19.46499972618975,49.464999726189745,0.3792780198265973,0.3114746448630467,0.690752664689644,0.0678033749635506
15.48018217086792,30.0,-18.700906030951803,48.7009060309518,0.43562430964011584,0.27312243478838355,0.7087467444284994,0.1625018748517323
15.500229120254517,30.0,-17.808381074761442,47.80838107476144,0.43562430964011584,0.27312243478838355,0.7087467444284994,0.1625018748517323
15.520218133926392,30.0,-16.795532984809153,46.79553298480916,0.43562430964011584,0.27312243478838355,0.7087467444284994,0.1625018748517323
15.540192604064941,30.0,-15.721582637847323,45.72158263784732,0.43562430964011584,0.27312243478838355,0.7087467444284994,0.1625018748517323
15.56014347076416,30.0,-14.73937548527786,44.73937548527786,0.43562430964011584,0.27312243478838355,0.7087467444284994,0.1625018748517323
15.580134391784668,30.0,-13.953609763222289,43.95360976322229,0.43562430964011584,0.27312243478838355,0.7087467444284994,0.1625018748517323
15.600131034851074,30.0,-13.953609763222289,43.95360976322229,0.43562430964011584,0.27312243478838355,0.7087467444284994,0.1625018748517323
15.620187282562256,30.0,-13.324997185577832,43.32499718557783,0.38615549431342516,0.33394909399095923,0.7201045883043844,0.05220640032246593
15.640155792236328,30.0,-12.822107123462267,42.82210712346227,0.38615549431342516,0.33394909399095923,0.7201045883043844,0.05220640032246593
15.660131931304932,30.0,-12.419795073769814,42.41979507376981,0.38615549431342516,0.33394909399095923,0.7201045883043844,0.05220640032246593
15.680127620697021,30.0,-12.097945434015852,42.097945434015855,0.38615549431342516,0.33394909399095923,0.7201045883043844,0.05220640032246593
15.700133800506592,30.0,-11.840465722212683,41.840465722212684,0.38615549431342516,0.33394909399095923,0.7201045883043844,0.05220640032246593
15.720298290252686,30.0,-11.634481952770148,41.634481952770145,0.3597236022462312,0.2928214085334912,0.6525450107797224,0.06690219371273998
15.740175724029541,30.0,-11.469694937216119,41.46969493721612,0.3597236022462312,0.2928214085334912,0.6525450107797224,0.06690219371273998
15.76014232635498,30.0,-11.337865324772897,41.3378653247729,0.3597236022462312,0.2928214085334912,0.6525450107797224,0.06690219371273998
15.780131101608276,30.0,-11.232401634818318,41.232401634818316,0.3597236022462312,0.2928214085334912,0.6525450107797224,0.06690219371273998
15.80013632774353,30.0,-11.148030682854657,41.14803068285465,0.3597236022462312,0.2928214085334912,0.6525450107797224,0.06690219371273998
15.820136547088623,30.0,-11.148030682854657,41.14803068285465,0.3597236022462312,0.2928214085334912,0.6525450107797224,0.06690219371273998
15.840146541595459,30.0,-11.080533921283726,41.080533921283724,0.3467647878562275,0.2284424242610112,0.5752072121172387,0.1183223635952163
15.860150337219238,30.0,-11.026536512026981,41.02653651202698,0.3467647878562275,0.2284424242610112,0.5752072121172387,0.1183223635952163
15.880150556564331,30.0,-10.983338584621585,40.983338584621585,0.3467647878562275,0.2284424242610112,0.5752072121172387,0.1183223635952163
15.900137186050415,30.0,-10.94878024269727,40.94878024269727,0.3467647878562275,0.2284424242610112,0.5752072121172387,0.1183223635952163
15.920148372650146,30.0,-10.921133569157817,40.92113356915782,0.3467647878562275,0.2284424242610112,0.5752072121172387,0.1183223635952163
15.940143346786499,30.0,-10.899016230326255,40.899016230326254,0.3467647878562275,0.2284424242610112,0.5752072121172387,0.1183223635952163
15.960154056549072,30.0,-10.881322359261006,40.881322359261006,0.3805900922154251,0.28710533800069243,0.6676954302161175,0.09348475421473268
15.9801926612854,30.0,-10.867167262408804,40.867167262408806,0.3805900922154251,0.28710533800069243,0.6676954302161175,0.09348475421473268
16.000174283981323,30.0,-10.873421309927043,40.87342130992704,0.3805900922154251,0.28710533800069243,0.6676954302161175,0.09348475421473268
16.020143508911133,30.0,-10.878424547941634,40.878424547941634,0.3805900922154251,0.28710533800069243,0.6676954302161175,0.09348475421473268
16.040151119232178,30.0,-10.878424547941634,40.878424547941634,0.3805900922154251,0.28710533800069243,0.6676954302161175,0.09348475421473268
16.06014323234558,30.0,-10.864849013353309,40.86484901335331,0.3805900922154251,0.28710533800069243,0.6676954302161175,0.09348475421473268
16.08030104637146,30.0,-10.871566710682647,40.87156671068264,0.36490236018944416,0.315181467034854,0.6800838272242982,0.04972089315459016
16.100194931030273,30.0,-10.859362743546118,40.859362743546114,0.36490236018944416,0.315181467034854,0.6800838272242982,0.04972089315459016
16.120219469070435,30.0,-10.849599569836895,40.8495995698369,0.36490236018944416,0.315181467034854,0.6800838272242982,0.04972089315459016
16.14019751548767,30.0,-10.841789030869517,40.84178903086952,0.36490236018944416,0.315181467034854,0.6800838272242982,0.04972089315459016
16.160149335861206,30.0,-10.835540599695616,40.83554059969562,0.36490236018944416,0.315181467034854,0.6800838272242982,0.04972089315459016
16.18013596534729,30.0,-10.830541854756493,40.83054185475649,0.36490236018944416,0.315181467034854,0.6800838272242982,0.04972089315459016
16.20013165473938,30.0,-10.808964733805196,40.8089647338052,0.36490236018944416,0.315181467034854,0.6800838272242982,0.04972089315459016
16.22018575668335,30.0,-10.721390537044158,40.72139053704416,0.33072243054557476,0.3245907363528386,0.6553131668984133,0.006131694192736181
16.24015498161316,30.0,-10.721390537044158,40.72139053704416,0.33072243054557476,0.3245907363528386,0.6553131668984133,0.006131694192736181
16.260135889053345,30.0,-10.581018679635328,40.58101867963533,0.33072243054557476,0.3245907363528386,0.6553131668984133,0.006131694192736181
16.2801353931427,30.0,-10.468721193708262,40.46872119370826,0.33072243054557476,0.3245907363528386,0.6553131668984133,0.006131694192736181
16.30013394355774,30.0,-10.361305079966613,40.36130507996661,0.33072243054557476,0.3245907363528386,0.6553131668984133,0.006131694192736181
16.320186853408813,30.0,-10.275372188973291,40.27537218897329,0.3833564872031275,0.31915245559532196,0.7025089427984494,0.06420403160780552
16.340169668197632,30.0,-10.206625876178633,40.206625876178634,0.3833564872031275,0.31915245559532196,0.7025089427984494,0.06420403160780552
16.360143423080444,30.0,-10.151628825942907,40.15162882594291,0.3833564872031275,0.31915245559532196,0.7025089427984494,0.06420403160780552
16.380136728286743,30.0,-10.072474935754327,40.07247493575433,0.3833564872031275,0.31915245559532196,0.7025089427984494,0.06420403160780552
16.400132656097412,30.0,-9.903683073603462,39.90368307360346,0.3833564872031275,0.31915245559532196,0.7025089427984494,0.06420403160780552
16.420127868652344,30.0,-9.71591520888277,39.71591520888277,0.3833564872031275,0.31915245559532196,0.7025089427984494,0.06420403160780552
16.440258741378784,30.0,-9.583279042106215,39.58327904210621,0.3989118047167722,0.36180227604229004,0.7607140807590622,0.03710952867448214
16.460152626037598,30.0,-9.583279042106215,39.58327904210621,0.3989118047167722,0.36180227604229004,0.7607140807590622,0.03710952867448214
16.480143785476685,30.0,-9.459591983684973,39.45959198368497,0.3989118047167722,0.36180227604229004,0.7607140807590622,0.03710952867448214
16.50013780593872,30.0,-9.36064233694798,39.360642336947976,0.3989118047167722,0.36180227604229004,0.7607140807590622,0.03710952867448214
16.520137071609497,30.0,-9.299060744558384,39.29906074455838,0.3989118047167722,0.36180227604229004,0.7607140807590622,0.03710952867448214
16.540135145187378,30.0,-9.249795470646708,39.24979547064671,0.3989118047167722,0.36180227604229004,0.7607140807590622,0.03710952867448214
16.56026792526245,30.0,-9.192805126517369,39.19280512651737,0.3967163882327441,0.3950617237063125,0.7917781119390566,0.001654664526431593
16.580139636993408,30.0,-9.164790976213894,39.164790976213894,0.3967163882327441,0.3950617237063125,0.7917781119390566,0.001654664526431593
16.600144624710083,30.0,-9.124801530971116,39.12480153097111,0.3967163882327441,0.3950617237063125,0.7917781119390566,0.001654664526431593
16.620142698287964,30.0,-9.092809974776895,39.0928099747769,0.3967163882327441,0.3950617237063125,0.7917781119390566,0.001654664526431593
16.640138387680054,30.0,-9.067216729821517,39.06721672982152,0.3967163882327441,0.3950617237063125,0.7917781119390566,0.001654664526431593
16.660130500793457,30.0,-9.046742133857215,39.046742133857215,0.3967163882327441,0.3950617237063125,0.7917781119390566,0.001654664526431593
16.68019461631775,30.0,-9.046742133857215,39.046742133857215,0.36458284623149667,0.414156909850426,0.7787397560819227,-0.049574063618929354
16.700146436691284,30.0,-9.012784332085772,39.01278433208577,0.36458284623149667,0.414156909850426,0.7787397560819227,-0.049574063618929354
16.720142364501953,30.0,-8.932883715668618,38.932883715668616,0.36458284623149667,0.414156909850426,0.7787397560819227,-0.049574063618929354
16.740142822265625,30.0,-8.763494472534896,38.763494472534894,0.36458284623149667,0.414156909850426,0.7787397560819227,-0.049574063618929354
16.76013994216919,30.0,-8.504936203027917,38.50493620302792,0.36458284623149667,0.414156909850426,0.7787397560819227,-0.049574063618929354
16.78013563156128,30.0,-8.210198962422334,38.21019896242233,0.3660257130970422,0.404776068222709,0.7708017813197512,-0.038750355125666824
16.8001868724823,30.0,-7.956831044937869,37.95683104493787,0.3660257130970422,0.404776068222709,0.7708017813197512,-0.038750355125666824
16.820210695266724,30.0,-7.701402335950296,37.7014023359503,0.3660257130970422,0.404776068222709,0.7708017813197512,-0.038750355125666824
16.840157747268677,30.0,-7.391590618760237,37.39159061876023,0.3660257130970422,0.404776068222709,0.7708017813197512,-0.038750355125666824
16.860146045684814,30.0,-7.020694370008189,37.02069437000819,0.3660257130970422,0.404776068222709,0.7708017813197512,-0.038750355125666824
16.880128145217896,30.0,-6.653664871006552,36.653664871006555,0.3660257130970422,0.404776068222709,0.7708017813197512,-0.038750355125666824
16.9001247882843,30.0,-6.324885021805242,36.324885021805244,0.3660257130970422,0.404776068222709,0.7708017813197512,-0.038750355125666824
16.920154571533203,30.0,-6.324885021805242,36.324885021805244,0.36376565910104547,0.40680240309331567,0.7705680621943611,-0.0430367439922702
16.94014883041382,30.0,-6.061861142444194,36.061861142444194,0.36376565910104547,0.40680240309331567,0.7705680621943611,-0.0430367439922702
16.96014642715454,30.0,-5.851442038955356,35.851442038955355,0.36376565910104547,0.40680240309331567,0.7705680621943611,-0.0430367439922702
16.980133056640625,30.0,-5.683106756164285,35.683106756164285,0.36376565910104547,0.40680240309331567,0.7705680621943611,-0.0430367439922702
17.000126123428345,30.0,-5.5484385299314285,35.54843852993143,0.36376565910104547,0.40680240309331567,0.7705680621943611,-0.0430367439922702
17.02012825012207,30.0,-5.423125823945143,35.42312582394514,0.36376565910104547,0.40680240309331567,0.7705680621943611,-0.0430367439922702
17.04026222229004,30.0,-5.340453784156114,35.34045378415611,0.36639207164917026,0.4526131584355608,0.819005230084731,-0.08622108678639057
17.0601544380188,30.0,-5.274316152324892,35.27431615232489,0.36639207164917026,0.4526131584355608,0.819005230084731,-0.08622108678639057
17.08014440536499,30.0,-5.221406046859914,35.22140604685991,0.36639207164917026,0.4526131584355608,0.819005230084731,-0.08622108678639057
17.100189685821533,30.0,-5.1790779624879315,35.17907796248793,0.36639207164917026,0.4526131584355608,0.819005230084731,-0.08622108678639057
17.120243072509766,30.0,-5.145215494990345,35.145215494990346,0.36639207164917026,0.4526131584355608,0.819005230084731,-0.08622108678639057
17.140231132507324,30.0,-5.145215494990345,35.145215494990346,0.36639207164917026,0.4526131584355608,0.819005230084731,-0.08622108678639057
17.160162210464478,30.0,-5.118125520992276,35.11812552099228,0.43639207164917027,0.43786789691541345,0.8742599685645838,-0.0014758252662431803
17.180253505706787,30.0,-5.096453541793822,35.09645354179382,0.43639207164917027,0.43786789691541345,0.8742599685645838,-0.0014758252662431803
17.200204610824585,30.0,-5.061537833435057,35.061537833435054,0.43639207164917027,0.43786789691541345,0.8742599685645838,-0.0014758252662431803
17.220144987106323,30.0,-4.980870891748046,34.98087089174805,0.43639207164917027,0.43786789691541345,0.8742599685645838,-0.0014758252662431803
17.240124464035034,30.0,-4.793290463398437,34.793290463398435,0.43639207164917027,0.43786789691541345,0.8742599685645838,-0.0014758252662431803
17.26012873649597,30.0,-4.50260112071875,34.50260112071875,0.43639207164917027,0.43786789691541345,0.8742599685645838,-0.0014758252662431803
17.28012442588806,30.0,-4.217315271575,34.217315271575,0.46542433741662537,0.422179097593762,0.8876034350103874,0.04324523982286338
17.30024790763855,30.0,-3.9890865922600005,33.98908659226,0.46542433741662537,0.422179097593762,0.8876034350103874,0.04324523982286338
17.320263147354126,30.0,-3.8240817738080013,33.824081773808004,0.46542433741662537,0.422179097593762,0.8876034350103874,0.04324523982286338
17.34021019935608,30.0,-3.6920779190464015,33.692077919046405,0.46542433741662537,0.422179097593762,0.8876034350103874,0.04324523982286338
17.36015748977661,30.0,-3.6920779190464015,33.692077919046405,0.46542433741662537,0.422179097593762,0.8876034350103874,0.04324523982286338
17.380130290985107,30.0,-3.5864748352371216,33.58647483523712,0.4170586923060182,0.39274998410139234,0.8098086764074106,0.024308708204625884
17.40015435218811,30.0,-3.5019923681896974,33.5019923681897,0.4170586923060182,0.39274998410139234,0.8098086764074106,0.024308708204625884
17.420145273208618,30.0,-3.434406394551758,33.43440639455176,0.4170586923060182,0.39274998410139234,0.8098086764074106,0.024308708204625884
17.440130949020386,30.0,-3.3803376156414067,33.38033761564141,0.39061490166161095,0.4580658341804519,0.8486807358420628,-0.06745093251884093
17.460126638412476,30.0,-3.3546607175131253,33.35466071751313,0.39061490166161095,0.4580658341804519,0.8486807358420628,-0.06745093251884093
17.480125665664673,30.0,-3.334119199010501,33.3341191990105,0.39061490166161095,0.4580658341804519,0.8486807358420628,-0.06745093251884093
17.500133752822876,30.0,-3.317685984208401,33.3176859842084,0.3419912578460935,0.48159573814366013,0.8235869959897537,-0.1396044802975666
17.520129442214966,30.0,-3.304539412366721,33.30453941236672,0.3419912578460935,0.48159573814366013,0.8235869959897537,-0.1396044802975666
17.54012703895569,30.0,-3.294022154893377,33.294022154893376,0.4032721267935995,0.5283159076282755,0.931588034421875,-0.12504378083467604
17.56013035774231,30.0,-3.294022154893377,33.294022154893376,0.4032721267935995,0.5283159076282755,0.931588034421875,-0.12504378083467604
17.580127477645874,30.0,-3.285608348914702,33.2856083489147,0.4032721267935995,0.5283159076282755,0.931588034421875,-0.12504378083467604
17.6001296043396,30.0,-3.2788773041317616,33.27887730413176,0.4032721267935995,0.5283159076282755,0.931588034421875,-0.12504378083467604
17.620307683944702,30.0,-3.2559143433054096,33.255914343305406,0.4058922156614426,0.46447252324316657,0.8703647389046092,-0.058580307581723945
17.64018988609314,30.0,-3.237543974644328,33.237543974644325,0.4058922156614426,0.46447252324316657,0.8703647389046092,-0.058580307581723945
17.660160541534424,30.0,-3.2228476797154624,33.222847679715464,0.4058922156614426,0.46447252324316657,0.8703647389046092,-0.058580307581723945
17.68013858795166,30.0,-3.2110906437723696,33.21109064377237,0.4058922156614426,0.46447252324316657,0.8703647389046092,-0.058580307581723945
17.70013189315796,30.0,-3.166528765017896,33.166528765017894,0.4058922156614426,0.46447252324316657,0.8703647389046092,-0.058580307581723945
17.720139741897583,30.0,-3.025410512014317,33.02541051201432,0.4058922156614426,0.46447252324316657,0.8703647389046092,-0.058580307581723945
17.74027156829834,30.0,-2.877359659611454,32.87735965961146,0.3895539790314797,0.4959177284548059,0.8854717074862857,-0.10636374942332621
17.760152339935303,30.0,-2.758918977689164,32.75891897768916,0.3895539790314797,0.4959177284548059,0.8854717074862857,-0.10636374942332621
17.780141830444336,30.0,-2.758918977689164,32.75891897768916,0.3895539790314797,0.4959177284548059,0.8854717074862857,-0.10636374942332621
17.80013084411621,30.0,-2.6641664321513314,32.66416643215133,0.3895539790314797,0.4959177284548059,0.8854717074862857,-0.10636374942332621
17.8201322555542,30.0,-2.5883643957210656,32.588364395721065,0.3895539790314797,0.4959177284548059,0.8854717074862857,-0.10636374942332621
17.840129852294922,30.0,-2.5277227665768525,32.52772276657685,0.3895539790314797,0.4959177284548059,0.8854717074862857,-0.10636374942332621
17.860190391540527,30.0,-2.4792094632614825,32.47920946326148,0.34688695146862303,0.48655002313200385,0.8334369746006269,-0.13966307166338082
17.88015079498291,30.0,-2.440398820609186,32.44039882060919,0.34688695146862303,0.48655002313200385,0.8334369746006269,-0.13966307166338082
17.900173902511597,30.0,-2.409350306487349,32.40935030648735,0.34688695146862303,0.48655002313200385,0.8334369746006269,-0.13966307166338082
17.920145750045776,30.0,-2.3845114951898796,32.38451149518988,0.34688695146862303,0.48655002313200385,0.8334369746006269,-0.13966307166338082
17.940143823623657,30.0,-2.364640446151904,32.3646404461519,0.34688695146862303,0.48655002313200385,0.8334369746006269,-0.13966307166338082
17.96014165878296,30.0,-2.331165481921523,32.33116548192152,0.34688695146862303,0.48655002313200385,0.8334369746006269,-0.13966307166338082
17.98021173477173,30.0,-2.3043855105372186,32.304385510537216,0.41688695146862303,0.5306543086702005,0.9475412601388236,-0.11376735720157743
18.0001962184906,30.0,-2.212649033429775,32.21264903342978,0.41688695146862303,0.5306543086702005,0.9475412601388236,-0.11376735720157743
18.020151376724243,30.0,-2.212649033429775,32.21264903342978,0.41688695146862303,0.5306543086702005,0.9475412601388236,-0.11376735720157743
18.040143966674805,30.0,-2.0162129767438204,32.01621297674382,0.41688695146862303,0.5306543086702005,0.9475412601388236,-0.11376735720157743
18.060134410858154,30.0,-1.7535953813950562,31.753595381395055,0.41688695146862303,0.5306543086702005,0.9475412601388236,-0.11376735720157743
18.080135583877563,30.0,-1.490766930116045,31.490766930116045,0.3665105287653569,0.5088082713121549,0.8753188000775118,-0.142297742546798
18.10027003288269,30.0,-1.280504169092836,31.280504169092836,0.3665105287653569,0.5088082713121549,0.8753188000775118,-0.142297742546798
18.1202609539032,30.0,-1.112293960274269,31.11229396027427,0.3665105287653569,0.5088082713121549,0.8753188000775118,-0.142297742546798
18.140279531478882,30.0,-0.9777257932194152,30.977725793219417,0.3665105287653569,0.5088082713121549,0.8753188000775118,-0.142297742546798
18.16015863418579,30.0,-0.8700712595755323,30.870071259575532,0.3665105287653569,0.5088082713121549,0.8753188000775118,-0.142297742546798
18.18013048171997,30.0,-0.8015257576604258,30.801525757660425,0.29873957826916014,0.578808271312155,0.8775478495813152,-0.2800686930429948
18.200231552124023,30.0,-0.7466893561283408,30.74668935612834,0.29873957826916014,0.578808271312155,0.8775478495813152,-0.2800686930429948
18.22025489807129,30.0,-0.7466893561283408,30.74668935612834,0.29873957826916014,0.578808271312155,0.8775478495813152,-0.2800686930429948
18.2402663230896,30.0,-0.7028202349026726,30.702820234902674,0.29873957826916014,0.578808271312155,0.8775478495813152,-0.2800686930429948
18.260161638259888,30.0,-0.667724937922138,30.667724937922138,0.29873957826916014,0.578808271312155,0.8775478495813152,-0.2800686930429948
18.280126571655273,30.0,-0.6396487003377105,30.63964870033771,0.29873957826916014,0.578808271312155,0.8775478495813152,-0.2800686930429948
18.300132751464844,30.0,-0.5996095852701685,30.59960958527017,0.29873957826916014,0.578808271312155,0.8775478495813152,-0.2800686930429948
18.320258140563965,30.0,-0.4621095432161348,30.462109543216133,0.24669118940058984,0.5088082713121549,0.7554994607127448,-0.262117081911565
18.34015154838562,30.0,-0.12359388457290783,30.12359388457291,0.24669118940058984,0.5088082713121549,0.7554994607127448,-0.262117081911565
18.36013627052307,30.0,0.41089051734167376,29.589109482658326,0.24669118940058984,0.5088082713121549,0.7554994607127448,-0.262117081911565
18.380130529403687,30.0,1.0845717888733388,28.91542821112666,0.24669118940058984,0.5088082713121549,0.7554994607127448,-0.262117081911565
18.400130033493042,30.0,1.8344543060986713,28.16554569390133,0.24669118940058984,0.5088082713121549,0.7554994607127448,-0.262117081911565
18.420127153396606,30.0,2.610141569878937,27.389858430121063,0.24669118940058984,0.5088082713121549,0.7554994607127448,-0.262117081911565
18.440247535705566,30.0,2.610141569878937,27.389858430121063,0.24713767018678487,0.4601361651951447,0.7072738353819296,-0.21299849500835985
18.460240840911865,30.0,3.37131638090315,26.62868361909685,0.24713767018678487,0.4601361651951447,0.7072738353819296,-0.21299849500835985
18.48022961616516,30.0,4.13845935472252,25.86154064527748,0.24713767018678487,0.4601361651951447,0.7072738353819296,-0.21299849500835985
18.500195503234863,30.0,4.857642483778016,25.142357516221985,0.24713767018678487,0.4601361651951447,0.7072738353819296,-0.21299849500835985
18.52015781402588,30.0,5.468145237022414,24.531854762977588,0.2679475012845069,0.5301361651951448,0.7980836664796518,-0.26218866391063794
18.54024314880371,30.0,5.956547439617932,24.043452560382068,0.2679475012845069,0.5301361651951448,0.7980836664796518,-0.26218866391063794
18.560205936431885,30.0,6.3648473266943455,23.635152673305655,0.2679475012845069,0.5301361651951448,0.7980836664796518,-0.26218866391063794
18.58014702796936,30.0,6.673909111355477,23.326090888644522,0.2679475012845069,0.5301361651951448,0.7980836664796518,-0.26218866391063794
18.600130558013916,30.0,6.921158539084382,23.07884146091562,0.3140583846396476,0.5152582879969851,0.8293166726366328,-0.20119990335733756
18.62012529373169,30.0,7.118958081267506,22.881041918732492,0.3140583846396476,0.5152582879969851,0.8293166726366328,-0.20119990335733756
18.640130043029785,30.0,7.277197715014006,22.722802284985995,0.32287094813349543,0.491228757412173,0.8140997055456685,-0.16835780927867755
18.66014003753662,30.0,7.403789422011207,22.596210577988792,0.32287094813349543,0.491228757412173,0.8140997055456685,-0.16835780927867755
18.680126428604126,30.0,7.403789422011207,22.596210577988792,0.32287094813349543,0.491228757412173,0.8140997055456685,-0.16835780927867755
18.700130939483643,30.0,7.505062787608966,22.494937212391033,0.28508238565686045,0.5283131878683345,0.813395573525195,-0.24323080221147403
18.72012972831726,30.0,7.5860814800871745,22.413918519912826,0.28508238565686045,0.5283131878683345,0.813395573525195,-0.24323080221147403
18.740133047103882,30.0,7.6333183090697405,22.36668169093026,0.3230405606007844,0.5983131878683345,0.921353748469119,-0.27527262726755014
18.760131120681763,30.0,7.671107772255792,22.32889222774421,0.3230405606007844,0.5983131878683345,0.921353748469119,-0.27527262726755014
18.78013253211975,30.0,7.683761217804634,22.316238782195366,0.3230405606007844,0.5983131878683345,0.921353748469119,-0.27527262726755014
18.800132274627686,30.0,7.6938839742437075,22.306116025756292,0.2843149833059579,0.5963909859210255,0.8807059692269834,-0.31207600261506757
18.82013201713562,30.0,7.6844040543949665,22.315595945605033,0.2843149833059579,0.5963909859210255,0.8807059692269834,-0.31207600261506757
18.840155124664307,30.0,7.676820118515974,22.323179881484027,0.28784470750528274,0.6220494630187752,0.909894170524058,-0.33420475551349244
18.86013650894165,30.0,7.6707529698127805,22.32924703018722,0.28784470750528274,0.6220494630187752,0.909894170524058,-0.33420475551349244
18.880131483078003,30.0,7.6707529698127805,22.32924703018722,0.28784470750528274,0.6220494630187752,0.909894170524058,-0.33420475551349244
18.900132417678833,30.0,7.6483211258502255,22.351678874149776,0.30733187614518104,0.6313331509381535,0.9386650270833345,-0.3240012747929724
18.92013168334961,30.0,7.630375650680181,22.36962434931982,0.30733187614518104,0.6313331509381535,0.9386650270833345,-0.3240012747929724
18.94014000892639,30.0,7.616019270544145,22.383980729455857,0.30733187614518104,0.6313331509381535,0.9386650270833345,-0.3240012747929724
18.960134029388428,30.0,7.604534166435315,22.395465833564685,0.27487402899700103,0.6851787018030884,0.9600527308000895,-0.41030467280608734
18.980130910873413,30.0,7.595346083148254,22.404653916851746,0.27487402899700103,0.6851787018030884,0.9600527308000895,-0.41030467280608734
19.000132083892822,30.0,7.605573741518604,22.394426258481396,0.27487402899700103,0.6851787018030884,0.9600527308000895,-0.41030467280608734
19.02013874053955,30.0,7.6137558682148825,22.38624413178512,0.27487402899700103,0.6851787018030884,0.9600527308000895,-0.41030467280608734
19.040140867233276,30.0,7.655457819571906,22.344542180428093,0.27487402899700103,0.6851787018030884,0.9600527308000895,-0.41030467280608734
19.060262203216553,30.0,7.759131880657525,22.240868119342476,0.2941669330610603,0.6910211081057789,0.9851880411668392,-0.3968541750447186
19.080195426940918,30.0,7.91238362952602,22.08761637047398,0.2941669330610603,0.6910211081057789,0.9851880411668392,-0.3968541750447186
19.100168704986572,30.0,7.91238362952602,22.08761637047398,0.2941669330610603,0.6910211081057789,0.9851880411668392,-0.3968541750447186
19.12013578414917,30.0,8.105297528620817,21.894702471379183,0.2941669330610603,0.6910211081057789,0.9851880411668392,-0.3968541750447186
19.140131950378418,30.0,8.365097397896655,21.634902602103345,0.2941669330610603,0.6910211081057789,0.9851880411668392,-0.3968541750447186
19.16013789176941,30.0,8.660827918317324,21.339172081682676,0.2941669330610603,0.6910211081057789,0.9851880411668392,-0.3968541750447186
19.180129766464233,30.0,8.89741233465386,21.102587665346142,0.2941669330610603,0.6910211081057789,0.9851880411668392,-0.3968541750447186
19.20026206970215,30.0,9.086679867723086,20.913320132276915,0.3265329070998996,0.7,1.0265329070998996,-0.37346709290010033
19.22017550468445,30.0,9.238093894178471,20.76190610582153,0.3265329070998996,0.7,1.0265329070998996,-0.37346709290010033
19.24014949798584,30.0,9.359225115342776,20.640774884657226,0.3265329070998996,0.7,1.0265329070998996,-0.37346709290010033
19.260133743286133,30.0,9.45613009227422,20.543869907725778,0.3265329070998996,0.7,1.0265329070998996,-0.37346709290010033
19.280131578445435,30.0,9.533654073819378,20.466345926180622,0.3265329070998996,0.7,1.0265329070998996,-0.37346709290010033
19.300130128860474,30.0,9.595673259055502,20.404326740944498,0.3265329070998996,0.7,1.0265329070998996,-0.37346709290010033
19.32025694847107,30.0,9.627710482244401,20.372289517755597,0.3428909063948959,0.7,1.042890906394896,-0.35710909360510407
19.34015130996704,30.0,9.627710482244401,20.372289517755597,0.3428909063948959,0.7,1.042890906394896,-0.35710909360510407
19.360143899917603,30.0,9.653340260795522,20.346659739204476,0.3428909063948959,0.7,1.042890906394896,-0.35710909360510407
19.38013792037964,30.0,9.673844083636418,20.326155916363582,0.3428909063948959,0.7,1.042890906394896,-0.35710909360510407
19.400131940841675,30.0,9.690247141909134,20.309752858090867,0.3428909063948959,0.7,1.042890906394896,-0.35710909360510407
19.42013430595398,30.0,9.685791463527307,20.31420853647269,0.3428909063948959,0.7,1.042890906394896,-0.35710909360510407
19.44030737876892,30.0,9.682226920821845,20.317773079178153,0.36638183823364673,0.6951544059440493,1.061536244177696,-0.3287725677104026
19.460158824920654,30.0,9.661797161657477,20.338202838342525,0.36638183823364673,0.6951544059440493,1.061536244177696,-0.3287725677104026
19.48013925552368,30.0,9.645453354325983,20.354546645674017,0.36638183823364673,0.6951544059440493,1.061536244177696,-0.3287725677104026
19.50013518333435,30.0,9.632378308460787,20.367621691539213,0.36638183823364673,0.6951544059440493,1.061536244177696,-0.3287725677104026
19.5201313495636,30.0,9.621918271768632,20.37808172823137,0.36638183823364673,0.6951544059440493,1.061536244177696,-0.3287725677104026
19.540133237838745,30.0,9.613550242414906,20.386449757585094,0.36638183823364673,0.6951544059440493,1.061536244177696,-0.3287725677104026
19.560320138931274,30.0,9.613550242414906,20.386449757585094,0.34431737592953143,0.7,1.0443173759295314,-0.3556826240704685
19.58014225959778,30.0,9.606855818931924,20.393144181068074,0.34431737592953143,0.7,1.0443173759295314,-0.3556826240704685
19.60013747215271,30.0,9.601500280145542,20.398499719854456,0.34431737592953143,0.7,1.0443173759295314,-0.3556826240704685
19.62013077735901,30.0,9.597215849116434,20.402784150883566,0.34431737592953143,0.7,1.0443173759295314,-0.3556826240704685
19.64013409614563,30.0,9.593788304293147,20.40621169570685,0.34431737592953143,0.7,1.0443173759295314,-0.3556826240704685
19.660138607025146,30.0,9.59104626843452,20.408953731565482,0.3206770990653604,0.7,1.0206770990653604,-0.37932290093463955
19.6802237033844,30.0,9.588852639747616,20.411147360252386,0.3206770990653604,0.7,1.0206770990653604,-0.37932290093463955
19.70019841194153,30.0,9.587097736798095,20.412902263201907,0.3206770990653604,0.7,1.0206770990653604,-0.37932290093463955
19.72014880180359,30.0,9.585693814438477,20.41430618556152,0.3206770990653604,0.7,1.0206770990653604,-0.37932290093463955
19.74014139175415,30.0,9.584570676550783,20.415429323449217,0.3120302858440846,0.7,1.0120302858440846,-0.38796971415591536
19.760146617889404,30.0,9.583672166240627,20.416327833759375,0.3120302858440846,0.7,1.0120302858440846,-0.38796971415591536
19.780142545700073,30.0,9.583672166240627,20.416327833759375,0.3120302858440846,0.7,1.0120302858440846,-0.38796971415591536
19.80013656616211,30.0,9.582953357992501,20.4170466420075,0.2790442074327439,0.7,0.9790442074327439,-0.42095579256725607
19.820140600204468,30.0,9.599956436394,20.400043563605998,0.2790442074327439,0.7,0.9790442074327439,-0.42095579256725607
19.840138912200928,30.0,9.613558899115201,20.3864411008848,0.21101307521152196,0.7,0.911013075211522,-0.488986924788478
19.86013150215149,30.0,9.624440869292162,20.37555913070784,0.21101307521152196,0.7,0.911013075211522,-0.488986924788478
19.880135774612427,30.0,9.65072457043373,20.34927542956627,0.21101307521152196,0.7,0.911013075211522,-0.488986924788478
19.900134563446045,30.0,9.671751531346985,20.328248468653015,0.1428197364001244,0.6907835451886057,0.8336032815887302,-0.5479638087884813
19.920143365859985,30.0,9.706151225077589,20.29384877492241,0.1428197364001244,0.6907835451886057,0.8336032815887302,-0.5479638087884813
19.940146923065186,30.0,9.76882723006207,20.231172769937928,0.1428197364001244,0.6907835451886057,0.8336032815887302,-0.5479638087884813
19.96013569831848,30.0,9.994749284049657,20.005250715950343,0.16283318052577672,0.6237331626936793,0.7865663432194561,-0.46089998216790257
19.980135917663574,30.0,10.368846302239726,19.631153697760276,0.16283318052577672,0.6237331626936793,0.7865663432194561,-0.46089998216790257
20.000137329101562,-30.0,10.368846302239726,-40.368846302239724,0.16440980312458126,0.5537331626936792,0.7181429658182605,-0.38932335956909797
20.02018094062805,-30.0,10.896639541791782,-40.896639541791785,0.16440980312458126,0.5537331626936792,0.7181429658182605,-0.38932335956909797
20.040164947509766,-30.0,11.512233508433427,-41.512233508433425,0.16440980312458126,0.5537331626936792,0.7181429658182605,-0.38932335956909797
20.06016778945923,-30.0,12.180489931746742,-42.18048993174674,0.16440980312458126,0.5537331626936792,0.7181429658182605,-0.38932335956909797
20.08016276359558,-30.0,12.890876320397393,-42.890876320397396,0.16440980312458126,0.5537331626936792,0.7181429658182605,-0.38932335956909797
20.100162029266357,-30.0,13.634966681317916,-43.63496668131792,0.16440980312458126,0.5537331626936792,0.7181429658182605,-0.38932335956909797
20.120357990264893,-30.0,14.353285845054334,-44.35328584505433,0.16440980312458126,0.5537331626936792,0.7181429658182605,-0.38932335956909797
20.14031147956848,-30.0,14.998253676043468,-44.99825367604347,0.15768178914717285,0.5226364025101065,0.6803181916572794,-0.3649546133629336
20.16028928756714,-30.0,15.531806065834777,-45.53180606583478,0.15768178914717285,0.5226364025101065,0.6803181916572794,-0.3649546133629336
20.180217742919922,-30.0,15.958647977667821,-45.95864797766782,0.15768178914717285,0.5226364025101065,0.6803181916572794,-0.3649546133629336
20.20015597343445,-30.0,15.958647977667821,-45.95864797766782,0.15768178914717285,0.5226364025101065,0.6803181916572794,-0.3649546133629336
20.220135927200317,-30.0,16.317699632134257,-46.31769963213426,0.22628243629864303,0.5054770113155245,0.7317594476141676,-0.27919457501688144
20.240214347839355,-30.0,16.60494095570741,-46.604940955707406,0.22628243629864303,0.5054770113155245,0.7317594476141676,-0.27919457501688144
20.26021122932434,-30.0,16.834734014565925,-46.834734014565925,0.22628243629864303,0.5054770113155245,0.7317594476141676,-0.27919457501688144
20.28015446662903,-30.0,17.01856846165274,-47.01856846165274,0.22628243629864303,0.5054770113155245,0.7317594476141676,-0.27919457501688144
20.300134897232056,-30.0,17.165636019322193,-47.16563601932219,0.22628243629864303,0.5054770113155245,0.7317594476141676,-0.27919457501688144
20.320140600204468,-30.0,17.283290065457756,-47.283290065457756,0.22628243629864303,0.5054770113155245,0.7317594476141676,-0.27919457501688144
20.340144395828247,-30.0,17.377413302366204,-47.37741330236621,0.22628243629864303,0.5054770113155245,0.7317594476141676,-0.27919457501688144
20.36028218269348,-30.0,17.452711891892967,-47.45271189189297,0.21983978235206453,0.43547701131552446,0.655316793667589,-0.21563722896345994
20.380320072174072,-30.0,17.495372638514375,-47.495372638514375,0.21983978235206453,0.43547701131552446,0.655316793667589,-0.21563722896345994
20.400350332260132,-30.0,17.529501235811498,-47.529501235811495,0.21983978235206453,0.43547701131552446,0.655316793667589,-0.21563722896345994
20.42030096054077,-30.0,17.529501235811498,-47.529501235811495,0.21983978235206453,0.43547701131552446,0.655316793667589,-0.21563722896345994
20.440186023712158,-30.0,17.5216478636492,-47.5216478636492,0.21983978235206453,0.43547701131552446,0.655316793667589,-0.21563722896345994
20.460270643234253,-30.0,17.497787040919363,-47.49778704091936,0.24038430013737527,0.4304658574424683,0.6708501575798436,-0.19008155730509302
20.48028302192688,-30.0,17.37322963273549,-47.37322963273549,0.24038430013737527,0.4304658574424683,0.6708501575798436,-0.19008155730509302
20.500189304351807,-30.0,17.132958706188393,-47.13295870618839,0.24038430013737527,0.4304658574424683,0.6708501575798436,-0.19008155730509302
20.520163536071777,-30.0,16.835273214950714,-46.83527321495072,0.24038430013737527,0.4304658574424683,0.6708501575798436,-0.19008155730509302
20.540285348892212,-30.0,16.597124821960573,-46.59712482196058,0.3103843001373753,0.3846928653679787,0.695077165505354,-0.07430856523060342
20.56025981903076,-30.0,16.38902798256846,-46.389027982568464,0.3103843001373753,0.3846928653679787,0.695077165505354,-0.07430856523060342
20.580234050750732,-30.0,16.20497238605477,-46.20497238605477,0.3103843001373753,0.3846928653679787,0.695077165505354,-0.07430856523060342
20.60017466545105,-30.0,16.022571658843816,-46.022571658843816,0.3103843001373753,0.3846928653679787,0.695077165505354,-0.07430856523060342
20.620142936706543,-30.0,15.788760452075053,-45.78876045207505,0.3221280887447938,0.3429400240443646,0.6650681127891584,-0.02081193529957076
20.640204429626465,-30.0,15.788760452075053,-45.78876045207505,0.3221280887447938,0.3429400240443646,0.6650681127891584,-0.02081193529957076
20.660208702087402,-30.0,15.425930236660044,-45.425930236660044,0.3221280887447938,0.3429400240443646,0.6650681127891584,-0.02081193529957076
20.680137872695923,-30.0,14.889572314328035,-44.889572314328035,0.3221280887447938,0.3429400240443646,0.6650681127891584,-0.02081193529957076
20.700130224227905,-30.0,14.214392226462431,-44.21439222646243,0.3221280887447938,0.3429400240443646,0.6650681127891584,-0.02081193529957076
20.72019863128662,-30.0,13.463310656169945,-43.463310656169945,0.34746900347105114,0.30073357647284854,0.6482025799438997,0.0467354269982026
20.740256786346436,-30.0,12.686664149935957,-42.68666414993596,0.34746900347105114,0.30073357647284854,0.6482025799438997,0.0467354269982026
20.760343313217163,-30.0,11.871987569948766,-41.871987569948764,0.34746900347105114,0.30073357647284854,0.6482025799438997,0.0467354269982026
20.78028154373169,-30.0,11.009308805959014,-41.009308805959016,0.34746900347105114,0.30073357647284854,0.6482025799438997,0.0467354269982026
20.800179958343506,-30.0,10.125806419767212,-40.125806419767216,0.34746900347105114,0.30073357647284854,0.6482025799438997,0.0467354269982026
20.820326328277588,-30.0,9.27837951081377,-39.27837951081377,0.41416292783847897,0.2800033958069979,0.6941663236454769,0.13415953203148107
20.84025740623474,-30.0,8.477391108651014,-38.47739110865101,0.41416292783847897,0.2800033958069979,0.6941663236454769,0.13415953203148107
20.86018657684326,-30.0,8.477391108651014,-38.47739110865101,0.41416292783847897,0.2800033958069979,0.6941663236454769,0.13415953203148107
20.88014578819275,-30.0,7.695975386920813,-37.695975386920814,0.4136559362015396,0.22163180349394668,0.6352877396954864,0.19202413270759294
20.900151252746582,-30.0,6.94779593453665,-36.94779593453665,0.4136559362015396,0.22163180349394668,0.6352877396954864,0.19202413270759294
20.920294284820557,-30.0,6.19104924762932,-36.19104924762932,0.4682079064151913,0.1993500375561415,0.6675579439713328,0.2688578688590498
20.940158367156982,-30.0,5.374714398103457,-35.37471439810346,0.4682079064151913,0.1993500375561415,0.6675579439713328,0.2688578688590498
20.960148572921753,-30.0,4.510709018482765,-34.510709018482764,0.4682079064151913,0.1993500375561415,0.6675579439713328,0.2688578688590498
20.98015022277832,-30.0,3.6437234647862122,-33.64372346478621,0.5382079064151912,0.15870963497087348,0.6969175413860647,0.37949827144431775
21.00015354156494,-30.0,2.7391975218289697,-32.73919752182897,0.5382079064151912,0.15870963497087348,0.6969175413860647,0.37949827144431775
21.020307064056396,-30.0,1.699170517463176,-31.699170517463177,0.6082079064151913,0.08870963497087347,0.6969175413860648,0.5194982714443178
21.040159225463867,-30.0,0.4804301639705407,-30.480430163970542,0.6082079064151913,0.08870963497087347,0.6969175413860648,0.5194982714443178
21.060160398483276,-30.0,-0.8812808688235675,-29.118719131176434,0.6082079064151913,0.08870963497087347,0.6969175413860648,0.5194982714443178
21.080180883407593,-30.0,-2.357368445058854,-27.642631554941147,0.6384785052439839,0.018709634970873468,0.6571881402148574,0.6197688702731103
21.10015845298767,-30.0,-2.357368445058854,-27.642631554941147,0.6384785052439839,0.018709634970873468,0.6571881402148574,0.6197688702731103
21.120153188705444,-30.0,-3.907379131047083,-26.092620868952917,0.6803490024110943,0.0,0.6803490024110943,0.6803490024110943
21.14014458656311,-30.0,-5.534106429837666,-24.465893570162333,0.6803490024110943,0.0,0.6803490024110943,0.6803490024110943
21.160141468048096,-30.0,-7.187050768870134,-22.812949231129867,0.6803490024110943,0.0,0.6803490024110943,0.6803490024110943
21.180135250091553,-30.0,-8.913703115096107,-21.086296884903895,0.7,0.0,0.7,0.7
21.200143337249756,-30.0,-10.699321867076886,-19.300678132923114,0.7,0.0,0.7,0.7
21.220137357711792,-30.0,-12.46180124366151,-17.53819875633849,0.7,0.0,0.7,0.7
21.240137815475464,-30.0,-14.17061286992921,-15.82938713007079,0.7,0.0,0.7,0.7
21.26013422012329,-30.0,-15.871646545943369,-14.128353454056631,0.7,0.0,0.7,0.7
21.28014039993286,-30.0,-17.707082861754696,-12.292917138245304,0.7,0.0,0.7,0.7
21.300143003463745,-30.0,-19.57972878940376,-10.42027121059624,0.7,0.0,0.7,0.7
21.320138931274414,-30.0,-19.57972878940376,-10.42027121059624,0.7,0.0,0.7,0.7
21.34013533592224,-30.0,-21.323939281523007,-8.676060718476993,0.7,0.0,0.7,0.7
21.360262632369995,-30.0,-22.807198300218406,-7.192801699781594,0.6952041273936629,0.0049665081314742565,0.7001706355251371,0.6902376192621886
21.3801589012146,-30.0,-24.028961765174728,-5.971038234825272,0.6952041273936629,0.0049665081314742565,0.7001706355251371,0.6902376192621886
21.400151014328003,-30.0,-25.094263162139782,-4.905736837860218,0.6952041273936629,0.0049665081314742565,0.7001706355251371,0.6902376192621886
21.42013454437256,-30.0,-26.069551154711828,-3.930448845288172,0.6952041273936629,0.0049665081314742565,0.7001706355251371,0.6902376192621886
21.44014024734497,-30.0,-26.920094048769467,-3.0799059512305327,0.6952041273936629,0.0049665081314742565,0.7001706355251371,0.6902376192621886
21.46021556854248,-30.0,-27.618106489015574,-2.381893510984426,0.6952041273936629,0.0049665081314742565,0.7001706355251371,0.6902376192621886
21.48019576072693,-30.0,-28.158938316212463,-1.8410616837875367,0.6952041273936629,0.0049665081314742565,0.7001706355251371,0.6902376192621886
21.500274181365967,-30.0,-28.609181902969976,-1.3908180970300243,0.7,0.03915066597983241,0.7391506659798324,0.6608493340201675
21.520256519317627,-30.0,-28.98695489737598,-1.0130451026240195,0.7,0.03915066597983241,0.7391506659798324,0.6608493340201675
21.540244340896606,-30.0,-28.98695489737598,-1.0130451026240195,0.7,0.03915066597983241,0.7391506659798324,0.6608493340201675
21.560216426849365,-30.0,-29.289173292900788,-0.710826707099212,0.7,0.03915066597983241,0.7391506659798324,0.6608493340201675
21.580179929733276,-30.0,-29.530948009320632,-0.4690519906793682,0.7,0.03915066597983241,0.7391506659798324,0.6608493340201675
21.60021185874939,-30.0,-29.724367782456508,-0.27563221754349243,0.6679090343415737,0.08328245533630252,0.7511914896778762,0.5846265790052712
21.62018585205078,-30.0,-29.879103600965212,-0.12089639903478755,0.6679090343415737,0.08328245533630252,0.7511914896778762,0.5846265790052712
21.640137434005737,-30.0,-30.002892255772167,0.0028922557721671183,0.6679090343415737,0.08328245533630252,0.7511914896778762,0.5846265790052712
21.66012477874756,-30.0,-30.101923179617735,0.10192317961773512,0.6593527326360344,0.1105023487471044,0.7698550813831389,0.54885038388893
21.680125951766968,-30.0,-30.163569793694187,0.16356979369418667,0.6593527326360344,0.1105023487471044,0.7698550813831389,0.54885038388893
21.700135231018066,-30.0,-30.19530895995535,0.19530895995535147,0.6593527326360344,0.1105023487471044,0.7698550813831389,0.54885038388893
21.7201406955719,-30.0,-30.220700292964285,0.22070029296428473,0.6593527326360344,0.1105023487471044,0.7698550813831389,0.54885038388893
21.74013328552246,-30.0,-30.220700292964285,0.22070029296428473,0.6593527326360344,0.1105023487471044,0.7698550813831389,0.54885038388893
21.76020836830139,-30.0,-30.205857109371433,0.20585710937143276,0.6466816028580069,0.11716029606759547,0.7638418989256024,0.5295213067904114
21.780219554901123,-30.0,-30.123670062497148,0.12367006249714763,0.6466816028580069,0.11716029606759547,0.7638418989256024,0.5295213067904114
21.800265789031982,-30.0,-29.970029799997718,-0.0299702000022819,0.6466816028580069,0.11716029606759547,0.7638418989256024,0.5295213067904114
21.820207118988037,-30.0,-29.829539464998174,-0.17046053500182623,0.6466816028580069,0.11716029606759547,0.7638418989256024,0.5295213067904114
21.840195417404175,-30.0,-29.717147196998543,-0.28285280300145743,0.6466816028580069,0.11716029606759547,0.7638418989256024,0.5295213067904114
21.860170125961304,-30.0,-29.609655257598835,-0.39034474240116523,0.6466816028580069,0.11716029606759547,0.7638418989256024,0.5295213067904114
21.88020396232605,-30.0,-29.541239831079075,-0.4587601689209251,0.6434977192431688,0.11657151015242562,0.7600692293955944,0.5269262090907432
21.90021514892578,-30.0,-29.46892936486326,-0.5310706351367394,0.6434977192431688,0.11657151015242562,0.7600692293955944,0.5269262090907432
21.920183420181274,-30.0,-29.411080991890607,-0.5889190081093929,0.6434977192431688,0.11657151015242562,0.7600692293955944,0.5269262090907432
21.940178394317627,-30.0,-29.364802293512486,-0.6351977064875136,0.6434977192431688,0.11657151015242562,0.7600692293955944,0.5269262090907432
21.960198163986206,-30.0,-29.364802293512486,-0.6351977064875136,0.6434977192431688,0.11657151015242562,0.7600692293955944,0.5269262090907432
21.98021411895752,-30.0,-29.327779334809993,-0.6722206651900073,0.6434977192431688,0.11657151015242562,0.7600692293955944,0.5269262090907432
22.000213623046875,-30.0,-29.31573909284799,-0.6842609071520087,0.6434977192431688,0.11657151015242562,0.7600692293955944,0.5269262090907432
22.020216703414917,-30.0,-29.288528774278397,-0.7114712257216027,0.6434977192431688,0.11657151015242562,0.7600692293955944,0.5269262090907432
22.040207862854004,-30.0,-29.26676051942272,-0.7332394805772786,0.6434977192431688,0.11657151015242562,0.7600692293955944,0.5269262090907432
22.06021809577942,-30.0,-29.24934591553818,-0.7506540844618215,0.6434977192431688,0.11657151015242562,0.7600692293955944,0.5269262090907432
22.080196380615234,-30.0,-29.235414232430543,-0.7645857675694572,0.6434977192431688,0.11657151015242562,0.7600692293955944,0.5269262090907432
22.100197553634644,-30.0,-29.224268885944436,-0.7757311140555636,0.6376324787735939,0.10765237541636452,0.7452848541899584,0.5299801033572293
22.120173692703247,-30.0,-29.215352608755552,-0.784647391244448,0.6376324787735939,0.10765237541636452,0.7452848541899584,0.5299801033572293
22.140166759490967,-30.0,-29.20821958700444,-0.7917804129955606,0.6376324787735939,0.10765237541636452,0.7452848541899584,0.5299801033572293
22.16015934944153,-30.0,-29.202513169603552,-0.7974868303964477,0.6761141762137413,0.09623356530210003,0.7723477415158413,0.5798806109116412
22.180302143096924,-30.0,-29.202513169603552,-0.7974868303964477,0.6761141762137413,0.09623356530210003,0.7723477415158413,0.5798806109116412
22.200318574905396,-30.0,-29.19794803568284,-0.8020519643171617,0.6761141762137413,0.09623356530210003,0.7723477415158413,0.5798806109116412
22.220208406448364,-30.0,-29.194295928546275,-0.8057040714537251,0.6761141762137413,0.09623356530210003,0.7723477415158413,0.5798806109116412
22.240152597427368,-30.0,-29.19137424283702,-0.8086257571629787,0.6761141762137413,0.09623356530210003,0.7723477415158413,0.5798806109116412
22.260146856307983,-30.0,-29.189036894269623,-0.8109631057303766,0.6863971369341015,0.09592159654130228,0.7823187334754038,0.5904755403927993
22.280136823654175,-30.0,-29.1871670154157,-0.8128329845843005,0.6863971369341015,0.09592159654130228,0.7823187334754038,0.5904755403927993
22.300174474716187,-30.0,-29.18567111233256,-0.8143288876674397,0.6863971369341015,0.09592159654130228,0.7823187334754038,0.5904755403927993
22.32018804550171,-30.0,-29.18447438986605,-0.8155256101339496,0.7,0.0535294879518915,0.7535294879518915,0.6464705120481085
22.34017062187195,-30.0,-29.201095136892835,-0.7989048631071647,0.7,0.0535294879518915,0.7535294879518915,0.6464705120481085
22.360187292099,-30.0,-29.21439173451427,-0.785608265485731,0.7,0.0535294879518915,0.7535294879518915,0.6464705120481085
22.380176305770874,-30.0,-29.225029012611415,-0.7749709873885848,0.7,0.05424149506143294,0.7542414950614329,0.645758504938567
22.400189638137817,-30.0,-29.23353883508913,-0.7664611649108686,0.7,0.05424149506143294,0.7542414950614329,0.645758504938567
22.42018961906433,-30.0,-29.23353883508913,-0.7664611649108686,0.7,0.05424149506143294,0.7542414950614329,0.645758504938567
22.44018006324768,-30.0,-29.257924818071306,-0.7420751819286941,0.6915238237008452,0.044681553583359346,0.7362053772842045,0.6468422701174859
22.46019411087036,-30.0,-29.277433604457045,-0.7225663955429553,0.6915238237008452,0.044681553583359346,0.7362053772842045,0.6468422701174859
22.480191230773926,-30.0,-29.293040633565642,-0.7069593664343579,0.6915238237008452,0.044681553583359346,0.7362053772842045,0.6468422701174859
22.500182151794434,-30.0,-29.323104381852513,-0.676895618147487,0.6749365402385592,0.016012395586585626,0.6909489358251448,0.6589241446519736
22.520196199417114,-30.0,-29.34715538048201,-0.6528446195179889,0.6749365402385592,0.016012395586585626,0.6909489358251448,0.6589241446519736
22.540191888809204,-30.0,-29.36639617938561,-0.6336038206143897,0.6749365402385592,0.016012395586585626,0.6909489358251448,0.6589241446519736
22.56023597717285,-30.0,-29.38178881850849,-0.6182111814915103,0.6759290218353271,0.009357379603898153,0.6852864014392253,0.666571642231429
22.58021640777588,-30.0,-29.41168105480679,-0.5883189451932083,0.6759290218353271,0.009357379603898153,0.6852864014392253,0.666571642231429
22.60018801689148,-30.0,-29.470751093845436,-0.5292489061545638,0.6759290218353271,0.009357379603898153,0.6852864014392253,0.666571642231429
22.620187997817993,-30.0,-29.553163375076352,-0.4468366249236482,0.672636344609782,0.0029256738198455423,0.6755620184296276,0.6697106707899365
22.64020347595215,-30.0,-29.553163375076352,-0.4468366249236482,0.672636344609782,0.0029256738198455423,0.6755620184296276,0.6697106707899365
22.660213232040405,-30.0,-29.636671325061084,-0.3633286749389164,0.672636344609782,0.0029256738198455423,0.6755620184296276,0.6697106707899365
22.680193424224854,-30.0,-29.72105581004887,-0.2789441899511296,0.670514292595908,0.0,0.670514292595908,0.670514292595908
22.700191974639893,-30.0,-29.8237196480391,-0.17628035196090153,0.670514292595908,0.0,0.670514292595908,0.670514292595908
22.720186233520508,-30.0,-29.923428843431278,-0.07657115656872193,0.670514292595908,0.0,0.670514292595908,0.670514292595908
22.740178108215332,-30.0,-30.020774324745023,0.020774324745023165,0.6595691987778991,0.004010905046015978,0.6635801038239151,0.6555582937318831
22.760188341140747,-30.0,-30.11622883479602,0.11622883479601853,0.6595691987778991,0.004010905046015978,0.6635801038239151,0.6555582937318831
22.780189514160156,-30.0,-30.22774869283682,0.2277486928368191,0.6595691987778991,0.004010905046015978,0.6635801038239151,0.6555582937318831
22.800281524658203,-30.0,-30.369698954269456,0.369698954269456,0.6936634243931621,0.00758462306112051,0.7012480474542826,0.6860788013320416
22.82016348838806,-30.0,-30.518415413415568,0.5184154134155676,0.6936634243931621,0.00758462306112051,0.7012480474542826,0.6860788013320416
22.84014344215393,-30.0,-30.654966705732452,0.654966705732452,0.6936634243931621,0.00758462306112051,0.7012480474542826,0.6860788013320416
22.86013913154602,-30.0,-30.654966705732452,0.654966705732452,0.6936634243931621,0.00758462306112051,0.7012480474542826,0.6860788013320416
22.880146026611328,-30.0,-30.781785864585963,0.781785864585963,0.6936634243931621,0.00758462306112051,0.7012480474542826,0.6860788013320416
22.900147914886475,-30.0,-30.883241191668773,0.8832411916687732,0.6936634243931621,0.00758462306112051,0.7012480474542826,0.6860788013320416
22.920283555984497,-30.0,-30.964405453335022,0.9644054533350221,0.7,0.0,0.7,0.7
22.94022846221924,-30.0,-31.029336862668014,1.0293368626680142,0.7,0.0,0.7,0.7
22.960237979888916,-30.0,-31.081281990134414,1.0812819901344142,0.7,0.0,0.7,0.7
22.98018980026245,-30.0,-31.122838092107532,1.122838092107532,0.7,0.0,0.7,0.7
23.000154972076416,-30.0,-31.173661098686026,1.1736610986860256,0.6953703442588448,0.0,0.6953703442588448,0.6953703442588448
23.02022361755371,-30.0,-31.214319503948822,1.214319503948822,0.6953703442588448,0.0,0.6953703442588448,0.6953703442588448
23.040231227874756,-30.0,-31.24684622815906,1.246846228159061,0.6953703442588448,0.0,0.6953703442588448,0.6953703442588448
23.060285806655884,-30.0,-31.24684622815906,1.246846228159061,0.6953703442588448,0.0,0.6953703442588448,0.6953703442588448
23.080273628234863,-30.0,-31.27286760752725,1.2728676075272496,0.6953703442588448,0.0,0.6953703442588448,0.6953703442588448
23.10016441345215,-30.0,-31.293684711021804,1.293684711021804,0.6953703442588448,0.0,0.6953703442588448,0.6953703442588448
23.12014389038086,-30.0,-31.310338393817446,1.310338393817446,0.6953703442588448,0.0,0.6953703442588448,0.6953703442588448
23.140138864517212,-30.0,-31.323661340053956,1.323661340053956,0.6953703442588448,0.0,0.6953703442588448,0.6953703442588448
23.160255432128906,-30.0,-31.334319697043163,1.3343196970431634,0.696844774344936,0.0,0.696844774344936,0.696844774344936
23.180234909057617,-30.0,-31.360424507634534,1.3604245076345336,0.696844774344936,0.0,0.696844774344936,0.696844774344936
23.20025897026062,-30.0,-31.38130835610763,1.3813083561076311,0.696844774344936,0.0,0.696844774344936,0.696844774344936
23.22022032737732,-30.0,-31.39801543488611,1.3980154348861085,0.696844774344936,0.0,0.696844774344936,0.696844774344936
23.24016237258911,-30.0,-31.411381097908887,1.4113810979088868,0.696844774344936,0.0,0.696844774344936,0.696844774344936
23.26013159751892,-30.0,-31.42207362832711,1.4220736283271087,0.696844774344936,0.0,0.696844774344936,0.696844774344936
23.280234575271606,-30.0,-31.42207362832711,1.4220736283271087,0.696844774344936,0.0,0.696844774344936,0.696844774344936
23.300244331359863,-30.0,-31.430627652661688,1.4306276526616877,0.696844774344936,0.0,0.696844774344936,0.696844774344936
23.320242881774902,-30.0,-31.437470872129353,1.437470872129353,0.6934891376178711,0.0,0.6934891376178711,0.6934891376178711
23.340341091156006,-30.0,-31.442945447703483,1.442945447703483,0.6934891376178711,0.0,0.6934891376178711,0.6934891376178711
23.360207557678223,-30.0,-31.447325108162786,1.4473251081627865,0.6934891376178711,0.0,0.6934891376178711,0.6934891376178711
23.380120754241943,-30.0,-31.45082883653023,1.4508288365302313,0.6934891376178711,0.0,0.6934891376178711,0.6934891376178711
23.400142431259155,-30.0,-31.45363181922419,1.4536318192241886,0.6934891376178711,0.0,0.6934891376178711,0.6934891376178711
23.420140743255615,-30.0,-31.47345233037935,1.4734523303793488,0.6934891376178711,0.0,0.6934891376178711,0.6934891376178711
23.440139293670654,-30.0,-31.48930873930348,1.4893087393034783,0.7,0.0,0.7,0.7
23.460180044174194,-30.0,-31.50199386644279,1.5019938664427883,0.7,0.0,0.7,0.7
23.480145931243896,-30.0,-31.51214196815423,1.5121419681542285,0.7,0.0,0.7,0.7
23.500134229660034,-30.0,-31.51214196815423,1.5121419681542285,0.7,0.0,0.7,0.7
23.52012586593628,-30.0,-31.52026044952338,1.5202604495233807,0.7,0.0,0.7,0.7
23.540125131607056,-30.0,-31.5267552346187,1.526755234618701,0.7,0.0,0.7,0.7
23.560184955596924,-30.0,-31.53195106269496,1.5319510626949615,0.6975664806552231,0.017126042395830154,0.7146925230510532,0.6804404382593929
23.580152988433838,-30.0,-31.53610772515597,1.5361077251559685,0.6975664806552231,0.017126042395830154,0.7146925230510532,0.6804404382593929
23.60013484954834,-30.0,-31.53943305512478,1.5394330551247783,0.6975664806552231,0.017126042395830154,0.7146925230510532,0.6804404382593929
23.62012815475464,-30.0,-31.54209331909982,1.5420933190998198,0.6975664806552231,0.017126042395830154,0.7146925230510532,0.6804404382593929
23.64013385772705,-30.0,-31.54422153027986,1.5442215302798594,0.6975664806552231,0.017126042395830154,0.7146925230510532,0.6804404382593929
23.6602623462677,-30.0,-31.545924099223885,1.5459240992238854,0.6896634924225509,0.0,0.6896634924225509,0.6896634924225509
23.680205583572388,-30.0,-31.54728615437911,1.5472861543791083,0.6896634924225509,0.0,0.6896634924225509,0.6896634924225509
23.70025610923767,-30.0,-31.548375798503287,1.5483757985032867,0.6896634924225509,0.0,0.6896634924225509,0.6896634924225509
23.72022294998169,-30.0,-31.548375798503287,1.5483757985032867,0.6896634924225509,0.0,0.6896634924225509,0.6896634924225509
23.740184783935547,-30.0,-31.549247513802634,1.5492475138026336,0.6896634924225509,0.0,0.6896634924225509,0.6896634924225509
23.76013994216919,-30.0,-31.54994488604211,1.549944886042109,0.6896634924225509,0.0,0.6896634924225509,0.6896634924225509
23.780125856399536,-30.0,-31.550502783833686,1.5505027838336858,0.6896634924225509,0.0,0.6896634924225509,0.6896634924225509
23.80018711090088,-30.0,-31.550949102066948,1.550949102066948,0.7,0.0,0.7,0.7
23.820163249969482,-30.0,-31.55130615665356,1.5513061566535598,0.7,0.0,0.7,0.7
23.840138912200928,-30.0,-31.55159180032285,1.55159180032285,0.7,0.0,0.7,0.7
23.86012625694275,-30.0,-31.551820315258283,1.5518203152582828,0.7,0.0,0.7,0.7
23.880134344100952,-30.0,-31.569581252206632,1.569581252206632,0.7,0.0,0.7,0.7
23.900296211242676,-30.0,-31.583790001765305,1.5837900017653048,0.6969255356118083,0.009749290533363819,0.7066748261451721,0.6871762450784444
23.920273065567017,-30.0,-31.595157001412247,1.5951570014122467,0.6969255356118083,0.009749290533363819,0.7066748261451721,0.6871762450784444
23.940352201461792,-30.0,-31.595157001412247,1.5951570014122467,0.6969255356118083,0.009749290533363819,0.7066748261451721,0.6871762450784444
23.960281372070312,-30.0,-31.604250601129802,1.6042506011298023,0.6969255356118083,0.009749290533363819,0.7066748261451721,0.6871762450784444
23.98020029067993,-30.0,-31.611525480903843,1.6115254809038433,0.6969255356118083,0.009749290533363819,0.7066748261451721,0.6871762450784444
24.00033450126648,-30.0,-31.617345384723077,1.6173453847230768,0.6921666122972965,0.0,0.6921666122972965,0.6921666122972965
24.020216703414917,-30.0,-31.622001307778465,1.622001307778465,0.6921666122972965,0.0,0.6921666122972965,0.6921666122972965
24.04015588760376,-30.0,-31.625726046222773,1.6257260462227734,0.6921666122972965,0.0,0.6921666122972965,0.6921666122972965
24.060134887695312,-30.0,-31.628705836978217,1.6287058369782166,0.6776200642809271,0.003923461306840181,0.6815435255877673,0.673696602974087
24.080130577087402,-30.0,-31.631089669582575,1.6310896695825754,0.6776200642809271,0.003923461306840181,0.6815435255877673,0.673696602974087
24.100136756896973,-30.0,-31.632996735666065,1.6329967356660653,0.6883842151612043,0.01788862096145749,0.7062728361226618,0.6704955941997468
24.120137214660645,-30.0,-31.634522388532854,1.6345223885328544,0.6883842151612043,0.01788862096145749,0.7062728361226618,0.6704955941997468
24.1401424407959,-30.0,-31.635742910826284,1.6357429108262842,0.6883842151612043,0.01788862096145749,0.7062728361226618,0.6704955941997468
24.16014003753662,-30.0,-31.63671932866103,1.6367193286610302,0.6712049011141061,0.03298654267564416,0.7041914437897503,0.638218358438462
24.180278301239014,-30.0,-31.63671932866103,1.6367193286610302,0.6712049011141061,0.03298654267564416,0.7041914437897503,0.638218358438462
24.200320959091187,-30.0,-31.637500462928823,1.6375004629288235,0.6712049011141061,0.03298654267564416,0.7041914437897503,0.638218358438462
24.220232248306274,-30.0,-31.638125370343058,1.638125370343058,0.6712049011141061,0.03298654267564416,0.7041914437897503,0.638218358438462
24.24016046524048,-30.0,-31.638625296274444,1.6386252962744443,0.6712049011141061,0.03298654267564416,0.7041914437897503,0.638218358438462
24.26016116142273,-30.0,-31.639025237019556,1.6390252370195562,0.6699870806653052,0.01058593625202775,0.680573016917333,0.6594011444132775
24.280165195465088,-30.0,-31.639345189615646,1.6393451896156463,0.6699870806653052,0.01058593625202775,0.680573016917333,0.6594011444132775
24.300153017044067,-30.0,-31.62202302669252,1.6220230266925206,0.6596376598346978,0.0,0.6596376598346978,0.6596376598346978
24.320274591445923,-30.0,-31.608165296354017,1.6081652963540165,0.6596376598346978,0.0,0.6596376598346978,0.6596376598346978
24.340256929397583,-30.0,-31.597079112083215,1.5970791120832146,0.6596376598346978,0.0,0.6596376598346978,0.6596376598346978
24.360189199447632,-30.0,-31.588210164666574,1.5882101646665738,0.6596376598346978,0.0,0.6596376598346978,0.6596376598346978
24.380140781402588,-30.0,-31.58111500673326,1.5811150067332598,0.6596376598346978,0.0,0.6596376598346978,0.6596376598346978
24.400308847427368,-30.0,-31.58111500673326,1.5811150067332598,0.6971680820453912,0.0,0.6971680820453912,0.6971680820453912
24.420350313186646,-30.0,-31.57543888038661,1.57543888038661,0.6971680820453912,0.0,0.6971680820453912,0.6971680820453912
24.440244913101196,-30.0,-31.588476104309294,1.5884761043092936,0.6971680820453912,0.0,0.6971680820453912,0.6971680820453912
24.460181713104248,-30.0,-31.598905883447436,1.5989058834474363,0.6971680820453912,0.0,0.6971680820453912,0.6971680820453912
24.48013663291931,-30.0,-31.60724970675795,1.6072497067579512,0.7,0.0,0.7,0.7
24.500131607055664,-30.0,-31.613924765406363,1.613924765406363,0.7,0.0,0.7,0.7
24.520125150680542,-30.0,-31.619264812325092,1.619264812325092,0.7,0.0,0.7,0.7
24.540130138397217,-30.0,-31.64111497486008,1.6411149748600806,0.7,0.0,0.7,0.7
24.56013011932373,-30.0,-31.658595104888064,1.6585951048880645,0.7,0.0,0.7,0.7
24.580137968063354,-30.0,-31.672579208910456,1.6725792089104559,0.6984374645864591,0.030127359554171562,0.7285648241406306,0.6683101050322875
24.600144147872925,-30.0,-31.672579208910456,1.6725792089104559,0.6984374645864591,0.030127359554171562,0.7285648241406306,0.6683101050322875
24.62013268470764,-30.0,-31.683766492128367,1.6837664921283668,0.6992741484893485,0.04469343647360802,0.7439675849629566,0.6545807120157405
24.640255451202393,-30.0,-31.692716318702693,1.6927163187026935,0.6992741484893485,0.04469343647360802,0.7439675849629566,0.6545807120157405
24.660272121429443,-30.0,-31.699876179962157,1.699876179962157,0.6992741484893485,0.04469343647360802,0.7439675849629566,0.6545807120157405
24.68023180961609,-30.0,-31.705604068969727,1.705604068969727,0.6992741484893485,0.04469343647360802,0.7439675849629566,0.6545807120157405
24.70017409324646,-30.0,-31.71018638017578,1.7101863801757808,0.6992741484893485,0.04469343647360802,0.7439675849629566,0.6545807120157405
24.72014856338501,-30.0,-31.713852229140628,1.7138522291406275,0.6996595458942465,0.02598225325345993,0.7256417991477064,0.6736772926407866
24.740139484405518,-30.0,-31.716784908312505,1.7167849083125049,0.6996595458942465,0.02598225325345993,0.7256417991477064,0.6736772926407866
24.760135650634766,-30.0,-31.701552926650006,1.701552926650006,0.6996595458942465,0.02598225325345993,0.7256417991477064,0.6736772926407866
24.7801411151886,-30.0,-31.689367341320008,1.6893673413200077,0.6886068861815147,0.003793414682149887,0.6924003008636646,0.6848134714993648
24.800145864486694,-30.0,-31.679618873056004,1.679618873056004,0.6886068861815147,0.003793414682149887,0.6924003008636646,0.6848134714993648
24.820137977600098,-30.0,-31.679618873056004,1.679618873056004,0.6851353833801113,0.0,0.6851353833801113,0.6851353833801113
24.840137243270874,-30.0,-31.671820098444805,1.6718200984448046,0.6851353833801113,0.0,0.6851353833801113,0.6851353833801113
24.860182523727417,-30.0,-31.66558107875585,1.6655810787558494,0.6851353833801113,0.0,0.6851353833801113,0.6851353833801113
24.880107164382935,-30.0,-31.66058986300468,1.660589863004681,0.6851353833801113,0.0,0.6851353833801113,0.6851353833801113
24.900140523910522,-30.0,-31.656596890403748,1.6565968904037476,0.6857473466545343,0.017797276377677917,0.7035446230322122,0.6679500702768564
24.920212984085083,-30.0,-31.653402512323005,1.6534025123230052,0.6857473466545343,0.017797276377677917,0.7035446230322122,0.6679500702768564
24.940173625946045,-30.0,-31.650847009858403,1.6508470098584027,0.6857473466545343,0.017797276377677917,0.7035446230322122,0.6679500702768564
24.960137844085693,-30.0,-31.666380732886726,1.6663807328867257,0.6857473466545343,0.017797276377677917,0.7035446230322122,0.6679500702768564
24.980139017105103,-30.0,-31.67880771130938,1.6788077113093784,0.6857473466545343,0.017797276377677917,0.7035446230322122,0.6679500702768564
25.00014019012451,0.0,-31.688749294047508,31.688749294047508,0.6857473466545343,0.017797276377677917,0.7035446230322122,0.6679500702768564
25.02013325691223,0.0,-31.69670256023801,31.69670256023801,0.6857473466545343,0.017797276377677917,0.7035446230322122,0.6679500702768564
25.04026460647583,0.0,-31.69670256023801,31.69670256023801,0.6749212050810456,0.03904551640152931,0.7139667214825749,0.6358756886795163
25.060149669647217,0.0,-31.703065173190407,31.703065173190407,0.6749212050810456,0.03904551640152931,0.7139667214825749,0.6358756886795163
25.08014225959778,0.0,-31.70815526355233,31.70815526355233,0.6749212050810456,0.03904551640152931,0.7139667214825749,0.6358756886795163
25.100139617919922,0.0,-31.71222733584187,31.71222733584187,0.6749212050810456,0.03904551640152931,0.7139667214825749,0.6358756886795163
25.120141744613647,0.0,-31.7154849936735,31.7154849936735,0.6749212050810456,0.03904551640152931,0.7139667214825749,0.6358756886795163
25.14013934135437,0.0,-31.7180911199388,31.7180911199388,0.6749212050810456,0.03904551640152931,0.7139667214825749,0.6358756886795163
25.160258293151855,0.0,-31.702597895951047,31.702597895951047,0.7,0.043580638244748116,0.7435806382447481,0.6564193617552518
25.180155754089355,0.0,-31.690203316760844,31.690203316760844,0.7,0.043580638244748116,0.7435806382447481,0.6564193617552518
25.200145721435547,0.0,-31.68028765340868,31.68028765340868,0.7,0.043580638244748116,0.7435806382447481,0.6564193617552518
25.22014594078064,0.0,-31.672355122726945,31.672355122726945,0.7,0.043580638244748116,0.7435806382447481,0.6564193617552518
25.24014115333557,0.0,-31.666009098181558,31.666009098181558,0.7,0.043580638244748116,0.7435806382447481,0.6564193617552518
25.2601375579834,0.0,-31.666009098181558,31.666009098181558,0.7,0.043580638244748116,0.7435806382447481,0.6564193617552518
25.280251026153564,0.0,-31.66093227854525,31.66093227854525,0.7,0.08668580465018749,0.7866858046501874,0.6133141953498125
25.300243616104126,0.0,-31.656870822836204,31.656870822836204,0.7,0.08668580465018749,0.7866858046501874,0.6133141953498125
25.320292949676514,0.0,-31.653621658268964,31.653621658268964,0.7,0.08668580465018749,0.7866858046501874,0.6133141953498125
25.340248346328735,0.0,-31.65102232661518,31.65102232661518,0.7,0.08668580465018749,0.7866858046501874,0.6133141953498125
25.360173225402832,0.0,-31.648942861292145,31.648942861292145,0.7,0.08668580465018749,0.7866858046501874,0.6133141953498125
25.380167961120605,0.0,-31.629701164033715,31.629701164033715,0.6611791260540485,0.0978311076760292,0.7590102337300777,0.5633480183780193
25.400203943252563,0.0,-31.596729681226975,31.596729681226975,0.6611791260540485,0.0978311076760292,0.7590102337300777,0.5633480183780193
25.420189380645752,0.0,-31.552774369981584,31.552774369981584,0.6611791260540485,0.0978311076760292,0.7590102337300777,0.5633480183780193
25.44018006324768,0.0,-31.517610120985267,31.517610120985267,0.6611791260540485,0.0978311076760292,0.7590102337300777,0.5633480183780193
25.46020269393921,0.0,-31.454322471788213,31.454322471788213,0.6469187539070844,0.1678311076760292,0.8147498615831137,0.4790876462310552
25.480186939239502,0.0,-31.454322471788213,31.454322471788213,0.6469187539070844,0.1678311076760292,0.8147498615831137,0.4790876462310552
25.500195026397705,0.0,-31.38611422743057,31.38611422743057,0.6469187539070844,0.1678311076760292,0.8147498615831137,0.4790876462310552
25.520195245742798,0.0,-31.331547631944463,31.331547631944463,0.6469187539070844,0.1678311076760292,0.8147498615831137,0.4790876462310552
25.540186166763306,0.0,-31.27031623055557,31.27031623055557,0.6469187539070844,0.1678311076760292,0.8147498615831137,0.4790876462310552
25.560197114944458,0.0,-31.151018609444453,31.151018609444453,0.6469187539070844,0.1678311076760292,0.8147498615831137,0.4790876462310552
25.58018708229065,0.0,-30.914955512555572,30.914955512555572,0.6469187539070844,0.1678311076760292,0.8147498615831137,0.4790876462310552
25.600286722183228,0.0,-30.567901910044455,30.567901910044455,0.6708426408469677,0.21768634364008904,0.8885289844870567,0.4531562972068786
25.620285272598267,0.0,-30.14963402803557,30.14963402803557,0.6708426408469677,0.21768634364008904,0.8885289844870567,0.4531562972068786
25.640291929244995,0.0,-29.72712909742846,29.72712909742846,0.6708426408469677,0.21768634364008904,0.8885289844870567,0.4531562972068786
25.660227060317993,0.0,-29.37154702794277,29.37154702794277,0.6708426408469677,0.21768634364008904,0.8885289844870567,0.4531562972068786
25.68022322654724,0.0,-29.069503247354216,29.069503247354216,0.6708426408469677,0.21768634364008904,0.8885289844870567,0.4531562972068786
25.70020031929016,0.0,-28.72239947288337,28.72239947288337,0.6708426408469677,0.21768634364008904,0.8885289844870567,0.4531562972068786
25.720180988311768,0.0,-28.72239947288337,28.72239947288337,0.6708426408469677,0.21768634364008904,0.8885289844870567,0.4531562972068786
25.740288734436035,0.0,-28.286513328306697,28.286513328306697,0.6708426408469677,0.21768634364008904,0.8885289844870567,0.4531562972068786
25.76032066345215,0.0,-27.83233566264536,27.83233566264536,0.6008426408469676,0.21890644256956876,0.8197490834165364,0.38193619827739883
25.780171871185303,0.0,-27.398681030116293,27.398681030116293,0.6008426408469676,0.21890644256956876,0.8197490834165364,0.38193619827739883
25.80018901824951,0.0,-27.034179199093035,27.034179199093035,0.6008426408469676,0.21890644256956876,0.8197490834165364,0.38193619827739883
25.820163011550903,0.0,-26.760155859274434,26.760155859274434,0.6008426408469676,0.21890644256956876,0.8197490834165364,0.38193619827739883
25.84013819694519,0.0,-26.540937187419548,26.540937187419548,0.6008426408469676,0.21890644256956876,0.8197490834165364,0.38193619827739883
25.86013889312744,0.0,-26.36556224993564,26.36556224993564,0.6008426408469676,0.21890644256956876,0.8197490834165364,0.38193619827739883
25.880143880844116,0.0,-26.22526229994851,26.22526229994851,0.6008426408469676,0.21890644256956876,0.8197490834165364,0.38193619827739883
25.900142431259155,0.0,-26.09544421495881,26.09544421495881,0.6008426408469676,0.21890644256956876,0.8197490834165364,0.38193619827739883
25.920286417007446,0.0,-26.09544421495881,26.09544421495881,0.6496389071643351,0.21504858269356192,0.8646874898578971,0.4345903244707732
25.940176010131836,0.0,-25.93885537196705,25.93885537196705,0.6496389071643351,0.21504858269356192,0.8646874898578971,0.4345903244707732
25.960164070129395,0.0,-25.778428047573644,25.778428047573644,0.6496389071643351,0.21504858269356192,0.8646874898578971,0.4345903244707732
25.980154752731323,0.0,-25.63250806305892,25.63250806305892,0.6496389071643351,0.21504858269356192,0.8646874898578971,0.4345903244707732
26.000146865844727,0.0,-25.515772075447135,25.515772075447135,0.6496389071643351,0.21504858269356192,0.8646874898578971,0.4345903244707732
26.020140171051025,0.0,-25.42238328535771,25.42238328535771,0.6496389071643351,0.21504858269356192,0.8646874898578971,0.4345903244707732
26.040138721466064,0.0,-25.34767225328617,25.34767225328617,0.6496389071643351,0.21504858269356192,0.8646874898578971,0.4345903244707732
26.06027126312256,0.0,-25.287903427628937,25.287903427628937,0.6333487062901257,0.20964746543206275,0.8429961717221885,0.423701240858063
26.080299139022827,0.0,-25.24008836710315,25.24008836710315,0.6333487062901257,0.20964746543206275,0.8429961717221885,0.423701240858063
26.100263118743896,0.0,-25.20183631868252,25.20183631868252,0.6333487062901257,0.20964746543206275,0.8429961717221885,0.423701240858063
26.12018895149231,0.0,-25.171234679946014,25.171234679946014,0.6333487062901257,0.20964746543206275,0.8429961717221885,0.423701240858063
26.14014959335327,0.0,-25.171234679946014,25.171234679946014,0.6067581578344106,0.2277464381698519,0.8345045960042625,0.37901171966455866
26.160258293151855,0.0,-25.146753368956816,25.146753368956816,0.6067581578344106,0.2277464381698519,0.8345045960042625,0.37901171966455866
26.18030858039856,0.0,-25.127168320165453,25.127168320165453,0.6067581578344106,0.2277464381698519,0.8345045960042625,0.37901171966455866
26.2003116607666,0.0,-25.111500281132365,25.111500281132365,0.6067581578344106,0.2277464381698519,0.8345045960042625,0.37901171966455866
26.220255851745605,0.0,-25.09896584990589,25.09896584990589,0.6067581578344106,0.2277464381698519,0.8345045960042625,0.37901171966455866
26.24016809463501,0.0,-25.08893830492471,25.08893830492471,0.6067581578344106,0.2277464381698519,0.8345045960042625,0.37901171966455866
26.260141134262085,0.0,-25.080916268939774,25.080916268939774,0.6067581578344106,0.2277464381698519,0.8345045960042625,0.37901171966455866
26.280138731002808,0.0,-25.074498640151816,25.074498640151816,0.6067581578344106,0.2277464381698519,0.8345045960042625,0.37901171966455866
26.300277709960938,0.0,-25.069364537121455,25.069364537121455,0.6079452263610436,0.26269496598280967,0.8706401923438534,0.345250260378234
26.320148468017578,0.0,-25.065257254697162,25.065257254697162,0.6079452263610436,0.26269496598280967,0.8706401923438534,0.345250260378234
26.340142965316772,0.0,-25.044393303757733,25.044393303757733,0.6079452263610436,0.26269496598280967,0.8706401923438534,0.345250260378234
26.36014747619629,0.0,-25.044393303757733,25.044393303757733,0.6079452263610436,0.26269496598280967,0.8706401923438534,0.345250260378234
26.380157709121704,0.0,-25.027702143006184,25.027702143006184,0.6079452263610436,0.26269496598280967,0.8706401923438534,0.345250260378234
26.400151014328003,0.0,-24.926458589404948,24.926458589404948,0.6105120121454819,0.19269496598280966,0.8032069781282916,0.41781704616267223
26.420172929763794,0.0,-24.70483874652396,24.70483874652396,0.6105120121454819,0.19269496598280966,0.8032069781282916,0.41781704616267223
26.440163135528564,0.0,-24.369339747219172,24.369339747219172,0.6105120121454819,0.19269496598280966,0.8032069781282916,0.41781704616267223
26.460136651992798,0.0,-23.995471797775338,23.995471797775338,0.6105120121454819,0.19269496598280966,0.8032069781282916,0.41781704616267223
26.48013472557068,0.0,-23.678799313220274,23.678799313220274,0.6105120121454819,0.19269496598280966,0.8032069781282916,0.41781704616267223
26.500136375427246,0.0,-23.42546132557622,23.42546132557622,0.6105120121454819,0.19269496598280966,0.8032069781282916,0.41781704616267223
26.52031970024109,0.0,-23.222790935460978,23.222790935460978,0.5698335817968472,0.1912781826686114,0.7611117644654586,0.37855539912823577
26.540142059326172,0.0,-23.078232748368784,23.078232748368784,0.5698335817968472,0.1912781826686114,0.7611117644654586,0.37855539912823577
26.560155391693115,0.0,-22.96258619869503,22.96258619869503,0.5698335817968472,0.1912781826686114,0.7611117644654586,0.37855539912823577
26.580137491226196,0.0,-22.96258619869503,22.96258619869503,0.5698335817968472,0.1912781826686114,0.7611117644654586,0.37855539912823577
26.60013198852539,0.0,-22.887647083956026,22.887647083956026,0.5698335817968472,0.1912781826686114,0.7611117644654586,0.37855539912823577
26.620137214660645,0.0,-22.82769579216482,22.82769579216482,0.5698335817968472,0.1912781826686114,0.7611117644654586,0.37855539912823577
26.64013433456421,0.0,-22.79731288373186,22.79731288373186,0.5571900573512538,0.20694723422639072,0.7641372915776445,0.3502428231248631
26.660142183303833,0.0,-22.77300655698549,22.77300655698549,0.5571900573512538,0.20694723422639072,0.7641372915776445,0.3502428231248631
26.680164098739624,0.0,-22.753561495588393,22.753561495588393,0.5571900573512538,0.20694723422639072,0.7641372915776445,0.3502428231248631
26.700135707855225,0.0,-22.75558357147072,22.75558357147072,0.5571900573512538,0.20694723422639072,0.7641372915776445,0.3502428231248631
26.720136165618896,0.0,-22.757201232176577,22.757201232176577,0.5571900573512538,0.20694723422639072,0.7641372915776445,0.3502428231248631
26.74013352394104,0.0,-22.758495360741264,22.758495360741264,0.5571900573512538,0.20694723422639072,0.7641372915776445,0.3502428231248631
26.76025652885437,0.0,-22.759530663593015,22.759530663593015,0.5327555132051929,0.1369472342263907,0.6697027474315835,0.39580827897880216
26.780253410339355,0.0,-22.760358905874416,22.760358905874416,0.5327555132051929,0.1369472342263907,0.6697027474315835,0.39580827897880216
26.800255060195923,0.0,-22.760358905874416,22.760358905874416,0.5327555132051929,0.1369472342263907,0.6697027474315835,0.39580827897880216
26.82022738456726,0.0,-22.76102149969953,22.76102149969953,0.5327555132051929,0.1369472342263907,0.6697027474315835,0.39580827897880216
26.840141773223877,0.0,-22.761551574759626,22.761551574759626,0.5047667049756273,0.1383904123865068,0.643157117362134,0.36637629258912047
26.860215187072754,0.0,-22.761975634807705,22.761975634807705,0.5047667049756273,0.1383904123865068,0.643157117362134,0.36637629258912047
26.880180597305298,0.0,-22.762314882846166,22.762314882846166,0.5047667049756273,0.1383904123865068,0.643157117362134,0.36637629258912047
26.900137901306152,0.0,-22.762586281276935,22.762586281276935,0.5047667049756273,0.1383904123865068,0.643157117362134,0.36637629258912047
26.920137405395508,0.0,-22.76280340002155,22.76280340002155,0.5129787414288147,0.15214132593944668,0.6651200673682613,0.36083741548936804
26.940139293670654,0.0,-22.78055522001724,22.78055522001724,0.5129787414288147,0.15214132593944668,0.6651200673682613,0.36083741548936804
26.96014094352722,0.0,-22.812334801013794,22.812334801013794,0.5340459472453221,0.12810542138293385,0.6621513686282559,0.4059405258623882
26.980142831802368,0.0,-22.855336590811035,22.855336590811035,0.5340459472453221,0.12810542138293385,0.6621513686282559,0.4059405258623882
27.000133752822876,0.0,-22.889738022648835,22.889738022648835,0.5340459472453221,0.12810542138293385,0.6621513686282559,0.4059405258623882
27.02013087272644,0.0,-22.91725916811907,22.91725916811907,0.5340459472453221,0.12810542138293385,0.6621513686282559,0.4059405258623882
27.040201425552368,0.0,-22.91725916811907,22.91725916811907,0.5340459472453221,0.12810542138293385,0.6621513686282559,0.4059405258623882
27.060145616531372,0.0,-22.95685420949526,22.95685420949526,0.5340459472453221,0.12810542138293385,0.6621513686282559,0.4059405258623882
27.08025097846985,0.0,-22.98853024259621,22.98853024259621,0.46404594724532205,0.09349194245412945,0.5575378896994515,0.3705540047911926
27.10026264190674,0.0,-23.03144919407697,23.03144919407697,0.46404594724532205,0.09349194245412945,0.5575378896994515,0.3705540047911926
27.120277881622314,0.0,-23.065784355261577,23.065784355261577,0.46404594724532205,0.09349194245412945,0.5575378896994515,0.3705540047911926
27.14022731781006,0.0,-23.128408734209263,23.128408734209263,0.46404594724532205,0.09349194245412945,0.5575378896994515,0.3705540047911926
27.16015601158142,0.0,-23.23124261236741,23.23124261236741,0.46404594724532205,0.09349194245412945,0.5575378896994515,0.3705540047911926
27.180219650268555,0.0,-23.348665964893932,23.348665964893932,0.4105400907015427,0.0975367341376841,0.5080768248392268,0.3130033565638586
27.20020318031311,0.0,-23.495339021915147,23.495339021915147,0.4105400907015427,0.0975367341376841,0.5080768248392268,0.3130033565638586
27.220153331756592,0.0,-23.66541184253212,23.66541184253212,0.4105400907015427,0.0975367341376841,0.5080768248392268,0.3130033565638586
27.24013876914978,0.0,-23.66541184253212,23.66541184253212,0.4197932377597316,0.0983410489349626,0.5181342866946942,0.321452188824769
27.260138034820557,0.0,-23.854204474025696,23.854204474025696,0.4197932377597316,0.0983410489349626,0.5181342866946942,0.321452188824769
27.280138731002808,0.0,-24.005238579220556,24.005238579220556,0.4008025534590705,0.15143237380078062,0.5522349272598511,0.2493701796582899
27.300140619277954,0.0,-24.143643988376446,24.143643988376446,0.4008025534590705,0.15143237380078062,0.5522349272598511,0.2493701796582899
27.320143699645996,0.0,-24.25436831570116,24.25436831570116,0.4008025534590705,0.15143237380078062,0.5522349272598511,0.2493701796582899
27.34029483795166,0.0,-24.360525902560934,24.360525902560934,0.3979136793082579,0.14796084818197414,0.545874527490232,0.24995283112628375
27.360158681869507,0.0,-24.445451972048748,24.445451972048748,0.3979136793082579,0.14796084818197414,0.545874527490232,0.24995283112628375
27.38014268875122,0.0,-24.513392827639002,24.513392827639002,0.4166908932989462,0.12975506764603778,0.546445960944984,0.2869358256529084
27.400144815444946,0.0,-24.550167387111205,24.550167387111205,0.4166908932989462,0.12975506764603778,0.546445960944984,0.2869358256529084
27.420146226882935,0.0,-24.544430784688966,24.544430784688966,0.4166908932989462,0.12975506764603778,0.546445960944984,0.2869358256529084
27.440145254135132,0.0,-24.451950877751173,24.451950877751173,0.4032062588399275,0.18907092419220134,0.5922771830321288,0.21413533464772616
27.460146188735962,0.0,-24.451950877751173,24.451950877751173,0.4032062588399275,0.18907092419220134,0.5922771830321288,0.21413533464772616
27.480161428451538,0.0,-24.254920077200943,24.254920077200943,0.4032062588399275,0.18907092419220134,0.5922771830321288,0.21413533464772616
27.50015163421631,0.0,-24.026982936760756,24.026982936760756,0.4324577728426083,0.16040364001644775,0.592861412859056,0.27205413282616053
27.52014970779419,0.0,-23.844633224408607,23.844633224408607,0.4324577728426083,0.16040364001644775,0.592861412859056,0.27205413282616053
27.54015350341797,0.0,-23.681175329526887,23.681175329526887,0.4692031944310292,0.15643107426119968,0.6256342686922289,0.3127721201698295
27.560166358947754,0.0,-23.46251838862151,23.46251838862151,0.4692031944310292,0.15643107426119968,0.6256342686922289,0.3127721201698295
27.580148935317993,0.0,-23.146967835897208,23.146967835897208,0.4692031944310292,0.15643107426119968,0.6256342686922289,0.3127721201698295
27.600147485733032,0.0,-22.78905864371777,22.78905864371777,0.5392031944310292,0.1759260529722087,0.7151292474032378,0.36327714145882045
27.620137214660645,0.0,-22.502731289974214,22.502731289974214,0.5392031944310292,0.1759260529722087,0.7151292474032378,0.36327714145882045
27.640137672424316,0.0,-22.27366940697937,22.27366940697937,0.5392031944310292,0.1759260529722087,0.7151292474032378,0.36327714145882045
27.66013813018799,0.0,-22.0904199005835,22.0904199005835,0.5392031944310292,0.1759260529722087,0.7151292474032378,0.36327714145882045
27.680135011672974,0.0,-22.0904199005835,22.0904199005835,0.5392031944310292,0.1759260529722087,0.7151292474032378,0.36327714145882045
27.700143814086914,0.0,-21.9262421704668,21.9262421704668,0.5392031944310292,0.1759260529722087,0.7151292474032378,0.36327714145882045
27.720136404037476,0.0,-21.81247811137344,21.81247811137344,0.5392031944310292,0.1759260529722087,0.7151292474032378,0.36327714145882045
27.740156412124634,0.0,-21.703888739098755,21.703888739098755,0.516980004957877,0.24592605297220874,0.7629060579300857,0.2710539519856683
27.760225772857666,0.0,-21.617017241279004,21.617017241279004,0.516980004957877,0.24592605297220874,0.7629060579300857,0.2710539519856683
27.780223846435547,0.0,-21.547520043023205,21.547520043023205,0.516980004957877,0.24592605297220874,0.7629060579300857,0.2710539519856683
27.800230741500854,0.0,-21.491922284418564,21.491922284418564,0.516980004957877,0.24592605297220874,0.7629060579300857,0.2710539519856683
27.820188522338867,0.0,-21.46502220253485,21.46502220253485,0.516980004957877,0.24592605297220874,0.7629060579300857,0.2710539519856683
27.840141534805298,0.0,-21.425924012027885,21.425924012027885,0.518334639254026,0.22169387218309566,0.7400285114371217,0.29664076707093034
27.86016607284546,0.0,-21.394645459622307,21.394645459622307,0.518334639254026,0.22169387218309566,0.7400285114371217,0.29664076707093034
27.88015580177307,0.0,-21.352044492697846,21.352044492697846,0.518334639254026,0.22169387218309566,0.7400285114371217,0.29664076707093034
27.900137662887573,0.0,-21.352044492697846,21.352044492697846,0.4510827930597588,0.1910705926711671,0.6421533857309258,0.2600122003885917
27.920135259628296,0.0,-21.300385594158282,21.300385594158282,0.4510827930597588,0.1910705926711671,0.6421533857309258,0.2600122003885917
27.94013547897339,0.0,-21.241480350326626,21.241480350326626,0.4510827930597588,0.1910705926711671,0.6421533857309258,0.2600122003885917
27.960132598876953,0.0,-21.1943561552613,21.1943561552613,0.42169099021237333,0.17159677733434364,0.593287767546717,0.2500942128780297
27.98025941848755,0.0,-21.15665679920904,21.15665679920904,0.42169099021237333,0.17159677733434364,0.593287767546717,0.2500942128780297
28.000230073928833,0.0,-21.14407543936723,21.14407543936723,0.42169099021237333,0.17159677733434364,0.593287767546717,0.2500942128780297
28.020214080810547,0.0,-21.06369785149379,21.06369785149379,0.42169099021237333,0.17159677733434364,0.593287767546717,0.2500942128780297
28.040165901184082,0.0,-20.94666140619503,20.94666140619503,0.42169099021237333,0.17159677733434364,0.593287767546717,0.2500942128780297
28.060134172439575,0.0,-20.853032249956026,20.853032249956026,0.4437662390945478,0.20837627415312454,0.6521425132476724,0.23538996494142328
28.080162286758423,0.0,-20.79570704996482,20.79570704996482,0.4437662390945478,0.20837627415312454,0.6521425132476724,0.23538996494142328
28.100137948989868,0.0,-20.76742501497186,20.76742501497186,0.4437662390945478,0.20837627415312454,0.6521425132476724,0.23538996494142328
28.120132446289062,0.0,-20.76742501497186,20.76742501497186,0.3924681944726034,0.2060127707081847,0.5984809651807881,0.1864554237644187
28.14013671875,0.0,-20.744799386977483,20.744799386977483,0.3924681944726034,0.2060127707081847,0.5984809651807881,0.1864554237644187
28.160131692886353,0.0,-20.726698884581985,20.726698884581985,0.3924681944726034,0.2060127707081847,0.5984809651807881,0.1864554237644187
28.180137872695923,0.0,-20.69464035766559,20.69464035766559,0.3937758796336128,0.19983389339176938,0.5936097730253822,0.19394198624184344
28.200138092041016,0.0,-20.68657166113247,20.68657166113247,0.3937758796336128,0.19983389339176938,0.5936097730253822,0.19394198624184344
28.22012996673584,0.0,-20.68011670390598,20.68011670390598,0.3937758796336128,0.19983389339176938,0.5936097730253822,0.19394198624184344
28.24013924598694,0.0,-20.674952738124784,20.674952738124784,0.3937758796336128,0.19983389339176938,0.5936097730253822,0.19394198624184344
28.260135412216187,0.0,-20.670821565499832,20.670821565499832,0.3937758796336128,0.19983389339176938,0.5936097730253822,0.19394198624184344
28.280263423919678,0.0,-20.667516627399866,20.667516627399866,0.3237758796336128,0.17121935373870656,0.4949952333723194,0.15255652589490626
28.30027174949646,0.0,-20.64729455191989,20.64729455191989,0.3237758796336128,0.17121935373870656,0.4949952333723194,0.15255652589490626
28.320193767547607,0.0,-20.613538766535914,20.613538766535914,0.3237758796336128,0.17121935373870656,0.4949952333723194,0.15255652589490626
28.340150833129883,0.0,-20.613538766535914,20.613538766535914,0.3237758796336128,0.17121935373870656,0.4949952333723194,0.15255652589490626
28.360295295715332,0.0,-20.551377888228735,20.551377888228735,0.3608686472894623,0.15249980910448357,0.5133684563939458,0.2083688381849787
28.380309581756592,0.0,-20.466492935582988,20.466492935582988,0.3608686472894623,0.15249980910448357,0.5133684563939458,0.2083688381849787
28.400280475616455,0.0,-20.34585059846639,20.34585059846639,0.3608686472894623,0.15249980910448357,0.5133684563939458,0.2083688381849787
28.42021155357361,0.0,-20.161446103773113,20.161446103773113,0.3608686472894623,0.15249980910448357,0.5133684563939458,0.2083688381849787
28.440157413482666,0.0,-19.94361000801849,19.94361000801849,0.3608686472894623,0.15249980910448357,0.5133684563939458,0.2083688381849787
28.460129737854004,0.0,-19.75176300641479,19.75176300641479,0.3608686472894623,0.15249980910448357,0.5133684563939458,0.2083688381849787
28.480140686035156,0.0,-19.598285405131833,19.598285405131833,0.3608686472894623,0.15249980910448357,0.5133684563939458,0.2083688381849787
28.500199794769287,0.0,-19.493081449105468,19.493081449105468,0.35896039608865965,0.19905225856928155,0.5580126546579411,0.1599081375193781
28.520201206207275,0.0,-19.408918284284375,19.408918284284375,0.35896039608865965,0.19905225856928155,0.5580126546579411,0.1599081375193781
28.540438413619995,0.0,-19.3415877524275,19.3415877524275,0.35896039608865965,0.19905225856928155,0.5580126546579411,0.1599081375193781
28.5602388381958,0.0,-19.3415877524275,19.3415877524275,0.35896039608865965,0.19905225856928155,0.5580126546579411,0.1599081375193781
28.58016562461853,0.0,-19.305301451942,19.305301451942,0.35896039608865965,0.19905225856928155,0.5580126546579411,0.1599081375193781
28.600177526474,0.0,-19.2586942865536,19.2586942865536,0.35896039608865965,0.19905225856928155,0.5580126546579411,0.1599081375193781
28.620124101638794,0.0,-19.22140855424288,19.22140855424288,0.35896039608865965,0.19905225856928155,0.5580126546579411,0.1599081375193781
28.6401948928833,0.0,-19.191579968394304,19.191579968394304,0.37344079598784435,0.1697856794926338,0.5432264754804781,0.20365511649521056
28.660146713256836,0.0,-19.150138974715443,19.150138974715443,0.37344079598784435,0.1697856794926338,0.5432264754804781,0.20365511649521056
28.680137395858765,0.0,-19.116986179772354,19.116986179772354,0.37344079598784435,0.1697856794926338,0.5432264754804781,0.20365511649521056
28.70012593269348,0.0,-19.072885818817888,19.072885818817888,0.37344079598784435,0.1697856794926338,0.5432264754804781,0.20365511649521056
28.720126152038574,0.0,-18.96729303005431,18.96729303005431,0.37344079598784435,0.1697856794926338,0.5432264754804781,0.20365511649521056
28.74012589454651,0.0,-18.84766254904345,18.84766254904345,0.37344079598784435,0.1697856794926338,0.5432264754804781,0.20365511649521056
28.760148286819458,0.0,-18.75195816423476,18.75195816423476,0.4174205972254275,0.16262537165312096,0.5800459688785484,0.25479522557230655
28.78013849258423,0.0,-18.75195816423476,18.75195816423476,0.4174205972254275,0.16262537165312096,0.5800459688785484,0.25479522557230655
28.800124168395996,0.0,-18.675394656387812,18.675394656387812,0.4174205972254275,0.16262537165312096,0.5800459688785484,0.25479522557230655
28.820125579833984,0.0,-18.61414385011025,18.61414385011025,0.4174205972254275,0.16262537165312096,0.5800459688785484,0.25479522557230655
28.840128421783447,0.0,-18.5651432050882,18.5651432050882,0.4174205972254275,0.16262537165312096,0.5800459688785484,0.25479522557230655
28.860299110412598,0.0,-18.54352081407056,18.54352081407056,0.3641675202548503,0.17533450032351539,0.5395020205783656,0.1888330199313349
28.880147457122803,0.0,-18.52622290125645,18.52622290125645,0.3641675202548503,0.17533450032351539,0.5395020205783656,0.1888330199313349
28.90013098716736,0.0,-18.51238457100516,18.51238457100516,0.3641675202548503,0.17533450032351539,0.5395020205783656,0.1888330199313349
28.920100212097168,0.0,-18.518892031804125,18.518892031804125,0.3641675202548503,0.17533450032351539,0.5395020205783656,0.1888330199313349
28.940130472183228,0.0,-18.5240980004433,18.5240980004433,0.3641675202548503,0.17533450032351539,0.5395020205783656,0.1888330199313349
28.960132598876953,0.0,-18.52826277535464,18.52826277535464,0.3641675202548503,0.17533450032351539,0.5395020205783656,0.1888330199313349
28.980300664901733,0.0,-18.53159459528371,18.53159459528371,0.3305501355230807,0.19725159014342353,0.5278017256665042,0.13329854537965719
29.00014042854309,0.0,-18.53159459528371,18.53159459528371,0.3305501355230807,0.19725159014342353,0.5278017256665042,0.13329854537965719
29.020132541656494,0.0,-18.53426005122697,18.53426005122697,0.3305501355230807,0.19725159014342353,0.5278017256665042,0.13329854537965719
29.04008722305298,0.0,-18.536392415981577,18.536392415981577,0.3305501355230807,0.19725159014342353,0.5278017256665042,0.13329854537965719
29.06013250350952,0.0,-18.53809830778526,18.53809830778526,0.3305501355230807,0.19725159014342353,0.5278017256665042,0.13329854537965719
29.080127239227295,0.0,-18.55704114622821,18.55704114622821,0.3305501355230807,0.19725159014342353,0.5278017256665042,0.13329854537965719
29.10019087791443,0.0,-18.572195416982566,18.572195416982566,0.31145792588591564,0.2267347706365399,0.5381926965224555,0.08472315524937574
29.120161533355713,0.0,-18.584318833586057,18.584318833586057,0.31145792588591564,0.2267347706365399,0.5381926965224555,0.08472315524937574
29.14015293121338,0.0,-18.59401756686885,18.59401756686885,0.31145792588591564,0.2267347706365399,0.5381926965224555,0.08472315524937574
29.160135746002197,0.0,-18.58419842849508,18.58419842849508,0.31145792588591564,0.2267347706365399,0.5381926965224555,0.08472315524937574
29.18013310432434,0.0,-18.470874367796064,18.470874367796064,0.31145792588591564,0.2267347706365399,0.5381926965224555,0.08472315524937574
29.200129985809326,0.0,-18.134121369236855,18.134121369236855,0.24145792588591564,0.19490745867369696,0.4363653845596126,0.04655046721221867
29.220160722732544,0.0,-18.134121369236855,18.134121369236855,0.24145792588591564,0.19490745867369696,0.4363653845596126,0.04655046721221867
29.240143299102783,0.0,-17.548312720389486,17.548312720389486,0.24145792588591564,0.19490745867369696,0.4363653845596126,0.04655046721221867
29.260127067565918,0.0,-16.798415801311588,16.798415801311588,0.24145792588591564,0.19490745867369696,0.4363653845596126,0.04655046721221867
29.280128955841064,0.0,-16.057873266049274,16.057873266049274,0.24145792588591564,0.19490745867369696,0.4363653845596126,0.04655046721221867
29.300124406814575,0.0,-15.43028298783942,15.43028298783942,0.24145792588591564,0.19490745867369696,0.4363653845596126,0.04655046721221867
29.320268154144287,0.0,-14.893054515271535,14.893054515271535,0.28726240783929813,0.18942391983000562,0.47668632766930374,0.09783848800929251
29.340152263641357,0.0,-14.375381112217228,14.375381112217228,0.28726240783929813,0.18942391983000562,0.47668632766930374,0.09783848800929251
29.36014747619629,0.0,-13.820617389773783,13.820617389773783,0.28726240783929813,0.18942391983000562,0.47668632766930374,0.09783848800929251
29.38013768196106,0.0,-13.271337661819027,13.271337661819027,0.28726240783929813,0.18942391983000562,0.47668632766930374,0.09783848800929251
29.400131464004517,0.0,-12.796757629455222,12.796757629455222,0.28726240783929813,0.18942391983000562,0.47668632766930374,0.09783848800929251
29.420128107070923,0.0,-12.399515478564178,12.399515478564178,0.28726240783929813,0.18942391983000562,0.47668632766930374,0.09783848800929251
29.440263986587524,0.0,-12.399515478564178,12.399515478564178,0.2263721057772635,0.1471685070428066,0.3735406128200701,0.0792035987344569
29.46016573905945,0.0,-12.099299882851343,12.099299882851343,0.2263721057772635,0.1471685070428066,0.3735406128200701,0.0792035987344569
29.480241537094116,0.0,-11.859127406281074,11.859127406281074,0.2263721057772635,0.1471685070428066,0.3735406128200701,0.0792035987344569
29.50025486946106,0.0,-11.68456755002486,11.68456755002486,0.2263721057772635,0.1471685070428066,0.3735406128200701,0.0792035987344569
29.520247220993042,0.0,-11.54491966501989,11.54491966501989,0.2263721057772635,0.1471685070428066,0.3735406128200701,0.0792035987344569
29.54020071029663,0.0,-11.433201357015912,11.433201357015912,0.2263721057772635,0.1471685070428066,0.3735406128200701,0.0792035987344569
29.56015181541443,0.0,-11.361404835612731,11.361404835612731,0.2263721057772635,0.1471685070428066,0.3735406128200701,0.0792035987344569
29.58013653755188,0.0,-11.303967618490185,11.303967618490185,0.2263721057772635,0.1471685070428066,0.3735406128200701,0.0792035987344569
29.600193977355957,0.0,-11.27559596979215,11.27559596979215,0.2703607694804667,0.12988132721511647,0.4002420966955832,0.14047944226535025
29.62015700340271,0.0,-11.288054900833718,11.288054900833718,0.2703607694804667,0.12988132721511647,0.4002420966955832,0.14047944226535025
29.64013171195984,0.0,-11.333178295666976,11.333178295666976,0.2703607694804667,0.12988132721511647,0.4002420966955832,0.14047944226535025
29.660138368606567,0.0,-11.333178295666976,11.333178295666976,0.2703607694804667,0.12988132721511647,0.4002420966955832,0.14047944226535025
29.680126190185547,0.0,-11.38685513653358,11.38685513653358,0.2703607694804667,0.12988132721511647,0.4002420966955832,0.14047944226535025
29.700334787368774,0.0,-11.429796609226864,11.429796609226864,0.2534988836944102,0.11416463478235526,0.3676635184767655,0.13933424891205493
29.720171451568604,0.0,-11.481727912381492,11.481727912381492,0.2534988836944102,0.11416463478235526,0.3676635184767655,0.13933424891205493
29.7401340007782,0.0,-11.611163579905194,11.611163579905194,0.2534988836944102,0.11416463478235526,0.3676635184767655,0.13933424891205493
29.760124683380127,0.0,-11.785024613924156,11.785024613924156,0.2534988836944102,0.11416463478235526,0.3676635184767655,0.13933424891205493
29.780128955841064,0.0,-11.959269691139324,11.959269691139324,0.2534988836944102,0.11416463478235526,0.3676635184767655,0.13933424891205493
29.80013155937195,0.0,-12.133822002911462,12.133822002911462,0.2534988836944102,0.11416463478235526,0.3676635184767655,0.13933424891205493
29.820191144943237,0.0,-12.326198227329169,12.326198227329169,0.27608339838683593,0.12881515844492242,0.40489855683175835,0.14726823994191351
29.840140104293823,0.0,-12.515255456863336,12.515255456863336,0.27608339838683593,0.12881515844492242,0.40489855683175835,0.14726823994191351
29.86013388633728,0.0,-12.73681374049067,12.73681374049067,0.27608339838683593,0.12881515844492242,0.40489855683175835,0.14726823994191351
29.880127668380737,0.0,-12.73681374049067,12.73681374049067,0.27608339838683593,0.12881515844492242,0.40489855683175835,0.14726823994191351
29.900144815444946,0.0,-12.949216617392535,12.949216617392535,0.27608339838683593,0.12881515844492242,0.40489855683175835,0.14726823994191351
29.920310735702515,0.0,-13.136717043914029,13.136717043914029,0.32277447335422027,0.17836783750681207,0.5011423108610323,0.1444066358474082
29.940166473388672,0.0,-13.269139260131224,13.269139260131224,0.32277447335422027,0.17836783750681207,0.5011423108610323,0.1444066358474082
29.960142135620117,0.0,-13.375077033104981,13.375077033104981,0.32277447335422027,0.17836783750681207,0.5011423108610323,0.1444066358474082
29.980138778686523,0.0,-13.477405376483985,13.477405376483985,0.32277447335422027,0.17836783750681207,0.5011423108610323,0.1444066358474082
30.000141382217407,0.0,-13.541689926187189,13.541689926187189,0.32277447335422027,0.17836783750681207,0.5011423108610323,0.1444066358474082
30.020174741744995,0.0,-13.57553944094975,13.57553944094975,0.32277447335422027,0.17836783750681207,0.5011423108610323,0.1444066358474082
30.040223598480225,0.0,-13.5850409277598,13.5850409277598,0.32106394484639156,0.21635626925854012,0.5374202141049317,0.10470767558785143
30.060221433639526,0.0,-13.575063992207841,13.575063992207841,0.32106394484639156,0.21635626925854012,0.5374202141049317,0.10470767558785143
30.080333709716797,0.0,-13.549504318766274,13.549504318766274,0.32106394484639156,0.21635626925854012,0.5374202141049317,0.10470767558785143
30.10021448135376,0.0,-13.549504318766274,13.549504318766274,0.32106394484639156,0.21635626925854012,0.5374202141049317,0.10470767558785143
30.120163440704346,0.0,-13.511478455013021,13.511478455013021,0.32106394484639156,0.21635626925854012,0.5374202141049317,0.10470767558785143
30.14013934135437,0.0,-13.481057764010417,13.481057764010417,0.32106394484639156,0.21635626925854012,0.5374202141049317,0.10470767558785143
30.16013526916504,0.0,-13.439143086208334,13.439143086208334,0.32106394484639156,0.21635626925854012,0.5374202141049317,0.10470767558785143
30.180238962173462,0.0,-13.405611343966667,13.405611343966667,0.2910515347123145,0.22951499762712047,0.520566532339435,0.06153653708519402
30.20022439956665,0.0,-13.378785950173336,13.378785950173336,0.2910515347123145,0.22951499762712047,0.520566532339435,0.06153653708519402
30.220237731933594,0.0,-13.357325635138668,13.357325635138668,0.2910515347123145,0.22951499762712047,0.520566532339435,0.06153653708519402
30.24020767211914,0.0,-13.340157383110935,13.340157383110935,0.2910515347123145,0.22951499762712047,0.520566532339435,0.06153653708519402
30.26014995574951,0.0,-13.326422781488748,13.326422781488748,0.2910515347123145,0.22951499762712047,0.520566532339435,0.06153653708519402
30.28019404411316,0.0,-13.315435100191,13.315435100191,0.3610515347123145,0.257333405490499,0.6183849402028134,0.1037181292218155
30.300169706344604,0.0,-13.3066449551528,13.3066449551528,0.3610515347123145,0.257333405490499,0.6183849402028134,0.1037181292218155
30.320133447647095,0.0,-13.3066449551528,13.3066449551528,0.3610515347123145,0.257333405490499,0.6183849402028134,0.1037181292218155
30.34012794494629,0.0,-13.26445658912224,13.26445658912224,0.3641331151034682,0.21730671467958018,0.5814398297830483,0.146826400423888
30.360130786895752,0.0,-13.125237146297792,13.125237146297792,0.3641331151034682,0.21730671467958018,0.5814398297830483,0.146826400423888
30.38014054298401,0.0,-12.925970967038234,12.925970967038234,0.3281448103394358,0.19833365845261142,0.5264784687920472,0.1298111518868244
30.40015721321106,0.0,-12.696245523630589,12.696245523630589,0.3281448103394358,0.19833365845261142,0.5264784687920472,0.1298111518868244
30.42015767097473,0.0,-12.442152668904471,12.442152668904471,0.3281448103394358,0.19833365845261142,0.5264784687920472,0.1298111518868244
30.440162420272827,0.0,-12.203722135123577,12.203722135123577,0.33791183511726547,0.1885592613252811,0.5264710964425465,0.14935257379198436
30.46017599105835,0.0,-12.012977708098862,12.012977708098862,0.33791183511726547,0.1885592613252811,0.5264710964425465,0.14935257379198436
30.480148553848267,0.0,-11.86038216647909,11.86038216647909,0.35442973691038776,0.2109302684548311,0.5653600053652188,0.14349946845555667
30.500161170959473,0.0,-11.738305733183273,11.738305733183273,0.35442973691038776,0.2109302684548311,0.5653600053652188,0.14349946845555667
30.520169734954834,0.0,-11.64064458654662,11.64064458654662,0.35442973691038776,0.2109302684548311,0.5653600053652188,0.14349946845555667
30.54017162322998,0.0,-11.64064458654662,11.64064458654662,0.3191927486937492,0.2738945737364702,0.5930873224302193,0.045298174957279
30.560179948806763,0.0,-11.580093794237296,11.580093794237296,0.3191927486937492,0.2738945737364702,0.5930873224302193,0.045298174957279
30.580158233642578,0.0,-11.531653160389837,11.531653160389837,0.28657442349009205,0.25763853936223313,0.5442129628523251,0.028935884127858913
30.600167989730835,0.0,-11.492900653311871,11.492900653311871,0.28657442349009205,0.25763853936223313,0.5442129628523251,0.028935884127858913
30.620172262191772,0.0,-11.461898647649496,11.461898647649496,0.28657442349009205,0.25763853936223313,0.5442129628523251,0.028935884127858913
30.64027166366577,0.0,-11.437097043119598,11.437097043119598,0.25260224956087757,0.20699581055669114,0.4595980601175687,0.04560643900418643
30.66016912460327,0.0,-11.41725575949568,11.41725575949568,0.25260224956087757,0.20699581055669114,0.4595980601175687,0.04560643900418643
30.680180072784424,0.0,-11.383804607596545,11.383804607596545,0.25260224956087757,0.20699581055669114,0.4595980601175687,0.04560643900418643
30.700174570083618,0.0,-11.357043686077237,11.357043686077237,0.22519105131737877,0.1901608735206537,0.41535192483803246,0.03503017779672507
30.720186233520508,0.0,-11.33563494886179,11.33563494886179,0.22519105131737877,0.1901608735206537,0.41535192483803246,0.03503017779672507
30.740177631378174,0.0,-11.283351709089432,11.283351709089432,0.22519105131737877,0.1901608735206537,0.41535192483803246,0.03503017779672507
30.76017665863037,0.0,-11.283351709089432,11.283351709089432,0.16636384482495475,0.16229419893352315,0.3286580437584779,0.004069645891431606
30.78014326095581,0.0,-11.136056367271548,11.136056367271548,0.16636384482495475,0.16229419893352315,0.3286580437584779,0.004069645891431606
30.80013370513916,0.0,-10.87759509381724,10.87759509381724,0.16636384482495475,0.16229419893352315,0.3286580437584779,0.004069645891431606
30.82013487815857,0.0,-10.530201075053792,10.530201075053792,0.16636384482495475,0.16229419893352315,0.3286580437584779,0.004069645891431606
30.84013271331787,0.0,-10.217129610043035,10.217129610043035,0.16636384482495475,0.16229419893352315,0.3286580437584779,0.004069645891431606
30.86013174057007,0.0,-9.96667243803443,9.96667243803443,0.16636384482495475,0.16229419893352315,0.3286580437584779,0.004069645891431606
30.880260705947876,0.0,-9.766306700427544,9.766306700427544,0.1544815024267881,0.11392852774588391,0.268410030172672,0.040552974680904186
30.900169849395752,0.0,-9.623592235342036,9.623592235342036,0.1544815024267881,0.11392852774588391,0.268410030172672,0.040552974680904186
30.920145988464355,0.0,-9.491842538273628,9.491842538273628,0.1544815024267881,0.11392852774588391,0.268410030172672,0.040552974680904186
30.940133333206177,0.0,-9.351286530618903,9.351286530618903,0.1544815024267881,0.11392852774588391,0.268410030172672,0.040552974680904186
30.9601309299469,0.0,-9.221263599495124,9.221263599495124,0.1544815024267881,0.11392852774588391,0.268410030172672,0.040552974680904186
30.980140686035156,0.0,-9.221263599495124,9.221263599495124,0.1544815024267881,0.11392852774588391,0.268410030172672,0.040552974680904186
31.000146865844727,0.0,-9.1172452545961,9.1172452545961,0.18062825146131206,0.11053795175394043,0.2911662032152525,0.07009029970737163
31.020246744155884,0.0,-9.05160870367688,9.05160870367688,0.18062825146131206,0.11053795175394043,0.2911662032152525,0.07009029970737163
31.040218114852905,0.0,-8.999099462941505,8.999099462941505,0.18062825146131206,0.11053795175394043,0.2911662032152525,0.07009029970737163
31.0601544380188,0.0,-8.974670195353205,8.974670195353205,0.18062825146131206,0.11053795175394043,0.2911662032152525,0.07009029970737163
31.080135107040405,0.0,-8.955126781282564,8.955126781282564,0.16783396544866253,0.1269659455283545,0.294799910977017,0.04086801992030803
31.100127696990967,0.0,-8.957070175026052,8.957070175026052,0.16783396544866253,0.1269659455283545,0.294799910977017,0.04086801992030803
31.120126724243164,0.0,-8.958624890020843,8.958624890020843,0.16783396544866253,0.1269659455283545,0.294799910977017,0.04086801992030803
31.1401264667511,0.0,-8.959868662016676,8.959868662016676,0.15608877799473692,0.10686130257090554,0.26295008056564245,0.04922747542383138
31.1601345539093,0.0,-8.960863679613341,8.960863679613341,0.15608877799473692,0.10686130257090554,0.26295008056564245,0.04922747542383138
31.180140256881714,0.0,-8.961659693690674,8.961659693690674,0.16476181632839132,0.1398124116822146,0.3045742280106059,0.02494940464617673
31.200133323669434,0.0,-8.961659693690674,8.961659693690674,0.16476181632839132,0.1398124116822146,0.3045742280106059,0.02494940464617673
31.220128059387207,0.0,-8.962296504952539,8.962296504952539,0.16476181632839132,0.1398124116822146,0.3045742280106059,0.02494940464617673
31.240131378173828,0.0,-8.962805953962032,8.962805953962032,0.1995352107938378,0.15862021030625328,0.3581554211000911,0.04091500048758451
31.26013970375061,0.0,-8.963213513169627,8.963213513169627,0.1995352107938378,0.15862021030625328,0.3581554211000911,0.04091500048758451
31.280131816864014,0.0,-8.963539560535702,8.963539560535702,0.1995352107938378,0.15862021030625328,0.3581554211000911,0.04091500048758451
31.300129413604736,0.0,-8.963800398428564,8.963800398428564,0.1995352107938378,0.15862021030625328,0.3581554211000911,0.04091500048758451
31.32013702392578,0.0,-8.96400906874285,8.96400906874285,0.1995352107938378,0.15862021030625328,0.3581554211000911,0.04091500048758451
31.34026575088501,0.0,-8.94659787999428,8.94659787999428,0.19004827755503345,0.1231541465385817,0.31320242409361515,0.06689413101645175
31.360199451446533,0.0,-8.915090803995424,8.915090803995424,0.19004827755503345,0.1231541465385817,0.31320242409361515,0.06689413101645175
31.380155324935913,0.0,-8.87230701819634,8.87230701819634,0.19004827755503345,0.1231541465385817,0.31320242409361515,0.06689413101645175
31.400129795074463,0.0,-8.750189364557073,8.750189364557073,0.19004827755503345,0.1231541465385817,0.31320242409361515,0.06689413101645175
31.42013430595398,0.0,-8.750189364557073,8.750189364557073,0.19004827755503345,0.1231541465385817,0.31320242409361515,0.06689413101645175
31.440133333206177,0.0,-8.547026491645658,8.547026491645658,0.19004827755503345,0.1231541465385817,0.31320242409361515,0.06689413101645175
31.460134267807007,0.0,-8.366918068316526,8.366918068316526,0.19004827755503345,0.1231541465385817,0.31320242409361515,0.06689413101645175
31.480186700820923,0.0,-8.222831329653221,8.222831329653221,0.1823184058908372,0.12027880403911696,0.30259720992995415,0.062039601851720236
31.500142812728882,0.0,-8.107561938722576,8.107561938722576,0.1823184058908372,0.12027880403911696,0.30259720992995415,0.062039601851720236
31.520135641098022,0.0,-8.015346425978061,8.015346425978061,0.1823184058908372,0.12027880403911696,0.30259720992995415,0.062039601851720236
31.540132522583008,0.0,-7.941574015782448,7.941574015782448,0.1823184058908372,0.12027880403911696,0.30259720992995415,0.062039601851720236
31.560150623321533,0.0,-7.90013421262596,7.90013421262596,0.1823184058908372,0.12027880403911696,0.30259720992995415,0.062039601851720236
31.580135345458984,0.0,-7.86698237010077,7.86698237010077,0.1823184058908372,0.12027880403911696,0.30259720992995415,0.062039601851720236
31.60027265548706,0.0,-7.858039021080616,7.858039021080616,0.19365159672684956,0.114550284051802,0.30820188077865157,0.07910131267504757
31.620145082473755,0.0,-7.850884341864493,7.850884341864493,0.19365159672684956,0.114550284051802,0.30820188077865157,0.07910131267504757
31.64013910293579,0.0,-7.850884341864493,7.850884341864493,0.19365159672684956,0.114550284051802,0.30820188077865157,0.07910131267504757
31.66013479232788,0.0,-7.915473098491595,7.915473098491595,0.19365159672684956,0.114550284051802,0.30820188077865157,0.07910131267504757
31.680132627487183,0.0,-8.037456603793276,8.037456603793276,0.19365159672684956,0.114550284051802,0.30820188077865157,0.07910131267504757
31.70013117790222,0.0,-8.187777783034623,8.187777783034623,0.19365159672684956,0.114550284051802,0.30820188077865157,0.07910131267504757
31.720184564590454,0.0,-8.3431909764277,8.3431909764277,0.15132450935430813,0.14526512374868616,0.2965896331029943,0.00605938560562197
31.740185022354126,0.0,-8.50267778114216,8.50267778114216,0.15132450935430813,0.14526512374868616,0.2965896331029943,0.00605938560562197
31.760218858718872,0.0,-8.665423474913728,8.665423474913728,0.15132450935430813,0.14526512374868616,0.2965896331029943,0.00605938560562197
31.7802095413208,0.0,-8.813198154930982,8.813198154930982,0.15132450935430813,0.14526512374868616,0.2965896331029943,0.00605938560562197
31.800166130065918,0.0,-8.931417898944785,8.931417898944785,0.15984606713987876,0.14568879434955306,0.3055348614894318,0.014157272790325692
31.82022190093994,0.0,-9.02599369415583,9.02599369415583,0.15984606713987876,0.14568879434955306,0.3055348614894318,0.014157272790325692
31.84018588066101,0.0,-9.101654330324664,9.101654330324664,0.15984606713987876,0.14568879434955306,0.3055348614894318,0.014157272790325692
31.860135793685913,0.0,-9.101654330324664,9.101654330324664,0.15984606713987876,0.14568879434955306,0.3055348614894318,0.014157272790325692
31.880125284194946,0.0,-9.162182839259732,9.162182839259732,0.1102965508494525,0.1404498184856493,0.2507463693351018,-0.0301532676361968
31.90012216567993,0.0,-9.140293146407785,9.140293146407785,0.1102965508494525,0.1404498184856493,0.2507463693351018,-0.0301532676361968
31.920130014419556,0.0,-8.99973451712623,8.99973451712623,0.1015203806478529,0.15550984561559744,0.25703022626345035,-0.05398946496774454
31.940133094787598,0.0,-8.729084488700982,8.729084488700982,0.1015203806478529,0.15550984561559744,0.25703022626345035,-0.05398946496774454
31.960141897201538,0.0,-8.371939465960788,8.371939465960788,0.1015203806478529,0.15550984561559744,0.25703022626345035,-0.05398946496774454
31.980137825012207,0.0,-8.01591094776863,8.01591094776863,0.1015203806478529,0.15550984561559744,0.25703022626345035,-0.05398946496774454
32.00014543533325,0.0,-7.713510008214905,7.713510008214905,0.08701527928002167,0.14331190873053856,0.23032718801056024,-0.05629662945051689
32.0202693939209,0.0,-7.4364330065719235,7.4364330065719235,0.08701527928002167,0.14331190873053856,0.23032718801056024,-0.05629662945051689
32.04022741317749,0.0,-7.091724530257539,7.091724530257539,0.08701527928002167,0.14331190873053856,0.23032718801056024,-0.05629662945051689
32.060173988342285,0.0,-6.6577546242060315,6.6577546242060315,0.08701527928002167,0.14331190873053856,0.23032718801056024,-0.05629662945051689
32.08014678955078,0.0,-6.6577546242060315,6.6577546242060315,0.10784116824157525,0.0970951228227932,0.20493629106436845,0.010746045418782046
32.10025930404663,0.0,-6.134797449364825,6.134797449364825,0.10784116824157525,0.0970951228227932,0.20493629106436845,0.010746045418782046
32.12027883529663,0.0,-5.593384834491861,5.593384834491861,0.10784116824157525,0.0970951228227932,0.20493629106436845,0.010746045418782046
32.14030361175537,0.0,-5.072364117593489,5.072364117593489,0.10784116824157525,0.0970951228227932,0.20493629106436845,0.010746045418782046
32.16029119491577,0.0,-4.585235044074791,4.585235044074791,0.10784116824157525,0.0970951228227932,0.20493629106436845,0.010746045418782046
32.18018317222595,0.0,-4.160375535259833,4.160375535259833,0.10784116824157525,0.0970951228227932,0.20493629106436845,0.010746045418782046
32.20013761520386,0.0,-3.7677535532078665,3.7677535532078665,0.10784116824157525,0.0970951228227932,0.20493629106436845,0.010746045418782046
32.22013568878174,0.0,-3.4009215925662937,3.4009215925662937,0.10784116824157525,0.0970951228227932,0.20493629106436845,0.010746045418782046
32.24026918411255,0.0,-3.0547216490530347,3.0547216490530347,0.15682422061450768,0.06148489032057113,0.21830911093507882,0.09533933029393654
32.26015329360962,0.0,-2.7601835692424284,2.7601835692424284,0.15682422061450768,0.06148489032057113,0.21830911093507882,0.09533933029393654
32.28013896942139,0.0,-2.5245531053939434,2.5245531053939434,0.15682422061450768,0.06148489032057113,0.21830911093507882,0.09533933029393654
32.300135374069214,0.0,-2.5245531053939434,2.5245531053939434,0.15682422061450768,0.06148489032057113,0.21830911093507882,0.09533933029393654
32.32013702392578,0.0,-2.336048734315155,2.336048734315155,0.15682422061450768,0.06148489032057113,0.21830911093507882,0.09533933029393654
32.34013819694519,0.0,-2.185245237452124,2.185245237452124,0.15682422061450768,0.06148489032057113,0.21830911093507882,0.09533933029393654
32.36025404930115,0.0,-2.0646024399616993,2.0646024399616993,0.14721690834499884,0.03908404920366593,0.18630095754866477,0.10813285914133292
32.380268812179565,0.0,-1.9680882019693595,1.9680882019693595,0.14721690834499884,0.03908404920366593,0.18630095754866477,0.10813285914133292
32.40023136138916,0.0,-1.9084549365754875,1.9084549365754875,0.14721690834499884,0.03908404920366593,0.18630095754866477,0.10813285914133292
32.42017316818237,0.0,-1.9310608242603902,1.9310608242603902,0.14721690834499884,0.03908404920366593,0.18630095754866477,0.10813285914133292
32.44014382362366,0.0,-2.124926784408312,2.124926784408312,0.158133478546515,0.04836569566396065,0.20649917421047564,0.10976778288255434
32.460153579711914,0.0,-2.5612695525266496,2.5612695525266496,0.158133478546515,0.04836569566396065,0.20649917421047564,0.10976778288255434
32.48014163970947,0.0,-3.2267500170213195,3.2267500170213195,0.158133478546515,0.04836569566396065,0.20649917421047564,0.10976778288255434
32.50013613700867,0.0,-4.057962513617056,4.057962513617056,0.15850931164692145,0.04974812609725632,0.20825743774417776,0.10876118554966513
32.520137548446655,0.0,-4.057962513617056,4.057962513617056,0.15850931164692145,0.04974812609725632,0.20825743774417776,0.10876118554966513
32.54013180732727,0.0,-4.898713760893645,4.898713760893645,0.15850931164692145,0.04974812609725632,0.20825743774417776,0.10876118554966513
32.56012797355652,0.0,-5.606471008714917,5.606471008714917,0.15850931164692145,0.04974812609725632,0.20825743774417776,0.10876118554966513
32.580129623413086,0.0,-6.172676806971934,6.172676806971934,0.15850931164692145,0.04974812609725632,0.20825743774417776,0.10876118554966513
32.60012435913086,0.0,-6.625641445577548,6.625641445577548,0.15850931164692145,0.04974812609725632,0.20825743774417776,0.10876118554966513
32.62019348144531,0.0,-6.9880131564620385,6.9880131564620385,0.1407272214151452,0.04042855525040068,0.1811557766655459,0.10029866616474453
32.64019727706909,0.0,-7.277910525169631,7.277910525169631,0.1407272214151452,0.04042855525040068,0.1811557766655459,0.10029866616474453
32.66016626358032,0.0,-7.5098284201357055,7.5098284201357055,0.1407272214151452,0.04042855525040068,0.1811557766655459,0.10029866616474453
32.68013668060303,0.0,-7.695362736108565,7.695362736108565,0.1407272214151452,0.04042855525040068,0.1811557766655459,0.10029866616474453
32.7001256942749,0.0,-7.843790188886852,7.843790188886852,0.1407272214151452,0.04042855525040068,0.1811557766655459,0.10029866616474453
32.72012996673584,0.0,-7.962532151109483,7.962532151109483,0.1407272214151452,0.04042855525040068,0.1811557766655459,0.10029866616474453
32.740179777145386,0.0,-7.962532151109483,7.962532151109483,0.19769877140293818,0.07814698168658651,0.2758457530895247,0.11955178971635166
32.76027035713196,0.0,-8.057525720887586,8.057525720887586,0.19769877140293818,0.07814698168658651,0.2758457530895247,0.11955178971635166
32.780253648757935,0.0,-8.13352057671007,8.13352057671007,0.19769877140293818,0.07814698168658651,0.2758457530895247,0.11955178971635166
32.80022168159485,0.0,-8.194316461368057,8.194316461368057,0.19769877140293818,0.07814698168658651,0.2758457530895247,0.11955178971635166
32.82019782066345,0.0,-8.242953169094447,8.242953169094447,0.19769877140293818,0.07814698168658651,0.2758457530895247,0.11955178971635166
32.84014296531677,0.0,-8.28186253527556,8.28186253527556,0.19769877140293818,0.07814698168658651,0.2758457530895247,0.11955178971635166
32.860129594802856,0.0,-8.330568153220447,8.330568153220447,0.19769877140293818,0.07814698168658651,0.2758457530895247,0.11955178971635166
32.88025093078613,0.0,-8.351954522576358,8.351954522576358,0.20409081076155405,0.13733646148466505,0.3414272722462191,0.066754349276889
32.900160789489746,0.0,-8.369063618061086,8.369063618061086,0.20409081076155405,0.13733646148466505,0.3414272722462191,0.066754349276889
32.92013716697693,0.0,-8.400329019448868,8.400329019448868,0.20409081076155405,0.13733646148466505,0.3414272722462191,0.066754349276889
32.94012427330017,0.0,-8.478075715559095,8.478075715559095,0.20409081076155405,0.13733646148466505,0.3414272722462191,0.066754349276889
32.96012830734253,0.0,-8.478075715559095,8.478075715559095,0.20409081076155405,0.13733646148466505,0.3414272722462191,0.066754349276889
32.98026442527771,0.0,-8.663319947447278,8.663319947447278,0.23186121639679172,0.20733646148466506,0.4391976778814568,0.02452475491212666
33.000176191329956,0.0,-8.916984082957823,8.916984082957823,0.23186121639679172,0.20733646148466506,0.4391976778814568,0.02452475491212666
33.02014946937561,0.0,-9.13749351636626,9.13749351636626,0.23186121639679172,0.20733646148466506,0.4391976778814568,0.02452475491212666
33.040127754211426,0.0,-9.296322938093006,9.296322938093006,0.23186121639679172,0.20733646148466506,0.4391976778814568,0.02452475491212666
33.060131549835205,0.0,-9.423386475474405,9.423386475474405,0.23186121639679172,0.20733646148466506,0.4391976778814568,0.02452475491212666
33.08013391494751,0.0,-9.507459180379525,9.507459180379525,0.23186121639679172,0.20733646148466506,0.4391976778814568,0.02452475491212666
33.1002471446991,0.0,-9.57471734430362,9.57471734430362,0.24382827375899058,0.20366912529454567,0.44749739905353625,0.040159148464444905
33.120163679122925,0.0,-9.505477000442898,9.505477000442898,0.24382827375899058,0.20366912529454567,0.44749739905353625,0.040159148464444905
33.14013457298279,0.0,-9.30945972535432,9.30945972535432,0.24382827375899058,0.20366912529454567,0.44749739905353625,0.040159148464444905
33.1601243019104,0.0,-8.994442780283455,8.994442780283455,0.24382827375899058,0.20366912529454567,0.44749739905353625,0.040159148464444905
33.180131912231445,0.0,-8.994442780283455,8.994442780283455,0.24382827375899058,0.20366912529454567,0.44749739905353625,0.040159148464444905
33.200130462646484,0.0,-8.654538599226763,8.654538599226763,0.21153318826924067,0.21452558886841872,0.4260587771376594,-0.0029924005991780467
33.22017574310303,0.0,-8.365037129381411,8.365037129381411,0.21153318826924067,0.21452558886841872,0.4260587771376594,-0.0029924005991780467
33.240139961242676,0.0,-8.15101407850513,8.15101407850513,0.21153318826924067,0.21452558886841872,0.4260587771376594,-0.0029924005991780467
33.260125160217285,0.0,-7.962217512804104,7.962217512804104,0.21153318826924067,0.21452558886841872,0.4260587771376594,-0.0029924005991780467
33.28013491630554,0.0,-7.811180260243283,7.811180260243283,0.21153318826924067,0.21452558886841872,0.4260587771376594,-0.0029924005991780467
33.300137519836426,0.0,-7.690350458194627,7.690350458194627,0.21153318826924067,0.21452558886841872,0.4260587771376594,-0.0029924005991780467
33.320149183273315,0.0,-7.5936866165557015,7.5936866165557015,0.24828082268009882,0.21962092126370408,0.4679017439438029,0.02865990141639474
33.3402144908905,0.0,-7.516355543244562,7.516355543244562,0.24828082268009882,0.21962092126370408,0.4679017439438029,0.02865990141639474
33.3602180480957,0.0,-7.454490684595649,7.454490684595649,0.24828082268009882,0.21962092126370408,0.4679017439438029,0.02865990141639474
33.38023090362549,0.0,-7.4225769226765195,7.4225769226765195,0.24828082268009882,0.21962092126370408,0.4679017439438029,0.02865990141639474
33.40019631385803,0.0,-7.4225769226765195,7.4225769226765195,0.24828082268009882,0.21962092126370408,0.4679017439438029,0.02865990141639474
33.42014479637146,0.0,-7.3794677881412145,7.3794677881412145,0.24828082268009882,0.21962092126370408,0.4679017439438029,0.02865990141639474
33.44012451171875,0.0,-7.344980480512972,7.344980480512972,0.24828082268009882,0.21962092126370408,0.4679017439438029,0.02865990141639474
33.46020221710205,0.0,-7.317390634410378,7.317390634410378,0.23999555353890165,0.1891382770484779,0.42913383058737953,0.050857276490423736
33.4801549911499,0.0,-7.295318757528303,7.295318757528303,0.23999555353890165,0.1891382770484779,0.42913383058737953,0.050857276490423736
33.50013709068298,0.0,-7.277661256022643,7.277661256022643,0.23999555353890165,0.1891382770484779,0.42913383058737953,0.050857276490423736
33.52013301849365,0.0,-7.263535254818114,7.263535254818114,0.23999555353890165,0.1891382770484779,0.42913383058737953,0.050857276490423736
33.54015803337097,0.0,-7.2346563288544905,7.2346563288544905,0.23999555353890165,0.1891382770484779,0.42913383058737953,0.050857276490423736
33.56027698516846,0.0,-7.2115531880835935,7.2115531880835935,0.20161990766297083,0.19656603698269465,0.3981859446456655,0.005053870680276185
33.58023285865784,0.0,-7.193070675466875,7.193070675466875,0.20161990766297083,0.19656603698269465,0.3981859446456655,0.005053870680276185
33.60022807121277,0.0,-7.1782846653735,7.1782846653735,0.20161990766297083,0.19656603698269465,0.3981859446456655,0.005053870680276185
33.6202118396759,0.0,-7.1782846653735,7.1782846653735,0.20161990766297083,0.19656603698269465,0.3981859446456655,0.005053870680276185
33.64015555381775,0.0,-7.1664558572988,7.1664558572988,0.20161990766297083,0.19656603698269465,0.3981859446456655,0.005053870680276185
33.66013526916504,0.0,-7.15699281083904,7.15699281083904,0.20161990766297083,0.19656603698269465,0.3981859446456655,0.005053870680276185
33.68012523651123,0.0,-7.149422373671233,7.149422373671233,0.20161990766297083,0.19656603698269465,0.3981859446456655,0.005053870680276185
33.70018243789673,0.0,-7.143366023936987,7.143366023936987,0.22175000180373888,0.2296751021279488,0.45142510393168767,-0.007925100324209927
33.72014403343201,0.0,-7.13852094414959,7.13852094414959,0.22175000180373888,0.2296751021279488,0.45142510393168767,-0.007925100324209927
33.740132331848145,0.0,-7.152223005319673,7.152223005319673,0.22175000180373888,0.2296751021279488,0.45142510393168767,-0.007925100324209927
33.760127544403076,0.0,-7.163184654255738,7.163184654255738,0.22175000180373888,0.2296751021279488,0.45142510393168767,-0.007925100324209927
33.78012442588806,0.0,-7.15437584840459,7.15437584840459,0.22175000180373888,0.2296751021279488,0.45142510393168767,-0.007925100324209927
33.80031371116638,0.0,-7.147328803723672,7.147328803723672,0.24096881356905203,0.21256443027989008,0.4535332438489421,0.02840438328916195
33.82023334503174,0.0,-7.141691167978939,7.141691167978939,0.24096881356905203,0.21256443027989008,0.4535332438489421,0.02840438328916195
33.840203285217285,0.0,-7.141691167978939,7.141691167978939,0.24096881356905203,0.21256443027989008,0.4535332438489421,0.02840438328916195
33.86016297340393,0.0,-7.102024809383152,7.102024809383152,0.24096881356905203,0.21256443027989008,0.4535332438489421,0.02840438328916195
33.880127906799316,0.0,-6.964822972506521,6.964822972506521,0.24096881356905203,0.21256443027989008,0.4535332438489421,0.02840438328916195
33.900121450424194,0.0,-6.714436503005217,6.714436503005217,0.24096881356905203,0.21256443027989008,0.4535332438489421,0.02840438328916195
33.92012977600098,0.0,-6.391080452404174,6.391080452404174,0.24096881356905203,0.21256443027989008,0.4535332438489421,0.02840438328916195
33.94025230407715,0.0,-6.09723936192334,6.09723936192334,0.22937747315387227,0.17787931029335596,0.40725678344722827,0.05149816286051631
33.96013808250427,0.0,-5.862166489538672,5.862166489538672,0.22937747315387227,0.17787931029335596,0.40725678344722827,0.05149816286051631
33.98013234138489,0.0,-5.674108191630938,5.674108191630938,0.22937747315387227,0.17787931029335596,0.40725678344722827,0.05149816286051631
34.00012993812561,0.0,-5.523661553304751,5.523661553304751,0.22937747315387227,0.17787931029335596,0.40725678344722827,0.05149816286051631
34.02013945579529,0.0,-5.403304242643801,5.403304242643801,0.22937747315387227,0.17787931029335596,0.40725678344722827,0.05149816286051631
34.04018473625183,0.0,-5.307018394115041,5.307018394115041,0.23439657819340926,0.21150000308291056,0.4458965812763198,0.022896575110498696
34.06015682220459,0.0,-5.307018394115041,5.307018394115041,0.23439657819340926,0.21150000308291056,0.4458965812763198,0.022896575110498696
34.08013987541199,0.0,-5.229989715292033,5.229989715292033,0.23439657819340926,0.21150000308291056,0.4458965812763198,0.022896575110498696
34.10013246536255,0.0,-5.185944897233627,5.185944897233627,0.23439657819340926,0.21150000308291056,0.4458965812763198,0.022896575110498696
34.120126724243164,0.0,-5.150709042786901,5.150709042786901,0.23439657819340926,0.21150000308291056,0.4458965812763198,0.022896575110498696
34.14012551307678,0.0,-5.122520359229521,5.122520359229521,0.23439657819340926,0.21150000308291056,0.4458965812763198,0.022896575110498696
34.16023015975952,0.0,-5.099969412383618,5.099969412383618,0.2113831894553731,0.2024780987633858,0.4138612882187589,0.008905090691987305
34.180274963378906,0.0,-5.0819286549068945,5.0819286549068945,0.2113831894553731,0.2024780987633858,0.4138612882187589,0.008905090691987305
34.20029592514038,0.0,-5.067496048925516,5.067496048925516,0.2113831894553731,0.2024780987633858,0.4138612882187589,0.008905090691987305
34.22026467323303,0.0,-5.055949964140413,5.055949964140413,0.2113831894553731,0.2024780987633858,0.4138612882187589,0.008905090691987305
34.24019646644592,0.0,-5.04671309631233,5.04671309631233,0.2113831894553731,0.2024780987633858,0.4138612882187589,0.008905090691987305
34.26016283035278,0.0,-5.039323602049865,5.039323602049865,0.2072103274136315,0.18805007830844261,0.3952604057220741,0.019160249105188876
34.28014874458313,0.0,-5.039323602049865,5.039323602049865,0.2072103274136315,0.18805007830844261,0.3952604057220741,0.019160249105188876
34.300140619277954,0.0,-5.0334120066398915,5.0334120066398915,0.2072103274136315,0.18805007830844261,0.3952604057220741,0.019160249105188876
34.32013201713562,0.0,-5.028682730311913,5.028682730311913,0.2072103274136315,0.18805007830844261,0.3952604057220741,0.019160249105188876
34.34028339385986,0.0,-5.024899309249531,5.024899309249531,0.22352745468611818,0.1727468893735204,0.3962743440596386,0.05078056531259778
34.36020755767822,0.0,-5.021872572399626,5.021872572399626,0.22352745468611818,0.1727468893735204,0.3962743440596386,0.05078056531259778
34.380175828933716,0.0,-5.0194511829197,5.0194511829197,0.22352745468611818,0.1727468893735204,0.3962743440596386,0.05078056531259778
34.400142431259155,0.0,-5.01751407133576,5.01751407133576,0.22352745468611818,0.1727468893735204,0.3962743440596386,0.05078056531259778
34.420137882232666,0.0,-5.015964382068608,5.015964382068608,0.22352745468611818,0.1727468893735204,0.3962743440596386,0.05078056531259778
34.44013738632202,0.0,-5.014724630654887,5.014724630654887,0.22352745468611818,0.1727468893735204,0.3962743440596386,0.05078056531259778
34.460139751434326,0.0,-5.01373282952391,5.01373282952391,0.17457654039259057,0.10274688937352039,0.27732342976611096,0.07182965101907018
34.48019886016846,0.0,-5.012939388619128,5.012939388619128,0.17457654039259057,0.10274688937352039,0.27732342976611096,0.07182965101907018
34.500149726867676,0.0,-5.012939388619128,5.012939388619128,0.17457654039259057,0.10274688937352039,0.27732342976611096,0.07182965101907018
34.520177602767944,0.0,-5.029882760895303,5.029882760895303,0.17457654039259057,0.10274688937352039,0.27732342976611096,0.07182965101907018
34.54023313522339,0.0,-5.043437458716243,5.043437458716243,0.17457654039259057,0.10274688937352039,0.27732342976611096,0.07182965101907018
34.56021785736084,0.0,-5.071859341972994,5.071859341972994,0.17457654039259057,0.10274688937352039,0.27732342976611096,0.07182965101907018
34.58014941215515,0.0,-5.094596848578396,5.094596848578396,0.17457654039259057,0.10274688937352039,0.27732342976611096,0.07182965101907018
34.600265979766846,0.0,-5.147943103862716,5.147943103862716,0.15477766926283937,0.10499523687758483,0.2597729061404242,0.04978243238525454
34.62020707130432,0.0,-5.296088858090173,5.296088858090173,0.15477766926283937,0.10499523687758483,0.2597729061404242,0.04978243238525454
34.640162229537964,0.0,-5.5728085864721395,5.5728085864721395,0.15477766926283937,0.10499523687758483,0.2597729061404242,0.04978243238525454
34.66012644767761,0.0,-5.934809369177712,5.934809369177712,0.15477766926283937,0.10499523687758483,0.2597729061404242,0.04978243238525454
34.68012595176697,0.0,-6.27714437034217,6.27714437034217,0.15477766926283937,0.10499523687758483,0.2597729061404242,0.04978243238525454
34.70013427734375,0.0,-6.568590496273737,6.568590496273737,0.15477766926283937,0.10499523687758483,0.2597729061404242,0.04978243238525454
34.72036147117615,0.0,-6.568590496273737,6.568590496273737,0.14185996345127921,0.11482701744535008,0.2566869808966293,0.027032946005929134
34.74014902114868,0.0,-6.80174739701899,6.80174739701899,0.14185996345127921,0.11482701744535008,0.2566869808966293,0.027032946005929134
34.760140895843506,0.0,-6.988272917615192,6.988272917615192,0.14185996345127921,0.11482701744535008,0.2566869808966293,0.027032946005929134
34.78013610839844,0.0,-7.155071459092154,7.155071459092154,0.14185996345127921,0.11482701744535008,0.2566869808966293,0.027032946005929134
34.80013346672058,0.0,-7.288510292273724,7.288510292273724,0.14185996345127921,0.11482701744535008,0.2566869808966293,0.027032946005929134
34.82013201713562,0.0,-7.3952613588189795,7.3952613588189795,0.14185996345127921,0.11482701744535008,0.2566869808966293,0.027032946005929134
34.84029245376587,0.0,-7.480662212055185,7.480662212055185,0.1892489566549192,0.17351597096421756,0.36276492761913676,0.01573298569070164
34.86013698577881,0.0,-7.548982894644149,7.548982894644149,0.1892489566549192,0.17351597096421756,0.36276492761913676,0.01573298569070164
34.88013505935669,0.0,-7.60363944071532,7.60363944071532,0.1892489566549192,0.17351597096421756,0.36276492761913676,0.01573298569070164
34.90012741088867,0.0,-7.647364677572256,7.647364677572256,0.1892489566549192,0.17351597096421756,0.36276492761913676,0.01573298569070164
34.92012643814087,0.0,-7.664766742057806,7.664766742057806,0.1892489566549192,0.17351597096421756,0.36276492761913676,0.01573298569070164
34.94012784957886,0.0,-7.664766742057806,7.664766742057806,0.1892489566549192,0.17351597096421756,0.36276492761913676,0.01573298569070164
34.96015477180481,0.0,-7.661110268646245,7.661110268646245,0.15703243381227355,0.1839859747851733,0.34101840859744686,-0.02695354097289976
34.98020267486572,0.0,-7.517560089916997,7.517560089916997,0.15703243381227355,0.1839859747851733,0.34101840859744686,-0.02695354097289976
35.00021505355835,0.0,-7.1566261969335985,7.1566261969335985,0.15703243381227355,0.1839859747851733,0.34101840859744686,-0.02695354097289976
35.02016305923462,0.0,-6.62178533254688,6.62178533254688,0.15703243381227355,0.1839859747851733,0.34101840859744686,-0.02695354097289976
35.04012966156006,0.0,-6.106022016037504,6.106022016037504,0.15703243381227355,0.1839859747851733,0.34101840859744686,-0.02695354097289976
35.060120820999146,0.0,-5.693411362830004,5.693411362830004,0.15703243381227355,0.1839859747851733,0.34101840859744686,-0.02695354097289976
35.08024072647095,0.0,-5.3633228402640025,5.3633228402640025,0.15413207878242235,0.186296393541852,0.34042847232427437,-0.03216431475942966
35.10015416145325,0.0,-5.099252022211202,5.099252022211202,0.15413207878242235,0.186296393541852,0.34042847232427437,-0.03216431475942966
35.12013816833496,0.0,-4.870417242768961,4.870417242768961,0.15413207878242235,0.186296393541852,0.34042847232427437,-0.03216431475942966
35.140125036239624,0.0,-4.7049275442151695,4.7049275442151695,0.15413207878242235,0.186296393541852,0.34042847232427437,-0.03216431475942966
35.160125494003296,0.0,-4.7049275442151695,4.7049275442151695,0.15413207878242235,0.186296393541852,0.34042847232427437,-0.03216431475942966
35.180262327194214,0.0,-4.572535785372135,4.572535785372135,0.11677339990506867,0.11629639354185199,0.23306979344692066,0.000477006363216681
35.20016932487488,0.0,-4.466622378297708,4.466622378297708,0.11677339990506867,0.11629639354185199,0.23306979344692066,0.000477006363216681
35.22013998031616,0.0,-4.381891652638167,4.381891652638167,0.11677339990506867,0.11629639354185199,0.23306979344692066,0.000477006363216681
35.24012541770935,0.0,-4.3141070721105335,4.3141070721105335,0.11677339990506867,0.11629639354185199,0.23306979344692066,0.000477006363216681
35.26009941101074,0.0,-4.259879407688427,4.259879407688427,0.11677339990506867,0.11629639354185199,0.23306979344692066,0.000477006363216681
35.28013014793396,0.0,-4.216497276150742,4.216497276150742,0.11677339990506867,0.11629639354185199,0.23306979344692066,0.000477006363216681
35.30015468597412,0.0,-4.164213445920594,4.164213445920594,0.08625054863165121,0.11285953896702267,0.19911008759867388,-0.026608990335371452
35.32014799118042,0.0,-4.104808256736476,4.104808256736476,0.08625054863165121,0.11285953896702267,0.19911008759867388,-0.026608990335371452
35.34013223648071,0.0,-4.057284105389181,4.057284105389181,0.08625054863165121,0.11285953896702267,0.19911008759867388,-0.026608990335371452
35.360135078430176,0.0,-4.019264784311345,4.019264784311345,0.08625054863165121,0.11285953896702267,0.19911008759867388,-0.026608990335371452
35.38013005256653,0.0,-4.019264784311345,4.019264784311345,0.08625054863165121,0.11285953896702267,0.19911008759867388,-0.026608990335371452
35.40012717247009,0.0,-4.006427452449077,4.006427452449077,0.08625054863165121,0.11285953896702267,0.19911008759867388,-0.026608990335371452
35.42014932632446,0.0,-4.013735711959261,4.013735711959261,0.09620755390147667,0.07541298421681858,0.17162053811829525,0.020794569684658093
35.44014573097229,0.0,-4.019582319567409,4.019582319567409,0.09620755390147667,0.07541298421681858,0.17162053811829525,0.020794569684658093
35.46014618873596,0.0,-4.024259605653928,4.024259605653928,0.09620755390147667,0.07541298421681858,0.17162053811829525,0.020794569684658093
35.480138063430786,0.0,-4.028001434523142,4.028001434523142,0.09620755390147667,0.07541298421681858,0.17162053811829525,0.020794569684658093
35.50012731552124,0.0,-4.0309948976185135,4.0309948976185135,0.09620755390147667,0.07541298421681858,0.17162053811829525,0.020794569684658093
35.52013373374939,0.0,-4.033389668094811,4.033389668094811,0.09620755390147667,0.07541298421681858,0.17162053811829525,0.020794569684658093
35.540263652801514,0.0,-4.035305484475849,4.035305484475849,0.10906236656825047,0.0683781460172031,0.17744051258545357,0.04068422055104737
35.5602502822876,0.0,-4.036838137580679,4.036838137580679,0.10906236656825047,0.0683781460172031,0.17744051258545357,0.04068422055104737
35.580199241638184,0.0,-4.0380642600645436,4.0380642600645436,0.10906236656825047,0.0683781460172031,0.17744051258545357,0.04068422055104737
35.600146770477295,0.0,-4.0380642600645436,4.0380642600645436,0.10906236656825047,0.0683781460172031,0.17744051258545357,0.04068422055104737
35.62013792991638,0.0,-4.039045158051635,4.039045158051635,0.10906236656825047,0.0683781460172031,0.17744051258545357,0.04068422055104737
35.64013171195984,0.0,-4.057408001441308,4.057408001441308,0.10906236656825047,0.0683781460172031,0.17744051258545357,0.04068422055104737
35.660290479660034,0.0,-4.072098276153047,4.072098276153047,0.11741397381643753,0.09889715092838741,0.21631112474482495,0.018516822888050122
35.68020510673523,0.0,-4.066272370922437,4.066272370922437,0.11741397381643753,0.09889715092838741,0.21631112474482495,0.018516822888050122
35.70022964477539,0.0,-4.07918977173795,4.07918977173795,0.11741397381643753,0.09889715092838741,0.21631112474482495,0.018516822888050122
35.72027015686035,0.0,-4.08952369239036,4.08952369239036,0.11741397381643753,0.09889715092838741,0.21631112474482495,0.018516822888050122
35.74017572402954,0.0,-4.080212703912288,4.080212703912288,0.11741397381643753,0.09889715092838741,0.21631112474482495,0.018516822888050122
35.76014685630798,0.0,-4.0727639131298305,4.0727639131298305,0.1196871475863735,0.1578840568906162,0.2775712044769897,-0.03819690930424269
35.780245780944824,0.0,-4.066804880503865,4.066804880503865,0.1196871475863735,0.1578840568906162,0.2775712044769897,-0.03819690930424269
35.800349712371826,0.0,-4.079615779403092,4.079615779403092,0.1196871475863735,0.1578840568906162,0.2775712044769897,-0.03819690930424269
35.82031226158142,0.0,-4.079615779403092,4.079615779403092,0.1196871475863735,0.1578840568906162,0.2775712044769897,-0.03819690930424269
35.84019136428833,0.0,-4.0722863735224735,4.0722863735224735,0.1196871475863735,0.1578840568906162,0.2775712044769897,-0.03819690930424269
35.86012244224548,0.0,-4.066422848817979,4.066422848817979,0.1196871475863735,0.1578840568906162,0.2775712044769897,-0.03819690930424269
35.8801212310791,0.0,-4.061732029054383,4.061732029054383,0.1196871475863735,0.1578840568906162,0.2775712044769897,-0.03819690930424269
35.9002628326416,0.0,-4.040401248243506,4.040401248243506,0.09546931102755468,0.16262012648046947,0.25808943750802416,-0.06715081545291479
35.9201774597168,0.0,-4.005758498594805,4.005758498594805,0.09546931102755468,0.16262012648046947,0.25808943750802416,-0.06715081545291479
35.94015145301819,0.0,-3.907731798875844,3.907731798875844,0.09546931102755468,0.16262012648046947,0.25808943750802416,-0.06715081545291479
35.96013140678406,0.0,-3.6535291891006754,3.6535291891006754,0.09546931102755468,0.16262012648046947,0.25808943750802416,-0.06715081545291479
35.980130672454834,0.0,-3.204073351280541,3.204073351280541,0.09546931102755468,0.16262012648046947,0.25808943750802416,-0.06715081545291479
36.00012397766113,0.0,-2.6687274310244327,2.6687274310244327,0.09546931102755468,0.16262012648046947,0.25808943750802416,-0.06715081545291479
36.020148038864136,0.0,-2.2228725698195464,2.2228725698195464,0.10769435312482517,0.17533637883723713,0.2830307319620623,-0.06764202571241196
36.04013681411743,0.0,-2.2228725698195464,2.2228725698195464,0.10769435312482517,0.17533637883723713,0.2830307319620623,-0.06764202571241196
36.06013321876526,0.0,-1.8661886808556374,1.8661886808556374,0.10769435312482517,0.17533637883723713,0.2830307319620623,-0.06764202571241196
36.08012652397156,0.0,-1.58084156968451,1.58084156968451,0.10769435312482517,0.17533637883723713,0.2830307319620623,-0.06764202571241196
36.10012888908386,0.0,-1.3525638807476081,1.3525638807476081,0.10769435312482517,0.17533637883723713,0.2830307319620623,-0.06764202571241196
36.12037682533264,0.0,-1.1699417295980865,1.1699417295980865,0.09606279540690582,0.11670150163234211,0.21276429703924793,-0.020638706225436287
36.14015865325928,0.0,-1.0238440086784693,1.0238440086784693,0.09606279540690582,0.11670150163234211,0.21276429703924793,-0.020638706225436287
36.160157203674316,0.0,-0.8893877069427755,0.8893877069427755,0.09606279540690582,0.11670150163234211,0.21276429703924793,-0.020638706225436287
36.180145502090454,0.0,-0.7466664155542204,0.7466664155542204,0.09606279540690582,0.11670150163234211,0.21276429703924793,-0.020638706225436287
36.20013976097107,0.0,-0.5270206324433764,0.5270206324433764,0.09606279540690582,0.11670150163234211,0.21276429703924793,-0.020638706225436287
36.220131158828735,0.0,-0.2809915059547012,0.2809915059547012,0.09606279540690582,0.11670150163234211,0.21276429703924793,-0.020638706225436287
36.24026799201965,0.0,0.021300545236239084,-0.021300545236239084,0.07996111657354038,0.06745797323645092,0.1474190898099913,0.012503143337089462
36.26029181480408,0.0,0.021300545236239084,-0.021300545236239084,0.07996111657354038,0.06745797323645092,0.1474190898099913,0.012503143337089462
36.28023815155029,0.0,0.33344668618899126,-0.33344668618899126,0.07996111657354038,0.06745797323645092,0.1474190898099913,0.012503143337089462
36.300172567367554,0.0,0.635897973951193,-0.635897973951193,0.07996111657354038,0.06745797323645092,0.1474190898099913,0.012503143337089462
36.32014012336731,0.0,0.8778590041609545,-0.8778590041609545,0.09243819691124361,0.0335893139487598,0.1260275108600034,0.058848882962483806
36.340331077575684,0.0,1.0714278283287637,-1.0714278283287637,0.09243819691124361,0.0335893139487598,0.1260275108600034,0.058848882962483806
36.360313415527344,0.0,1.2262828876630112,-1.2262828876630112,0.09243819691124361,0.0335893139487598,0.1260275108600034,0.058848882962483806
36.3802924156189,0.0,1.3325888101304089,-1.3325888101304089,0.09243819691124361,0.0335893139487598,0.1260275108600034,0.058848882962483806
36.400267362594604,0.0,1.4176335481043272,-1.4176335481043272,0.09243819691124361,0.0335893139487598,0.1260275108600034,0.058848882962483806
36.42016911506653,0.0,1.4856693384834618,-1.4856693384834618,0.09243819691124361,0.0335893139487598,0.1260275108600034,0.058848882962483806
36.440128564834595,0.0,1.5225198457867697,-1.5225198457867697,0.09243819691124361,0.0335893139487598,0.1260275108600034,0.058848882962483806
36.460121870040894,0.0,1.5695783766294158,-1.5695783766294158,0.09243819691124361,0.0335893139487598,0.1260275108600034,0.058848882962483806
36.48018455505371,0.0,1.5695783766294158,-1.5695783766294158,0.09981961097451847,0.021204791242489585,0.12102440221700805,0.07861481973202888
36.50014638900757,0.0,1.5896470763035329,-1.5896470763035329,0.09981961097451847,0.021204791242489585,0.12102440221700805,0.07861481973202888
36.52013325691223,0.0,1.6057020360428265,-1.6057020360428265,0.09981961097451847,0.021204791242489585,0.12102440221700805,0.07861481973202888
36.54013133049011,0.0,1.6185460038342614,-1.6185460038342614,0.09981961097451847,0.021204791242489585,0.12102440221700805,0.07861481973202888
36.56012797355652,0.0,1.6288211780674093,-1.6288211780674093,0.09981961097451847,0.021204791242489585,0.12102440221700805,0.07861481973202888
36.58025026321411,0.0,1.6370413174539276,-1.6370413174539276,0.1042805255006532,0.026941507334122428,0.13122203283477563,0.07733901816653077
36.60014891624451,0.0,1.6436174289631422,-1.6436174289631422,0.1042805255006532,0.026941507334122428,0.13122203283477563,0.07733901816653077
36.62013816833496,0.0,1.648878318170514,-1.648878318170514,0.1042805255006532,0.026941507334122428,0.13122203283477563,0.07733901816653077
36.64013600349426,0.0,1.6530870295364115,-1.6530870295364115,0.1042805255006532,0.026941507334122428,0.13122203283477563,0.07733901816653077
36.660135984420776,0.0,1.6564539986291293,-1.6564539986291293,0.1042805255006532,0.026941507334122428,0.13122203283477563,0.07733901816653077
36.68028259277344,0.0,1.6591475739033037,-1.6591475739033037,0.10241072278819036,0.03294525549397803,0.1353559782821684,0.06946546729421232
36.70016264915466,0.0,1.6591475739033037,-1.6591475739033037,0.10241072278819036,0.03294525549397803,0.1353559782821684,0.06946546729421232
36.7201509475708,0.0,1.678880559122643,-1.678880559122643,0.10241072278819036,0.03294525549397803,0.1353559782821684,0.06946546729421232
36.74013805389404,0.0,1.6946669472981144,-1.6946669472981144,0.10241072278819036,0.03294525549397803,0.1353559782821684,0.06946546729421232
36.760136127471924,0.0,1.6897179328384917,-1.6897179328384917,0.10241072278819036,0.03294525549397803,0.1353559782821684,0.06946546729421232
36.780139684677124,0.0,1.6857587212707936,-1.6857587212707936,0.10241072278819036,0.03294525549397803,0.1353559782821684,0.06946546729421232
36.80025863647461,0.0,1.6825913520166351,-1.6825913520166351,0.08560603324673127,0.051016594028333195,0.13662262727506447,0.03458943921839808
36.820144176483154,0.0,1.662479331613308,-1.662479331613308,0.08560603324673127,0.051016594028333195,0.13662262727506447,0.03458943921839808
36.84013915061951,0.0,1.6288115902906466,-1.6288115902906466,0.08560603324673127,0.051016594028333195,0.13662262727506447,0.03458943921839808
36.86013126373291,0.0,1.5667211472325173,-1.5667211472325173,0.08560603324673127,0.051016594028333195,0.13662262727506447,0.03458943921839808
36.88012886047363,0.0,1.499470667786014,-1.499470667786014,0.08560603324673127,0.051016594028333195,0.13662262727506447,0.03458943921839808
36.90014028549194,0.0,1.4456702842288112,-1.4456702842288112,0.1091155188938136,0.056322845841059455,0.16543836473487306,0.05279267305275415
36.920265197753906,0.0,1.4456702842288112,-1.4456702842288112,0.1091155188938136,0.056322845841059455,0.16543836473487306,0.05279267305275415
36.94022488594055,0.0,1.402629977383049,-1.402629977383049,0.1091155188938136,0.056322845841059455,0.16543836473487306,0.05279267305275415
36.960188150405884,0.0,1.3681977319064393,-1.3681977319064393,0.1091155188938136,0.056322845841059455,0.16543836473487306,0.05279267305275415
36.98013973236084,0.0,1.3406519355251516,-1.3406519355251516,0.1091155188938136,0.056322845841059455,0.16543836473487306,0.05279267305275415
37.00016450881958,0.0,1.3186152984201212,-1.3186152984201212,0.0932768995722289,0.08335740605951286,0.17663430563174176,0.009919493512716038
37.02024841308594,0.0,1.3009859887360968,-1.3009859887360968,0.0932768995722289,0.08335740605951286,0.17663430563174176,0.009919493512716038
37.040239334106445,0.0,1.2868825409888776,-1.2868825409888776,0.0932768995722289,0.08335740605951286,0.17663430563174176,0.009919493512716038
37.06018924713135,0.0,1.275599782791102,-1.275599782791102,0.0932768995722289,0.08335740605951286,0.17663430563174176,0.009919493512716038
37.080140829086304,0.0,1.2665735762328816,-1.2665735762328816,0.0932768995722289,0.08335740605951286,0.17663430563174176,0.009919493512716038
37.10020852088928,0.0,1.2593526109863054,-1.2593526109863054,0.05836449217400502,0.028483697423944243,0.08684818959794927,0.02988079475006078
37.120158195495605,0.0,1.2535758387890443,-1.2535758387890443,0.05836449217400502,0.028483697423944243,0.08684818959794927,0.02988079475006078
37.14013051986694,0.0,1.2535758387890443,-1.2535758387890443,0.09827360537252378,0.022095761006930836,0.12036936637945461,0.07617784436559294
37.160128355026245,0.0,1.2313762960312356,-1.2313762960312356,0.09827360537252378,0.022095761006930836,0.12036936637945461,0.07617784436559294
37.18012285232544,0.0,1.2311947868249884,-1.2311947868249884,0.09827360537252378,0.022095761006930836,0.12036936637945461,0.07617784436559294
37.200130462646484,0.0,1.213471454459991,-1.213471454459991,0.06956628550193261,0.002119703894713887,0.0716859893966465,0.06744658160721873
37.22013020515442,0.0,1.1992927885679927,-1.1992927885679927,0.06956628550193261,0.002119703894713887,0.0716859893966465,0.06744658160721873
37.24014711380005,0.0,1.1879498558543944,-1.1879498558543944,0.09316603120765637,0.03055557862506247,0.12372160983271885,0.0626104525825939
37.26027798652649,0.0,1.1788755096835157,-1.1788755096835157,0.09316603120765637,0.03055557862506247,0.12372160983271885,0.0626104525825939
37.280242919921875,0.0,1.1716160327468126,-1.1716160327468126,0.09316603120765637,0.03055557862506247,0.12372160983271885,0.0626104525825939
37.30019283294678,0.0,1.1658084511974502,-1.1658084511974502,0.09316603120765637,0.03055557862506247,0.12372160983271885,0.0626104525825939
37.32015109062195,0.0,1.1611623859579603,-1.1611623859579603,0.09316603120765637,0.03055557862506247,0.12372160983271885,0.0626104525825939
37.34013605117798,0.0,1.1574455337663683,-1.1574455337663683,0.05415028360090207,0.03127223873860202,0.08542252233950409,0.02287804486230005
37.36015844345093,0.0,1.1574455337663683,-1.1574455337663683,0.05415028360090207,0.03127223873860202,0.08542252233950409,0.02287804486230005
37.38014841079712,0.0,1.1544720520130947,-1.1544720520130947,0.05415028360090207,0.03127223873860202,0.08542252233950409,0.02287804486230005
37.4001259803772,0.0,1.1520932666104757,-1.1520932666104757,0.0,0.05229185397154651,0.05229185397154651,-0.05229185397154651
37.42013096809387,0.0,1.1501902382883806,-1.1501902382883806,0.0,0.05229185397154651,0.05229185397154651,-0.05229185397154651
37.44013476371765,0.0,1.1486678156307049,-1.1486678156307049,0.013810810633003712,0.07953314544982276,0.09334395608282647,-0.06572233481681905
37.46012735366821,0.0,1.1474498775045638,-1.1474498775045638,0.013810810633003712,0.07953314544982276,0.09334395608282647,-0.06572233481681905
37.48013663291931,0.0,1.1464755270036513,-1.1464755270036513,0.013810810633003712,0.07953314544982276,0.09334395608282647,-0.06572233481681905
37.500144481658936,0.0,1.1456960466029211,-1.1456960466029211,0.0,0.042395208649104454,0.042395208649104454,-0.042395208649104454
37.52013850212097,0.0,1.1450724622823372,-1.1450724622823372,0.0,0.042395208649104454,0.042395208649104454,-0.042395208649104454
37.54013800621033,0.0,1.1445735948258697,-1.1445735948258697,0.00780960824340582,0.030132934137945988,0.03794254238135181,-0.02232332589454017
37.56014704704285,0.0,1.144174500860696,-1.144174500860696,0.00780960824340582,0.030132934137945988,0.03794254238135181,-0.02232332589454017
37.580143451690674,0.0,1.144174500860696,-1.144174500860696,0.00780960824340582,0.030132934137945988,0.03794254238135181,-0.02232332589454017
37.600146770477295,0.0,1.143855225688557,-1.143855225688557,0.014084896072745323,0.043396658882265904,0.05748155495501123,-0.02931176280952058
37.620142698287964,0.0,1.1435998055508458,-1.1435998055508458,0.014084896072745323,0.043396658882265904,0.05748155495501123,-0.02931176280952058
37.64014768600464,0.0,1.1433954694406767,-1.1433954694406767,0.014084896072745323,0.043396658882265904,0.05748155495501123,-0.02931176280952058
37.660146951675415,0.0,1.1432320005525416,-1.1432320005525416,0.019273103680461645,0.03633293012506328,0.055606033805524924,-0.017059826444601633
37.68014359474182,0.0,1.1431012254420334,-1.1431012254420334,0.019273103680461645,0.03633293012506328,0.055606033805524924,-0.017059826444601633
37.70013380050659,0.0,1.142996605353627,-1.142996605353627,0.019273103680461645,0.03633293012506328,0.055606033805524924,-0.017059826444601633
37.72014141082764,0.0,1.1429129092829016,-1.1429129092829016,0.04504266707226634,0.08960145214921794,0.13464411922148428,-0.0445587850769516
37.74013638496399,0.0,1.1428459524263213,-1.1428459524263213,0.04504266707226634,0.08960145214921794,0.13464411922148428,-0.0445587850769516
37.760141372680664,0.0,1.1427923869410572,-1.1427923869410572,0.04761977796442807,0.06544719325727782,0.11306697122170589,-0.017827415292849758
37.78014516830444,0.0,1.142749534552846,-1.142749534552846,0.04761977796442807,0.06544719325727782,0.11306697122170589,-0.017827415292849758
37.80014228820801,0.0,1.142749534552846,-1.142749534552846,0.04761977796442807,0.06544719325727782,0.11306697122170589,-0.017827415292849758
37.82014060020447,0.0,1.142715252642277,-1.142715252642277,0.0656435985583812,0.07576646624482236,0.14141006480320356,-0.010122867686441162
37.840144872665405,0.0,1.1426878271138217,-1.1426878271138217,0.0656435985583812,0.07576646624482236,0.14141006480320356,-0.010122867686441162
37.86014533042908,0.0,1.1426658866910575,-1.1426658866910575,0.0656435985583812,0.07576646624482236,0.14141006480320356,-0.010122867686441162
37.88014841079712,0.0,1.1426483343528462,-1.1426483343528462,0.06698851264081895,0.06373701306409202,0.13072552570491097,0.003251499576726935
37.900147914886475,0.0,1.142634292482277,-1.142634292482277,0.06698851264081895,0.06373701306409202,0.13072552570491097,0.003251499576726935
37.92014813423157,0.0,1.1426230589858217,-1.1426230589858217,0.06698851264081895,0.06373701306409202,0.13072552570491097,0.003251499576726935
37.94014310836792,0.0,1.1426140721886575,-1.1426140721886575,0.06698851264081895,0.06373701306409202,0.13072552570491097,0.003251499576726935
37.96013402938843,0.0,1.1426068827509261,-1.1426068827509261,0.06698851264081895,0.06373701306409202,0.13072552570491097,0.003251499576726935
37.980178117752075,0.0,1.142601131200741,-1.142601131200741,0.07259250595234334,0.04873468229896388,0.12132718825130723,0.023857823653379462
38.00022792816162,0.0,1.142596529960593,-1.142596529960593,0.07259250595234334,0.04873468229896388,0.12132718825130723,0.023857823653379462
38.02019667625427,0.0,1.142596529960593,-1.142596529960593,0.07259250595234334,0.04873468229896388,0.12132718825130723,0.023857823653379462
38.040154695510864,0.0,1.1425928489684745,-1.1425928489684745,0.07259250595234334,0.04873468229896388,0.12132718825130723,0.023857823653379462
38.06013298034668,0.0,1.1425899041747796,-1.1425899041747796,0.07259250595234334,0.04873468229896388,0.12132718825130723,0.023857823653379462
38.080145835876465,0.0,1.142587548339824,-1.142587548339824,0.07259250595234334,0.04873468229896388,0.12132718825130723,0.023857823653379462
38.100152015686035,0.0,1.1425856636718592,-1.1425856636718592,0.07259250595234334,0.04873468229896388,0.12132718825130723,0.023857823653379462
38.12014627456665,0.0,1.1425841559374876,-1.1425841559374876,0.07259250595234334,0.04873468229896388,0.12132718825130723,0.023857823653379462
38.14020037651062,0.0,1.14258294974999,-1.14258294974999,0.07704804860986769,0.04659230067743919,0.12364034928730688,0.0304557479324285
38.16014838218689,0.0,1.142581984799992,-1.142581984799992,0.07704804860986769,0.04659230067743919,0.12364034928730688,0.0304557479324285
38.18014097213745,0.0,1.142581212839994,-1.142581212839994,0.07704804860986769,0.04659230067743919,0.12364034928730688,0.0304557479324285
38.20013785362244,0.0,1.1425805952719954,-1.1425805952719954,0.07704804860986769,0.04659230067743919,0.12364034928730688,0.0304557479324285
38.22013974189758,0.0,1.1425801012175965,-1.1425801012175965,0.07704804860986769,0.04659230067743919,0.12364034928730688,0.0304557479324285
38.24013566970825,0.0,1.1425801012175965,-1.1425801012175965,0.07704804860986769,0.04659230067743919,0.12364034928730688,0.0304557479324285
38.260268449783325,0.0,1.1425797059740772,-1.1425797059740772,0.090886463643983,0.030868451962014654,0.12175491560599766,0.06001801168196835
38.28014898300171,0.0,1.142579389779262,-1.142579389779262,0.090886463643983,0.030868451962014654,0.12175491560599766,0.06001801168196835
38.30013990402222,0.0,1.1425791368234097,-1.1425791368234097,0.090886463643983,0.030868451962014654,0.12175491560599766,0.06001801168196835
38.32014060020447,0.0,1.1425789344587278,-1.1425789344587278,0.090886463643983,0.030868451962014654,0.12175491560599766,0.06001801168196835
38.3401403427124,0.0,1.1425787725669825,-1.1425787725669825,0.090886463643983,0.030868451962014654,0.12175491560599766,0.06001801168196835
38.3601336479187,0.0,1.142578643053586,-1.142578643053586,0.090886463643983,0.030868451962014654,0.12175491560599766,0.06001801168196835
38.380287408828735,0.0,1.1425785394428691,-1.1425785394428691,0.09623485640622675,0.03570262427791021,0.13193748068413697,0.06053223212831654
38.40015268325806,0.0,1.1425784565542954,-1.1425784565542954,0.09623485640622675,0.03570262427791021,0.13193748068413697,0.06053223212831654
38.4201455116272,0.0,1.1425783902434363,-1.1425783902434363,0.09623485640622675,0.03570262427791021,0.13193748068413697,0.06053223212831654
38.440136671066284,0.0,1.142578337194749,-1.142578337194749,0.09623485640622675,0.03570262427791021,0.13193748068413697,0.06053223212831654
38.460132122039795,0.0,1.142578337194749,-1.142578337194749,0.09623485640622675,0.03570262427791021,0.13193748068413697,0.06053223212831654
38.480135917663574,0.0,1.1425782947557994,-1.1425782947557994,0.09623485640622675,0.03570262427791021,0.13193748068413697,0.06053223212831654
38.500253677368164,0.0,1.1425782608046395,-1.1425782608046395,0.11264539533294739,0.021082164639374235,0.1337275599723216,0.09156323069357315
38.52021932601929,0.0,1.1425782336437118,-1.1425782336437118,0.11264539533294739,0.021082164639374235,0.1337275599723216,0.09156323069357315
38.540220737457275,0.0,1.1425782119149697,-1.1425782119149697,0.11264539533294739,0.021082164639374235,0.1337275599723216,0.09156323069357315
38.560171365737915,0.0,1.1425781945319757,-1.1425781945319757,0.11264539533294739,0.021082164639374235,0.1337275599723216,0.09156323069357315
38.58014225959778,0.0,1.1425781806255806,-1.1425781806255806,0.11264539533294739,0.021082164639374235,0.1337275599723216,0.09156323069357315
38.600128173828125,0.0,1.1425781695004646,-1.1425781695004646,0.11264539533294739,0.021082164639374235,0.1337275599723216,0.09156323069357315
38.62013268470764,0.0,1.1425781606003718,-1.1425781606003718,0.11264539533294739,0.021082164639374235,0.1337275599723216,0.09156323069357315
38.64038419723511,0.0,1.1425781534802977,-1.1425781534802977,0.10545557062141597,0.037793733099242666,0.14324930372065864,0.06766183752217331
38.660155057907104,0.0,1.1425781477842383,-1.1425781477842383,0.10545557062141597,0.037793733099242666,0.14324930372065864,0.06766183752217331
38.680139780044556,0.0,1.1425781477842383,-1.1425781477842383,0.10545557062141597,0.037793733099242666,0.14324930372065864,0.06766183752217331
38.700129985809326,0.0,1.142578143227391,-1.142578143227391,0.10545557062141597,0.037793733099242666,0.14324930372065864,0.06766183752217331
38.72013545036316,0.0,1.1425781395819128,-1.1425781395819128,0.10545557062141597,0.037793733099242666,0.14324930372065864,0.06766183752217331
38.740132331848145,0.0,1.1601562616655303,-1.1601562616655303,0.10545557062141597,0.037793733099242666,0.14324930372065864,0.06766183752217331
38.76031494140625,0.0,1.1566406343324243,-1.1566406343324243,0.08023620280437171,0.036964609032729634,0.11720081183710135,0.04327159377164208
38.78014302253723,0.0,1.1714062574659396,-1.1714062574659396,0.08023620280437171,0.036964609032729634,0.11720081183710135,0.04327159377164208
38.800132751464844,0.0,1.1656406309727516,-1.1656406309727516,0.08023620280437171,0.036964609032729634,0.11720081183710135,0.04327159377164208
38.82013297080994,0.0,1.1610281297782015,-1.1610281297782015,0.08023620280437171,0.036964609032729634,0.11720081183710135,0.04327159377164208
38.84013319015503,0.0,1.1573381288225613,-1.1573381288225613,0.08023620280437171,0.036964609032729634,0.11720081183710135,0.04327159377164208
38.86013054847717,0.0,1.1543861280580492,-1.1543861280580492,0.08023620280437171,0.036964609032729634,0.11720081183710135,0.04327159377164208
38.880173683166504,0.0,1.1520245274464396,-1.1520245274464396,0.06444414402358234,0.03412082137190736,0.0985649653954897,0.030323322651674978
38.90013837814331,0.0,1.1520245274464396,-1.1520245274464396,0.06444414402358234,0.03412082137190736,0.0985649653954897,0.030323322651674978
38.9201340675354,0.0,1.150135246957152,-1.150135246957152,0.06444414402358234,0.03412082137190736,0.0985649653954897,0.030323322651674978
38.94012784957886,0.0,1.1486238225657215,-1.1486238225657215,0.06444414402358234,0.03412082137190736,0.0985649653954897,0.030323322651674978
38.96015667915344,0.0,1.1649928080525773,-1.1649928080525773,0.06444414402358234,0.03412082137190736,0.0985649653954897,0.030323322651674978
38.980140686035156,0.0,1.1605098714420619,-1.1605098714420619,0.06444414402358234,0.03412082137190736,0.0985649653954897,0.030323322651674978
39.00025391578674,0.0,1.1569235221536496,-1.1569235221536496,0.06674029142595828,0.024089946389431127,0.0908302378153894,0.04265034503652715
39.02014112472534,0.0,1.15405444272292,-1.15405444272292,0.06674029142595828,0.024089946389431127,0.0908302378153894,0.04265034503652715
39.040138959884644,0.0,1.1517591791783361,-1.1517591791783361,0.06674029142595828,0.024089946389431127,0.0908302378153894,0.04265034503652715
39.06013631820679,0.0,1.1499229683426688,-1.1499229683426688,0.06674029142595828,0.024089946389431127,0.0908302378153894,0.04265034503652715
39.08014178276062,0.0,1.1484539996741352,-1.1484539996741352,0.06674029142595828,0.024089946389431127,0.0908302378153894,0.04265034503652715
39.100133180618286,0.0,1.1472788247393084,-1.1472788247393084,0.06674029142595828,0.024089946389431127,0.0908302378153894,0.04265034503652715
39.12025856971741,0.0,1.1472788247393084,-1.1472788247393084,0.055393932620063424,0.01655464151524938,0.0719485741353128,0.038839291104814044
39.140225887298584,0.0,1.146338684791447,-1.146338684791447,0.055393932620063424,0.01655464151524938,0.0719485741353128,0.038839291104814044
39.16024041175842,0.0,1.1455865728331576,-1.1455865728331576,0.055393932620063424,0.01655464151524938,0.0719485741353128,0.038839291104814044
39.180206060409546,0.0,1.1449848832665261,-1.1449848832665261,0.055393932620063424,0.01655464151524938,0.0719485741353128,0.038839291104814044
39.2001588344574,0.0,1.144503531613221,-1.144503531613221,0.055393932620063424,0.01655464151524938,0.0719485741353128,0.038839291104814044
39.22013473510742,0.0,1.144118450290577,-1.144118450290577,0.055393932620063424,0.01655464151524938,0.0719485741353128,0.038839291104814044
39.240134477615356,0.0,1.1438103852324617,-1.1438103852324617,0.055393932620063424,0.01655464151524938,0.0719485741353128,0.038839291104814044
39.26034736633301,0.0,1.1435639331859695,-1.1435639331859695,0.014299324015155435,0.018550656713778146,0.03284998072893358,-0.004251332698622712
39.280158281326294,0.0,1.1433667715487756,-1.1433667715487756,0.014299324015155435,0.018550656713778146,0.03284998072893358,-0.004251332698622712
39.30014085769653,0.0,1.1432090422390204,-1.1432090422390204,0.014299324015155435,0.018550656713778146,0.03284998072893358,-0.004251332698622712
39.32012605667114,0.0,1.1430828587912165,-1.1430828587912165,0.014299324015155435,0.018550656713778146,0.03284998072893358,-0.004251332698622712
39.34013557434082,0.0,1.1430828587912165,-1.1430828587912165,0.014299324015155435,0.018550656713778146,0.03284998072893358,-0.004251332698622712
39.36014175415039,0.0,1.1429819120329734,-1.1429819120329734,0.014299324015155435,0.018550656713778146,0.03284998072893358,-0.004251332698622712
39.38018989562988,0.0,1.142901154626379,-1.142901154626379,0.0,0.01733512603794224,0.01733512603794224,-0.01733512603794224
39.40013861656189,0.0,1.1428365487011032,-1.1428365487011032,0.0,0.01733512603794224,0.01733512603794224,-0.01733512603794224
39.420140981674194,0.0,1.1427848639608826,-1.1427848639608826,0.0,0.01733512603794224,0.01733512603794224,-0.01733512603794224
39.44012784957886,0.0,1.1427435161687063,-1.1427435161687063,0.0,0.01733512603794224,0.01733512603794224,-0.01733512603794224
39.4601366519928,0.0,1.142710437934965,-1.142710437934965,0.0,0.01733512603794224,0.01733512603794224,-0.01733512603794224
39.48014497756958,0.0,1.1426839753479723,-1.1426839753479723,0.0,0.01733512603794224,0.01733512603794224,-0.01733512603794224
39.50025224685669,0.0,1.1426628052783778,-1.1426628052783778,0.002810753881931305,0.012232217333512374,0.015042971215443679,-0.009421463451581069
39.52014756202698,0.0,1.1426458692227024,-1.1426458692227024,0.002810753881931305,0.012232217333512374,0.015042971215443679,-0.009421463451581069
39.54013752937317,0.0,1.142632320378162,-1.142632320378162,0.002810753881931305,0.012232217333512374,0.015042971215443679,-0.009421463451581069
39.56014132499695,0.0,1.142632320378162,-1.142632320378162,0.002810753881931305,0.012232217333512374,0.015042971215443679,-0.009421463451581069
39.58013916015625,0.0,1.1426214813025297,-1.1426214813025297,0.002810753881931305,0.012232217333512374,0.015042971215443679,-0.009421463451581069
39.60013151168823,0.0,1.1426128100420239,-1.1426128100420239,0.002810753881931305,0.012232217333512374,0.015042971215443679,-0.009421463451581069
39.62016034126282,0.0,1.1426058730336193,-1.1426058730336193,0.0,0.06139009385486132,0.06139009385486132,-0.06139009385486132
39.640225648880005,0.0,1.1426003234268955,-1.1426003234268955,0.0,0.06139009385486132,0.06139009385486132,-0.06139009385486132
39.66019535064697,0.0,1.1425958837415164,-1.1425958837415164,0.0,0.06139009385486132,0.06139009385486132,-0.06139009385486132
39.68015170097351,0.0,1.1425923319932132,-1.1425923319932132,0.0,0.06139009385486132,0.06139009385486132,-0.06139009385486132
39.70014762878418,0.0,1.1425894905945708,-1.1425894905945708,0.02731085754930973,0.04696881524403579,0.07427967279334552,-0.019657957694726058
39.72016978263855,0.0,1.1425872174756568,-1.1425872174756568,0.02731085754930973,0.04696881524403579,0.07427967279334552,-0.019657957694726058
39.74025559425354,0.0,1.1425853989805255,-1.1425853989805255,0.02731085754930973,0.04696881524403579,0.07427967279334552,-0.019657957694726058
39.76026368141174,0.0,1.1425839441844206,-1.1425839441844206,0.02731085754930973,0.04696881524403579,0.07427967279334552,-0.019657957694726058
39.780213356018066,0.0,1.1425839441844206,-1.1425839441844206,0.02731085754930973,0.04696881524403579,0.07427967279334552,-0.019657957694726058
39.80016851425171,0.0,1.1425827803475366,-1.1425827803475366,0.02731085754930973,0.04696881524403579,0.07427967279334552,-0.019657957694726058
39.82014060020447,0.0,1.1425818492780293,-1.1425818492780293,0.02731085754930973,0.04696881524403579,0.07427967279334552,-0.019657957694726058
39.840147972106934,0.0,1.1425811044224237,-1.1425811044224237,0.020420145709067583,0.04118521544267423,0.06160536115174181,-0.020765069733606645
39.86017298698425,0.0,1.1425805085379392,-1.1425805085379392,0.020420145709067583,0.04118521544267423,0.06160536115174181,-0.020765069733606645
39.88014602661133,0.0,1.1425800318303516,-1.1425800318303516,0.020420145709067583,0.04118521544267423,0.06160536115174181,-0.020765069733606645
39.9001305103302,0.0,1.1425796504642813,-1.1425796504642813,0.020420145709067583,0.04118521544267423,0.06160536115174181,-0.020765069733606645
39.920132637023926,0.0,1.1425793453714252,-1.1425793453714252,0.020420145709067583,0.04118521544267423,0.06160536115174181,-0.020765069733606645
39.94013428688049,0.0,1.1425791012971402,-1.1425791012971402,0.020420145709067583,0.04118521544267423,0.06160536115174181,-0.020765069733606645
39.96015477180481,0.0,1.1425789060377125,-1.1425789060377125,0.015202477574348448,0.07623820039560086,0.09144067796994931,-0.061035722821252414
39.98014283180237,0.0,1.14257874983017,-1.14257874983017,0.015202477574348448,0.07623820039560086,0.09144067796994931,-0.061035722821252414
